{"type":"FeatureCollection","features":[{"type":"Feature","geometry":{"type":"MultiPolygon","coordinates":[[[[6.501305103,53.198410034],[6.504286766,53.197490692],[6.504778862,53.197608948],[6.514869213,53.200088501],[6.522253036,53.198249817],[6.523738861,53.197364807],[6.538790226,53.195392609],[6.538348198,53.195137024],[6.537265778,53.194507599],[6.543002129,53.183689117],[6.548492908,53.179626465],[6.550373077,53.178237915],[6.551873207,53.178222656],[6.556447029,53.180873871],[6.556424141,53.179977417],[6.566679955,53.170013428],[6.569497108,53.165607452],[6.569565773,53.165496826],[6.569547176,53.164764404],[6.569542885,53.164600372],[6.57088089,53.158306122],[6.572358131,53.157394409],[6.573716164,53.157382965],[6.58988905,53.163272858],[6.590530872,53.163509369],[6.59186697,53.157215118],[6.593273163,53.153610229],[6.595180988,53.14806366],[6.59606123,53.145507812],[6.609537125,53.144485474],[6.611999035,53.142196655],[6.612465858,53.141765594],[6.622854233,53.1353302],[6.625722885,53.132663727],[6.627174854,53.130851746],[6.627150059,53.129955292],[6.627491951,53.12953186],[6.631503105,53.124530792],[6.635951996,53.122692108],[6.636179924,53.122501373],[6.640350819,53.119060516],[6.635778904,53.116409302],[6.637254238,53.115497589],[6.644701958,53.113632202],[6.64605093,53.108234406],[6.644589901,53.105587006],[6.677732944,53.115097046],[6.678071022,53.115215302],[6.685275078,53.117702484],[6.703401089,53.121120453],[6.703937054,53.12109375],[6.727364063,53.119976044],[6.727947235,53.119941711],[6.730379105,53.119804382],[6.732469082,53.119686127],[6.746828079,53.118869781],[6.752304077,53.116321564],[6.752744198,53.11611557],[6.754323959,53.115135193],[6.75716114,53.113376617],[6.75860405,53.111564636],[6.786560059,53.094211578],[6.799444199,53.086204529],[6.823308945,53.071365356],[6.824683189,53.070510864],[6.846233845,53.056201935],[6.84677887,53.055839539],[6.85272789,53.052139282],[6.871757984,53.041191101],[6.906922817,53.018333435],[6.907260895,53.018112183],[6.914601803,53.013256073],[6.917099953,53.011604309],[6.931676865,53.001960754],[6.931797981,53.001880646],[6.944962025,52.994472504],[6.946471214,52.993621826],[6.947691917,52.992858887],[6.947936058,52.992706299],[6.953670979,52.987304688],[6.95805788,52.982707977],[6.958244801,52.982551575],[6.965456009,52.976520538],[6.967073917,52.975166321],[6.979792118,52.96452713],[6.980611801,52.963840485],[6.98741293,52.95684433],[6.987532139,52.956699371],[6.988911152,52.955013275],[6.993091106,52.949905396],[6.995306015,52.947200775],[6.995403767,52.947078705],[7.005529881,52.93572998],[7.005876064,52.935344696],[7.006717205,52.934417725],[7.00785017,52.933166504],[7.016105175,52.924068451],[7.016479015,52.923656464],[7.017557144,52.922748566],[7.017669201,52.922653198],[7.023245811,52.917942047],[7.023593903,52.917648315],[7.027153969,52.915534973],[7.028745174,52.915084839],[7.04185915,52.911540985],[7.04102087,52.91071701],[7.038346767,52.904075623],[7.038171768,52.903804779],[7.035188198,52.899234772],[7.035112858,52.899082184],[7.02274704,52.87455368],[7.022685051,52.874408722],[7.021718979,52.872051239],[7.024267197,52.871917725],[7.024579048,52.871902466],[7.043927193,52.871139526],[7.047445774,52.864429474],[7.049993992,52.865200043],[7.051589012,52.863456726],[7.06799221,52.851303101],[7.07389307,52.847774506],[7.080392838,52.849308014],[7.080571175,52.848487854],[7.076990128,52.845149994],[7.078269005,52.83965683],[7.078419209,52.839084625],[7.096070766,52.838928223],[7.098588943,52.838768005],[7.100275993,52.835765839],[7.091453075,52.827548981],[7.09022522,52.826030731],[7.080383778,52.813873291],[7.079291821,52.802658081],[7.07833004,52.755710602],[7.078300953,52.754230499],[7.075339794,52.717391968],[7.074583054,52.716888428],[7.070672035,52.714290619],[7.069540024,52.713539124],[7.070722103,52.699840546],[7.071353912,52.692531586],[7.07144022,52.691532135],[7.070705891,52.687652588],[7.063059807,52.64717865],[7.051859856,52.635848999],[7.039659977,52.635528564],[7.020888805,52.638660431],[7.016483784,52.640972137],[7.014317989,52.642108917],[7.013176918,52.642700195],[7.011023045,52.643814087],[7.007678986,52.645542145],[7.006443977,52.644733429],[6.987877846,52.64982605],[6.968988895,52.645935059],[6.948777199,52.642593384],[6.930045128,52.645454407],[6.916687012,52.650428772],[6.905216217,52.655437469],[6.889444828,52.654209137],[6.883140087,52.657096863],[6.876036167,52.655399323],[6.873390198,52.655319214],[6.872056961,52.654449463],[6.871441841,52.65430069],[6.868944168,52.653705597],[6.859571934,52.652667999],[6.843297005,52.654975891],[6.838049889,52.654254913],[6.835077763,52.653846741],[6.831304073,52.653324127],[6.815058231,52.654594421],[6.801607132,52.656929016],[6.786572933,52.656154633],[6.780753136,52.652381897],[6.773651123,52.65209198],[6.769919872,52.649528503],[6.769249916,52.649066925],[6.767900944,52.648139954],[6.762196064,52.647895813],[6.761869907,52.647880554],[6.761734962,52.649524689],[6.758346081,52.649353027],[6.755838871,52.647621155],[6.748620987,52.647304535],[6.743810177,52.647090912],[6.738099098,52.643131256],[6.738234997,52.641456604],[6.738399029,52.639438629],[6.735632896,52.639316559],[6.730529785,52.635116577],[6.71926403,52.629577637],[6.72080183,52.628341675],[6.720471859,52.628189087],[6.717479229,52.627323151],[6.711575985,52.62828064],[6.710093021,52.628295898],[6.710144997,52.630088806],[6.713134766,52.630958557],[6.71469593,52.63363266],[6.715313911,52.635967255],[6.716360092,52.639900208],[6.714927197,52.641708374],[6.713445187,52.641723633],[6.713494778,52.643520355],[6.718101025,52.648857117],[6.717663765,52.648967743],[6.711214066,52.650608063],[6.710734844,52.650730133],[6.695980072,52.653575897],[6.695394039,52.6537323],[6.664922237,52.662006378],[6.65622282,52.664749146],[6.655470848,52.664985657],[6.638562202,52.670307159],[6.623817921,52.674041748],[6.621367931,52.674064636],[6.62085104,52.674072266],[6.613351822,52.673236847],[6.590034008,52.669948578],[6.589567184,52.669879913],[6.561257839,52.665657043],[6.557518005,52.664196014],[6.556760788,52.663902283],[6.538733006,52.655090332],[6.538492203,52.654960632],[6.523700237,52.647144318],[6.52366209,52.645511627],[6.523656845,52.64535141],[6.527470112,52.619285583],[6.527468204,52.619163513],[6.527410984,52.616817474],[6.527391911,52.616161346],[6.527360916,52.6147995],[6.521409988,52.613956451],[6.521079063,52.614120483],[6.5140872,52.617610931],[6.508179188,52.618556976],[6.499307156,52.619533539],[6.488908768,52.618724823],[6.4815588,52.621479034],[6.481623173,52.624172211],[6.478888035,52.625030518],[6.478678226,52.625095367],[6.474211216,52.624237061],[6.471183777,52.621566772],[6.469574928,52.616195679],[6.462124825,52.614463806],[6.450307846,52.616355896],[6.4473629,52.617279053],[6.444458961,52.619995117],[6.441615105,52.625404358],[6.44314003,52.627185822],[6.440213203,52.629005432],[6.437228203,52.628131866],[6.429695129,52.622806549],[6.428173065,52.621025085],[6.428133965,52.619232178],[6.425168991,52.619255066],[6.422235012,52.619277954],[6.419901848,52.620708466],[6.419279099,52.621097565],[6.417816162,52.622005463],[6.414831161,52.621131897],[6.414773941,52.618438721],[6.416254997,52.618427277],[6.411767006,52.616668701],[6.41028595,52.616680145],[6.40437603,52.617622375],[6.402894974,52.617637634],[6.39987278,52.614967346],[6.393902779,52.6132164],[6.385087967,52.61687851],[6.38516283,52.62046814],[6.383833885,52.627658844],[6.382389069,52.629463196],[6.377996922,52.632190704],[6.376591206,52.635791779],[6.372197151,52.638515472],[6.372292995,52.643005371],[6.367898941,52.645729065],[6.36346817,52.646659851],[6.351694107,52.651237488],[6.347531796,52.652957916],[6.34286499,52.654891968],[6.335518837,52.658535004],[6.33405304,52.659442902],[6.334090233,52.661239624],[6.334125996,52.663032532],[6.33714819,52.66570282],[6.335717201,52.66840744],[6.33427,52.670211792],[6.331302166,52.67023468],[6.323863029,52.669391632],[6.322360992,52.668502808],[6.317873955,52.666740417],[6.30600214,52.666824341],[6.302966118,52.663257599],[6.302947998,52.66235733],[6.29734993,52.663246155],[6.297029018,52.663295746],[6.294095993,52.665111542],[6.292656898,52.666904449],[6.291196823,52.66872406],[6.285262108,52.668766022],[6.280739784,52.665203094],[6.27777195,52.665225983],[6.273355007,52.667049408],[6.27337122,52.667945862],[6.273222923,52.668128967],[6.271920204,52.669754028],[6.268968105,52.670669556],[6.267467976,52.669780731],[6.260047913,52.669830322],[6.255643845,52.672554016],[6.257162094,52.674339294],[6.255710125,52.676143646],[6.251307011,52.678863525],[6.248321056,52.677986145],[6.245351791,52.678005219],[6.240915775,52.67893219],[6.235026836,52.681663513],[6.231259823,52.682830811],[6.226165771,52.68441391],[6.220229149,52.684452057],[6.209805965,52.684497833],[6.204237938,52.681201935],[6.203835011,52.680961609],[6.202322006,52.679176331],[6.200789928,52.676494598],[6.199306011,52.676502228],[6.194913864,52.680122375],[6.193473816,52.682823181],[6.187520981,52.68196106],[6.187871933,52.681598663],[6.191898823,52.677444458],[6.190370083,52.674762726],[6.171147823,52.679367065],[6.171161175,52.680263519],[6.177185059,52.686531067],[6.175748825,52.688312531],[6.166899204,52.691955566],[6.164522171,52.692691803],[6.163942814,52.692871094],[6.161067009,52.697341919],[6.151109219,52.714168549],[6.150922775,52.714488983],[6.149516106,52.718029022],[6.148036957,52.719890594],[6.147775173,52.720310211],[6.140791893,52.7315979],[6.140679836,52.731758118],[6.136429787,52.737903595],[6.135971069,52.738330841],[6.133697033,52.740432739],[6.133499146,52.740615845],[6.127892017,52.750202179],[6.127705097,52.750518799],[6.129248142,52.7541008],[6.133751869,52.756767273],[6.139727116,52.758529663],[6.144189835,52.75850296],[6.1635952,52.762878418],[6.17556715,52.767295837],[6.177069187,52.768184662],[6.180120945,52.772655487],[6.191866875,52.780467987],[6.192156792,52.780658722],[6.20117712,52.785991669],[6.208757877,52.794021606],[6.207299232,52.795825958],[6.207164764,52.795917511],[6.195824146,52.803771973],[6.195529938,52.803974152],[6.194746017,52.804748535],[6.192443848,52.80701828],[6.188271046,52.811138153],[6.183784962,52.813919067],[6.179893017,52.815517426],[6.179347992,52.815738678],[6.179334164,52.814842224],[6.16609478,52.824794769],[6.161572933,52.827571869],[6.160720825,52.828094482],[6.15946722,52.828865051],[6.157816887,52.829875946],[6.157245159,52.830230713],[6.138091087,52.843799591],[6.136657238,52.847400665],[6.126324177,52.853740692],[6.127781868,52.854602814],[6.148740768,52.863437653],[6.167963982,52.87216568],[6.168365002,52.872348785],[6.198458195,52.883865356],[6.208434105,52.888137817],[6.214916229,52.890911102],[6.235907078,52.910293579],[6.236153126,52.910522461],[6.239186764,52.913196564],[6.249381065,52.918334961],[6.249732018,52.918510437],[6.252734184,52.919391632],[6.254292965,52.922969818],[6.264826775,52.927387238],[6.290867805,52.926200867],[6.311068058,52.925273895],[6.342032909,52.906204224],[6.376694202,52.922103882],[6.402304173,52.932674408],[6.405240059,52.936302185],[6.410867214,52.943248749],[6.414325237,52.94751358],[6.414587021,52.94783783],[6.436041832,52.971897125],[6.431684971,52.976394653],[6.421399117,52.985477448],[6.415878773,52.991458893],[6.415559769,52.99180603],[6.383535862,53.021457672],[6.383305073,53.021671295],[6.370087147,53.033439636],[6.371697903,53.038814545],[6.371714115,53.038925171],[6.3734622,53.051364899],[6.373548985,53.052085876],[6.375282764,53.066608429],[6.359335899,53.070217133],[6.358884811,53.070320129],[6.339505196,53.074951172],[6.312650204,53.080524445],[6.323408127,53.093910217],[6.34556818,53.088417053],[6.345775127,53.088367462],[6.348723888,53.08745575],[6.351733208,53.086528778],[6.351942062,53.086875916],[6.364153862,53.107074738],[6.371656895,53.107078552],[6.373350143,53.119117737],[6.37341404,53.119571686],[6.37343502,53.12046814],[6.37344408,53.120887756],[6.373473167,53.122249603],[6.389081001,53.147350311],[6.390552998,53.149055481],[6.389071941,53.149963379],[6.389129162,53.152637482],[6.389398098,53.152843475],[6.396303177,53.157669067],[6.396749973,53.157981873],[6.405969143,53.163887024],[6.406552792,53.164260864],[6.411976814,53.167736053],[6.413618088,53.175605774],[6.41355896,53.175853729],[6.415200233,53.177581787],[6.431796074,53.181041718],[6.451463223,53.187164307],[6.45455122,53.190727234],[6.456179142,53.196098328],[6.457681179,53.196086884],[6.458300114,53.196243286],[6.471282005,53.199562073],[6.49242115,53.203872681],[6.501371861,53.20110321],[6.501361847,53.200733185],[6.501305103,53.198410034]]]]},"properties":{"name":"Drenthe","mapcolor":1,"cartodb_id":1}},{"type":"Feature","geometry":{"type":"MultiPolygon","coordinates":[[[[5.445206165,52.555809021],[5.432113171,52.536384583],[5.431032181,52.528133392],[5.43189621,52.527084351],[5.433374882,52.527084351],[5.436334133,52.528881073],[5.437812805,52.531574249],[5.439291954,52.529777527],[5.437815189,52.525291443],[5.43633604,52.522598267],[5.430418968,52.520801544],[5.430417061,52.526184082],[5.430415154,52.528877258],[5.430415154,52.529777527],[5.431891918,52.537853241],[5.445206165,52.555809021]]],[[[5.445206165,52.555809021],[5.452609062,52.562091827],[5.468895912,52.565681458],[5.455570221,52.562091827],[5.445206165,52.555809021]]],[[[5.856729031,52.552463531],[5.859664917,52.549762726],[5.861103058,52.545269012],[5.862565994,52.543468475],[5.863827229,52.520130157],[5.860785961,52.511165619],[5.860735893,52.505779266],[5.85471487,52.494132996],[5.829422951,52.466468811],[5.82934618,52.466388702],[5.82336998,52.458328247],[5.818922997,52.456546783],[5.815952778,52.454761505],[5.811450005,52.445796967],[5.809958935,52.444007874],[5.795114994,52.434177399],[5.752162933,52.413642883],[5.750796795,52.413646698],[5.747736931,52.413654327],[5.746273041,52.41545105],[5.734478951,52.417274475],[5.727094173,52.41639328],[5.665021896,52.397666931],[5.64432478,52.386928558],[5.638415813,52.384246826],[5.633979797,52.381561279],[5.626582146,52.375286102],[5.620667934,52.370807648],[5.622138023,52.369907379],[5.619186878,52.36901474],[5.616228104,52.366325378],[5.61917305,52.36542511],[5.617695808,52.364528656],[5.61180687,52.366333008],[5.607380867,52.365440369],[5.594109058,52.363658905],[5.589684963,52.362766266],[5.569060802,52.367275238],[5.548394203,52.35382843],[5.548051834,52.353549957],[5.543965816,52.350242615],[5.542487144,52.347549438],[5.546708107,52.338077545],[5.546887875,52.337673187],[5.550852776,52.335250854],[5.551300049,52.334976196],[5.55424881,52.33587265],[5.558663845,52.334072113],[5.55866003,52.332279205],[5.556209087,52.329303741],[5.555703163,52.328689575],[5.554228783,52.327793121],[5.557159901,52.321510315],[5.554334164,52.313808441],[5.554196835,52.313430786],[5.546805859,52.299972534],[5.546258926,52.29914093],[5.540903091,52.291004181],[5.542370796,52.289207458],[5.534986019,52.274848938],[5.532041073,52.273952484],[5.504087925,52.269477844],[5.477609158,52.264099121],[5.458491802,52.259613037],[5.417321205,52.253322601],[5.408498764,52.253318787],[5.399673939,52.256008148],[5.39520216,52.260093689],[5.390840054,52.264080048],[5.321601868,52.303512573],[5.303880215,52.312473297],[5.286218166,52.317825317],[5.285048962,52.318210602],[5.26705122,52.324081421],[5.244970798,52.329418182],[5.227642059,52.332027435],[5.227248192,52.33208847],[5.224302769,52.332080841],[5.224312782,52.330287933],[5.22137022,52.32938385],[5.216946125,52.330272675],[5.211040974,52.332950592],[5.209768772,52.335254669],[5.209552765,52.335639954],[5.199453831,52.33649826],[5.199237823,52.336517334],[5.188930988,52.335594177],[5.188367844,52.335468292],[5.160984993,52.329246521],[5.1598382,52.32906723],[5.155099869,52.328334808],[5.15214777,52.329223633],[5.149215221,52.327419281],[5.147766113,52.323825836],[5.143330097,52.326507568],[5.147721767,52.330108643],[5.149182796,52.33190918],[5.141425133,52.335926056],[5.138835907,52.337265015],[5.137357235,52.338161469],[5.136627197,52.337711334],[5.135889053,52.337257385],[5.132936954,52.33814621],[5.1334548,52.33889389],[5.137310982,52.344444275],[5.137221813,52.357009888],[5.137145042,52.357410431],[5.135691166,52.365081787],[5.126771927,52.374931335],[5.126740932,52.379417419],[5.132612228,52.383026123],[5.160564899,52.392971039],[5.163356781,52.396404266],[5.163492203,52.396568298],[5.164947987,52.399265289],[5.228261948,52.422744751],[5.213537216,52.416431427],[5.220917225,52.416446686],[5.228284836,52.418254852],[5.232704163,52.420059204],[5.237110138,52.424556732],[5.237104893,52.425453186],[5.262155056,52.435371399],[5.387568951,52.488471985],[5.392002106,52.490268707],[5.399394035,52.490272522],[5.405303001,52.492965698],[5.405527115,52.493125916],[5.405372143,52.493297577],[5.407206059,52.494289398],[5.415644169,52.500152588],[5.415644169,52.501049042],[5.420076847,52.504642487],[5.424511909,52.504642487],[5.427336216,52.505844116],[5.439299107,52.510929108],[5.445212841,52.517211914],[5.44243288,52.51889801],[5.44225502,52.519008636],[5.439293861,52.525291443],[5.439293861,52.526187897],[5.439291954,52.528881073],[5.440771103,52.530673981],[5.448169231,52.536960602],[5.450463772,52.53603363],[5.452609062,52.535163879],[5.460009098,52.545936584],[5.458529949,52.550422668],[5.461491108,52.553115845],[5.468893051,52.554012299],[5.468891144,52.552219391],[5.495539188,52.55311203],[5.501460075,52.554008484],[5.505989075,52.555793762],[5.562249184,52.591667175],[5.569663048,52.594352722],[5.578558922,52.596141815],[5.633421898,52.605049133],[5.63935709,52.606834412],[5.645288944,52.607723236],[5.657108784,52.599628448],[5.661541939,52.596927643],[5.731243134,52.585975647],[5.756174088,52.58234024],[5.762193203,52.581459045],[5.766636848,52.581447601],[5.769599915,52.581439972],[5.76958704,52.579647064],[5.808096886,52.579540253],[5.816977024,52.578617096],[5.819923878,52.576812744],[5.856729031,52.552463531]]],[[[5.468895912,52.565681458],[5.471858978,52.568374634],[5.471860886,52.57106781],[5.461497784,52.592605591],[5.421417236,52.631175995],[5.403653145,52.648239136],[5.365030766,52.674243927],[5.357603073,52.676929474],[5.310058117,52.689441681],[5.30413723,52.684051514],[5.301174164,52.682250977],[5.296728134,52.680450439],[5.290785789,52.681339264],[5.284834862,52.684024811],[5.293744087,52.684036255],[5.296711922,52.684936523],[5.302630901,52.690330505],[5.299658775,52.691223145],[5.295209885,52.689422607],[5.290756226,52.689418793],[5.290751934,52.690315247],[5.301139832,52.692123413],[5.307084084,52.691234589],[5.356116772,52.677825928],[5.36651516,52.674243927],[5.403651237,52.650035858],[5.418499947,52.635681152],[5.41921711,52.634571075],[5.431129932,52.623806],[5.448862076,52.606491089],[5.462861061,52.592693329],[5.466865063,52.58285141],[5.473341942,52.57106781],[5.473340034,52.568374634],[5.468895912,52.565681458]]],[[[5.755127907,52.839096069],[5.773046017,52.828144073],[5.790698051,52.81735611],[5.793495178,52.808727264],[5.79358387,52.808448792],[5.796339035,52.803386688],[5.796518803,52.80305481],[5.801006794,52.805732727],[5.80112505,52.805797577],[5.809967995,52.796825409],[5.815001011,52.793609619],[5.817212105,52.792263031],[5.820121765,52.790489197],[5.824687004,52.787815094],[5.824691772,52.784217834],[5.842339039,52.785018921],[5.856007099,52.784053802],[5.85882616,52.783260345],[5.868022919,52.780464172],[5.885497093,52.773281097],[5.89739418,52.766887665],[5.90524292,52.762138367],[5.912230968,52.76153183],[5.92872715,52.751544952],[5.936514854,52.739063263],[5.93720293,52.737957001],[5.939498901,52.73393631],[5.94825983,52.718582153],[5.948876858,52.714801788],[5.958870888,52.712001801],[5.96170187,52.708026886],[5.962123871,52.707435608],[5.964947224,52.704204559],[5.972555161,52.698417664],[5.972385883,52.694091797],[5.972376823,52.693847656],[5.971106052,52.692321777],[5.969377995,52.690250397],[5.968310833,52.689720154],[5.958908081,52.685062408],[5.955904007,52.685852051],[5.952904224,52.684020996],[5.946475029,52.679264069],[5.944922924,52.678050995],[5.940660954,52.674732208],[5.940319061,52.674324036],[5.941093922,52.670665741],[5.94250679,52.668838501],[5.946866989,52.669898987],[5.947529793,52.670059204],[5.959620953,52.667995453],[5.960340977,52.667873383],[5.966162205,52.667877197],[5.970751762,52.667259216],[5.973612785,52.666873932],[5.973822117,52.666843414],[5.985476017,52.660694122],[5.986923218,52.659606934],[5.99130106,52.656311035],[5.974839211,52.641914368],[5.970245838,52.63910675],[5.89177084,52.6224823],[5.852989197,52.615451813],[5.849989891,52.613498688],[5.838163853,52.612636566],[5.77731514,52.612846375],[5.757588863,52.613006592],[5.756418228,52.613018036],[5.749186039,52.613010406],[5.669095039,52.613147736],[5.664682865,52.613937378],[5.658061981,52.615943909],[5.635112762,52.637691498],[5.62185812,52.650913239],[5.606958866,52.656269073],[5.606954098,52.659862518],[5.604135036,52.660655975],[5.598130226,52.659858704],[5.598126888,52.662845612],[5.598117828,52.66967392],[5.598108768,52.676071167],[5.599666119,52.701980591],[5.599806786,52.737327576],[5.599847794,52.747940063],[5.600011826,52.762142181],[5.601416111,52.765739441],[5.638930798,52.801906586],[5.665553093,52.827705383],[5.670205116,52.83026886],[5.67761898,52.832103729],[5.680621147,52.832103729],[5.701516151,52.833885193],[5.70972681,52.833889008],[5.71634388,52.834686279],[5.719285965,52.83738327],[5.719401836,52.837490082],[5.732030869,52.83511734],[5.732709885,52.835525513],[5.730470181,52.841712952],[5.73003006,52.843566895],[5.730215073,52.843536377],[5.750092983,52.840293884],[5.752216816,52.839935303],[5.752479076,52.839855194],[5.752624989,52.839813232],[5.755127907,52.839096069]]]]},"properties":{"name":"Flevoland","mapcolor":2,"cartodb_id":2}},{"type":"Feature","geometry":{"type":"MultiPolygon","coordinates":[[[[5.249166965,53.254581451],[5.249166965,53.254306793],[5.251389027,53.254306793],[5.251389027,53.25402832],[5.253611088,53.25402832],[5.253611088,53.253749847],[5.258611202,53.253749847],[5.258611202,53.253471375],[5.263055801,53.253471375],[5.263055801,53.253192902],[5.268055916,53.253192902],[5.268055916,53.252918243],[5.269165993,53.252918243],[5.269165993,53.252639771],[5.270277977,53.252639771],[5.270277977,53.252361298],[5.271388054,53.252361298],[5.271388054,53.252082825],[5.268610001,53.252082825],[5.268610001,53.251804352],[5.265833855,53.251804352],[5.265833855,53.251525879],[5.261390209,53.251525879],[5.261390209,53.251251221],[5.260832787,53.251251221],[5.260832787,53.250972748],[5.260276794,53.250972748],[5.260276794,53.250694275],[5.259720802,53.250694275],[5.259720802,53.250415802],[5.258611202,53.250415802],[5.258611202,53.250137329],[5.25805521,53.250137329],[5.25805521,53.249862671],[5.257499218,53.249862671],[5.257499218,53.249584198],[5.256389141,53.249584198],[5.256389141,53.249305725],[5.254723072,53.249305725],[5.254723072,53.249027252],[5.252501011,53.249027252],[5.252501011,53.249305725],[5.250833035,53.249305725],[5.250833035,53.249584198],[5.249166965,53.249584198],[5.249166965,53.249862671],[5.24861002,53.249862671],[5.24861002,53.250137329],[5.248054028,53.250137329],[5.248054028,53.250415802],[5.247500896,53.250415802],[5.247500896,53.251804352],[5.248054028,53.251804352],[5.248054028,53.252639771],[5.246943951,53.252639771],[5.246943951,53.252918243],[5.246387959,53.252918243],[5.246387959,53.253192902],[5.245833874,53.253192902],[5.245833874,53.252918243],[5.244721889,53.252918243],[5.244721889,53.252361298],[5.244165897,53.252361298],[5.244165897,53.251525879],[5.243611813,53.251525879],[5.243611813,53.249584198],[5.244165897,53.249584198],[5.244165897,53.249305725],[5.244721889,53.249305725],[5.244721889,53.249027252],[5.245277882,53.249027252],[5.245277882,53.248748779],[5.246943951,53.248748779],[5.246943951,53.247917175],[5.246387959,53.247917175],[5.246387959,53.247360229],[5.244721889,53.247360229],[5.244721889,53.247638702],[5.243611813,53.247638702],[5.243609905,53.247917175],[5.24305582,53.247917175],[5.24305582,53.248470306],[5.242499828,53.248474121],[5.242499828,53.249027252],[5.241943836,53.249027252],[5.241943836,53.249584198],[5.241387844,53.249584198],[5.241387844,53.250137329],[5.240834236,53.250137329],[5.240834236,53.251804352],[5.241387844,53.251804352],[5.241387844,53.252361298],[5.241943836,53.252361298],[5.241943836,53.252918243],[5.242499828,53.252918243],[5.242499828,53.253471375],[5.24305582,53.253471375],[5.24305582,53.253749847],[5.244165897,53.253749847],[5.244165897,53.25402832],[5.244721889,53.25402832],[5.244721889,53.254306793],[5.245833874,53.254306793],[5.245833874,53.254581451],[5.249166965,53.254581451]]],[[[5.137499809,53.299304962],[5.137499809,53.299026489],[5.13972187,53.299026489],[5.13972187,53.298751831],[5.141944885,53.298751831],[5.141944885,53.298488617],[5.143610954,53.298473358],[5.143610954,53.298194885],[5.145833015,53.298194885],[5.145833015,53.297916412],[5.148055077,53.297916412],[5.148055077,53.297637939],[5.149721146,53.297637939],[5.149721146,53.297359467],[5.15083313,53.297359467],[5.15083313,53.297084808],[5.152499199,53.297084808],[5.152499199,53.296806335],[5.154168129,53.296806335],[5.154168129,53.296527863],[5.15639019,53.296527863],[5.15639019,53.29624939],[5.156943798,53.29624939],[5.156943798,53.295970917],[5.158055782,53.295970917],[5.158055782,53.295696259],[5.15749979,53.295696259],[5.15749979,53.295139313],[5.156943798,53.295139313],[5.156943798,53.29486084],[5.15639019,53.29486084],[5.15639019,53.294303894],[5.155834198,53.294303894],[5.155834198,53.293750763],[5.155278206,53.293750763],[5.155278206,53.293193817],[5.154720783,53.293193817],[5.154720783,53.292640686],[5.154168129,53.292640686],[5.154168129,53.292362213],[5.153612137,53.292362213],[5.153612137,53.29208374],[5.153055191,53.29208374],[5.153055191,53.291805267],[5.152499199,53.291805267],[5.152499199,53.291526794],[5.151945114,53.291526794],[5.151945114,53.291248322],[5.15083313,53.291248322],[5.15083313,53.290973663],[5.150277138,53.290973663],[5.150277138,53.29069519],[5.149721146,53.29069519],[5.149721146,53.290416718],[5.149167061,53.290416718],[5.149167061,53.290138245],[5.148611069,53.290138245],[5.148611069,53.289859772],[5.148055077,53.289859772],[5.148055077,53.289585114],[5.147500992,53.289585114],[5.147500992,53.289306641],[5.146945,53.289306641],[5.146945,53.288749695],[5.146389008,53.288749695],[5.146389008,53.288192749],[5.145833015,53.288192749],[5.145833015,53.287918091],[5.145278931,53.287918091],[5.145278931,53.287361145],[5.144722939,53.287361145],[5.144722939,53.287082672],[5.144166946,53.287082672],[5.144166946,53.286804199],[5.143610954,53.286804199],[5.143610954,53.286529541],[5.142500877,53.286529541],[5.142500877,53.286251068],[5.141944885,53.286251068],[5.141944885,53.285972595],[5.141388893,53.285972595],[5.141388893,53.285694122],[5.140831947,53.285694122],[5.140831947,53.285415649],[5.13972187,53.285415649],[5.13972187,53.285137177],[5.139165878,53.285137177],[5.139165878,53.284862518],[5.138609886,53.284862518],[5.138609886,53.284584045],[5.138055801,53.284584045],[5.138055801,53.284305573],[5.137499809,53.284305573],[5.137499809,53.2840271],[5.136943817,53.2840271],[5.136943817,53.283748627],[5.136387825,53.283748627],[5.136387825,53.283473969],[5.135834217,53.283473969],[5.135834217,53.283195496],[5.135278225,53.283195496],[5.135278225,53.28263855],[5.134722233,53.28263855],[5.134722233,53.282081604],[5.134165764,53.282081604],[5.134165764,53.281806946],[5.133612156,53.281806946],[5.133612156,53.281528473],[5.133056164,53.281528473],[5.133056164,53.28125],[5.132500172,53.28125],[5.132500172,53.280971527],[5.131390095,53.280971527],[5.131388187,53.280693054],[5.130834103,53.280693054],[5.130834103,53.280418396],[5.130278111,53.280418396],[5.130278111,53.280139923],[5.129722118,53.280139923],[5.129722118,53.27986145],[5.128612041,53.27986145],[5.128612041,53.279582977],[5.128056049,53.279582977],[5.128056049,53.279304504],[5.126945972,53.279304504],[5.126945972,53.279026031],[5.12638998,53.279026031],[5.12638998,53.278751373],[5.125277042,53.278751373],[5.125277042,53.2784729],[5.12083292,53.2784729],[5.12083292,53.278751373],[5.118610859,53.278751373],[5.118610859,53.279026031],[5.118054867,53.279026031],[5.118054867,53.279304504],[5.117500782,53.279304504],[5.117500782,53.279582977],[5.11694479,53.279582977],[5.11694479,53.27986145],[5.116388798,53.27986145],[5.116388798,53.280139923],[5.115279198,53.280139923],[5.115279198,53.280418396],[5.114723206,53.280418396],[5.114723206,53.280693054],[5.114167213,53.280693054],[5.114167213,53.280971527],[5.113609791,53.280971527],[5.113609791,53.28125],[5.113057137,53.28125],[5.113057137,53.281528473],[5.111944199,53.281528473],[5.111944199,53.281806946],[5.111388206,53.281806946],[5.111388206,53.282360077],[5.110832214,53.282360077],[5.110832214,53.282917023],[5.11027813,53.282917023],[5.11027813,53.283473969],[5.109722137,53.283473969],[5.109722137,53.283748627],[5.11027813,53.283748627],[5.11027813,53.2840271],[5.110832214,53.2840271],[5.110832214,53.284584045],[5.111388206,53.284584045],[5.111388206,53.284862518],[5.111944199,53.284862518],[5.111944199,53.286529541],[5.112500191,53.286529541],[5.112500191,53.289028168],[5.113057137,53.289028168],[5.113057137,53.289585114],[5.113609791,53.289585114],[5.113609791,53.290138245],[5.114167213,53.290138245],[5.114167213,53.290416718],[5.114723206,53.290416718],[5.114723206,53.29069519],[5.115279198,53.29069519],[5.115279198,53.291248322],[5.115832806,53.291248322],[5.115832806,53.291526794],[5.116388798,53.291526794],[5.116388798,53.291805267],[5.11694479,53.291805267],[5.11694479,53.29208374],[5.117500782,53.29208374],[5.117500782,53.292362213],[5.118054867,53.292362213],[5.118054867,53.292915344],[5.118610859,53.292915344],[5.118610859,53.293193817],[5.119166851,53.293193817],[5.119166851,53.29347229],[5.119722843,53.29347229],[5.119722843,53.293750763],[5.120276928,53.293750763],[5.120276928,53.294029236],[5.12083292,53.294029236],[5.12083292,53.294303894],[5.121388912,53.294303894],[5.121388912,53.294582367],[5.121944904,53.294582367],[5.121944904,53.295139313],[5.122498989,53.295139313],[5.122498989,53.295417786],[5.123054981,53.295417786],[5.123054981,53.295696259],[5.123610973,53.295696259],[5.123610973,53.295970917],[5.124166965,53.295970917],[5.124166965,53.29624939],[5.12472105,53.29624939],[5.12472105,53.296527863],[5.125277042,53.296527863],[5.125277042,53.296806335],[5.125833035,53.296806335],[5.125833035,53.297084808],[5.12638998,53.297084808],[5.12638998,53.298473358],[5.126945972,53.298473358],[5.126945972,53.298751831],[5.128056049,53.298751831],[5.128056049,53.299026489],[5.128612041,53.299026489],[5.128612041,53.299304962],[5.137499809,53.299304962]]],[[[5.070277214,53.30708313],[5.070277214,53.306804657],[5.074721813,53.306804657],[5.074721813,53.306526184],[5.078611851,53.306526184],[5.078611851,53.306285858],[5.080815792,53.306270599],[5.083055973,53.306251526],[5.083055973,53.305973053],[5.085278034,53.305973053],[5.085278034,53.30569458],[5.087501049,53.30569458],[5.087501049,53.305416107],[5.089167118,53.305416107],[5.089167118,53.305137634],[5.091389179,53.305137634],[5.091389179,53.304862976],[5.093610764,53.304862976],[5.093610764,53.304584503],[5.095276833,53.304584503],[5.095276833,53.30430603],[5.096388817,53.30430603],[5.096388817,53.304027557],[5.098054886,53.304027557],[5.098066807,53.303543091],[5.098526955,53.303482056],[5.098610878,53.303470612],[5.098610878,53.302639008],[5.099164963,53.302639008],[5.099164963,53.300971985],[5.098610878,53.300971985],[5.098610878,53.299304962],[5.098054886,53.299304962],[5.098054886,53.298751831],[5.097498894,53.298751831],[5.097498894,53.298194885],[5.096944809,53.298194885],[5.096944809,53.297637939],[5.096388817,53.297637939],[5.096388817,53.297084808],[5.095832825,53.297084808],[5.095832825,53.296527863],[5.095276833,53.296527863],[5.095276833,53.29624939],[5.094723225,53.29624939],[5.094723225,53.295970917],[5.094167233,53.295970917],[5.094167233,53.295417786],[5.093610764,53.295417786],[5.093610764,53.295139313],[5.093054771,53.295139313],[5.093054771,53.29486084],[5.092501163,53.29486084],[5.092498779,53.294582367],[5.090352058,53.294582367],[5.090277195,53.294582367],[5.090277195,53.29486084],[5.08972311,53.29486084],[5.08972311,53.295139313],[5.089167118,53.295139313],[5.089167118,53.295417786],[5.088611126,53.295417786],[5.088611126,53.295696259],[5.088057041,53.295696259],[5.088057041,53.295970917],[5.087501049,53.295970917],[5.087501049,53.29624939],[5.086945057,53.29624939],[5.086945057,53.296806335],[5.08416605,53.296806335],[5.08416605,53.296527863],[5.078611851,53.296527863],[5.078611851,53.29624939],[5.078055859,53.29624939],[5.078055859,53.295970917],[5.077499866,53.295970917],[5.077499866,53.295696259],[5.076943874,53.295696259],[5.076943874,53.295139313],[5.07638979,53.295139313],[5.07638979,53.29486084],[5.075277805,53.29486084],[5.075277805,53.295139313],[5.074721813,53.295139313],[5.074721813,53.295417786],[5.074168205,53.295417786],[5.074168205,53.295696259],[5.073612213,53.295696259],[5.073612213,53.295417786],[5.072498798,53.295417786],[5.072498798,53.295139313],[5.071389198,53.295139313],[5.071389198,53.29486084],[5.070277214,53.29486084],[5.070277214,53.294582367],[5.068611145,53.294582367],[5.068611145,53.294303894],[5.066945076,53.294303894],[5.066945076,53.294029236],[5.0652771,53.294029236],[5.0652771,53.293750763],[5.063611031,53.293750763],[5.063611031,53.293193817],[5.063055038,53.293193817],[5.063055038,53.292640686],[5.062500954,53.292640686],[5.062500954,53.29208374],[5.061944962,53.29208374],[5.061944962,53.291526794],[5.061388969,53.291526794],[5.061388969,53.291248322],[5.060832024,53.291248322],[5.060832024,53.290973663],[5.0597229,53.290973663],[5.0597229,53.29069519],[5.059165955,53.29069519],[5.059165955,53.290416718],[5.058055878,53.290416718],[5.058055878,53.290138245],[5.057499886,53.290138245],[5.057499886,53.289859772],[5.056943893,53.289859772],[5.056943893,53.289585114],[5.056387901,53.289585114],[5.056387901,53.289028168],[5.055833817,53.289028168],[5.055833817,53.288749695],[5.055277824,53.288749695],[5.055277824,53.288471222],[5.054721832,53.288471222],[5.054721832,53.288192749],[5.05416584,53.288192749],[5.05416584,53.287918091],[5.053612232,53.287918091],[5.053612232,53.287639618],[5.053055763,53.287639618],[5.053055763,53.287361145],[5.052499771,53.287361145],[5.052499771,53.287082672],[5.051943779,53.287082672],[5.051943779,53.286804199],[5.051387787,53.286804199],[5.051387787,53.286529541],[5.050834179,53.286529541],[5.050834179,53.286251068],[5.049722195,53.286251068],[5.049722195,53.285972595],[5.049166203,53.285972595],[5.049166203,53.285694122],[5.048612118,53.285694122],[5.048612118,53.285415649],[5.048056126,53.285415649],[5.048056126,53.285137177],[5.047500134,53.285137177],[5.047500134,53.284862518],[5.046946049,53.284862518],[5.046946049,53.284584045],[5.046390057,53.284584045],[5.046390057,53.284305573],[5.045277119,53.284305573],[5.045277119,53.2840271],[5.044721127,53.2840271],[5.044721127,53.283748627],[5.04361105,53.283748627],[5.04361105,53.283473969],[5.042499065,53.283473969],[5.042499065,53.283195496],[5.041944981,53.283195496],[5.041944981,53.282917023],[5.040832996,53.282917023],[5.040832996,53.28263855],[5.039722919,53.28263855],[5.039721012,53.282360077],[5.039166927,53.282360077],[5.039166927,53.282081604],[5.038054943,53.282081604],[5.038054943,53.281806946],[5.036944866,53.281806946],[5.036944866,53.281528473],[5.036388874,53.281528473],[5.036388874,53.28125],[5.035278797,53.28125],[5.035278797,53.280971527],[5.034166813,53.280971527],[5.034166813,53.280693054],[5.033057213,53.280693054],[5.033053875,53.280418396],[5.031943798,53.280418396],[5.031943798,53.280139923],[5.030831814,53.280139923],[5.030831814,53.27986145],[5.030278206,53.27986145],[5.030278206,53.279582977],[5.029166222,53.279582977],[5.029166222,53.279304504],[5.028610229,53.279304504],[5.028610229,53.279026031],[5.027500153,53.279026031],[5.027500153,53.278751373],[5.02694416,53.278751373],[5.02694416,53.2784729],[5.026390076,53.2784729],[5.026388168,53.278194427],[5.025278091,53.278194427],[5.025278091,53.277915955],[5.024722099,53.277915955],[5.024722099,53.277637482],[5.023612022,53.277637482],[5.023612022,53.277362823],[5.02305603,53.277362823],[5.02305603,53.277084351],[5.022500038,53.277084351],[5.022500038,53.276805878],[5.021389961,53.276805878],[5.021389961,53.276527405],[5.020833969,53.276527405],[5.020833969,53.276325226],[5.020833969,53.276248932],[5.020483017,53.276248932],[5.019721031,53.276248932],[5.019721031,53.276077271],[5.019721031,53.275970459],[5.0191679,53.275970459],[5.0191679,53.275695801],[5.018610954,53.275695801],[5.018610954,53.275417328],[5.018054962,53.275417328],[5.018054962,53.275138855],[5.01749897,53.275138855],[5.01749897,53.274860382],[5.016388893,53.274860382],[5.016388893,53.274581909],[5.015832901,53.274581909],[5.015832901,53.274307251],[5.015276909,53.274307251],[5.015276909,53.274028778],[5.014722824,53.274028778],[5.014722824,53.273750305],[5.01361084,53.273750305],[5.01361084,53.273471832],[5.013054848,53.273471832],[5.013054848,53.273193359],[5.011944771,53.273193359],[5.011944771,53.272914886],[5.010832787,53.272914886],[5.010832787,53.273193359],[5.010276794,53.273193359],[5.010276794,53.272914886],[5.009723186,53.272914886],[5.009723186,53.272640228],[5.009167194,53.272640228],[5.009167194,53.272361755],[5.008611202,53.272361755],[5.008611202,53.272083282],[5.007501125,53.272083282],[5.007501125,53.27180481],[5.005832195,53.27180481],[5.005832195,53.271526337],[5.005279064,53.271526337],[5.005279064,53.271251678],[5.004166126,53.271251678],[5.004166126,53.270973206],[5.003610134,53.270973206],[5.003610134,53.270694733],[5.002500057,53.270694733],[5.002500057,53.27041626],[4.999722004,53.27041626],[4.999722004,53.270137787],[4.999722004,53.269859314],[4.999166012,53.269859314],[4.999166012,53.269584656],[4.998055935,53.269584656],[4.998055935,53.269306183],[4.997499943,53.269306183],[4.997499943,53.26902771],[4.996943951,53.26902771],[4.996943951,53.268749237],[4.996389866,53.268749237],[4.996389866,53.268470764],[4.995833874,53.268470764],[4.995833874,53.268196106],[4.995277882,53.268196106],[4.995277882,53.267917633],[4.994721889,53.267917633],[4.994721889,53.26763916],[4.994167805,53.26763916],[4.994164944,53.267360687],[4.993611813,53.267360687],[4.993611813,53.267082214],[4.992498875,53.267082214],[4.992498875,53.266803741],[4.991942883,53.266803741],[4.991942883,53.266529083],[4.991388798,53.266529083],[4.991388798,53.26625061],[4.990276814,53.26625061],[4.990276814,53.265972137],[4.989720821,53.265972137],[4.989720821,53.265140533],[4.989167213,53.265140533],[4.989167213,53.264583588],[4.988611221,53.264583588],[4.988611221,53.264026642],[4.988055229,53.264026642],[4.988055229,53.262916565],[4.987501144,53.262916565],[4.987501144,53.261528015],[4.988055229,53.261528015],[4.988055229,53.260971069],[4.988611221,53.260971069],[4.988611221,53.260692596],[4.989167213,53.260692596],[4.989167213,53.260417938],[4.989720821,53.260417938],[4.989720821,53.260139465],[4.990276814,53.260139465],[4.990276814,53.259860992],[4.991942883,53.259860992],[4.991942883,53.25958252],[4.99305582,53.25958252],[4.99305582,53.259304047],[4.994721889,53.259304047],[4.994721889,53.259029388],[4.998611927,53.259029388],[4.998611927,53.258750916],[4.999166012,53.258750916],[4.999166012,53.258472443],[4.999722004,53.258472443],[4.999722004,53.25819397],[5.002500057,53.25819397],[5.002500057,53.257915497],[5.003056049,53.257915497],[5.003056049,53.257362366],[5.002500057,53.257362366],[5.002500057,53.256526947],[5.001944065,53.256526947],[5.001944065,53.256248474],[5.001388073,53.256248474],[5.001388073,53.255695343],[5.000833988,53.255695343],[5.000833988,53.25541687],[4.999722004,53.25541687],[4.999722004,53.254859924],[4.999166012,53.254859924],[4.999166012,53.254585266],[4.998611927,53.254581451],[4.998611927,53.254306793],[4.998055935,53.254306793],[4.998055935,53.25402832],[4.996943951,53.25402832],[4.996943951,53.253749847],[4.996389866,53.253749847],[4.996389866,53.253471375],[4.995833874,53.253471375],[4.995833874,53.253192902],[4.995277882,53.253192902],[4.995277882,53.252639771],[4.994721889,53.252639771],[4.994721889,53.252361298],[4.994167805,53.252361298],[4.994164944,53.252082825],[4.993611813,53.252082825],[4.993611813,53.251529694],[4.99305582,53.251525879],[4.99305582,53.251251221],[4.992498875,53.251251221],[4.992498875,53.250972748],[4.991942883,53.250972748],[4.991942883,53.250694275],[4.991388798,53.250694275],[4.991388798,53.250137329],[4.990832806,53.250137329],[4.990832806,53.249862671],[4.990276814,53.249862671],[4.990276814,53.249584198],[4.989720821,53.249584198],[4.989720821,53.249305725],[4.989167213,53.249305725],[4.989167213,53.249027252],[4.988611221,53.249027252],[4.988611221,53.248748779],[4.988055229,53.248748779],[4.988055229,53.248474121],[4.987501144,53.248474121],[4.987499237,53.248195648],[4.986945152,53.248195648],[4.986945152,53.247917175],[4.98638916,53.247917175],[4.98638916,53.247638702],[4.985406876,53.247638702],[4.985277176,53.247638702],[4.985277176,53.247360229],[4.984723091,53.247360229],[4.984723091,53.247081757],[4.984167099,53.247081757],[4.984167099,53.246807098],[4.983611107,53.246807098],[4.983611107,53.246528625],[4.983055115,53.246528625],[4.983055115,53.246250153],[4.98250103,53.246250153],[4.98250103,53.24597168],[4.981945038,53.24597168],[4.981945038,53.245693207],[4.981389046,53.245693207],[4.981389046,53.245418549],[4.980833054,53.245418549],[4.980833054,53.245140076],[4.980278969,53.245140076],[4.980276108,53.244861603],[4.979722977,53.244861603],[4.979722977,53.24458313],[4.979166031,53.24458313],[4.979166031,53.244304657],[4.978610039,53.244304657],[4.978610039,53.244026184],[4.978056908,53.244026184],[4.978056908,53.243473053],[4.977499962,53.243473053],[4.977499962,53.24180603],[4.97694397,53.24180603],[4.97694397,53.241527557],[4.976387978,53.241527557],[4.976387978,53.241249084],[4.975833893,53.241249084],[4.975833893,53.240970612],[4.975277901,53.240970612],[4.975277901,53.240695953],[4.974721909,53.240695953],[4.974721909,53.24041748],[4.974156857,53.24041748],[4.973609924,53.24041748],[4.973609924,53.240139008],[4.97305584,53.240139008],[4.97305584,53.239860535],[4.972499847,53.239860535],[4.972499847,53.239616394],[4.972385883,53.239608765],[4.971943855,53.239582062],[4.971943855,53.239444733],[4.971943855,53.239307404],[4.971492767,53.239307404],[4.971387863,53.239307404],[4.971387863,53.239028931],[4.970585823,53.239028931],[4.970277786,53.239028931],[4.970277786,53.238750458],[4.969677925,53.238750458],[4.968612194,53.238750458],[4.968612194,53.238471985],[4.96750021,53.238471985],[4.96750021,53.238193512],[4.963611126,53.238193512],[4.963611126,53.237915039],[4.963055134,53.237915039],[4.963055134,53.237640381],[4.961389065,53.237640381],[4.961389065,53.237361908],[4.959167004,53.237361908],[4.959167004,53.237083435],[4.957500935,53.237083435],[4.957500935,53.236804962],[4.95638895,53.236804962],[4.95638895,53.236526489],[4.955832958,53.236526489],[4.955832958,53.236251831],[4.955278873,53.236251831],[4.955278873,53.235973358],[4.954166889,53.235973358],[4.954166889,53.235694885],[4.953610897,53.235694885],[4.953610897,53.235416412],[4.953053951,53.235416412],[4.953053951,53.235137939],[4.951943874,53.235137939],[4.951943874,53.234859467],[4.951387882,53.234859467],[4.951387882,53.234584808],[4.95083189,53.234584808],[4.95083189,53.234027863],[4.950277805,53.234027863],[4.950277805,53.23374939],[4.949721813,53.23374939],[4.949721813,53.233196259],[4.949165821,53.233196259],[4.949165821,53.232917786],[4.948056221,53.232917786],[4.948056221,53.232639313],[4.947500229,53.232639313],[4.947500229,53.23236084],[4.946944237,53.23236084],[4.946944237,53.231803894],[4.946387768,53.231803894],[4.946387768,53.231529236],[4.94583416,53.231529236],[4.94583416,53.231250763],[4.945278168,53.231250763],[4.945278168,53.230693817],[4.944722176,53.230693817],[4.944722176,53.230415344],[4.943056107,53.230415344],[4.943056107,53.230140686],[4.942500114,53.230140686],[4.942500114,53.22958374],[4.941944122,53.22958374],[4.941944122,53.229305267],[4.941390038,53.229305267],[4.94138813,53.229026794],[4.940834045,53.229026794],[4.940834045,53.228748322],[4.940278053,53.228748322],[4.940278053,53.22819519],[4.939721107,53.22819519],[4.939721107,53.227916718],[4.938611984,53.227916718],[4.938611984,53.227638245],[4.938055038,53.227638245],[4.938055038,53.227359772],[4.937499046,53.227359772],[4.937499046,53.226806641],[4.936944962,53.226806641],[4.936944962,53.226249695],[4.936388969,53.226249695],[4.936388969,53.225971222],[4.935832977,53.225971222],[4.935832977,53.225418091],[4.935276985,53.225418091],[4.935276985,53.224861145],[4.9347229,53.224861145],[4.934720993,53.224582672],[4.934166908,53.224582672],[4.934166908,53.224304199],[4.933610916,53.224304199],[4.933610916,53.223751068],[4.933054924,53.223751068],[4.933054924,53.222915649],[4.932498932,53.222915649],[4.932498932,53.222637177],[4.931944847,53.222637177],[4.931944847,53.222362518],[4.931388855,53.222362518],[4.931388855,53.222084045],[4.930832863,53.222084045],[4.930832863,53.2215271],[4.930276871,53.2215271],[4.930276871,53.221248627],[4.929722786,53.221248627],[4.929722786,53.220973969],[4.929166794,53.220973969],[4.929166794,53.220695496],[4.928610802,53.220695496],[4.928610802,53.22013855],[4.928057194,53.22013855],[4.92805481,53.219860077],[4.927501202,53.219860077],[4.927501202,53.219306946],[4.92694521,53.219306946],[4.92694521,53.219028473],[4.926389217,53.219028473],[4.926389217,53.21875],[4.925831795,53.21875],[4.925831795,53.218471527],[4.92527914,53.218471527],[4.92527914,53.218193054],[4.924166203,53.218193054],[4.924166203,53.217918396],[4.92361021,53.217918396],[4.92361021,53.217639923],[4.923056126,53.217639923],[4.923056126,53.21736145],[4.91972208,53.21736145],[4.91972208,53.217082977],[4.918612003,53.217082977],[4.918612003,53.216804504],[4.918056011,53.216804504],[4.918056011,53.216526031],[4.917500019,53.216526031],[4.917500019,53.216251373],[4.916944027,53.216251373],[4.916944027,53.2159729],[4.916389942,53.2159729],[4.916389942,53.215694427],[4.910832882,53.215694427],[4.910832882,53.2159729],[4.905832767,53.2159729],[4.905832767,53.216251373],[4.904723167,53.216251373],[4.904723167,53.216526031],[4.898056984,53.216526031],[4.898056984,53.216804504],[4.895277977,53.216804504],[4.895277977,53.217082977],[4.885834217,53.217082977],[4.885834217,53.216804504],[4.88305521,53.216804504],[4.88305521,53.216526031],[4.880833149,53.216526031],[4.880833149,53.216251373],[4.879723072,53.216251373],[4.879723072,53.2159729],[4.878611088,53.2159729],[4.878611088,53.215694427],[4.878055096,53.215694427],[4.878055096,53.215415955],[4.877501011,53.215415955],[4.877501011,53.215137482],[4.876389027,53.215137482],[4.876389027,53.214862823],[4.87527895,53.214862823],[4.875277042,53.214584351],[4.874722958,53.214584351],[4.874722958,53.214027405],[4.874166965,53.214027405],[4.874166965,53.213748932],[4.873610973,53.213748932],[4.873610973,53.213470459],[4.873054028,53.213470459],[4.873054028,53.212917328],[4.872500896,53.212917328],[4.872500896,53.212081909],[4.871944904,53.212081909],[4.871944904,53.211807251],[4.871387959,53.211807251],[4.871387959,53.211673737],[4.871387959,53.211528778],[4.870831966,53.211528778],[4.870831966,53.210971832],[4.870278835,53.210971832],[4.870278835,53.210693359],[4.869721889,53.210693359],[4.869721889,53.210414886],[4.868611813,53.210414886],[4.868609905,53.210140228],[4.86805582,53.210140228],[4.86805582,53.209861755],[4.867499828,53.209861755],[4.867499828,53.20930481],[4.866943836,53.20930481],[4.866943836,53.209026337],[4.866387844,53.209026337],[4.866387844,53.208751678],[4.865834236,53.208751678],[4.865834236,53.208473206],[4.865277767,53.208473206],[4.865277767,53.208194733],[4.864721775,53.208194733],[4.864721775,53.20791626],[4.864165783,53.20791626],[4.864165783,53.207637787],[4.863056183,53.207637787],[4.863056183,53.207359314],[4.862500191,53.207359314],[4.862500191,53.205696106],[4.861944199,53.205696106],[4.861944199,53.205345154],[4.861944199,53.20513916],[4.861388206,53.20513916],[4.861388206,53.204860687],[4.86027813,53.204860687],[4.86027813,53.20513916],[4.859722137,53.20513916],[4.859722137,53.205417633],[4.858612061,53.205417633],[4.858612061,53.205696106],[4.858055115,53.205696106],[4.858055115,53.206249237],[4.857499123,53.206249237],[4.857499123,53.20652771],[4.856945992,53.20652771],[4.856945992,53.207084656],[4.856389046,53.207084656],[4.856389046,53.207637787],[4.855833054,53.207637787],[4.855833054,53.208194733],[4.855277061,53.208194733],[4.855277061,53.208751678],[4.854722977,53.208751678],[4.854721069,53.209583282],[4.854166985,53.209583282],[4.854166985,53.210140228],[4.853610992,53.210140228],[4.853610992,53.210414886],[4.853055,53.210414886],[4.853055,53.210693359],[4.852499008,53.210693359],[4.852499008,53.211528778],[4.852023125,53.211528778],[4.851944923,53.211528778],[4.851944923,53.211807251],[4.851388931,53.211807251],[4.851388931,53.212081909],[4.850832939,53.212081909],[4.850832939,53.212638855],[4.850276947,53.212638855],[4.850276947,53.213470459],[4.849722862,53.213470459],[4.849722862,53.215694427],[4.84916687,53.215694427],[4.84916687,53.218471527],[4.849722862,53.218471527],[4.849722862,53.22013855],[4.850276947,53.22013855],[4.850276947,53.221248627],[4.850832939,53.221248627],[4.850832939,53.2215271],[4.851388931,53.2215271],[4.851388931,53.221805573],[4.851944923,53.221805573],[4.851944923,53.222362518],[4.852499008,53.222362518],[4.852499008,53.222637177],[4.853055,53.222637177],[4.853055,53.222915649],[4.853610992,53.222915649],[4.853610992,53.223194122],[4.854166985,53.223194122],[4.854166985,53.223472595],[4.854721069,53.223472595],[4.854722977,53.224029541],[4.855277061,53.224029541],[4.855277061,53.224304199],[4.858055115,53.224304199],[4.858055115,53.224582672],[4.858612061,53.224582672],[4.858612061,53.224861145],[4.859168053,53.224861145],[4.859168053,53.225139618],[4.859722137,53.225139618],[4.859722137,53.225418091],[4.861388206,53.225418091],[4.861390114,53.225692749],[4.863056183,53.225692749],[4.863056183,53.225971222],[4.863612175,53.225971222],[4.863612175,53.226249695],[4.864721775,53.226249695],[4.864721775,53.226528168],[4.865277767,53.226528168],[4.865277767,53.226806641],[4.865834236,53.226806641],[4.865834236,53.227085114],[4.866943836,53.227085114],[4.866943836,53.227359772],[4.867499828,53.227359772],[4.867499828,53.227638245],[4.86805582,53.227638245],[4.86805582,53.227916718],[4.869165897,53.227916718],[4.869165897,53.22819519],[4.869721889,53.22819519],[4.869721889,53.228473663],[4.870278835,53.228473663],[4.870278835,53.228748322],[4.870831966,53.228748322],[4.870831966,53.229026794],[4.871387959,53.229026794],[4.871387959,53.229305267],[4.872500896,53.229305267],[4.872500896,53.22958374],[4.873054028,53.22958374],[4.873054028,53.229862213],[4.873610973,53.229862213],[4.873610973,53.230140686],[4.874166965,53.230140686],[4.874166965,53.230415344],[4.874722958,53.230415344],[4.874722958,53.230693817],[4.87527895,53.230693817],[4.87527895,53.23097229],[4.876389027,53.23097229],[4.876389027,53.231250763],[4.876945019,53.231250763],[4.876945019,53.231529236],[4.877501011,53.231529236],[4.877501011,53.231803894],[4.878055096,53.231803894],[4.878055096,53.232082367],[4.878611088,53.232082367],[4.878611088,53.23236084],[4.87916708,53.23236084],[4.87916708,53.232639313],[4.879723072,53.232639313],[4.879723072,53.232917786],[4.880833149,53.232917786],[4.880833149,53.233196259],[4.881389141,53.233196259],[4.881389141,53.233470917],[4.881945133,53.233470917],[4.881945133,53.23374939],[4.882499218,53.23374939],[4.882499218,53.234027863],[4.88305521,53.234027863],[4.88305521,53.234306335],[4.883611202,53.234306335],[4.883611202,53.234584808],[4.884168148,53.234584808],[4.884168148,53.234859467],[4.885276794,53.234859467],[4.885276794,53.235137939],[4.885834217,53.235137939],[4.885834217,53.235416412],[4.886390209,53.235416412],[4.886390209,53.235694885],[4.886943817,53.235694885],[4.886943817,53.235973358],[4.887499809,53.235973358],[4.887499809,53.236251831],[4.888055801,53.236251831],[4.888055801,53.236526489],[4.889165878,53.236526489],[4.889165878,53.236804962],[4.88972187,53.236804962],[4.88972187,53.237083435],[4.890277863,53.237083435],[4.890277863,53.237361908],[4.890833855,53.237361908],[4.890833855,53.237640381],[4.891387939,53.237640381],[4.891387939,53.237915039],[4.891943932,53.237915039],[4.891943932,53.238193512],[4.892499924,53.238193512],[4.892499924,53.238471985],[4.893610001,53.238471985],[4.893610001,53.238750458],[4.894165993,53.238750458],[4.894165993,53.239028931],[4.894721985,53.239028931],[4.894721985,53.239307404],[4.895277977,53.239307404],[4.895277977,53.239582062],[4.895833969,53.239582062],[4.895833969,53.239860535],[4.896388054,53.239860535],[4.896388054,53.240139008],[4.896944046,53.240139008],[4.896944046,53.24041748],[4.898056984,53.24041748],[4.898056984,53.240695953],[4.898610115,53.240695953],[4.898610115,53.240970612],[4.899167061,53.240970612],[4.899167061,53.241249084],[4.899723053,53.241249084],[4.899723053,53.241527557],[4.900276184,53.241527557],[4.900276184,53.24180603],[4.90083313,53.24180603],[4.90083313,53.242084503],[4.901389122,53.242084503],[4.901389122,53.242362976],[4.902501106,53.242362976],[4.902501106,53.242637634],[4.903055191,53.242637634],[4.903055191,53.242916107],[4.903611183,53.242916107],[4.903611183,53.24319458],[4.904167175,53.24319458],[4.904167175,53.243473053],[4.904723167,53.243473053],[4.904723167,53.243751526],[4.905276775,53.243751526],[4.905276775,53.244026184],[4.905832767,53.244026184],[4.905832767,53.244304657],[4.906945229,53.244304657],[4.906945229,53.24458313],[4.907498837,53.24458313],[4.907501221,53.244861603],[4.908054829,53.244861603],[4.908054829,53.245140076],[4.908610821,53.245140076],[4.908610821,53.245414734],[4.909166813,53.245418549],[4.909166813,53.245693207],[4.909720898,53.245693207],[4.909720898,53.24597168],[4.91027689,53.24597168],[4.91027689,53.246250153],[4.910832882,53.246250153],[4.910832882,53.246528625],[4.911942959,53.246528625],[4.911942959,53.246807098],[4.912498951,53.246807098],[4.912498951,53.247081757],[4.913055897,53.247081757],[4.913055897,53.247360229],[4.913611889,53.247360229],[4.913611889,53.247638702],[4.914165974,53.247638702],[4.914167881,53.247917175],[4.914721966,53.247917175],[4.914721966,53.248195648],[4.915277958,53.248195648],[4.915277958,53.248470306],[4.916389942,53.248474121],[4.916389942,53.248748779],[4.916944027,53.248748779],[4.916944027,53.249027252],[4.917500019,53.249027252],[4.917500019,53.249305725],[4.918056011,53.249305725],[4.918056011,53.249584198],[4.918612003,53.249584198],[4.918612003,53.249862671],[4.919166088,53.249862671],[4.919166088,53.250137329],[4.91972208,53.250137329],[4.91972208,53.250415802],[4.920832157,53.250415802],[4.920834064,53.250694275],[4.921388149,53.250694275],[4.921388149,53.250972748],[4.921944141,53.250972748],[4.921944141,53.251251221],[4.922500134,53.251251221],[4.922500134,53.251525879],[4.923056126,53.251525879],[4.923056126,53.251804352],[4.92361021,53.251804352],[4.92361021,53.252082825],[4.924166203,53.252082825],[4.924166203,53.252361298],[4.92527914,53.252361298],[4.92527914,53.252639771],[4.925831795,53.252639771],[4.925831795,53.252918243],[4.926389217,53.252918243],[4.926389217,53.253192902],[4.92694521,53.253192902],[4.92694521,53.253471375],[4.927501202,53.253471375],[4.927501202,53.253749847],[4.928057194,53.253749847],[4.928057194,53.25402832],[4.928610802,53.25402832],[4.928610802,53.254306793],[4.929166794,53.254306793],[4.929166794,53.254581451],[4.929722786,53.254581451],[4.929722786,53.254859924],[4.930276871,53.254859924],[4.930276871,53.255138397],[4.930832863,53.255138397],[4.930832863,53.25541687],[4.931388855,53.25541687],[4.931388855,53.255695343],[4.931944847,53.255695343],[4.931944847,53.255973816],[4.932498932,53.255973816],[4.932498932,53.256248474],[4.933054924,53.256248474],[4.933054924,53.256526947],[4.933610916,53.256526947],[4.933610916,53.25680542],[4.934166908,53.25680542],[4.934166908,53.257083893],[4.9347229,53.257083893],[4.9347229,53.257362366],[4.935276985,53.257362366],[4.935276985,53.257637024],[4.935832977,53.257637024],[4.935832977,53.257915497],[4.936388969,53.257915497],[4.936388969,53.25819397],[4.936944962,53.25819397],[4.936944962,53.258472443],[4.937499046,53.258472443],[4.937499046,53.258750916],[4.938055038,53.258750916],[4.938055038,53.259029388],[4.938611984,53.259029388],[4.938611984,53.259304047],[4.939167976,53.259304047],[4.939167976,53.25958252],[4.939721107,53.25958252],[4.939721107,53.260139465],[4.940278053,53.260139465],[4.940278053,53.260417938],[4.940834045,53.260417938],[4.940834045,53.260692596],[4.941390038,53.260692596],[4.941390038,53.260971069],[4.941944122,53.260971069],[4.941944122,53.261249542],[4.942500114,53.261249542],[4.942500114,53.261806488],[4.943056107,53.261806488],[4.943056107,53.262084961],[4.943612099,53.262084961],[4.943612099,53.262359619],[4.944166183,53.262359619],[4.944166183,53.262638092],[4.944722176,53.262638092],[4.944722176,53.263195038],[4.945278168,53.263195038],[4.945278168,53.263473511],[4.94583416,53.263473511],[4.94583416,53.263748169],[4.946387768,53.263748169],[4.946387768,53.264026642],[4.946944237,53.264026642],[4.946944237,53.264305115],[4.947500229,53.264305115],[4.947500229,53.264862061],[4.948056221,53.264862061],[4.948056221,53.265140533],[4.948612213,53.265140533],[4.948612213,53.265415192],[4.949165821,53.265415192],[4.949165821,53.265693665],[4.949721813,53.265693665],[4.949721813,53.265972137],[4.950277805,53.265972137],[4.950277805,53.26625061],[4.95083189,53.26625061],[4.95083189,53.266529083],[4.951387882,53.266529083],[4.951387882,53.266803741],[4.951943874,53.266803741],[4.951943874,53.267360687],[4.95250082,53.267360687],[4.95250082,53.26763916],[4.953053951,53.26763916],[4.953053951,53.267917633],[4.953610897,53.267917633],[4.953610897,53.268196106],[4.954166889,53.268196106],[4.954166889,53.268470764],[4.954722881,53.268470764],[4.954722881,53.268749237],[4.955278873,53.268749237],[4.955278873,53.26902771],[4.955832958,53.26902771],[4.955832958,53.269306183],[4.95638895,53.269306183],[4.95638895,53.269584656],[4.956944942,53.269584656],[4.956944942,53.269859314],[4.957500935,53.269859314],[4.957500935,53.270137787],[4.958055019,53.270137787],[4.958055019,53.270694733],[4.958611012,53.270694733],[4.958611012,53.270973206],[4.959167004,53.270973206],[4.959167004,53.271251678],[4.959722996,53.271251678],[4.959722996,53.271526337],[4.960277081,53.271526337],[4.960277081,53.27180481],[4.960833073,53.27180481],[4.960833073,53.272083282],[4.961389065,53.272083282],[4.961389065,53.272361755],[4.961945057,53.272361755],[4.961945057,53.272640228],[4.962499142,53.272640228],[4.962499142,53.272914886],[4.963611126,53.272914886],[4.963611126,53.273193359],[4.964167118,53.273193359],[4.964167118,53.273471832],[4.964721203,53.273471832],[4.964721203,53.273750305],[4.965277195,53.273750305],[4.965277195,53.274028778],[4.965834141,53.274028778],[4.965834141,53.274307251],[4.966390133,53.274307251],[4.966390133,53.274581909],[4.96750021,53.274581909],[4.96750021,53.274860382],[4.968056202,53.274860382],[4.968056202,53.275138855],[4.968612194,53.275138855],[4.968612194,53.275417328],[4.969165802,53.275417328],[4.969165802,53.275695801],[4.969721794,53.275695801],[4.969721794,53.275970459],[4.970277786,53.275970459],[4.970277786,53.276248932],[4.971387863,53.276248932],[4.971387863,53.276527405],[4.971943855,53.276527405],[4.971943855,53.276805878],[4.972499847,53.276805878],[4.972499847,53.277084351],[4.97305584,53.277084351],[4.97305584,53.277362823],[4.973609924,53.277362823],[4.973611832,53.277637482],[4.974165916,53.277637482],[4.974165916,53.277915955],[4.975277901,53.277915955],[4.975277901,53.278194427],[4.975833893,53.278194427],[4.975833893,53.2784729],[4.976387978,53.2784729],[4.976387978,53.278751373],[4.97694397,53.278751373],[4.97694397,53.279026031],[4.977499962,53.279026031],[4.977499962,53.279304504],[4.978056908,53.279304504],[4.978056908,53.279582977],[4.979166031,53.279582977],[4.979166031,53.27986145],[4.979722977,53.27986145],[4.979722977,53.280139923],[4.980278969,53.280139923],[4.980278969,53.280418396],[4.980833054,53.280418396],[4.980833054,53.280693054],[4.981389046,53.280693054],[4.981389046,53.280971527],[4.981945038,53.280971527],[4.981945038,53.28125],[4.983055115,53.28125],[4.983055115,53.281528473],[4.983611107,53.281528473],[4.983611107,53.281806946],[4.984167099,53.281806946],[4.984167099,53.282081604],[4.984723091,53.282081604],[4.984723091,53.282360077],[4.985277176,53.282360077],[4.985277176,53.28263855],[4.98638916,53.28263855],[4.98638916,53.282917023],[4.986945152,53.282917023],[4.986945152,53.283195496],[4.987501144,53.283195496],[4.987501144,53.283473969],[4.988055229,53.283473969],[4.988055229,53.283748627],[4.989167213,53.283748627],[4.989167213,53.2840271],[4.989720821,53.2840271],[4.989720821,53.284305573],[4.990276814,53.284305573],[4.990276814,53.284584045],[4.990832806,53.284584045],[4.990832806,53.284862518],[4.991388798,53.284862518],[4.991388798,53.285137177],[4.992498875,53.285137177],[4.992498875,53.285415649],[4.99305582,53.285415649],[4.99305582,53.285694122],[4.993611813,53.285694122],[4.993611813,53.285972595],[4.994167805,53.285972595],[4.994167805,53.286251068],[4.994721889,53.286251068],[4.994721889,53.286529541],[4.995833874,53.286529541],[4.995833874,53.286804199],[4.996389866,53.286804199],[4.996389866,53.287082672],[4.996943951,53.287082672],[4.996943951,53.287361145],[4.997499943,53.287361145],[4.997499943,53.287639618],[4.998611927,53.287639618],[4.998611927,53.287918091],[4.999166012,53.287918091],[4.999166012,53.288192749],[4.999722004,53.288192749],[4.999722004,53.288471222],[5.000277996,53.288471222],[5.002500057,53.288471222],[5.002500057,53.288749695],[5.003056049,53.288749695],[5.003056049,53.289028168],[5.004166126,53.289028168],[5.004166126,53.289306641],[5.004722118,53.289306641],[5.004722118,53.289585114],[5.005279064,53.289585114],[5.005279064,53.289859772],[5.006388187,53.289859772],[5.006388187,53.290138245],[5.006945133,53.290138245],[5.006945133,53.290416718],[5.007501125,53.290416718],[5.007501125,53.29069519],[5.008611202,53.29069519],[5.008611202,53.290973663],[5.009167194,53.290973663],[5.009167194,53.291248322],[5.009723186,53.291248322],[5.009723186,53.291526794],[5.010276794,53.291526794],[5.010276794,53.291805267],[5.011388779,53.291805267],[5.011388779,53.29208374],[5.011944771,53.29208374],[5.011944771,53.292362213],[5.013054848,53.292362213],[5.013054848,53.292640686],[5.014166832,53.292640686],[5.014166832,53.292915344],[5.014722824,53.292915344],[5.014722824,53.293193817],[5.015832901,53.293193817],[5.015832901,53.29347229],[5.016944885,53.29347229],[5.016944885,53.293750763],[5.018054962,53.293750763],[5.018054962,53.294029236],[5.018610954,53.294029236],[5.018610954,53.294303894],[5.019721031,53.294303894],[5.019721031,53.294582367],[5.020277977,53.294582367],[5.020277977,53.29486084],[5.020833969,53.29486084],[5.020833969,53.295139313],[5.021389961,53.295139313],[5.021389961,53.295417786],[5.021944046,53.295417786],[5.021944046,53.295696259],[5.022500038,53.295696259],[5.022500038,53.295970917],[5.02305603,53.295970917],[5.02305603,53.29624939],[5.023612022,53.29624939],[5.023612022,53.296527863],[5.024166107,53.296527863],[5.024166107,53.296806335],[5.024722099,53.296806335],[5.024722099,53.297084808],[5.025278091,53.297084808],[5.025278091,53.297359467],[5.025834084,53.297359467],[5.025834084,53.297637939],[5.026390076,53.297637939],[5.026390076,53.297916412],[5.027500153,53.297916412],[5.027500153,53.298194885],[5.028056145,53.298194885],[5.028056145,53.298473358],[5.029166222,53.298473358],[5.029166222,53.298751831],[5.030278206,53.298751831],[5.030278206,53.299026489],[5.030831814,53.299026489],[5.030831814,53.299304962],[5.031943798,53.299304962],[5.031943798,53.299583435],[5.032501221,53.299583435],[5.032501221,53.299861908],[5.033609867,53.299861908],[5.033609867,53.300140381],[5.034722805,53.300140381],[5.034722805,53.300415039],[5.035278797,53.300415039],[5.035278797,53.300693512],[5.036388874,53.300693512],[5.036388874,53.300971985],[5.038054943,53.300971985],[5.038054943,53.301250458],[5.039722919,53.301250458],[5.039722919,53.301528931],[5.041388988,53.301528931],[5.041388988,53.301807404],[5.043055058,53.301807404],[5.043055058,53.302082062],[5.044721127,53.302082062],[5.044721127,53.302360535],[5.045833111,53.302360535],[5.045833111,53.302639008],[5.046390057,53.302639008],[5.046390057,53.30291748],[5.047500134,53.30291748],[5.047500134,53.303195953],[5.048612118,53.303195953],[5.048612118,53.303470612],[5.049166203,53.303470612],[5.049166203,53.303749084],[5.050278187,53.303749084],[5.050278187,53.304027557],[5.051387787,53.304027557],[5.051387787,53.30430603],[5.052499771,53.30430603],[5.052499771,53.304584503],[5.053055763,53.304584503],[5.053055763,53.304862976],[5.05416584,53.304862976],[5.05416584,53.305137634],[5.055277824,53.305137634],[5.055277824,53.305416107],[5.055833817,53.305416107],[5.055833817,53.30569458],[5.056943893,53.30569458],[5.056943893,53.305973053],[5.058055878,53.305973053],[5.058055878,53.306251526],[5.0597229,53.306251526],[5.0597229,53.306526184],[5.060832024,53.306526184],[5.060832024,53.306804657],[5.061944962,53.306804657],[5.061944962,53.30708313],[5.070277214,53.30708313]]],[[[6.178612232,53.414859772],[6.178612232,53.414585114],[6.179721832,53.414585114],[6.179721832,53.414306641],[6.180833817,53.414306641],[6.180833817,53.414028168],[6.182499886,53.414028168],[6.182499886,53.413749695],[6.183055878,53.413749695],[6.183055878,53.414028168],[6.185833931,53.414028168],[6.185833931,53.413749695],[6.186388016,53.413749695],[6.186388016,53.413383484],[6.186388016,53.413192749],[6.186944008,53.413192749],[6.186944008,53.412918091],[6.1875,53.412918091],[6.1875,53.412639618],[6.188610077,53.412639618],[6.188610077,53.412361145],[6.189166069,53.412361145],[6.189166069,53.412082672],[6.191389084,53.412082672],[6.191389084,53.411804199],[6.191945076,53.411804199],[6.191945076,53.411529541],[6.192501068,53.411529541],[6.192501068,53.411251068],[6.193055153,53.411251068],[6.193055153,53.410972595],[6.194723129,53.410972595],[6.194723129,53.411251068],[6.195277214,53.411251068],[6.195277214,53.411529541],[6.195833206,53.411529541],[6.195833206,53.411804199],[6.19607687,53.411804199],[6.196994781,53.411525726],[6.19847393,53.409721375],[6.173986912,53.390125275],[6.1738801,53.383846283],[6.17676115,53.375751495],[6.182641029,53.366744995],[6.187104225,53.363128662],[6.194613934,53.361286163],[6.221692085,53.357532501],[6.227691174,53.355697632],[6.232181072,53.353874207],[6.23803091,53.343967438],[6.241012096,53.342155457],[6.247043133,53.342113495],[6.254662037,53.346553802],[6.260708809,53.347408295],[6.271226883,53.345546722],[6.28025198,53.344589233],[6.287736893,53.341846466],[6.293748856,53.340908051],[6.28715992,53.312236786],[6.29467392,53.311286926],[6.300481796,53.309505463],[6.300663948,53.309452057],[6.300628185,53.307655334],[6.299184799,53.306400299],[6.297562122,53.304985046],[6.296786785,53.304794312],[6.287105083,53.302398682],[6.282382965,53.298809052],[6.282039165,53.298408508],[6.277760983,53.293453217],[6.274682045,53.289886475],[6.273193836,53.290794373],[6.26717186,53.29083252],[6.261129856,53.288196564],[6.259554863,53.283836365],[6.25951004,53.28370285],[6.259375095,53.276527405],[6.260810852,53.272926331],[6.262265205,53.270225525],[6.262219906,53.267822266],[6.262215137,53.267532349],[6.257684231,53.266666412],[6.25318718,53.267593384],[6.250144958,53.26581955],[6.249639034,53.265232086],[6.245532036,53.260463715],[6.24549818,53.258670807],[6.243960857,53.256885529],[6.239432812,53.256015778],[6.239415169,53.255119324],[6.242374897,53.252407074],[6.240837097,53.250621796],[6.237713814,53.244361877],[6.231684208,53.243503571],[6.227155209,53.24263382],[6.227017879,53.242473602],[6.225618839,53.240848541],[6.230096817,53.239025116],[6.222530842,53.236381531],[6.222506046,53.23494339],[6.222498894,53.234584808],[6.220963001,53.23279953],[6.22844696,53.230957031],[6.231210232,53.22927475],[6.231423855,53.22914505],[6.237304211,53.221927643],[6.237222195,53.217441559],[6.23627615,53.216159821],[6.232600212,53.21118927],[6.2264781,53.204948425],[6.215864182,53.199626923],[6.21135807,53.19965744],[6.206818104,53.197891235],[6.206725121,53.192504883],[6.200668812,53.189849854],[6.194684029,53.182022095],[6.194521904,53.181812286],[6.192961216,53.178237915],[6.189879894,53.173763275],[6.189682007,53.173534393],[6.183751106,53.166622162],[6.183613777,53.158546448],[6.183506966,53.15222168],[6.183204174,53.134315491],[6.192112923,53.128879547],[6.200961113,53.122573853],[6.210001945,53.117042542],[6.212179184,53.115715027],[6.212873936,53.115291595],[6.214330196,53.115203857],[6.220094204,53.114868164],[6.233205795,53.11410141],[6.246613979,53.113319397],[6.247324944,53.113277435],[6.261629105,53.11403656],[6.262335777,53.114074707],[6.269832134,53.114025116],[6.281755924,53.110355377],[6.290680885,53.106704712],[6.298036098,53.099475861],[6.30048418,53.098720551],[6.303996086,53.097637177],[6.323408127,53.093910217],[6.312650204,53.080524445],[6.339505196,53.074951172],[6.358884811,53.070320129],[6.359335899,53.070217133],[6.375282764,53.066608429],[6.373548985,53.052085876],[6.3734622,53.051364899],[6.371714115,53.038925171],[6.371697903,53.038814545],[6.370087147,53.033439636],[6.383305073,53.021671295],[6.383535862,53.021457672],[6.415559769,52.99180603],[6.415878773,52.991458893],[6.421399117,52.985477448],[6.431684971,52.976394653],[6.436041832,52.971897125],[6.414587021,52.94783783],[6.414325237,52.94751358],[6.410867214,52.943248749],[6.405240059,52.936302185],[6.402304173,52.932674408],[6.376694202,52.922103882],[6.342032909,52.906204224],[6.311068058,52.925273895],[6.290867805,52.926200867],[6.264826775,52.927387238],[6.254292965,52.922969818],[6.252734184,52.919391632],[6.249732018,52.918510437],[6.249381065,52.918334961],[6.239186764,52.913196564],[6.236153126,52.910522461],[6.235907078,52.910293579],[6.214916229,52.890911102],[6.208434105,52.888137817],[6.198458195,52.883865356],[6.168365002,52.872348785],[6.167963982,52.87216568],[6.148740768,52.863437653],[6.127781868,52.854602814],[6.126324177,52.853740692],[6.102343082,52.844894409],[6.102108002,52.844841003],[6.094867229,52.843139648],[6.090342999,52.839572906],[6.087350845,52.838691711],[6.068378925,52.838787079],[6.06798315,52.838790894],[6.061851978,52.837593079],[6.061553001,52.837535858],[6.059016228,52.837039948],[6.061909199,52.830741882],[6.064850807,52.828037262],[6.064918995,52.827949524],[6.06631422,52.82623291],[6.063519955,52.82490921],[6.060454845,52.823455811],[6.051321983,52.819126129],[6.037810802,52.814762115],[6.031997204,52.821914673],[6.015592098,52.820194244],[6.005122185,52.816654205],[6.003631115,52.81665802],[6.000780106,52.818405151],[6.000675201,52.818466187],[5.996242046,52.821178436],[5.994695187,52.821186066],[5.993262768,52.821193695],[5.99326992,52.821723938],[5.993275166,52.822090149],[5.990496159,52.826366425],[5.9903512,52.826591492],[5.982991219,52.83380127],[5.978752136,52.841655731],[5.965178013,52.839263916],[5.962175846,52.837482452],[5.963623047,52.833885193],[5.962123871,52.832992554],[5.953237057,52.837516785],[5.948747158,52.83574295],[5.948589802,52.835727692],[5.938309193,52.834884644],[5.933818817,52.833106995],[5.929319859,52.830432892],[5.930633068,52.823207855],[5.921754837,52.819694519],[5.918728828,52.815216064],[5.918535233,52.815139771],[5.914243221,52.813438416],[5.906778812,52.811672211],[5.90525198,52.808086395],[5.899270058,52.805416107],[5.888829231,52.803661346],[5.885825157,52.800979614],[5.885032177,52.800979614],[5.882847786,52.800987244],[5.875422955,52.802810669],[5.866507053,52.804634094],[5.857440948,52.805545807],[5.850131035,52.8046875],[5.849571228,52.804756165],[5.846776009,52.805103302],[5.842695236,52.805610657],[5.842720032,52.808300018],[5.839764118,52.811004639],[5.83531189,52.812812805],[5.830844879,52.812828064],[5.830367088,52.813117981],[5.826403141,52.815532684],[5.826415062,52.817077637],[5.826416969,52.817325592],[5.815962791,52.813770294],[5.80112505,52.805797577],[5.801006794,52.805732727],[5.796518803,52.80305481],[5.796339035,52.803386688],[5.79358387,52.808448792],[5.793495178,52.808727264],[5.790698051,52.81735611],[5.773046017,52.828144073],[5.755127907,52.839096069],[5.752624989,52.839813232],[5.752479076,52.839855194],[5.752216816,52.839935303],[5.750092983,52.840293884],[5.730215073,52.843536377],[5.73003006,52.843566895],[5.730470181,52.841712952],[5.732709885,52.835525513],[5.732030869,52.83511734],[5.719401836,52.837490082],[5.719285965,52.83738327],[5.717833996,52.83914566],[5.720830917,52.841831207],[5.720685959,52.842685699],[5.714865208,52.840946198],[5.713348866,52.836463928],[5.708883762,52.837371826],[5.705921173,52.840068817],[5.704552174,52.843418121],[5.704451084,52.843662262],[5.703460217,52.843662262],[5.702960968,52.843666077],[5.698495865,52.84457016],[5.691050053,52.845481873],[5.678785801,52.844684601],[5.677632809,52.844612122],[5.673159122,52.843719482],[5.662726879,52.843738556],[5.66127491,52.851818085],[5.66277504,52.853610992],[5.659802914,52.85541153],[5.649390221,52.859912872],[5.640437126,52.858135223],[5.628495216,52.853664398],[5.624009132,52.850078583],[5.619540215,52.850982666],[5.618652821,52.851043701],[5.606129169,52.851898193],[5.589725971,52.849224091],[5.588229179,52.846530914],[5.58672905,52.843841553],[5.585225105,52.839355469],[5.579256058,52.835773468],[5.579069138,52.835727692],[5.571801186,52.833984375],[5.564348221,52.833091736],[5.549449921,52.832206726],[5.547961235,52.833106995],[5.533071995,52.836704254],[5.504677773,52.844829559],[5.494345188,52.848388672],[5.493642807,52.848571777],[5.483912945,52.851085663],[5.45857811,52.854675293],[5.454105854,52.853778839],[5.452616215,52.851982117],[5.454105854,52.851085663],[5.457087994,52.851982117],[5.457087994,52.851085663],[5.445162773,52.850189209],[5.443673134,52.850189209],[5.43473196,52.84928894],[5.430262089,52.847492218],[5.419827938,52.849285126],[5.401935101,52.856456757],[5.388507843,52.86542511],[5.38339901,52.867614746],[5.378063202,52.869903564],[5.367619991,52.872589111],[5.364634037,52.874382019],[5.364634037,52.875278473],[5.363362789,52.879833221],[5.363132,52.880661011],[5.35864687,52.885147095],[5.361557961,52.888660431],[5.364600182,52.89233017],[5.372848034,52.897304535],[5.373540878,52.897720337],[5.38845396,52.902217865],[5.391437054,52.904014587],[5.395913124,52.904914856],[5.397406101,52.904018402],[5.404866219,52.904918671],[5.410830021,52.909408569],[5.41205883,52.912372589],[5.412321091,52.913002014],[5.413804054,52.921077728],[5.41230917,52.923770905],[5.410817146,52.923770905],[5.410817146,52.924667358],[5.404988766,52.937770844],[5.404831886,52.93812561],[5.400345802,52.94171524],[5.406383991,52.945346832],[5.40650177,52.945419312],[5.407588959,52.946071625],[5.407810211,52.946205139],[5.410796165,52.946205139],[5.41229105,52.945308685],[5.413784027,52.947105408],[5.413776875,52.954284668],[5.410785198,52.959667206],[5.414230824,52.959667206],[5.415347099,52.960662842],[5.41675806,52.962360382],[5.415260792,52.966850281],[5.410770893,52.97492218],[5.404150009,52.988407135],[5.403278828,52.990177155],[5.40326786,53.000946045],[5.401772976,53.000045776],[5.400276184,53.001842499],[5.409242153,53.010818481],[5.410737038,53.010822296],[5.409238815,53.01171875],[5.410820961,53.013568878],[5.41214323,53.019451141],[5.41222477,53.019794464],[5.41222477,53.020694733],[5.409233093,53.019794464],[5.40174818,53.022483826],[5.400249958,53.024276733],[5.400248051,53.02702713],[5.400246143,53.027866364],[5.400244236,53.029663086],[5.404734135,53.029663086],[5.406230927,53.029663086],[5.406221867,53.036842346],[5.409132004,53.041210175],[5.409212112,53.041332245],[5.409210205,53.044921875],[5.407710075,53.045818329],[5.404728889,53.033252716],[5.403234005,53.031459808],[5.398746014,53.031455994],[5.397249222,53.032352448],[5.392747879,53.040428162],[5.392745018,53.042221069],[5.388250828,53.044013977],[5.385258198,53.044010162],[5.382264137,53.043113708],[5.377770901,53.044006348],[5.377770901,53.044902802],[5.383756161,53.046703339],[5.382249832,53.05298233],[5.377755165,53.053878784],[5.380338192,53.053878784],[5.379439831,53.054775238],[5.379251003,53.054775238],[5.378931046,53.055286407],[5.378636837,53.055580139],[5.374746799,53.061954498],[5.370243073,53.067333221],[5.367237091,53.073612213],[5.368731976,53.074512482],[5.37172699,53.07541275],[5.376227856,53.071826935],[5.380724907,53.070034027],[5.385214806,53.07183075],[5.389713764,53.068244934],[5.395717144,53.058376312],[5.397216797,53.057479858],[5.398716927,53.054790497],[5.399350166,53.053890228],[5.400047779,53.053890228],[5.401713848,53.053894043],[5.403211117,53.053894043],[5.406208038,53.051200867],[5.407705784,53.051204681],[5.406206131,53.053894043],[5.398940086,53.0599823],[5.398712158,53.060173035],[5.395708084,53.065555573],[5.395484924,53.065956116],[5.394207954,53.068248749],[5.395700932,53.070941925],[5.394198895,53.075428009],[5.386693954,53.084396362],[5.383687973,53.090675354],[5.383191109,53.090557098],[5.376198769,53.088874817],[5.355247021,53.07629776],[5.346264839,53.072696686],[5.343272209,53.071796417],[5.343283176,53.067310333],[5.340701103,53.072944641],[5.338747978,53.072723389],[5.340281963,53.069103241],[5.340283871,53.068206787],[5.340289116,53.066410065],[5.337283134,53.070896149],[5.331287861,53.071784973],[5.326796055,53.070884705],[5.311824799,53.068172455],[5.299851894,53.06546402],[5.223671913,53.025852203],[5.216209888,53.022247314],[5.216224194,53.019557953],[5.211744785,53.017753601],[5.205767155,53.016841888],[5.16998291,52.997913361],[5.169342041,52.99829483],[5.168439865,52.999034882],[5.167797089,52.99956131],[5.167500973,52.999862671],[5.167500973,53.000495911],[5.167500973,53.000694275],[5.167879105,53.000694275],[5.168054104,53.000694275],[5.168054104,53.000972748],[5.168405056,53.000972748],[5.16861105,53.000972748],[5.16861105,53.001083374],[5.16861105,53.001251221],[5.168931961,53.001251221],[5.169167042,53.001251221],[5.169167042,53.001373291],[5.169167042,53.001525879],[5.16945219,53.001525879],[5.169723034,53.001525879],[5.169723034,53.001667023],[5.169723034,53.001804352],[5.169978142,53.001804352],[5.170277119,53.001804352],[5.170277119,53.001960754],[5.170277119,53.002082825],[5.170506954,53.002082825],[5.170833111,53.002082825],[5.170833111,53.002254486],[5.170833111,53.002639771],[5.171389103,53.002639771],[5.171389103,53.002918243],[5.171945095,53.002918243],[5.171945095,53.003192902],[5.172501087,53.003192902],[5.172501087,53.003471375],[5.173055172,53.003471375],[5.173055172,53.003749847],[5.173611164,53.003749847],[5.173611164,53.00402832],[5.174167156,53.00402832],[5.174167156,53.004306793],[5.174720764,53.004310608],[5.174723148,53.004581451],[5.175277233,53.00460434],[5.175277233,53.004859924],[5.175762177,53.004859924],[5.175833225,53.005138397],[5.176287174,53.005180359],[5.176389217,53.005191803],[5.176389217,53.00541687],[5.176811218,53.005470276],[5.17694521,53.005485535],[5.17694521,53.005695343],[5.177343845,53.005695343],[5.177498817,53.005695343],[5.177498817,53.005973816],[5.177871227,53.005973816],[5.17805481,53.005973816],[5.17805481,53.006248474],[5.178392887,53.006248474],[5.178610802,53.006248474],[5.178610802,53.006362915],[5.178610802,53.006526947],[5.178918839,53.006526947],[5.179166794,53.006526947],[5.179166794,53.006656647],[5.179166794,53.007083893],[5.179720879,53.007083893],[5.179720879,53.007362366],[5.180276871,53.007362366],[5.180276871,53.007637024],[5.180833817,53.007637024],[5.180833817,53.007915497],[5.181389809,53.007915497],[5.181389809,53.00819397],[5.18194294,53.00819397],[5.18194294,53.008472443],[5.182499886,53.008472443],[5.182499886,53.008750916],[5.183055878,53.008750916],[5.183055878,53.009029388],[5.18361187,53.009029388],[5.18361187,53.009304047],[5.184165955,53.009304047],[5.184167862,53.00958252],[5.184721947,53.009593964],[5.184721947,53.009860992],[5.185277939,53.009887695],[5.185277939,53.010139465],[5.185756207,53.010139465],[5.185833931,53.010139465],[5.185833931,53.010417938],[5.186277866,53.010463715],[5.186389923,53.010475159],[5.186389923,53.010692596],[5.186804771,53.010692596],[5.186944008,53.010692596],[5.186944008,53.010971069],[5.1873312,53.010971069],[5.1875,53.010971069],[5.1875,53.011249542],[5.187858105,53.011249542],[5.188055992,53.011249542],[5.188055992,53.011352539],[5.188055992,53.011528015],[5.188384056,53.011528015],[5.188610077,53.011528015],[5.188610077,53.011646271],[5.188610077,53.011806488],[5.188912868,53.011806488],[5.189166069,53.011806488],[5.189166069,53.011940002],[5.189166069,53.012084961],[5.189439774,53.012084961],[5.189722061,53.012084961],[5.189722061,53.012233734],[5.189722061,53.012359619],[5.189959049,53.012359619],[5.190278053,53.012359619],[5.190278053,53.012527466],[5.190278053,53.012638092],[5.190485954,53.012638092],[5.190834045,53.012638092],[5.190834045,53.012916565],[5.191013813,53.012916565],[5.19138813,53.012916565],[5.19138813,53.013195038],[5.191541195,53.013195038],[5.192500114,53.013195038],[5.192500114,53.013473511],[5.19305706,53.013473511],[5.19305706,53.013748169],[5.193610191,53.013748169],[5.193610191,53.014026642],[5.194166183,53.014026642],[5.194166183,53.014305115],[5.194723129,53.014305115],[5.194723129,53.014583588],[5.195279121,53.014583588],[5.195279121,53.014862061],[5.195833206,53.014862061],[5.195833206,53.015140533],[5.196389198,53.015140533],[5.196389198,53.015415192],[5.19694519,53.015415192],[5.19694519,53.015693665],[5.197501183,53.015693665],[5.197501183,53.015972137],[5.19805479,53.015972137],[5.19805479,53.01625061],[5.198610783,53.01625061],[5.198610783,53.016529083],[5.199166775,53.016529083],[5.199166775,53.016803741],[5.199722767,53.016803741],[5.199722767,53.017082214],[5.200276852,53.017082214],[5.200276852,53.017360687],[5.200832844,53.017360687],[5.200832844,53.017917633],[5.200479984,53.017917633],[5.200276852,53.017917633],[5.200276852,53.02180481],[5.200832844,53.02180481],[5.200832844,53.022083282],[5.201388836,53.022083282],[5.201388836,53.022361755],[5.201944828,53.022361755],[5.201944828,53.022640228],[5.203054905,53.022640228],[5.203054905,53.022914886],[5.205276966,53.022914886],[5.205276966,53.022674561],[5.205698967,53.022647858],[5.205832958,53.022640228],[5.205832958,53.022083282],[5.205527782,53.022083282],[5.205276966,53.022083282],[5.205276966,53.02180481],[5.204166889,53.02180481],[5.204166889,53.021526337],[5.203610897,53.021526337],[5.203610897,53.021251678],[5.203054905,53.021251678],[5.203054905,53.020973206],[5.202498913,53.020973206],[5.202498913,53.018470764],[5.203054905,53.018470764],[5.203054905,53.018749237],[5.203610897,53.018749237],[5.203610897,53.01902771],[5.204166889,53.01902771],[5.204166889,53.019306183],[5.204722881,53.019306183],[5.204722881,53.0194664],[5.204722881,53.019584656],[5.205276966,53.019584656],[5.205276966,53.019859314],[5.205832958,53.019859314],[5.205832958,53.020137787],[5.20638895,53.020137787],[5.20638895,53.020694733],[5.206945896,53.020694733],[5.206945896,53.020973206],[5.207499027,53.020973206],[5.207499027,53.021251678],[5.208055973,53.021251678],[5.208055973,53.021526337],[5.208611965,53.021526337],[5.208611965,53.02180481],[5.209165096,53.02180481],[5.209165096,53.022083282],[5.209722042,53.022083282],[5.209722042,53.022361755],[5.210278034,53.022361755],[5.210278034,53.022640228],[5.210834026,53.022640228],[5.210834026,53.022914886],[5.211390018,53.022914886],[5.211390018,53.023193359],[5.211944103,53.023193359],[5.211944103,53.023471832],[5.212500095,53.023471832],[5.212500095,53.023750305],[5.213056087,53.023750305],[5.213056087,53.024028778],[5.21361208,53.024028778],[5.21361208,53.024307251],[5.214166164,53.024307251],[5.214166164,53.024581909],[5.214722157,53.024581909],[5.214722157,53.024860382],[5.215278149,53.024860382],[5.215278149,53.025138855],[5.215834141,53.025138855],[5.215834141,53.025417328],[5.216388226,53.025417328],[5.216388226,53.025970459],[5.216944218,53.025970459],[5.216944218,53.026248932],[5.21750021,53.026248932],[5.21750021,53.026527405],[5.218056202,53.026527405],[5.218056202,53.026805878],[5.21860981,53.026805878],[5.21860981,53.027084351],[5.219165802,53.027084351],[5.219165802,53.027362823],[5.219721794,53.027362823],[5.219721794,53.027637482],[5.220279217,53.027637482],[5.220279217,53.027915955],[5.220831871,53.027915955],[5.220831871,53.028194427],[5.221387863,53.028194427],[5.221387863,53.0284729],[5.221944809,53.0284729],[5.221944809,53.029026031],[5.222500801,53.029026031],[5.222500801,53.029304504],[5.223054886,53.029304504],[5.223056793,53.029582977],[5.223610878,53.029582977],[5.223610878,53.02986145],[5.22416687,53.02986145],[5.22416687,53.030139923],[5.224722862,53.030139923],[5.224722862,53.030418396],[5.225278854,53.030418396],[5.225278854,53.030693054],[5.225832939,53.030693054],[5.225832939,53.030971527],[5.226388931,53.030971527],[5.226388931,53.03125],[5.226944923,53.03125],[5.226944923,53.031528473],[5.227499008,53.031528473],[5.227499008,53.031806946],[5.228055,53.031806946],[5.228055,53.032360077],[5.228610992,53.032360077],[5.228610992,53.03263855],[5.229166985,53.03263855],[5.229166985,53.032917023],[5.229721069,53.032917023],[5.229722977,53.033195496],[5.230277061,53.033195496],[5.230277061,53.033473969],[5.230833054,53.033473969],[5.230833054,53.033748627],[5.231389046,53.033748627],[5.231389046,53.0340271],[5.231945038,53.0340271],[5.231945038,53.034305573],[5.232499123,53.034305573],[5.232499123,53.034584045],[5.233055115,53.034584045],[5.233055115,53.034862518],[5.233611107,53.034862518],[5.233611107,53.035137177],[5.234168053,53.035137177],[5.234168053,53.035415649],[5.234721184,53.035415649],[5.234721184,53.035694122],[5.23527813,53.035694122],[5.23527813,53.035972595],[5.235834122,53.035972595],[5.235834122,53.036251068],[5.236390114,53.036251068],[5.236390114,53.036804199],[5.236944199,53.036804199],[5.236944199,53.037082672],[5.237500191,53.037082672],[5.237500191,53.037361145],[5.238056183,53.037361145],[5.238056183,53.037639618],[5.238612175,53.037639618],[5.238612175,53.037918091],[5.239165783,53.037918091],[5.239165783,53.038192749],[5.239721775,53.038192749],[5.239721775,53.038471222],[5.240277767,53.038471222],[5.240277767,53.038749695],[5.240834236,53.038749695],[5.240834236,53.039028168],[5.241387844,53.039028168],[5.241387844,53.039306641],[5.241943836,53.039306641],[5.241943836,53.039585114],[5.242499828,53.039585114],[5.242499828,53.039859772],[5.24305582,53.039859772],[5.24305582,53.040138245],[5.243611813,53.040138245],[5.243611813,53.040416718],[5.244165897,53.040416718],[5.244165897,53.04069519],[5.244721889,53.04069519],[5.244721889,53.040973663],[5.245277882,53.040973663],[5.245277882,53.041248322],[5.245833874,53.041248322],[5.245833874,53.041526794],[5.246387959,53.041526794],[5.246387959,53.041805267],[5.246943951,53.041805267],[5.246943951,53.04208374],[5.247500896,53.04208374],[5.247500896,53.042362213],[5.248054028,53.042362213],[5.248054028,53.042915344],[5.24861002,53.042915344],[5.24861002,53.043193817],[5.249166965,53.043193817],[5.249166965,53.04347229],[5.249722958,53.04347229],[5.249722958,53.043750763],[5.25027895,53.043750763],[5.25027895,53.044029236],[5.250833035,53.044029236],[5.250833035,53.044303894],[5.251389027,53.044303894],[5.251389027,53.044582367],[5.251945019,53.044582367],[5.251945019,53.04486084],[5.252501011,53.04486084],[5.252501011,53.045139313],[5.253055096,53.045139313],[5.253055096,53.045417786],[5.253611088,53.045417786],[5.253611088,53.045696259],[5.25416708,53.045696259],[5.25416708,53.045970917],[5.254723072,53.045970917],[5.254723072,53.04624939],[5.255277157,53.046264648],[5.255277157,53.046527863],[5.255755901,53.046527863],[5.255833149,53.046527863],[5.255833149,53.046806335],[5.256257057,53.046859741],[5.256389141,53.046875],[5.256389141,53.047359467],[5.256945133,53.047359467],[5.256945133,53.047637939],[5.257499218,53.047637939],[5.257499218,53.047916412],[5.25805521,53.047916412],[5.25805521,53.048194885],[5.258611202,53.048194885],[5.258611202,53.048473358],[5.259167194,53.048473358],[5.259167194,53.048751831],[5.259720802,53.048751831],[5.259720802,53.049026489],[5.260276794,53.049026489],[5.260276794,53.049304962],[5.260832787,53.049316406],[5.260832787,53.049583435],[5.261390209,53.049610138],[5.261390209,53.049861908],[5.261864185,53.049861908],[5.261942863,53.049861908],[5.261942863,53.050415039],[5.262499809,53.050415039],[5.262499809,53.050693512],[5.263055801,53.050693512],[5.263055801,53.050971985],[5.263611794,53.050971985],[5.263611794,53.051250458],[5.264167786,53.051250458],[5.264167786,53.051528931],[5.26472187,53.051528931],[5.26472187,53.051807404],[5.265277863,53.051807404],[5.265277863,53.052082062],[5.265833855,53.052082062],[5.265833855,53.052360535],[5.266389847,53.052360535],[5.266389847,53.052639008],[5.266943932,53.052639008],[5.266943932,53.053195953],[5.267499924,53.053195953],[5.267499924,53.053470612],[5.268055916,53.053470612],[5.268055916,53.053749084],[5.268610001,53.053749084],[5.268610001,53.054027557],[5.269165993,53.054027557],[5.269165993,53.05430603],[5.269721985,53.05430603],[5.269721985,53.054584503],[5.270277977,53.054584503],[5.270277977,53.054862976],[5.270833969,53.054862976],[5.270833969,53.055137634],[5.271388054,53.055137634],[5.271388054,53.055416107],[5.271944046,53.055416107],[5.271944046,53.05569458],[5.272500038,53.05569458],[5.272500038,53.056251526],[5.27305603,53.056251526],[5.27305603,53.056526184],[5.273610115,53.056526184],[5.273610115,53.056804657],[5.274166107,53.056804657],[5.274166107,53.05708313],[5.274723053,53.05708313],[5.274723053,53.057361603],[5.275279045,53.057361603],[5.275279045,53.057640076],[5.275832176,53.057640076],[5.275835037,53.057914734],[5.276389122,53.057918549],[5.276389122,53.058193207],[5.276945114,53.058193207],[5.276945114,53.05847168],[5.277501106,53.05847168],[5.277501106,53.058750153],[5.278055191,53.058750153],[5.278055191,53.059028625],[5.278611183,53.059028625],[5.278611183,53.059307098],[5.279167175,53.059307098],[5.279167175,53.059581757],[5.280201912,53.059581757],[5.280276775,53.059581757],[5.280276775,53.059860229],[5.280723095,53.059906006],[5.280832767,53.05991745],[5.280832767,53.060138702],[5.281251907,53.060138702],[5.281389236,53.060138702],[5.281389236,53.060417175],[5.281778812,53.060417175],[5.281945229,53.060417175],[5.281945229,53.060695648],[5.282302856,53.060695648],[5.282498837,53.060695648],[5.282498837,53.060798645],[5.282501221,53.060970306],[5.2828269,53.060974121],[5.283054829,53.060974121],[5.283054829,53.061092377],[5.283054829,53.061248779],[5.28334713,53.061248779],[5.283610821,53.061248779],[5.283610821,53.061389923],[5.283610821,53.061527252],[5.283873081,53.061527252],[5.284166813,53.061527252],[5.284166813,53.061683655],[5.284166813,53.061805725],[5.284397125,53.061805725],[5.284722805,53.061805725],[5.284722805,53.061977386],[5.284722805,53.062362671],[5.28527689,53.062362671],[5.28527689,53.062637329],[5.285832882,53.062637329],[5.285832882,53.062915802],[5.286388874,53.062915802],[5.286388874,53.063194275],[5.28694582,53.063194275],[5.28694582,53.063472748],[5.287498951,53.063472748],[5.287498951,53.063751221],[5.288054943,53.063751221],[5.288054943,53.064304352],[5.288611889,53.064304352],[5.288611889,53.064582825],[5.28916502,53.064582825],[5.289167881,53.064861298],[5.289721966,53.064861298],[5.289721966,53.065139771],[5.290277958,53.065139771],[5.290277958,53.065418243],[5.29083395,53.065418243],[5.29083395,53.065692902],[5.291389942,53.065692902],[5.291389942,53.065971375],[5.292257786,53.065971375],[5.292500019,53.065971375],[5.292500019,53.066101074],[5.292500019,53.066249847],[5.29278183,53.066249847],[5.293056011,53.066249847],[5.293056011,53.066394806],[5.293056011,53.06652832],[5.293309212,53.06652832],[5.293612003,53.06652832],[5.293612003,53.066688538],[5.293612003,53.066806793],[5.293832779,53.066806793],[5.294166088,53.066806793],[5.294166088,53.067081451],[5.294353008,53.067081451],[5.29472208,53.067081451],[5.29472208,53.067359924],[5.294877052,53.067359924],[5.295834064,53.067359924],[5.295834064,53.067638397],[5.296388149,53.067638397],[5.296388149,53.06791687],[5.296944141,53.06791687],[5.296944141,53.068035126],[5.296944141,53.068195343],[5.297682762,53.068195343],[5.298056126,53.068195343],[5.298056126,53.068473816],[5.29896307,53.068473816],[5.299722195,53.068473816],[5.299722195,53.068637848],[5.299722195,53.068748474],[5.300226212,53.068748474],[5.300831795,53.068748474],[5.300831795,53.068881989],[5.300831795,53.069026947],[5.301506996,53.069026947],[5.302501202,53.069026947],[5.302501202,53.06930542],[5.302787781,53.06930542],[5.304166794,53.06930542],[5.304166794,53.069583893],[5.304408073,53.069583893],[5.305832863,53.069583893],[5.305832863,53.069862366],[5.30663681,53.069862366],[5.307498932,53.069862366],[5.307498932,53.069969177],[5.307498932,53.070137024],[5.308610916,53.070137024],[5.308610916,53.070415497],[5.310276985,53.070415497],[5.310276985,53.07069397],[5.311944962,53.07069397],[5.311944962,53.070972443],[5.313611031,53.070972443],[5.313611031,53.071250916],[5.3152771,53.071250916],[5.3152771,53.071529388],[5.316390038,53.071529388],[5.316390038,53.071804047],[5.318056107,53.071804047],[5.318056107,53.07208252],[5.319722176,53.07208252],[5.319722176,53.072360992],[5.321944237,53.072360992],[5.321944237,53.072639465],[5.325277805,53.072639465],[5.325277805,53.072917938],[5.326387882,53.072917938],[5.326387882,53.073192596],[5.328609943,53.073192596],[5.328609943,53.073471069],[5.330832958,53.073471069],[5.330832958,53.073749542],[5.331823826,53.073749542],[5.333055019,53.073749542],[5.333055019,53.074028015],[5.332500935,53.074028015],[5.332500935,53.075233459],[5.332500935,53.075973511],[5.331944942,53.075973511],[5.331944942,53.077083588],[5.332500935,53.077083588],[5.332500935,53.077362061],[5.335833073,53.077362061],[5.335833073,53.077083588],[5.336389065,53.077083588],[5.336389065,53.076526642],[5.336945057,53.076526642],[5.336945057,53.076248169],[5.337499142,53.076248169],[5.337499142,53.075878143],[5.337499142,53.075695038],[5.338055134,53.075695038],[5.338055134,53.074859619],[5.339721203,53.074859619],[5.339721203,53.075138092],[5.341390133,53.075138092],[5.341390133,53.075416565],[5.341712952,53.075416565],[5.343056202,53.075416565],[5.343056202,53.075695038],[5.344168186,53.075695038],[5.344168186,53.075973511],[5.345277786,53.075973511],[5.345277786,53.076248169],[5.345833778,53.076248169],[5.345833778,53.076526642],[5.346943855,53.076526642],[5.346943855,53.076805115],[5.347499847,53.076805115],[5.347499847,53.077083588],[5.34805584,53.077083588],[5.34805584,53.077362061],[5.349165916,53.077362061],[5.349165916,53.077640533],[5.349721909,53.077640533],[5.349721909,53.077915192],[5.350833893,53.077915192],[5.350833893,53.078193665],[5.351387978,53.078193665],[5.351387978,53.078472137],[5.35194397,53.078472137],[5.35194397,53.079029083],[5.352499962,53.079029083],[5.352499962,53.079303741],[5.353055954,53.079303741],[5.353055954,53.079582214],[5.353610039,53.079582214],[5.353610039,53.079860687],[5.354166031,53.079860687],[5.354166031,53.08013916],[5.354722023,53.08013916],[5.354722023,53.080417633],[5.355278969,53.080417633],[5.355278969,53.080696106],[5.3558321,53.080696106],[5.3558321,53.081012726],[5.3558321,53.081249237],[5.356389046,53.081272125],[5.356389046,53.08152771],[5.356945038,53.081531525],[5.356945038,53.081806183],[5.35750103,53.081806183],[5.35750103,53.082084656],[5.358055115,53.082084656],[5.358055115,53.082359314],[5.358611107,53.082359314],[5.358611107,53.082637787],[5.359167099,53.082637787],[5.359167099,53.08291626],[5.359723091,53.08291626],[5.359723091,53.083473206],[5.360277176,53.083473206],[5.360277176,53.083751678],[5.360833168,53.083751678],[5.360833168,53.084026337],[5.36138916,53.084026337],[5.36138916,53.08430481],[5.361945152,53.08430481],[5.361945152,53.084583282],[5.362501144,53.084583282],[5.362501144,53.084861755],[5.363055229,53.084861755],[5.363055229,53.085140228],[5.363611221,53.085140228],[5.363611221,53.085693359],[5.364167213,53.085693359],[5.364167213,53.085971832],[5.364723206,53.085971832],[5.364723206,53.086250305],[5.365276814,53.086250305],[5.365276814,53.086528778],[5.365832806,53.086528778],[5.365832806,53.086807251],[5.366388798,53.086807251],[5.366388798,53.087360382],[5.366942883,53.087360382],[5.366942883,53.087638855],[5.367498875,53.087638855],[5.367498875,53.087917328],[5.368054867,53.087917328],[5.368054867,53.088195801],[5.368611813,53.088195801],[5.368611813,53.088470459],[5.369167805,53.088470459],[5.369167805,53.089027405],[5.369720936,53.089027405],[5.369720936,53.089305878],[5.370277882,53.089305878],[5.370277882,53.089584351],[5.370833874,53.089584351],[5.370833874,53.089862823],[5.371389866,53.089862823],[5.371389866,53.090137482],[5.371943951,53.090137482],[5.371943951,53.090415955],[5.372499943,53.090415955],[5.372499943,53.090694427],[5.373055935,53.090694427],[5.373055935,53.0909729],[5.374166012,53.0909729],[5.374166012,53.091251373],[5.374722004,53.091251373],[5.374722004,53.091526031],[5.375277996,53.091526031],[5.375277996,53.091804504],[5.376944065,53.091804504],[5.376944065,53.092082977],[5.37842989,53.092113495],[5.379590034,53.092140198],[5.379722118,53.092144012],[5.379722118,53.09236145],[5.380189896,53.09236145],[5.380278111,53.09236145],[5.380278111,53.092639923],[5.380832195,53.092639923],[5.380835056,53.093482971],[5.380835056,53.094306946],[5.381388187,53.094306946],[5.381388187,53.095695496],[5.38194418,53.095695496],[5.38194418,53.097084045],[5.382501125,53.097084045],[5.382501125,53.098472595],[5.383057117,53.098472595],[5.383057117,53.099861145],[5.383611202,53.099861145],[5.383611202,53.101528168],[5.384167194,53.101528168],[5.384167194,53.10319519],[5.384723186,53.10319519],[5.384723186,53.104862213],[5.385279179,53.10490036],[5.385279179,53.10597229],[5.385832787,53.10597229],[5.385832787,53.106529236],[5.386388779,53.106529236],[5.386388779,53.107082367],[5.386944771,53.107082367],[5.386944771,53.107639313],[5.387498856,53.107639313],[5.387500763,53.108196259],[5.388054848,53.108196259],[5.388054848,53.10874939],[5.38861084,53.10874939],[5.38861084,53.109203339],[5.38861084,53.109306335],[5.38882494,53.109306335],[5.389166832,53.109306335],[5.389166832,53.109470367],[5.389166832,53.109859467],[5.389722824,53.109859467],[5.389722824,53.110416412],[5.390276909,53.110416412],[5.390276909,53.110694885],[5.390832901,53.110694885],[5.390832901,53.110973358],[5.391388893,53.110973358],[5.391388893,53.111251831],[5.391944885,53.111251831],[5.391944885,53.111526489],[5.39249897,53.111526489],[5.39249897,53.111804962],[5.393054962,53.111804962],[5.393054962,53.112083435],[5.393610954,53.112083435],[5.393610954,53.112361908],[5.394166946,53.112361908],[5.394166946,53.112640381],[5.394721031,53.112640381],[5.394723892,53.112915039],[5.395277023,53.112915039],[5.395277023,53.113193512],[5.39805603,53.113193512],[5.39805603,53.114860535],[5.398612022,53.114860535],[5.398612022,53.115139008],[5.399166107,53.115139008],[5.399166107,53.11541748],[5.399722099,53.11541748],[5.399722099,53.115695953],[5.400834084,53.115695953],[5.400834084,53.115970612],[5.401390076,53.115970612],[5.401390076,53.116527557],[5.40194416,53.116527557],[5.40194416,53.117084503],[5.402500153,53.117084503],[5.402500153,53.117916107],[5.403056145,53.117916107],[5.403056145,53.118473053],[5.403612137,53.118473053],[5.403612137,53.119304657],[5.404166222,53.119304657],[5.404166222,53.119861603],[5.404722214,53.119861603],[5.404722214,53.120693207],[5.405278206,53.120693207],[5.405278206,53.121250153],[5.405834198,53.121250153],[5.405834198,53.122360229],[5.406387806,53.122360229],[5.406387806,53.123470306],[5.406943798,53.123474121],[5.406943798,53.124584198],[5.40749979,53.124584198],[5.40749979,53.125972748],[5.408057213,53.125972748],[5.408057213,53.127082825],[5.408609867,53.127082825],[5.408609867,53.128471375],[5.409165859,53.128471375],[5.409165859,53.129581451],[5.409722805,53.129581451],[5.409722805,53.130695343],[5.410278797,53.130695343],[5.410278797,53.132637024],[5.410832882,53.132637024],[5.410832882,53.134860992],[5.411388874,53.134860992],[5.411388874,53.137084961],[5.411944866,53.137084961],[5.411944866,53.139305115],[5.412500858,53.139305115],[5.412500858,53.141529083],[5.413054943,53.141529083],[5.413054943,53.142917633],[5.413610935,53.142917633],[5.413610935,53.143196106],[5.414166927,53.143196106],[5.414166927,53.144306183],[5.414435863,53.144306183],[5.414722919,53.144306183],[5.414722919,53.144859314],[5.415278912,53.144859314],[5.415278912,53.14541626],[5.414549828,53.14541626],[5.413054943,53.14541626],[5.413054943,53.146251678],[5.412500858,53.146251678],[5.412500858,53.148193359],[5.413054943,53.148193359],[5.413054943,53.149860382],[5.413610935,53.149860382],[5.413610935,53.151462555],[5.413610935,53.151805878],[5.414166927,53.151805878],[5.414166927,53.153751373],[5.414722919,53.153751373],[5.414722919,53.155418396],[5.415278912,53.155418396],[5.415278912,53.157360077],[5.415832996,53.157360077],[5.415832996,53.159305573],[5.416388988,53.159305573],[5.416388988,53.160972595],[5.416944981,53.160972595],[5.416944981,53.168029785],[5.416944981,53.168750763],[5.415278912,53.168750763],[5.415278912,53.169029236],[5.415097237,53.169029236],[5.414722919,53.169029236],[5.414722919,53.169303894],[5.414166927,53.169303894],[5.414166927,53.169582367],[5.413610935,53.169582367],[5.413610935,53.16986084],[5.413054943,53.16986084],[5.413054943,53.170417786],[5.412500858,53.170417786],[5.412500858,53.170696259],[5.411944866,53.170696259],[5.411944866,53.170970917],[5.411388874,53.170970917],[5.411388874,53.17124939],[5.410832882,53.17124939],[5.410832882,53.171806335],[5.410278797,53.171806335],[5.410278797,53.172084808],[5.409722805,53.172084808],[5.409722805,53.172359467],[5.409165859,53.172359467],[5.409165859,53.173194885],[5.408609867,53.173194885],[5.408609867,53.174583435],[5.409165859,53.174583435],[5.409165859,53.175693512],[5.410278797,53.175693512],[5.410278797,53.176250458],[5.411388874,53.176250458],[5.411388874,53.176807404],[5.412500858,53.176807404],[5.412500858,53.177082062],[5.415170193,53.177082062],[5.415331841,53.177082062],[5.418492794,53.177082062],[5.419167042,53.177082062],[5.419167042,53.177360535],[5.419721127,53.177360535],[5.419721127,53.177818298],[5.419721127,53.178195953],[5.419167042,53.178195953],[5.419167042,53.178470612],[5.41861105,53.178470612],[5.41861105,53.178749084],[5.417499065,53.178749084],[5.417499065,53.178195953],[5.416448116,53.178195953],[5.415541172,53.178195953],[5.414722919,53.178195953],[5.414722919,53.178470612],[5.414166927,53.178470612],[5.414166927,53.179027557],[5.413610935,53.179027557],[5.413610935,53.179862976],[5.414166927,53.179862976],[5.414166927,53.180137634],[5.414722919,53.180137634],[5.414722919,53.180416107],[5.415278912,53.180416107],[5.415278912,53.18069458],[5.415832996,53.18069458],[5.415832996,53.180973053],[5.416469097,53.180973053],[5.416944981,53.180973053],[5.416944981,53.181434631],[5.416944981,53.181804657],[5.417499065,53.181804657],[5.417499065,53.182640076],[5.418055058,53.182640076],[5.418055058,53.182914734],[5.420833111,53.182918549],[5.420833111,53.183193207],[5.421389103,53.183193207],[5.421389103,53.18347168],[5.421946049,53.18347168],[5.421946049,53.183750153],[5.423056126,53.183750153],[5.423056126,53.184028625],[5.42249918,53.184028625],[5.42249918,53.184860229],[5.423056126,53.184860229],[5.423056126,53.185695648],[5.423612118,53.185695648],[5.423612118,53.186248779],[5.42416811,53.186248779],[5.42416811,53.186805725],[5.424722195,53.186805725],[5.424722195,53.188472748],[5.425278187,53.188472748],[5.425278187,53.189025879],[5.425834179,53.189025879],[5.425834179,53.189861298],[5.426387787,53.189861298],[5.426387787,53.190418243],[5.426943779,53.190418243],[5.426943779,53.191249847],[5.427499771,53.191249847],[5.427499771,53.192081451],[5.428055763,53.192081451],[5.428055763,53.19291687],[5.428612232,53.19291687],[5.428612232,53.193748474],[5.42916584,53.193748474],[5.42916584,53.194583893],[5.429721832,53.194583893],[5.429721832,53.195415497],[5.430277824,53.195415497],[5.430277824,53.196250916],[5.430833817,53.196250916],[5.430833817,53.19708252],[5.431387901,53.19708252],[5.431387901,53.197917938],[5.431943893,53.197917938],[5.431943893,53.198749542],[5.432499886,53.198749542],[5.432499886,53.199584961],[5.433055878,53.199584961],[5.433055878,53.200416565],[5.433609962,53.200416565],[5.43361187,53.201248169],[5.434165955,53.201248169],[5.434165955,53.202083588],[5.434721947,53.202083588],[5.434721947,53.202915192],[5.435278893,53.202915192],[5.435278893,53.203472137],[5.435832024,53.203472137],[5.435832024,53.204303741],[5.436388016,53.204303741],[5.436388016,53.20513916],[5.436944962,53.20513916],[5.436944962,53.205970764],[5.437500954,53.205970764],[5.437500954,53.206806183],[5.438054085,53.206806183],[5.438054085,53.207637787],[5.438611031,53.207637787],[5.438611031,53.208194733],[5.439167023,53.208194733],[5.439167023,53.209026337],[5.439723015,53.209026337],[5.439723015,53.209861755],[5.4402771,53.209861755],[5.4402771,53.209949493],[5.440279007,53.210693359],[5.440833092,53.210693359],[5.440833092,53.211250305],[5.441389084,53.211250305],[5.441389084,53.211807251],[5.441945076,53.211807251],[5.441945076,53.212638855],[5.442501068,53.212638855],[5.442501068,53.213195801],[5.443055153,53.213195801],[5.443055153,53.213748932],[5.443611145,53.213748932],[5.443611145,53.214305878],[5.444167137,53.214305878],[5.444167137,53.215137482],[5.444723129,53.215137482],[5.444723129,53.215694427],[5.445277214,53.215694427],[5.445277214,53.216251373],[5.445833206,53.216251373],[5.445833206,53.217082977],[5.446389198,53.217082977],[5.446389198,53.217639923],[5.446942806,53.217639923],[5.44694519,53.218193054],[5.447498798,53.218193054],[5.447498798,53.21875],[5.44805479,53.21875],[5.44805479,53.219306946],[5.448610783,53.219306946],[5.448610783,53.219581604],[5.449168205,53.219581604],[5.449168205,53.219860077],[5.44972086,53.219860077],[5.44972086,53.220417023],[5.450277805,53.220417023],[5.450277805,53.220695496],[5.450833797,53.220695496],[5.450833797,53.220973969],[5.45138979,53.220973969],[5.45138979,53.2215271],[5.451943874,53.2215271],[5.451943874,53.221805573],[5.452499866,53.221805573],[5.452499866,53.222084045],[5.453055859,53.222084045],[5.453055859,53.222362518],[5.453611851,53.222362518],[5.453611851,53.222637177],[5.454167843,53.222637177],[5.454167843,53.222915649],[5.454721928,53.222915649],[5.454721928,53.223194122],[5.455833912,53.223194122],[5.455833912,53.223472595],[5.456387997,53.223472595],[5.456387997,53.223751068],[5.456943989,53.223751068],[5.456943989,53.224029541],[5.457499981,53.224029541],[5.457499981,53.224304199],[5.458055973,53.224304199],[5.458055973,53.224582672],[5.458610058,53.224582672],[5.458610058,53.224861145],[5.45916605,53.224861145],[5.45916605,53.225139618],[5.459722042,53.225139618],[5.459722042,53.225418091],[5.460278034,53.225418091],[5.460278034,53.225692749],[5.460834026,53.225692749],[5.460834026,53.225971222],[5.461388111,53.225971222],[5.461388111,53.226249695],[5.461944103,53.226249695],[5.461944103,53.226528168],[5.462501049,53.226528168],[5.462501049,53.226806641],[5.463057041,53.226806641],[5.463057041,53.227085114],[5.463610172,53.227085114],[5.463610172,53.227359772],[5.464167118,53.227359772],[5.464167118,53.227638245],[5.46472311,53.227638245],[5.46472311,53.227916718],[5.465279102,53.227916718],[5.465279102,53.22819519],[5.465833187,53.22819519],[5.465833187,53.228748322],[5.466389179,53.228748322],[5.466389179,53.229026794],[5.466945171,53.229026794],[5.466945171,53.229305267],[5.467501163,53.229305267],[5.467501163,53.229862213],[5.468054771,53.229862213],[5.468054771,53.230140686],[5.468610764,53.230140686],[5.468610764,53.230415344],[5.469167233,53.230415344],[5.469167233,53.23097229],[5.469723225,53.23097229],[5.469723225,53.231250763],[5.470276833,53.231250763],[5.470276833,53.231803894],[5.470832825,53.231803894],[5.470832825,53.232082367],[5.471388817,53.232082367],[5.471388817,53.23236084],[5.471944809,53.23236084],[5.471944809,53.232917786],[5.472498894,53.232917786],[5.472498894,53.233196259],[5.473054886,53.233196259],[5.473054886,53.233470917],[5.473610878,53.233470917],[5.473610878,53.234027863],[5.47416687,53.234027863],[5.47416687,53.234306335],[5.474723816,53.234306335],[5.474723816,53.234584808],[5.475276947,53.234584808],[5.475276947,53.234859467],[5.475832939,53.234859467],[5.475832939,53.235416412],[5.476389885,53.235416412],[5.476389885,53.235694885],[5.476943016,53.235694885],[5.476943016,53.235973358],[5.477499008,53.235973358],[5.477499008,53.236251831],[5.478055954,53.236251831],[5.478055954,53.236526489],[5.478611946,53.236526489],[5.478611946,53.236804962],[5.479166031,53.236804962],[5.479166031,53.237083435],[5.479722023,53.237083435],[5.479722023,53.237361908],[5.480278015,53.237361908],[5.480278015,53.237915039],[5.480834007,53.237915039],[5.480834007,53.238750458],[5.481389999,53.238750458],[5.481389999,53.239028931],[5.481944084,53.239028931],[5.481944084,53.239582062],[5.482500076,53.239582062],[5.482500076,53.240139008],[5.483056068,53.240139008],[5.483056068,53.240695953],[5.484166145,53.240695953],[5.484166145,53.240970612],[5.486388206,53.240970612],[5.486388206,53.241249084],[5.488056183,53.241249084],[5.488056183,53.241527557],[5.489165783,53.241527557],[5.489165783,53.24180603],[5.489723206,53.24180603],[5.489723206,53.242084503],[5.490279198,53.242084503],[5.490279198,53.242362976],[5.490831852,53.242362976],[5.490831852,53.242637634],[5.49194479,53.242637634],[5.49194479,53.242916107],[5.492500782,53.242916107],[5.492500782,53.24319458],[5.493054867,53.24319458],[5.493056774,53.243473053],[5.493610859,53.243473053],[5.493610859,53.243751526],[5.494722843,53.243751526],[5.494722843,53.244026184],[5.495276928,53.244026184],[5.495276928,53.244304657],[5.49583292,53.244304657],[5.49583292,53.24458313],[5.496388912,53.24458313],[5.496388912,53.244861603],[5.497498989,53.244861603],[5.497498989,53.245140076],[5.498054981,53.245140076],[5.498054981,53.245414734],[5.498610973,53.245418549],[5.498610973,53.245693207],[5.499166965,53.245693207],[5.499166965,53.24597168],[5.49972105,53.24597168],[5.499722958,53.246250153],[5.500833035,53.246250153],[5.500833035,53.246528625],[5.501389027,53.246528625],[5.501389027,53.246807098],[5.501945972,53.246807098],[5.501945972,53.247081757],[5.502499104,53.247081757],[5.502499104,53.247360229],[5.503055096,53.247360229],[5.503055096,53.247638702],[5.504168034,53.247638702],[5.504168034,53.247917175],[5.504721165,53.247917175],[5.504721165,53.248195648],[5.505278111,53.248195648],[5.505278111,53.248470306],[5.505834103,53.248474121],[5.505834103,53.249027252],[5.50694418,53.249027252],[5.50694418,53.249305725],[5.507500172,53.249305725],[5.507500172,53.249584198],[5.508056164,53.249584198],[5.508056164,53.249862671],[5.508612156,53.249862671],[5.508612156,53.250137329],[5.509165764,53.250137329],[5.509165764,53.250694275],[5.510278225,53.250694275],[5.510278225,53.250972748],[5.511943817,53.250972748],[5.511943817,53.251251221],[5.513611794,53.251251221],[5.513611794,53.251525879],[5.51472187,53.251525879],[5.51472187,53.251804352],[5.515277863,53.251804352],[5.515277863,53.252082825],[5.515831947,53.252082825],[5.515831947,53.252361298],[5.516387939,53.252361298],[5.516387939,53.252639771],[5.516943932,53.252639771],[5.516943932,53.252918243],[5.517500877,53.252918243],[5.517500877,53.253192902],[5.518054008,53.253192902],[5.518054008,53.253471375],[5.518610954,53.253471375],[5.518610954,53.253749847],[5.519166946,53.253749847],[5.519166946,53.25402832],[5.519722939,53.25402832],[5.519722939,53.254306793],[5.520278931,53.254306793],[5.520278931,53.254581451],[5.520833015,53.254581451],[5.520833015,53.254859924],[5.521389008,53.254859924],[5.521389008,53.255138397],[5.523611069,53.255138397],[5.523611069,53.25541687],[5.524167061,53.25541687],[5.524167061,53.255695343],[5.525277138,53.255695343],[5.525277138,53.255973816],[5.526389122,53.255973816],[5.526389122,53.256248474],[5.526945114,53.256248474],[5.526945114,53.25680542],[5.527499199,53.25680542],[5.527499199,53.257083893],[5.528055191,53.257083893],[5.528055191,53.257362366],[5.528611183,53.257362366],[5.528611183,53.257637024],[5.529168129,53.257637024],[5.529168129,53.257915497],[5.529720783,53.257915497],[5.529720783,53.25819397],[5.530276775,53.25819397],[5.530276775,53.258472443],[5.530834198,53.258472443],[5.530834198,53.259029388],[5.53139019,53.259029388],[5.53139019,53.259304047],[5.531942844,53.259304047],[5.531942844,53.25958252],[5.53249979,53.25958252],[5.53249979,53.259860992],[5.533055782,53.259860992],[5.533055782,53.260417938],[5.533611774,53.260417938],[5.533611774,53.260971069],[5.534167767,53.260971069],[5.534167767,53.261249542],[5.534721851,53.261249542],[5.534721851,53.261806488],[5.535277843,53.261806488],[5.535277843,53.262084961],[5.535833836,53.262084961],[5.535833836,53.262638092],[5.53638792,53.262638092],[5.53638792,53.263748169],[5.536943913,53.263748169],[5.536943913,53.264862061],[5.538055897,53.264862061],[5.538055897,53.265415192],[5.538609982,53.265415192],[5.538609982,53.265693665],[5.539165974,53.265693665],[5.539165974,53.265972137],[5.540277958,53.265972137],[5.540277958,53.26625061],[5.54083395,53.26625061],[5.54083395,53.266529083],[5.541944027,53.266529083],[5.541944027,53.266803741],[5.542500019,53.266803741],[5.542500019,53.267360687],[5.543056965,53.267360687],[5.543056965,53.267917633],[5.543610096,53.267917633],[5.543610096,53.268196106],[5.544166088,53.268196106],[5.544166088,53.268470764],[5.544723034,53.268470764],[5.544723034,53.268749237],[5.545279026,53.268749237],[5.545279026,53.26902771],[5.545833111,53.26902771],[5.545833111,53.269584656],[5.546389103,53.269584656],[5.546389103,53.270137787],[5.546945095,53.270137787],[5.546945095,53.270694733],[5.547501087,53.270694733],[5.547501087,53.270973206],[5.548055172,53.270973206],[5.548055172,53.271251678],[5.548611164,53.271251678],[5.548611164,53.271526337],[5.549167156,53.271526337],[5.549167156,53.27180481],[5.550277233,53.27180481],[5.550277233,53.272083282],[5.550833225,53.272083282],[5.550833225,53.272361755],[5.551389217,53.272361755],[5.551389217,53.272640228],[5.55194521,53.272640228],[5.55194521,53.272914886],[5.552498817,53.272914886],[5.552501202,53.273193359],[5.553610802,53.273193359],[5.553610802,53.273471832],[5.554166794,53.273471832],[5.554166794,53.273750305],[5.554720879,53.273750305],[5.554720879,53.274581909],[5.555276871,53.274581909],[5.555276871,53.275138855],[5.555832863,53.275138855],[5.555832863,53.275695801],[5.556388855,53.275695801],[5.556388855,53.276805878],[5.55694294,53.276805878],[5.55694294,53.278194427],[5.557498932,53.278194427],[5.557498932,53.2784729],[5.558055878,53.2784729],[5.558055878,53.279026031],[5.55861187,53.279026031],[5.55861187,53.280139923],[5.559165001,53.280139923],[5.559167862,53.28125],[5.559721947,53.28125],[5.559721947,53.282360077],[5.560277939,53.282360077],[5.560277939,53.282917023],[5.560833931,53.282917023],[5.560833931,53.283195496],[5.561389923,53.283195496],[5.561389923,53.283473969],[5.561944008,53.283473969],[5.561944008,53.2840271],[5.5625,53.2840271],[5.5625,53.284305573],[5.563055992,53.284305573],[5.563055992,53.284584045],[5.563611984,53.284584045],[5.563611984,53.285137177],[5.564166069,53.285137177],[5.564166069,53.285415649],[5.564722061,53.285415649],[5.564722061,53.285972595],[5.565278053,53.285972595],[5.565278053,53.286251068],[5.565834045,53.286251068],[5.565834045,53.286529541],[5.56638813,53.286529541],[5.56638813,53.287082672],[5.566944122,53.287082672],[5.566944122,53.287361145],[5.567500114,53.287361145],[5.567500114,53.287639618],[5.568056107,53.287639618],[5.568056107,53.288192749],[5.568610191,53.288192749],[5.568610191,53.288471222],[5.569166183,53.288471222],[5.569166183,53.288749695],[5.569722176,53.288749695],[5.569722176,53.289306641],[5.570279121,53.289306641],[5.570279121,53.289585114],[5.570831776,53.289585114],[5.570831776,53.289859772],[5.571387768,53.289859772],[5.571387768,53.290416718],[5.57194519,53.290416718],[5.57194519,53.29069519],[5.572501183,53.29069519],[5.572501183,53.290973663],[5.573057175,53.290973663],[5.573057175,53.291526794],[5.573610783,53.291526794],[5.573610783,53.291805267],[5.574166775,53.291805267],[5.574166775,53.29208374],[5.574722767,53.29208374],[5.574722767,53.292640686],[5.575276852,53.292640686],[5.575276852,53.292915344],[5.575832844,53.292915344],[5.575832844,53.293193817],[5.576388836,53.293193817],[5.576388836,53.293750763],[5.576944828,53.293750763],[5.576944828,53.294029236],[5.577498913,53.294029236],[5.577498913,53.294303894],[5.578054905,53.294303894],[5.578054905,53.29486084],[5.578610897,53.29486084],[5.578610897,53.295139313],[5.579166889,53.295139313],[5.579166889,53.295417786],[5.579722881,53.295417786],[5.579722881,53.295970917],[5.580276966,53.295970917],[5.580276966,53.29624939],[5.580832958,53.29624939],[5.580832958,53.296527863],[5.58138895,53.296527863],[5.58138895,53.296806335],[5.581944942,53.296806335],[5.581944942,53.297084808],[5.583055019,53.297084808],[5.583055019,53.297359467],[5.583611012,53.297359467],[5.583611012,53.297637939],[5.584167957,53.297637939],[5.584167957,53.297916412],[5.584721088,53.297916412],[5.584721088,53.298194885],[5.585278034,53.298194885],[5.585278034,53.298473358],[5.585834026,53.298473358],[5.585834026,53.298751831],[5.586390018,53.298751831],[5.586390018,53.299026489],[5.587500095,53.299026489],[5.587500095,53.299304962],[5.588056087,53.299304962],[5.588056087,53.299583435],[5.58861208,53.299583435],[5.58861208,53.299861908],[5.589166164,53.299861908],[5.589166164,53.300140381],[5.589722157,53.300140381],[5.589722157,53.300415039],[5.590278149,53.300415039],[5.590278149,53.300693512],[5.591388226,53.300693512],[5.591390133,53.300971985],[5.591944218,53.300971985],[5.591944218,53.301250458],[5.59250021,53.301250458],[5.59250021,53.301528931],[5.593056202,53.301528931],[5.593056202,53.301807404],[5.593612194,53.301807404],[5.593612194,53.302082062],[5.594721794,53.302082062],[5.594721794,53.302360535],[5.595277786,53.302360535],[5.595277786,53.302639008],[5.595831871,53.302639008],[5.595831871,53.30291748],[5.596387863,53.30291748],[5.596387863,53.303195953],[5.596943855,53.303195953],[5.596943855,53.303470612],[5.598053932,53.303470612],[5.598056793,53.303749084],[5.598609924,53.303749084],[5.598609924,53.304027557],[5.59916687,53.304027557],[5.59916687,53.30430603],[5.600832939,53.30430603],[5.600832939,53.304584503],[5.602500916,53.304584503],[5.602500916,53.304862976],[5.604166985,53.304862976],[5.604166985,53.305137634],[5.605833054,53.305137634],[5.605833054,53.305416107],[5.606945038,53.305416107],[5.606945038,53.30569458],[5.607499123,53.30569458],[5.607499123,53.305973053],[5.608611107,53.305973053],[5.608611107,53.306251526],[5.609167099,53.306251526],[5.609167099,53.306526184],[5.610277176,53.306526184],[5.610277176,53.306804657],[5.610833168,53.306804657],[5.610833168,53.30708313],[5.611946106,53.30708313],[5.611946106,53.307361603],[5.612500191,53.307361603],[5.612500191,53.307640076],[5.613612175,53.307640076],[5.613612175,53.307914734],[5.614168167,53.307918549],[5.614168167,53.308193207],[5.615277767,53.308193207],[5.615277767,53.30847168],[5.615834236,53.30847168],[5.615834236,53.308750153],[5.616943836,53.308750153],[5.616943836,53.309028625],[5.617499828,53.309028625],[5.617499828,53.309307098],[5.618611813,53.309307098],[5.618611813,53.309581757],[5.619721889,53.309581757],[5.619721889,53.309860229],[5.620833874,53.309860229],[5.620833874,53.310138702],[5.621943951,53.310138702],[5.621943951,53.310417175],[5.625832081,53.310417175],[5.625832081,53.310695648],[5.626389027,53.310695648],[5.626389027,53.310970306],[5.626945019,53.310974121],[5.626945019,53.311248779],[5.627501011,53.311248779],[5.627501011,53.311527252],[5.628055096,53.311527252],[5.628055096,53.311805725],[5.628611088,53.311805725],[5.628611088,53.312084198],[5.62916708,53.312084198],[5.62916708,53.312362671],[5.629723072,53.312362671],[5.629723072,53.312637329],[5.630277157,53.312637329],[5.630277157,53.312915802],[5.630833149,53.312915802],[5.630833149,53.313194275],[5.631389141,53.313194275],[5.631389141,53.313472748],[5.631945133,53.313472748],[5.631945133,53.313751221],[5.63305521,53.313751221],[5.63305521,53.314025879],[5.633611202,53.314025879],[5.633611202,53.314304352],[5.634720802,53.314304352],[5.634720802,53.314582825],[5.635276794,53.314582825],[5.635276794,53.314861298],[5.636388779,53.314861298],[5.636388779,53.315139771],[5.636942863,53.315139771],[5.636942863,53.315418243],[5.638054848,53.315418243],[5.638054848,53.315692902],[5.638611794,53.315692902],[5.638611794,53.315971375],[5.63972187,53.315971375],[5.63972187,53.316249847],[5.640277863,53.316249847],[5.640277863,53.31652832],[5.640833855,53.31652832],[5.640833855,53.317081451],[5.641389847,53.317081451],[5.641389847,53.317638397],[5.641943932,53.317638397],[5.641943932,53.318195343],[5.642499924,53.318195343],[5.642499924,53.318748474],[5.643055916,53.318748474],[5.643055916,53.31930542],[5.643611908,53.31930542],[5.643611908,53.319583893],[5.644721985,53.319583893],[5.644721985,53.319862366],[5.645833969,53.319862366],[5.645833969,53.320137024],[5.646944046,53.320137024],[5.646944046,53.320415497],[5.648610115,53.320415497],[5.648610115,53.32069397],[5.649722099,53.32069397],[5.649722099,53.320972443],[5.650832176,53.320972443],[5.650835037,53.321250916],[5.651945114,53.321250916],[5.651945114,53.321529388],[5.653057098,53.321529388],[5.653057098,53.321804047],[5.654167175,53.321804047],[5.654167175,53.32208252],[5.655276775,53.32208252],[5.655276775,53.322360992],[5.656389236,53.322360992],[5.656389236,53.322639465],[5.658054829,53.322639465],[5.658054829,53.322917938],[5.659166813,53.322917938],[5.659166813,53.323192596],[5.66027689,53.323192596],[5.66027689,53.323471069],[5.661388874,53.323471069],[5.661388874,53.323749542],[5.663054943,53.323749542],[5.663054943,53.324028015],[5.664721012,53.324028015],[5.664721012,53.324306488],[5.666389942,53.324306488],[5.666389942,53.324584961],[5.668056011,53.324584961],[5.668056011,53.324859619],[5.66972208,53.324859619],[5.66972208,53.325138092],[5.671390057,53.325138092],[5.671390057,53.325416565],[5.673056126,53.325416565],[5.673056126,53.325695038],[5.674722195,53.325695038],[5.674722195,53.325973511],[5.676387787,53.325973511],[5.676387787,53.326248169],[5.678057194,53.326248169],[5.678057194,53.326526642],[5.679722786,53.326526642],[5.679722786,53.326805115],[5.681388855,53.326805115],[5.681388855,53.327083588],[5.683054924,53.327083588],[5.683054924,53.327362061],[5.6847229,53.327362061],[5.6847229,53.327640533],[5.685832977,53.327640533],[5.685832977,53.327915192],[5.686944962,53.327915192],[5.686944962,53.328193665],[5.688055038,53.328193665],[5.688055038,53.328472137],[5.689167023,53.328472137],[5.689167023,53.32875061],[5.6902771,53.32875061],[5.6902771,53.329029083],[5.691390038,53.329029083],[5.691390038,53.329303741],[5.692499161,53.329303741],[5.692499161,53.329582214],[5.693612099,53.329582214],[5.693612099,53.329860687],[5.694722176,53.329860687],[5.694722176,53.33013916],[5.69583416,53.33013916],[5.69583416,53.330417633],[5.696944237,53.330417633],[5.696944237,53.330696106],[5.698056221,53.330696106],[5.698056221,53.330970764],[5.699165821,53.330970764],[5.699165821,53.331249237],[5.700277805,53.331249237],[5.700277805,53.33152771],[5.701387882,53.33152771],[5.701387882,53.331806183],[5.701943874,53.331806183],[5.701943874,53.332084656],[5.703055859,53.332084656],[5.703055859,53.332359314],[5.704165936,53.332359314],[5.704165936,53.332637787],[5.705278873,53.332637787],[5.705278873,53.33291626],[5.70638895,53.33291626],[5.70638895,53.333194733],[5.707500935,53.333194733],[5.707500935,53.333473206],[5.708611012,53.333473206],[5.708611012,53.333751678],[5.709722996,53.333751678],[5.709722996,53.334026337],[5.710833073,53.334026337],[5.710833073,53.33430481],[5.711945057,53.33430481],[5.711945057,53.334583282],[5.713055134,53.334583282],[5.713055134,53.334861755],[5.714167118,53.334861755],[5.714167118,53.335140228],[5.715277195,53.335140228],[5.715277195,53.335414886],[5.716389179,53.335414886],[5.716389179,53.335693359],[5.717498779,53.335693359],[5.717498779,53.335971832],[5.718612194,53.335971832],[5.718612194,53.336250305],[5.71972084,53.336250305],[5.71972084,53.336528778],[5.720277786,53.336528778],[5.720277786,53.336807251],[5.721389771,53.336807251],[5.721389771,53.337081909],[5.721943855,53.337081909],[5.721943855,53.337360382],[5.72305584,53.337360382],[5.72305584,53.337638855],[5.72326088,53.337638855],[5.723611832,53.337638855],[5.723611832,53.337917328],[5.724721909,53.337917328],[5.724721909,53.338195801],[5.725277901,53.338195801],[5.725277901,53.338470459],[5.726387978,53.338470459],[5.726387978,53.338748932],[5.72694397,53.338748932],[5.72694397,53.339027405],[5.728055954,53.339027405],[5.728055954,53.339305878],[5.728610039,53.339305878],[5.728610039,53.339584351],[5.729722023,53.339584351],[5.729722023,53.339862823],[5.730278015,53.339862823],[5.730278015,53.340137482],[5.731388092,53.340137482],[5.731388092,53.340415955],[5.731944084,53.340415955],[5.731944084,53.340694427],[5.733057022,53.340694427],[5.733057022,53.3409729],[5.733611107,53.3409729],[5.733611107,53.341251373],[5.734723091,53.341251373],[5.734723091,53.341526031],[5.735277176,53.341526031],[5.735277176,53.341804504],[5.73638916,53.341804504],[5.73638916,53.342082977],[5.736945152,53.342082977],[5.736945152,53.34236145],[5.738055229,53.34236145],[5.738055229,53.342639923],[5.738611221,53.342639923],[5.738611221,53.342918396],[5.739723206,53.342918396],[5.739723206,53.343193054],[5.740276814,53.343193054],[5.740276814,53.343471527],[5.741388798,53.343471527],[5.741388798,53.34375],[5.74194479,53.34375],[5.74194479,53.344028473],[5.743054867,53.344028473],[5.743054867,53.344306946],[5.743610859,53.344306946],[5.743610859,53.344581604],[5.744720936,53.344581604],[5.744720936,53.344860077],[5.745276928,53.344860077],[5.745276928,53.34513855],[5.746389866,53.34513855],[5.746389866,53.345417023],[5.746942997,53.345417023],[5.746942997,53.345695496],[5.748055935,53.345695496],[5.748055935,53.345973969],[5.748611927,53.345973969],[5.748611927,53.346248627],[5.749722004,53.346248627],[5.749722004,53.3465271],[5.750833988,53.3465271],[5.750833988,53.346805573],[5.75138998,53.346805573],[5.75138998,53.347084045],[5.752500057,53.347084045],[5.752500057,53.347362518],[5.753056049,53.347362518],[5.753056049,53.347637177],[5.754166126,53.347637177],[5.754166126,53.347915649],[5.755278111,53.347915649],[5.755278111,53.348194122],[5.755832195,53.348194122],[5.755834103,53.348472595],[5.75694418,53.348472595],[5.75694418,53.348751068],[5.757500172,53.348751068],[5.757500172,53.349029541],[5.758609772,53.349029541],[5.758609772,53.349304199],[5.759165764,53.349304199],[5.759165764,53.349582672],[5.760279179,53.349582672],[5.760279179,53.349861145],[5.761388779,53.349861145],[5.761388779,53.350139618],[5.761944771,53.350139618],[5.761944771,53.350418091],[5.763054848,53.350418091],[5.763054848,53.350692749],[5.76361084,53.350692749],[5.76361084,53.350971222],[5.764722824,53.350971222],[5.764722824,53.351249695],[5.765276909,53.351249695],[5.765276909,53.351528168],[5.766388893,53.351528168],[5.766388893,53.351806641],[5.76749897,53.351806641],[5.76749897,53.352085114],[5.768054962,53.352085114],[5.768054962,53.352359772],[5.769166946,53.352359772],[5.769166946,53.352638245],[5.770277023,53.352638245],[5.770277023,53.352916718],[5.771389008,53.352916718],[5.771389008,53.35319519],[5.771945953,53.35319519],[5.771945953,53.353473663],[5.77305603,53.353473663],[5.77305603,53.353748322],[5.774165154,53.353748322],[5.774165154,53.354026794],[5.775278091,53.354026794],[5.775278091,53.354305267],[5.775834084,53.354305267],[5.775834084,53.35458374],[5.77694416,53.35458374],[5.77694416,53.354862213],[5.778056145,53.354862213],[5.778056145,53.355140686],[5.778612137,53.355140686],[5.778612137,53.355415344],[5.779722214,53.355415344],[5.779722214,53.355693817],[5.780834198,53.355693817],[5.780834198,53.35597229],[5.781943798,53.35597229],[5.781943798,53.356250763],[5.78249979,53.356250763],[5.78249979,53.356529236],[5.783609867,53.356529236],[5.783609867,53.356803894],[5.784721851,53.356803894],[5.784721851,53.357082367],[5.785278797,53.357082367],[5.785278797,53.35736084],[5.78638792,53.35736084],[5.78638792,53.357639313],[5.787500858,53.357639313],[5.787500858,53.357917786],[5.788610935,53.357917786],[5.788610935,53.358196259],[5.789166927,53.358196259],[5.789166927,53.358470917],[5.790278912,53.358470917],[5.790278912,53.35874939],[5.791388988,53.35874939],[5.791388988,53.359027863],[5.792500973,53.359027863],[5.792500973,53.359306335],[5.793055058,53.359306335],[5.793055058,53.359584808],[5.794167042,53.359584808],[5.794167042,53.359859467],[5.795277119,53.359859467],[5.795277119,53.360137939],[5.795833111,53.360137939],[5.795833111,53.360416412],[5.796945095,53.360416412],[5.796945095,53.360694885],[5.79749918,53.360694885],[5.79749918,53.360973358],[5.798611164,53.360973358],[5.798611164,53.361251831],[5.799720764,53.361251831],[5.799720764,53.361526489],[5.800278187,53.361526489],[5.800278187,53.361804962],[5.801390171,53.361804962],[5.801390171,53.362083435],[5.801943779,53.362083435],[5.801946163,53.362361908],[5.803055763,53.362361908],[5.803055763,53.362640381],[5.80416584,53.362640381],[5.80416584,53.362915039],[5.804721832,53.362915039],[5.804721832,53.363193512],[5.805833817,53.363193512],[5.805833817,53.363471985],[5.806387901,53.363471985],[5.806387901,53.363750458],[5.807499886,53.363750458],[5.807499886,53.364028931],[5.808609962,53.364028931],[5.80861187,53.364307404],[5.809165955,53.364307404],[5.809165955,53.364582062],[5.810277939,53.364582062],[5.810277939,53.364860535],[5.810833931,53.364860535],[5.810833931,53.365139008],[5.811944008,53.365139008],[5.811944008,53.36541748],[5.813056946,53.36541748],[5.813056946,53.365695953],[5.813610077,53.365695953],[5.813610077,53.365970612],[5.814723015,53.365970612],[5.814723015,53.366249084],[5.8152771,53.366249084],[5.815279007,53.366527557],[5.816389084,53.366527557],[5.816389084,53.36680603],[5.817501068,53.36680603],[5.817501068,53.367084503],[5.818055153,53.367084503],[5.818055153,53.367362976],[5.819167137,53.367362976],[5.819167137,53.367637634],[5.820277214,53.367637634],[5.820277214,53.367916107],[5.820833206,53.367916107],[5.820833206,53.36819458],[5.82194519,53.36819458],[5.82194519,53.368473053],[5.82305479,53.368473053],[5.82305479,53.368751526],[5.823610783,53.368751526],[5.823610783,53.369026184],[5.82472086,53.369026184],[5.82472086,53.369304657],[5.825832844,53.369304657],[5.825832844,53.36958313],[5.82638979,53.36958313],[5.82638979,53.369861603],[5.827499866,53.369861603],[5.827499866,53.370140076],[5.828055859,53.370140076],[5.828055859,53.370414734],[5.829167843,53.370418549],[5.829167843,53.370693207],[5.83027792,53.370693207],[5.83027792,53.37097168],[5.830833912,53.37097168],[5.830833912,53.371250153],[5.831943989,53.371250153],[5.831943989,53.371528625],[5.833055973,53.371528625],[5.833055973,53.371807098],[5.833610058,53.371807098],[5.833610058,53.372081757],[5.834722042,53.372081757],[5.834722042,53.372360229],[5.835278034,53.372360229],[5.835278034,53.372638702],[5.836388111,53.372638702],[5.836388111,53.372917175],[5.836944103,53.372917175],[5.836944103,53.373195648],[5.837500095,53.373195648],[5.837500095,53.373470306],[5.838056087,53.373474121],[5.838056087,53.373748779],[5.839166164,53.373748779],[5.839166164,53.374027252],[5.83972311,53.374027252],[5.83972311,53.374305725],[5.840279102,53.374305725],[5.840279102,53.374584198],[5.840832233,53.374584198],[5.840832233,53.374862671],[5.841945171,53.374862671],[5.841945171,53.375137329],[5.842501163,53.375137329],[5.842501163,53.375415802],[5.843054771,53.375415802],[5.843054771,53.375694275],[5.843610764,53.375694275],[5.843610764,53.375972748],[5.844723225,53.375972748],[5.844723225,53.376251221],[5.845276833,53.376251221],[5.845276833,53.376525879],[5.846388817,53.376525879],[5.846388817,53.376804352],[5.847498894,53.376804352],[5.847498894,53.377082825],[5.848054886,53.377082825],[5.848054886,53.377361298],[5.84916687,53.377361298],[5.84916687,53.377639771],[5.850276947,53.377639771],[5.850276947,53.377918243],[5.851388931,53.377918243],[5.851388931,53.378192902],[5.852499008,53.378192902],[5.852499008,53.378471375],[5.853055,53.378471375],[5.853055,53.378749847],[5.854165077,53.378749847],[5.854165077,53.37902832],[5.855278015,53.37902832],[5.855278015,53.379306793],[5.856389999,53.379306793],[5.856389999,53.379581451],[5.857500076,53.379581451],[5.857500076,53.379859924],[5.858612061,53.379859924],[5.858612061,53.380138397],[5.86027813,53.380138397],[5.86027813,53.38041687],[5.861388206,53.38041687],[5.861390114,53.380695343],[5.862500191,53.380695343],[5.862500191,53.380973816],[5.863609791,53.380973816],[5.863609791,53.381248474],[5.865277767,53.381248474],[5.865277767,53.381526947],[5.866387844,53.381526947],[5.866387844,53.38180542],[5.868053913,53.38180542],[5.868056774,53.382083893],[5.869166851,53.382083893],[5.869166851,53.382362366],[5.869722843,53.382362366],[5.869722843,53.382637024],[5.870278835,53.382637024],[5.870278835,53.382915497],[5.87083292,53.382915497],[5.87083292,53.38319397],[5.871388912,53.38319397],[5.871388912,53.383472443],[5.871944904,53.383472443],[5.871944904,53.383750916],[5.872500896,53.383750916],[5.872500896,53.384029388],[5.873610973,53.384029388],[5.873610973,53.384304047],[5.874166965,53.384304047],[5.874166965,53.38458252],[5.87472105,53.38458252],[5.874722958,53.384860992],[5.875277042,53.384860992],[5.875277042,53.385139465],[5.875833035,53.385139465],[5.875833035,53.385417938],[5.876389027,53.385417938],[5.876389027,53.385692596],[5.876945019,53.385692596],[5.876945019,53.385971069],[5.877499104,53.385971069],[5.877499104,53.386249542],[5.878055096,53.386249542],[5.878055096,53.386528015],[5.878611088,53.386528015],[5.878611088,53.386806488],[5.879721165,53.386806488],[5.879721165,53.387084961],[5.880277157,53.387084961],[5.880277157,53.387359619],[5.880834103,53.387359619],[5.880834103,53.387638092],[5.881390095,53.387638092],[5.881390095,53.387916565],[5.882500172,53.387916565],[5.882500172,53.388195038],[5.883056164,53.388195038],[5.883056164,53.388473511],[5.883612156,53.388473511],[5.883612156,53.388748169],[5.884722233,53.388748169],[5.884722233,53.389305115],[5.883612156,53.389305115],[5.883612156,53.389862061],[5.883056164,53.389862061],[5.883056164,53.390415192],[5.882500172,53.390415192],[5.882500172,53.390693665],[5.881946087,53.390693665],[5.881946087,53.39125061],[5.881390095,53.39125061],[5.881390095,53.391803741],[5.880834103,53.391803741],[5.880834103,53.392360687],[5.880277157,53.392360687],[5.880277157,53.393470764],[5.879721165,53.393470764],[5.879721165,53.393749237],[5.879168034,53.393749237],[5.879168034,53.394584656],[5.878611088,53.394584656],[5.878611088,53.394859314],[5.878055096,53.394859314],[5.878055096,53.395137787],[5.877499104,53.395137787],[5.877499104,53.395973206],[5.878055096,53.395973206],[5.878055096,53.396251678],[5.879721165,53.396251678],[5.879721165,53.395973206],[5.880277157,53.395973206],[5.880277157,53.395694733],[5.880834103,53.395694733],[5.880834103,53.395137787],[5.881390095,53.395137787],[5.881390095,53.394859314],[5.88194418,53.394859314],[5.881946087,53.394584656],[5.882500172,53.394584656],[5.882500172,53.394306183],[5.883056164,53.394306183],[5.883056164,53.39402771],[5.883612156,53.39402771],[5.883612156,53.393749237],[5.884165764,53.393749237],[5.884165764,53.393196106],[5.884722233,53.393196106],[5.884722233,53.392917633],[5.885278225,53.392917633],[5.885278225,53.39263916],[5.885549068,53.39263916],[5.885834217,53.39263916],[5.885834217,53.392295837],[5.885834217,53.392082214],[5.886012077,53.392082214],[5.886387825,53.392082214],[5.886387825,53.391803741],[5.886943817,53.391803741],[5.886943817,53.391529083],[5.887499809,53.391529083],[5.887499809,53.39125061],[5.888055801,53.39125061],[5.888055801,53.390972137],[5.889165878,53.390972137],[5.889165878,53.390693665],[5.88972187,53.390693665],[5.88972187,53.390415192],[5.890277863,53.390415192],[5.890277863,53.390140533],[5.896389008,53.390140533],[5.896389008,53.389862061],[5.898055077,53.389862061],[5.898055077,53.389583588],[5.899723053,53.389583588],[5.899723053,53.389305115],[5.901389122,53.389305115],[5.901389122,53.389026642],[5.920279026,53.389026642],[5.920279026,53.388748169],[5.929166794,53.388748169],[5.929166794,53.389026642],[5.939722061,53.389026642],[5.939722061,53.389305115],[5.940834045,53.389305115],[5.940834045,53.389583588],[5.942500114,53.389583588],[5.942500114,53.389862061],[5.944722176,53.389862061],[5.944722176,53.390140533],[5.946387768,53.390140533],[5.946387768,53.390415192],[5.948057175,53.390415192],[5.948057175,53.390693665],[5.949722767,53.390693665],[5.949722767,53.390972137],[5.950832844,53.390972137],[5.950832844,53.39125061],[5.95250082,53.39125061],[5.95250082,53.391529083],[5.953610897,53.391529083],[5.953610897,53.391803741],[5.955276966,53.391803741],[5.955276966,53.392082214],[5.95638895,53.392082214],[5.95638895,53.392360687],[5.958055019,53.392360687],[5.958055019,53.39263916],[5.959167004,53.39263916],[5.959167004,53.392917633],[5.960834026,53.392917633],[5.960834026,53.393196106],[5.96194315,53.393196106],[5.96194315,53.393470764],[5.96361208,53.393470764],[5.96361208,53.393749237],[5.965278149,53.393749237],[5.965278149,53.39402771],[5.966944218,53.39402771],[5.966944218,53.394306183],[5.968056202,53.394306183],[5.968056202,53.394584656],[5.969721794,53.394584656],[5.969721794,53.394859314],[5.971387863,53.394859314],[5.971387863,53.395137787],[5.973053932,53.395137787],[5.973056793,53.39541626],[5.974722862,53.39541626],[5.974722862,53.395694733],[5.975832939,53.395694733],[5.975832939,53.395973206],[5.977500916,53.395973206],[5.977500916,53.396251678],[5.979166985,53.396251678],[5.979166985,53.396526337],[5.980833054,53.396526337],[5.980833054,53.39680481],[5.981945038,53.39680481],[5.981945038,53.397083282],[5.983611107,53.397083282],[5.983611107,53.397361755],[5.98638916,53.397361755],[5.98638916,53.397640228],[5.989721775,53.397640228],[5.989721775,53.397914886],[5.992499828,53.397914886],[5.992499828,53.398193359],[5.995277882,53.398193359],[5.995277882,53.398471832],[5.996387959,53.398471832],[5.996387959,53.398750305],[5.996943951,53.398750305],[5.996943951,53.399028778],[5.99861002,53.399028778],[5.99861002,53.399307251],[6.00027895,53.399307251],[6.001388073,53.399307251],[6.001388073,53.399581909],[6.003055096,53.399581909],[6.003055096,53.399860382],[6.00416708,53.399860382],[6.00416708,53.400138855],[6.004723072,53.400138855],[6.004723072,53.400417328],[6.006389141,53.400417328],[6.006389141,53.400695801],[6.007501125,53.400695801],[6.007501125,53.400970459],[6.008611202,53.400970459],[6.008611202,53.401248932],[6.010276794,53.401248932],[6.010276794,53.401527405],[6.011388779,53.401527405],[6.011388779,53.401805878],[6.012498856,53.401805878],[6.012498856,53.402084351],[6.01361084,53.402084351],[6.01361084,53.402362823],[6.014720917,53.402362823],[6.014720917,53.402637482],[6.017499924,53.402637482],[6.017499924,53.402915955],[6.025832176,53.402915955],[6.025832176,53.402637482],[6.028057098,53.402637482],[6.028057098,53.402915955],[6.030832767,53.402915955],[6.030832767,53.403194427],[6.033610821,53.403194427],[6.033610821,53.4034729],[6.036388874,53.4034729],[6.036388874,53.403751373],[6.038610935,53.403751373],[6.038610935,53.404026031],[6.041943073,53.404026031],[6.041943073,53.404304504],[6.043612003,53.404304504],[6.043612003,53.404582977],[6.046390057,53.404582977],[6.046390057,53.40486145],[6.048056126,53.40486145],[6.048056126,53.405139923],[6.053055763,53.405139923],[6.053055763,53.405418396],[6.054722786,53.405418396],[6.054722786,53.405693054],[6.055278778,53.405693054],[6.055278778,53.405418396],[6.055831909,53.405418396],[6.055831909,53.405693054],[6.057500839,53.405693054],[6.057500839,53.405971527],[6.059166908,53.405971527],[6.059166908,53.40625],[6.060278893,53.40625],[6.060278893,53.406528473],[6.061388969,53.406528473],[6.061388969,53.406806946],[6.066389084,53.406806946],[6.066389084,53.407081604],[6.068612099,53.407081604],[6.068612099,53.406806946],[6.069722176,53.406806946],[6.069722176,53.406528473],[6.07083416,53.406528473],[6.07083416,53.40625],[6.074165821,53.40625],[6.074165821,53.405971527],[6.075277805,53.405971527],[6.075277805,53.405693054],[6.076387882,53.405693054],[6.076387882,53.405418396],[6.078609943,53.405418396],[6.078609943,53.405139923],[6.079165936,53.405139923],[6.079165936,53.40486145],[6.080834866,53.40486145],[6.080834866,53.404582977],[6.081944942,53.404582977],[6.081944942,53.404304504],[6.083611012,53.404304504],[6.083611012,53.404582977],[6.084167004,53.404582977],[6.084167004,53.40486145],[6.084722996,53.40486145],[6.084722996,53.405139923],[6.085277081,53.405139923],[6.085278988,53.405418396],[6.085833073,53.405418396],[6.085833073,53.405693054],[6.086389065,53.405693054],[6.086389065,53.405971527],[6.086945057,53.405971527],[6.086945057,53.406528473],[6.087501049,53.406528473],[6.087501049,53.406806946],[6.088055134,53.406806946],[6.088055134,53.407081604],[6.088611126,53.407081604],[6.088611126,53.407360077],[6.089167118,53.407360077],[6.089167118,53.40763855],[6.08972311,53.40763855],[6.08972311,53.407917023],[6.090277195,53.407917023],[6.090277195,53.408195496],[6.091389179,53.408195496],[6.091389179,53.407917023],[6.091945171,53.407917023],[6.091945171,53.40763855],[6.09805584,53.40763855],[6.09805584,53.407360077],[6.099721909,53.407360077],[6.099721909,53.407081604],[6.100833893,53.407081604],[6.100833893,53.406806946],[6.103610039,53.406806946],[6.103610039,53.407081604],[6.105278015,53.407081604],[6.105278015,53.406806946],[6.108610153,53.406806946],[6.108610153,53.406528473],[6.110279083,53.406528473],[6.110279083,53.406806946],[6.110833168,53.406806946],[6.110833168,53.406528473],[6.113611221,53.406528473],[6.113611221,53.40625],[6.114723206,53.40625],[6.114723206,53.405971527],[6.11694479,53.405971527],[6.11694479,53.405693054],[6.117498875,53.405693054],[6.117498875,53.405315399],[6.117498875,53.405139923],[6.118054867,53.405139923],[6.118054867,53.40486145],[6.119722843,53.40486145],[6.119722843,53.405139923],[6.12083292,53.405139923],[6.12083292,53.405418396],[6.125277996,53.405418396],[6.125277996,53.405139923],[6.126944065,53.405139923],[6.126944065,53.40486145],[6.128612041,53.40486145],[6.128612041,53.404582977],[6.130834103,53.404582977],[6.130834103,53.404304504],[6.134722233,53.404304504],[6.134722233,53.404026031],[6.135831833,53.404026031],[6.135831833,53.403850555],[6.135831833,53.403751373],[6.136944771,53.403751373],[6.136944771,53.4034729],[6.139166832,53.403518677],[6.139166832,53.403751373],[6.139722824,53.403751373],[6.139722824,53.404026031],[6.140832901,53.404026031],[6.140832901,53.404304504],[6.143610954,53.404304504],[6.143610954,53.404582977],[6.144166946,53.404582977],[6.144166946,53.40486145],[6.144721031,53.40486145],[6.144722939,53.405139923],[6.145833015,53.405139923],[6.145833015,53.405418396],[6.146945,53.405418396],[6.146945,53.405693054],[6.147499084,53.405693054],[6.147499084,53.405971527],[6.148612022,53.405971527],[6.148612022,53.40625],[6.149168015,53.40625],[6.149168015,53.406528473],[6.149721146,53.406528473],[6.149721146,53.406806946],[6.150834084,53.406806946],[6.150834084,53.407081604],[6.151390076,53.407081604],[6.151390076,53.407360077],[6.152500153,53.407360077],[6.152500153,53.40763855],[6.153612137,53.40763855],[6.153612137,53.407917023],[6.154166222,53.407917023],[6.154166222,53.408195496],[6.155278206,53.408195496],[6.155278206,53.408473969],[6.155834198,53.408473969],[6.155834198,53.408748627],[6.156387806,53.408748627],[6.156387806,53.4090271],[6.15749979,53.4090271],[6.15749979,53.409305573],[6.158611774,53.409305573],[6.158611774,53.409584045],[6.159165859,53.409584045],[6.159165859,53.409862518],[6.160277843,53.409862518],[6.160277843,53.410137177],[6.16138792,53.410137177],[6.16138792,53.410415649],[6.163053989,53.410415649],[6.163053989,53.410972595],[6.163609982,53.410972595],[6.163609982,53.411251068],[6.165278912,53.411251068],[6.165278912,53.411529541],[6.165832996,53.411529541],[6.165832996,53.411804199],[6.166388988,53.411804199],[6.166388988,53.412082672],[6.166944981,53.412082672],[6.166944981,53.412361145],[6.167500973,53.412361145],[6.167500973,53.412639618],[6.16861105,53.412639618],[6.16861105,53.412918091],[6.170277119,53.412918091],[6.170277119,53.413192749],[6.171389103,53.413192749],[6.171389103,53.413471222],[6.173055172,53.413471222],[6.173055172,53.413749695],[6.173611164,53.413749695],[6.173611164,53.414028168],[6.174720764,53.414028168],[6.174720764,53.414306641],[6.176942825,53.414306641],[6.176946163,53.414585114],[6.177499771,53.414585114],[6.177499771,53.414859772],[6.178612232,53.414859772]]],[[[5.53139019,53.447917938],[5.53139019,53.447639465],[5.535833836,53.447639465],[5.535833836,53.447360992],[5.539721966,53.447360992],[5.539721966,53.44708252],[5.54083395,53.44708252],[5.54083395,53.446804047],[5.541944027,53.446804047],[5.541944027,53.446529388],[5.543610096,53.446529388],[5.543610096,53.446250916],[5.544723034,53.446250916],[5.544723034,53.445972443],[5.545279026,53.445972443],[5.545279026,53.44569397],[5.546389103,53.44569397],[5.546389103,53.445415497],[5.546945095,53.445415497],[5.546945095,53.445137024],[5.547501087,53.445137024],[5.547501087,53.444862366],[5.548055172,53.444862366],[5.548055172,53.444583893],[5.549167156,53.444583893],[5.549167156,53.44430542],[5.549723148,53.44430542],[5.549723148,53.444026947],[5.550277233,53.444026947],[5.550277233,53.443748474],[5.551389217,53.443748474],[5.551389217,53.443195343],[5.55194521,53.443195343],[5.55194521,53.442359924],[5.552498817,53.442359924],[5.552498817,53.44152832],[5.546945095,53.44152832],[5.546945095,53.441249847],[5.546389103,53.441249847],[5.546389103,53.440418243],[5.547501087,53.440418243],[5.547501087,53.439025879],[5.546945095,53.439025879],[5.546945095,53.438751221],[5.546389103,53.438751221],[5.546389103,53.438472748],[5.545833111,53.438472748],[5.545833111,53.437915802],[5.545279026,53.437915802],[5.545279026,53.437637329],[5.544723034,53.437637329],[5.544723034,53.437362671],[5.544166088,53.437362671],[5.544166088,53.435138702],[5.543610096,53.435138702],[5.543610096,53.433750153],[5.543056965,53.433750153],[5.543056965,53.432640076],[5.542500019,53.432640076],[5.542500019,53.431526184],[5.541944027,53.431526184],[5.541944027,53.430973053],[5.539165974,53.430973053],[5.539165974,53.431251526],[5.538609982,53.431251526],[5.538609982,53.431526184],[5.538055897,53.431526184],[5.538055897,53.431251526],[5.53638792,53.431251526],[5.53638792,53.430973053],[5.534721851,53.430973053],[5.534721851,53.43069458],[5.534167767,53.43069458],[5.534167767,53.430416107],[5.531942844,53.430416107],[5.531942844,53.430137634],[5.529720783,53.430137634],[5.529720783,53.429862976],[5.527499199,53.429862976],[5.527499199,53.429584503],[5.524723053,53.429584503],[5.524723053,53.42930603],[5.522500992,53.42930603],[5.522500992,53.429027557],[5.520278931,53.429027557],[5.520278931,53.428749084],[5.515831947,53.428749084],[5.515831947,53.42930603],[5.515277863,53.42930603],[5.515277863,53.429584503],[5.51472187,53.429584503],[5.51472187,53.42930603],[5.514165878,53.42930603],[5.514165878,53.429027557],[5.512499809,53.429027557],[5.512499809,53.429584503],[5.511943817,53.429584503],[5.511943817,53.43069458],[5.511387825,53.43069458],[5.511387825,53.42791748],[5.510834217,53.42791748],[5.510834217,53.426807404],[5.509722233,53.426807404],[5.509722233,53.426528931],[5.509165764,53.426528931],[5.509165764,53.426250458],[5.508056164,53.426250458],[5.508056164,53.425971985],[5.507500172,53.425971985],[5.507500172,53.425693512],[5.506390095,53.425693512],[5.506388187,53.425415039],[5.505278111,53.425415039],[5.505278111,53.425140381],[5.504721165,53.425140381],[5.504721165,53.424861908],[5.503612041,53.424861908],[5.503612041,53.424583435],[5.502499104,53.424583435],[5.502499104,53.424304962],[5.501389027,53.424304962],[5.501389027,53.424026489],[5.499722958,53.424026489],[5.49972105,53.423751831],[5.498610973,53.423751831],[5.498610973,53.423194885],[5.498054981,53.423194885],[5.498054981,53.422916412],[5.497310162,53.422916412],[5.494655132,53.422916412],[5.493610859,53.422916412],[5.493610859,53.423194885],[5.493054867,53.423194885],[5.493054867,53.423473358],[5.49194479,53.423473358],[5.49194479,53.423194885],[5.492500782,53.423194885],[5.492500782,53.422637939],[5.493054867,53.422637939],[5.493054867,53.421806335],[5.492500782,53.421806335],[5.492500782,53.42124939],[5.490831852,53.42124939],[5.490831852,53.420970917],[5.489723206,53.420970917],[5.489723206,53.420696259],[5.488056183,53.420696259],[5.488056183,53.420417786],[5.487500191,53.420417786],[5.487500191,53.41986084],[5.486944199,53.41986084],[5.486944199,53.419582367],[5.48527813,53.419582367],[5.48527813,53.419303894],[5.484166145,53.419303894],[5.484166145,53.419029236],[5.482500076,53.419029236],[5.482500076,53.418750763],[5.481944084,53.418750763],[5.481944084,53.41847229],[5.481389999,53.41847229],[5.481389999,53.418193817],[5.481112003,53.418193817],[5.480834007,53.418193817],[5.480834007,53.417915344],[5.478055954,53.417915344],[5.478055954,53.418193817],[5.476943016,53.418193817],[5.476943016,53.41847229],[5.475832939,53.41847229],[5.475832939,53.418750763],[5.474723816,53.418750763],[5.474723816,53.419029236],[5.473610878,53.419029236],[5.473610878,53.41847229],[5.473388195,53.41847229],[5.473054886,53.41847229],[5.473054886,53.417915344],[5.472498894,53.417915344],[5.472498894,53.417362213],[5.471944809,53.417362213],[5.471944809,53.41569519],[5.472498894,53.41569519],[5.472498894,53.415973663],[5.47416687,53.415973663],[5.47416687,53.414859772],[5.474723816,53.414859772],[5.474723816,53.413749695],[5.472498894,53.413749695],[5.472498894,53.413471222],[5.468678951,53.413471222],[5.466945171,53.413471222],[5.466945171,53.414028168],[5.466805935,53.414028168],[5.466389179,53.414028168],[5.466389179,53.414154053],[5.466389179,53.414306641],[5.465833187,53.414318085],[5.465833187,53.414585114],[5.464931965,53.414585114],[5.464167118,53.414585114],[5.464167118,53.414859772],[5.464008808,53.414859772],[5.461388111,53.414859772],[5.461388111,53.415138245],[5.458610058,53.415138245],[5.458610058,53.415416718],[5.457499981,53.415416718],[5.457499981,53.415138245],[5.458055973,53.415138245],[5.458055973,53.414585114],[5.458610058,53.414585114],[5.458610058,53.414306641],[5.45916605,53.414306641],[5.45916605,53.414028168],[5.459722042,53.414028168],[5.459722042,53.413471222],[5.460278034,53.413471222],[5.460278034,53.413192749],[5.460834026,53.413192749],[5.460834026,53.412918091],[5.462501049,53.412918091],[5.462501049,53.412639618],[5.463610172,53.412639618],[5.463610172,53.412361145],[5.46472311,53.412361145],[5.46472311,53.412082672],[5.465833187,53.412082672],[5.465833187,53.411804199],[5.466945171,53.411804199],[5.466945171,53.411529541],[5.468054771,53.411529541],[5.468054771,53.411251068],[5.470276833,53.411251068],[5.470276833,53.410972595],[5.472498894,53.410972595],[5.472498894,53.410694122],[5.474723816,53.410694122],[5.474723816,53.410415649],[5.476943016,53.410415649],[5.476943016,53.410137177],[5.477499008,53.410137177],[5.477499008,53.409950256],[5.477499008,53.407917023],[5.477369785,53.407917023],[5.476943016,53.407917023],[5.476915836,53.4077034],[5.476777077,53.40763855],[5.476389885,53.40763855],[5.476389885,53.40745163],[5.476389885,53.407360077],[5.476189137,53.407360077],[5.475832939,53.407360077],[5.475832939,53.407188416],[5.475832939,53.407081604],[5.475612164,53.407081604],[5.475276947,53.407081604],[5.475276947,53.406921387],[5.475276947,53.406806946],[5.475036144,53.406806946],[5.474723816,53.406806946],[5.474723816,53.406658173],[5.474723816,53.406528473],[5.474448204,53.406528473],[5.47416687,53.406528473],[5.47416687,53.406394958],[5.47416687,53.40625],[5.473862171,53.40625],[5.472498894,53.40625],[5.472498894,53.405971527],[5.470832825,53.405971527],[5.470832825,53.405693054],[5.469167233,53.405693054],[5.469167233,53.405418396],[5.467501163,53.405418396],[5.467501163,53.405139923],[5.465833187,53.405139923],[5.465833187,53.40486145],[5.464167118,53.40486145],[5.464167118,53.404582977],[5.461944103,53.404582977],[5.461944103,53.404304504],[5.460278034,53.404304504],[5.460278034,53.404026031],[5.458610058,53.404026031],[5.458610058,53.403751373],[5.456943989,53.403751373],[5.456943989,53.4034729],[5.444723129,53.4034729],[5.444723129,53.403194427],[5.39805603,53.403194427],[5.39805603,53.4034729],[5.396943092,53.4034729],[5.396943092,53.403751373],[5.395277023,53.403751373],[5.395277023,53.4034729],[5.394723892,53.4034729],[5.394721031,53.403194427],[5.394166946,53.403194427],[5.394166946,53.402915955],[5.393610954,53.402915955],[5.393610954,53.402637482],[5.391944885,53.402637482],[5.391944885,53.402362823],[5.390832901,53.402362823],[5.390832901,53.402084351],[5.389722824,53.402084351],[5.389722824,53.401805878],[5.384723186,53.401805878],[5.384723186,53.401527405],[5.384167194,53.401527405],[5.384167194,53.401248932],[5.383611202,53.401248932],[5.383611202,53.400970459],[5.383057117,53.400970459],[5.383057117,53.400695801],[5.381388187,53.400695801],[5.381388187,53.400417328],[5.380835056,53.400417328],[5.380832195,53.399581909],[5.378056049,53.399581909],[5.378056049,53.399307251],[5.376944065,53.399307251],[5.376944065,53.399028778],[5.376388073,53.399028778],[5.376388073,53.398471832],[5.375833988,53.398471832],[5.375833988,53.397914886],[5.375277996,53.397914886],[5.375277996,53.397640228],[5.374722004,53.397640228],[5.374722004,53.397361755],[5.374166012,53.397361755],[5.374166012,53.39680481],[5.373611927,53.39680481],[5.373611927,53.396526337],[5.373055935,53.396526337],[5.373055935,53.396251678],[5.371943951,53.396251678],[5.371943951,53.395973206],[5.371389866,53.395973206],[5.371389866,53.395694733],[5.370277882,53.395694733],[5.370277882,53.39541626],[5.369720936,53.39541626],[5.369720936,53.395137787],[5.368611813,53.395137787],[5.368611813,53.394859314],[5.368054867,53.394859314],[5.368054867,53.394584656],[5.367498875,53.394584656],[5.367498875,53.39402771],[5.366942883,53.39402771],[5.366942883,53.393749237],[5.366388798,53.393749237],[5.366388798,53.393196106],[5.365832806,53.393196106],[5.365832806,53.392917633],[5.365276814,53.392917633],[5.365276814,53.392360687],[5.364723206,53.392360687],[5.364723206,53.392082214],[5.364167213,53.392082214],[5.364167213,53.391529083],[5.363611221,53.391529083],[5.363611221,53.39125061],[5.363055229,53.39125061],[5.363055229,53.390972137],[5.362501144,53.390972137],[5.362501144,53.390415192],[5.361945152,53.390415192],[5.361945152,53.390140533],[5.36138916,53.390140533],[5.36138916,53.389862061],[5.360833168,53.389862061],[5.360833168,53.389305115],[5.360277176,53.389305115],[5.360277176,53.389026642],[5.359723091,53.389026642],[5.359723091,53.388748169],[5.359167099,53.388748169],[5.359167099,53.388195038],[5.358611107,53.388195038],[5.358611107,53.387916565],[5.358055115,53.387916565],[5.358055115,53.387638092],[5.35750103,53.387638092],[5.35750103,53.387359619],[5.356389046,53.387359619],[5.356389046,53.387084961],[5.3558321,53.387084961],[5.3558321,53.386806488],[5.355278969,53.386806488],[5.355278969,53.386528015],[5.354166031,53.386528015],[5.354166031,53.386249542],[5.353610039,53.386249542],[5.353610039,53.385971069],[5.353055954,53.385971069],[5.353055954,53.385692596],[5.35194397,53.385692596],[5.35194397,53.385417938],[5.351387978,53.385417938],[5.351387978,53.385139465],[5.350833893,53.385139465],[5.350833893,53.384860992],[5.349721909,53.384860992],[5.349721909,53.38458252],[5.349165916,53.38458252],[5.349165916,53.384304047],[5.348611832,53.384304047],[5.348609924,53.384029388],[5.347499847,53.384029388],[5.347499847,53.383750916],[5.346943855,53.383750916],[5.346943855,53.383472443],[5.346389771,53.383472443],[5.346389771,53.38319397],[5.345833778,53.38319397],[5.345833778,53.382915497],[5.344721794,53.382915497],[5.344721794,53.382637024],[5.344168186,53.382637024],[5.344168186,53.382362366],[5.342498779,53.382362366],[5.342498779,53.382083893],[5.340277195,53.382083893],[5.340277195,53.38180542],[5.339167118,53.38180542],[5.339167118,53.381526947],[5.338055134,53.381526947],[5.338055134,53.381248474],[5.336389065,53.381248474],[5.336389065,53.380973816],[5.332500935,53.380973816],[5.332500935,53.380695343],[5.33138895,53.380695343],[5.33138895,53.38041687],[5.330832958,53.38041687],[5.330832958,53.380138397],[5.330278873,53.380138397],[5.330278873,53.379859924],[5.329722881,53.379859924],[5.329722881,53.379581451],[5.329166889,53.379581451],[5.329166889,53.379306793],[5.328609943,53.379306793],[5.328609943,53.37902832],[5.328053951,53.37902832],[5.328053951,53.378749847],[5.326943874,53.378749847],[5.326943874,53.377918243],[5.326387882,53.377918243],[5.326387882,53.377639771],[5.325833797,53.377639771],[5.325833797,53.377361298],[5.323612213,53.377361298],[5.323612213,53.377639771],[5.322500229,53.377655029],[5.322500229,53.377918243],[5.321726799,53.377918243],[5.320278168,53.377918243],[5.320278168,53.378471375],[5.320093155,53.378471375],[5.319166183,53.378471375],[5.319166183,53.378749847],[5.318612099,53.378749847],[5.318612099,53.37902832],[5.318448067,53.37902832],[5.317500114,53.37902832],[5.317500114,53.379306793],[5.316716194,53.379306793],[5.316390038,53.379306793],[5.316390038,53.379581451],[5.314721107,53.379581451],[5.314721107,53.379859924],[5.314167976,53.379859924],[5.314167976,53.380138397],[5.313611031,53.380138397],[5.313611031,53.379859924],[5.313055038,53.379859924],[5.313055038,53.379581451],[5.312499046,53.379581451],[5.312499046,53.379306793],[5.311944962,53.379306793],[5.311944962,53.37902832],[5.311388969,53.37902832],[5.311388969,53.378471375],[5.310832977,53.378471375],[5.310832977,53.377361298],[5.310276985,53.377361298],[5.310276985,53.377082825],[5.308610916,53.377082825],[5.308610916,53.376525879],[5.307498932,53.376525879],[5.307498932,53.376251221],[5.306944847,53.376251221],[5.306944847,53.375972748],[5.305278778,53.375972748],[5.305278778,53.375694275],[5.304722786,53.375694275],[5.304722786,53.375415802],[5.304166794,53.375415802],[5.304166794,53.375137329],[5.302501202,53.375137329],[5.302501202,53.375415802],[5.299722195,53.375415802],[5.299722195,53.375694275],[5.29861021,53.375694275],[5.29861021,53.375972748],[5.298056126,53.375972748],[5.298056126,53.376251221],[5.295834064,53.376251221],[5.295834064,53.375694275],[5.296388149,53.375694275],[5.296388149,53.375137329],[5.296944141,53.375137329],[5.296944141,53.374862671],[5.297500134,53.374862671],[5.297500134,53.374584198],[5.298056126,53.374584198],[5.298056126,53.373474121],[5.297500134,53.373470306],[5.297500134,53.372638702],[5.296944141,53.372638702],[5.296944141,53.371807098],[5.296388149,53.371807098],[5.296388149,53.370693207],[5.295834064,53.370693207],[5.295834064,53.370140076],[5.293612003,53.370140076],[5.293612003,53.370414734],[5.290277958,53.370418549],[5.290277958,53.370693207],[5.288611889,53.370693207],[5.288611889,53.37097168],[5.287498951,53.37097168],[5.287498951,53.371250153],[5.285832882,53.371250153],[5.285832882,53.371528625],[5.284722805,53.371528625],[5.284722805,53.371807098],[5.283054829,53.371807098],[5.283054829,53.372360229],[5.280832767,53.372360229],[5.280832767,53.372638702],[5.279723167,53.372638702],[5.279723167,53.372917175],[5.277501106,53.372917175],[5.277501106,53.373195648],[5.274166107,53.373195648],[5.274166107,53.372638702],[5.273610115,53.372638702],[5.273610115,53.372360229],[5.272500038,53.372360229],[5.272500038,53.372081757],[5.271944046,53.372081757],[5.271944046,53.371807098],[5.270833969,53.371807098],[5.270833969,53.371528625],[5.269721985,53.371528625],[5.269721985,53.371250153],[5.269165993,53.371250153],[5.269165993,53.37097168],[5.266943932,53.37097168],[5.266943932,53.371250153],[5.266389847,53.371250153],[5.266389847,53.371528625],[5.26472187,53.371528625],[5.26472187,53.371807098],[5.264167786,53.371807098],[5.264167786,53.372081757],[5.263611794,53.372081757],[5.263611794,53.372360229],[5.263055801,53.372360229],[5.263055801,53.372638702],[5.25805521,53.372638702],[5.25805521,53.372360229],[5.257499218,53.372360229],[5.257499218,53.372081757],[5.256945133,53.372081757],[5.256945133,53.371528625],[5.256389141,53.371528625],[5.256389141,53.371250153],[5.255833149,53.371250153],[5.255833149,53.37097168],[5.255277157,53.37097168],[5.255277157,53.370418549],[5.254723072,53.370414734],[5.254723072,53.370140076],[5.25416708,53.370140076],[5.25416708,53.369861603],[5.253611088,53.369861603],[5.253611088,53.36958313],[5.252501011,53.36958313],[5.252501011,53.369304657],[5.251945019,53.369304657],[5.251945019,53.369026184],[5.251389027,53.369026184],[5.251389027,53.368751526],[5.250833035,53.368751526],[5.250833035,53.368473053],[5.25027895,53.368473053],[5.25027895,53.36819458],[5.249722958,53.36819458],[5.249722958,53.367916107],[5.249166965,53.367916107],[5.249166965,53.367637634],[5.24861002,53.367637634],[5.24861002,53.367362976],[5.248054028,53.367362976],[5.248054028,53.367084503],[5.247500896,53.367084503],[5.247500896,53.36680603],[5.246943951,53.36680603],[5.246943951,53.366527557],[5.245277882,53.366527557],[5.245277882,53.366249084],[5.244165897,53.366249084],[5.244165897,53.365970612],[5.242499828,53.365970612],[5.242499828,53.365795135],[5.242499828,53.365695953],[5.240277767,53.365695953],[5.240277767,53.365810394],[5.240277767,53.365970612],[5.239721775,53.365970612],[5.239721775,53.366249084],[5.239165783,53.366249084],[5.239165783,53.36680603],[5.238612175,53.36680603],[5.238612175,53.366527557],[5.238056183,53.366527557],[5.238056183,53.366249084],[5.236390114,53.366249084],[5.236390114,53.365970612],[5.232499123,53.365970612],[5.232499123,53.365695953],[5.231945038,53.365695953],[5.231945038,53.36541748],[5.230833054,53.36541748],[5.230833054,53.365695953],[5.223056793,53.365695953],[5.223054886,53.365139008],[5.222500801,53.365139008],[5.222500801,53.364582062],[5.221944809,53.364582062],[5.221944809,53.364028931],[5.222500801,53.364028931],[5.222500801,53.363471985],[5.221944809,53.363471985],[5.221944809,53.363193512],[5.221387863,53.363193512],[5.221387863,53.362640381],[5.220831871,53.362640381],[5.220831871,53.362361908],[5.220279217,53.362361908],[5.220279217,53.362083435],[5.219721794,53.362083435],[5.219721794,53.361526489],[5.219165802,53.361526489],[5.219165802,53.360694885],[5.21860981,53.360694885],[5.21860981,53.359027863],[5.218056202,53.359027863],[5.218056202,53.357917786],[5.21860981,53.357917786],[5.21860981,53.356929779],[5.21860981,53.356803894],[5.218056202,53.356803894],[5.218056202,53.35597229],[5.216944218,53.35597229],[5.216944218,53.355693817],[5.212128162,53.355693817],[5.210278034,53.355693817],[5.210278034,53.35597229],[5.209165096,53.35597229],[5.209165096,53.356250763],[5.208055973,53.356250763],[5.208055973,53.356529236],[5.205832958,53.356529236],[5.205832958,53.356250763],[5.205276966,53.356250763],[5.205276966,53.355693817],[5.204722881,53.355693817],[5.204722881,53.355140686],[5.204166889,53.355140686],[5.204166889,53.354862213],[5.203610897,53.354862213],[5.203610897,53.354305267],[5.203054905,53.354305267],[5.203054905,53.353748322],[5.202498913,53.353748322],[5.202498913,53.35319519],[5.201944828,53.35319519],[5.201944828,53.352359772],[5.201388836,53.352359772],[5.201388836,53.351806641],[5.200832844,53.351806641],[5.200832844,53.351528168],[5.200276852,53.351528168],[5.200276852,53.351249695],[5.199722767,53.351249695],[5.199722767,53.350692749],[5.199166775,53.350692749],[5.199166775,53.350418091],[5.198610783,53.350418091],[5.198610783,53.350139618],[5.19805479,53.350139618],[5.19805479,53.349861145],[5.197501183,53.349861145],[5.197501183,53.349582672],[5.19694519,53.349582672],[5.19694519,53.349029541],[5.196389198,53.349029541],[5.196389198,53.348751068],[5.195833206,53.348751068],[5.195833206,53.348472595],[5.195279121,53.348472595],[5.195279121,53.348194122],[5.194166183,53.348194122],[5.194166183,53.347915649],[5.193610191,53.347915649],[5.193610191,53.347637177],[5.192500114,53.347637177],[5.192500114,53.347362518],[5.19138813,53.347362518],[5.19138813,53.347084045],[5.190278053,53.347084045],[5.190278053,53.346805573],[5.189722061,53.346805573],[5.189722061,53.3465271],[5.188610077,53.3465271],[5.188610077,53.346248627],[5.179166794,53.346248627],[5.179166794,53.3465271],[5.174723148,53.3465271],[5.174723148,53.346805573],[5.174167156,53.346805573],[5.174167156,53.347084045],[5.173055172,53.347084045],[5.173055172,53.347362518],[5.172501087,53.347362518],[5.172501087,53.347637177],[5.171389103,53.347637177],[5.171389103,53.347915649],[5.170833111,53.347915649],[5.170833111,53.348194122],[5.169723034,53.348194122],[5.169723034,53.348472595],[5.169167042,53.348472595],[5.169167042,53.348751068],[5.168054104,53.348751068],[5.168054104,53.349029541],[5.167500973,53.349029541],[5.167500973,53.349304199],[5.166388035,53.349304199],[5.166388035,53.349582672],[5.165834904,53.349582672],[5.165834904,53.349861145],[5.165277958,53.349861145],[5.165277958,53.350139618],[5.164270878,53.350185394],[5.164165974,53.350189209],[5.164165974,53.350418091],[5.163722038,53.350460052],[5.163609982,53.350471497],[5.163609982,53.350692749],[5.163175106,53.350692749],[5.162499905,53.350692749],[5.162499905,53.350971222],[5.161943913,53.350971222],[5.161943913,53.351249695],[5.16138792,53.351249695],[5.16138792,53.351528168],[5.160277843,53.351528168],[5.160277843,53.351806641],[5.159721851,53.351806641],[5.159721851,53.352085114],[5.159542084,53.352085114],[5.159165859,53.352085114],[5.159165859,53.35219574],[5.159165859,53.352359772],[5.158609867,53.352359772],[5.158055782,53.352359772],[5.158055782,53.352523804],[5.158055782,53.352638245],[5.157666206,53.352672577],[5.15749979,53.352687836],[5.15749979,53.352916718],[5.156717777,53.352916718],[5.15639019,53.352916718],[5.15639019,53.35319519],[5.155834198,53.35319519],[5.155834198,53.353473663],[5.155412197,53.353473663],[5.154720783,53.353473663],[5.154720783,53.353748322],[5.154168129,53.353748322],[5.154168129,53.354026794],[5.153055191,53.354026794],[5.153055191,53.354305267],[5.152499199,53.354305267],[5.152499199,53.359306335],[5.153055191,53.359306335],[5.153055191,53.359859467],[5.153612137,53.359859467],[5.153612137,53.360694885],[5.154168129,53.360694885],[5.154168129,53.361251831],[5.154720783,53.361251831],[5.154720783,53.361526489],[5.155278206,53.361526489],[5.155278206,53.362083435],[5.155834198,53.362083435],[5.155834198,53.362361908],[5.15639019,53.362361908],[5.15639019,53.362640381],[5.156943798,53.362640381],[5.156943798,53.363193512],[5.15749979,53.363193512],[5.15749979,53.363471985],[5.158055782,53.363471985],[5.158055782,53.363750458],[5.158611774,53.363750458],[5.158611774,53.364307404],[5.159165859,53.364307404],[5.159165859,53.364582062],[5.159721851,53.364582062],[5.159721851,53.365139008],[5.160277843,53.365139008],[5.160277843,53.365695953],[5.160833836,53.365695953],[5.160833836,53.365970612],[5.16138792,53.365970612],[5.16138792,53.366527557],[5.161943913,53.366527557],[5.161943913,53.367084503],[5.162499905,53.367084503],[5.162499905,53.367637634],[5.163055897,53.367637634],[5.163055897,53.367916107],[5.163609982,53.367916107],[5.163609982,53.368473053],[5.164165974,53.368473053],[5.164165974,53.369026184],[5.164721966,53.369026184],[5.164721966,53.369304657],[5.165277958,53.369304657],[5.165277958,53.369861603],[5.165834904,53.369861603],[5.165834904,53.370418549],[5.166388035,53.370418549],[5.166388035,53.37097168],[5.166944027,53.37097168],[5.166944027,53.371250153],[5.167500973,53.371250153],[5.167500973,53.371807098],[5.168054104,53.371807098],[5.168054104,53.372081757],[5.16861105,53.372081757],[5.16861105,53.372360229],[5.169167042,53.372360229],[5.169167042,53.372917175],[5.169723034,53.372917175],[5.169723034,53.373195648],[5.170277119,53.373195648],[5.170277119,53.373474121],[5.170833111,53.373474121],[5.170833111,53.374027252],[5.171389103,53.374027252],[5.171389103,53.374305725],[5.171945095,53.374305725],[5.171945095,53.374584198],[5.172501087,53.374584198],[5.172501087,53.375137329],[5.173055172,53.375137329],[5.173055172,53.375415802],[5.173611164,53.375415802],[5.173611164,53.375694275],[5.174167156,53.375694275],[5.174167156,53.376251221],[5.174723148,53.376251221],[5.174723148,53.376525879],[5.175277233,53.376529694],[5.175277233,53.376804352],[5.175833225,53.376804352],[5.175833225,53.377361298],[5.176389217,53.377361298],[5.176389217,53.377639771],[5.17694521,53.377639771],[5.17694521,53.378192902],[5.177498817,53.378192902],[5.177498817,53.378471375],[5.17805481,53.378471375],[5.17805481,53.378749847],[5.178610802,53.378749847],[5.178610802,53.379306793],[5.179166794,53.379306793],[5.179166794,53.379581451],[5.179720879,53.379585266],[5.179720879,53.380138397],[5.180276871,53.380138397],[5.180276871,53.38041687],[5.180833817,53.38041687],[5.180833817,53.380695343],[5.181389809,53.380695343],[5.181389809,53.381248474],[5.18194294,53.381248474],[5.18194294,53.381526947],[5.182499886,53.381526947],[5.182499886,53.382083893],[5.183055878,53.382083893],[5.183055878,53.382362366],[5.18361187,53.382362366],[5.18361187,53.382637024],[5.184165955,53.382637024],[5.184165955,53.38319397],[5.184721947,53.38319397],[5.184721947,53.383750916],[5.185277939,53.383750916],[5.185277939,53.384304047],[5.185833931,53.384304047],[5.185833931,53.385139465],[5.186389923,53.385139465],[5.186389923,53.385971069],[5.186944008,53.385971069],[5.186944008,53.386528015],[5.1875,53.386528015],[5.1875,53.387359619],[5.188055992,53.387359619],[5.188055992,53.388195038],[5.188610077,53.388195038],[5.188610077,53.388748169],[5.189166069,53.388748169],[5.189166069,53.389583588],[5.189722061,53.389583588],[5.189722061,53.390140533],[5.190278053,53.390140533],[5.190278053,53.390693665],[5.190832138,53.390693665],[5.190834045,53.39125061],[5.19138813,53.39125061],[5.19138813,53.391803741],[5.191944122,53.391803741],[5.191944122,53.392360687],[5.192500114,53.392360687],[5.192500114,53.392917633],[5.19305706,53.392917633],[5.19305706,53.393470764],[5.193610191,53.393470764],[5.193610191,53.393749237],[5.194166183,53.393749237],[5.194166183,53.39402771],[5.194723129,53.39402771],[5.194723129,53.394306183],[5.195279121,53.394306183],[5.195279121,53.394584656],[5.195833206,53.394584656],[5.195833206,53.394859314],[5.19805479,53.394859314],[5.19805479,53.395137787],[5.199722767,53.395137787],[5.199722767,53.39541626],[5.201944828,53.39541626],[5.201944828,53.395694733],[5.203610897,53.395694733],[5.203610897,53.395973206],[5.205832958,53.395973206],[5.205832958,53.396251678],[5.207499027,53.396251678],[5.207499027,53.396526337],[5.209165096,53.396526337],[5.209165096,53.39680481],[5.210834026,53.39680481],[5.210834026,53.397083282],[5.212500095,53.397083282],[5.212500095,53.397361755],[5.214166164,53.397361755],[5.214166164,53.397640228],[5.215278149,53.397640228],[5.215278149,53.397914886],[5.216944218,53.397914886],[5.216944218,53.398193359],[5.21860981,53.398193359],[5.21860981,53.398471832],[5.220279217,53.398471832],[5.220279217,53.398750305],[5.221944809,53.398750305],[5.221944809,53.399028778],[5.223610878,53.399028778],[5.223610878,53.399307251],[5.225278854,53.399307251],[5.225278854,53.399581909],[5.227499008,53.399581909],[5.227499008,53.399860382],[5.229166985,53.399860382],[5.229166985,53.400138855],[5.231389046,53.400138855],[5.231389046,53.400417328],[5.233055115,53.400417328],[5.233055115,53.400695801],[5.23527813,53.400695801],[5.23527813,53.400970459],[5.236944199,53.400970459],[5.236944199,53.401248932],[5.239165783,53.401248932],[5.239165783,53.401527405],[5.240834236,53.401527405],[5.240834236,53.401805878],[5.24305582,53.401805878],[5.24305582,53.402084351],[5.244721889,53.402084351],[5.244721889,53.402362823],[5.246943951,53.402362823],[5.246943951,53.402637482],[5.24861002,53.402637482],[5.24861002,53.402915955],[5.250277042,53.402915955],[5.25027895,53.403194427],[5.251945019,53.403194427],[5.251945019,53.4034729],[5.253611088,53.4034729],[5.253611088,53.403751373],[5.255277157,53.403751373],[5.255277157,53.404026031],[5.256389141,53.404026031],[5.256389141,53.404304504],[5.25805521,53.404304504],[5.25805521,53.404582977],[5.259720802,53.404582977],[5.259720802,53.40486145],[5.261390209,53.40486145],[5.261390209,53.405139923],[5.263055801,53.405139923],[5.263055801,53.405418396],[5.26472187,53.405418396],[5.26472187,53.405693054],[5.266389847,53.405693054],[5.266389847,53.405971527],[5.268610001,53.405971527],[5.268610001,53.40625],[5.270277977,53.40625],[5.270277977,53.406528473],[5.271944046,53.406528473],[5.271944046,53.406806946],[5.273610115,53.406806946],[5.273610115,53.407081604],[5.275279045,53.407081604],[5.275279045,53.407360077],[5.276945114,53.407360077],[5.276945114,53.40763855],[5.279167175,53.40763855],[5.279167175,53.407917023],[5.280832767,53.407917023],[5.280832767,53.408195496],[5.282498837,53.408195496],[5.282498837,53.408473969],[5.284722805,53.408473969],[5.284722805,53.408748627],[5.286388874,53.408748627],[5.286388874,53.4090271],[5.288611889,53.4090271],[5.288611889,53.409305573],[5.29083395,53.409305573],[5.29083395,53.409584045],[5.292500019,53.409584045],[5.292500019,53.409862518],[5.29472208,53.409862518],[5.29472208,53.410137177],[5.296944141,53.410137177],[5.296944141,53.410415649],[5.299166203,53.410415649],[5.299166203,53.410694122],[5.300831795,53.410694122],[5.300831795,53.410972595],[5.303053856,53.410972595],[5.303057194,53.411251068],[5.305278778,53.411251068],[5.305278778,53.411529541],[5.306944847,53.411529541],[5.306944847,53.411804199],[5.309166908,53.411804199],[5.309166908,53.412082672],[5.311944962,53.412082672],[5.311944962,53.412361145],[5.314721107,53.412361145],[5.314721107,53.412639618],[5.318056107,53.412639618],[5.318056107,53.412918091],[5.32083416,53.412918091],[5.32083416,53.413192749],[5.323612213,53.413192749],[5.323612213,53.413471222],[5.325277805,53.413471222],[5.325277805,53.413749695],[5.326943874,53.413749695],[5.326943874,53.414028168],[5.328053951,53.414028168],[5.328053951,53.414306641],[5.329722881,53.414306641],[5.329722881,53.414585114],[5.33138895,53.414585114],[5.33138895,53.414859772],[5.333055019,53.414859772],[5.333055019,53.415138245],[5.334722996,53.415138245],[5.334722996,53.415416718],[5.335833073,53.415416718],[5.335833073,53.41569519],[5.337499142,53.41569519],[5.337499142,53.415973663],[5.339167118,53.415973663],[5.339167118,53.416248322],[5.340833187,53.416248322],[5.340833187,53.416526794],[5.342498779,53.416526794],[5.342498779,53.416805267],[5.344168186,53.416805267],[5.344168186,53.41708374],[5.345833778,53.41708374],[5.345833778,53.417362213],[5.347499847,53.417362213],[5.347499847,53.417640686],[5.348609924,53.417640686],[5.348609924,53.417915344],[5.350277901,53.417915344],[5.350277901,53.418193817],[5.35194397,53.418193817],[5.35194397,53.41847229],[5.353610039,53.41847229],[5.353610039,53.418750763],[5.355278969,53.418750763],[5.355278969,53.419029236],[5.35750103,53.419029236],[5.35750103,53.419303894],[5.359723091,53.419303894],[5.359723091,53.419582367],[5.361945152,53.419582367],[5.361945152,53.41986084],[5.363611221,53.41986084],[5.363611221,53.420139313],[5.365832806,53.420139313],[5.365832806,53.420417786],[5.368054867,53.420417786],[5.368054867,53.420696259],[5.369720936,53.420696259],[5.369720936,53.420970917],[5.371389866,53.420970917],[5.371389866,53.42124939],[5.372499943,53.42124939],[5.372499943,53.421527863],[5.374166012,53.421527863],[5.374166012,53.421806335],[5.375833988,53.421806335],[5.375833988,53.422084808],[5.376944065,53.422084808],[5.376944065,53.422359467],[5.378056049,53.422359467],[5.378056049,53.422637939],[5.379722118,53.422637939],[5.379722118,53.422916412],[5.380832195,53.422916412],[5.380832195,53.423194885],[5.38194418,53.423194885],[5.38194418,53.423473358],[5.383057117,53.423473358],[5.383057117,53.423751831],[5.384723186,53.423751831],[5.384723186,53.424026489],[5.385832787,53.424026489],[5.385832787,53.424304962],[5.386944771,53.424304962],[5.386944771,53.424583435],[5.38861084,53.424583435],[5.38861084,53.424861908],[5.390832901,53.424861908],[5.390832901,53.425140381],[5.39249897,53.425140381],[5.39249897,53.425415039],[5.394166946,53.425415039],[5.394166946,53.425693512],[5.395833969,53.425693512],[5.395833969,53.425971985],[5.39805603,53.425971985],[5.39805603,53.426250458],[5.399722099,53.426250458],[5.399722099,53.426528931],[5.401388168,53.426528931],[5.401390076,53.426807404],[5.403056145,53.426807404],[5.403056145,53.427082062],[5.404722214,53.427082062],[5.404722214,53.427360535],[5.405834198,53.427360535],[5.405834198,53.427639008],[5.40749979,53.427639008],[5.40749979,53.42791748],[5.409165859,53.42791748],[5.409165859,53.428195953],[5.410832882,53.428195953],[5.410832882,53.428470612],[5.411944866,53.428470612],[5.411944866,53.428749084],[5.413610935,53.428749084],[5.413610935,53.429027557],[5.415278912,53.429027557],[5.415278912,53.42930603],[5.416944981,53.42930603],[5.416944981,53.429584503],[5.418055058,53.429584503],[5.418055058,53.429862976],[5.419721127,53.429862976],[5.419721127,53.430137634],[5.421389103,53.430137634],[5.421389103,53.430416107],[5.42249918,53.430416107],[5.42249918,53.43069458],[5.42416811,53.43069458],[5.42416811,53.430973053],[5.425278187,53.430973053],[5.425278187,53.431251526],[5.426943779,53.431251526],[5.426943779,53.431526184],[5.428055763,53.431526184],[5.428055763,53.431804657],[5.429721832,53.431804657],[5.429721832,53.43208313],[5.430833817,53.43208313],[5.430833817,53.432361603],[5.432499886,53.432361603],[5.432499886,53.432640076],[5.433609962,53.432640076],[5.433609962,53.432918549],[5.435278893,53.432918549],[5.435278893,53.433193207],[5.436388016,53.433193207],[5.436388016,53.43347168],[5.438054085,53.43347168],[5.438054085,53.433750153],[5.439167023,53.433750153],[5.439167023,53.434028625],[5.4402771,53.434028625],[5.4402771,53.434307098],[5.441389084,53.434307098],[5.441389084,53.434581757],[5.443055153,53.434581757],[5.443055153,53.434860229],[5.444167137,53.434860229],[5.444167137,53.435138702],[5.445277214,53.435138702],[5.445277214,53.435417175],[5.446389198,53.435417175],[5.446389198,53.435695648],[5.447498798,53.435695648],[5.447498798,53.435974121],[5.449168205,53.435974121],[5.449168205,53.436248779],[5.450277805,53.436248779],[5.450277805,53.436527252],[5.45138979,53.436527252],[5.45138979,53.436805725],[5.452499866,53.436805725],[5.452499866,53.437084198],[5.453611851,53.437084198],[5.453611851,53.437362671],[5.45527792,53.437362671],[5.45527792,53.437637329],[5.456387997,53.437637329],[5.456387997,53.437915802],[5.457499981,53.437915802],[5.457499981,53.438194275],[5.458610058,53.438194275],[5.458610058,53.438472748],[5.459722042,53.438472748],[5.459722042,53.438751221],[5.460832119,53.438751221],[5.460834026,53.439025879],[5.461944103,53.439029694],[5.461944103,53.439304352],[5.463057041,53.439304352],[5.463057041,53.439582825],[5.464167118,53.439582825],[5.464167118,53.439861298],[5.465279102,53.439861298],[5.465279102,53.440139771],[5.466389179,53.440139771],[5.466389179,53.440418243],[5.467498779,53.440418243],[5.467501163,53.440692902],[5.468610764,53.440692902],[5.468610764,53.440971375],[5.469723225,53.440971375],[5.469723225,53.441249847],[5.470832825,53.441249847],[5.470832825,53.44152832],[5.472498894,53.44152832],[5.472498894,53.441806793],[5.473610878,53.441806793],[5.473610878,53.442081451],[5.475276947,53.442085266],[5.475276947,53.442359924],[5.476389885,53.442359924],[5.476389885,53.442638397],[5.478055954,53.442638397],[5.478055954,53.44291687],[5.479166031,53.44291687],[5.479166031,53.443195343],[5.480834007,53.443195343],[5.480834007,53.443473816],[5.481944084,53.443473816],[5.481944084,53.443748474],[5.483612061,53.443748474],[5.483612061,53.444026947],[5.484722137,53.444026947],[5.484722137,53.44430542],[5.486388206,53.44430542],[5.486388206,53.444583893],[5.488609791,53.444583893],[5.488609791,53.444862366],[5.490279198,53.444862366],[5.490279198,53.445137024],[5.49194479,53.445137024],[5.49194479,53.445415497],[5.493610859,53.445415497],[5.493610859,53.44569397],[5.49583292,53.44569397],[5.49583292,53.445972443],[5.497498989,53.445972443],[5.497498989,53.446250916],[5.499166965,53.446250916],[5.499166965,53.446529388],[5.500833035,53.446529388],[5.500833035,53.446804047],[5.503055096,53.446804047],[5.503055096,53.44708252],[5.504721165,53.44708252],[5.504721165,53.447360992],[5.511387825,53.447360992],[5.511387825,53.447639465],[5.513366222,53.447639465],[5.519166946,53.447639465],[5.519166946,53.447917938],[5.53139019,53.447917938]]],[[[6.062499046,53.458473206],[6.062499046,53.458194733],[6.063055038,53.458194733],[6.063055038,53.457084656],[6.063611031,53.457084656],[6.063611031,53.456249237],[6.064167023,53.456249237],[6.064167023,53.455417633],[6.064721107,53.455417633],[6.064721107,53.454582214],[6.0652771,53.454582214],[6.0652771,53.45375061],[6.065833092,53.45375061],[6.065833092,53.453193665],[6.066389084,53.453193665],[6.066389084,53.452640533],[6.065833092,53.452640533],[6.065833092,53.452362061],[6.0652771,53.452362061],[6.0652771,53.452083588],[6.064721107,53.452083588],[6.064721107,53.451805115],[6.063055038,53.451805115],[6.063055038,53.451526642],[6.062499046,53.451526642],[6.062499046,53.451248169],[6.060832977,53.451248169],[6.060832977,53.450973511],[6.059166908,53.450973511],[6.059166908,53.450695038],[6.056944847,53.450695038],[6.056944847,53.450416565],[6.056388855,53.450416565],[6.056388855,53.450138092],[6.055831909,53.450138092],[6.055831909,53.449584961],[6.055278778,53.449584961],[6.055278778,53.449306488],[6.053609848,53.449306488],[6.053609848,53.449028015],[6.049722195,53.449028015],[6.049722195,53.449584961],[6.049166203,53.449584961],[6.049166203,53.450973511],[6.048612118,53.450973511],[6.048612118,53.453472137],[6.049166203,53.453472137],[6.049166203,53.454029083],[6.049722195,53.454029083],[6.049722195,53.454582214],[6.050278187,53.454582214],[6.050278187,53.454860687],[6.051943779,53.454860687],[6.051943779,53.45513916],[6.053053856,53.45513916],[6.053055763,53.455417633],[6.053609848,53.455417633],[6.053609848,53.455696106],[6.054722786,53.455696106],[6.054722786,53.455970764],[6.055278778,53.455970764],[6.055278778,53.456249237],[6.056388855,53.456249237],[6.056388855,53.45652771],[6.057500839,53.45652771],[6.057500839,53.456806183],[6.058054924,53.456806183],[6.058054924,53.457084656],[6.058610916,53.457084656],[6.058610916,53.457359314],[6.059166908,53.457359314],[6.059166908,53.457637787],[6.060278893,53.457637787],[6.060278893,53.45791626],[6.060832977,53.45791626],[6.060832977,53.458194733],[6.061388969,53.458194733],[6.061388969,53.458473206],[6.062499046,53.458473206]]],[[[5.674166203,53.471805573],[5.674166203,53.4715271],[5.674722195,53.4715271],[5.674722195,53.471248627],[5.675831795,53.471248627],[5.675831795,53.470973969],[5.677499771,53.470973969],[5.677499771,53.470695496],[5.678609848,53.470695496],[5.678609848,53.470417023],[5.680278778,53.470417023],[5.680278778,53.47013855],[5.680850983,53.47013855],[5.681388855,53.47013855],[5.681388855,53.469860077],[5.683054924,53.469860077],[5.683054924,53.469581604],[5.684166908,53.469581604],[5.684166908,53.469306946],[5.685276985,53.469306946],[5.685276985,53.469028473],[5.686388969,53.469028473],[5.686388969,53.469581604],[5.688611031,53.469581604],[5.688611031,53.467918396],[5.689167023,53.467918396],[5.689167023,53.46736145],[5.6902771,53.46736145],[5.6902771,53.467082977],[5.692499161,53.467082977],[5.692499161,53.466804504],[5.693056107,53.466804504],[5.693056107,53.466526031],[5.693612099,53.466526031],[5.693612099,53.466251373],[5.694166183,53.466251373],[5.694166183,53.4659729],[5.694722176,53.4659729],[5.694722176,53.465694427],[5.69583416,53.465694427],[5.69583416,53.465415955],[5.696387768,53.465415955],[5.696387768,53.465137482],[5.696944237,53.465137482],[5.696944237,53.464862823],[5.697500229,53.464862823],[5.697500229,53.464584351],[5.698612213,53.464584351],[5.698612213,53.464305878],[5.699165821,53.464305878],[5.699165821,53.464027405],[5.699721813,53.464027405],[5.699721813,53.463748932],[5.700277805,53.463748932],[5.700277805,53.463195801],[5.700833797,53.463195801],[5.700833797,53.462917328],[5.701387882,53.462917328],[5.701387882,53.462638855],[5.702499866,53.462638855],[5.702499866,53.462360382],[5.703609943,53.462360382],[5.703609943,53.462081909],[5.705278873,53.462081909],[5.705278873,53.461807251],[5.70638895,53.461807251],[5.70638895,53.461528778],[5.707500935,53.461528778],[5.707500935,53.461250305],[5.709167004,53.461250305],[5.709167004,53.460971832],[5.710277081,53.460971832],[5.710278988,53.460693359],[5.711389065,53.460693359],[5.711389065,53.460414886],[5.713055134,53.460414886],[5.713055134,53.460140228],[5.714167118,53.460140228],[5.714167118,53.459861755],[5.718054771,53.459861755],[5.718054771,53.459583282],[5.721389771,53.459583282],[5.721389771,53.45930481],[5.749166012,53.45930481],[5.749166012,53.459583282],[5.754166126,53.459583282],[5.754166126,53.459861755],[5.758609772,53.459861755],[5.758609772,53.460140228],[5.76749897,53.460140228],[5.76749897,53.460414886],[5.775834084,53.460414886],[5.775834084,53.460693359],[5.780834198,53.460693359],[5.780834198,53.460971832],[5.78638792,53.460971832],[5.78638792,53.461250305],[5.791388988,53.461250305],[5.791388988,53.461528778],[5.796389103,53.461528778],[5.796389103,53.461807251],[5.803055763,53.461807251],[5.803055763,53.462081909],[5.809165955,53.462081909],[5.809165955,53.462360382],[5.813056946,53.462360382],[5.813056946,53.462638855],[5.816945076,53.462638855],[5.816945076,53.462917328],[5.820833206,53.462917328],[5.820833206,53.463195801],[5.825276852,53.463195801],[5.825276852,53.463470459],[5.829165936,53.463470459],[5.829167843,53.463748932],[5.831943989,53.463748932],[5.831943989,53.464027405],[5.841945171,53.464027405],[5.841945171,53.464305878],[5.848610878,53.464305878],[5.848610878,53.464584351],[5.854722023,53.464584351],[5.854722023,53.464862823],[5.859722137,53.464862823],[5.859722137,53.465137482],[5.864721775,53.465137482],[5.864721775,53.465415955],[5.870278835,53.465415955],[5.870278835,53.465694427],[5.875277042,53.465694427],[5.875277042,53.4659729],[5.880277157,53.4659729],[5.880277157,53.466251373],[5.884722233,53.466251373],[5.884722233,53.466526031],[5.889165878,53.466526031],[5.889165878,53.466804504],[5.893610001,53.466804504],[5.893610001,53.467082977],[5.898055077,53.467082977],[5.898055077,53.46736145],[5.902499199,53.46736145],[5.902499199,53.467639923],[5.912499905,53.467639923],[5.912499905,53.467918396],[5.921945095,53.467918396],[5.921945095,53.468193054],[5.932498932,53.468193054],[5.932498932,53.468471527],[5.950832844,53.468471527],[5.950832844,53.468193054],[5.958611012,53.468193054],[5.958611012,53.467918396],[5.960277081,53.467918396],[5.960277081,53.467639923],[5.96194315,53.467639923],[5.96194315,53.46736145],[5.96361208,53.46736145],[5.96361208,53.467082977],[5.965278149,53.467082977],[5.965278149,53.466804504],[5.966944218,53.466804504],[5.966944218,53.466526031],[5.968612194,53.466526031],[5.968612194,53.466251373],[5.969721794,53.466251373],[5.969721794,53.4659729],[5.970833778,53.4659729],[5.970833778,53.465694427],[5.972499847,53.465694427],[5.972499847,53.465415955],[5.973609924,53.465415955],[5.973609924,53.465137482],[5.974722862,53.465137482],[5.974722862,53.464862823],[5.975278854,53.464862823],[5.975278854,53.464584351],[5.975832939,53.464584351],[5.975832939,53.464214325],[5.975832939,53.464027405],[5.976388931,53.464027405],[5.976388931,53.463748932],[5.976944923,53.463748932],[5.976944923,53.463470459],[5.977500916,53.463470459],[5.977500916,53.462360382],[5.976944923,53.462360382],[5.976944923,53.461807251],[5.976388931,53.461807251],[5.976388931,53.461250305],[5.975832939,53.461250305],[5.975832939,53.460971832],[5.975278854,53.460971832],[5.975278854,53.460414886],[5.974722862,53.460414886],[5.974722862,53.460140228],[5.974165916,53.460140228],[5.974165916,53.459861755],[5.973056793,53.459861755],[5.973053932,53.459583282],[5.972499847,53.459583282],[5.972499847,53.45930481],[5.966944218,53.45930481],[5.966944218,53.459583282],[5.962500095,53.459583282],[5.962500095,53.459026337],[5.96194315,53.459026337],[5.96194315,53.458751678],[5.961390018,53.458751678],[5.961390018,53.458473206],[5.958055019,53.458473206],[5.958055019,53.458194733],[5.95250082,53.458194733],[5.95250082,53.45791626],[5.951388836,53.45791626],[5.951388836,53.457637787],[5.949722767,53.457637787],[5.949722767,53.457359314],[5.948610783,53.457359314],[5.948610783,53.457084656],[5.913609982,53.457084656],[5.913609982,53.456806183],[5.907498837,53.456806183],[5.907498837,53.45652771],[5.905832767,53.45652771],[5.905832767,53.456249237],[5.905276775,53.456249237],[5.905276775,53.455970764],[5.904720783,53.455970764],[5.904720783,53.455696106],[5.903611183,53.455696106],[5.903611183,53.455417633],[5.903055191,53.455417633],[5.903055191,53.45513916],[5.901945114,53.45513916],[5.901945114,53.454860687],[5.901389122,53.454860687],[5.901389122,53.454582214],[5.900277138,53.454582214],[5.900277138,53.454303741],[5.899167061,53.454303741],[5.899167061,53.454029083],[5.898611069,53.454029083],[5.898611069,53.45375061],[5.897500992,53.45375061],[5.897500992,53.453472137],[5.896389008,53.453472137],[5.896389008,53.453193665],[5.895833015,53.453193665],[5.895833015,53.452915192],[5.894722939,53.452915192],[5.894722939,53.452362061],[5.893610001,53.452362061],[5.893610001,53.452083588],[5.893054008,53.452083588],[5.893054008,53.451805115],[5.892499924,53.451805115],[5.892499924,53.451248169],[5.891943932,53.451248169],[5.891943932,53.450973511],[5.891387939,53.450973511],[5.891387939,53.450695038],[5.88972187,53.450695038],[5.88972187,53.450416565],[5.887499809,53.450416565],[5.887499809,53.450138092],[5.885834217,53.450138092],[5.885834217,53.449859619],[5.883612156,53.449859619],[5.883612156,53.449584961],[5.881390095,53.449584961],[5.881390095,53.449306488],[5.879168034,53.449306488],[5.879168034,53.449028015],[5.877499104,53.449028015],[5.877499104,53.448749542],[5.875277042,53.448749542],[5.875277042,53.448471069],[5.873610973,53.448471069],[5.873610973,53.448749542],[5.868610859,53.448749542],[5.868610859,53.448471069],[5.868056774,53.448471069],[5.868053913,53.448192596],[5.867500782,53.448192596],[5.867500782,53.447917938],[5.866387844,53.447917938],[5.866387844,53.447639465],[5.865831852,53.447639465],[5.865831852,53.447360992],[5.864721775,53.447360992],[5.864721775,53.44708252],[5.864165783,53.44708252],[5.864165783,53.446804047],[5.863609791,53.446804047],[5.863609791,53.446529388],[5.863056183,53.446529388],[5.863056183,53.446250916],[5.860834122,53.446250916],[5.860834122,53.445972443],[5.859722137,53.445972443],[5.859722137,53.44569397],[5.857500076,53.44569397],[5.857500076,53.445415497],[5.855278015,53.445415497],[5.855278015,53.445137024],[5.853055,53.445137024],[5.853055,53.444862366],[5.850832939,53.444862366],[5.850832939,53.444583893],[5.848610878,53.444583893],[5.848610878,53.44430542],[5.846944809,53.44430542],[5.846944809,53.444026947],[5.844723225,53.444026947],[5.844723225,53.443748474],[5.843054771,53.443748474],[5.843054771,53.443473816],[5.840832233,53.443473816],[5.840832233,53.443195343],[5.839166164,53.443195343],[5.839166164,53.44291687],[5.836944103,53.44291687],[5.836944103,53.442638397],[5.835278034,53.442638397],[5.835278034,53.442359924],[5.833055973,53.442359924],[5.833055973,53.442081451],[5.831389904,53.442081451],[5.831389904,53.441806793],[5.829167843,53.441806793],[5.829167843,53.44152832],[5.827499866,53.44152832],[5.827499866,53.441249847],[5.825276852,53.441249847],[5.825276852,53.440971375],[5.824166775,53.440971375],[5.824166775,53.440692902],[5.82305479,53.440692902],[5.82305479,53.440418243],[5.82194519,53.440418243],[5.82194519,53.440139771],[5.820833206,53.440139771],[5.820833206,53.439861298],[5.819723129,53.439861298],[5.819723129,53.439582825],[5.818611145,53.439582825],[5.818611145,53.439304352],[5.814723015,53.439304352],[5.814723015,53.439025879],[5.813056946,53.439025879],[5.813056946,53.438751221],[5.811388016,53.438751221],[5.811388016,53.438472748],[5.810277939,53.438472748],[5.810277939,53.438194275],[5.809165955,53.438194275],[5.809165955,53.437915802],[5.807499886,53.437915802],[5.807499886,53.437637329],[5.806387901,53.437637329],[5.806387901,53.437362671],[5.79916811,53.437362671],[5.79916811,53.437637329],[5.795833111,53.437637329],[5.795833111,53.437915802],[5.789722919,53.437915802],[5.789722919,53.438194275],[5.789166927,53.438194275],[5.789166927,53.438472748],[5.78638792,53.438472748],[5.78638792,53.438194275],[5.784165859,53.438194275],[5.784165859,53.437915802],[5.781387806,53.437915802],[5.781387806,53.437637329],[5.780217171,53.437637329],[5.778056145,53.437637329],[5.778056145,53.436805725],[5.777500153,53.436805725],[5.777500153,53.435417175],[5.77694416,53.435417175],[5.77694416,53.434307098],[5.776390076,53.434307098],[5.776390076,53.43347168],[5.775834084,53.43347168],[5.775834084,53.432640076],[5.775278091,53.432640076],[5.775278091,53.432361603],[5.770277023,53.432361603],[5.770277023,53.432640076],[5.770833015,53.432640076],[5.770833015,53.432918549],[5.771389008,53.432918549],[5.771389008,53.433193207],[5.771945953,53.433193207],[5.771945953,53.43347168],[5.772499084,53.43347168],[5.772499084,53.433750153],[5.77305603,53.433750153],[5.77305603,53.434307098],[5.773612022,53.434307098],[5.773612022,53.435138702],[5.774165154,53.435138702],[5.774165154,53.435974121],[5.774722099,53.435974121],[5.774722099,53.436527252],[5.774165154,53.436527252],[5.774165154,53.436805725],[5.773612022,53.436805725],[5.773612022,53.437362671],[5.774165154,53.437362671],[5.774165154,53.438194275],[5.773612022,53.438194275],[5.773612022,53.43863678],[5.773612022,53.439304352],[5.77305603,53.439304352],[5.77305603,53.439582825],[5.772499084,53.439582825],[5.772499084,53.439304352],[5.771945953,53.439304352],[5.771945953,53.439582825],[5.768610954,53.439582825],[5.768610954,53.439861298],[5.768054962,53.439861298],[5.768054962,53.440139771],[5.766944885,53.440139771],[5.766944885,53.440418243],[5.766388893,53.440418243],[5.766388893,53.440692902],[5.760832787,53.440692902],[5.760832787,53.440418243],[5.75694418,53.440418243],[5.75694418,53.440139771],[5.752108097,53.440139771],[5.749722004,53.440139771],[5.749722004,53.440418243],[5.748611927,53.440418243],[5.748611927,53.440692902],[5.746942997,53.440692902],[5.746942997,53.440971375],[5.745833874,53.440971375],[5.745833874,53.441249847],[5.745569229,53.441249847],[5.744720936,53.441249847],[5.744720936,53.44152832],[5.743054867,53.44152832],[5.743054867,53.441806793],[5.74194479,53.441806793],[5.74194479,53.442081451],[5.735902786,53.442131042],[5.735277176,53.442134857],[5.735277176,53.442359924],[5.733057022,53.442359924],[5.733057022,53.442638397],[5.730834961,53.442638397],[5.7308321,53.44291687],[5.728055954,53.44291687],[5.728055954,53.442638397],[5.724165916,53.442638397],[5.724165916,53.442359924],[5.723611832,53.442359924],[5.723611832,53.442081451],[5.722499847,53.442081451],[5.722499847,53.44152832],[5.721943855,53.44152832],[5.721943855,53.440971375],[5.721389771,53.440971375],[5.721389771,53.440418243],[5.720833778,53.440418243],[5.720833778,53.439861298],[5.720277786,53.439861298],[5.720277786,53.439304352],[5.71972084,53.439304352],[5.71972084,53.438751221],[5.719168186,53.438751221],[5.719168186,53.438194275],[5.718612194,53.438194275],[5.718612194,53.437084198],[5.718054771,53.437084198],[5.718054771,53.436248779],[5.717498779,53.436248779],[5.717498779,53.435695648],[5.716945171,53.435695648],[5.716942787,53.435417175],[5.715833187,53.435417175],[5.715833187,53.435138702],[5.715277195,53.435138702],[5.715277195,53.434860229],[5.714721203,53.434860229],[5.714721203,53.434581757],[5.714167118,53.434581757],[5.714167118,53.434307098],[5.713611126,53.434307098],[5.713611126,53.434028625],[5.713055134,53.434028625],[5.713055134,53.433750153],[5.712501049,53.433750153],[5.712501049,53.43347168],[5.711945057,53.43347168],[5.711945057,53.433193207],[5.711389065,53.433193207],[5.711389065,53.432918549],[5.710278988,53.432914734],[5.710277081,53.432640076],[5.708611012,53.432640076],[5.708611012,53.432361603],[5.708055019,53.432361603],[5.708055019,53.43208313],[5.706944942,53.43208313],[5.706944942,53.431804657],[5.70638895,53.431804657],[5.70638895,53.431526184],[5.705278873,53.431526184],[5.705278873,53.431251526],[5.704721928,53.431251526],[5.704721928,53.430416107],[5.704165936,53.430416107],[5.704165936,53.42930603],[5.703609943,53.42930603],[5.703609943,53.429027557],[5.701387882,53.429027557],[5.701387882,53.428749084],[5.699165821,53.428749084],[5.699165821,53.428470612],[5.695278168,53.428470612],[5.695278168,53.429027557],[5.690833092,53.429027557],[5.690833092,53.42791748],[5.6902771,53.42791748],[5.6902771,53.427360535],[5.689721107,53.427360535],[5.689721107,53.427082062],[5.689167023,53.427082062],[5.689167023,53.426528931],[5.688055038,53.426528931],[5.688055038,53.426250458],[5.687499046,53.426250458],[5.687499046,53.425971985],[5.686944962,53.425971985],[5.686944962,53.425693512],[5.685832977,53.425693512],[5.685832977,53.425415039],[5.6847229,53.425415039],[5.6847229,53.425140381],[5.683610916,53.425140381],[5.683610916,53.424861908],[5.682500839,53.424861908],[5.682500839,53.424583435],[5.681388855,53.424583435],[5.681388855,53.424304962],[5.679722786,53.424304962],[5.679722786,53.424583435],[5.678609848,53.424583435],[5.678609848,53.424861908],[5.656945229,53.424861908],[5.656945229,53.425140381],[5.654167175,53.425140381],[5.654167175,53.425415039],[5.652501106,53.425415039],[5.652501106,53.425693512],[5.650832176,53.425693512],[5.650832176,53.425971985],[5.649166107,53.425971985],[5.649166107,53.426250458],[5.64805603,53.426250458],[5.64805603,53.426528931],[5.646388054,53.426528931],[5.646388054,53.426807404],[5.644721985,53.426807404],[5.644721985,53.427082062],[5.643055916,53.427082062],[5.643055916,53.427360535],[5.641943932,53.427360535],[5.641943932,53.427639008],[5.641389847,53.427639008],[5.641389847,53.42791748],[5.640277863,53.42791748],[5.640277863,53.428195953],[5.639167786,53.428195953],[5.639167786,53.428470612],[5.638611794,53.428470612],[5.638611794,53.428749084],[5.637498856,53.428749084],[5.637498856,53.429027557],[5.636388779,53.429027557],[5.636388779,53.42930603],[5.635832787,53.42930603],[5.635832787,53.429584503],[5.634720802,53.429584503],[5.634720802,53.429862976],[5.634167194,53.429862976],[5.634167194,53.429584503],[5.633944035,53.429584503],[5.632501125,53.429584503],[5.632501125,53.429862976],[5.631389141,53.429862976],[5.631389141,53.430137634],[5.630833149,53.430137634],[5.630833149,53.430416107],[5.630277157,53.430416107],[5.630277157,53.43069458],[5.629723072,53.43069458],[5.629723072,53.430973053],[5.628611088,53.430973053],[5.628611088,53.431251526],[5.628055096,53.431251526],[5.628055096,53.431526184],[5.627501011,53.431526184],[5.627501011,53.431804657],[5.626945019,53.431804657],[5.626945019,53.432361603],[5.626389027,53.432361603],[5.626389027,53.432640076],[5.625832081,53.432640076],[5.625832081,53.432914734],[5.62527895,53.432918549],[5.62527895,53.43347168],[5.624722958,53.43347168],[5.624722958,53.433750153],[5.624166012,53.433750153],[5.624166012,53.434028625],[5.62361002,53.434028625],[5.62361002,53.434581757],[5.623055935,53.434581757],[5.623055935,53.434860229],[5.622499943,53.434860229],[5.622499943,53.435138702],[5.621943951,53.435138702],[5.621943951,53.435695648],[5.621387959,53.435695648],[5.621387959,53.435970306],[5.620833874,53.435974121],[5.620833874,53.436248779],[5.620277882,53.436248779],[5.620277882,53.436805725],[5.619721889,53.436805725],[5.619721889,53.437084198],[5.619165897,53.437084198],[5.619165897,53.438194275],[5.61805582,53.438194275],[5.61805582,53.438751221],[5.617499828,53.438751221],[5.617499828,53.439304352],[5.616943836,53.439304352],[5.616943836,53.439861298],[5.616387844,53.439861298],[5.616387844,53.440418243],[5.615834236,53.440418243],[5.615834236,53.440971375],[5.615277767,53.440971375],[5.615277767,53.445972443],[5.614721775,53.445972443],[5.614721775,53.449028015],[5.615277767,53.449028015],[5.615277767,53.451805115],[5.615834236,53.451805115],[5.615834236,53.45375061],[5.616387844,53.45375061],[5.616387844,53.454303741],[5.616943836,53.454303741],[5.616943836,53.454860687],[5.617499828,53.454860687],[5.617499828,53.455417633],[5.61805582,53.455417633],[5.61805582,53.455970764],[5.618609905,53.455970764],[5.618611813,53.45652771],[5.619165897,53.45652771],[5.619165897,53.456806183],[5.619721889,53.456806183],[5.619721889,53.457359314],[5.620277882,53.457359314],[5.620277882,53.45791626],[5.620833874,53.45791626],[5.620833874,53.458473206],[5.621387959,53.458473206],[5.621387959,53.459026337],[5.621943951,53.459026337],[5.621943951,53.45930481],[5.622499943,53.45930481],[5.622499943,53.459861755],[5.623055935,53.459861755],[5.623055935,53.460140228],[5.62361002,53.460140228],[5.62361002,53.460693359],[5.624166012,53.460693359],[5.624166012,53.461250305],[5.624722958,53.461250305],[5.624722958,53.461528778],[5.62527895,53.461528778],[5.62527895,53.462081909],[5.625832081,53.462081909],[5.625832081,53.462360382],[5.626389027,53.462360382],[5.626389027,53.462917328],[5.626945019,53.462917328],[5.626945019,53.463195801],[5.627501011,53.463195801],[5.627501011,53.463470459],[5.628055096,53.463470459],[5.628055096,53.464027405],[5.628611088,53.464027405],[5.628611088,53.464305878],[5.62916708,53.464305878],[5.62916708,53.464584351],[5.629723072,53.464584351],[5.629723072,53.464862823],[5.630833149,53.464862823],[5.630833149,53.465137482],[5.631389141,53.465137482],[5.631389141,53.465415955],[5.631945133,53.465415955],[5.631945133,53.465694427],[5.632501125,53.465694427],[5.632501125,53.4659729],[5.63305521,53.4659729],[5.63305521,53.466251373],[5.634167194,53.466251373],[5.634167194,53.466526031],[5.634720802,53.466526031],[5.634720802,53.466804504],[5.635276794,53.466804504],[5.635276794,53.467082977],[5.636388779,53.467082977],[5.636388779,53.46736145],[5.636942863,53.46736145],[5.636942863,53.467639923],[5.638054848,53.467639923],[5.638054848,53.467918396],[5.638611794,53.467918396],[5.638611794,53.468193054],[5.63972187,53.468193054],[5.63972187,53.468471527],[5.640277863,53.468471527],[5.640277863,53.46875],[5.641014099,53.46875],[5.641389847,53.46875],[5.641389847,53.468917847],[5.641389847,53.469028473],[5.641643047,53.469028473],[5.641943932,53.469028473],[5.641943932,53.469161987],[5.641943932,53.469306946],[5.642271996,53.469306946],[5.643055916,53.469306946],[5.643055916,53.469581604],[5.644165993,53.469581604],[5.644165993,53.469860077],[5.645277977,53.469860077],[5.645277977,53.47013855],[5.646944046,53.47013855],[5.646944046,53.470417023],[5.64805603,53.470417023],[5.64805603,53.470695496],[5.649166107,53.470695496],[5.649166107,53.470973969],[5.650278091,53.470973969],[5.650278091,53.471248627],[5.654167175,53.471248627],[5.654167175,53.4715271],[5.658054829,53.4715271],[5.658054829,53.472084045],[5.658610821,53.472084045],[5.658610821,53.472362518],[5.662498951,53.472362518],[5.662498951,53.472084045],[5.663610935,53.472084045],[5.663610935,53.471805573],[5.666389942,53.471805573],[5.666389942,53.472084045],[5.667500019,53.472084045],[5.667500019,53.472362518],[5.668694019,53.472362518],[5.671390057,53.472362518],[5.671390057,53.472091675],[5.673612118,53.472084045],[5.673612118,53.471855164],[5.67395401,53.471824646],[5.674166203,53.471805573]]],[[[6.046944141,53.480693817],[6.046944141,53.480415344],[6.047500134,53.480415344],[6.047500134,53.479862213],[6.048056126,53.479862213],[6.048056126,53.47958374],[6.048612118,53.47958374],[6.048612118,53.479026794],[6.049166203,53.479026794],[6.049166203,53.478748322],[6.049722195,53.478748322],[6.049722195,53.478473663],[6.050278187,53.478473663],[6.050278187,53.47819519],[6.050834179,53.47819519],[6.050834179,53.477916718],[6.051387787,53.477916718],[6.051387787,53.477638245],[6.051943779,53.477638245],[6.051943779,53.477359772],[6.052499771,53.477359772],[6.052499771,53.477085114],[6.053055763,53.477085114],[6.053055763,53.476806641],[6.05416584,53.476806641],[6.05416584,53.476528168],[6.055831909,53.476528168],[6.055831909,53.476249695],[6.056388855,53.476249695],[6.056388855,53.475971222],[6.056944847,53.475971222],[6.056944847,53.475692749],[6.057500839,53.475692749],[6.057500839,53.475418091],[6.058054924,53.475418091],[6.058054924,53.475139618],[6.058610916,53.475139618],[6.058610916,53.474861145],[6.0597229,53.474861145],[6.0597229,53.474582672],[6.060278893,53.474582672],[6.060278893,53.474304199],[6.061388969,53.474304199],[6.061388969,53.474029541],[6.062499046,53.474029541],[6.062499046,53.473751068],[6.063611031,53.473751068],[6.063611031,53.473472595],[6.064167023,53.473472595],[6.064167023,53.473194122],[6.0652771,53.473194122],[6.0652771,53.472915649],[6.065833092,53.472915649],[6.065833092,53.472637177],[6.06694603,53.472637177],[6.06694603,53.469860077],[6.066389084,53.469860077],[6.066389084,53.468471527],[6.065833092,53.468471527],[6.065833092,53.464862823],[6.0652771,53.464862823],[6.0652771,53.464584351],[6.064167023,53.464584351],[6.064167023,53.465415955],[6.063055038,53.465415955],[6.063055038,53.465694427],[6.062499046,53.465694427],[6.062499046,53.4659729],[6.061944962,53.4659729],[6.061944962,53.466251373],[6.061388969,53.466251373],[6.061388969,53.466526031],[6.0597229,53.466526031],[6.0597229,53.466804504],[6.053609848,53.466804504],[6.053609848,53.466526031],[6.051387787,53.466526031],[6.051387787,53.466251373],[6.050278187,53.466251373],[6.050278187,53.4659729],[6.049166203,53.4659729],[6.049166203,53.465694427],[6.048612118,53.465694427],[6.048612118,53.465415955],[6.048056126,53.465415955],[6.048056126,53.465137482],[6.047500134,53.465137482],[6.047500134,53.464862823],[6.046390057,53.464862823],[6.046390057,53.464584351],[6.045834064,53.464584351],[6.045834064,53.464305878],[6.04472208,53.464305878],[6.04472208,53.464027405],[6.043612003,53.464027405],[6.043612003,53.463748932],[6.042500019,53.463748932],[6.042500019,53.463470459],[6.041943073,53.463470459],[6.041943073,53.463195801],[6.040832996,53.463195801],[6.040832996,53.462917328],[6.040277004,53.462917328],[6.040277004,53.462638855],[6.039723873,53.462638855],[6.039723873,53.462360382],[6.039166927,53.462360382],[6.039166927,53.462081909],[6.038054943,53.462081909],[6.038054943,53.461807251],[6.037498951,53.461807251],[6.037498951,53.461528778],[6.034722805,53.461528778],[6.034722805,53.461250305],[6.029723167,53.461250305],[6.029723167,53.460971832],[6.028610229,53.460971832],[6.028610229,53.460693359],[6.02694416,53.460693359],[6.02694416,53.460971832],[6.025832176,53.460971832],[6.025832176,53.461250305],[6.025278091,53.461250305],[6.025278091,53.461528778],[6.023610115,53.461528778],[6.023610115,53.461807251],[6.022500038,53.461807251],[6.022500038,53.462081909],[6.021388054,53.462081909],[6.021388054,53.462360382],[6.020277977,53.462360382],[6.020277977,53.462638855],[6.019165993,53.462638855],[6.019165993,53.462917328],[6.018055916,53.462917328],[6.018055916,53.463195801],[6.016943932,53.463195801],[6.016943932,53.463470459],[6.016389847,53.463470459],[6.016389847,53.463748932],[6.015833855,53.463748932],[6.015833855,53.464027405],[6.015277863,53.464027405],[6.015277863,53.465415955],[6.015833855,53.465415955],[6.015833855,53.4659729],[6.016389847,53.4659729],[6.016389847,53.466526031],[6.017499924,53.466526031],[6.017499924,53.466804504],[6.018055916,53.466804504],[6.018055916,53.46736145],[6.018611908,53.46736145],[6.018611908,53.467639923],[6.019165993,53.467639923],[6.019165993,53.468193054],[6.019721985,53.468193054],[6.019721985,53.468471527],[6.020277977,53.468471527],[6.020277977,53.469028473],[6.020833969,53.469028473],[6.020833969,53.469581604],[6.021388054,53.469581604],[6.021388054,53.47013855],[6.021944046,53.47013855],[6.021944046,53.470417023],[6.022500038,53.470417023],[6.022500038,53.470695496],[6.02305603,53.470695496],[6.02305603,53.470973969],[6.023610115,53.470973969],[6.023610115,53.471248627],[6.024166107,53.471248627],[6.024166107,53.4715271],[6.024722099,53.4715271],[6.024722099,53.471805573],[6.025278091,53.471805573],[6.025278091,53.472084045],[6.025832176,53.472084045],[6.025832176,53.472362518],[6.026388168,53.472362518],[6.026388168,53.472637177],[6.02694416,53.472637177],[6.02694416,53.472915649],[6.027501106,53.472915649],[6.027501106,53.473194122],[6.028610229,53.473194122],[6.028610229,53.473472595],[6.029167175,53.473472595],[6.029167175,53.474029541],[6.029723167,53.474029541],[6.029723167,53.474304199],[6.030832767,53.474304199],[6.030832767,53.474582672],[6.031389236,53.474582672],[6.031389236,53.474861145],[6.031945229,53.474861145],[6.031945229,53.475139618],[6.032498837,53.475139618],[6.032498837,53.475418091],[6.033610821,53.475418091],[6.033610821,53.475692749],[6.034166813,53.475692749],[6.034166813,53.476249695],[6.034722805,53.476249695],[6.034722805,53.476528168],[6.03527689,53.476528168],[6.03527689,53.477085114],[6.036388874,53.477085114],[6.036388874,53.477359772],[6.036944866,53.477359772],[6.036944866,53.477638245],[6.037498951,53.477638245],[6.037498951,53.477916718],[6.038054943,53.477916718],[6.038054943,53.47819519],[6.038610935,53.47819519],[6.038610935,53.478473663],[6.039166927,53.478473663],[6.039166927,53.478748322],[6.039721012,53.478748322],[6.039723873,53.479026794],[6.040277004,53.479026794],[6.040277004,53.479305267],[6.040832996,53.479305267],[6.040832996,53.47958374],[6.041389942,53.47958374],[6.041389942,53.479862213],[6.041943073,53.479862213],[6.041943073,53.480140686],[6.042500019,53.480140686],[6.042500019,53.480415344],[6.043056011,53.480415344],[6.043056011,53.480693817],[6.046944141,53.480693817]]],[[[6.359167099,53.50958252],[6.359167099,53.507915497],[6.358055115,53.507915497],[6.358055115,53.507637024],[6.356389046,53.507637024],[6.356389046,53.507362366],[6.355278969,53.507362366],[6.355278969,53.507083893],[6.352500916,53.507083893],[6.352500916,53.50680542],[6.351944923,53.50680542],[6.351944923,53.506526947],[6.350278854,53.506526947],[6.350278854,53.506248474],[6.349721909,53.506248474],[6.349721909,53.505973816],[6.348609924,53.505973816],[6.348609924,53.505695343],[6.346387863,53.505695343],[6.346387863,53.504859924],[6.344721794,53.504859924],[6.344721794,53.504581451],[6.344165802,53.504581451],[6.344165802,53.504306793],[6.343612194,53.504306793],[6.343612194,53.50402832],[6.343056202,53.50402832],[6.343056202,53.503471375],[6.34250021,53.503471375],[6.34250021,53.502918243],[6.341390133,53.502918243],[6.341388226,53.502639771],[6.333055019,53.502639771],[6.333055019,53.502361298],[6.331944942,53.502361298],[6.331944942,53.502082825],[6.330276966,53.502082825],[6.330276966,53.501804352],[6.329166889,53.501804352],[6.329166889,53.501525879],[6.328054905,53.501525879],[6.328054905,53.501251221],[6.32750082,53.501251221],[6.32750082,53.500972748],[6.326388836,53.500972748],[6.326388836,53.500694275],[6.325832844,53.500694275],[6.325832844,53.500415802],[6.324722767,53.500415802],[6.324722767,53.500137329],[6.324165821,53.500137329],[6.324165821,53.499862671],[6.323057175,53.499862671],[6.323057175,53.499584198],[6.321944237,53.499584198],[6.321944237,53.499305725],[6.321387768,53.499305725],[6.321387768,53.499027252],[6.320278168,53.499027252],[6.320278168,53.498748779],[6.319166183,53.498748779],[6.319166183,53.498474121],[6.318612099,53.498470306],[6.318612099,53.498195648],[6.317500114,53.498195648],[6.317500114,53.497917175],[6.316390038,53.497917175],[6.316390038,53.497638702],[6.315834045,53.497638702],[6.315834045,53.497360229],[6.314722061,53.497360229],[6.314722061,53.497081757],[6.314166069,53.497081757],[6.314166069,53.496528625],[6.313611984,53.496528625],[6.313611984,53.496250153],[6.3125,53.496250153],[6.3125,53.49597168],[6.311943054,53.49597168],[6.311943054,53.495693207],[6.310833931,53.495693207],[6.310833931,53.495418549],[6.310276985,53.495414734],[6.310276985,53.495140076],[6.309720993,53.495140076],[6.309720993,53.494861603],[6.308610916,53.494861603],[6.308610916,53.49458313],[6.306388855,53.49458313],[6.306388855,53.494304657],[6.30305481,53.494304657],[6.30305481,53.494026184],[6.30194521,53.494026184],[6.30194521,53.493751526],[6.301389217,53.493751526],[6.301389217,53.493473053],[6.300277233,53.493473053],[6.300277233,53.49319458],[6.299167156,53.49319458],[6.299167156,53.492916107],[6.297501087,53.492916107],[6.297501087,53.492637634],[6.296388149,53.492637634],[6.296388149,53.492362976],[6.29472208,53.492362976],[6.29472208,53.492084503],[6.293610096,53.492084503],[6.293610096,53.49180603],[6.292500019,53.49180603],[6.292500019,53.491527557],[6.290277958,53.491527557],[6.290277958,53.491249084],[6.289165974,53.491249084],[6.289165974,53.490970612],[6.288055897,53.490970612],[6.288055897,53.490695953],[6.286943913,53.490695953],[6.286943913,53.49041748],[6.284167767,53.49041748],[6.284167767,53.490139008],[6.283054829,53.490139008],[6.283054829,53.489860535],[6.282498837,53.489860535],[6.282498837,53.489582062],[6.281389236,53.489582062],[6.281389236,53.489307404],[6.278055191,53.489307404],[6.278055191,53.489028931],[6.277501106,53.489028931],[6.277501106,53.488471985],[6.276945114,53.488471985],[6.276945114,53.488193512],[6.276389122,53.488193512],[6.276389122,53.487640381],[6.27583313,53.487640381],[6.27583313,53.487361908],[6.275277138,53.487361908],[6.275277138,53.486251831],[6.274723053,53.486251831],[6.274723053,53.485694885],[6.273611069,53.485694885],[6.273611069,53.485416412],[6.273055077,53.485416412],[6.273055077,53.485137939],[6.272500992,53.485137939],[6.272500992,53.484027863],[6.271945,53.484027863],[6.271945,53.48374939],[6.266943932,53.48374939],[6.266943932,53.483470917],[6.266387939,53.483470917],[6.266387939,53.483196259],[6.265833855,53.483196259],[6.265833855,53.48236084],[6.265277863,53.48236084],[6.265277863,53.481803894],[6.26472187,53.481803894],[6.26472187,53.481250763],[6.264165878,53.481250763],[6.264165878,53.48097229],[6.263611794,53.48097229],[6.263611794,53.480415344],[6.263055801,53.480415344],[6.263055801,53.479862213],[6.261943817,53.479862213],[6.261943817,53.47958374],[6.261387825,53.47958374],[6.261387825,53.479305267],[6.260834217,53.479305267],[6.260834217,53.479026794],[6.260278225,53.479026794],[6.260278225,53.478748322],[6.259168148,53.478748322],[6.259168148,53.478473663],[6.258056164,53.478473663],[6.258056164,53.47819519],[6.255833149,53.47819519],[6.255833149,53.477916718],[6.25416708,53.477916718],[6.25416708,53.477638245],[6.251389027,53.477638245],[6.251389027,53.477359772],[6.249722958,53.477359772],[6.249722958,53.477085114],[6.248610973,53.477085114],[6.248610973,53.476806641],[6.247950077,53.476806641],[6.247500896,53.476806641],[6.247500896,53.476528168],[6.246388912,53.476528168],[6.246388912,53.476249695],[6.24583292,53.476249695],[6.24583292,53.475971222],[6.244425774,53.475971222],[6.241943836,53.475971222],[6.241943836,53.475692749],[6.237719059,53.475692749],[6.235834122,53.475692749],[6.235834122,53.475971222],[6.235500813,53.475971222],[6.229895115,53.475971222],[6.226944923,53.475971222],[6.226944923,53.476249695],[6.223054886,53.476249695],[6.223054886,53.475971222],[6.221944809,53.475971222],[6.221944809,53.475692749],[6.220279217,53.475692749],[6.220279217,53.475418091],[6.218057156,53.475418091],[6.218057156,53.475139618],[6.217501163,53.475139618],[6.217501163,53.474861145],[6.213056087,53.474861145],[6.213056087,53.474582672],[6.210834026,53.474582672],[6.210834026,53.474304199],[6.208055973,53.474304199],[6.208055973,53.474029541],[6.20527792,53.474029541],[6.20527792,53.473751068],[6.203611851,53.473751068],[6.203611851,53.473472595],[6.202498913,53.473472595],[6.202498913,53.473194122],[6.201388836,53.473194122],[6.201388836,53.472915649],[6.200832844,53.472915649],[6.200832844,53.472637177],[6.200276852,53.472637177],[6.200276852,53.472362518],[6.199166775,53.472362518],[6.199166775,53.472084045],[6.195277214,53.472084045],[6.195277214,53.471805573],[6.180277824,53.471805573],[6.180277824,53.4715271],[6.179721832,53.4715271],[6.179721832,53.471805573],[6.176946163,53.471805573],[6.176942825,53.4715271],[6.175277233,53.4715271],[6.175277233,53.471805573],[6.174167156,53.471805573],[6.174167156,53.472084045],[6.17249918,53.472084045],[6.17249918,53.472362518],[6.165278912,53.472362518],[6.165278912,53.472637177],[6.163053989,53.472637177],[6.163053989,53.472915649],[6.161943913,53.472915649],[6.161943913,53.472637177],[6.16138792,53.472637177],[6.16138792,53.472362518],[6.160831928,53.472362518],[6.160831928,53.472084045],[6.160277843,53.472084045],[6.160277843,53.471805573],[6.159721851,53.471805573],[6.159721851,53.4715271],[6.159165859,53.4715271],[6.159165859,53.471248627],[6.158611774,53.471248627],[6.158611774,53.470695496],[6.158055782,53.470695496],[6.158055782,53.47013855],[6.15749979,53.47013855],[6.15749979,53.469306946],[6.158055782,53.469306946],[6.158055782,53.469028473],[6.16138792,53.469028473],[6.16138792,53.46875],[6.161943913,53.46875],[6.161943913,53.467407227],[6.161943913,53.4659729],[6.16138792,53.4659729],[6.16138792,53.465415955],[6.160831928,53.465415955],[6.160831928,53.465137482],[6.160277843,53.465137482],[6.160277843,53.463470459],[6.159721851,53.463470459],[6.159721851,53.463195801],[6.159165859,53.463195801],[6.159165859,53.462917328],[6.158611774,53.462917328],[6.158611774,53.462638855],[6.158055782,53.462638855],[6.158055782,53.462360382],[6.156943798,53.462360382],[6.156943798,53.462081909],[6.155834198,53.462081909],[6.155834198,53.461807251],[6.155278206,53.461807251],[6.155278206,53.460140228],[6.154722214,53.460140228],[6.154722214,53.459583282],[6.154166222,53.459583282],[6.154166222,53.45930481],[6.153612137,53.45930481],[6.153612137,53.459026337],[6.152500153,53.459026337],[6.152500153,53.458751678],[6.15194416,53.458751678],[6.15194416,53.458473206],[6.151390076,53.458473206],[6.151390076,53.458194733],[6.150834084,53.458194733],[6.150834084,53.45791626],[6.150278091,53.45791626],[6.150278091,53.457637787],[6.149721146,53.457637787],[6.149721146,53.457359314],[6.149168015,53.457359314],[6.149168015,53.457084656],[6.148612022,53.457084656],[6.148612022,53.456806183],[6.148055077,53.456806183],[6.148055077,53.456249237],[6.147499084,53.456249237],[6.147499084,53.455970764],[6.145833015,53.455970764],[6.145833015,53.455696106],[6.145277023,53.455696106],[6.145277023,53.455970764],[6.144166946,53.455970764],[6.144166946,53.455696106],[6.143806934,53.455696106],[6.143610954,53.455696106],[6.143610954,53.455417633],[6.14249897,53.455417633],[6.14249897,53.45513916],[6.141944885,53.45513916],[6.141944885,53.454860687],[6.141388893,53.454860687],[6.141388893,53.454582214],[6.140832901,53.454582214],[6.140832901,53.454029083],[6.139722824,53.454029083],[6.139722824,53.453472137],[6.139272213,53.453472137],[6.139166832,53.453472137],[6.139166832,53.453269958],[6.139166832,53.453193665],[6.13861084,53.453193665],[6.13861084,53.452915192],[6.138057232,53.452915192],[6.138054848,53.452640533],[6.136944771,53.452640533],[6.136944771,53.452362061],[6.135272026,53.452362061],[6.134722233,53.452362061],[6.134722233,53.452640533],[6.134165764,53.452640533],[6.134165764,53.452915192],[6.133609772,53.452915192],[6.133609772,53.453193665],[6.133056164,53.453193665],[6.133056164,53.45375061],[6.132500172,53.45375061],[6.132500172,53.454303741],[6.13194418,53.454303741],[6.13194418,53.454582214],[6.131388187,53.454582214],[6.131388187,53.454860687],[6.130834103,53.454860687],[6.130834103,53.455696106],[6.130278111,53.455696106],[6.130278111,53.456249237],[6.129722118,53.456249237],[6.129722118,53.45652771],[6.130278111,53.45652771],[6.130278111,53.456806183],[6.129722118,53.456806183],[6.129722118,53.458473206],[6.129166126,53.458473206],[6.129166126,53.45930481],[6.128612041,53.45930481],[6.128612041,53.460414886],[6.128056049,53.460414886],[6.128056049,53.460693359],[6.128612041,53.460693359],[6.128612041,53.461807251],[6.128056049,53.461807251],[6.128056049,53.462081909],[6.128612041,53.462081909],[6.128612041,53.462638855],[6.128056049,53.462638855],[6.128056049,53.464027405],[6.127500057,53.464027405],[6.127500057,53.464584351],[6.128056049,53.464584351],[6.128056049,53.464862823],[6.127500057,53.464862823],[6.127500057,53.465137482],[6.128056049,53.465137482],[6.128056049,53.465694427],[6.128612041,53.465694427],[6.128612041,53.4659729],[6.128056049,53.4659729],[6.128056049,53.466251373],[6.128612041,53.466251373],[6.128612041,53.466526031],[6.129166126,53.466526031],[6.129166126,53.466804504],[6.132500172,53.466804504],[6.132500172,53.467082977],[6.133056164,53.467082977],[6.133056164,53.466804504],[6.133609772,53.466804504],[6.133609772,53.46736145],[6.133056164,53.46736145],[6.133056164,53.467918396],[6.132500172,53.467918396],[6.132500172,53.468193054],[6.13194418,53.468193054],[6.13194418,53.469028473],[6.131388187,53.469028473],[6.131388187,53.469860077],[6.130834103,53.469860077],[6.130834103,53.470417023],[6.131388187,53.470417023],[6.131388187,53.470695496],[6.130834103,53.470695496],[6.130834103,53.472084045],[6.130278111,53.472084045],[6.130278111,53.473472595],[6.129722118,53.473472595],[6.129722118,53.474029541],[6.129166126,53.474029541],[6.129166126,53.475418091],[6.128612041,53.475418091],[6.128612041,53.476528168],[6.129166126,53.476528168],[6.129166126,53.47819519],[6.129722118,53.47819519],[6.129722118,53.479305267],[6.130278111,53.479305267],[6.130278111,53.47958374],[6.130834103,53.47958374],[6.130834103,53.479862213],[6.131388187,53.479862213],[6.131388187,53.47958374],[6.13194418,53.47958374],[6.13194418,53.479862213],[6.132500172,53.479862213],[6.132500172,53.480415344],[6.13194418,53.480415344],[6.13194418,53.480693817],[6.132500172,53.480693817],[6.132500172,53.482917786],[6.133056164,53.482917786],[6.133056164,53.483470917],[6.133609772,53.483470917],[6.133609772,53.484306335],[6.134165764,53.484306335],[6.134165764,53.484859467],[6.134722233,53.484859467],[6.134722233,53.486251831],[6.134165764,53.486251831],[6.134165764,53.487083435],[6.134722233,53.487083435],[6.134722233,53.487640381],[6.135279179,53.487640381],[6.135279179,53.488471985],[6.135831833,53.488471985],[6.135831833,53.489028931],[6.135279179,53.489028931],[6.135279179,53.489307404],[6.136388779,53.489307404],[6.136388779,53.489860535],[6.136944771,53.489860535],[6.136944771,53.490695953],[6.138054848,53.490695953],[6.138054848,53.490970612],[6.13861084,53.490970612],[6.13861084,53.491249084],[6.139166832,53.491249084],[6.139166832,53.491527557],[6.139722824,53.491527557],[6.139722824,53.49180603],[6.140278816,53.49180603],[6.140278816,53.492362976],[6.140832901,53.492362976],[6.140832901,53.492637634],[6.141388893,53.492637634],[6.141388893,53.49319458],[6.141944885,53.49319458],[6.141944885,53.494026184],[6.143054962,53.494026184],[6.143054962,53.494304657],[6.143610954,53.494304657],[6.143610954,53.49458313],[6.144166946,53.49458313],[6.144166946,53.494861603],[6.145277023,53.494861603],[6.145277023,53.495140076],[6.145833015,53.495140076],[6.145833015,53.495418549],[6.146945,53.495418549],[6.146945,53.495693207],[6.148055077,53.495693207],[6.148055077,53.49597168],[6.149168015,53.49597168],[6.149168015,53.496250153],[6.151390076,53.496250153],[6.151390076,53.496528625],[6.152500153,53.496528625],[6.152500153,53.496807098],[6.153056145,53.496807098],[6.153056145,53.497081757],[6.153612137,53.497081757],[6.153612137,53.497360229],[6.154166222,53.497360229],[6.154166222,53.497638702],[6.154722214,53.497638702],[6.154722214,53.497917175],[6.155278206,53.497917175],[6.155278206,53.498195648],[6.155834198,53.498195648],[6.155834198,53.499584198],[6.156387806,53.499584198],[6.156387806,53.500137329],[6.15749979,53.500137329],[6.15749979,53.500415802],[6.158055782,53.500415802],[6.158055782,53.50069046],[6.158055782,53.500972748],[6.158609867,53.500972748],[6.158611774,53.501251221],[6.160831928,53.501251221],[6.160831928,53.501525879],[6.162500858,53.501529694],[6.162500858,53.501804352],[6.163053989,53.501804352],[6.163053989,53.502082825],[6.164166927,53.502132416],[6.164166927,53.502361298],[6.164722919,53.502361298],[6.164722919,53.502639771],[6.165278912,53.502639771],[6.165278912,53.502918243],[6.176390171,53.502918243],[6.176390171,53.502639771],[6.186944008,53.502639771],[6.186944008,53.502918243],[6.191389084,53.502918243],[6.191389084,53.503192902],[6.199722767,53.503192902],[6.199722767,53.503471375],[6.201388836,53.503471375],[6.201388836,53.503749847],[6.205833912,53.503749847],[6.205833912,53.50402832],[6.213610172,53.50402832],[6.213610172,53.504306793],[6.220832825,53.504306793],[6.220832825,53.504581451],[6.222498894,53.504581451],[6.222498894,53.504306793],[6.223610878,53.504306793],[6.223610878,53.50402832],[6.225276947,53.50402832],[6.225276947,53.504306793],[6.227499008,53.504306793],[6.227499008,53.504581451],[6.246944904,53.504585266],[6.246944904,53.504859924],[6.253611088,53.504859924],[6.253611088,53.505138397],[6.256943226,53.505138397],[6.256946087,53.50541687],[6.258612156,53.50541687],[6.258612156,53.505695343],[6.260278225,53.505695343],[6.260278225,53.505973816],[6.261943817,53.505973816],[6.261943817,53.505695343],[6.270278931,53.505695343],[6.270278931,53.50541687],[6.273055077,53.50541687],[6.273055077,53.505695343],[6.274723053,53.505695343],[6.274723053,53.505973816],[6.27583313,53.505973816],[6.27583313,53.506248474],[6.277501106,53.506248474],[6.277501106,53.506526947],[6.282498837,53.506526947],[6.282498837,53.50680542],[6.287499905,53.50680542],[6.287499905,53.507083893],[6.306086063,53.507110596],[6.306388855,53.507110596],[6.306388855,53.507362366],[6.306944847,53.507362366],[6.306944847,53.507637024],[6.312279224,53.507637024],[6.313611984,53.507637024],[6.313611984,53.50775528],[6.313611984,53.507915497],[6.315393925,53.507946014],[6.315834045,53.507953644],[6.315834045,53.50819397],[6.318511963,53.50819397],[6.324165821,53.50819397],[6.324165821,53.507915497],[6.324722767,53.507915497],[6.324722767,53.50819397],[6.326388836,53.50819397],[6.326388836,53.508472443],[6.330276966,53.508472443],[6.330276966,53.508750916],[6.332499027,53.508750916],[6.332499027,53.509029388],[6.334721088,53.509029388],[6.334721088,53.509304047],[6.337499142,53.509304047],[6.337499142,53.50958252],[6.338056087,53.50958252],[6.338056087,53.509304047],[6.340278149,53.509304047],[6.340278149,53.508750916],[6.341388226,53.508750916],[6.341390133,53.508472443],[6.34250021,53.508472443],[6.34250021,53.50819397],[6.343056202,53.50819397],[6.343056202,53.508472443],[6.344165802,53.508472443],[6.344165802,53.508750916],[6.345277786,53.508750916],[6.345277786,53.509029388],[6.346943855,53.509029388],[6.346943855,53.509304047],[6.347499847,53.509304047],[6.347499847,53.509029388],[6.34805584,53.509029388],[6.34805584,53.509304047],[6.348609924,53.509304047],[6.348609924,53.509029388],[6.349165916,53.509029388],[6.349165916,53.509304047],[6.350278854,53.509304047],[6.350278854,53.50958252],[6.359167099,53.50958252]]]]},"properties":{"name":"Friesland","mapcolor":3,"cartodb_id":3}},{"type":"Feature","geometry":{"type":"MultiPolygon","coordinates":[[[[5.927334785,52.482639313],[5.932849884,52.47410202],[5.944699764,52.47674942],[5.95341301,52.481967926],[5.95362711,52.482097626],[5.958083153,52.483875275],[5.965472221,52.483844757],[5.97247982,52.476924896],[5.972775936,52.476631165],[5.977252007,52.480201721],[5.977619171,52.480445862],[5.990622044,52.489093781],[6.008544922,52.500709534],[6.01450491,52.504272461],[6.018964767,52.506046295],[6.021921158,52.506031036],[6.02634716,52.505111694],[6.030794144,52.505989075],[6.032283783,52.506881714],[6.03527689,52.509559631],[6.04707098,52.506809235],[6.052596092,52.504249573],[6.052948952,52.504085541],[6.061706066,52.499584198],[6.064691067,52.497745514],[6.069048882,52.490512848],[6.070477962,52.488739014],[6.071002007,52.488353729],[6.077792168,52.483318329],[6.096913815,52.47693634],[6.107162952,52.470596313],[6.107302189,52.470378876],[6.110051155,52.466094971],[6.111353874,52.454418182],[6.109745026,52.445449829],[6.112658024,52.442741394],[6.117059231,52.440921783],[6.121448994,52.438205719],[6.127272129,52.432788849],[6.127171993,52.432388306],[6.125699043,52.426513672],[6.12117815,52.420257568],[6.121137142,52.417564392],[6.122571945,52.414863586],[6.118054867,52.408599854],[6.126821041,52.403171539],[6.131230831,52.402248383],[6.138457775,52.400444031],[6.135592937,52.395988464],[6.132555008,52.392368317],[6.133934021,52.386077881],[6.131104946,52.381885529],[6.130916119,52.381607056],[6.129414082,52.379817963],[6.128935814,52.379707336],[6.122014046,52.378063202],[6.104744911,52.374664307],[6.104269028,52.374572754],[6.090973854,52.372848511],[6.088014126,52.371963501],[6.086500168,52.369281769],[6.084961891,52.3647995],[6.087883949,52.362991333],[6.098176956,52.361141205],[6.098484039,52.36088562],[6.102546215,52.357524872],[6.102417946,52.357463837],[6.095125198,52.353977203],[6.086269855,52.353122711],[6.083298206,52.351345062],[6.084618092,52.340568542],[6.081532001,52.33070755],[6.078471184,52.322647095],[6.076999187,52.322654724],[6.074039936,52.321773529],[6.073989868,52.318180084],[6.07986784,52.317253113],[6.087241173,52.31811142],[6.088637829,52.312721252],[6.091425896,52.301933289],[6.091813087,52.30185318],[6.09582901,52.301013947],[6.098760128,52.300098419],[6.107603073,52.300949097],[6.109088898,52.301837921],[6.111979008,52.298233032],[6.113385201,52.293739319],[6.119204044,52.289218903],[6.120525837,52.279338837],[6.129257202,52.273006439],[6.129364014,52.272800446],[6.130685806,52.270305634],[6.130797863,52.269794464],[6.132060051,52.264015198],[6.134954929,52.262142181],[6.134747982,52.261539459],[6.133434772,52.257720947],[6.131883144,52.252346039],[6.144803047,52.249633789],[6.145071983,52.249576569],[6.151668072,52.247108459],[6.152380943,52.246841431],[6.15830183,52.249500275],[6.161214828,52.247688293],[6.162642002,52.244987488],[6.159674168,52.243209839],[6.159537792,52.243141174],[6.150784016,52.238773346],[6.149242878,52.234294891],[6.155035973,52.228874207],[6.163580894,52.226203918],[6.163811207,52.226131439],[6.169659138,52.224300385],[6.17110014,52.222496033],[6.171040058,52.218906403],[6.172496796,52.218002319],[6.173977852,52.218891144],[6.176961899,52.221565247],[6.17406702,52.224273682],[6.17118597,52.227882385],[6.172669888,52.22877121],[6.174182892,52.231456757],[6.174847126,52.231586456],[6.182495117,52.233093262],[6.183029175,52.233196259],[6.190392971,52.23494339],[6.197665215,52.22951889],[6.210905075,52.230331421],[6.211822987,52.230140686],[6.2196908,52.228481293],[6.22526598,52.226734161],[6.225536823,52.226650238],[6.222690105,52.232051849],[6.222940922,52.232051849],[6.225629807,52.232032776],[6.231460094,52.229305267],[6.237353802,52.230163574],[6.243231773,52.230125427],[6.247608185,52.228302002],[6.263772011,52.228191376],[6.269074917,52.228965759],[6.269666195,52.229049683],[6.278447151,52.22719574],[6.279916763,52.227184296],[6.279951096,52.228981018],[6.285829067,52.228939056],[6.294679165,52.230674744],[6.301421165,52.231449127],[6.302042961,52.231521606],[6.304946899,52.229705811],[6.306347847,52.226104736],[6.329873085,52.226833344],[6.334300041,52.22769928],[6.347523212,52.227600098],[6.34770298,52.23657608],[6.350643158,52.236553192],[6.3595891,52.242771149],[6.375754833,52.242645264],[6.386099815,52.245258331],[6.386435032,52.245391846],[6.390549183,52.247020721],[6.391980171,52.245212555],[6.394902229,52.244293213],[6.399291039,52.243362427],[6.407916069,52.244171143],[6.408130169,52.244190216],[6.41988802,52.244094849],[6.425747871,52.243152618],[6.42568779,52.240459442],[6.425629139,52.237766266],[6.432878971,52.233219147],[6.438559055,52.224197388],[6.455945969,52.213279724],[6.461418152,52.207237244],[6.461678028,52.206947327],[6.463105202,52.205142975],[6.465734959,52.202659607],[6.465981007,52.202423096],[6.470366001,52.201488495],[6.479134083,52.199619293],[6.479119778,52.199008942],[6.478990078,52.193336487],[6.48775816,52.184646606],[6.489037037,52.183376312],[6.499249935,52.180595398],[6.502141953,52.178775787],[6.505056858,52.177852631],[6.521306992,52.182197571],[6.527177811,52.182144165],[6.527386189,52.182121277],[6.565248966,52.178207397],[6.59324789,52.182434082],[6.593451023,52.18245697],[6.600609779,52.183261871],[6.601250172,52.182891846],[6.616519928,52.174129486],[6.613491058,52.170570374],[6.613469124,52.169670105],[6.617753029,52.165142059],[6.622131824,52.164199829],[6.627631187,52.165817261],[6.628046036,52.165939331],[6.631074905,52.169498444],[6.637039185,52.173030853],[6.639999866,52.173900604],[6.644378185,52.172958374],[6.65012598,52.16841507],[6.654720783,52.175548553],[6.659076214,52.173709869],[6.659267902,52.173648834],[6.682354927,52.166290283],[6.682463169,52.166156769],[6.683773041,52.164482117],[6.685114861,52.159980774],[6.683549881,52.156406403],[6.684620857,52.142032623],[6.67259407,52.131381989],[6.682782173,52.128585815],[6.683039188,52.128501892],[6.688595772,52.126728058],[6.70760107,52.124736786],[6.717786789,52.121936798],[6.718213081,52.121799469],[6.726501942,52.119152069],[6.768417835,52.119525909],[6.769450188,52.109600067],[6.763809204,52.105690002],[6.764588833,52.098228455],[6.752551079,52.0978508],[6.752940178,52.09413147],[6.755908012,52.092487335],[6.759328842,52.090591431],[6.759418011,52.089748383],[6.759717941,52.086860657],[6.754079819,52.082950592],[6.7436409,52.075691223],[6.742818832,52.075119019],[6.731650829,52.074771881],[6.718760014,52.074371338],[6.700688839,52.073791504],[6.701089859,52.070079803],[6.706418991,52.07024765],[6.707108974,52.070270538],[6.706592083,52.069911957],[6.701479912,52.066360474],[6.696239948,52.058731079],[6.697581768,52.045852661],[6.697968006,52.042156219],[6.698051929,52.041351318],[6.698178768,52.040119171],[6.722229004,52.040840149],[6.759449005,52.030738831],[6.772229195,52.02363205],[6.772609234,52.019901276],[6.778618813,52.020080566],[6.813515186,52.000648499],[6.816958904,51.998729706],[6.817329884,51.994991302],[6.830543041,51.995384216],[6.835361004,51.995529175],[6.835403919,51.995098114],[6.835772991,51.991439819],[6.838014126,51.969226837],[6.838380814,51.96559906],[6.834836006,51.965496063],[6.834700108,51.965335846],[6.834629059,51.965251923],[6.826217175,51.962387085],[6.82068491,51.961849213],[6.813957214,51.961196899],[6.813026905,51.961105347],[6.808720112,51.960979462],[6.808630943,51.960678101],[6.804230213,51.945838928],[6.805046082,51.937721252],[6.80535984,51.934608459],[6.800357819,51.934467316],[6.799349785,51.934440613],[6.795175076,51.931522369],[6.793729782,51.930511475],[6.794415951,51.930530548],[6.792784214,51.928398132],[6.786962986,51.921813965],[6.786746979,51.921569824],[6.786080837,51.921199799],[6.777219772,51.915039063],[6.773621082,51.914936066],[6.767952919,51.914775848],[6.765220165,51.914699554],[6.765265942,51.914226532],[6.765469074,51.912193298],[6.765480042,51.912063599],[6.765573978,51.911113739],[6.765589237,51.910949707],[6.765381813,51.910945892],[6.761713028,51.91084671],[6.759661198,51.910083771],[6.759891987,51.907821655],[6.759969234,51.907039642],[6.756844044,51.906951904],[6.750824928,51.906780243],[6.749966145,51.906322479],[6.747238159,51.90486908],[6.746389866,51.904415131],[6.743243217,51.899829865],[6.74270916,51.899051666],[6.731099129,51.89496994],[6.730918884,51.896705627],[6.73071003,51.898712158],[6.711949825,51.905700684],[6.711484909,51.909435272],[6.706991196,51.909309387],[6.705407143,51.910903931],[6.704819202,51.916751862],[6.703972816,51.916728973],[6.69988203,51.916614532],[6.696642876,51.916526794],[6.692709923,51.917442322],[6.692564011,51.91891098],[6.692440987,51.920162201],[6.684459209,51.917362213],[6.680809975,51.916080475],[6.677679062,51.915996552],[6.677442074,51.915988922],[6.674808979,51.915920258],[6.672829151,51.914543152],[6.669190884,51.912010193],[6.657627106,51.907958984],[6.655128956,51.907875061],[6.645569801,51.907611847],[6.639949799,51.903709412],[6.635976791,51.9036026],[6.63526392,51.903583527],[6.633948803,51.903549194],[6.610339165,51.899158478],[6.592728138,51.894939423],[6.59028101,51.893241882],[6.587110043,51.891040802],[6.586994171,51.892177582],[6.586730003,51.894771576],[6.581109047,51.890880585],[6.569499016,51.886821747],[6.569811821,51.883834839],[6.569518089,51.883705139],[6.568303108,51.883171082],[6.566280842,51.883110046],[6.563879013,51.883033752],[6.553330898,51.882705688],[6.541202068,51.876564026],[6.531767845,51.872062683],[6.527186871,51.870552063],[6.522275925,51.868934631],[6.513051987,51.863857269],[6.501791,51.858982086],[6.488070965,51.8556633],[6.483273029,51.855018616],[6.482657909,51.854934692],[6.480340004,51.854621887],[6.476725101,51.856208801],[6.474564075,51.857158661],[6.473561764,51.857597351],[6.472622871,51.858005524],[6.470077038,51.859111786],[6.46983099,51.861690521],[6.463459969,51.865268707],[6.463088989,51.869010925],[6.457089901,51.868850708],[6.451457977,51.864952087],[6.445468903,51.86479187],[6.445722103,51.862171173],[6.445828915,51.861042023],[6.443044186,51.860969543],[6.441729069,51.860935211],[6.439827919,51.860881805],[6.439698219,51.862216949],[6.439098835,51.868370056],[6.433108807,51.868209839],[6.432748795,51.871952057],[6.426739216,51.87179184],[6.420360088,51.875358582],[6.414350033,51.875179291],[6.414693832,51.871994019],[6.413629055,51.872093201],[6.408339977,51.875],[6.4026618,51.87481308],[6.402299881,51.874801636],[6.399418831,51.872814178],[6.397418022,51.871433258],[6.397315025,51.871364594],[6.39781189,51.868183136],[6.398045063,51.866695404],[6.398654938,51.862754822],[6.399085999,51.859996796],[6.410474777,51.853672028],[6.410770893,51.84703064],[6.410966873,51.846733093],[6.411119938,51.84500885],[6.412683964,51.84413147],[6.414493084,51.843112946],[6.417490005,51.841430664],[6.417760849,51.838417053],[6.41782999,51.837669373],[6.415887833,51.838760376],[6.413504124,51.837501526],[6.412797928,51.837127686],[6.412342072,51.83688736],[6.41053915,51.8359375],[6.412017822,51.83373642],[6.412123203,51.833580017],[6.414505005,51.830039978],[6.415103912,51.829151154],[6.417467117,51.825634003],[6.411651134,51.827655792],[6.408645153,51.828689575],[6.405993938,51.831291199],[6.403739929,51.833499908],[6.401545048,51.835651398],[6.399746895,51.835693359],[6.399620056,51.83713913],[6.387059212,51.840549469],[6.381258965,51.836608887],[6.375101089,51.836429596],[6.372361183,51.837928772],[6.369891167,51.839279175],[6.369814873,51.840866089],[6.369750977,51.842201233],[6.365839958,51.847053528],[6.360714912,51.850532532],[6.35991478,51.851074219],[6.352918148,51.854496002],[6.346586227,51.854442596],[6.341341972,51.85439682],[6.340530872,51.854389191],[6.329508781,51.852703094],[6.327520847,51.852523804],[6.326414108,51.852424622],[6.314345837,51.851333618],[6.310534954,51.850990295],[6.306897163,51.857559204],[6.305056095,51.865077972],[6.305033207,51.866950989],[6.304996967,51.869880676],[6.304987907,51.870689392],[6.297814846,51.873653412],[6.289951801,51.875450134],[6.289081097,51.875499725],[6.288980961,51.876579285],[6.280763149,51.876194],[6.278634071,51.876094818],[6.270353794,51.874076843],[6.270508766,51.872322083],[6.260868073,51.871917725],[6.256011009,51.870956421],[6.24822998,51.869415283],[6.232919216,51.868556976],[6.21854496,51.867488861],[6.213109016,51.86876297],[6.209580898,51.871955872],[6.207294941,51.874027252],[6.204333782,51.876579285],[6.201312065,51.879184723],[6.201801777,51.884227753],[6.192603111,51.886795044],[6.192630768,51.887016296],[6.192801952,51.888412476],[6.192997932,51.890007019],[6.190465927,51.891731262],[6.185132027,51.895355225],[6.180622101,51.897304535],[6.180540085,51.898059845],[6.179100037,51.897960663],[6.176240921,51.89919281],[6.174976826,51.899848938],[6.172554016,51.901103973],[6.169019222,51.902938843],[6.163125038,51.904361725],[6.160201073,51.905067444],[6.158889771,51.905384064],[6.150050163,51.904525757],[6.139632225,51.901687622],[6.132773876,51.899963379],[6.129765034,51.899208069],[6.119915009,51.898910522],[6.118113995,51.898857117],[6.112536907,51.896526337],[6.112434864,51.896484375],[6.109755039,51.894611359],[6.108710766,51.893882751],[6.106798172,51.892551422],[6.107149124,51.888988495],[6.113100052,51.889850616],[6.119359016,51.890140533],[6.119400024,51.887149811],[6.125699043,51.887378693],[6.131999016,51.884681702],[6.138288975,51.884929657],[6.138300896,51.879058838],[6.144599915,51.876369476],[6.144588947,51.870521545],[6.150887966,51.867832184],[6.151744843,51.867862701],[6.153894901,51.865104675],[6.158668995,51.862224579],[6.163483143,51.860134125],[6.166995049,51.858608246],[6.168982029,51.845031738],[6.164291859,51.844940186],[6.153457165,51.844726562],[6.144639015,51.847305298],[6.13333416,51.847652435],[6.119685173,51.847038269],[6.116315842,51.847011566],[6.110060215,51.846961975],[6.098579884,51.850978851],[6.09094286,51.855514526],[6.079607964,51.859977722],[6.070334911,51.863998413],[6.068249226,51.864902496],[6.065515995,51.858375549],[6.064962864,51.857051849],[6.06064415,51.857288361],[6.06032896,51.857303619],[6.060603142,51.854934692],[6.060853004,51.85276413],[6.060907841,51.852294922],[6.060989857,51.851593018],[6.053783894,51.846504211],[6.052508831,51.845867157],[6.048039913,51.843631744],[6.044988155,51.843631744],[6.044052124,51.843353271],[6.042902946,51.843307495],[6.038407803,51.843120575],[6.032977104,51.842899323],[6.032559872,51.842704773],[6.032690048,51.839839935],[6.027480125,51.839828491],[6.027592182,51.837345123],[6.027648926,51.83605957],[6.022428989,51.836040497],[6.017370224,51.832260132],[6.009541035,51.83221817],[6.001205921,51.82850647],[5.972117901,51.831855774],[5.967535973,51.827285767],[5.9646492,51.824409485],[5.970217228,51.82068634],[5.97578907,51.816959381],[5.965079784,51.816879272],[5.965301037,51.813121796],[5.968644142,51.810890198],[5.970880032,51.809398651],[5.976209164,51.809440613],[5.981739998,51.805709839],[5.981946945,51.801940918],[5.985046864,51.799850464],[5.986712933,51.798725128],[5.98746109,51.798221588],[5.992751122,51.798240662],[5.990140915,51.796298981],[5.992381096,51.795055389],[5.999937057,51.783210754],[6.000709057,51.781997681],[5.993740082,51.779418945],[5.994015217,51.773944855],[5.994120121,51.771888733],[5.99806118,51.771907806],[5.999369144,51.771911621],[5.999410152,51.771060944],[5.999425888,51.770721436],[5.999548912,51.768138885],[6.004777908,51.768169403],[5.999741077,51.764369965],[5.989439011,51.760570526],[5.989640236,51.756801605],[5.984288216,51.7604599],[5.98416996,51.760540009],[5.983977795,51.760398865],[5.973999977,51.752960205],[5.968698978,51.752929687],[5.968898773,51.749172211],[5.965252876,51.743534088],[5.964142799,51.741817474],[5.962162018,51.740550995],[5.959950924,51.743328094],[5.961464882,51.748706818],[5.959971905,51.745124817],[5.951220036,51.742465973],[5.946859837,51.742485046],[5.942498207,51.74250412],[5.941054821,51.743408203],[5.938168049,51.745212555],[5.938195229,51.747905731],[5.941123962,51.74969101],[5.930964947,51.751525879],[5.930270195,51.751701355],[5.923713207,51.753349304],[5.923374176,51.75377655],[5.920844078,51.756950378],[5.920879841,51.760543823],[5.919454098,51.763240814],[5.913673878,51.766853333],[5.909355164,51.77135849],[5.909068108,51.771644592],[5.900456905,51.778423309],[5.894888878,51.779491425],[5.87740612,51.776859283],[5.876635075,51.776863098],[5.875951767,51.776866913],[5.874473095,51.774177551],[5.874426842,51.769317627],[5.874422073,51.768791199],[5.877289772,51.764293671],[5.87451601,51.761756897],[5.874355793,51.761611938],[5.873045921,51.759231567],[5.872875214,51.758922577],[5.86125803,51.760757446],[5.85030508,51.75994873],[5.849618912,51.759899139],[5.82924509,51.758167267],[5.82904911,51.758155823],[5.817604065,51.757305145],[5.817243099,51.757259369],[5.797225952,51.754673004],[5.787035942,51.752906799],[5.776813984,51.752941132],[5.766953945,51.754707336],[5.766692162,51.754756927],[5.759439945,51.757469177],[5.759298801,51.757518768],[5.75242281,51.760089874],[5.752188206,51.760177612],[5.747848034,51.763778687],[5.747753143,51.76391983],[5.743446827,51.770122528],[5.739181042,51.772777557],[5.738863945,51.77287674],[5.736277103,51.773681641],[5.72901392,51.775493622],[5.718836784,51.776412964],[5.713023186,51.777324677],[5.708674908,51.780025482],[5.702889919,51.786319733],[5.699997902,51.789916992],[5.699853897,51.789970398],[5.692737103,51.792625427],[5.682125092,51.793464661],[5.681098938,51.793544769],[5.675278187,51.793556213],[5.6697402,51.795276642],[5.669466972,51.795360565],[5.661046982,51.802322388],[5.660767078,51.802558899],[5.656421185,51.807052612],[5.65362215,51.814033508],[5.653540134,51.814239502],[5.649188995,51.817836761],[5.648965836,51.817939758],[5.64337492,51.820537567],[5.633912086,51.820552826],[5.633183002,51.820552826],[5.624444008,51.82056427],[5.61281395,51.825965881],[5.604084969,51.828670502],[5.59535408,51.830474854],[5.583695889,51.82869339],[5.583185196,51.82869339],[5.57350111,51.828704834],[5.573358059,51.828689575],[5.563303947,51.82781601],[5.558930874,51.826023102],[5.558672905,51.825706482],[5.557469845,51.824230194],[5.557219028,51.82384491],[5.554547787,51.81974411],[5.551632881,51.817951202],[5.545804977,51.817054749],[5.542420864,51.817058563],[5.535616875,51.8188591],[5.52251482,51.820659637],[5.521060944,51.821559906],[5.513785839,51.826950073],[5.510875225,51.828746796],[5.503595829,51.831439972],[5.496285915,51.831436157],[5.490486145,51.829650879],[5.487570763,51.826957703],[5.483197212,51.81798172],[5.482851028,51.817714691],[5.477369785,51.813495636],[5.471720219,51.811752319],[5.471543789,51.811698914],[5.455994129,51.810829163],[5.45553112,51.81080246],[5.445339203,51.81080246],[5.435149193,51.811698914],[5.429323196,51.814388275],[5.423498154,51.818874359],[5.42318821,51.819255829],[5.420582771,51.822463989],[5.419126034,51.822463989],[5.418410778,51.822551727],[5.411843777,51.823360443],[5.406144142,51.819839478],[5.406023979,51.819766998],[5.404603958,51.818012238],[5.398750782,51.812580109],[5.390399933,51.806564331],[5.390024185,51.806293488],[5.374623775,51.790714264],[5.374040127,51.790122986],[5.37277317,51.787769318],[5.372591019,51.78742981],[5.36823988,51.779346466],[5.366799831,51.769443512],[5.365364075,51.762290955],[5.362462044,51.75869751],[5.359560966,51.756000519],[5.326141834,51.746990204],[5.310173988,51.73979187],[5.30973196,51.739608765],[5.305819035,51.737991333],[5.301458836,51.737983704],[5.288702965,51.740589142],[5.288368225,51.740657806],[5.273935795,51.740634918],[5.26947403,51.739730835],[5.260766983,51.736125946],[5.254919052,51.734264374],[5.254255772,51.734466553],[5.250640869,51.735202789],[5.236349106,51.742206573],[5.236030102,51.742366791],[5.225845814,51.744140625],[5.21707201,51.743217468],[5.211317062,51.7423172],[5.199693203,51.741394043],[5.190967083,51.742271423],[5.184219837,51.743087769],[5.183693886,51.743152618],[5.168360233,51.743114471],[5.167703152,51.743114471],[5.148902893,51.741275787],[5.135755062,51.738540649],[5.135439873,51.738540649],[5.132849216,51.73853302],[5.131388187,51.739425659],[5.129901886,51.743911743],[5.132573128,51.746406555],[5.132791996,51.746612549],[5.14293623,51.75112915],[5.147265911,51.755626678],[5.141431808,51.758304596],[5.139953136,51.761890411],[5.141311169,51.764446259],[5.141388893,51.764587402],[5.142817974,51.768180847],[5.142933846,51.768398285],[5.144252777,51.770877838],[5.142780781,51.7735672],[5.123836994,51.778003693],[5.123260021,51.778358459],[5.121203899,51.779613495],[5.120914936,51.779792786],[5.113667011,51.784221649],[5.104848862,51.787822723],[5.099029064,51.78780365],[5.096117973,51.787796021],[5.095891953,51.787689209],[5.09032011,51.785083771],[5.085985184,51.781478882],[5.081634045,51.779670715],[5.076096058,51.779651642],[5.075816154,51.779651642],[5.072897911,51.780540466],[5.069972038,51.782325745],[5.064114094,51.78679657],[5.06264019,51.790351868],[5.056738853,51.795761108],[5.052672863,51.798240662],[5.052370071,51.798423767],[5.043613911,51.801086426],[5.042984962,51.801261902],[5.027558804,51.805519104],[5.02692318,51.805747986],[5.020255089,51.808181763],[5.01594305,51.810810089],[5.015853882,51.811756134],[5.015750885,51.81211853],[5.014345169,51.817138672],[5.012804031,51.818061829],[5.009714127,51.819313049],[5.0084939,51.81980896],[5.005562782,51.821594238],[5.015750885,51.820735931],[5.030344009,51.818992615],[5.031661987,51.824047089],[5.031747818,51.824382782],[5.035960197,51.841453552],[5.011719227,51.843120575],[5.011212826,51.843227386],[5.005578995,51.844409943],[5.004061222,51.844867706],[5.003874779,51.844924927],[5.003864765,51.845821381],[5.003838062,51.848514557],[5.002345085,51.852100372],[5.002317905,51.854793549],[4.997882843,51.861061096],[4.999330044,51.861961365],[4.999638081,51.861858368],[5.009568214,51.858413696],[5.019760132,51.859348297],[5.031420231,51.859390259],[5.048910141,51.859455109],[5.05766201,51.858585358],[5.064939022,51.859508514],[5.067555904,51.86113739],[5.067841053,51.861312866],[5.066374779,51.862205505],[5.056132793,51.866661072],[5.056117058,51.868453979],[5.057550907,51.87115097],[5.060442924,51.873855591],[5.06626606,51.874771118],[5.076416969,51.87480545],[5.077139854,51.874809265],[5.077930927,51.874809265],[5.085203171,51.876628876],[5.085367203,51.876731873],[5.088105202,51.878433228],[5.088253021,51.878570557],[5.090572834,51.880737305],[5.090999126,51.881137848],[5.09240818,51.887424469],[5.094893932,51.888969421],[5.095308781,51.889228821],[5.098349094,51.88923645],[5.109892845,51.889274597],[5.117190838,51.888397217],[5.118642807,51.889297485],[5.118916035,51.889636993],[5.120065212,51.891067505],[5.121534824,51.89289856],[5.122945786,51.899185181],[5.135965824,51.914482117],[5.136329174,51.914707184],[5.137417793,51.915382385],[5.140313148,51.918979645],[5.147564888,51.925285339],[5.153374195,51.929786682],[5.151895046,51.932476044],[5.153345108,51.934276581],[5.156263828,51.93428421],[5.167862892,51.946880341],[5.177959919,51.96031189],[5.185256958,51.968463898],[5.195512772,51.963104248],[5.201365948,51.96131897],[5.210141182,51.959545135],[5.218138218,51.961200714],[5.218894958,51.961357117],[5.223264217,51.964057922],[5.223487854,51.964199066],[5.229090214,51.967662811],[5.234889984,51.976650238],[5.240722179,51.979354858],[5.246565819,51.979362488],[5.249492168,51.978469849],[5.261213779,51.971309662],[5.274384975,51.965946198],[5.289003849,51.963275909],[5.305076122,51.962398529],[5.316729069,51.957946777],[5.322628021,51.955242157],[5.331386089,51.956150055],[5.338685989,51.957950592],[5.344519138,51.961547852],[5.345040798,51.961547852],[5.345980167,51.961551666],[5.346152782,51.961719513],[5.353265762,51.968738556],[5.360568047,51.970539093],[5.369331837,51.971443176],[5.379562855,51.969657898],[5.388287067,51.969661713],[5.397093773,51.97146225],[5.404396057,51.974159241],[5.423388004,51.976860046],[5.429232121,51.979553223],[5.4360919,51.983772278],[5.436536789,51.984043121],[5.442382812,51.985839844],[5.448228836,51.985839844],[5.459920883,51.984046936],[5.478527069,51.983165741],[5.478919029,51.983146667],[5.484765053,51.984043121],[5.485116005,51.984043121],[5.492072105,51.984043121],[5.493384838,51.98323822],[5.493533134,51.983146667],[5.506681919,51.979549408],[5.516902924,51.974159241],[5.524273872,51.972362518],[5.52675581,51.972358704],[5.527130127,51.972358704],[5.533010006,51.970554352],[5.544589996,51.968769073],[5.547574043,51.966960907],[5.553403854,51.960674286],[5.55883503,51.958164215],[5.559237957,51.957977295],[5.567996979,51.955276489],[5.591353893,51.951660156],[5.592814922,51.951660156],[5.595732212,51.950759888],[5.595993996,51.950645447],[5.610229969,51.944496155],[5.611770153,51.943557739],[5.623476028,51.949829102],[5.623660088,51.949996948],[5.626407146,51.952514648],[5.632247925,51.952507019],[5.633710861,51.953403473],[5.633729935,51.957893372],[5.629469872,51.963157654],[5.629370213,51.963283539],[5.626461983,51.966876984],[5.63086319,51.971359253],[5.632337093,51.974948883],[5.627963066,51.977645874],[5.620678902,51.983043671],[5.620708942,51.991123199],[5.616333008,51.99382019],[5.611949921,51.994724274],[5.6090312,51.995624542],[5.598817825,52.001922607],[5.597362041,52.00371933],[5.597374916,52.008205414],[5.595919132,52.010002136],[5.593001842,52.011882782],[5.593004227,52.012760162],[5.593015194,52.016288757],[5.595939159,52.016284943],[5.595952988,52.020774841],[5.593029022,52.020778656],[5.593049049,52.027458191],[5.59306097,52.031547546],[5.595986843,52.031547546],[5.595998764,52.034946442],[5.595998764,52.035137177],[5.590153217,52.036937714],[5.589818001,52.037021637],[5.575530052,52.040542603],[5.574921131,52.04088974],[5.574069023,52.041442871],[5.575481892,52.044029236],[5.575541019,52.044132233],[5.57697916,52.04850769],[5.577015877,52.048622131],[5.564423084,52.049491882],[5.563845158,52.049530029],[5.566763878,52.069747925],[5.566825867,52.070171356],[5.566834927,52.073764801],[5.568312168,52.079147339],[5.566862106,52.084533691],[5.566634178,52.084629059],[5.56247282,52.086334229],[5.561011791,52.088130951],[5.562486172,52.092617035],[5.561040878,52.100696564],[5.556657791,52.106086731],[5.53760004,52.102508545],[5.539063931,52.100711823],[5.544919014,52.098014832],[5.544909,52.093528748],[5.543435097,52.089042664],[5.536111832,52.089942932],[5.533174038,52.085456848],[5.537566185,52.08455658],[5.537563801,52.082759857],[5.528769016,52.078277588],[5.52584219,52.08007431],[5.515587807,52.079181671],[5.511340141,52.077449799],[5.511191845,52.077388763],[5.511189938,52.07649231],[5.511189938,52.076358795],[5.511187077,52.073799133],[5.505328178,52.072006226],[5.502398968,52.072006226],[5.499470234,52.07201004],[5.489219189,52.070217133],[5.473114014,52.075603485],[5.464327812,52.080989838],[5.465794086,52.08278656],[5.46872282,52.083683014],[5.468841076,52.083755493],[5.470156193,52.084560394],[5.480443954,52.090862274],[5.49216795,52.094451904],[5.490705013,52.097145081],[5.490712166,52.106121063],[5.499510765,52.111503601],[5.499514103,52.113300323],[5.496582985,52.115093231],[5.492186069,52.1159935],[5.493651867,52.116889954],[5.505380154,52.116886139],[5.508308887,52.115089417],[5.509774208,52.114192963],[5.514171124,52.114189148],[5.512708187,52.11598587],[5.511888981,52.118503571],[5.511247158,52.120475769],[5.506847858,52.119579315],[5.506188869,52.119579315],[5.502450943,52.119579315],[5.500990868,52.124965668],[5.503928185,52.13035202],[5.506862164,52.13035202],[5.518595219,52.132141113],[5.51872015,52.132522583],[5.519207954,52.13401413],[5.519330978,52.134380341],[5.520067215,52.136627197],[5.517136097,52.13842392],[5.502477169,52.142021179],[5.505414009,52.147407532],[5.504078865,52.147609711],[5.493680954,52.149204254],[5.487814903,52.151000977],[5.489284992,52.154590607],[5.489288807,52.158180237],[5.484890938,52.161773682],[5.479020119,52.161773682],[5.477553844,52.163570404],[5.479022026,52.164466858],[5.484892845,52.164466858],[5.484892845,52.166259766],[5.452609062,52.168056488],[5.452126026,52.168205261],[5.449674129,52.168956757],[5.445270061,52.171646118],[5.44380188,52.173442841],[5.445270061,52.173442841],[5.443799973,52.184215546],[5.444005013,52.185085297],[5.445268154,52.190498352],[5.44526577,52.196430206],[5.44526577,52.197525024],[5.44526577,52.202167511],[5.44526577,52.204860687],[5.444572926,52.204963684],[5.439390182,52.205757141],[5.414411068,52.219211578],[5.41288805,52.213851929],[5.401186943,52.219207764],[5.398246765,52.221000671],[5.399582863,52.225101471],[5.399710178,52.22549057],[5.408505917,52.24703598],[5.417325974,52.246139526],[5.420268059,52.245243073],[5.43055582,52.249736786],[5.440845966,52.252429962],[5.467311859,52.256023407],[5.473194122,52.258716583],[5.476139069,52.262306213],[5.477609158,52.261405945],[5.479076862,52.257816315],[5.480546951,52.256919861],[5.483489037,52.257816315],[5.493785858,52.263198853],[5.507022858,52.26499176],[5.533495903,52.264080048],[5.536439896,52.266769409],[5.542335987,52.272151947],[5.546760082,52.277534485],[5.548239231,52.281124115],[5.548242092,52.282920837],[5.554146767,52.291889191],[5.558435917,52.30229187],[5.558588982,52.302658081],[5.565972805,52.312526703],[5.565979958,52.315219879],[5.571880817,52.319702148],[5.582210064,52.326869965],[5.582348824,52.326915741],[5.58957386,52.330516815],[5.597352028,52.333507538],[5.607397079,52.338508606],[5.617618084,52.347476959],[5.62067318,52.354671478],[5.62404108,52.356075287],[5.625078201,52.358268738],[5.620660782,52.36265564],[5.632678986,52.35748291],[5.63549614,52.359069824],[5.638310909,52.361873627],[5.650129795,52.367305756],[5.654540062,52.368103027],[5.660181046,52.365909576],[5.669427872,52.369876862],[5.682043076,52.376285553],[5.684778214,52.377952576],[5.684101105,52.37878418],[5.6885252,52.37877655],[5.695898056,52.378761292],[5.706233978,52.381435394],[5.707716942,52.383224487],[5.709202766,52.385017395],[5.713637829,52.386802673],[5.721017838,52.387687683],[5.722490788,52.387683868],[5.728766918,52.39093399],[5.732849121,52.393043518],[5.734331131,52.393939972],[5.743203163,52.397510529],[5.74467802,52.397506714],[5.750436783,52.400482178],[5.755041122,52.402866364],[5.759479046,52.404651642],[5.763917923,52.406433105],[5.765407085,52.408226013],[5.77132082,52.410003662],[5.783176899,52.417156219],[5.789101124,52.419830322],[5.79650116,52.422504425],[5.817267895,52.435009003],[5.817482948,52.435203552],[5.823123932,52.440288544],[5.829170227,52.445743561],[5.826231956,52.447547913],[5.829208851,52.450233459],[5.830692768,52.451126099],[5.830708981,52.452919006],[5.823353767,52.456531525],[5.824847221,52.458324432],[5.826336861,52.460113525],[5.833809853,52.469963074],[5.835270882,52.468162537],[5.829316139,52.462799072],[5.829284191,52.459205627],[5.833701134,52.457397461],[5.838148117,52.459178925],[5.838274956,52.459384918],[5.84264183,52.466346741],[5.845598221,52.466335297],[5.847074986,52.466331482],[5.848593235,52.470813751],[5.856102943,52.48425293],[5.8576231,52.488735199],[5.857647896,52.491428375],[5.857729912,52.491523743],[5.859140873,52.493217468],[5.865120888,52.500377655],[5.871191025,52.516513824],[5.874165058,52.518299103],[5.872694969,52.519203186],[5.883073807,52.521858215],[5.886032104,52.521846771],[5.890087128,52.519359589],[5.890445232,52.519138336],[5.90795517,52.505687714],[5.908052921,52.50561142],[5.915371895,52.498405457],[5.927035809,52.483100891],[5.927334785,52.482639313]]]]},"properties":{"name":"Gelderland","mapcolor":4,"cartodb_id":4}},{"type":"Feature","geometry":{"type":"MultiPolygon","coordinates":[[[[6.752500057,53.465694427],[6.752500057,53.465415955],[6.753610134,53.465415955],[6.753610134,53.465213776],[6.753610134,53.463195801],[6.754166126,53.463195801],[6.754166126,53.462917328],[6.754723072,53.462917328],[6.754723072,53.462638855],[6.755279064,53.462638855],[6.755279064,53.462917328],[6.755833149,53.462917328],[6.755833149,53.463748932],[6.756389141,53.463748932],[6.756389141,53.464027405],[6.756945133,53.464027405],[6.756945133,53.464584351],[6.757501125,53.464584351],[6.757501125,53.464862823],[6.75805521,53.464862823],[6.75805521,53.464584351],[6.759723186,53.464584351],[6.759723186,53.464305878],[6.760832787,53.464305878],[6.760832787,53.464027405],[6.761944771,53.464027405],[6.761944771,53.463748932],[6.764722824,53.463748932],[6.764722824,53.463470459],[6.765276909,53.463470459],[6.765276909,53.463195801],[6.766388893,53.463195801],[6.766388893,53.462917328],[6.76749897,53.462917328],[6.76749897,53.462638855],[6.768611908,53.462638855],[6.768611908,53.462360382],[6.770277977,53.462360382],[6.770277977,53.462081909],[6.770833969,53.462081909],[6.770833969,53.461807251],[6.772500038,53.461807251],[6.772500038,53.461528778],[6.773612022,53.461528778],[6.773612022,53.461250305],[6.775278091,53.461250305],[6.775278091,53.460971832],[6.77694416,53.460971832],[6.77694416,53.460693359],[6.778056145,53.460693359],[6.778056145,53.460414886],[6.779166222,53.460414886],[6.779166222,53.460140228],[6.78027916,53.460140228],[6.78027916,53.459861755],[6.781387806,53.459861755],[6.781387806,53.459583282],[6.781945229,53.459583282],[6.781945229,53.45930481],[6.782501221,53.45930481],[6.782501221,53.459026337],[6.783610821,53.459026337],[6.783610821,53.458751678],[6.784722805,53.458751678],[6.784722805,53.458194733],[6.785278797,53.458194733],[6.785278797,53.45791626],[6.785832882,53.45791626],[6.785832882,53.457637787],[6.786944866,53.457637787],[6.786944866,53.457359314],[6.787498951,53.457359314],[6.787498951,53.457084656],[6.788054943,53.457084656],[6.788054943,53.456806183],[6.788610935,53.456806183],[6.788610935,53.45652771],[6.789166927,53.45652771],[6.789166927,53.456249237],[6.789721012,53.456249237],[6.789722919,53.455970764],[6.790277004,53.455970764],[6.790277004,53.455696106],[6.790832996,53.455696106],[6.790832996,53.455417633],[6.793055058,53.455417633],[6.793055058,53.454860687],[6.79361105,53.454860687],[6.79361105,53.454582214],[6.794721127,53.454582214],[6.794721127,53.454303741],[6.798612118,53.454303741],[6.798612118,53.454582214],[6.799166203,53.454582214],[6.799166203,53.454860687],[6.799722195,53.454860687],[6.799722195,53.45513916],[6.800278187,53.45513916],[6.800278187,53.455417633],[6.800834179,53.455417633],[6.800834179,53.455696106],[6.800991058,53.455696106],[6.801387787,53.455696106],[6.801387787,53.455970764],[6.801943779,53.455970764],[6.801943779,53.456249237],[6.802499771,53.456249237],[6.802499771,53.456806183],[6.803612232,53.456806183],[6.803612232,53.457084656],[6.80416584,53.457084656],[6.80416584,53.457637787],[6.804721832,53.457637787],[6.804721832,53.458194733],[6.805277824,53.458194733],[6.805277824,53.458751678],[6.806943893,53.458751678],[6.806943893,53.459026337],[6.807500839,53.459026337],[6.807500839,53.459583282],[6.80805397,53.459583282],[6.80805397,53.459861755],[6.808609962,53.459861755],[6.808609962,53.460140228],[6.809166908,53.460140228],[6.809166908,53.460414886],[6.8097229,53.460414886],[6.8097229,53.460693359],[6.810278893,53.460693359],[6.810278893,53.461250305],[6.810832977,53.461250305],[6.810832977,53.461528778],[6.811388969,53.461528778],[6.811388969,53.461807251],[6.811944962,53.461807251],[6.811944962,53.462081909],[6.812500954,53.462081909],[6.812500954,53.462360382],[6.813055038,53.462360382],[6.813055038,53.463195801],[6.813611031,53.463195801],[6.813611031,53.463470459],[6.8152771,53.463470459],[6.8152771,53.463195801],[6.816945076,53.463195801],[6.816945076,53.462917328],[6.818055153,53.462917328],[6.818055153,53.462638855],[6.819721222,53.462638855],[6.819721222,53.462360382],[6.821390152,53.462360382],[6.821390152,53.462188721],[6.821390152,53.462081909],[6.822498798,53.462081909],[6.822498798,53.461807251],[6.823612213,53.461807251],[6.823612213,53.461528778],[6.824721813,53.461528778],[6.824721813,53.461250305],[6.825833797,53.461250305],[6.825833797,53.460971832],[6.826387882,53.460971832],[6.826387882,53.460693359],[6.827499866,53.460693359],[6.827499866,53.460414886],[6.828055859,53.460414886],[6.828055859,53.460140228],[6.829165936,53.460140228],[6.829165936,53.459861755],[6.829721928,53.459861755],[6.829721928,53.459583282],[6.830833912,53.459583282],[6.830833912,53.45930481],[6.831943989,53.45930481],[6.831943989,53.459026337],[6.833055973,53.459026337],[6.833055973,53.458751678],[6.83416605,53.458751678],[6.83416605,53.458473206],[6.835278988,53.458473206],[6.835278988,53.458194733],[6.835832119,53.458194733],[6.835832119,53.457084656],[6.835278988,53.457084656],[6.835278988,53.45513916],[6.835832119,53.45513916],[6.835832119,53.454029083],[6.835278988,53.454029083],[6.835278988,53.451805115],[6.834722996,53.451805115],[6.834722996,53.450969696],[6.834722996,53.450416565],[6.83416605,53.450416565],[6.83416605,53.450138092],[6.832499981,53.450138092],[6.832499981,53.450416565],[6.829721928,53.450416565],[6.829721928,53.450695038],[6.827499866,53.450695038],[6.827499866,53.450973511],[6.826387882,53.450973511],[6.826387882,53.451248169],[6.825277805,53.451248169],[6.825277805,53.451526642],[6.824168205,53.451526642],[6.824168205,53.451805115],[6.823056221,53.451805115],[6.823002815,53.452083588],[6.822498798,53.452083588],[6.822498798,53.452362061],[6.821390152,53.452362061],[6.821390152,53.452640533],[6.820277214,53.452640533],[6.820277214,53.452915192],[6.819167137,53.452915192],[6.819167137,53.453193665],[6.818611145,53.453193665],[6.818611145,53.45375061],[6.818055153,53.45375061],[6.818055153,53.453472137],[6.816389084,53.453472137],[6.816389084,53.453193665],[6.815833092,53.453193665],[6.815833092,53.452362061],[6.8152771,53.452362061],[6.8152771,53.452083588],[6.813611031,53.452083588],[6.813611031,53.451805115],[6.813055038,53.451805115],[6.813055038,53.452640533],[6.812500954,53.452640533],[6.812500954,53.45375061],[6.813055038,53.45375061],[6.813055038,53.454582214],[6.810832977,53.454582214],[6.810832977,53.454303741],[6.810278893,53.454303741],[6.810278893,53.453472137],[6.8097229,53.453472137],[6.8097229,53.452640533],[6.809166908,53.452640533],[6.809166908,53.451805115],[6.808609962,53.451805115],[6.808609962,53.451248169],[6.809166908,53.451248169],[6.809166908,53.450695038],[6.810832977,53.450695038],[6.810832977,53.450973511],[6.811388969,53.450973511],[6.811388969,53.451248169],[6.811944962,53.451248169],[6.811944962,53.451526642],[6.814167023,53.451526642],[6.814167023,53.451248169],[6.8152771,53.451248169],[6.8152771,53.450973511],[6.816389084,53.450973511],[6.816389084,53.450695038],[6.817499161,53.450695038],[6.817499161,53.450416565],[6.818611145,53.450416565],[6.818611145,53.450138092],[6.821840763,53.450138092],[6.822498798,53.450138092],[6.822498798,53.449993134],[6.822498798,53.449859619],[6.823056221,53.449859619],[6.823056221,53.449584961],[6.824840069,53.449584961],[6.827499866,53.449584961],[6.827499866,53.449306488],[6.829721928,53.449306488],[6.829721928,53.449028015],[6.83027792,53.449028015],[6.83027792,53.448638916],[6.83027792,53.447360992],[6.829721928,53.447360992],[6.829721928,53.44638443],[6.829721928,53.446250916],[6.829165936,53.446250916],[6.829165936,53.44569397],[6.828608036,53.44569397],[6.825833797,53.44569397],[6.825833797,53.445972443],[6.823612213,53.445972443],[6.823612213,53.44569397],[6.823056221,53.44569397],[6.823056221,53.445415497],[6.823612213,53.445415497],[6.823612213,53.445137024],[6.825833797,53.445137024],[6.825833797,53.444862366],[6.826943874,53.444862366],[6.826943874,53.444026947],[6.827499866,53.444026947],[6.827499866,53.443748474],[6.828609943,53.443748474],[6.828609943,53.443473816],[6.83027792,53.443473816],[6.83027792,53.443195343],[6.830833912,53.443195343],[6.830833912,53.44291687],[6.831387997,53.44291687],[6.831387997,53.442638397],[6.833055973,53.442638397],[6.833055973,53.44291687],[6.835278988,53.44291687],[6.835278988,53.443195343],[6.838909149,53.443195343],[6.83972311,53.443195343],[6.83972311,53.443088531],[6.83972311,53.44291687],[6.841042995,53.44291687],[6.841945171,53.44291687],[6.841945171,53.442798615],[6.841945171,53.442638397],[6.843472004,53.442638397],[6.844167233,53.442638397],[6.844167233,53.442359924],[6.845832825,53.442359924],[6.845832825,53.442081451],[6.846388817,53.442081451],[6.846388817,53.442359924],[6.846942902,53.442367554],[6.846942902,53.443748474],[6.847498894,53.443748474],[6.847498894,53.444583893],[6.846942902,53.444583893],[6.846942902,53.444862366],[6.845276833,53.444862366],[6.845276833,53.445137024],[6.844167233,53.445137024],[6.844167233,53.445415497],[6.843610764,53.445415497],[6.843610764,53.44569397],[6.841945171,53.44569397],[6.841945171,53.445972443],[6.838611126,53.445972443],[6.838611126,53.446250916],[6.83832407,53.446250916],[6.838055134,53.446250916],[6.838055134,53.447284698],[6.838055134,53.449584961],[6.838611126,53.449584961],[6.838611126,53.450138092],[6.839167118,53.450138092],[6.839167118,53.450256348],[6.839167118,53.450416565],[6.83972311,53.450416565],[6.83972311,53.450695038],[6.840277195,53.450695038],[6.840277195,53.451248169],[6.83972311,53.451248169],[6.83972311,53.454029083],[6.840277195,53.454029083],[6.840277195,53.455417633],[6.840833187,53.455417633],[6.840833187,53.456249237],[6.841389179,53.456249237],[6.841389179,53.45652771],[6.843983173,53.45652771],[6.844167233,53.45652771],[6.844167233,53.456249237],[6.845832825,53.456249237],[6.845832825,53.455970764],[6.846942902,53.455970764],[6.846942902,53.455696106],[6.848054886,53.455696106],[6.848054886,53.455417633],[6.849164963,53.455417633],[6.849167824,53.45513916],[6.849720955,53.45513916],[6.849720955,53.454860687],[6.850833893,53.454860687],[6.850833893,53.454582214],[6.851198196,53.454582214],[6.851389885,53.454582214],[6.851389885,53.454303741],[6.852499962,53.454303741],[6.852499962,53.454029083],[6.853055954,53.454029083],[6.853055954,53.45375061],[6.854166031,53.45375061],[6.854166031,53.453472137],[6.854722023,53.453472137],[6.854722023,53.453193665],[6.855834007,53.453193665],[6.855834007,53.452915192],[6.858056068,53.452915192],[6.858056068,53.452640533],[6.859166145,53.452640533],[6.859166145,53.452362061],[6.859722137,53.452362061],[6.859722137,53.452083588],[6.86027813,53.452083588],[6.86027813,53.451805115],[6.860832214,53.451805115],[6.860832214,53.451526642],[6.861388206,53.451526642],[6.861388206,53.451248169],[6.862501144,53.451248169],[6.862501144,53.450973511],[6.863057137,53.450973511],[6.863057137,53.450695038],[6.863611221,53.450695038],[6.863611221,53.449859619],[6.864167213,53.449859619],[6.864167213,53.449584961],[6.864723206,53.449584961],[6.864723206,53.449306488],[6.865279198,53.449306488],[6.865279198,53.449028015],[6.865832806,53.449028015],[6.865832806,53.448749542],[6.866388798,53.448749542],[6.866388798,53.448471069],[6.86694479,53.448471069],[6.86694479,53.448192596],[6.867498875,53.448192596],[6.867498875,53.447917938],[6.868054867,53.447917938],[6.868054867,53.447639465],[6.868610859,53.447639465],[6.868610859,53.446804047],[6.869166851,53.446804047],[6.869166851,53.446250916],[6.869722843,53.446250916],[6.869722843,53.445972443],[6.870276928,53.445972443],[6.870276928,53.44569397],[6.871388912,53.44569397],[6.871388912,53.445415497],[6.871944904,53.445415497],[6.871944904,53.445137024],[6.872498989,53.445137024],[6.872498989,53.444862366],[6.873610973,53.444862366],[6.873610973,53.444583893],[6.874167919,53.444583893],[6.874167919,53.44430542],[6.873610973,53.44430542],[6.873610973,53.443748474],[6.874167919,53.443748474],[6.874167919,53.443473816],[6.87472105,53.443473816],[6.87472105,53.442638397],[6.875833988,53.442638397],[6.875833988,53.442359924],[6.87638998,53.442359924],[6.87638998,53.442081451],[6.876943111,53.442081451],[6.876943111,53.441806793],[6.878056049,53.441806793],[6.878056049,53.44152832],[6.878612041,53.44152832],[6.878612041,53.441806793],[6.879166126,53.441806793],[6.879166126,53.441249847],[6.879722118,53.441249847],[6.879722118,53.440692902],[6.880278111,53.440692902],[6.880278111,53.440418243],[6.880834103,53.440418243],[6.880834103,53.439029694],[6.881388187,53.439025879],[6.881390095,53.439304352],[6.882500172,53.439304352],[6.882500172,53.439025879],[6.883056164,53.439025879],[6.883056164,53.438472748],[6.883612156,53.438472748],[6.883612156,53.438194275],[6.884165764,53.438194275],[6.884165764,53.43347168],[6.883612156,53.43347168],[6.883612156,53.432918549],[6.883056164,53.432918549],[6.883056164,53.432361603],[6.882500172,53.432361603],[6.882500172,53.431804657],[6.88194418,53.431804657],[6.88194418,53.431251526],[6.881388187,53.431251526],[6.881388187,53.430973053],[6.880834103,53.430973053],[6.880834103,53.430137634],[6.880278111,53.430137634],[6.880278111,53.429862976],[6.879722118,53.429862976],[6.879722118,53.428749084],[6.879166126,53.428749084],[6.879166126,53.428195953],[6.878612041,53.428195953],[6.878612041,53.42791748],[6.876943111,53.42791748],[6.876943111,53.427639008],[6.87638998,53.427639008],[6.87638998,53.427082062],[6.875833988,53.427082062],[6.875833988,53.426250458],[6.875277042,53.426250458],[6.875277042,53.425693512],[6.875833988,53.425693512],[6.875833988,53.423194885],[6.87472105,53.423194885],[6.87472105,53.422916412],[6.874167919,53.422916412],[6.874167919,53.422637939],[6.873610973,53.422637939],[6.873610973,53.415973663],[6.874167919,53.415973663],[6.874167919,53.41569519],[6.873610973,53.41569519],[6.873610973,53.414859772],[6.873054981,53.414859772],[6.873054981,53.414028168],[6.873610973,53.414028168],[6.873610973,53.413192749],[6.874167919,53.413192749],[6.874167919,53.412918091],[6.873610973,53.412918091],[6.873610973,53.411251068],[6.874167919,53.411251068],[6.874167919,53.410694122],[6.87472105,53.410694122],[6.87472105,53.410072327],[6.87472105,53.409584045],[6.873610973,53.409584045],[6.873610973,53.4090271],[6.873054981,53.4090271],[6.873054981,53.40763855],[6.873610973,53.40763855],[6.873610973,53.407081604],[6.874167919,53.407081604],[6.874167919,53.406806946],[6.87472105,53.406806946],[6.87472105,53.406528473],[6.875833988,53.406528473],[6.875833988,53.40625],[6.87638998,53.40625],[6.87638998,53.405693054],[6.876943111,53.405693054],[6.876943111,53.405418396],[6.877500057,53.405418396],[6.877500057,53.40486145],[6.878612041,53.40486145],[6.878612041,53.404582977],[6.879722118,53.404582977],[6.879722118,53.403194427],[6.880278111,53.403194427],[6.880278111,53.402637482],[6.880834103,53.402637482],[6.880834103,53.402084351],[6.881388187,53.402084351],[6.881388187,53.401527405],[6.88194418,53.401527405],[6.88194418,53.401248932],[6.882500172,53.401248932],[6.882500172,53.400695801],[6.883612156,53.400695801],[6.883612156,53.400138855],[6.884165764,53.400138855],[6.884165764,53.399860382],[6.884722233,53.399860382],[6.884722233,53.398471832],[6.885278225,53.398471832],[6.885278225,53.397914886],[6.885834217,53.397914886],[6.885834217,53.397640228],[6.886387825,53.397640228],[6.886387825,53.39680481],[6.886943817,53.39680481],[6.886943817,53.396251678],[6.887499809,53.396251678],[6.887499809,53.39541626],[6.886943817,53.39541626],[6.886943817,53.394859314],[6.886387825,53.394859314],[6.886387825,53.394584656],[6.885834217,53.394584656],[6.885834217,53.394306183],[6.885278225,53.394306183],[6.885278225,53.393749237],[6.884722233,53.393749237],[6.884722233,53.393470764],[6.884165764,53.393470764],[6.884165764,53.392082214],[6.884722233,53.392082214],[6.884722233,53.391803741],[6.886943817,53.391803741],[6.886943817,53.391529083],[6.887499809,53.391529083],[6.887499809,53.39125061],[6.888053894,53.39125061],[6.888053894,53.390693665],[6.888609886,53.390693665],[6.888609886,53.389862061],[6.889165878,53.389862061],[6.889165878,53.389026642],[6.889722824,53.389026642],[6.889722824,53.387916565],[6.889165878,53.387916565],[6.889165878,53.387359619],[6.888609886,53.387359619],[6.888609886,53.386249542],[6.889165878,53.386249542],[6.889165878,53.385692596],[6.888609886,53.385692596],[6.888609886,53.384029388],[6.888053894,53.384029388],[6.888053894,53.383750916],[6.887499809,53.383750916],[6.887499809,53.382637024],[6.888053894,53.382637024],[6.888053894,53.38180542],[6.888609886,53.38180542],[6.888609886,53.380695343],[6.889165878,53.380695343],[6.889165878,53.38041687],[6.888609886,53.38041687],[6.888609886,53.379306793],[6.889165878,53.379306793],[6.889165878,53.378471375],[6.889722824,53.378471375],[6.889722824,53.377639771],[6.890278816,53.377639771],[6.890278816,53.377082825],[6.889722824,53.377082825],[6.889722824,53.376804352],[6.890278816,53.376804352],[6.890278816,53.375694275],[6.890832901,53.375694275],[6.890832901,53.374584198],[6.891388893,53.374584198],[6.891388893,53.372360229],[6.891944885,53.372360229],[6.891944885,53.370140076],[6.892500877,53.370140076],[6.892500877,53.369861603],[6.893610954,53.369861603],[6.893610954,53.36958313],[6.894722939,53.36958313],[6.894722939,53.369304657],[6.895277023,53.369304657],[6.895277023,53.369026184],[6.894722939,53.369026184],[6.894722939,53.367084503],[6.894166946,53.367084503],[6.894166946,53.36680603],[6.894722939,53.36680603],[6.894722939,53.366527557],[6.894166946,53.366527557],[6.894166946,53.36541748],[6.893610954,53.36541748],[6.893610954,53.365139008],[6.894166946,53.365139008],[6.894166946,53.364582062],[6.894722939,53.364582062],[6.894722939,53.362915039],[6.895277023,53.362915039],[6.895277023,53.361804962],[6.894722939,53.361804962],[6.894722939,53.361526489],[6.895277023,53.361526489],[6.895277023,53.360416412],[6.894722939,53.360416412],[6.894722939,53.360137939],[6.893610954,53.360137939],[6.893610954,53.359584808],[6.894166946,53.359584808],[6.894166946,53.359306335],[6.894722939,53.359306335],[6.894722939,53.359027863],[6.895277023,53.359027863],[6.895277023,53.357639313],[6.895833015,53.357639313],[6.895833015,53.35736084],[6.896389008,53.35736084],[6.896389008,53.355140686],[6.896945,53.355140686],[6.896945,53.354862213],[6.897499084,53.354862213],[6.897499084,53.35458374],[6.896389008,53.35458374],[6.896389008,53.354026794],[6.896945,53.354026794],[6.896945,53.353748322],[6.896389008,53.353748322],[6.896389008,53.35319519],[6.896945,53.35319519],[6.896945,53.352916718],[6.897499084,53.352916718],[6.897499084,53.352085114],[6.898055077,53.352085114],[6.898055077,53.350139618],[6.898611069,53.350139618],[6.898611069,53.349861145],[6.899721146,53.349861145],[6.899721146,53.349582672],[6.900277138,53.349582672],[6.900277138,53.349304199],[6.90083313,53.349304199],[6.90083313,53.348751068],[6.901390076,53.348751068],[6.901390076,53.347362518],[6.901943207,53.347362518],[6.901946068,53.347084045],[6.904168129,53.347084045],[6.904168129,53.347362518],[6.905834198,53.347362518],[6.905834198,53.347637177],[6.906387806,53.347637177],[6.906387806,53.347362518],[6.906943798,53.347362518],[6.906943798,53.347084045],[6.908055782,53.347084045],[6.908055782,53.346805573],[6.908609867,53.346805573],[6.908611774,53.3465271],[6.909165859,53.3465271],[6.909165859,53.346248627],[6.909721851,53.346248627],[6.909721851,53.345973969],[6.910277843,53.345973969],[6.910277843,53.345417023],[6.910833836,53.345417023],[6.910833836,53.34513855],[6.91138792,53.34513855],[6.91138792,53.344860077],[6.911943913,53.344860077],[6.911943913,53.344581604],[6.912499905,53.344581604],[6.912499905,53.344306946],[6.913055897,53.344306946],[6.913055897,53.344028473],[6.913609982,53.344028473],[6.913609982,53.34375],[6.914165974,53.34375],[6.914165974,53.343471527],[6.914721966,53.343471527],[6.914721966,53.343193054],[6.915832043,53.343193054],[6.915832043,53.342918396],[6.916944981,53.342918396],[6.916944981,53.342639923],[6.917500973,53.342639923],[6.917500973,53.34236145],[6.918055058,53.34236145],[6.918055058,53.341804504],[6.91861105,53.341804504],[6.91861105,53.341526031],[6.919167042,53.341526031],[6.919167042,53.341251373],[6.919723034,53.341251373],[6.919723034,53.3409729],[6.920277119,53.3409729],[6.920277119,53.340694427],[6.920833111,53.340694427],[6.920833111,53.340415955],[6.921389103,53.340415955],[6.921389103,53.340137482],[6.921945095,53.340137482],[6.921945095,53.339862823],[6.922501087,53.339862823],[6.922501087,53.339027405],[6.923055172,53.339027405],[6.923055172,53.338748932],[6.924167156,53.338748932],[6.924167156,53.338470459],[6.925277233,53.338470459],[6.925277233,53.337917328],[6.925833225,53.337917328],[6.925833225,53.337081909],[6.926942825,53.337081909],[6.926942825,53.336807251],[6.929168224,53.336807251],[6.929168224,53.336250305],[6.929720879,53.336250305],[6.929720879,53.335971832],[6.931389809,53.335971832],[6.931389809,53.335140228],[6.931943893,53.335140228],[6.931943893,53.33430481],[6.93361187,53.33430481],[6.93361187,53.334583282],[6.934165955,53.334583282],[6.934165955,53.33430481],[6.935277939,53.33430481],[6.935277939,53.334583282],[6.935833931,53.334583282],[6.935833931,53.33430481],[6.936944008,53.33430481],[6.936944008,53.333751678],[6.9375,53.333751678],[6.9375,53.333473206],[6.938055992,53.333473206],[6.938055992,53.33291626],[6.938610077,53.33291626],[6.938610077,53.332637787],[6.939166069,53.332637787],[6.939166069,53.332084656],[6.939722061,53.332084656],[6.939722061,53.331806183],[6.940278053,53.331806183],[6.940278053,53.33152771],[6.940748215,53.33152771],[6.940832138,53.33152771],[6.940834999,53.331249237],[6.94138813,53.331249237],[6.94138813,53.330696106],[6.942501068,53.330696106],[6.942501068,53.330417633],[6.94305706,53.330417633],[6.94305706,53.33013916],[6.944167137,53.33013916],[6.944167137,53.327640533],[6.944723129,53.327640533],[6.944723129,53.327362061],[6.94305706,53.327362061],[6.94305706,53.327083588],[6.940834999,53.327083588],[6.940834999,53.327362061],[6.939722061,53.327362061],[6.939722061,53.327640533],[6.939166069,53.327640533],[6.939166069,53.327915192],[6.938055992,53.327915192],[6.938055992,53.328472137],[6.9375,53.328472137],[6.9375,53.329582214],[6.937343121,53.329582214],[6.936944008,53.329582214],[6.936944008,53.33013916],[6.936388016,53.33013916],[6.936388016,53.330417633],[6.935833931,53.330417633],[6.935833931,53.331249237],[6.935277939,53.331249237],[6.935277939,53.331806183],[6.934721947,53.331806183],[6.934721947,53.332084656],[6.93361187,53.332084656],[6.93361187,53.331806183],[6.933055878,53.331806183],[6.933055878,53.330696106],[6.93361187,53.330696106],[6.93361187,53.329860687],[6.933055878,53.329860687],[6.933055878,53.329582214],[6.931943893,53.329582214],[6.931943893,53.329303741],[6.931389809,53.329303741],[6.931389809,53.32875061],[6.931943893,53.32875061],[6.931943893,53.328472137],[6.93361187,53.328472137],[6.93361187,53.328193665],[6.934165955,53.328193665],[6.934165955,53.327640533],[6.934721947,53.327640533],[6.934721947,53.326805115],[6.935277939,53.326805115],[6.935277939,53.326526642],[6.935833931,53.326526642],[6.935833931,53.326248169],[6.9375,53.326248169],[6.9375,53.325973511],[6.939166069,53.325973511],[6.939166069,53.325695038],[6.940278053,53.325695038],[6.940278053,53.325416565],[6.940832138,53.325416565],[6.940834999,53.325138092],[6.941944122,53.325138092],[6.941944122,53.324859619],[6.942501068,53.324859619],[6.942501068,53.324584961],[6.94305706,53.324584961],[6.94305706,53.323749542],[6.943610191,53.323749542],[6.943610191,53.323471069],[6.945833206,53.323471069],[6.945833206,53.323749542],[6.949166775,53.323749542],[6.949166775,53.323471069],[6.950832844,53.323471069],[6.950832844,53.323192596],[6.951944828,53.323192596],[6.951944828,53.322917938],[6.952498913,53.322917938],[6.952498913,53.32208252],[6.953054905,53.32208252],[6.953054905,53.321804047],[6.954166889,53.321804047],[6.954166889,53.321250916],[6.955276966,53.321250916],[6.955276966,53.321529388],[6.955832958,53.321529388],[6.955832958,53.321804047],[6.957499981,53.321804047],[6.957499981,53.321529388],[6.958055973,53.321529388],[6.958055973,53.321250916],[6.95916605,53.321250916],[6.95916605,53.320972443],[6.959722042,53.320972443],[6.959722042,53.32069397],[6.960834026,53.32069397],[6.960834026,53.319583893],[6.961390018,53.319583893],[6.961390018,53.319026947],[6.962500095,53.319026947],[6.962500095,53.318748474],[6.96361208,53.318748474],[6.96361208,53.319026947],[6.964166164,53.319026947],[6.964166164,53.319862366],[6.964722157,53.319862366],[6.964722157,53.319583893],[6.965278149,53.319583893],[6.965278149,53.319862366],[6.965832233,53.319862366],[6.965832233,53.31930542],[6.966388226,53.31930542],[6.966388226,53.319026947],[6.966944218,53.319026947],[6.966944218,53.318748474],[6.96860981,53.318748474],[6.96860981,53.318473816],[6.970279217,53.318473816],[6.970279217,53.318195343],[6.971388817,53.318195343],[6.971388817,53.31791687],[6.971944809,53.31791687],[6.971944809,53.317638397],[6.973054886,53.317638397],[6.973054886,53.317359924],[6.973610878,53.317359924],[6.973610878,53.317081451],[6.974722862,53.317081451],[6.974722862,53.31652832],[6.975276947,53.31652832],[6.975276947,53.316249847],[6.976944923,53.316249847],[6.976944923,53.315971375],[6.978610992,53.315971375],[6.978610992,53.315692902],[6.980277061,53.315692902],[6.980277061,53.315418243],[6.981945992,53.315418243],[6.981945992,53.315139771],[6.983612061,53.315139771],[6.983612061,53.314861298],[6.984722137,53.314861298],[6.984722137,53.314582825],[6.98527813,53.314582825],[6.98527813,53.314304352],[6.986388206,53.314304352],[6.986388206,53.314025879],[6.987500191,53.314025879],[6.987500191,53.313751221],[6.988056183,53.313751221],[6.988056183,53.312915802],[6.989165783,53.312915802],[6.989165783,53.312637329],[6.990277767,53.312637329],[6.990277767,53.312362671],[6.991943836,53.312362671],[6.991943836,53.312084198],[6.992499828,53.312084198],[6.992499828,53.311805725],[6.99305582,53.311805725],[6.99305582,53.311527252],[6.994721889,53.311527252],[6.994721889,53.311248779],[6.996944904,53.311248779],[6.996944904,53.310974121],[6.997500896,53.310970306],[6.997500896,53.310695648],[6.998054028,53.310695648],[6.998054028,53.310417175],[6.998610973,53.310417175],[6.998610973,53.310138702],[6.999166965,53.310138702],[6.999166965,53.309581757],[6.999722958,53.309581757],[7.00027895,53.309581757],[7.000833035,53.309581757],[7.000833035,53.309860229],[7.001945019,53.309860229],[7.001945019,53.310138702],[7.002501011,53.310138702],[7.002501011,53.310417175],[7.003055096,53.310417175],[7.003055096,53.310695648],[7.003611088,53.310695648],[7.003611088,53.310970306],[7.00416708,53.310974121],[7.00416708,53.311248779],[7.004723072,53.311248779],[7.004723072,53.311527252],[7.005277157,53.311527252],[7.005277157,53.311805725],[7.005833149,53.311805725],[7.005833149,53.312084198],[7.006249905,53.312084198],[7.006945133,53.312084198],[7.006945133,53.312362671],[7.007499218,53.312362671],[7.007499218,53.312637329],[7.00805521,53.312637329],[7.00805521,53.312915802],[7.008611202,53.312915802],[7.008611202,53.313194275],[7.009168148,53.313194275],[7.009168148,53.313472748],[7.009720802,53.313472748],[7.009720802,53.313751221],[7.010276794,53.313751221],[7.010276794,53.314025879],[7.010834217,53.314025879],[7.010834217,53.313751221],[7.011390209,53.313751221],[7.011390209,53.313472748],[7.010834217,53.313472748],[7.010834217,53.313194275],[7.010276794,53.313194275],[7.010276794,53.312637329],[7.010834217,53.312637329],[7.010834217,53.312362671],[7.011390209,53.312362671],[7.011390209,53.312084198],[7.011943817,53.312084198],[7.011943817,53.311805725],[7.012499809,53.311805725],[7.012499809,53.310596466],[7.012499809,53.310417175],[7.012060165,53.310417175],[7.011943817,53.310417175],[7.011943817,53.310138702],[7.011390209,53.310138702],[7.011390209,53.309028625],[7.010834217,53.309028625],[7.010834217,53.30847168],[7.010276794,53.30847168],[7.010276794,53.307361603],[7.009720802,53.307361603],[7.009720802,53.30708313],[7.009168148,53.30708313],[7.009168148,53.305973053],[7.009720802,53.305973053],[7.009720802,53.30569458],[7.011390209,53.30569458],[7.011390209,53.305416107],[7.011943817,53.305416107],[7.011943817,53.305137634],[7.013055801,53.305137634],[7.013055801,53.304862976],[7.014167786,53.304862976],[7.014167786,53.304584503],[7.015833855,53.304584503],[7.015833855,53.30430603],[7.016943932,53.30430603],[7.016943932,53.304027557],[7.018610001,53.304027557],[7.018610001,53.303749084],[7.019721985,53.303749084],[7.019721985,53.303470612],[7.020277977,53.303470612],[7.020277977,53.303195953],[7.021388054,53.303195953],[7.021388054,53.30291748],[7.022500038,53.30291748],[7.022500038,53.302639008],[7.023610115,53.302639008],[7.023610115,53.302360535],[7.024723053,53.302360535],[7.024723053,53.302082062],[7.028055191,53.302082062],[7.028055191,53.302360535],[7.031389236,53.302360535],[7.031389236,53.302639008],[7.031945229,53.302639008],[7.031945229,53.30291748],[7.032442093,53.30291748],[7.033054829,53.30291748],[7.033054829,53.303195953],[7.034166813,53.303195953],[7.034166813,53.303470612],[7.037498951,53.303470612],[7.037498951,53.303195953],[7.038055897,53.303195953],[7.038055897,53.30291748],[7.038611889,53.30291748],[7.038611889,53.302639008],[7.039165974,53.302639008],[7.039165974,53.302360535],[7.040277958,53.302360535],[7.040277958,53.302082062],[7.04083395,53.302082062],[7.04083395,53.301807404],[7.041944027,53.301807404],[7.041944027,53.301528931],[7.044166088,53.301528931],[7.044166088,53.301250458],[7.04472208,53.301250458],[7.04472208,53.300971985],[7.045278072,53.300971985],[7.045278072,53.300693512],[7.045832157,53.300693512],[7.045832157,53.300140381],[7.046388149,53.300140381],[7.046388149,53.299861908],[7.046944141,53.299861908],[7.046944141,53.299583435],[7.050831795,53.299583435],[7.050831795,53.299304962],[7.053057194,53.299304962],[7.053057194,53.299583435],[7.058522224,53.299583435],[7.068612099,53.299583435],[7.068612099,53.299861908],[7.076387882,53.299861908],[7.076387882,53.300140381],[7.07750082,53.300140381],[7.07750082,53.300415039],[7.078053951,53.300415039],[7.078053951,53.301250458],[7.078610897,53.301250458],[7.078610897,53.301807404],[7.079166889,53.301807404],[7.079166889,53.302360535],[7.079722881,53.302360535],[7.079722881,53.30291748],[7.080278873,53.30291748],[7.080278873,53.303195953],[7.080832958,53.303195953],[7.080832958,53.303470612],[7.082500935,53.303470612],[7.082500935,53.303749084],[7.083611012,53.303749084],[7.083611012,53.304027557],[7.086945057,53.304027557],[7.086945057,53.30430603],[7.088611126,53.30430603],[7.088611126,53.304584503],[7.089167118,53.304584503],[7.089167118,53.304862976],[7.090277195,53.304862976],[7.090277195,53.305137634],[7.090834141,53.305137634],[7.090834141,53.305416107],[7.091390133,53.305416107],[7.091390133,53.30569458],[7.091942787,53.30569458],[7.091946125,53.305973053],[7.09250021,53.305973053],[7.09250021,53.306251526],[7.093056202,53.306251526],[7.093056202,53.306526184],[7.093612194,53.306526184],[7.093612194,53.30708313],[7.094165802,53.30708313],[7.094165802,53.307361603],[7.095277786,53.307361603],[7.095277786,53.307640076],[7.095833778,53.307640076],[7.095833778,53.307914734],[7.096943855,53.307918549],[7.096943855,53.308193207],[7.098609924,53.308193207],[7.098609924,53.307918549],[7.099165916,53.307914734],[7.099165916,53.307640076],[7.099721909,53.307640076],[7.099721909,53.30708313],[7.099165916,53.30708313],[7.099165916,53.306804657],[7.098609924,53.306804657],[7.098609924,53.306251526],[7.09805584,53.306251526],[7.09805584,53.305137634],[7.097499847,53.305137634],[7.097499847,53.304862976],[7.096387863,53.304862976],[7.096387863,53.304584503],[7.095833778,53.304584503],[7.095833778,53.30430603],[7.095277786,53.30430603],[7.095277786,53.304027557],[7.094721794,53.304027557],[7.094721794,53.303749084],[7.094165802,53.303749084],[7.094165802,53.303470612],[7.093612194,53.303470612],[7.093612194,53.30317688],[7.093612194,53.30291748],[7.093056202,53.30291748],[7.093056202,53.302360535],[7.09250021,53.302360535],[7.09250021,53.302082062],[7.091390133,53.302082062],[7.091390133,53.301807404],[7.090834141,53.301807404],[7.090834141,53.301250458],[7.090277195,53.301250458],[7.090277195,53.299861908],[7.089721203,53.299861908],[7.089721203,53.299583435],[7.089167118,53.299583435],[7.089167118,53.299304962],[7.088611126,53.299304962],[7.088611126,53.299026489],[7.088055134,53.299026489],[7.088055134,53.298751831],[7.086945057,53.298751831],[7.086945057,53.298473358],[7.086389065,53.298473358],[7.086389065,53.298194885],[7.085833073,53.298194885],[7.085833073,53.297916412],[7.085277081,53.297916412],[7.085277081,53.297637939],[7.084722996,53.297637939],[7.084722996,53.297084808],[7.084167004,53.297084808],[7.084167004,53.295970917],[7.083611012,53.295970917],[7.083611012,53.294582367],[7.083055019,53.294582367],[7.083055019,53.29347229],[7.082500935,53.29347229],[7.082500935,53.291248322],[7.083055019,53.291248322],[7.083055019,53.289585114],[7.083611012,53.289585114],[7.083611012,53.287918091],[7.084167004,53.287918091],[7.084167004,53.286529541],[7.0846138,53.286529541],[7.084722996,53.286529541],[7.084722996,53.281528473],[7.08428812,53.281528473],[7.084167004,53.281528473],[7.084167004,53.280971527],[7.083611012,53.280971527],[7.083611012,53.280693054],[7.082500935,53.280693054],[7.082500935,53.280418396],[7.081944942,53.280418396],[7.081944942,53.277637482],[7.08138895,53.277637482],[7.08138895,53.277084351],[7.080832958,53.277084351],[7.080832958,53.276248932],[7.080278873,53.276248932],[7.080278873,53.274581909],[7.079722881,53.274581909],[7.079722881,53.272640228],[7.079166889,53.272640228],[7.079166889,53.272083282],[7.078610897,53.272083282],[7.078610897,53.271251678],[7.078053951,53.271251678],[7.078053951,53.269584656],[7.078610897,53.269584656],[7.078610897,53.266803741],[7.079166889,53.266803741],[7.079166889,53.264862061],[7.079722881,53.264862061],[7.079722881,53.264583588],[7.080278873,53.264583588],[7.080278873,53.263748169],[7.080832958,53.263748169],[7.080832958,53.263473511],[7.08138895,53.263473511],[7.08138895,53.263195038],[7.081569195,53.263195038],[7.082500935,53.263195038],[7.082500935,53.262638092],[7.083055019,53.262638092],[7.083055019,53.262359619],[7.083611012,53.262359619],[7.083611012,53.262084961],[7.084167004,53.262084961],[7.084167004,53.261806488],[7.084722996,53.261806488],[7.084722996,53.261528015],[7.085277081,53.261528015],[7.085277081,53.261249542],[7.085833073,53.261249542],[7.085833073,53.260971069],[7.086389065,53.260971069],[7.086389065,53.260692596],[7.086945057,53.260692596],[7.086945057,53.260417938],[7.087499142,53.260417938],[7.087499142,53.259860992],[7.088055134,53.259860992],[7.088055134,53.25958252],[7.088611126,53.25958252],[7.088611126,53.259304047],[7.089167118,53.259304047],[7.089167118,53.259029388],[7.089721203,53.259029388],[7.089721203,53.258750916],[7.090277195,53.258750916],[7.090277195,53.258216858],[7.090834141,53.25819397],[7.090834141,53.257946014],[7.091390133,53.257915497],[7.091390133,53.257675171],[7.091942787,53.257637024],[7.091942787,53.257404327],[7.09250021,53.257362366],[7.09250021,53.257083893],[7.092599869,53.257083893],[7.093056202,53.257083893],[7.093056202,53.256858826],[7.093056202,53.256526947],[7.093612194,53.256526947],[7.093612194,53.256248474],[7.094165802,53.256248474],[7.094165802,53.255973816],[7.094868183,53.255973816],[7.095277786,53.255973816],[7.095306873,53.255756378],[7.095441818,53.255695343],[7.096943855,53.255695343],[7.096943855,53.255973816],[7.09805584,53.255973816],[7.09805584,53.255695343],[7.098609924,53.255695343],[7.098609924,53.25541687],[7.099165916,53.25541687],[7.099165916,53.254581451],[7.099721909,53.254581451],[7.099721909,53.254306793],[7.100277901,53.254306793],[7.100277901,53.25402832],[7.100833893,53.25402832],[7.100833893,53.253749847],[7.101387978,53.253749847],[7.101387978,53.253471375],[7.102499962,53.253471375],[7.102499962,53.253192902],[7.103610039,53.253192902],[7.103610039,53.252918243],[7.104166031,53.252918243],[7.104166031,53.252639771],[7.105276108,53.252639771],[7.105278969,53.252361298],[7.109167099,53.252361298],[7.109167099,53.252082825],[7.109723091,53.252082825],[7.109723091,53.251804352],[7.110277176,53.251804352],[7.110277176,53.251525879],[7.110833168,53.251525879],[7.110833168,53.251251221],[7.11138916,53.251251221],[7.11138916,53.250972748],[7.112501144,53.250972748],[7.112501144,53.251251221],[7.113055229,53.251251221],[7.113055229,53.251525879],[7.113611221,53.251525879],[7.113611221,53.251804352],[7.114167213,53.251804352],[7.114167213,53.252082825],[7.115832806,53.252082825],[7.115832806,53.251525879],[7.116388798,53.251525879],[7.116388798,53.250972748],[7.120277882,53.250972748],[7.120277882,53.250694275],[7.120833874,53.250694275],[7.120833874,53.250415802],[7.122499943,53.250415802],[7.122499943,53.250694275],[7.124722004,53.250694275],[7.124722004,53.250415802],[7.126388073,53.250415802],[7.126388073,53.250137329],[7.134167194,53.250137329],[7.134167194,53.249862671],[7.134723186,53.249862671],[7.134723186,53.249584198],[7.135276794,53.249584198],[7.135276794,53.249305725],[7.135832787,53.249305725],[7.135832787,53.248748779],[7.136388779,53.248748779],[7.136388779,53.248474121],[7.136944771,53.248470306],[7.136944771,53.248195648],[7.138054848,53.248195648],[7.138054848,53.247917175],[7.139166832,53.247917175],[7.139166832,53.247638702],[7.139722824,53.247638702],[7.139722824,53.247360229],[7.140832901,53.247360229],[7.140832901,53.246807098],[7.141388893,53.246807098],[7.141388893,53.246528625],[7.141944885,53.246528625],[7.141944885,53.246398926],[7.141944885,53.246250153],[7.14249897,53.246250153],[7.14249897,53.24597168],[7.1441679,53.24597168],[7.1441679,53.246250153],[7.144307137,53.246250153],[7.14805603,53.246250153],[7.14805603,53.246101379],[7.14805603,53.24597168],[7.148612022,53.24597168],[7.148612022,53.245693207],[7.149722099,53.245693207],[7.149722099,53.245418549],[7.151388168,53.245414734],[7.151390076,53.245140076],[7.15194416,53.245140076],[7.15194416,53.244861603],[7.152500153,53.244861603],[7.152500153,53.24458313],[7.153056145,53.24458313],[7.153056145,53.244304657],[7.155278206,53.244304657],[7.155278206,53.24458313],[7.155831814,53.24458313],[7.155831814,53.244861603],[7.156387806,53.244861603],[7.156387806,53.245140076],[7.157501221,53.245140076],[7.157501221,53.245414734],[7.158057213,53.245418549],[7.158057213,53.245693207],[7.158167839,53.245693207],[7.163610935,53.245693207],[7.163610935,53.245418549],[7.164166927,53.245414734],[7.164166927,53.245140076],[7.164721012,53.245140076],[7.164722919,53.244861603],[7.165277004,53.244861603],[7.165277004,53.24458313],[7.165832996,53.24458313],[7.165832996,53.244304657],[7.166388988,53.244304657],[7.166388988,53.244026184],[7.166944981,53.244026184],[7.166944981,53.243751526],[7.167499065,53.243751526],[7.167499065,53.243473053],[7.168055058,53.243473053],[7.168055058,53.24319458],[7.16861105,53.24319458],[7.16861105,53.242916107],[7.169721127,53.242916107],[7.169721127,53.242637634],[7.170277119,53.242637634],[7.170277119,53.242362976],[7.170833111,53.242362976],[7.170833111,53.242084503],[7.171390057,53.242084503],[7.171390057,53.241844177],[7.171498775,53.241836548],[7.171946049,53.24180603],[7.171946049,53.241653442],[7.171946049,53.241527557],[7.172307968,53.241527557],[7.173056126,53.241527557],[7.173056126,53.241271973],[7.178055763,53.241249084],[7.178055763,53.240970612],[7.178612232,53.240970612],[7.178612232,53.240695953],[7.17916584,53.240695953],[7.17916584,53.24041748],[7.179721832,53.24041748],[7.179721832,53.240139008],[7.180833817,53.240139008],[7.180833817,53.239860535],[7.184542179,53.239860535],[7.1847229,53.239860535],[7.1847229,53.239582062],[7.185172081,53.239582062],[7.185278893,53.239582062],[7.185278893,53.239307404],[7.185793877,53.239307404],[7.186944962,53.239307404],[7.186944962,53.239139557],[7.186944962,53.239028931],[7.187742233,53.239028931],[7.188055038,53.239028931],[7.188055038,53.238750458],[7.189167023,53.238750458],[7.189167023,53.238471985],[7.190833092,53.238471985],[7.190833092,53.238193512],[7.193686008,53.238193512],[7.194703102,53.238193512],[7.195833206,53.238193512],[7.195833206,53.237915039],[7.19805479,53.237915039],[7.19805479,53.237640381],[7.200277805,53.237640381],[7.200277805,53.237361908],[7.201943874,53.237361908],[7.201943874,53.237083435],[7.204721928,53.237083435],[7.204721928,53.236804962],[7.206387997,53.236804962],[7.206387997,53.237083435],[7.206943989,53.237083435],[7.206943989,53.237915039],[7.206387997,53.237915039],[7.206387997,53.238193512],[7.205833912,53.238193512],[7.205833912,53.238471985],[7.20527792,53.238471985],[7.20527792,53.238807678],[7.214422226,53.235523224],[7.218800068,53.233600616],[7.221107006,53.234382629],[7.225631237,53.234195709],[7.239064217,53.231044769],[7.269203186,53.228733063],[7.271598816,53.22857666],[7.269319057,53.231235504],[7.272350788,53.233783722],[7.275979042,53.230804443],[7.276111126,53.230178833],[7.27451992,53.229469299],[7.276130199,53.210899353],[7.280084133,53.20558548],[7.284560204,53.199569702],[7.28494978,53.188591003],[7.277628899,53.181499481],[7.277729034,53.177848816],[7.270198822,53.178070068],[7.270213127,53.17766571],[7.270319939,53.174411774],[7.277900219,53.170558929],[7.285316944,53.166744232],[7.292709827,53.162940979],[7.289755821,53.162521362],[7.287470818,53.162197113],[7.270689011,53.159820557],[7.263238907,53.160011292],[7.248600006,53.149452209],[7.248709202,53.145801544],[7.241341114,53.142341614],[7.241559982,53.135040283],[7.234209061,53.131580353],[7.23431015,53.127929688],[7.226968765,53.124462128],[7.227124214,53.119319916],[7.227190018,53.117160797],[7.227822781,53.116836548],[7.234679222,53.11333847],[7.234683037,53.113140106],[7.234758854,53.109699249],[7.242119789,53.105911255],[7.249370098,53.105781555],[7.252003193,53.103088379],[7.256578922,53.09841156],[7.249300003,53.065979004],[7.249186039,53.056854248],[7.249166965,53.055351257],[7.249031067,53.044319153],[7.253721237,53.028598785],[7.255489826,53.022670746],[7.255362034,53.018295288],[7.254858017,53.001121521],[7.261487961,52.99753952],[7.247749805,52.99036026],[7.247640133,52.98677063],[7.241917133,52.975414276],[7.240408897,52.972419739],[7.239064217,52.971035004],[7.22646904,52.958080292],[7.226225853,52.951057434],[7.226219177,52.950889587],[7.221728802,52.944057465],[7.219140053,52.940120697],[7.212317944,52.936531067],[7.212191105,52.932941437],[7.177859783,52.907772064],[7.160509109,52.894153595],[7.136619091,52.875400543],[7.122848988,52.868240356],[7.102118015,52.854232788],[7.095933914,52.84809494],[7.094276905,52.846450806],[7.098588943,52.838768005],[7.096070766,52.838928223],[7.078419209,52.839084625],[7.078269005,52.83965683],[7.076990128,52.845149994],[7.080571175,52.848487854],[7.080392838,52.849308014],[7.07389307,52.847774506],[7.06799221,52.851303101],[7.051589012,52.863456726],[7.049993992,52.865200043],[7.047445774,52.864429474],[7.043927193,52.871139526],[7.024579048,52.871902466],[7.024267197,52.871917725],[7.021718979,52.872051239],[7.022685051,52.874408722],[7.02274704,52.87455368],[7.035112858,52.899082184],[7.035188198,52.899234772],[7.038171768,52.903804779],[7.038346767,52.904075623],[7.04102087,52.91071701],[7.04185915,52.911540985],[7.028745174,52.915084839],[7.027153969,52.915534973],[7.023593903,52.917648315],[7.023245811,52.917942047],[7.017669201,52.922653198],[7.017557144,52.922748566],[7.016479015,52.923656464],[7.016105175,52.924068451],[7.00785017,52.933166504],[7.006717205,52.934417725],[7.005876064,52.935344696],[7.005529881,52.93572998],[6.995403767,52.947078705],[6.995306015,52.947200775],[6.993091106,52.949905396],[6.988911152,52.955013275],[6.987532139,52.956699371],[6.98741293,52.95684433],[6.980611801,52.963840485],[6.979792118,52.96452713],[6.967073917,52.975166321],[6.965456009,52.976520538],[6.958244801,52.982551575],[6.95805788,52.982707977],[6.953670979,52.987304688],[6.947936058,52.992706299],[6.947691917,52.992858887],[6.946471214,52.993621826],[6.944962025,52.994472504],[6.931797981,53.001880646],[6.931676865,53.001960754],[6.917099953,53.011604309],[6.914601803,53.013256073],[6.907260895,53.018112183],[6.906922817,53.018333435],[6.871757984,53.041191101],[6.85272789,53.052139282],[6.84677887,53.055839539],[6.846233845,53.056201935],[6.824683189,53.070510864],[6.823308945,53.071365356],[6.799444199,53.086204529],[6.786560059,53.094211578],[6.75860405,53.111564636],[6.75716114,53.113376617],[6.754323959,53.115135193],[6.752744198,53.11611557],[6.752304077,53.116321564],[6.746828079,53.118869781],[6.732469082,53.119686127],[6.730379105,53.119804382],[6.727947235,53.119941711],[6.727364063,53.119976044],[6.703937054,53.12109375],[6.703401089,53.121120453],[6.685275078,53.117702484],[6.678071022,53.115215302],[6.677732944,53.115097046],[6.644589901,53.105587006],[6.64605093,53.108234406],[6.644701958,53.113632202],[6.637254238,53.115497589],[6.635778904,53.116409302],[6.640350819,53.119060516],[6.636179924,53.122501373],[6.635951996,53.122692108],[6.631503105,53.124530792],[6.627491951,53.12953186],[6.627150059,53.129955292],[6.627174854,53.130851746],[6.625722885,53.132663727],[6.622854233,53.1353302],[6.612465858,53.141765594],[6.611999035,53.142196655],[6.609537125,53.144485474],[6.59606123,53.145507812],[6.595180988,53.14806366],[6.593273163,53.153610229],[6.59186697,53.157215118],[6.590530872,53.163509369],[6.58988905,53.163272858],[6.573716164,53.157382965],[6.572358131,53.157394409],[6.57088089,53.158306122],[6.569542885,53.164600372],[6.569547176,53.164764404],[6.569565773,53.165496826],[6.569497108,53.165607452],[6.566679955,53.170013428],[6.556424141,53.179977417],[6.556447029,53.180873871],[6.551873207,53.178222656],[6.550373077,53.178237915],[6.548492908,53.179626465],[6.543002129,53.183689117],[6.537265778,53.194507599],[6.538348198,53.195137024],[6.538790226,53.195392609],[6.523738861,53.197364807],[6.522253036,53.198249817],[6.514869213,53.200088501],[6.504778862,53.197608948],[6.504286766,53.197490692],[6.501305103,53.198410034],[6.501361847,53.200733185],[6.501371861,53.20110321],[6.49242115,53.203872681],[6.471282005,53.199562073],[6.458300114,53.196243286],[6.457681179,53.196086884],[6.456179142,53.196098328],[6.45455122,53.190727234],[6.451463223,53.187164307],[6.431796074,53.181041718],[6.415200233,53.177581787],[6.41355896,53.175853729],[6.413618088,53.175605774],[6.411976814,53.167736053],[6.406552792,53.164260864],[6.405969143,53.163887024],[6.396749973,53.157981873],[6.396303177,53.157669067],[6.389398098,53.152843475],[6.389129162,53.152637482],[6.389071941,53.149963379],[6.390552998,53.149055481],[6.389081001,53.147350311],[6.373473167,53.122249603],[6.37344408,53.120887756],[6.37343502,53.12046814],[6.37341404,53.119571686],[6.373350143,53.119117737],[6.371656895,53.107078552],[6.364153862,53.107074738],[6.351942062,53.086875916],[6.351733208,53.086528778],[6.348723888,53.08745575],[6.345775127,53.088367462],[6.34556818,53.088417053],[6.323408127,53.093910217],[6.303996086,53.097637177],[6.30048418,53.098720551],[6.298036098,53.099475861],[6.290680885,53.106704712],[6.281755924,53.110355377],[6.269832134,53.114025116],[6.262335777,53.114074707],[6.261629105,53.11403656],[6.247324944,53.113277435],[6.246613979,53.113319397],[6.233205795,53.11410141],[6.220094204,53.114868164],[6.214330196,53.115203857],[6.212873936,53.115291595],[6.212179184,53.115715027],[6.210001945,53.117042542],[6.200961113,53.122573853],[6.192112923,53.128879547],[6.183204174,53.134315491],[6.183506966,53.15222168],[6.183613777,53.158546448],[6.183751106,53.166622162],[6.189682007,53.173534393],[6.189879894,53.173763275],[6.192961216,53.178237915],[6.194521904,53.181812286],[6.194684029,53.182022095],[6.200668812,53.189849854],[6.206725121,53.192504883],[6.206818104,53.197891235],[6.21135807,53.19965744],[6.215864182,53.199626923],[6.2264781,53.204948425],[6.232600212,53.21118927],[6.23627615,53.216159821],[6.237222195,53.217441559],[6.237304211,53.221927643],[6.231423855,53.22914505],[6.231210232,53.22927475],[6.22844696,53.230957031],[6.220963001,53.23279953],[6.222498894,53.234584808],[6.222506046,53.23494339],[6.222530842,53.236381531],[6.230096817,53.239025116],[6.225618839,53.240848541],[6.227017879,53.242473602],[6.227155209,53.24263382],[6.231684208,53.243503571],[6.237713814,53.244361877],[6.240837097,53.250621796],[6.242374897,53.252407074],[6.239415169,53.255119324],[6.239432812,53.256015778],[6.243960857,53.256885529],[6.24549818,53.258670807],[6.245532036,53.260463715],[6.249639034,53.265232086],[6.250144958,53.26581955],[6.25318718,53.267593384],[6.257684231,53.266666412],[6.262215137,53.267532349],[6.262219906,53.267822266],[6.262265205,53.270225525],[6.260810852,53.272926331],[6.259375095,53.276527405],[6.25951004,53.28370285],[6.259554863,53.283836365],[6.261129856,53.288196564],[6.26717186,53.29083252],[6.273193836,53.290794373],[6.274682045,53.289886475],[6.277760983,53.293453217],[6.282039165,53.298408508],[6.282382965,53.298809052],[6.287105083,53.302398682],[6.296786785,53.304794312],[6.297562122,53.304985046],[6.299184799,53.306400299],[6.300628185,53.307655334],[6.300663948,53.309452057],[6.300481796,53.309505463],[6.29467392,53.311286926],[6.28715992,53.312236786],[6.293748856,53.340908051],[6.287736893,53.341846466],[6.28025198,53.344589233],[6.271226883,53.345546722],[6.260708809,53.347408295],[6.254662037,53.346553802],[6.247043133,53.342113495],[6.241012096,53.342155457],[6.23803091,53.343967438],[6.232181072,53.353874207],[6.227691174,53.355697632],[6.221692085,53.357532501],[6.194613934,53.361286163],[6.187104225,53.363128662],[6.182641029,53.366744995],[6.17676115,53.375751495],[6.1738801,53.383846283],[6.173986912,53.390125275],[6.19847393,53.409721375],[6.196994781,53.411525726],[6.19607687,53.411804199],[6.19805479,53.411804199],[6.19805479,53.412082672],[6.201388836,53.412082672],[6.201388836,53.410694122],[6.200832844,53.410694122],[6.200832844,53.410415649],[6.200276852,53.410415649],[6.200276852,53.410137177],[6.201388836,53.410137177],[6.201388836,53.410415649],[6.201942921,53.410415649],[6.201942921,53.410694122],[6.204721928,53.410694122],[6.204721928,53.410972595],[6.206389904,53.410972595],[6.206389904,53.411251068],[6.207499981,53.411251068],[6.207499981,53.411529541],[6.20916605,53.411529541],[6.20916605,53.411804199],[6.210278034,53.411804199],[6.210278034,53.412082672],[6.211388111,53.412082672],[6.211388111,53.412361145],[6.211944103,53.412361145],[6.211944103,53.412082672],[6.213056087,53.412082672],[6.213056087,53.411804199],[6.213610172,53.411804199],[6.213610172,53.411529541],[6.214166164,53.411529541],[6.214166164,53.410972595],[6.214722157,53.410972595],[6.214722157,53.410415649],[6.214166164,53.410415649],[6.214166164,53.409713745],[6.214166164,53.409584045],[6.216388226,53.409584045],[6.216388226,53.410030365],[6.216388226,53.410415649],[6.218610764,53.410415649],[6.218610764,53.410137177],[6.219723225,53.410137177],[6.219723225,53.410415649],[6.221388817,53.410415649],[6.221388817,53.410694122],[6.223054886,53.410694122],[6.223054886,53.410972595],[6.22416687,53.410972595],[6.22416687,53.411251068],[6.225276947,53.411251068],[6.225276947,53.411529541],[6.226944923,53.411529541],[6.226944923,53.411804199],[6.228610992,53.411804199],[6.228610992,53.412082672],[6.230277061,53.412082672],[6.230277061,53.412361145],[6.231944084,53.412361145],[6.231944084,53.412639618],[6.232500076,53.412639618],[6.232500076,53.412918091],[6.234166145,53.412918091],[6.234166145,53.413192749],[6.23527813,53.413192749],[6.23527813,53.413471222],[6.236944199,53.413471222],[6.236944199,53.413749695],[6.239165783,53.413749695],[6.239165783,53.414028168],[6.240277767,53.414028168],[6.240277767,53.414306641],[6.240831852,53.414306641],[6.240831852,53.414585114],[6.241943836,53.414585114],[6.241943836,53.414859772],[6.244166851,53.414859772],[6.244166851,53.415138245],[6.24583292,53.415138245],[6.24583292,53.415416718],[6.253055096,53.415416718],[6.253055096,53.415138245],[6.255277157,53.415138245],[6.255277157,53.414859772],[6.256390095,53.414859772],[6.256390095,53.414585114],[6.256943226,53.414585114],[6.256946087,53.414394379],[6.256946087,53.414306641],[6.257499218,53.414306641],[6.257499218,53.414028168],[6.259722233,53.414028168],[6.259722233,53.413749695],[6.260278225,53.413749695],[6.260278225,53.413471222],[6.261387825,53.413471222],[6.261387825,53.413192749],[6.261943817,53.413192749],[6.261943817,53.412918091],[6.263609886,53.412918091],[6.263611794,53.412639618],[6.265277863,53.412639618],[6.265277863,53.412361145],[6.265833855,53.412361145],[6.265833855,53.412082672],[6.266387939,53.412082672],[6.266387939,53.411804199],[6.266943932,53.411804199],[6.266943932,53.411529541],[6.267499924,53.411529541],[6.267499924,53.411251068],[6.268055916,53.411251068],[6.268055916,53.410972595],[6.268610001,53.410972595],[6.268610001,53.410694122],[6.269165993,53.410694122],[6.269165993,53.410415649],[6.270278931,53.410415649],[6.270278931,53.410137177],[6.271389008,53.410137177],[6.271389008,53.409862518],[6.271945,53.409862518],[6.271945,53.409584045],[6.273055077,53.409584045],[6.273055077,53.409305573],[6.273611069,53.409305573],[6.273611069,53.4090271],[6.274723053,53.4090271],[6.274723053,53.408748627],[6.27583313,53.408748627],[6.27583313,53.408473969],[6.276389122,53.408473969],[6.276389122,53.408195496],[6.276945114,53.408195496],[6.276945114,53.407917023],[6.278055191,53.407917023],[6.278055191,53.40763855],[6.279723167,53.40763855],[6.279723167,53.407081604],[6.280276775,53.407081604],[6.280276775,53.406806946],[6.280832767,53.406806946],[6.280832767,53.406528473],[6.281942844,53.406528473],[6.281942844,53.40625],[6.283054829,53.40625],[6.283054829,53.405971527],[6.284167767,53.405971527],[6.284167767,53.405693054],[6.284720898,53.405693054],[6.284720898,53.405418396],[6.285833836,53.405418396],[6.285833836,53.405139923],[6.286389828,53.405139923],[6.286389828,53.40486145],[6.286943913,53.40486145],[6.286943913,53.404582977],[6.288055897,53.404582977],[6.288055897,53.404304504],[6.289165974,53.404304504],[6.289165974,53.404026031],[6.289721966,53.404026031],[6.289721966,53.403751373],[6.290277958,53.403751373],[6.290277958,53.4034729],[6.29083395,53.4034729],[6.29083395,53.403194427],[6.291944027,53.403194427],[6.291944027,53.402637482],[6.293056011,53.402637482],[6.293056011,53.402362823],[6.293610096,53.402362823],[6.293610096,53.401805878],[6.294166088,53.401805878],[6.294166088,53.401527405],[6.29472208,53.401527405],[6.29472208,53.401248932],[6.295278072,53.401248932],[6.295278072,53.400970459],[6.296388149,53.400970459],[6.296388149,53.400695801],[6.296944141,53.400695801],[6.296944141,53.400417328],[6.297501087,53.400417328],[6.297501087,53.399860382],[6.298057079,53.399860382],[6.298057079,53.399028778],[6.298611164,53.399028778],[6.298611164,53.398750305],[6.299167156,53.398750305],[6.299167156,53.399028778],[6.299723148,53.399028778],[6.299723148,53.399307251],[6.300277233,53.399307251],[6.300277233,53.399028778],[6.300833225,53.399028778],[6.300833225,53.398471832],[6.301389217,53.398471832],[6.301389217,53.398193359],[6.30194521,53.398193359],[6.30194521,53.397914886],[6.302498817,53.397914886],[6.302498817,53.397640228],[6.30305481,53.397640228],[6.30305481,53.397083282],[6.303610802,53.397083282],[6.303610802,53.39680481],[6.304166794,53.39680481],[6.304166794,53.396526337],[6.308148861,53.396526337],[6.310833931,53.396526337],[6.310833931,53.39680481],[6.311943054,53.39680481],[6.311943054,53.397083282],[6.3125,53.397083282],[6.3125,53.397361755],[6.313611984,53.397361755],[6.313611984,53.397640228],[6.314722061,53.397640228],[6.314722061,53.397914886],[6.315278053,53.397914886],[6.315278053,53.398193359],[6.315834045,53.398193359],[6.315834045,53.398471832],[6.316390038,53.398471832],[6.316390038,53.398750305],[6.317500114,53.398750305],[6.317500114,53.399028778],[6.318056107,53.399028778],[6.318056107,53.399307251],[6.318612099,53.399307251],[6.318612099,53.399581909],[6.319722176,53.399581909],[6.319722176,53.399860382],[6.320278168,53.399860382],[6.320278168,53.400138855],[6.320831776,53.400138855],[6.320831776,53.400417328],[6.321944237,53.400417328],[6.321944237,53.400695801],[6.322500229,53.400695801],[6.322500229,53.400970459],[6.324722767,53.400970459],[6.324722767,53.401248932],[6.325279236,53.401248932],[6.325279236,53.401527405],[6.325832844,53.401527405],[6.325832844,53.401805878],[6.326388836,53.401805878],[6.326388836,53.402084351],[6.326944828,53.402084351],[6.326944828,53.402362823],[6.32750082,53.402362823],[6.32750082,53.4034729],[6.328054905,53.4034729],[6.328054905,53.404026031],[6.328610897,53.404026031],[6.328610897,53.404304504],[6.329722881,53.404304504],[6.329722881,53.404582977],[6.333611012,53.404582977],[6.333611012,53.40486145],[6.334721088,53.40486145],[6.334721088,53.405139923],[6.335277081,53.405139923],[6.335277081,53.405418396],[6.335833073,53.405418396],[6.335833073,53.405971527],[6.336389065,53.405971527],[6.336389065,53.406806946],[6.336946011,53.406806946],[6.336946011,53.407081604],[6.337499142,53.407081604],[6.337499142,53.40763855],[6.338056087,53.40763855],[6.338056087,53.4090271],[6.337499142,53.4090271],[6.337499142,53.410972595],[6.339168072,53.410972595],[6.339168072,53.410694122],[6.339722157,53.410694122],[6.339722157,53.410415649],[6.340278149,53.410415649],[6.340278149,53.410694122],[6.347499847,53.410694122],[6.347499847,53.410972595],[6.34805584,53.410972595],[6.34805584,53.411251068],[6.348609924,53.411251068],[6.348609924,53.412082672],[6.349165916,53.412082672],[6.349165916,53.412361145],[6.351944923,53.412361145],[6.351944923,53.412639618],[6.353055,53.412639618],[6.353055,53.412918091],[6.354166985,53.412918091],[6.354166985,53.413192749],[6.354722977,53.413192749],[6.354722977,53.413749695],[6.355278969,53.413749695],[6.355278969,53.414028168],[6.355833054,53.414028168],[6.355833054,53.414306641],[6.360833168,53.414306641],[6.360833168,53.414585114],[6.36138916,53.414585114],[6.36138916,53.414859772],[6.362499237,53.414859772],[6.362499237,53.415138245],[6.363055229,53.415138245],[6.363055229,53.415416718],[6.364168167,53.415416718],[6.364168167,53.41569519],[6.365277767,53.41569519],[6.365277767,53.415973663],[6.366943836,53.415973663],[6.366943836,53.416248322],[6.36805582,53.416248322],[6.36805582,53.416526794],[6.368611813,53.416526794],[6.368611813,53.416805267],[6.371943951,53.416805267],[6.371943951,53.41708374],[6.373055935,53.41708374],[6.373055935,53.417362213],[6.37361002,53.417362213],[6.37361002,53.417640686],[6.374166012,53.417640686],[6.374166012,53.417915344],[6.375833988,53.417915344],[6.375833988,53.418193817],[6.378610134,53.418193817],[6.378610134,53.41847229],[6.37916708,53.41847229],[6.37916708,53.418750763],[6.379723072,53.418750763],[6.379723072,53.419029236],[6.380277157,53.419029236],[6.380277157,53.419303894],[6.381945133,53.419303894],[6.381945133,53.419582367],[6.385832787,53.419582367],[6.385832787,53.41986084],[6.390276909,53.41986084],[6.390276909,53.419582367],[6.390832901,53.419582367],[6.390832901,53.419303894],[6.391389847,53.419303894],[6.391389847,53.419582367],[6.391942978,53.419582367],[6.391942978,53.41986084],[6.393055916,53.41986084],[6.393055916,53.420139313],[6.394165993,53.420139313],[6.3941679,53.420417786],[6.395277977,53.420417786],[6.395277977,53.420696259],[6.396944046,53.420696259],[6.396944046,53.420970917],[6.399166107,53.420970917],[6.399166107,53.42124939],[6.400832176,53.42124939],[6.400832176,53.420970917],[6.40194416,53.420970917],[6.40194416,53.420696259],[6.402500153,53.420696259],[6.402500153,53.420417786],[6.403056145,53.420417786],[6.403056145,53.420696259],[6.407501221,53.420696259],[6.407501221,53.420970917],[6.409166813,53.420970917],[6.409166813,53.42124939],[6.41027689,53.42124939],[6.41027689,53.421527863],[6.411944866,53.421527863],[6.411944866,53.421806335],[6.412498951,53.421806335],[6.412498951,53.422359467],[6.413054943,53.422359467],[6.413054943,53.422637939],[6.415277004,53.422637939],[6.415277004,53.422359467],[6.416388988,53.422359467],[6.416388988,53.422084808],[6.417499065,53.422084808],[6.417499065,53.422359467],[6.418055058,53.422359467],[6.418055058,53.422637939],[6.418612003,53.422637939],[6.418612003,53.422916412],[6.419167995,53.422916412],[6.419167995,53.422637939],[6.423612118,53.422637939],[6.423612118,53.422916412],[6.424722195,53.422916412],[6.424722195,53.423194885],[6.425834179,53.423194885],[6.425834179,53.423473358],[6.426943779,53.423473358],[6.426943779,53.423194885],[6.428055763,53.423194885],[6.428055763,53.422916412],[6.432500839,53.422916412],[6.432500839,53.423194885],[6.437500954,53.423194885],[6.437500954,53.423473358],[6.438611031,53.423473358],[6.438611031,53.423751831],[6.444721222,53.423751831],[6.444721222,53.423473358],[6.44583416,53.423473358],[6.44583416,53.423751831],[6.446944237,53.423751831],[6.446946144,53.424026489],[6.450833797,53.424026489],[6.450833797,53.424304962],[6.454721928,53.424304962],[6.454721928,53.424583435],[6.456943989,53.424583435],[6.456943989,53.424861908],[6.458056927,53.424861908],[6.458056927,53.425140381],[6.460833073,53.425140381],[6.460833073,53.425415039],[6.462501049,53.425415039],[6.462501049,53.425693512],[6.463611126,53.425693512],[6.463611126,53.425971985],[6.469167233,53.425971985],[6.469167233,53.426250458],[6.470832825,53.426250458],[6.470832825,53.426528931],[6.472498894,53.426528931],[6.472498894,53.426807404],[6.476389885,53.426807404],[6.476389885,53.427082062],[6.477499962,53.427082062],[6.477499962,53.427360535],[6.478055954,53.427360535],[6.478055954,53.427639008],[6.478611946,53.427639008],[6.478611946,53.42791748],[6.481388092,53.42791748],[6.481388092,53.428195953],[6.485279083,53.428195953],[6.485279083,53.428470612],[6.48638916,53.428470612],[6.48638916,53.428749084],[6.490276814,53.428749084],[6.490276814,53.429027557],[6.492498875,53.429027557],[6.492498875,53.42930603],[6.493610859,53.42930603],[6.493610859,53.429584503],[6.496388912,53.429584503],[6.496388912,53.429862976],[6.498054981,53.429862976],[6.498054981,53.430137634],[6.49972105,53.430137634],[6.49972105,53.429862976],[6.505834103,53.429862976],[6.505834103,53.430137634],[6.506388187,53.430137634],[6.506390095,53.430416107],[6.511387825,53.430416107],[6.511387825,53.43069458],[6.520277023,53.43069458],[6.520277023,53.430973053],[6.521389008,53.430973053],[6.521389008,53.43069458],[6.521945,53.43069458],[6.521945,53.430973053],[6.523055077,53.430973053],[6.523055077,53.43069458],[6.524721146,53.43069458],[6.524721146,53.430973053],[6.525277138,53.430973053],[6.525277138,53.431251526],[6.526943207,53.431251526],[6.526946068,53.430973053],[6.528056145,53.430973053],[6.528056145,53.431251526],[6.529722214,53.431251526],[6.529722214,53.431526184],[6.531387806,53.431526184],[6.531387806,53.431804657],[6.53805685,53.431804657],[6.53805685,53.43208313],[6.540832996,53.43208313],[6.540832996,53.432361603],[6.541944981,53.432361603],[6.541944981,53.432640076],[6.543055058,53.432640076],[6.543055058,53.432914734],[6.546389103,53.432918549],[6.546389103,53.433193207],[6.548611164,53.433193207],[6.548611164,53.43347168],[6.552498817,53.43347168],[6.552498817,53.433750153],[6.552844048,53.433750153],[6.553612232,53.433750153],[6.553612232,53.434028625],[6.555277824,53.434028625],[6.555277824,53.434307098],[6.556943893,53.434307098],[6.556943893,53.434581757],[6.560277939,53.434581757],[6.560277939,53.434860229],[6.561388016,53.434860229],[6.561388016,53.435138702],[6.5625,53.435138702],[6.5625,53.435417175],[6.563610077,53.435417175],[6.563610077,53.435695648],[6.567501068,53.435695648],[6.567501068,53.435970306],[6.568611145,53.435974121],[6.568611145,53.436248779],[6.569723129,53.436248779],[6.569723129,53.436527252],[6.571389198,53.436527252],[6.571389198,53.436805725],[6.573610783,53.436805725],[6.573610783,53.437084198],[6.576388836,53.437084198],[6.576388836,53.437362671],[6.577498913,53.437362671],[6.577498913,53.437637329],[6.579720974,53.437637329],[6.579720974,53.437915802],[6.581389904,53.437915802],[6.581389904,53.438194275],[6.583055973,53.438194275],[6.583055973,53.438472748],[6.58416605,53.438472748],[6.58416605,53.438751221],[6.584722042,53.438751221],[6.584722042,53.439025879],[6.585278034,53.439025879],[6.585278034,53.439304352],[6.586390018,53.439304352],[6.586390018,53.439582825],[6.587500095,53.439582825],[6.587500095,53.439861298],[6.588610172,53.439861298],[6.588610172,53.440139771],[6.589722157,53.440139771],[6.589722157,53.440418243],[6.590832233,53.440418243],[6.590832233,53.440692902],[6.591944218,53.440692902],[6.591944218,53.440971375],[6.594723225,53.440971375],[6.594723225,53.441249847],[6.595832825,53.441249847],[6.595832825,53.44152832],[6.598610878,53.44152832],[6.598610878,53.441806793],[6.600832939,53.441806793],[6.600832939,53.442081451],[6.601944923,53.442081451],[6.601944923,53.442359924],[6.602499008,53.442359924],[6.602499008,53.442638397],[6.603055,53.442638397],[6.603055,53.44291687],[6.605277061,53.44291687],[6.605277061,53.443195343],[6.605833054,53.443195343],[6.605833054,53.443473816],[6.606945992,53.443473816],[6.606945992,53.443748474],[6.608056068,53.443748474],[6.608056068,53.444026947],[6.609166145,53.444026947],[6.609166145,53.44430542],[6.61027813,53.44430542],[6.61027813,53.444583893],[6.611388206,53.444583893],[6.611390114,53.444862366],[6.612500191,53.444862366],[6.612500191,53.445137024],[6.613612175,53.445137024],[6.613612175,53.445415497],[6.614721775,53.445415497],[6.614721775,53.44569397],[6.615834236,53.44569397],[6.615834236,53.445972443],[6.616387844,53.445972443],[6.616387844,53.446250916],[6.618609905,53.446250916],[6.618609905,53.446529388],[6.619722843,53.446529388],[6.619722843,53.446804047],[6.620278835,53.446804047],[6.620278835,53.44708252],[6.621388912,53.44708252],[6.621388912,53.447360992],[6.622500896,53.447360992],[6.622500896,53.447639465],[6.623610973,53.447639465],[6.623610973,53.447917938],[6.624722958,53.447917938],[6.624722958,53.448192596],[6.62527895,53.448192596],[6.62527895,53.448471069],[6.625833035,53.448471069],[6.625833035,53.448749542],[6.626945019,53.448749542],[6.626945019,53.449028015],[6.627499104,53.449028015],[6.627499104,53.449306488],[6.628055096,53.449306488],[6.628055096,53.449584961],[6.62916708,53.449584961],[6.62916708,53.449859619],[6.630277157,53.449859619],[6.630277157,53.450138092],[6.630833149,53.450138092],[6.630833149,53.450416565],[6.632499218,53.450416565],[6.632499218,53.450695038],[6.63305521,53.450695038],[6.63305521,53.450973511],[6.633612156,53.450973511],[6.633612156,53.451248169],[6.634168148,53.451248169],[6.634168148,53.451526642],[6.635278225,53.451526642],[6.635278225,53.451805115],[6.636943817,53.451805115],[6.636943817,53.452083588],[6.638055801,53.452083588],[6.638055801,53.452362061],[6.638611794,53.452362061],[6.638611794,53.452640533],[6.640277863,53.452640533],[6.640277863,53.452915192],[6.641387939,53.452915192],[6.641387939,53.453193665],[6.641943932,53.453193665],[6.641943932,53.453472137],[6.645277977,53.453472137],[6.645277977,53.45375061],[6.645834923,53.45375061],[6.645834923,53.454029083],[6.646945,53.454029083],[6.646945,53.454303741],[6.647500992,53.454303741],[6.647500992,53.454582214],[6.648611069,53.454582214],[6.648611069,53.454860687],[6.649167061,53.454860687],[6.649167061,53.45513916],[6.65083313,53.45513916],[6.65083313,53.455417633],[6.651945114,53.455417633],[6.651945114,53.455696106],[6.652501106,53.455696106],[6.652501106,53.455970764],[6.655832767,53.455970764],[6.655832767,53.456249237],[6.656389236,53.456249237],[6.656389236,53.45652771],[6.656945229,53.45652771],[6.656945229,53.456806183],[6.659720898,53.456806183],[6.659720898,53.457084656],[6.661389828,53.457084656],[6.661389828,53.457359314],[6.661943913,53.457359314],[6.661943913,53.457637787],[6.662499905,53.457637787],[6.662499905,53.45791626],[6.666389942,53.45791626],[6.666389942,53.458194733],[6.668610096,53.458194733],[6.668610096,53.458473206],[6.66972208,53.458473206],[6.66972208,53.458751678],[6.670832157,53.458751678],[6.670834064,53.459026337],[6.673057079,53.459026337],[6.673057079,53.45930481],[6.67361021,53.45930481],[6.67361021,53.459583282],[6.674167156,53.459583282],[6.674167156,53.459861755],[6.675833225,53.459861755],[6.675833225,53.459583282],[6.677501202,53.459583282],[6.677501202,53.45930481],[6.679166794,53.45930481],[6.679166794,53.459026337],[6.680276871,53.459026337],[6.680276871,53.45930481],[6.682498932,53.45930481],[6.682498932,53.459583282],[6.683610916,53.459583282],[6.683610916,53.459861755],[6.686389923,53.459861755],[6.686389923,53.460140228],[6.687499046,53.460140228],[6.687499046,53.460414886],[6.689722061,53.460414886],[6.689722061,53.460693359],[6.691390038,53.460693359],[6.691390038,53.460971832],[6.692500114,53.460971832],[6.692500114,53.461250305],[6.693612099,53.461250305],[6.693612099,53.461528778],[6.694166183,53.461528778],[6.694166183,53.461807251],[6.695278168,53.461807251],[6.695278168,53.462081909],[6.699721813,53.462081909],[6.699721813,53.462360382],[6.703054905,53.462360382],[6.703054905,53.462638855],[6.708611012,53.462638855],[6.708611012,53.462917328],[6.710833073,53.462917328],[6.710833073,53.463195801],[6.711945057,53.463195801],[6.711945057,53.463470459],[6.716944218,53.463470459],[6.716944218,53.463748932],[6.71750021,53.463748932],[6.71750021,53.463470459],[6.72305584,53.463470459],[6.72305584,53.463748932],[6.724165916,53.463748932],[6.724165916,53.464027405],[6.725834846,53.464027405],[6.725834846,53.464305878],[6.728054047,53.464305878],[6.728054047,53.464584351],[6.738055229,53.464584351],[6.738055229,53.464862823],[6.739167213,53.464862823],[6.739167213,53.465137482],[6.742499828,53.465137482],[6.742499828,53.465415955],[6.749166012,53.465415955],[6.749166012,53.465694427],[6.752500057,53.465694427]]],[[[6.586944103,53.525695801],[6.586944103,53.525417328],[6.591388226,53.525417328],[6.591388226,53.525138855],[6.59360981,53.525138855],[6.59360981,53.524860382],[6.594167233,53.524860382],[6.594167233,53.524581909],[6.594723225,53.524581909],[6.594723225,53.520137787],[6.594167233,53.520137787],[6.594167233,53.519584656],[6.59360981,53.519584656],[6.59360981,53.519306183],[6.588056087,53.519306183],[6.588056087,53.519584656],[6.587500095,53.519584656],[6.587500095,53.519859314],[6.586390018,53.519859314],[6.586390018,53.520137787],[6.585834026,53.520137787],[6.585834026,53.52041626],[6.585278034,53.52041626],[6.585278034,53.520694733],[6.584722042,53.520694733],[6.584722042,53.520973206],[6.583611965,53.520973206],[6.583611965,53.521251678],[6.583055973,53.521251678],[6.583055973,53.521526337],[6.582499981,53.521526337],[6.582499981,53.52180481],[6.581943989,53.52180481],[6.581943989,53.522914886],[6.581389904,53.522914886],[6.581389904,53.525417328],[6.581943989,53.525417328],[6.581943989,53.525695801],[6.586944103,53.525695801]]],[[[6.573610783,53.544582367],[6.573610783,53.544303894],[6.574166775,53.544303894],[6.574166775,53.543193817],[6.574722767,53.543193817],[6.574722767,53.542915344],[6.575832844,53.542915344],[6.575832844,53.542640686],[6.577498913,53.542640686],[6.577498913,53.542915344],[6.578756809,53.542915344],[6.581389904,53.542915344],[6.581389904,53.542640686],[6.58416605,53.542640686],[6.58416605,53.542362213],[6.585278034,53.542362213],[6.585278034,53.54208374],[6.586390018,53.54208374],[6.586390018,53.541805267],[6.588056087,53.541805267],[6.588056087,53.541526794],[6.589722157,53.541526794],[6.589722157,53.541248322],[6.593057156,53.541248322],[6.593057156,53.540973663],[6.597500801,53.540973663],[6.597500801,53.54069519],[6.598054886,53.54069519],[6.598054886,53.540138245],[6.597500801,53.540138245],[6.597500801,53.539859772],[6.591944218,53.539859772],[6.591944218,53.539585114],[6.590832233,53.539585114],[6.590832233,53.539306641],[6.589722157,53.539306641],[6.589722157,53.539028168],[6.588610172,53.539028168],[6.588610172,53.538749695],[6.586944103,53.538749695],[6.586944103,53.538471222],[6.584134102,53.538471222],[6.581962109,53.538471222],[6.58027792,53.538471222],[6.58027792,53.538749695],[6.579167843,53.538749695],[6.579164982,53.539028168],[6.578610897,53.539028168],[6.578610897,53.539306641],[6.578054905,53.539306641],[6.578054905,53.539585114],[6.577498913,53.539585114],[6.577498913,53.539859772],[6.576388836,53.539859772],[6.576388836,53.540138245],[6.575832844,53.540138245],[6.575832844,53.540416718],[6.575276852,53.540416718],[6.575276852,53.54069519],[6.574166775,53.54069519],[6.574166775,53.540973663],[6.573610783,53.540973663],[6.573610783,53.541248322],[6.57305479,53.541248322],[6.57305479,53.541526794],[6.572501183,53.541526794],[6.572498798,53.541805267],[6.57194519,53.541805267],[6.57194519,53.54208374],[6.571389198,53.54208374],[6.571389198,53.542640686],[6.570833206,53.542640686],[6.570833206,53.542915344],[6.570277214,53.542915344],[6.570277214,53.544029236],[6.570833206,53.544029236],[6.570833206,53.544303894],[6.572498798,53.544303894],[6.572501183,53.544582367],[6.573610783,53.544582367]]],[[[6.474167824,53.554489136],[6.474167824,53.55430603],[6.47694397,53.55430603],[6.47694397,53.554027557],[6.478055954,53.554027557],[6.478055954,53.553749084],[6.477499962,53.553749084],[6.477499962,53.553470612],[6.478055954,53.553470612],[6.478055954,53.553195953],[6.478611946,53.553195953],[6.478611946,53.55291748],[6.479166031,53.55291748],[6.479166031,53.552639008],[6.480278015,53.552639008],[6.480278015,53.552360535],[6.480834007,53.552360535],[6.480834007,53.552082062],[6.481388092,53.552082062],[6.481388092,53.551807404],[6.481944084,53.551807404],[6.481944084,53.551528931],[6.482500076,53.551528931],[6.482500076,53.551250458],[6.483610153,53.551250458],[6.483610153,53.550971985],[6.484722137,53.550971985],[6.484722137,53.550693512],[6.485279083,53.550693512],[6.485279083,53.550415039],[6.48638916,53.550415039],[6.48638916,53.550140381],[6.486945152,53.550140381],[6.486945152,53.549861908],[6.48638916,53.549861908],[6.48638916,53.549583435],[6.485279083,53.549583435],[6.485279083,53.549304962],[6.484722137,53.549304962],[6.484722137,53.549026489],[6.482500076,53.549026489],[6.482500076,53.548751831],[6.481944084,53.548751831],[6.481944084,53.546527863],[6.481388092,53.546527863],[6.481388092,53.54624939],[6.483056068,53.54624939],[6.483056068,53.545970917],[6.485832214,53.545970917],[6.485832214,53.545696259],[6.48638916,53.545696259],[6.48638916,53.545417786],[6.487501144,53.545417786],[6.487501144,53.545139313],[6.488055229,53.545139313],[6.488055229,53.54486084],[6.489167213,53.54486084],[6.489167213,53.544582367],[6.490276814,53.544582367],[6.490276814,53.544303894],[6.490832806,53.544303894],[6.490832806,53.543750763],[6.491388798,53.543750763],[6.491388798,53.54347229],[6.49194479,53.54347229],[6.49194479,53.543193817],[6.492498875,53.543193817],[6.492498875,53.542915344],[6.493054867,53.542915344],[6.493054867,53.542640686],[6.493610859,53.542640686],[6.493610859,53.542362213],[6.494166851,53.542362213],[6.494166851,53.54208374],[6.494722843,53.54208374],[6.494722843,53.541805267],[6.495276928,53.541805267],[6.495276928,53.541248322],[6.496388912,53.541248322],[6.496388912,53.540973663],[6.497498989,53.540973663],[6.497498989,53.54069519],[6.498611927,53.54069519],[6.498611927,53.540416718],[6.499165058,53.540416718],[6.499165058,53.540138245],[6.49972105,53.540138245],[6.49972105,53.539585114],[6.500277996,53.539585114],[6.500277996,53.539306641],[6.500833988,53.539306641],[6.500833988,53.539028168],[6.50138998,53.539028168],[6.50138998,53.538749695],[6.502500057,53.538749695],[6.502500057,53.538471222],[6.503612041,53.538471222],[6.503612041,53.538192749],[6.504166126,53.538192749],[6.504166126,53.537082672],[6.504722118,53.537082672],[6.504722118,53.536655426],[6.504722118,53.536529541],[6.505448818,53.536529541],[6.505834103,53.536529541],[6.505834103,53.536361694],[6.505834103,53.535972595],[6.506388187,53.535972595],[6.506390095,53.535694122],[6.50694418,53.535694122],[6.50694418,53.535137177],[6.507500172,53.535137177],[6.507500172,53.5340271],[6.508056164,53.5340271],[6.508056164,53.533748627],[6.509722233,53.533748627],[6.509722233,53.533473969],[6.510831833,53.533473969],[6.510831833,53.533195496],[6.511943817,53.533195496],[6.511943817,53.532917023],[6.512500763,53.532917023],[6.512500763,53.53263855],[6.511943817,53.53263855],[6.511943817,53.532081604],[6.511387825,53.532081604],[6.511387825,53.531806946],[6.510831833,53.531806946],[6.510831833,53.531528473],[6.508056164,53.531528473],[6.508056164,53.53125],[6.506390095,53.53125],[6.506388187,53.530971527],[6.505834103,53.530971527],[6.505834103,53.53125],[6.505278111,53.53125],[6.505278111,53.532081604],[6.504722118,53.532081604],[6.504722118,53.533195496],[6.504166126,53.533195496],[6.504166126,53.533473969],[6.503612041,53.533473969],[6.503612041,53.5340271],[6.502500057,53.5340271],[6.502500057,53.533748627],[6.501944065,53.533748627],[6.501944065,53.533195496],[6.50138998,53.533195496],[6.50138998,53.532917023],[6.499165058,53.532917023],[6.499165058,53.53263855],[6.496944904,53.53263855],[6.496944904,53.532360077],[6.494722843,53.532360077],[6.494722843,53.532081604],[6.49194479,53.532081604],[6.49194479,53.531528473],[6.492498875,53.531528473],[6.492498875,53.53125],[6.493610859,53.53125],[6.493610859,53.530971527],[6.494166851,53.530971527],[6.494166851,53.530693054],[6.494722843,53.530693054],[6.494722843,53.530418396],[6.495276928,53.530418396],[6.495276928,53.530139923],[6.494722843,53.530139923],[6.494722843,53.52986145],[6.490832806,53.52986145],[6.490832806,53.529304504],[6.490276814,53.529304504],[6.490276814,53.528751373],[6.489723206,53.528751373],[6.489723206,53.526527405],[6.489167213,53.526527405],[6.489167213,53.526302338],[6.489167213,53.525417328],[6.488611221,53.525417328],[6.488611221,53.525138855],[6.488055229,53.525138855],[6.488055229,53.524860382],[6.487501144,53.524860382],[6.487501144,53.524581909],[6.486945152,53.524581909],[6.486945152,53.524307251],[6.48638916,53.524307251],[6.48638916,53.524028778],[6.485279083,53.524028778],[6.485279083,53.523750305],[6.484166145,53.523750305],[6.484166145,53.523471832],[6.481944084,53.523471832],[6.481944084,53.523193359],[6.480834007,53.523193359],[6.480834007,53.522914886],[6.479722023,53.522914886],[6.479722023,53.522640228],[6.477499962,53.522640228],[6.477499962,53.522361755],[6.474167824,53.522361755],[6.474167824,53.522083282],[6.473620892,53.522083282],[6.472498894,53.522083282],[6.472498894,53.522361755],[6.471389771,53.522361755],[6.471389771,53.522640228],[6.470832825,53.522640228],[6.470832825,53.522914886],[6.470276833,53.522914886],[6.470276833,53.523471832],[6.46972084,53.523471832],[6.46972084,53.524581909],[6.469167233,53.524581909],[6.469167233,53.525417328],[6.468610764,53.525417328],[6.468610764,53.526527405],[6.468054771,53.526527405],[6.468054771,53.528194427],[6.467501163,53.528194427],[6.467498779,53.529026031],[6.466945171,53.529026031],[6.466945171,53.529304504],[6.466389179,53.529304504],[6.466389179,53.529582977],[6.465833187,53.529582977],[6.465833187,53.530139923],[6.465277195,53.530139923],[6.465277195,53.530971527],[6.46472311,53.530971527],[6.46472311,53.533557892],[6.46472311,53.5340271],[6.464369774,53.5340271],[6.464167118,53.5340271],[6.464167118,53.534297943],[6.464167118,53.534584045],[6.463871002,53.534584045],[6.463055134,53.534584045],[6.463055134,53.534862518],[6.462501049,53.534862518],[6.462501049,53.535415649],[6.461945057,53.535415649],[6.461945057,53.535694122],[6.461389065,53.535694122],[6.461389065,53.535972595],[6.460833073,53.535972595],[6.460833073,53.537082672],[6.461143017,53.537082672],[6.461389065,53.537082672],[6.461389065,53.537639618],[6.461945057,53.537639618],[6.461945057,53.537918091],[6.462501049,53.537918091],[6.462501049,53.538192749],[6.463055134,53.538192749],[6.463055134,53.538471222],[6.464167118,53.538471222],[6.464167118,53.538749695],[6.46472311,53.538749695],[6.46472311,53.539028168],[6.465277195,53.539028168],[6.465277195,53.539306641],[6.465833187,53.539306641],[6.465833187,53.539585114],[6.465277195,53.539585114],[6.465277195,53.539859772],[6.46472311,53.539859772],[6.46472311,53.540138245],[6.464167118,53.540138245],[6.464167118,53.540416718],[6.463611126,53.540416718],[6.463611126,53.54069519],[6.463055134,53.54069519],[6.463055134,53.540973663],[6.462501049,53.540973663],[6.462501049,53.541248322],[6.461389065,53.541248322],[6.461389065,53.541526794],[6.460833073,53.541526794],[6.460833073,53.541805267],[6.460276127,53.541805267],[6.460276127,53.542362213],[6.459722996,53.542362213],[6.459722996,53.543193817],[6.459167004,53.543193817],[6.459167004,53.545696259],[6.458610058,53.545696259],[6.458610058,53.546379089],[6.458610058,53.547084808],[6.458056927,53.547084808],[6.458056927,53.547359467],[6.457499981,53.547359467],[6.457499981,53.547916412],[6.456943989,53.547916412],[6.456943989,53.548194885],[6.456387997,53.548194885],[6.456387997,53.548473358],[6.455833912,53.548473358],[6.455833912,53.548751831],[6.45527792,53.548751831],[6.45527792,53.550693512],[6.455833912,53.550693512],[6.455833912,53.550971985],[6.458056927,53.550971985],[6.458056927,53.551250458],[6.459167004,53.551250458],[6.459167004,53.551528931],[6.459722996,53.551528931],[6.459722996,53.551807404],[6.460833073,53.551807404],[6.460833073,53.552360535],[6.461389065,53.552360535],[6.461389065,53.552639008],[6.461945057,53.552639008],[6.461945057,53.55291748],[6.467498779,53.55291748],[6.467501163,53.553195953],[6.468054771,53.553195953],[6.468054771,53.553470612],[6.468610764,53.553470612],[6.468610764,53.553749084],[6.469167233,53.553749084],[6.469167233,53.554027557],[6.46972084,53.554027557],[6.46972084,53.55430603],[6.470276833,53.55430603],[6.470276833,53.554584503],[6.474167824,53.554584503],[6.474167824,53.554489136]]]]},"properties":{"name":"Groningen","mapcolor":5,"cartodb_id":5}},{"type":"Feature","geometry":{"type":"MultiPolygon","coordinates":[[[[5.900456905,51.778423309],[5.909068108,51.771644592],[5.909355164,51.77135849],[5.913673878,51.766853333],[5.919454098,51.763240814],[5.920879841,51.760543823],[5.920844078,51.756950378],[5.923374176,51.75377655],[5.923713207,51.753349304],[5.930270195,51.751701355],[5.930964947,51.751525879],[5.941123962,51.74969101],[5.938195229,51.747905731],[5.938168049,51.745212555],[5.941054821,51.743408203],[5.942498207,51.74250412],[5.946859837,51.742485046],[5.951220036,51.742465973],[5.959971905,51.745124817],[5.961464882,51.748706818],[5.959950924,51.743328094],[5.962162018,51.740550995],[5.964142799,51.741817474],[5.964007854,51.741611481],[5.969318867,51.741641998],[5.96941185,51.73998642],[5.969531059,51.737869263],[5.98498106,51.737945557],[5.985362053,51.737949371],[6.000926018,51.737998962],[6.001037121,51.737998962],[6.009559155,51.736415863],[6.012864113,51.735801697],[6.023787975,51.731559753],[6.036541939,51.727481842],[6.03668499,51.726856232],[6.03775692,51.722232819],[6.042875767,51.720054626],[6.045167923,51.719078064],[6.050580978,51.716773987],[6.042898178,51.715736389],[6.041607857,51.715560913],[6.038918972,51.713821411],[6.035718918,51.711750031],[6.03513813,51.711372375],[6.034424782,51.710910797],[6.034667969,51.708129883],[6.033813953,51.708118439],[6.0328722,51.702907562],[6.033677101,51.696891785],[6.033804893,51.69593811],[6.034337997,51.68919754],[6.03452301,51.68812561],[6.035395145,51.682971954],[6.035422802,51.682811737],[6.036334038,51.681522369],[6.037676811,51.679626465],[6.038209915,51.678871155],[6.039014816,51.677734375],[6.040256977,51.677223206],[6.041227818,51.676822662],[6.05145216,51.672611237],[6.062424183,51.670425415],[6.072257996,51.667549133],[6.07814312,51.665828705],[6.092289925,51.662906647],[6.101807117,51.660575867],[6.102059841,51.660572052],[6.102832794,51.660552979],[6.103528023,51.66053772],[6.10985899,51.660396576],[6.110109806,51.660392761],[6.116140842,51.660438538],[6.118769169,51.660457611],[6.119067192,51.65959549],[6.12113905,51.653633118],[6.113986969,51.649368286],[6.111359119,51.639701843],[6.108913898,51.629924774],[6.105618,51.622650146],[6.104922771,51.622661591],[6.102262974,51.622703552],[6.098206043,51.622772217],[6.096302986,51.621284485],[6.095028877,51.620288849],[6.095438957,51.616649628],[6.090958118,51.605220795],[6.116271019,51.592529297],[6.122407913,51.59292984],[6.130080223,51.582359314],[6.14346981,51.575809479],[6.156868935,51.56924057],[6.179258823,51.540901184],[6.184369087,51.539676666],[6.186992168,51.537025452],[6.195186138,51.534778595],[6.202674866,51.528167725],[6.209764957,51.522129059],[6.215528965,51.516971588],[6.220355988,51.509170532],[6.220358849,51.508327484],[6.220367908,51.504878998],[6.220376968,51.500236511],[6.219833851,51.49256134],[6.221190929,51.489311218],[6.22303915,51.487442017],[6.230510235,51.476650238],[6.231410027,51.469299316],[6.22700882,51.466213226],[6.225902081,51.464252472],[6.227590084,51.450679779],[6.221488953,51.450439453],[6.222858906,51.439418793],[6.214348793,51.409561157],[6.214693069,51.406845093],[6.215095997,51.403663635],[6.215279102,51.40222168],[6.220899105,51.406131744],[6.233500004,51.402919769],[6.232022762,51.401893616],[6.228077888,51.399150848],[6.227889061,51.399021149],[6.226603985,51.397132874],[6.222731113,51.391448975],[6.231520176,51.369651794],[6.23196888,51.365982056],[6.226376057,51.36207962],[6.198399067,51.342559814],[6.198451996,51.342147827],[6.198860168,51.33890152],[6.195765018,51.338764191],[6.186718941,51.338359833],[6.17456913,51.337779999],[6.175048828,51.334121704],[6.173634052,51.333118439],[6.171143055,51.331352234],[6.169689178,51.32824707],[6.169909954,51.326499939],[6.168351173,51.325389862],[6.166073799,51.320526123],[6.164763927,51.319030762],[6.165248871,51.315219879],[6.159657955,51.311229706],[6.157344818,51.307765961],[6.155631065,51.305202484],[6.154540062,51.303569794],[6.153202057,51.302604675],[6.15170908,51.301010132],[6.144107819,51.295711517],[6.142991066,51.29524231],[6.135518074,51.292110443],[6.129278183,51.287143707],[6.128142834,51.286239624],[6.124536991,51.278152466],[6.117840767,51.269901276],[6.109148026,51.264915466],[6.103391171,51.259529114],[6.097818851,51.254505157],[6.090680122,51.25038147],[6.088775158,51.249279022],[6.080565929,51.245567322],[6.080235004,51.245449066],[6.078186035,51.24471283],[6.091208935,51.229030609],[6.091690063,51.2253685],[6.085628033,51.224933624],[6.073629856,51.224071503],[6.073749065,51.223167419],[6.074590206,51.216758728],[6.074920177,51.214195251],[6.07741785,51.19480896],[6.078309059,51.187469482],[6.082921982,51.185161591],[6.084759235,51.184242249],[6.085030079,51.181812286],[6.085168839,51.180568695],[6.086544037,51.179878235],[6.091609955,51.177341461],[6.091834068,51.175292969],[6.097258091,51.174037933],[6.098670959,51.173709869],[6.110291958,51.174739838],[6.111260891,51.175041199],[6.11848402,51.175559998],[6.122088909,51.175819397],[6.121918201,51.177471161],[6.121816158,51.178466797],[6.125856876,51.180282593],[6.132627964,51.183322906],[6.133756161,51.183799744],[6.142260075,51.187400818],[6.145304203,51.190193176],[6.145573139,51.190441132],[6.148180962,51.191127777],[6.168301105,51.197658539],[6.174320221,51.1980896],[6.193139076,51.191661835],[6.187308788,51.191551208],[6.185576916,51.19095993],[6.183769226,51.190345764],[6.184428215,51.189949036],[6.173800945,51.183666229],[6.167171001,51.182014465],[6.16138792,51.180568695],[6.151130199,51.177955627],[6.149414062,51.176811218],[6.144780159,51.173717499],[6.159206867,51.169532776],[6.16697216,51.167167664],[6.178521156,51.161903381],[6.177340031,51.16078949],[6.171761036,51.155017853],[6.171676159,51.154960632],[6.171799183,51.152931213],[6.168447018,51.152751923],[6.159841061,51.152290344],[6.147980213,51.151592255],[6.142058849,51.151210785],[6.130209923,51.150402069],[6.130418777,51.146678925],[6.125156879,51.142883301],[6.124710083,51.142559052],[6.120062828,51.142238617],[6.119769096,51.142219543],[6.10695982,51.141330719],[6.107108116,51.139045715],[6.107196808,51.137657166],[6.106918812,51.137634277],[6.104389191,51.137424469],[6.101281166,51.137210846],[6.095599174,51.133090973],[6.095666885,51.131977081],[6.095757961,51.130527496],[6.09582901,51.129390717],[6.094416142,51.129291534],[6.091176987,51.129058838],[6.089972019,51.128250122],[6.090148926,51.125270844],[6.084991932,51.124912262],[6.08424902,51.124858856],[6.084276199,51.12443161],[6.084465027,51.121387482],[6.084478855,51.12115097],[6.083093166,51.121051788],[6.076544762,51.120594025],[6.074534893,51.120452881],[6.072198868,51.118625641],[6.067473888,51.114929199],[6.065465927,51.113426208],[6.061460018,51.110424042],[6.061553001,51.108852386],[6.061580181,51.108402252],[6.060728073,51.108341217],[6.058472157,51.108184814],[6.0583601,51.108100891],[6.048314095,51.10194397],[6.046742916,51.101474762],[6.044500828,51.099842072],[6.040958881,51.097263336],[6.038741112,51.095649719],[6.031458855,51.095153809],[6.017355919,51.094192505],[6.015267849,51.094051361],[6.01533699,51.092979431],[6.015510082,51.090339661],[6.015340805,51.090328217],[6.010354996,51.089988708],[6.00965023,51.089939117],[6.009671211,51.089576721],[6.009808064,51.087402344],[6.00988102,51.086231232],[6.007212162,51.086029053],[6.004118919,51.085792542],[6.004191875,51.083709717],[6.004249096,51.082130432],[6.001942158,51.081970215],[5.998916149,51.081764221],[5.998418808,51.081375122],[5.99857378,51.078655243],[5.99861002,51.078022003],[5.997912884,51.077972412],[5.996714115,51.077892303],[5.996348858,51.07686615],[5.995233059,51.073711395],[5.99018383,51.07239151],[5.989500046,51.072212219],[5.989349842,51.070156097],[5.988978863,51.065101624],[5.98251009,51.063922882],[5.978353024,51.063163757],[5.978114128,51.057434082],[5.979525089,51.056087494],[5.982327938,51.053409576],[5.978928089,51.048980713],[5.978664875,51.047260284],[5.973423004,51.043140411],[5.970788956,51.042915344],[5.970799923,51.04253006],[5.967004776,51.042274475],[5.966487885,51.042240143],[5.967586994,51.03944397],[5.969543934,51.034469604],[5.961247921,51.035621643],[5.959473133,51.035865784],[5.959368229,51.035858154],[5.959309101,51.038021088],[5.947728157,51.037250519],[5.947787762,51.034843445],[5.945547104,51.034645081],[5.941875935,51.038433075],[5.941819191,51.040592194],[5.934659958,51.044658661],[5.930019855,51.047290802],[5.926199913,51.055740356],[5.924757004,51.055942535],[5.910068035,51.055160522],[5.903046131,51.054512024],[5.89511919,51.048690796],[5.8835392,51.047920227],[5.875967979,51.049770355],[5.871619225,51.050830841],[5.871832848,51.048511505],[5.871961117,51.047149658],[5.872058868,51.043411255],[5.877960205,51.04006958],[5.878046036,51.03678894],[5.878038883,51.036308289],[5.882268906,51.032344818],[5.880733013,51.026767731],[5.880457878,51.025779724],[5.880744934,51.025531769],[5.885993958,51.02098465],[5.889762878,51.015110016],[5.895409107,51.011573792],[5.895576954,51.011322021],[5.896149158,51.011360168],[5.896173954,51.010433197],[5.896358967,51.003890991],[5.907961845,51.000953674],[5.908075809,50.999916077],[5.908183098,50.995937347],[5.908248901,50.993461609],[5.899706841,50.981441498],[5.903690815,50.978271484],[5.9052701,50.979194641],[5.913702965,50.984127045],[5.920329094,50.986194611],[5.92599678,50.987960815],[5.936029911,50.990242004],[5.950080872,50.992164612],[5.956037998,50.988964081],[5.966897964,50.983131409],[5.971317768,50.984519958],[5.982594967,50.988067627],[5.99089098,50.985610962],[5.995667934,50.984752655],[6.00028801,50.983924866],[6.000593185,50.983867645],[6.008453846,50.982780457],[6.013062,50.984600067],[6.018973827,50.984939575],[6.022834778,50.985160828],[6.030001163,50.983364105],[6.032363892,50.979969025],[6.027907848,50.975055695],[6.019936085,50.971553802],[6.019509792,50.971401215],[6.019527912,50.970932007],[6.014474869,50.967350006],[6.013730049,50.966819763],[6.013877869,50.96308136],[6.007949829,50.96269989],[6.008020878,50.9608078],[6.008089066,50.958969116],[6.002170086,50.958591461],[6.002308846,50.954849243],[6.014349937,50.951858521],[6.008529186,50.947750092],[6.015170097,50.933158875],[6.024114132,50.932296753],[6.039588928,50.930801392],[6.039799213,50.927051544],[6.045679092,50.931129456],[6.051969051,50.927719116],[6.052189827,50.923961639],[6.058509827,50.920539856],[6.064619064,50.920860291],[6.067667961,50.922969818],[6.070619106,50.922904968],[6.070720196,50.921180725],[6.082940102,50.921798706],[6.083398819,50.914299011],[6.077529907,50.910251617],[6.0777421,50.906776428],[6.077867031,50.90473175],[6.077990055,50.902729034],[6.075368881,50.900924683],[6.075652122,50.895080566],[6.07827282,50.886421204],[6.083623886,50.881145477],[6.087715149,50.878932953],[6.089931011,50.874504089],[6.087838173,50.86964035],[6.083427906,50.867595673],[6.078751087,50.863479614],[6.075143814,50.851272583],[6.073840141,50.846858978],[6.069108009,50.848934174],[6.067451,50.849658966],[6.063103199,50.851566315],[6.05364418,50.850643158],[6.050435066,50.850330353],[6.041874886,50.849498749],[6.027740002,50.847351074],[6.026982784,50.847236633],[6.024989128,50.846691132],[6.019684792,50.845233917],[6.020346165,50.839401245],[6.024291039,50.833293915],[6.029119015,50.827659607],[6.029407978,50.825603485],[6.030960083,50.821697235],[6.0310812,50.821392059],[6.027101994,50.81476593],[6.021462917,50.811893463],[6.014492989,50.80714798],[6.011201859,50.80538559],[6.00957489,50.804515839],[5.999741077,50.802810669],[5.999203205,50.803192139],[5.994102001,50.80682373],[5.989730835,50.809673309],[5.988658905,50.810371399],[5.975275993,50.814090729],[5.968544006,50.806694031],[5.965670109,50.806529999],[5.965784073,50.803665161],[5.965819836,50.802791595],[5.964931011,50.802726746],[5.961039066,50.802452087],[5.961893082,50.799388885],[5.961987019,50.799049377],[5.962069035,50.798751831],[5.96248579,50.797389984],[5.963199139,50.795051575],[5.966659069,50.791591644],[5.972839832,50.791900635],[5.979411125,50.788520813],[5.979709148,50.784770966],[5.98597002,50.785110474],[5.986259937,50.781360626],[5.992528915,50.781711578],[5.992818832,50.777961731],[5.999080181,50.778308868],[5.999369144,50.774559021],[6.011878967,50.775249481],[6.012466908,50.767749786],[6.006219864,50.767410278],[6.006828785,50.759941101],[6.007072926,50.757270813],[5.999074936,50.75636673],[5.986626148,50.757759094],[5.983753204,50.758285522],[5.974009037,50.760063171],[5.96210289,50.761699677],[5.96077013,50.761646271],[5.959646225,50.762065887],[5.954259872,50.761390686],[5.953633785,50.761310577],[5.943387032,50.760025024],[5.941786766,50.759822845],[5.923962116,50.757583618],[5.92261219,50.757411957],[5.912250996,50.756111145],[5.907618046,50.755527496],[5.904741764,50.7551651],[5.899250984,50.757568359],[5.897672176,50.758590698],[5.896129608,50.759586334],[5.883378983,50.76783371],[5.882291794,50.768535614],[5.881153107,50.769271851],[5.85882616,50.762115479],[5.856406212,50.761341095],[5.855858803,50.761165619],[5.842794895,50.762741089],[5.837946892,50.763324738],[5.832551956,50.763973236],[5.819768906,50.761371613],[5.817029953,50.760814667],[5.814270973,50.760253906],[5.813356876,50.760066986],[5.811686516,50.760883331],[5.79337883,50.76984787],[5.790698051,50.769504547],[5.788506031,50.772232056],[5.786399841,50.774852753],[5.783214092,50.779853821],[5.773762226,50.784790039],[5.77344799,50.784954071],[5.765114784,50.781726837],[5.76138401,50.779525757],[5.756054878,50.778697968],[5.754559994,50.778465271],[5.734120846,50.76391983],[5.732885838,50.763038635],[5.732771397,50.762958527],[5.732358932,50.762664795],[5.731920242,50.762664795],[5.724997997,50.762695312],[5.718338013,50.762722015],[5.706765175,50.762767792],[5.699008942,50.758857727],[5.69721508,50.75856781],[5.697011948,50.758533478],[5.695435047,50.758277893],[5.694572926,50.758846283],[5.692372799,50.760299683],[5.691102028,50.761138916],[5.691182137,50.762149811],[5.691255093,50.763072968],[5.691645145,50.763587952],[5.69214201,50.76424408],[5.693486691,50.766021729],[5.695539951,50.768737793],[5.699253082,50.776599884],[5.703442097,50.781959534],[5.705244064,50.785938263],[5.7038908,50.787666321],[5.704666138,50.788970947],[5.703968048,50.792156219],[5.702578068,50.798488617],[5.701869011,50.801719666],[5.701066971,50.805370331],[5.6965909,50.807006836],[5.694334507,50.807830811],[5.691911221,50.80871582],[5.690980434,50.809234619],[5.672457218,50.819568634],[5.671804905,50.819648743],[5.669108868,50.819984436],[5.660498142,50.821987152],[5.652534962,50.829597473],[5.651189804,50.833133698],[5.650022984,50.836200714],[5.649746895,50.836917877],[5.648933887,50.844093323],[5.648804188,50.845230103],[5.647504807,50.852027893],[5.64761591,50.854068756],[5.647942066,50.860057831],[5.649472237,50.864871979],[5.650012016,50.866573334],[5.650045872,50.866680145],[5.651988029,50.872505188],[5.653250217,50.873046875],[5.66074419,50.876266479],[5.669505119,50.880031586],[5.670166016,50.880313873],[5.675154686,50.880348206],[5.681983948,50.880397797],[5.687693119,50.882091522],[5.687839031,50.88243103],[5.688064098,50.882957458],[5.689669132,50.886711121],[5.691926956,50.88936615],[5.692259789,50.889461517],[5.693220139,50.890884399],[5.693685055,50.891429901],[5.694145203,50.892089844],[5.697491169,50.896881104],[5.697896004,50.897819519],[5.703488827,50.906112671],[5.70387888,50.906299591],[5.707162857,50.907886505],[5.711221218,50.908176422],[5.72163105,50.908924103],[5.72350502,50.909057617],[5.724812984,50.910739899],[5.728404999,50.915359497],[5.731770992,50.923316956],[5.732224941,50.92445755],[5.741397858,50.936088562],[5.747467995,50.941799164],[5.751049995,50.945739746],[5.753537178,50.948474884],[5.757295132,50.953041077],[5.757164955,50.956424713],[5.751912117,50.959384918],[5.744450092,50.958297729],[5.743560791,50.958015442],[5.742475986,50.957672119],[5.737686157,50.95615387],[5.730968952,50.956417084],[5.724986076,50.959964752],[5.72578907,50.964000702],[5.742856979,50.976982117],[5.748816967,50.981513977],[5.763065815,50.992351532],[5.766840935,51.001625061],[5.770719051,51.01115036],[5.767342091,51.011333466],[5.767807007,51.01391983],[5.770122051,51.019317627],[5.770568848,51.020359039],[5.77387619,51.024414063],[5.774485111,51.025161743],[5.769853115,51.0297966],[5.769402027,51.030006409],[5.763566971,51.032707214],[5.763975143,51.036785126],[5.764050961,51.037521362],[5.768663883,51.044963837],[5.774272919,51.051895142],[5.777957916,51.057022095],[5.778058052,51.057346344],[5.779297829,51.061405182],[5.780515194,51.062705994],[5.781517982,51.063777924],[5.782749176,51.065093994],[5.785430908,51.064388275],[5.788875103,51.063480377],[5.791017056,51.063072205],[5.79628706,51.062065125],[5.797772884,51.06255722],[5.797895908,51.062541962],[5.801907063,51.063919067],[5.80077219,51.069267273],[5.799757957,51.072834015],[5.800077915,51.073322296],[5.802192211,51.076545715],[5.806079865,51.080787659],[5.803945065,51.084712982],[5.802143574,51.087177277],[5.800704002,51.08914566],[5.803187847,51.093589783],[5.805825233,51.094341278],[5.811281204,51.09589386],[5.81180191,51.095836639],[5.816711903,51.095310211],[5.822856903,51.094646454],[5.825938225,51.096160889],[5.834655762,51.100444794],[5.83436203,51.101654053],[5.836369991,51.104167938],[5.833051205,51.109172821],[5.830502987,51.110034943],[5.826327801,51.11145401],[5.820736885,51.111747742],[5.819299221,51.112121582],[5.817639828,51.11341095],[5.815732002,51.114891052],[5.815865993,51.115486145],[5.817066193,51.120807648],[5.821246147,51.125682831],[5.824966908,51.129276276],[5.829743862,51.131721497],[5.838119984,51.132854462],[5.843645096,51.134952545],[5.848534107,51.139003754],[5.853510857,51.142238617],[5.858502865,51.145778656],[5.85875988,51.145961761],[5.850687027,51.150608063],[5.848148346,51.15178299],[5.843266964,51.154037476],[5.841049671,51.157245636],[5.839006901,51.160202026],[5.837316036,51.164916992],[5.834404945,51.168151855],[5.834125042,51.168460846],[5.831665993,51.168563843],[5.828010082,51.168716431],[5.82277298,51.165317535],[5.821729183,51.162628174],[5.818432808,51.162399292],[5.814173222,51.162101746],[5.808927059,51.161739349],[5.806284904,51.161552429],[5.786889553,51.160202026],[5.785893917,51.160133362],[5.782736778,51.159912109],[5.784290791,51.162456512],[5.786121845,51.165454865],[5.785492897,51.165927887],[5.78246069,51.168205261],[5.78056097,51.169631958],[5.781760216,51.171310425],[5.782198906,51.171924591],[5.7840271,51.174480438],[5.784115791,51.174602509],[5.782424927,51.176757812],[5.781661987,51.17773056],[5.782631874,51.181106567],[5.782691956,51.181316376],[5.781599998,51.181663513],[5.767207146,51.186260223],[5.763082027,51.187576294],[5.761703014,51.187820435],[5.751430988,51.189651489],[5.74919796,51.190048218],[5.740610123,51.187438965],[5.736289024,51.186126709],[5.731767178,51.184753418],[5.722672939,51.181991577],[5.719096184,51.182460785],[5.717188835,51.182712555],[5.709558964,51.181346893],[5.684204578,51.183731079],[5.655365944,51.186443329],[5.654462337,51.18963623],[5.651566029,51.199867249],[5.64904356,51.200504303],[5.615064144,51.209072113],[5.608418465,51.210441589],[5.576879025,51.216945648],[5.570586205,51.22145462],[5.574313164,51.22252655],[5.573370934,51.222774506],[5.602127075,51.227230072],[5.602125168,51.226333618],[5.608764172,51.227153778],[5.609313011,51.227222443],[5.626573086,51.230789185],[5.630962849,51.250534058],[5.630973816,51.250747681],[5.632492065,51.274768829],[5.651269913,51.291797638],[5.659936905,51.298965454],[5.660231113,51.299224854],[5.680178165,51.316883087],[5.709010124,51.322212219],[5.709346771,51.322280884],[5.721301079,51.324733734],[5.721986771,51.324874878],[5.753668785,51.33108139],[5.767385006,51.333602905],[5.768136978,51.333740234],[5.778234005,51.335510254],[5.783143044,51.336433411],[5.848941803,51.348762512],[5.864092827,51.351406097],[5.876732826,51.353607178],[5.879251957,51.354045868],[5.882143974,51.354934692],[5.886484146,51.356712341],[5.88661623,51.356788635],[5.902425766,51.365631104],[5.902934074,51.365943909],[5.903878212,51.366523743],[5.927949905,51.379550934],[5.929855824,51.380580902],[5.940124989,51.386131287],[5.928763866,51.399600983],[5.911605835,51.418560028],[5.883237839,51.447162628],[5.883009911,51.447395325],[5.88301897,51.448291779],[5.880164146,51.451892853],[5.868984222,51.493225098],[5.860422134,51.505821228],[5.859034061,51.512111664],[5.85896492,51.512454987],[5.856266975,51.526481628],[5.85623312,51.526622772],[5.846496105,51.567806244],[5.878316879,51.564109802],[5.899497032,51.561401367],[5.900010109,51.561336517],[5.914404869,51.553203583],[5.925542831,51.554023743],[5.92599678,51.554058075],[5.943375111,51.554885864],[5.959338188,51.558410645],[5.959760189,51.558490753],[5.982553959,51.562797546],[5.982915878,51.562889099],[5.9995718,51.56710434],[5.99998188,51.567207336],[6.011295795,51.571517944],[6.011619091,51.571643829],[6.013069153,51.5716362],[6.013739109,51.571308136],[6.0201478,51.56816864],[6.026021004,51.565292358],[6.04034996,51.55355072],[6.041842937,51.557136536],[6.049095154,51.557994843],[6.056356907,51.559757233],[6.049189091,51.565177917],[6.047787189,51.568775177],[6.046408176,51.574169159],[6.047927856,51.579547882],[6.047933102,51.579902649],[6.047998905,51.584934235],[6.04238081,51.591140747],[6.042284966,51.591243744],[6.03511095,51.596664429],[6.034992218,51.596969604],[6.032304764,51.603862762],[6.032427788,51.613483429],[6.032430172,51.613735199],[6.032475948,51.617324829],[6.03107214,51.620922089],[6.028206825,51.623630524],[6.016732216,51.630844116],[6.013049126,51.633159637],[6.012381077,51.633579254],[6.006626129,51.637195587],[6.006348133,51.637302399],[5.984967232,51.645374298],[5.980679989,51.647171021],[5.976326942,51.650798798],[5.973466873,51.654399872],[5.972128868,51.664344788],[5.972178936,51.66866684],[5.972178936,51.668769836],[5.972271919,51.676849365],[5.97096014,51.682834625],[5.970890999,51.683135986],[5.969482899,51.686733246],[5.969484806,51.687076569],[5.969501019,51.688411713],[5.969502926,51.688529968],[5.963837147,51.701122284],[5.963946819,51.71099472],[5.959609985,51.712810516],[5.955272198,51.714622498],[5.954903126,51.714698792],[5.942226887,51.71736908],[5.927709103,51.718326569],[5.913199902,51.720176697],[5.900286198,51.723781586],[5.894371986,51.726531982],[5.892944813,51.729228973],[5.891536236,51.736484528],[5.891266823,51.737224579],[5.888279915,51.745441437],[5.887355804,51.74798584],[5.887312889,51.748100281],[5.884448051,51.752597809],[5.878785133,51.756137848],[5.878665924,51.756210327],[5.878406048,51.756332397],[5.872875214,51.758922577],[5.873045921,51.759231567],[5.874355793,51.761611938],[5.87451601,51.761756897],[5.877289772,51.764293671],[5.874422073,51.768791199],[5.874426842,51.769317627],[5.874473095,51.774177551],[5.875951767,51.776866913],[5.876635075,51.776863098],[5.87740612,51.776859283],[5.894888878,51.779491425],[5.900456905,51.778423309]]]]},"properties":{"name":"Limburg","mapcolor":7,"cartodb_id":7}},{"type":"Feature","geometry":{"type":"MultiPolygon","coordinates":[[[[5.542420864,51.817058563],[5.545804977,51.817054749],[5.551632881,51.817951202],[5.554547787,51.81974411],[5.557219028,51.82384491],[5.557469845,51.824230194],[5.558672905,51.825706482],[5.558930874,51.826023102],[5.563303947,51.82781601],[5.573358059,51.828689575],[5.57350111,51.828704834],[5.583185196,51.82869339],[5.583695889,51.82869339],[5.59535408,51.830474854],[5.604084969,51.828670502],[5.61281395,51.825965881],[5.624444008,51.82056427],[5.633183002,51.820552826],[5.633912086,51.820552826],[5.64337492,51.820537567],[5.648965836,51.817939758],[5.649188995,51.817836761],[5.653540134,51.814239502],[5.65362215,51.814033508],[5.656421185,51.807052612],[5.660767078,51.802558899],[5.661046982,51.802322388],[5.669466972,51.795360565],[5.6697402,51.795276642],[5.675278187,51.793556213],[5.681098938,51.793544769],[5.682125092,51.793464661],[5.692737103,51.792625427],[5.699853897,51.789970398],[5.699997902,51.789916992],[5.702889919,51.786319733],[5.708674908,51.780025482],[5.713023186,51.777324677],[5.718836784,51.776412964],[5.72901392,51.775493622],[5.736277103,51.773681641],[5.738863945,51.77287674],[5.739181042,51.772777557],[5.743446827,51.770122528],[5.747753143,51.76391983],[5.747848034,51.763778687],[5.752188206,51.760177612],[5.75242281,51.760089874],[5.759298801,51.757518768],[5.759439945,51.757469177],[5.766692162,51.754756927],[5.766953945,51.754707336],[5.776813984,51.752941132],[5.787035942,51.752906799],[5.797225952,51.754673004],[5.817243099,51.757259369],[5.817604065,51.757305145],[5.82904911,51.758155823],[5.82924509,51.758167267],[5.849618912,51.759899139],[5.85030508,51.75994873],[5.86125803,51.760757446],[5.872875214,51.758922577],[5.878406048,51.756332397],[5.878665924,51.756210327],[5.878785133,51.756137848],[5.884448051,51.752597809],[5.887312889,51.748100281],[5.887355804,51.74798584],[5.888279915,51.745441437],[5.891266823,51.737224579],[5.891536236,51.736484528],[5.892944813,51.729228973],[5.894371986,51.726531982],[5.900286198,51.723781586],[5.913199902,51.720176697],[5.927709103,51.718326569],[5.942226887,51.71736908],[5.954903126,51.714698792],[5.955272198,51.714622498],[5.959609985,51.712810516],[5.963946819,51.71099472],[5.963837147,51.701122284],[5.969502926,51.688529968],[5.969501019,51.688411713],[5.969484806,51.687076569],[5.969482899,51.686733246],[5.970890999,51.683135986],[5.97096014,51.682834625],[5.972271919,51.676849365],[5.972178936,51.668769836],[5.972178936,51.66866684],[5.972128868,51.664344788],[5.973466873,51.654399872],[5.976326942,51.650798798],[5.980679989,51.647171021],[5.984967232,51.645374298],[6.006348133,51.637302399],[6.006626129,51.637195587],[6.012381077,51.633579254],[6.013049126,51.633159637],[6.016732216,51.630844116],[6.028206825,51.623630524],[6.03107214,51.620922089],[6.032475948,51.617324829],[6.032430172,51.613735199],[6.032427788,51.613483429],[6.032304764,51.603862762],[6.034992218,51.596969604],[6.03511095,51.596664429],[6.042284966,51.591243744],[6.04238081,51.591140747],[6.047998905,51.584934235],[6.047933102,51.579902649],[6.047927856,51.579547882],[6.046408176,51.574169159],[6.047787189,51.568775177],[6.049189091,51.565177917],[6.056356907,51.559757233],[6.049095154,51.557994843],[6.041842937,51.557136536],[6.04034996,51.55355072],[6.026021004,51.565292358],[6.0201478,51.56816864],[6.013739109,51.571308136],[6.013069153,51.5716362],[6.011619091,51.571643829],[6.011295795,51.571517944],[5.99998188,51.567207336],[5.9995718,51.56710434],[5.982915878,51.562889099],[5.982553959,51.562797546],[5.959760189,51.558490753],[5.959338188,51.558410645],[5.943375111,51.554885864],[5.92599678,51.554058075],[5.925542831,51.554023743],[5.914404869,51.553203583],[5.900010109,51.561336517],[5.899497032,51.561401367],[5.878316879,51.564109802],[5.846496105,51.567806244],[5.85623312,51.526622772],[5.856266975,51.526481628],[5.85896492,51.512454987],[5.859034061,51.512111664],[5.860422134,51.505821228],[5.868984222,51.493225098],[5.880164146,51.451892853],[5.88301897,51.448291779],[5.883009911,51.447395325],[5.883237839,51.447162628],[5.911605835,51.418560028],[5.928763866,51.399600983],[5.940124989,51.386131287],[5.929855824,51.380580902],[5.927949905,51.379550934],[5.903878212,51.366523743],[5.902934074,51.365943909],[5.902425766,51.365631104],[5.88661623,51.356788635],[5.886484146,51.356712341],[5.882143974,51.354934692],[5.879251957,51.354045868],[5.876732826,51.353607178],[5.864092827,51.351406097],[5.848941803,51.348762512],[5.783143044,51.336433411],[5.778234005,51.335510254],[5.768136978,51.333740234],[5.767385006,51.333602905],[5.753668785,51.33108139],[5.721986771,51.324874878],[5.721301079,51.324733734],[5.709346771,51.322280884],[5.709010124,51.322212219],[5.680178165,51.316883087],[5.660231113,51.299224854],[5.659936905,51.298965454],[5.651269913,51.291797638],[5.632492065,51.274768829],[5.630973816,51.250747681],[5.630962849,51.250534058],[5.626573086,51.230789185],[5.609313011,51.227222443],[5.608764172,51.227153778],[5.602125168,51.226333618],[5.602127075,51.227230072],[5.573370934,51.222774506],[5.574313164,51.22252655],[5.570586205,51.22145462],[5.56027317,51.228843689],[5.560138702,51.229419708],[5.551477909,51.266536713],[5.516355991,51.290645599],[5.512876034,51.2930336],[5.503050804,51.295787811],[5.499792099,51.296703339],[5.496086121,51.297740936],[5.494390011,51.297649384],[5.49067688,51.297447205],[5.489470005,51.297382355],[5.485630989,51.293083191],[5.483066559,51.290431976],[5.480690002,51.287975311],[5.469702244,51.284130096],[5.468880177,51.283843994],[5.456861973,51.282131195],[5.455068588,51.281475067],[5.447806835,51.278816223],[5.4416008,51.273891449],[5.432981014,51.271289825],[5.428610325,51.266841888],[5.428040028,51.266262054],[5.424253941,51.263626099],[5.420667171,51.261127472],[5.411267281,51.262886047],[5.359237671,51.272609711],[5.357642174,51.272907257],[5.35711956,51.272705078],[5.34907198,51.269607544],[5.346053123,51.268444061],[5.337016106,51.264949799],[5.33409214,51.263820648],[5.321098328,51.263999939],[5.31273222,51.264118195],[5.294117928,51.264377594],[5.279383183,51.264583588],[5.264883041,51.266914368],[5.247208118,51.263046265],[5.241021156,51.261692047],[5.240907192,51.261730194],[5.240515232,51.261852264],[5.239571095,51.262336731],[5.230206013,51.267139435],[5.228401184,51.273132324],[5.237619877,51.287895203],[5.245514393,51.304763794],[5.245742798,51.305252075],[5.245260239,51.305549622],[5.23460722,51.31211853],[5.233023167,51.313095093],[5.221180916,51.318443298],[5.215777397,51.320888519],[5.209953785,51.323524475],[5.208200932,51.32321167],[5.203896046,51.322444916],[5.198300838,51.321445465],[5.181334972,51.32062149],[5.177507877,51.318603516],[5.151657581,51.31665802],[5.144168854,51.316093445],[5.143866062,51.316070557],[5.143317223,51.316028595],[5.136709213,51.315532684],[5.122406006,51.36013031],[5.119894028,51.362018585],[5.082037926,51.390460968],[5.076314926,51.394760132],[5.076095104,51.394924164],[5.075816154,51.395133972],[5.076618195,51.40473175],[5.097507954,51.428527832],[5.097351074,51.429710388],[5.094810009,51.448932648],[5.083583355,51.464839935],[5.082108021,51.466930389],[5.081035137,51.467090607],[5.053331852,51.471183777],[5.051019192,51.4715271],[5.042346478,51.480251312],[5.037237167,51.485389709],[5.030676365,51.481548309],[5.030433178,51.481407166],[5.022393227,51.475708008],[5.020524025,51.473655701],[5.017857075,51.470733643],[5.017018318,51.468864441],[5.014924049,51.464195251],[5.015875816,51.46169281],[5.016713142,51.45949173],[5.016748905,51.458866119],[5.016974926,51.455135345],[5.013113976,51.450469971],[5.010867119,51.44480896],[5.006558895,51.439102173],[4.994431973,51.433403015],[4.983663082,51.426940918],[4.970952034,51.420040131],[4.960960865,51.413646698],[4.952544212,51.407623291],[4.945034027,51.401901245],[4.94225359,51.400535583],[4.936068058,51.397499084],[4.934146881,51.397644043],[4.927514076,51.398143768],[4.927384853,51.398155212],[4.926303864,51.399093628],[4.925730228,51.39862442],[4.923652172,51.399486542],[4.920136452,51.400943756],[4.91685009,51.402305603],[4.914186001,51.403411865],[4.914028645,51.403476715],[4.887198925,51.414600372],[4.88472414,51.415626526],[4.883937359,51.415531158],[4.875154018,51.414463043],[4.86936903,51.413761139],[4.861847878,51.412849426],[4.854362488,51.411941528],[4.832930088,51.40933609],[4.813117981,51.409404755],[4.797492027,51.40945816],[4.793980122,51.410469055],[4.791244984,51.411254883],[4.782611847,51.41544342],[4.778018951,51.42099762],[4.776979923,51.422954559],[4.77602911,51.424743652],[4.773284912,51.428894043],[4.777415752,51.429885864],[4.786021233,51.431949615],[4.792873859,51.430095673],[4.796536922,51.429103851],[4.801196098,51.427745819],[4.810695171,51.425548553],[4.819172859,51.424732208],[4.826198101,51.424137115],[4.829008102,51.42389679],[4.83494997,51.422389984],[4.833908081,51.425521851],[4.82922411,51.439624786],[4.831818104,51.44411087],[4.83650589,51.452213287],[4.839922905,51.458122253],[4.839857101,51.45923996],[4.839571476,51.464031219],[4.838942051,51.474597931],[4.838630199,51.479827881],[4.83695507,51.480686188],[4.833455086,51.48248291],[4.832952023,51.48274231],[4.822539806,51.4880867],[4.80492878,51.497127533],[4.796411991,51.499355316],[4.786755085,51.501880646],[4.779335976,51.503822327],[4.765800953,51.500720978],[4.763122082,51.500095367],[4.753356934,51.497806549],[4.75214386,51.497524261],[4.738962173,51.488052368],[4.737729549,51.487167358],[4.73692894,51.486591339],[4.736810207,51.486450195],[4.732659817,51.481529236],[4.729576111,51.47650528],[4.728312969,51.474449158],[4.723608971,51.470191956],[4.719349861,51.467453003],[4.712071896,51.465816498],[4.707461834,51.455844879],[4.692807198,51.450401306],[4.67876482,51.444454193],[4.677420139,51.437969208],[4.67897892,51.43069458],[4.67900753,51.429569244],[4.679113865,51.425388336],[4.667531013,51.426738739],[4.665316105,51.426998138],[4.662837982,51.427265167],[4.66205883,51.425945282],[4.661338806,51.424728394],[4.654842854,51.425445557],[4.654178143,51.424781799],[4.650459766,51.424137115],[4.647445202,51.423614502],[4.640648842,51.423976898],[4.632566929,51.426769257],[4.628136158,51.42698288],[4.614250183,51.427650452],[4.596758842,51.429805756],[4.590851784,51.431396484],[4.565234184,51.427692413],[4.538906097,51.423885345],[4.53715086,51.423633575],[4.53613472,51.426986694],[4.530519009,51.445518494],[4.530361176,51.447059631],[4.531748295,51.449268341],[4.533472061,51.452014923],[4.537081242,51.455856323],[4.537196159,51.455978394],[4.53884697,51.457736969],[4.549488068,51.468090057],[4.551988125,51.472148895],[4.550446987,51.473644257],[4.54447794,51.479438782],[4.539906025,51.483078003],[4.537779808,51.484771729],[4.518927097,51.482917786],[4.517075539,51.482662201],[4.506813049,51.481254578],[4.505167961,51.48102951],[4.493284225,51.480144501],[4.489480972,51.480014801],[4.488633156,51.480091095],[4.485136986,51.480407715],[4.478610992,51.480998993],[4.466829777,51.476520538],[4.455018044,51.473735809],[4.44281292,51.471115112],[4.426202774,51.464378357],[4.415134907,51.460510254],[4.408965111,51.458827972],[4.408228874,51.458263397],[4.405134201,51.455898285],[4.405034065,51.455821991],[4.398817539,51.451068878],[4.398055077,51.450485229],[4.395366192,51.448429108],[4.39512682,51.445999146],[4.395058155,51.4453125],[4.393322468,51.427898407],[4.393164158,51.426307678],[4.393074989,51.425422668],[4.392259121,51.417228699],[4.395667076,51.411136627],[4.399555206,51.404178619],[4.399862766,51.403625488],[4.402651787,51.401638031],[4.424565792,51.38602829],[4.425487041,51.382915497],[4.427467823,51.376232147],[4.422663212,51.367835999],[4.421568871,51.367362976],[4.408495903,51.364112854],[4.396659851,51.360031128],[4.393173218,51.360134125],[4.387676716,51.360298157],[4.379878998,51.360527039],[4.366444111,51.361217499],[4.357072353,51.360984802],[4.356226444,51.360961914],[4.34642601,51.360717773],[4.337417126,51.381278992],[4.33730793,51.381278992],[4.281469345,51.38035202],[4.28068018,51.380340576],[4.279046059,51.380168915],[4.279007912,51.38010788],[4.278090954,51.378643036],[4.275817871,51.382019043],[4.275814056,51.382152557],[4.275771141,51.383815765],[4.270003796,51.383758545],[4.268467903,51.387332916],[4.269863129,51.389141083],[4.271002769,51.4008255],[4.264810085,51.416919708],[4.267601967,51.420539856],[4.277564049,51.426029205],[4.267086983,51.440284729],[4.261052132,51.450099945],[4.259561062,51.451881409],[4.260958195,51.453689575],[4.263845921,51.453720093],[4.266781807,51.451953888],[4.268271923,51.450172424],[4.275539875,51.448451996],[4.278335094,51.452072144],[4.281221867,51.452098846],[4.284111977,51.452129364],[4.286952019,51.453952789],[4.282272816,51.467372894],[4.282195091,51.470401764],[4.282182217,51.470962524],[4.275024891,51.470939636],[4.270542145,51.473247528],[4.261765003,51.477939606],[4.26089716,51.478973389],[4.260274887,51.479717255],[4.26167202,51.481529236],[4.252858162,51.486824036],[4.254351139,51.485046387],[4.248570919,51.484985352],[4.245680809,51.484954834],[4.238380909,51.487571716],[4.234057903,51.486671448],[4.2298069,51.483894348],[4.229859829,51.481956482],[4.228240967,51.489246368],[4.22807312,51.49464798],[4.228526115,51.495235443],[4.229469776,51.496456146],[4.232335091,51.497386932],[4.242478848,51.496593475],[4.243900776,51.497505188],[4.246768951,51.498432159],[4.251151085,51.496681213],[4.254090786,51.494918823],[4.251198769,51.494888306],[4.25267601,51.494003296],[4.255558968,51.494033813],[4.257701874,51.494728088],[4.258426189,51.494960785],[4.251056194,51.500274658],[4.24378109,51.501995087],[4.239468098,51.501052856],[4.242215157,51.506465912],[4.231997013,51.509952545],[4.227634907,51.510803223],[4.226212978,51.50989151],[4.226263046,51.508094788],[4.224865913,51.506286621],[4.223419189,51.506271362],[4.221803188,51.51253891],[4.223167896,51.513412476],[4.228717804,51.524280548],[4.22727108,51.524265289],[4.234021187,51.537567139],[4.234139919,51.53780365],[4.236865997,51.544116974],[4.238143921,51.550415039],[4.236553192,51.555786133],[4.230567932,51.562904358],[4.199522018,51.585918427],[4.195027828,51.591255188],[4.19195509,51.597507477],[4.191707134,51.606399536],[4.192892075,51.609657288],[4.193054199,51.610088348],[4.198626041,51.618228912],[4.205726147,51.623691559],[4.215748787,51.628284454],[4.238801003,51.633911133],[4.241747856,51.632148743],[4.248998165,51.632221222],[4.254446983,51.632278442],[4.254796028,51.632282257],[4.26057291,51.633239746],[4.266301155,51.635990143],[4.273505211,51.637859344],[4.289385796,51.640708923],[4.293736935,51.6407547],[4.296613216,51.641677856],[4.311024189,51.645412445],[4.318253994,51.646381378],[4.319703102,51.646392822],[4.32550621,51.646450043],[4.325529099,51.645553589],[4.335702896,51.644752502],[4.341483116,51.645706177],[4.353020191,51.648506165],[4.363063812,51.653087616],[4.370209217,51.657642365],[4.371681213,51.656761169],[4.379039764,51.652339935],[4.379020214,51.653236389],[4.376010895,51.657699585],[4.37887001,51.659519196],[4.387363911,51.668575287],[4.389356136,51.669212341],[4.390244961,51.669498444],[4.39440918,51.677616119],[4.395775795,51.681217194],[4.400910854,51.683944702],[4.412985802,51.690349579],[4.427360058,51.696762085],[4.431008816,51.696792603],[4.437931061,51.696853638],[4.44188118,51.69688797],[4.44705677,51.695343018],[4.447729111,51.695140839],[4.453598022,51.692497253],[4.4638381,51.688995361],[4.46529007,51.689006805],[4.471138,51.687259674],[4.49298811,51.683853149],[4.494440079,51.683864594],[4.495205879,51.683811188],[4.506072998,51.683059692],[4.506813049,51.683105469],[4.52202177,51.684085846],[4.526359081,51.685016632],[4.529190063,51.685626984],[4.535030842,51.686882019],[4.540820122,51.687824249],[4.548250198,51.688930511],[4.572670937,51.692558289],[4.580243111,51.676456451],[4.584598064,51.676486969],[4.577026844,51.692588806],[4.590058804,51.694480896],[4.597609997,51.679275513],[4.600494862,51.680194855],[4.595986843,51.688240051],[4.597423077,51.689151764],[4.607616901,51.687427521],[4.607601166,51.688327789],[4.595936775,51.690933228],[4.594398022,51.695411682],[4.604528904,51.697280884],[4.60883379,51.700004578],[4.610286236,51.700016022],[4.614864826,51.691051483],[4.615017891,51.691200256],[4.616246223,51.691978455],[4.617698193,51.691989899],[4.617510796,51.692394257],[4.613158226,51.701831818],[4.621951103,51.706600189],[4.623225212,51.707290649],[4.633326054,51.710952759],[4.649239063,51.714653015],[4.65069294,51.714664459],[4.655083179,51.712898254],[4.678236008,51.716171265],[4.688415051,51.717609406],[4.695649147,51.719451904],[4.696910858,51.719459534],[4.698310852,51.719467163],[4.701460838,51.719490051],[4.702508926,51.718852997],[4.702928066,51.718601227],[4.704380035,51.718608856],[4.704650879,51.718612671],[4.717455864,51.71869278],[4.734207153,51.722259521],[4.73483181,51.722393036],[4.743535995,51.723342896],[4.749348164,51.723377228],[4.752253056,51.723396301],[4.755158901,51.72341156],[4.765357971,51.721679688],[4.78579092,51.715511322],[4.801418781,51.712100983],[4.801822186,51.712013245],[4.803276062,51.712020874],[4.803287983,51.71112442],[4.822184086,51.710330963],[4.822432995,51.710178375],[4.823649883,51.709438324],[4.826556206,51.709453583],[4.82799387,51.710361481],[4.826517105,51.712146759],[4.833341122,51.712184906],[4.833779812,51.712188721],[4.841030121,51.713123322],[4.843900204,51.715831757],[4.839541912,51.715808868],[4.833755016,51.713981628],[4.827957153,51.713054657],[4.807594776,51.714736938],[4.795947075,51.716468811],[4.790110111,51.718231201],[4.782804966,51.720882416],[4.779885769,51.721763611],[4.766756058,51.725276947],[4.758010864,51.727020264],[4.744916916,51.727840424],[4.741996765,51.728721619],[4.736198902,51.727787018],[4.734761238,51.72687912],[4.71736908,51.724079132],[4.711571217,51.723144531],[4.705742836,51.724006653],[4.694106102,51.724826813],[4.688307762,51.723892212],[4.686840057,51.724781036],[4.695514202,51.727531433],[4.696966171,51.727539063],[4.701310158,51.728466034],[4.715693951,51.737533569],[4.725794792,51.742084503],[4.725780964,51.742984772],[4.73443079,51.747524261],[4.738762856,51.749347687],[4.740176201,51.752048492],[4.744479179,51.755664825],[4.750255108,51.758392334],[4.754532814,51.763805389],[4.754505157,51.765602112],[4.755860806,51.771892548],[4.761437893,51.780742645],[4.76154089,51.780902863],[4.762983799,51.78181076],[4.774499893,51.789955139],[4.786074162,51.794509888],[4.79652977,51.796508789],[4.800587177,51.797286987],[4.810760975,51.798240662],[4.820962906,51.797397614],[4.825302124,51.799217224],[4.839869976,51.798397064],[4.850043774,51.799346924],[4.863097191,51.803005219],[4.871170044,51.807220459],[4.871770859,51.807537079],[4.889126778,51.816596985],[4.890561104,51.818401337],[4.891040802,51.818576813],[4.907957077,51.824768066],[4.916673183,51.826602936],[4.917020798,51.826648712],[4.931215763,51.828464508],[4.939953804,51.828502655],[4.945907116,51.827617645],[4.963284969,51.825912476],[4.963949203,51.825798035],[4.973497868,51.824157715],[4.97734499,51.823383331],[4.977876186,51.82327652],[4.992457867,51.821540833],[5.005562782,51.821594238],[5.0084939,51.81980896],[5.009714127,51.819313049],[5.012804031,51.818061829],[5.014345169,51.817138672],[5.015750885,51.81211853],[5.015853882,51.811756134],[5.01594305,51.810810089],[5.020255089,51.808181763],[5.02692318,51.805747986],[5.027558804,51.805519104],[5.042984962,51.801261902],[5.043613911,51.801086426],[5.052370071,51.798423767],[5.052672863,51.798240662],[5.056738853,51.795761108],[5.06264019,51.790351868],[5.064114094,51.78679657],[5.069972038,51.782325745],[5.072897911,51.780540466],[5.075816154,51.779651642],[5.076096058,51.779651642],[5.081634045,51.779670715],[5.085985184,51.781478882],[5.09032011,51.785083771],[5.095891953,51.787689209],[5.096117973,51.787796021],[5.099029064,51.78780365],[5.104848862,51.787822723],[5.113667011,51.784221649],[5.120914936,51.779792786],[5.121203899,51.779613495],[5.123260021,51.778358459],[5.123836994,51.778003693],[5.142780781,51.7735672],[5.144252777,51.770877838],[5.142933846,51.768398285],[5.142817974,51.768180847],[5.141388893,51.764587402],[5.141311169,51.764446259],[5.139953136,51.761890411],[5.141431808,51.758304596],[5.147265911,51.755626678],[5.14293623,51.75112915],[5.132791996,51.746612549],[5.132573128,51.746406555],[5.129901886,51.743911743],[5.131388187,51.739425659],[5.132849216,51.73853302],[5.135439873,51.738540649],[5.135755062,51.738540649],[5.148902893,51.741275787],[5.167703152,51.743114471],[5.168360233,51.743114471],[5.183693886,51.743152618],[5.184219837,51.743087769],[5.190967083,51.742271423],[5.199693203,51.741394043],[5.211317062,51.7423172],[5.21707201,51.743217468],[5.225845814,51.744140625],[5.236030102,51.742366791],[5.236349106,51.742206573],[5.250640869,51.735202789],[5.254255772,51.734466553],[5.254919052,51.734264374],[5.260766983,51.736125946],[5.26947403,51.739730835],[5.273935795,51.740634918],[5.288368225,51.740657806],[5.288702965,51.740589142],[5.301458836,51.737983704],[5.305819035,51.737991333],[5.30973196,51.739608765],[5.310173988,51.73979187],[5.326141834,51.746990204],[5.359560966,51.756000519],[5.362462044,51.75869751],[5.365364075,51.762290955],[5.366799831,51.769443512],[5.36823988,51.779346466],[5.372591019,51.78742981],[5.37277317,51.787769318],[5.374040127,51.790122986],[5.374623775,51.790714264],[5.390024185,51.806293488],[5.390399933,51.806564331],[5.398750782,51.812580109],[5.404603958,51.818012238],[5.406023979,51.819766998],[5.406144142,51.819839478],[5.411843777,51.823360443],[5.418410778,51.822551727],[5.419126034,51.822463989],[5.420582771,51.822463989],[5.42318821,51.819255829],[5.423498154,51.818874359],[5.429323196,51.814388275],[5.435149193,51.811698914],[5.445339203,51.81080246],[5.45553112,51.81080246],[5.455994129,51.810829163],[5.471543789,51.811698914],[5.471720219,51.811752319],[5.477369785,51.813495636],[5.482851028,51.817714691],[5.483197212,51.81798172],[5.487570763,51.826957703],[5.490486145,51.829650879],[5.496285915,51.831436157],[5.503595829,51.831439972],[5.510875225,51.828746796],[5.513785839,51.826950073],[5.521060944,51.821559906],[5.52251482,51.820659637],[5.535616875,51.8188591],[5.542420864,51.817058563]],[[4.961085796,51.453983307],[4.943729877,51.450443268],[4.939405918,51.451129913],[4.937366962,51.451454163],[4.930860043,51.450141907],[4.927896976,51.447704315],[4.9275527,51.443370819],[4.927507877,51.442806244],[4.927105904,51.437900543],[4.928979874,51.432239532],[4.937314987,51.429573059],[4.944553852,51.428916931],[4.94524622,51.428852081],[4.952054024,51.43120575],[4.951332092,51.434642792],[4.951035023,51.436058044],[4.951247215,51.439990997],[4.953164101,51.444541931],[4.960515976,51.44720459],[4.962913036,51.44764328],[4.967648029,51.448505402],[4.963096142,51.454395294],[4.961085796,51.453983307]]]]},"properties":{"name":"Noord-Brabant","mapcolor":8,"cartodb_id":8}},{"type":"Feature","geometry":{"type":"MultiPolygon","coordinates":[[[[5.000236988,52.349376678],[4.989849091,52.356517792],[4.988337994,52.360099792],[4.980930805,52.36366272],[4.982394218,52.364566803],[4.98831892,52.361896515],[4.98980093,52.361003876],[4.995687962,52.361927032],[5.007542133,52.355686188],[5.009025097,52.354797363],[5.01054287,52.350315094],[5.007596016,52.35030365],[5.000236988,52.349376678]]],[[[4.533054829,52.464305878],[4.533054829,52.463195801],[4.533610821,52.463195801],[4.533610821,52.461807251],[4.534167767,52.461807251],[4.534167767,52.460693359],[4.534720898,52.460693359],[4.534720898,52.460140228],[4.53527689,52.460140228],[4.53527689,52.459861755],[4.536389828,52.459861755],[4.536389828,52.45930481],[4.536943913,52.45930481],[4.536943913,52.459026337],[4.541944027,52.459026337],[4.541944027,52.45930481],[4.543610096,52.45930481],[4.543610096,52.459583282],[4.54472208,52.459583282],[4.54472208,52.459861755],[4.545832157,52.459861755],[4.545832157,52.460140228],[4.547500134,52.460140228],[4.547500134,52.460414886],[4.54861021,52.460414886],[4.54861021,52.460693359],[4.549167156,52.460693359],[4.549167156,52.460971832],[4.549723148,52.460971832],[4.549723148,52.461250305],[4.55027914,52.461250305],[4.55027914,52.461528778],[4.551389217,52.461528778],[4.551389217,52.461807251],[4.553610802,52.461807251],[4.553610802,52.462081909],[4.554166794,52.462081909],[4.554166794,52.462360382],[4.554722786,52.462360382],[4.554722786,52.462638855],[4.555276871,52.462638855],[4.555276871,52.462360382],[4.555832863,52.462360382],[4.555832863,52.462081909],[4.556388855,52.462081909],[4.556388855,52.461807251],[4.556944847,52.461807251],[4.556944847,52.461528778],[4.557498932,52.461528778],[4.557498932,52.461250305],[4.558054924,52.461250305],[4.558054924,52.460971832],[4.558610916,52.460971832],[4.558610916,52.460414886],[4.559166908,52.460414886],[4.559166908,52.458473206],[4.5597229,52.458473206],[4.5597229,52.45791626],[4.560276985,52.45791626],[4.560276985,52.457637787],[4.562499046,52.457637787],[4.562499046,52.45791626],[4.564722061,52.45791626],[4.564722061,52.458194733],[4.565278053,52.458194733],[4.565278053,52.456806183],[4.563055992,52.456806183],[4.563055992,52.45652771],[4.562499046,52.45652771],[4.562499046,52.456249237],[4.561943054,52.456249237],[4.561943054,52.455970764],[4.559166908,52.455970764],[4.559166908,52.456249237],[4.558610916,52.456249237],[4.558610916,52.456806183],[4.558054924,52.456806183],[4.558054924,52.457359314],[4.557498932,52.457359314],[4.557498932,52.458194733],[4.557149887,52.458194733],[4.556944847,52.458194733],[4.556901932,52.458629608],[4.556890965,52.458751678],[4.556388855,52.458751678],[4.556388855,52.459815979],[4.556388855,52.460971832],[4.5561409,52.460971832],[4.555832863,52.460971832],[4.555832863,52.461250305],[4.554722786,52.461250305],[4.554722786,52.460971832],[4.553610802,52.460971832],[4.553610802,52.460693359],[4.55305481,52.460693359],[4.55305481,52.460414886],[4.550833225,52.460414886],[4.550833225,52.460140228],[4.55027914,52.460140228],[4.55027914,52.459861755],[4.549723148,52.459861755],[4.549723148,52.459583282],[4.548057079,52.459583282],[4.548057079,52.45930481],[4.546944141,52.45930481],[4.546944141,52.459026337],[4.545278072,52.459026337],[4.545278072,52.458751678],[4.543610096,52.458751678],[4.543610096,52.458473206],[4.543056011,52.458473206],[4.543056011,52.458194733],[4.542500019,52.458194733],[4.542500019,52.45791626],[4.541389942,52.45791626],[4.541389942,52.457637787],[4.536943913,52.457637787],[4.536943913,52.45791626],[4.536389828,52.45791626],[4.536389828,52.458194733],[4.535833836,52.458194733],[4.535833836,52.458751678],[4.53527689,52.458751678],[4.53527689,52.459026337],[4.533610821,52.459026337],[4.533610821,52.45930481],[4.534167767,52.45930481],[4.534167767,52.460414886],[4.533610821,52.460414886],[4.533610821,52.460693359],[4.533054829,52.460693359],[4.533054829,52.460971832],[4.532498837,52.460971832],[4.532498837,52.462081909],[4.531945229,52.462081909],[4.531945229,52.463748932],[4.531389236,52.463748932],[4.531389236,52.464305878],[4.533054829,52.464305878]]],[[[4.57750082,52.463748932],[4.571944237,52.463748932],[4.571944237,52.464305878],[4.572500229,52.464305878],[4.572500229,52.464584351],[4.573053837,52.464584351],[4.573056221,52.464862823],[4.573609829,52.464862823],[4.573609829,52.465137482],[4.574721813,52.465137482],[4.574721813,52.465415955],[4.57583189,52.465415955],[4.57583189,52.465694427],[4.576388836,52.465694427],[4.576388836,52.4659729],[4.57750082,52.4659729],[4.57750082,52.466251373],[4.578610897,52.466251373],[4.578610897,52.466526031],[4.579722881,52.466526031],[4.579722881,52.465694427],[4.579166889,52.465694427],[4.579166889,52.465137482],[4.578610897,52.465137482],[4.578610897,52.464027405],[4.57750082,52.464027405],[4.57750082,52.463748932]]],[[[4.600277901,52.469028473],[4.600277901,52.46875],[4.601387978,52.46875],[4.601387978,52.468471527],[4.60194397,52.468471527],[4.60194397,52.468193054],[4.601387978,52.468193054],[4.601387978,52.467918396],[4.598611832,52.467918396],[4.598609924,52.467639923],[4.59805584,52.467639923],[4.59805584,52.46736145],[4.595277786,52.46736145],[4.595277786,52.467639923],[4.594721794,52.467639923],[4.594721794,52.468193054],[4.594165802,52.468193054],[4.594165802,52.46875],[4.596943855,52.46875],[4.596943855,52.469028473],[4.59805584,52.469028473],[4.59805584,52.46875],[4.599165916,52.46875],[4.599165916,52.469028473],[4.600277901,52.469028473]]],[[[5.117268085,52.461967468],[5.123182774,52.461086273],[5.136466026,52.462921143],[5.13942194,52.462928772],[5.140902996,52.462032318],[5.142394066,52.460243225],[5.138031006,52.459568024],[5.136490822,52.459327698],[5.130597115,52.457519531],[5.126177788,52.455711365],[5.114376068,52.45388031],[5.109972954,52.450279236],[5.104064941,52.450260162],[5.098172188,52.448448181],[5.096757889,52.450145721],[5.096681118,52.450237274],[5.096673965,52.451137543],[5.103994846,52.459236145],[5.105451107,52.461933136],[5.106892109,52.466426849],[5.097855091,52.487941742],[5.106877804,52.468219757],[5.115777969,52.463760376],[5.117268085,52.461967468]]],[[[5.000236988,52.349376678],[5.001739025,52.346691132],[5.004713058,52.344009399],[5.009141922,52.343128204],[5.016499043,52.344051361],[5.017972946,52.34405899],[5.022357941,52.347663879],[5.029715061,52.348590851],[5.032670975,52.347702026],[5.038599968,52.344135284],[5.037158966,52.340538025],[5.029810905,52.338718414],[5.029827118,52.336921692],[5.031292915,52.337825775],[5.032798767,52.33423996],[5.035752773,52.333351135],[5.0401721,52.333366394],[5.040131092,52.337856293],[5.047520161,52.335189819],[5.048231125,52.335353851],[5.059279919,52.337921143],[5.07088089,52.336196899],[5.071082115,52.336166382],[5.072474003,52.336597443],[5.074019909,52.33707428],[5.081363201,52.339790344],[5.097574234,52.338943481],[5.110888958,52.331802368],[5.1133461,52.330814362],[5.115320206,52.330020905],[5.127110004,52.329154968],[5.133026123,52.325580597],[5.135960102,52.327384949],[5.137432098,52.327388763],[5.140389919,52.325603485],[5.141862869,52.3256073],[5.141869068,52.324707031],[5.147809029,52.31754303],[5.155158997,52.312213898],[5.165554047,52.305919647],[5.170077801,52.305019379],[5.177341938,52.304153442],[5.186169147,52.305072784],[5.187633991,52.305973053],[5.187630177,52.306869507],[5.196452141,52.308685303],[5.21152401,52.309818268],[5.233242035,52.311454773],[5.237658978,52.311462402],[5.250860214,52.311485291],[5.253833771,52.315979004],[5.258283138,52.308807373],[5.261216164,52.307029724],[5.267126083,52.306129456],[5.26859808,52.306129456],[5.269161224,52.306034088],[5.278909206,52.304351807],[5.283397198,52.301647186],[5.286284924,52.300773621],[5.286569118,52.300643921],[5.292181015,52.298088074],[5.296601772,52.296298981],[5.302484989,52.298103333],[5.311299801,52.302600861],[5.312766075,52.304397583],[5.312764168,52.305297852],[5.32160902,52.300819397],[5.317193985,52.300815582],[5.308372021,52.298110962],[5.302497864,52.293613434],[5.30103302,52.291816711],[5.299567223,52.290019989],[5.301049232,52.287330627],[5.31137991,52.277469635],[5.293601036,52.279254913],[5.285496235,52.280067444],[5.284890175,52.280124664],[5.280707836,52.280971527],[5.280473232,52.281017303],[5.270171165,52.281898499],[5.270069122,52.281768799],[5.249692917,52.255832672],[5.249560833,52.255752563],[5.248225212,52.254932404],[5.248228073,52.254817963],[5.24823904,52.252243042],[5.248132229,52.252124786],[5.242444992,52.246009827],[5.236548901,52.236961365],[5.236431122,52.236801147],[5.227790833,52.225273132],[5.229260921,52.225276947],[5.22344923,52.21269989],[5.220551968,52.204616547],[5.197206974,52.177639008],[5.196760178,52.17766571],[5.183859825,52.178504944],[5.17871809,52.1784935],[5.17812109,52.1784935],[5.171035767,52.179340363],[5.17077589,52.17937088],[5.128194809,52.181056976],[5.127091885,52.180938721],[5.119392872,52.18013382],[5.081415176,52.172859192],[5.050532818,52.165554047],[5.045966148,52.183490753],[5.045245171,52.183559418],[5.037149906,52.184356689],[5.038592815,52.18705368],[5.041454792,52.195140839],[5.041429996,52.197834015],[5.034080029,52.198707581],[5.026701927,52.202270508],[5.02670002,52.202529907],[5.026692867,52.203166962],[5.026683807,52.20406723],[5.029622078,52.20407486],[5.0399189,52.202316284],[5.041364193,52.20501709],[5.039853096,52.209499359],[5.036914825,52.209487915],[5.038351059,52.213085175],[5.041189194,52.224777222],[5.044068813,52.23015976],[5.044301987,52.230232239],[5.046724796,52.230979919],[5.061657906,52.235603333],[5.060213089,52.236476898],[5.049827099,52.2436409],[5.049776077,52.249027252],[5.046776772,52.256187439],[5.044195175,52.256187439],[5.043829918,52.256187439],[5.039452076,52.25258255],[5.036496162,52.254367828],[5.03499794,52.257053375],[5.027517796,52.270492554],[5.027500153,52.272312164],[5.027493,52.27318573],[5.0333848,52.27230835],[5.03630209,52.275009155],[5.04186821,52.276733398],[5.042169094,52.276824951],[5.046574116,52.277740479],[5.051978111,52.276935577],[5.052474976,52.276889801],[5.053896904,52.281356812],[5.062692165,52.284976959],[5.065635204,52.284984589],[5.067139149,52.281398773],[5.070081234,52.281410217],[5.068579197,52.284996033],[5.062654018,52.289463043],[5.05384016,52.287639618],[5.046533108,52.282226562],[5.042102814,52.284008026],[5.033240795,52.287567139],[5.027416229,52.281261444],[5.02592802,52.283050537],[5.025735855,52.302799225],[5.018367767,52.303668976],[5.017633915,52.303665161],[5.015425205,52.303657532],[5.01169014,52.301353455],[5.011035919,52.300949097],[5.006646156,52.298240662],[5.00520277,52.295539856],[5.005228043,52.29284668],[5.000850201,52.289241791],[4.987598896,52.290084839],[4.985835075,52.289131165],[4.975893974,52.283756256],[4.975686073,52.283626556],[4.972988129,52.281959534],[4.971529007,52.279251099],[4.970620155,52.279136658],[4.964182854,52.278320313],[4.95829916,52.278297424],[4.946528912,52.278247833],[4.937673092,52.280902863],[4.929160118,52.279998779],[4.928854942,52.279964447],[4.930419922,52.271892548],[4.931906223,52.270088196],[4.930679798,52.267791748],[4.930472851,52.267406464],[4.927565098,52.264698029],[4.921724796,52.261081696],[4.921757221,52.258388519],[4.920308113,52.256587982],[4.914468765,52.252971649],[4.911529064,52.25295639],[4.905648232,52.252929688],[4.901258945,52.251113892],[4.895356178,52.252883911],[4.885054111,52.253730774],[4.880652905,52.252811432],[4.877736092,52.251003265],[4.877411842,52.251132965],[4.873302937,52.2527771],[4.871856213,52.250972748],[4.860143185,52.247322083],[4.859414101,52.246417999],[4.858695984,52.245521545],[4.857274055,52.241924286],[4.854333878,52.241909027],[4.85435915,52.240112305],[4.845600128,52.235580444],[4.841204166,52.234661102],[4.839746952,52.233753204],[4.839366913,52.233577728],[4.834031105,52.231090546],[4.833906174,52.231033325],[4.831374168,52.230239868],[4.83097887,52.230117798],[4.822070122,52.228252411],[4.821702957,52.228347778],[4.82153511,52.22813797],[4.817791939,52.227355957],[4.817200184,52.22726059],[4.811927795,52.226425171],[4.804580212,52.226387024],[4.797234058,52.226345062],[4.788391113,52.228088379],[4.783984184,52.228065491],[4.779586792,52.227142334],[4.778160095,52.224441528],[4.774232864,52.222808838],[4.773779869,52.222621918],[4.765032768,52.218082428],[4.756233215,52.217132568],[4.745993137,52.214378357],[4.737308979,52.206249237],[4.728408813,52.211578369],[4.727492809,52.212936401],[4.725398064,52.216049194],[4.726602077,52.232212067],[4.705997944,52.233879089],[4.698681831,52.232036591],[4.688488007,52.226585388],[4.68588686,52.225772858],[4.685564041,52.225669861],[4.679687977,52.225631714],[4.672246933,52.230968475],[4.670477867,52.229496002],[4.668126106,52.227535248],[4.667900085,52.227348328],[4.660586834,52.225505829],[4.649347782,52.221107483],[4.648912907,52.220935822],[4.645990849,52.220020294],[4.641614914,52.218193054],[4.641429901,52.218147278],[4.634304047,52.216346741],[4.629021168,52.215503693],[4.628444195,52.215408325],[4.624645233,52.214916229],[4.621117115,52.21446228],[4.620615005,52.214458466],[4.604957104,52.214344025],[4.600533962,52.215209961],[4.600184917,52.215293884],[4.585773945,52.21869278],[4.576352119,52.216972351],[4.575527191,52.216823578],[4.573919773,52.216827393],[4.558435917,52.21868515],[4.556321144,52.222064972],[4.551824093,52.226520538],[4.5561409,52.231040955],[4.557497025,52.231887817],[4.563460827,52.232898712],[4.564904213,52.233798981],[4.567554951,52.241523743],[4.567681789,52.241897583],[4.57042408,52.249889374],[4.570459843,52.25],[4.571734905,52.259880066],[4.570161819,52.266067505],[4.570105076,52.267948151],[4.574462891,52.270675659],[4.585655212,52.277667999],[4.586089134,52.277942657],[4.590466976,52.279769897],[4.593924046,52.285453796],[4.595652103,52.288288116],[4.597598076,52.291488647],[4.600292206,52.29750824],[4.600419998,52.297794342],[4.604625225,52.303073883],[4.604732037,52.303211212],[4.61341095,52.311351776],[4.613377094,52.313144684],[4.601530075,52.316650391],[4.601188183,52.316673279],[4.59233284,52.317207336],[4.588263035,52.317451477],[4.587996006,52.317531586],[4.585299969,52.318328857],[4.575064182,52.314662933],[4.570957184,52.316287994],[4.570611,52.316425323],[4.56486702,52.309200287],[4.548583031,52.313564301],[4.545619965,52.314441681],[4.506813049,52.324512482],[4.495886803,52.327346802],[4.494165897,52.327655792],[4.494165897,52.327915192],[4.494722843,52.327915192],[4.494722843,52.328472137],[4.495278835,52.328472137],[4.495278835,52.329029083],[4.495831966,52.329029083],[4.495831966,52.330696106],[4.496388912,52.330696106],[4.496388912,52.331249237],[4.496944904,52.331249237],[4.496944904,52.332359314],[4.497500896,52.332359314],[4.497500896,52.333194733],[4.498054981,52.333194733],[4.498054981,52.33430481],[4.498610973,52.33430481],[4.498610973,52.334861755],[4.499166965,52.334861755],[4.499166965,52.335414886],[4.499722958,52.335414886],[4.499722958,52.337081909],[4.50027895,52.337081909],[4.50027895,52.337638855],[4.500833035,52.337638855],[4.500833035,52.338470459],[4.501389027,52.338470459],[4.501389027,52.339584351],[4.501945019,52.339584351],[4.501945019,52.340415955],[4.502499104,52.340415955],[4.502499104,52.3409729],[4.503055096,52.3409729],[4.503055096,52.341804504],[4.503611088,52.341804504],[4.503611088,52.343193054],[4.50416708,52.343193054],[4.50416708,52.344306946],[4.504721165,52.344306946],[4.504721165,52.34513855],[4.505277157,52.34513855],[4.505277157,52.345695496],[4.505833149,52.345695496],[4.505833149,52.346248627],[4.506389141,52.346248627],[4.506389141,52.346805573],[4.506813049,52.346805573],[4.506946087,52.346805573],[4.506946087,52.347637177],[4.507499218,52.347637177],[4.507499218,52.348472595],[4.50805521,52.348472595],[4.50805521,52.349304199],[4.508612156,52.349304199],[4.508612156,52.349861145],[4.509168148,52.349861145],[4.509168148,52.350692749],[4.509722233,52.350692749],[4.509722233,52.351806641],[4.510278225,52.351806641],[4.510278225,52.352638245],[4.510834217,52.352638245],[4.510834217,52.35319519],[4.511390209,52.35319519],[4.511390209,52.353748322],[4.511943817,52.353748322],[4.511943817,52.35458374],[4.512499809,52.35458374],[4.512499809,52.355415344],[4.513055801,52.355415344],[4.513055801,52.35597229],[4.513611794,52.35597229],[4.513611794,52.356529236],[4.514165878,52.356529236],[4.514165878,52.357639313],[4.51472187,52.357639313],[4.51472187,52.358470917],[4.515277863,52.358470917],[4.515277863,52.359027863],[4.515833855,52.359027863],[4.515833855,52.359584808],[4.516387939,52.359584808],[4.516387939,52.359706879],[4.516387939,52.360137939],[4.516673088,52.360137939],[4.516943932,52.360137939],[4.516943932,52.360553741],[4.516943932,52.360973358],[4.51722002,52.360973358],[4.517499924,52.360973358],[4.517499924,52.361400604],[4.517499924,52.361804962],[4.517765045,52.361804962],[4.518055916,52.361804962],[4.518055916,52.362247467],[4.518055916,52.362915039],[4.518494129,52.362915039],[4.518610001,52.362915039],[4.518610001,52.36309433],[4.518610001,52.364582062],[4.519165993,52.364582062],[4.519165993,52.365970612],[4.519721985,52.365970612],[4.519721985,52.366527557],[4.520277977,52.366527557],[4.520277977,52.367916107],[4.520834923,52.367916107],[4.520834923,52.368473053],[4.521388054,52.368473053],[4.521388054,52.370414734],[4.521945,52.370418549],[4.521945,52.371528625],[4.522500992,52.371528625],[4.522500992,52.372081757],[4.523054123,52.372081757],[4.523054123,52.372638702],[4.523611069,52.372638702],[4.523611069,52.373470306],[4.524167061,52.373474121],[4.524167061,52.374305725],[4.524723053,52.374305725],[4.524723053,52.374862671],[4.525277138,52.374862671],[4.525277138,52.375694275],[4.52583313,52.375694275],[4.52583313,52.376251221],[4.526389122,52.376251221],[4.526389122,52.376804352],[4.526945114,52.376804352],[4.526945114,52.377361298],[4.527501106,52.377361298],[4.527501106,52.377918243],[4.528055191,52.377918243],[4.528055191,52.378749847],[4.528611183,52.378749847],[4.528611183,52.379581451],[4.529167175,52.379581451],[4.529167175,52.38041687],[4.529723167,52.38041687],[4.529723167,52.381248474],[4.530276775,52.381248474],[4.530276775,52.38180542],[4.530832767,52.38180542],[4.530832767,52.382362366],[4.531389236,52.382362366],[4.531389236,52.382465363],[4.531389236,52.384304047],[4.531945229,52.384304047],[4.531945229,52.385139465],[4.532498837,52.385139465],[4.532498837,52.386249542],[4.533054829,52.386249542],[4.533054829,52.386528015],[4.533610821,52.386528015],[4.533610821,52.387638092],[4.534167767,52.387638092],[4.534167767,52.388195038],[4.534720898,52.388195038],[4.534720898,52.389305115],[4.53527689,52.389305115],[4.53527689,52.392082214],[4.535833836,52.392082214],[4.535833836,52.39402771],[4.536389828,52.39402771],[4.536389828,52.394859314],[4.536943913,52.394859314],[4.536943913,52.39541626],[4.537499905,52.39541626],[4.537499905,52.395973206],[4.538055897,52.395973206],[4.538055897,52.396526337],[4.538611889,52.396526337],[4.538611889,52.397361755],[4.539165974,52.397361755],[4.539167881,52.398471832],[4.539721966,52.398471832],[4.539721966,52.399028778],[4.540277958,52.399028778],[4.540277958,52.399860382],[4.539721966,52.399860382],[4.539721966,52.400417328],[4.540277958,52.400417328],[4.540277958,52.40089035],[4.540277958,52.401248932],[4.54083395,52.401248932],[4.54083395,52.402084351],[4.541389942,52.402084351],[4.541389942,52.402915955],[4.541944027,52.402915955],[4.541944027,52.403751373],[4.542500019,52.403751373],[4.542500019,52.404582977],[4.543056011,52.404582977],[4.543056011,52.405418396],[4.543610096,52.405418396],[4.543610096,52.405971527],[4.544166088,52.405971527],[4.544166088,52.406528473],[4.54472208,52.406528473],[4.54472208,52.407081604],[4.545278072,52.407081604],[4.545278072,52.40763855],[4.545832157,52.40763855],[4.545834064,52.408195496],[4.546388149,52.408195496],[4.546388149,52.4090271],[4.546944141,52.4090271],[4.546944141,52.409862518],[4.547500134,52.409862518],[4.547500134,52.410694122],[4.548057079,52.410694122],[4.548057079,52.411529541],[4.54861021,52.411529541],[4.54861021,52.412361145],[4.549167156,52.412361145],[4.549167156,52.413192749],[4.549723148,52.413192749],[4.549723148,52.414306641],[4.55027914,52.414306641],[4.55027914,52.416526794],[4.550833225,52.416526794],[4.550833225,52.41708374],[4.551389217,52.41708374],[4.551389217,52.417915344],[4.55194521,52.417915344],[4.55194521,52.418750763],[4.552501202,52.418750763],[4.552501202,52.419582367],[4.55305481,52.419582367],[4.55305481,52.420417786],[4.553610802,52.420417786],[4.553610802,52.42124939],[4.554166794,52.42124939],[4.554166794,52.422359467],[4.554722786,52.422359467],[4.554722786,52.424861908],[4.555276871,52.424861908],[4.555276871,52.425415039],[4.555832863,52.425415039],[4.555832863,52.425971985],[4.556388855,52.425971985],[4.556388855,52.426807404],[4.556944847,52.426807404],[4.556944847,52.42791748],[4.557498932,52.42791748],[4.557498932,52.429027557],[4.558054924,52.429027557],[4.558054924,52.429584503],[4.558610916,52.429584503],[4.558610916,52.430137634],[4.559166908,52.430137634],[4.559166908,52.430973053],[4.5597229,52.430973053],[4.5597229,52.431526184],[4.560276985,52.431526184],[4.560276985,52.434860229],[4.560832977,52.434860229],[4.560832977,52.436527252],[4.561389923,52.436527252],[4.561389923,52.436882019],[4.561389923,52.439025879],[4.561943054,52.439025879],[4.561943054,52.443748474],[4.562499046,52.443748474],[4.562499046,52.444583893],[4.563055992,52.444583893],[4.563055992,52.445137024],[4.563611984,52.445137024],[4.563611984,52.445972443],[4.564166069,52.445972443],[4.564166069,52.44708252],[4.564722061,52.44708252],[4.564722061,52.449306488],[4.565278053,52.449306488],[4.565278053,52.451248169],[4.565834045,52.451248169],[4.565834045,52.453193665],[4.566390038,52.453193665],[4.566390038,52.454029083],[4.566944122,52.454029083],[4.566944122,52.454582214],[4.567500114,52.454582214],[4.567500114,52.455970764],[4.568056107,52.455970764],[4.568056107,52.45652771],[4.568612099,52.45652771],[4.568612099,52.457084656],[4.569166183,52.457084656],[4.569166183,52.45791626],[4.570278168,52.45791626],[4.570278168,52.457637787],[4.570981979,52.457637787],[4.571387768,52.457637787],[4.571387768,52.45791626],[4.571944237,52.45791626],[4.571944237,52.458194733],[4.572500229,52.458194733],[4.572500229,52.458473206],[4.573056221,52.458473206],[4.573056221,52.458751678],[4.573609829,52.458751678],[4.573609829,52.460693359],[4.573421001,52.460693359],[4.573056221,52.460693359],[4.573056221,52.461807251],[4.57750082,52.461807251],[4.57750082,52.461528778],[4.578610897,52.461528778],[4.578610897,52.461807251],[4.579166889,52.461807251],[4.579166889,52.462081909],[4.579722881,52.462081909],[4.579722881,52.462360382],[4.580832958,52.462360382],[4.580832958,52.462638855],[4.581944942,52.462638855],[4.581944942,52.462917328],[4.582499027,52.462917328],[4.582499027,52.463195801],[4.583055019,52.463195801],[4.583055019,52.463470459],[4.583611012,52.463470459],[4.583611012,52.463748932],[4.585277081,52.463748932],[4.585277081,52.464027405],[4.586811066,52.464076996],[4.586945057,52.464080811],[4.586945057,52.464305878],[4.587482929,52.464305878],[4.588055134,52.464305878],[4.588055134,52.464584351],[4.589721203,52.464584351],[4.589721203,52.464862823],[4.59250021,52.464862823],[4.59250021,52.465137482],[4.594721794,52.465137482],[4.594721794,52.465415955],[4.595833778,52.465415955],[4.595833778,52.465694427],[4.596387863,52.465694427],[4.596387863,52.466526031],[4.5979352,52.466529846],[4.599165916,52.466533661],[4.599165916,52.466804504],[4.602500916,52.466804504],[4.602500916,52.466560364],[4.602500916,52.466381073],[4.602929115,52.466571808],[4.604722977,52.46736145],[4.604166985,52.46736145],[4.604166985,52.467918396],[4.604722977,52.467918396],[4.604722977,52.468193054],[4.605411053,52.468193054],[4.605833054,52.468193054],[4.605833054,52.46875],[4.606389046,52.46875],[4.606389046,52.469306946],[4.606945038,52.469306946],[4.606945038,52.469581604],[4.60750103,52.469581604],[4.60750103,52.469860077],[4.608055115,52.469860077],[4.608055115,52.470973969],[4.60750103,52.470973969],[4.60750103,52.471084595],[4.60750103,52.471248627],[4.606945038,52.471248627],[4.606945038,52.4715271],[4.604722977,52.4715271],[4.604722977,52.471248627],[4.604166985,52.471248627],[4.604166985,52.471057892],[4.604166985,52.470973969],[4.603610992,52.470973969],[4.603610992,52.470417023],[4.600834846,52.470417023],[4.600834846,52.471805573],[4.60194397,52.471805573],[4.60194397,52.472084045],[4.602500916,52.472084045],[4.602500916,52.472362518],[4.603054047,52.472362518],[4.603054047,52.472637177],[4.603610992,52.472637177],[4.603610992,52.473194122],[4.603054047,52.473194122],[4.603054047,52.473472595],[4.602797031,52.473499298],[4.602500916,52.473529816],[4.602500916,52.473751068],[4.600277901,52.473751068],[4.600277901,52.473484039],[4.599165916,52.473472595],[4.599165916,52.473251343],[4.598902225,52.473247528],[4.593056202,52.473194122],[4.593056202,52.472915649],[4.591944218,52.472915649],[4.591944218,52.472637177],[4.591390133,52.472637177],[4.591390133,52.472362518],[4.590834141,52.472362518],[4.590834141,52.471805573],[4.590278149,52.471805573],[4.590278149,52.4715271],[4.58861208,52.4715271],[4.58861208,52.471248627],[4.588055134,52.471248627],[4.588055134,52.470973969],[4.585833073,52.470973969],[4.585833073,52.470695496],[4.583611012,52.470695496],[4.583611012,52.470417023],[4.583055019,52.470417023],[4.583055019,52.47013855],[4.58138895,52.47013855],[4.58138895,52.469860077],[4.579722881,52.469860077],[4.579722881,52.469581604],[4.578054905,52.469581604],[4.578054905,52.469306946],[4.57750082,52.469306946],[4.57750082,52.469028473],[4.576388836,52.469028473],[4.576388836,52.46875],[4.573609829,52.46875],[4.573609829,52.468471527],[4.573056221,52.468471527],[4.573053837,52.468193054],[4.569722176,52.468193054],[4.569722176,52.467918396],[4.568612099,52.467918396],[4.568612099,52.467639923],[4.568056107,52.467639923],[4.568056107,52.46736145],[4.56772995,52.46736145],[4.566944122,52.46736145],[4.566944122,52.467639923],[4.567500114,52.467639923],[4.567500114,52.467918396],[4.568056107,52.467918396],[4.568056107,52.468193054],[4.56839323,52.468193054],[4.568612099,52.468193054],[4.568612099,52.468471527],[4.569166183,52.468471527],[4.569166183,52.46875],[4.569722176,52.46875],[4.569722176,52.469306946],[4.57083416,52.469306946],[4.57083416,52.469581604],[4.571387768,52.469581604],[4.571387768,52.470973969],[4.57083416,52.470973969],[4.57083416,52.471248627],[4.570278168,52.471248627],[4.570278168,52.471805573],[4.569722176,52.471805573],[4.569722176,52.472084045],[4.570278168,52.472084045],[4.570278168,52.472362518],[4.571387768,52.472362518],[4.571387768,52.472637177],[4.571944237,52.472637177],[4.571944237,52.473751068],[4.572500229,52.473751068],[4.572500229,52.474304199],[4.573056221,52.474304199],[4.573056221,52.474861145],[4.573609829,52.474861145],[4.573609829,52.475139618],[4.573056221,52.475139618],[4.573056221,52.475418091],[4.573609829,52.475418091],[4.573609829,52.475971222],[4.574165821,52.475971222],[4.574165821,52.476528168],[4.574721813,52.476528168],[4.574721813,52.477085114],[4.575279236,52.477085114],[4.575279236,52.477916718],[4.57583189,52.477916718],[4.57583189,52.478473663],[4.576388836,52.478473663],[4.576388836,52.479305267],[4.576944828,52.479305267],[4.576944828,52.481529236],[4.57750082,52.481529236],[4.57750082,52.48236084],[4.578054905,52.48236084],[4.578054905,52.482639313],[4.578610897,52.482639313],[4.578610897,52.483470917],[4.579166889,52.483470917],[4.579166889,52.484027863],[4.578610897,52.484027863],[4.578610897,52.484306335],[4.579166889,52.484306335],[4.579166889,52.484859467],[4.579722881,52.484859467],[4.579722881,52.485694885],[4.580278873,52.485694885],[4.580278873,52.486251831],[4.580832958,52.486251831],[4.580832958,52.486804962],[4.58138895,52.486804962],[4.58138895,52.487640381],[4.581944942,52.487640381],[4.581944942,52.488193512],[4.582499027,52.488193512],[4.582499027,52.489028931],[4.583055019,52.489028931],[4.583055019,52.489128113],[4.583055019,52.490139008],[4.583611012,52.490139008],[4.583611012,52.491249084],[4.583055019,52.491249084],[4.583055019,52.49180603],[4.583611012,52.49180603],[4.583611012,52.492637634],[4.584167004,52.492637634],[4.584167004,52.492916107],[4.584721088,52.492916107],[4.584721088,52.493751526],[4.585277081,52.493751526],[4.585277081,52.494861603],[4.585833073,52.494861603],[4.585833073,52.49597168],[4.586389065,52.49597168],[4.586389065,52.496807098],[4.586945057,52.496807098],[4.586945057,52.497917175],[4.587499142,52.497917175],[4.587499142,52.499027252],[4.588055134,52.499027252],[4.588055134,52.499465942],[4.588055134,52.500137329],[4.58861208,52.500137329],[4.58861208,52.500694275],[4.589168072,52.500694275],[4.589168072,52.501804352],[4.589721203,52.501804352],[4.589721203,52.502361298],[4.590278149,52.502361298],[4.590278149,52.502918243],[4.590834141,52.502918243],[4.590834141,52.504581451],[4.591390133,52.504581451],[4.591390133,52.505138397],[4.591944218,52.505138397],[4.591944218,52.507637024],[4.59250021,52.507637024],[4.59250021,52.511528015],[4.593056202,52.511528015],[4.593056202,52.512638092],[4.593612194,52.512638092],[4.593612194,52.513748169],[4.594165802,52.513748169],[4.594165802,52.515140533],[4.594721794,52.515140533],[4.594721794,52.515693665],[4.595277786,52.515693665],[4.595277786,52.51625061],[4.595833778,52.51625061],[4.595833778,52.516803741],[4.596252918,52.516803741],[4.596387863,52.516803741],[4.596387863,52.517276764],[4.596387863,52.51763916],[4.596492767,52.51763916],[4.596943855,52.51763916],[4.596943855,52.518196106],[4.597499847,52.518196106],[4.597499847,52.519859314],[4.59805584,52.519859314],[4.59805584,52.52312088],[4.59805584,52.529026031],[4.598609924,52.529026031],[4.598611832,52.530693054],[4.599165916,52.530693054],[4.599165916,52.531806946],[4.599721909,52.531833649],[4.599721909,52.533195496],[4.600277901,52.533195496],[4.600277901,52.536804199],[4.600834846,52.536804199],[4.600834846,52.54208374],[4.601387978,52.54208374],[4.601387978,52.544029236],[4.60194397,52.544029236],[4.60194397,52.546806335],[4.602500916,52.546806335],[4.602500916,52.547637939],[4.603054047,52.547637939],[4.603054047,52.550971985],[4.603610992,52.550971985],[4.603610992,52.55291748],[4.604166985,52.55291748],[4.604166985,52.553470612],[4.604722977,52.553470612],[4.604722977,52.55430603],[4.605278969,52.55430603],[4.605278969,52.555416107],[4.605833054,52.555416107],[4.605833054,52.557361603],[4.606389046,52.557361603],[4.606389046,52.557640076],[4.606945038,52.557640076],[4.606945038,52.560970306],[4.60750103,52.560974121],[4.60750103,52.562362671],[4.608055115,52.562362671],[4.608055115,52.566249847],[4.608611107,52.566249847],[4.608611107,52.56930542],[4.609167099,52.56930542],[4.609167099,52.571529388],[4.609723091,52.571529388],[4.609723091,52.572200775],[4.609723091,52.573192596],[4.610277176,52.573192596],[4.610277176,52.574859619],[4.610833168,52.574859619],[4.610833168,52.577083588],[4.61138916,52.577083588],[4.61138916,52.579860687],[4.611945152,52.579860687],[4.611945152,52.583751678],[4.612499237,52.583751678],[4.612499237,52.584583282],[4.613055229,52.584583282],[4.613055229,52.588470459],[4.613611221,52.588470459],[4.613611221,52.590694427],[4.614167213,52.590694427],[4.614167213,52.592082977],[4.614720821,52.592082977],[4.614720821,52.59513855],[4.615276814,52.59513855],[4.615276814,52.597362518],[4.615834236,52.597362518],[4.615834236,52.599582672],[4.616390228,52.599582672],[4.616390228,52.602359772],[4.616942883,52.602359772],[4.616942883,52.60736084],[4.617499828,52.60736084],[4.617499828,52.609306335],[4.61805582,52.609306335],[4.61805582,52.612361908],[4.618611813,52.612361908],[4.618611813,52.616249084],[4.619167805,52.616249084],[4.619167805,52.623470306],[4.619721889,52.623474121],[4.619721889,52.624584198],[4.620277882,52.624584198],[4.620277882,52.625694275],[4.620833874,52.625694275],[4.620833874,52.627361298],[4.621389866,52.627361298],[4.621389866,52.62902832],[4.621943951,52.62902832],[4.621943951,52.634029388],[4.622499943,52.634029388],[4.622499943,52.635971069],[4.623055935,52.635971069],[4.623055935,52.637359619],[4.62361002,52.637359619],[4.62361002,52.638195038],[4.624166012,52.638195038],[4.624166012,52.64125061],[4.624722004,52.64125061],[4.624722004,52.643470764],[4.625277996,52.643470764],[4.625277996,52.644859314],[4.625833988,52.644859314],[4.625833988,52.64680481],[4.626388073,52.64680481],[4.626388073,52.652084351],[4.626944065,52.652084351],[4.626944065,52.653751373],[4.627500057,52.653751373],[4.627500057,52.660694122],[4.626944065,52.660694122],[4.626944065,52.662082672],[4.627500057,52.662082672],[4.627500057,52.665416718],[4.628057003,52.665416718],[4.628057003,52.666526794],[4.628610134,52.666526794],[4.628610134,52.667915344],[4.629166126,52.667915344],[4.629166126,52.672637939],[4.629723072,52.672637939],[4.629723072,52.674026489],[4.630279064,52.674026489],[4.630279064,52.675140381],[4.630833149,52.675140381],[4.630833149,52.679584503],[4.631389141,52.679584503],[4.631389141,52.68069458],[4.631945133,52.68069458],[4.631945133,52.681526184],[4.632501125,52.681526184],[4.632501125,52.682361603],[4.63305521,52.682361603],[4.63305521,52.683193207],[4.633611202,52.683193207],[4.633611202,52.692081451],[4.634167194,52.692081451],[4.634167194,52.693195343],[4.634723186,52.693195343],[4.634723186,52.69569397],[4.635276794,52.69569397],[4.635276794,52.701805115],[4.635832787,52.701805115],[4.635832787,52.704582214],[4.636388779,52.704582214],[4.636388779,52.709026337],[4.635832787,52.709026337],[4.635832787,52.709861755],[4.636388779,52.709861755],[4.636388779,52.710971832],[4.636944771,52.710971832],[4.636944771,52.712081909],[4.637498856,52.712081909],[4.637500763,52.713195801],[4.638054848,52.713195801],[4.638054848,52.714584351],[4.63861084,52.714584351],[4.63861084,52.716251373],[4.639166832,52.716251373],[4.639166832,52.721805573],[4.639722824,52.721805573],[4.639722824,52.727085114],[4.640276909,52.727085114],[4.640276909,52.734306335],[4.640832901,52.734306335],[4.640832901,52.735416412],[4.641388893,52.735416412],[4.641388893,52.737083435],[4.641942978,52.737083435],[4.641942978,52.739307404],[4.64249897,52.739307404],[4.64249897,52.740695953],[4.643055916,52.740695953],[4.643055916,52.74180603],[4.643611908,52.74180603],[4.643611908,52.742916107],[4.644165039,52.742916107],[4.6441679,52.744304657],[4.644721985,52.744304657],[4.644721985,52.745140076],[4.645277977,52.745140076],[4.645277977,52.746250153],[4.645833969,52.746250153],[4.645833969,52.747638702],[4.646389961,52.747638702],[4.646389961,52.750694275],[4.646944046,52.750694275],[4.646944046,52.752361298],[4.647500038,52.752361298],[4.647500038,52.753749847],[4.64805603,52.753749847],[4.64805603,52.754837036],[4.64805603,52.75541687],[4.648612022,52.75541687],[4.648612022,52.75680542],[4.649166107,52.75680542],[4.649166107,52.75819397],[4.649722099,52.75819397],[4.649722099,52.759029388],[4.650278091,52.759029388],[4.650278091,52.759860992],[4.650834084,52.759860992],[4.650834084,52.760971069],[4.651388168,52.760971069],[4.651388168,52.762916565],[4.65194416,52.762916565],[4.65194416,52.763748169],[4.652500153,52.763748169],[4.652500153,52.764583588],[4.653056145,52.764583588],[4.653056145,52.765693665],[4.653610229,52.765693665],[4.653610229,52.766529083],[4.654166222,52.766529083],[4.654166222,52.767082214],[4.654722214,52.767082214],[4.654722214,52.767917633],[4.65527916,52.767917633],[4.65527916,52.768749237],[4.655831814,52.768749237],[4.655831814,52.769306183],[4.656387806,52.769306183],[4.656387806,52.770137787],[4.656945229,52.770137787],[4.656945229,52.771526337],[4.657501221,52.771526337],[4.657501221,52.772083282],[4.658057213,52.772083282],[4.658057213,52.772914886],[4.658610821,52.772914886],[4.658610821,52.774028778],[4.659166813,52.774028778],[4.659166813,52.774581909],[4.659722805,52.774581909],[4.659722805,52.775138855],[4.660278797,52.775138855],[4.660278797,52.775695801],[4.660832882,52.775695801],[4.660832882,52.776527405],[4.661388874,52.776527405],[4.661388874,52.777362823],[4.661944866,52.777362823],[4.661944866,52.777915955],[4.662498951,52.777915955],[4.662498951,52.7784729],[4.663054943,52.7784729],[4.663054943,52.779026031],[4.663610935,52.779026031],[4.663610935,52.77986145],[4.664166927,52.77986145],[4.664166927,52.780693054],[4.664722919,52.780693054],[4.664722919,52.78125],[4.665277004,52.78125],[4.665277004,52.782081604],[4.665832996,52.782081604],[4.665832996,52.782917023],[4.666388988,52.782917023],[4.666388988,52.783473969],[4.666944981,52.783473969],[4.666944981,52.784305573],[4.667499065,52.784305573],[4.667499065,52.784862518],[4.667850018,52.784862518],[4.668055058,52.784862518],[4.668055058,52.785335541],[4.668055058,52.785694122],[4.66821003,52.785694122],[4.66861105,52.785694122],[4.66861105,52.786617279],[4.66861105,52.786804199],[4.669721127,52.786804199],[4.669721127,52.787082672],[4.670278072,52.787082672],[4.670278072,52.787361145],[4.670834064,52.787361145],[4.670834064,52.788192749],[4.671390057,52.788192749],[4.671390057,52.789585114],[4.671944141,52.789585114],[4.671944141,52.790973663],[4.672500134,52.790973663],[4.672500134,52.792640686],[4.673056126,52.792640686],[4.673056126,52.793193817],[4.673612118,52.793193817],[4.673612118,52.794303894],[4.674166203,52.794303894],[4.674166203,52.79486084],[4.674722195,52.79486084],[4.674722195,52.795970917],[4.675278187,52.795970917],[4.675278187,52.796527863],[4.675834179,52.796527863],[4.675834179,52.79832077],[4.675834179,52.798473358],[4.675937176,52.798473358],[4.676387787,52.798473358],[4.676387787,52.79914856],[4.676387787,52.800693512],[4.676943779,52.800693512],[4.676943779,52.802082062],[4.677499771,52.802082062],[4.677499771,52.803470612],[4.678055763,52.803470612],[4.678055763,52.804584503],[4.678612232,52.804584503],[4.678612232,52.805416107],[4.678975105,52.805416107],[4.67916584,52.805416107],[4.67916584,52.805934906],[4.67916584,52.806804657],[4.679487228,52.806804657],[4.679721832,52.806804657],[4.679721832,52.807445526],[4.679721832,52.80847168],[4.680100918,52.80847168],[4.680277824,52.80847168],[4.680277824,52.808952332],[4.680277824,52.809860229],[4.680613041,52.809860229],[4.680833817,52.809860229],[4.680833817,52.810459137],[4.680833817,52.811527252],[4.681229115,52.811527252],[4.681387901,52.811527252],[4.681387901,52.811965942],[4.681387901,52.813472748],[4.681943893,52.813472748],[4.681943893,52.814304352],[4.68225193,52.814304352],[4.682500839,52.814304352],[4.682500839,52.814979553],[4.682500839,52.815139771],[4.68305397,52.815139771],[4.68305397,52.816486359],[4.68305397,52.817081451],[4.683275223,52.817081451],[4.683609962,52.817081451],[4.683609962,52.817993164],[4.683609962,52.818748474],[4.68389082,52.818748474],[4.684166908,52.818748474],[4.684166908,52.819499969],[4.684166908,52.821804047],[4.6847229,52.821804047],[4.6847229,52.823471069],[4.685278893,52.823471069],[4.685278893,52.824584961],[4.685832977,52.824584961],[4.685832977,52.825416565],[4.686388969,52.825416565],[4.686388969,52.825527191],[4.686388969,52.826805115],[4.686944962,52.826805115],[4.686944962,52.827033997],[4.686944962,52.828472137],[4.687500954,52.828472137],[4.687500954,52.829860687],[4.688055038,52.829860687],[4.688055038,52.831249237],[4.688611031,52.831249237],[4.688611031,52.832637787],[4.689167023,52.832637787],[4.689167023,52.833473206],[4.689723015,52.833473206],[4.689723015,52.835140228],[4.6902771,52.835140228],[4.6902771,52.835971832],[4.690833092,52.835971832],[4.690833092,52.836528778],[4.691389084,52.836528778],[4.691389084,52.836631775],[4.691389084,52.837081909],[4.691596985,52.837081909],[4.691945076,52.837081909],[4.691945076,52.837833405],[4.691945076,52.838195801],[4.692113876,52.838195801],[4.692499161,52.838195801],[4.692499161,52.839031219],[4.692499161,52.839584351],[4.69275713,52.839584351],[4.693055153,52.839584351],[4.693055153,52.840229034],[4.693055153,52.840694427],[4.693268776,52.840694427],[4.693611145,52.840694427],[4.693611145,52.841430664],[4.693611145,52.842082977],[4.693913937,52.842082977],[4.694167137,52.842082977],[4.694167137,52.842628479],[4.694167137,52.84513855],[4.694721222,52.84513855],[4.694721222,52.846248627],[4.695277214,52.846248627],[4.695277214,52.847637177],[4.695833206,52.847637177],[4.695833206,52.848472595],[4.696390152,52.848472595],[4.696390152,52.849861145],[4.696942806,52.849861145],[4.696946144,52.851528168],[4.697500229,52.851528168],[4.697500229,52.853748322],[4.698056221,52.853748322],[4.698056221,52.85458374],[4.698612213,52.85458374],[4.698612213,52.854862213],[4.699168205,52.854862213],[4.699168205,52.856250763],[4.699721813,52.856250763],[4.699721813,52.857082367],[4.700277805,52.857082367],[4.700277805,52.857917786],[4.70064497,52.857917786],[4.700833797,52.857917786],[4.700833797,52.858642578],[4.700833797,52.859027863],[4.701387882,52.859027863],[4.701387882,52.859859467],[4.701943874,52.859859467],[4.701943874,52.860973358],[4.702499866,52.860973358],[4.702499866,52.862361908],[4.703055859,52.862361908],[4.703055859,52.863395691],[4.703055859,52.865695953],[4.703609943,52.865695953],[4.703611851,52.866527557],[4.704165936,52.866527557],[4.704165936,52.86819458],[4.704721928,52.86819458],[4.704721928,52.869026184],[4.70527792,52.869026184],[4.70527792,52.870140076],[4.705833912,52.870140076],[4.705833912,52.871250153],[4.706387997,52.871250153],[4.706387997,52.873195648],[4.706943989,52.873195648],[4.706943989,52.874305725],[4.707499981,52.874305725],[4.707499981,52.877361298],[4.708055973,52.877361298],[4.708055973,52.878192902],[4.708610058,52.878192902],[4.708610058,52.879306793],[4.70916605,52.879306793],[4.70916605,52.880138397],[4.709722996,52.880138397],[4.709722996,52.882923126],[4.709722996,52.883472443],[4.710278988,52.883472443],[4.710278988,52.885971069],[4.710832119,52.885971069],[4.710832119,52.887638092],[4.711389065,52.887638092],[4.711389065,52.889026642],[4.711945057,52.889026642],[4.711945057,52.89125061],[4.712501049,52.89125061],[4.712501049,52.895694733],[4.713055134,52.895694733],[4.713055134,52.899307251],[4.713611126,52.899307251],[4.713611126,52.902084351],[4.713055134,52.902084351],[4.713055134,52.909584045],[4.713611126,52.909584045],[4.713611126,52.917915344],[4.714167118,52.917915344],[4.714167118,52.924304962],[4.71472311,52.924304962],[4.71472311,52.930973053],[4.714167118,52.930973053],[4.714167118,52.931251526],[4.71472311,52.931251526],[4.71472311,52.936805725],[4.715277195,52.936805725],[4.715277195,52.940692902],[4.715833187,52.940692902],[4.715833187,52.942638397],[4.716389179,52.942638397],[4.716389179,52.943195343],[4.716945171,52.943195343],[4.716945171,52.945137024],[4.716389179,52.945137024],[4.716389179,52.945415497],[4.716945171,52.945415497],[4.716945171,52.946804047],[4.717501163,52.946804047],[4.717501163,52.947360992],[4.718054771,52.947360992],[4.718054771,52.948471069],[4.718610764,52.948471069],[4.718610764,52.949859619],[4.719167233,52.949859619],[4.719167233,52.951526642],[4.719723225,52.951526642],[4.719723225,52.952362061],[4.720276833,52.952362061],[4.720276833,52.952915192],[4.720832825,52.952915192],[4.720832825,52.953193665],[4.721388817,52.953193665],[4.721388817,52.95375061],[4.721942902,52.95375061],[4.721942902,52.954860687],[4.722498894,52.954860687],[4.722498894,52.95513916],[4.723054886,52.95513916],[4.723054886,52.955696106],[4.723611832,52.955696106],[4.723611832,52.956806183],[4.724167824,52.956806183],[4.724167824,52.957359314],[4.724721909,52.957359314],[4.724721909,52.95791626],[4.725277901,52.95791626],[4.725277901,52.958194733],[4.725833893,52.958194733],[4.725833893,52.958473206],[4.726389885,52.958473206],[4.726389885,52.958751678],[4.72694397,52.958751678],[4.72694397,52.959026337],[4.727499962,52.959026337],[4.727499962,52.959583282],[4.728055954,52.959583282],[4.728055954,52.960414886],[4.728611946,52.960414886],[4.728611946,52.960693359],[4.729166031,52.960693359],[4.729166031,52.960971832],[4.729722023,52.960971832],[4.729722023,52.961250305],[4.730834007,52.961250305],[4.730834007,52.961528778],[4.731388092,52.961528778],[4.731388092,52.961807251],[4.731944084,52.961807251],[4.731944084,52.962081909],[4.733056068,52.962081909],[4.733056068,52.962360382],[4.734166145,52.962360382],[4.734166145,52.962638855],[4.73527813,52.962638855],[4.73527813,52.962917328],[4.736388206,52.962917328],[4.736388206,52.963195801],[4.737501144,52.963195801],[4.737501144,52.963470459],[4.739167213,52.963470459],[4.739167213,52.963748932],[4.74583292,52.963748932],[4.74583292,52.963470459],[4.750277042,52.963470459],[4.750277042,52.963195801],[4.753815174,52.963195801],[4.755278111,52.963195801],[4.755278111,52.963470459],[4.757500172,52.963470459],[4.757500172,52.963748932],[4.758056164,52.963748932],[4.758056164,52.964027405],[4.758612156,52.964027405],[4.758612156,52.964305878],[4.761387825,52.964305878],[4.761387825,52.964584351],[4.770833015,52.964584351],[4.770833015,52.964305878],[4.773055077,52.964305878],[4.773055077,52.964027405],[4.77583313,52.964027405],[4.77583313,52.964305878],[4.776390076,52.964305878],[4.776390076,52.965137482],[4.776943207,52.965137482],[4.776946068,52.964862823],[4.778056145,52.964862823],[4.778056145,52.964584351],[4.778612137,52.964584351],[4.778612137,52.964305878],[4.779168129,52.964305878],[4.779168129,52.964027405],[4.781387806,52.964027405],[4.781387806,52.963748932],[4.781943798,52.963748932],[4.781943798,52.963470459],[4.784165859,52.963470459],[4.784165859,52.963195801],[4.785833836,52.963195801],[4.785833836,52.962917328],[4.785277843,52.962917328],[4.785277843,52.962360382],[4.784721851,52.962360382],[4.784721851,52.961528778],[4.784165859,52.961528778],[4.784165859,52.961364746],[4.784165859,52.961250305],[4.783055782,52.961250305],[4.783055782,52.960971832],[4.781943798,52.960971832],[4.781943798,52.960693359],[4.781387806,52.960693359],[4.781387806,52.959861755],[4.781943798,52.959861755],[4.781943798,52.959583282],[4.784165859,52.959583282],[4.784165859,52.957637787],[4.784721851,52.957637787],[4.784721851,52.957359314],[4.785833836,52.957359314],[4.785833836,52.957637787],[4.787499905,52.957637787],[4.787499905,52.957359314],[4.788055897,52.957359314],[4.788055897,52.95652771],[4.788609982,52.95652771],[4.788609982,52.954303741],[4.789165974,52.954303741],[4.789165974,52.954029083],[4.79361105,52.954029083],[4.79361105,52.954303741],[4.794723034,52.954303741],[4.794723034,52.954582214],[4.795277119,52.954582214],[4.795277119,52.95513916],[4.794723034,52.95513916],[4.794723034,52.955417633],[4.793055058,52.955417633],[4.793055058,52.95513916],[4.790832043,52.95513916],[4.790832043,52.956806183],[4.790278912,52.956806183],[4.790278912,52.957637787],[4.791944981,52.957637787],[4.791944981,52.95791626],[4.792500973,52.95791626],[4.792500973,52.95930481],[4.795277119,52.95930481],[4.795277119,52.959583282],[4.795833111,52.959583282],[4.795833111,52.960140228],[4.795277119,52.960140228],[4.795277119,52.960414886],[4.794723034,52.960414886],[4.794723034,52.960971832],[4.794167042,52.960971832],[4.794148922,52.961528778],[4.79361105,52.961528778],[4.79361105,52.961807251],[4.793439865,52.961807251],[4.793055058,52.961807251],[4.793055058,52.961956024],[4.793055058,52.962081909],[4.792739868,52.962081909],[4.791388035,52.962081909],[4.791388035,52.963470459],[4.791944981,52.963470459],[4.791944981,52.963748932],[4.793055058,52.963748932],[4.793055058,52.964027405],[4.795277119,52.964027405],[4.795277119,52.964305878],[4.800833225,52.964305878],[4.800833225,52.964027405],[4.801389217,52.964027405],[4.801389217,52.963256836],[4.801389217,52.962638855],[4.801942825,52.962638855],[4.801942825,52.95930481],[4.802498817,52.95930481],[4.802498817,52.958751678],[4.80305481,52.958751678],[4.80305481,52.957084656],[4.802498817,52.957084656],[4.802498817,52.95652771],[4.801942825,52.95652771],[4.801942825,52.955417633],[4.801389217,52.955417633],[4.801389217,52.954860687],[4.801942825,52.954860687],[4.801942825,52.954582214],[4.801389217,52.954582214],[4.801389217,52.954303741],[4.799723148,52.954303741],[4.799723148,52.954029083],[4.799167156,52.954029083],[4.799167156,52.953472137],[4.799723148,52.953472137],[4.799723148,52.953193665],[4.800833225,52.953193665],[4.800833225,52.952640533],[4.800277233,52.952640533],[4.800277233,52.952362061],[4.799723148,52.952362061],[4.799723148,52.951526642],[4.799167156,52.951526642],[4.799167156,52.950973511],[4.798611164,52.950973511],[4.798611164,52.950695038],[4.798055172,52.950695038],[4.798055172,52.950416565],[4.797501087,52.950416565],[4.797501087,52.949859619],[4.796945095,52.949859619],[4.796945095,52.948749542],[4.796389103,52.948749542],[4.796389103,52.947639465],[4.795833111,52.947639465],[4.795833111,52.94708252],[4.795277119,52.94708252],[4.795277119,52.946529388],[4.794723034,52.946529388],[4.794723034,52.946250916],[4.794167042,52.946250916],[4.794167042,52.945972443],[4.79361105,52.945972443],[4.79361105,52.945415497],[4.793055058,52.945415497],[4.793055058,52.944862366],[4.792500973,52.944862366],[4.792500973,52.94430542],[4.791944981,52.94430542],[4.791944981,52.943195343],[4.791388035,52.943195343],[4.791388035,52.935417175],[4.791944981,52.935417175],[4.791944981,52.93347168],[4.792500973,52.93347168],[4.792500973,52.933193207],[4.793055058,52.933193207],[4.793055058,52.932918549],[4.794155121,52.932918549],[4.795277119,52.932914734],[4.795277119,52.932361603],[4.794723034,52.932361603],[4.794723034,52.932033539],[4.794723034,52.929027557],[4.795277119,52.929027557],[4.795277119,52.928195953],[4.795833111,52.928195953],[4.795833111,52.927639008],[4.796389103,52.927639008],[4.796389103,52.926807404],[4.796945095,52.926807404],[4.796945095,52.926250458],[4.797501087,52.926250458],[4.797501087,52.925693512],[4.798055172,52.925693512],[4.798055172,52.924583435],[4.798611164,52.924583435],[4.798611164,52.924026489],[4.799167156,52.924026489],[4.799167156,52.923194885],[4.799723148,52.923194885],[4.799723148,52.921806335],[4.800277233,52.921806335],[4.800277233,52.92124939],[4.800833225,52.92124939],[4.800833225,52.920970917],[4.801389217,52.920970917],[4.801389217,52.920417786],[4.801942825,52.920417786],[4.801942825,52.91847229],[4.802498817,52.91847229],[4.802498817,52.917915344],[4.80305481,52.917915344],[4.80305481,52.917640686],[4.803612232,52.917640686],[4.803612232,52.91708374],[4.804168224,52.91708374],[4.804168224,52.916805267],[4.804720879,52.916805267],[4.804720879,52.915973663],[4.805277824,52.915973663],[4.805277824,52.91569519],[4.805833817,52.91569519],[4.805833817,52.915416718],[4.806643009,52.915416718],[4.806943893,52.915416718],[4.806943893,52.915149689],[4.807499886,52.915138245],[4.807499886,52.914859772],[4.80861187,52.914859772],[4.80861187,52.914585114],[4.809165955,52.914585114],[4.809165955,52.914028168],[4.80861187,52.914028168],[4.80861187,52.913677216],[4.80861187,52.912361145],[4.809165955,52.912361145],[4.809206963,52.912090302],[4.809447765,52.912086487],[4.809721947,52.912082672],[4.809721947,52.91191864],[4.809721947,52.911804199],[4.809916019,52.911804199],[4.810277939,52.911804199],[4.810277939,52.911590576],[4.810385227,52.911579132],[4.810833931,52.911529541],[4.810833931,52.911262512],[4.810833931,52.910694122],[4.811388016,52.910694122],[4.811388016,52.910415649],[4.811944008,52.910415649],[4.811944008,52.910137177],[4.812736988,52.910137177],[4.813055992,52.910137177],[4.813055992,52.909950256],[4.813055992,52.909862518],[4.813213825,52.909862518],[4.813610077,52.909862518],[4.813610077,52.909622192],[4.814722061,52.909584045],[4.814722061,52.9090271],[4.815278053,52.9090271],[4.815278053,52.908748627],[4.81638813,52.908748627],[4.81638813,52.908473969],[4.816944122,52.908473969],[4.816944122,52.908195496],[4.81805706,52.908195496],[4.81805706,52.907917023],[4.819167137,52.907917023],[4.819167137,52.90763855],[4.820279121,52.90763855],[4.820279121,52.907360077],[4.820833206,52.907360077],[4.820833206,52.907081604],[4.821389198,52.907081604],[4.821389198,52.906806946],[4.822498798,52.906806946],[4.822501183,52.906528473],[4.82305479,52.906528473],[4.82305479,52.90625],[4.824166775,52.90625],[4.824166775,52.905971527],[4.824722767,52.905971527],[4.824722767,52.905693054],[4.825832844,52.905693054],[4.825832844,52.905418396],[4.826944828,52.905418396],[4.826944828,52.905139923],[4.827498913,52.905139923],[4.827498913,52.90486145],[4.828054905,52.90486145],[4.828054905,52.904582977],[4.829166889,52.904582977],[4.829166889,52.904304504],[4.829720974,52.904304504],[4.829720974,52.904026031],[4.830276966,52.904026031],[4.830276966,52.903751373],[4.830832958,52.903751373],[4.830832958,52.9034729],[4.831389904,52.9034729],[4.831389904,52.903194427],[4.831943035,52.903194427],[4.831943035,52.902915955],[4.832499981,52.902915955],[4.832499981,52.902637482],[4.833055973,52.902637482],[4.833055973,52.902362823],[4.833611965,52.902362823],[4.833611965,52.902084351],[4.83416605,52.902084351],[4.83416605,52.901580811],[4.834311008,52.901565552],[4.834722042,52.901527405],[4.834722042,52.901374817],[4.834722042,52.901248932],[4.835053921,52.901248932],[4.835278034,52.901248932],[4.835278034,52.900970459],[4.835802078,52.900970459],[4.835834026,52.900695801],[4.836537838,52.900695801],[4.836944103,52.900695801],[4.836944103,52.900543213],[4.836944103,52.900417328],[4.837287903,52.900417328],[4.837500095,52.900417328],[4.837500095,52.900138855],[4.838033199,52.900138855],[4.838056087,52.899860382],[4.83861208,52.899860382],[4.83861208,52.899581909],[4.839528084,52.899581909],[4.839722157,52.899581909],[4.839722157,52.899307251],[4.840267181,52.899307251],[4.840832233,52.899307251],[4.840832233,52.899097443],[4.841019154,52.899074554],[4.841388226,52.899028778],[4.841388226,52.898887634],[4.841388226,52.898750305],[4.841762066,52.898750305],[4.841944218,52.898750305],[4.841944218,52.898471832],[4.842506886,52.898471832],[4.846388817,52.898471832],[4.846388817,52.898193359],[4.848610878,52.898193359],[4.848610878,52.897987366],[4.848610878,52.897914886],[4.84916687,52.897914886],[4.84916687,52.897640228],[4.849722862,52.897640228],[4.849722862,52.897083282],[4.850276947,52.897083282],[4.850276947,52.89680481],[4.850832939,52.89680481],[4.850832939,52.896526337],[4.851388931,52.896526337],[4.851388931,52.896251678],[4.85206604,52.896251678],[4.852499008,52.896251678],[4.852499008,52.895973206],[4.853055,52.895973206],[4.853055,52.895694733],[4.853610992,52.895694733],[4.853610992,52.89541626],[4.854166985,52.89541626],[4.854166985,52.895137787],[4.855277061,52.895137787],[4.855277061,52.894859314],[4.855833054,52.894859314],[4.855833054,52.894584656],[4.856389046,52.894584656],[4.856389046,52.894306183],[4.856945992,52.894306183],[4.856945992,52.89402771],[4.857499123,52.89402771],[4.857499123,52.893749237],[4.858055115,52.893749237],[4.858055115,52.893470764],[4.858612061,52.893470764],[4.858612061,52.893196106],[4.859168053,52.893196106],[4.859168053,52.892917633],[4.859722137,52.892917633],[4.859722137,52.892707825],[4.859920025,52.892696381],[4.860834122,52.89263916],[4.860834122,52.892360687],[4.861388206,52.892360687],[4.861388206,52.892116547],[4.861489773,52.892108917],[4.861944199,52.892082214],[4.861944199,52.891921997],[4.861944199,52.891803741],[4.86227417,52.891803741],[4.863056183,52.891803741],[4.863056183,52.891529083],[4.864165783,52.891529083],[4.864165783,52.891132355],[4.864165783,52.890972137],[4.864622116,52.890972137],[4.864721775,52.890972137],[4.864721775,52.890693665],[4.865407944,52.890693665],[4.865834236,52.890693665],[4.865834236,52.890544891],[4.865834236,52.890415192],[4.866193771,52.890415192],[4.866943836,52.890415192],[4.866943836,52.890693665],[4.86805582,52.890693665],[4.86805582,52.890415192],[4.869165897,52.890415192],[4.869165897,52.890140533],[4.869721889,52.890140533],[4.869721889,52.889862061],[4.870278835,52.889862061],[4.870278835,52.889583588],[4.870831966,52.889583588],[4.870831966,52.889305115],[4.871387959,52.889305115],[4.871387959,52.889026642],[4.872500896,52.889026642],[4.872500896,52.888748169],[4.873610973,52.888748169],[4.873610973,52.888473511],[4.876945019,52.888473511],[4.876945019,52.888748169],[4.878055096,52.888748169],[4.878055096,52.889026642],[4.880833149,52.889026642],[4.880833149,52.889305115],[4.882499218,52.889305115],[4.882499218,52.889583588],[4.883679867,52.889583588],[4.884168148,52.889583588],[4.884168148,52.889862061],[4.885834217,52.889862061],[4.885834217,52.890140533],[4.887499809,52.890140533],[4.887499809,52.890415192],[4.88972187,52.890415192],[4.88972187,52.890693665],[4.890277863,52.890693665],[4.890277863,52.890972137],[4.890833855,52.890972137],[4.890833855,52.89125061],[4.893610001,52.89125061],[4.893610001,52.891529083],[4.898610115,52.891529083],[4.898610115,52.891803741],[4.901389122,52.891803741],[4.901389122,52.892082214],[4.903055191,52.892082214],[4.903055191,52.892360687],[4.905276775,52.892360687],[4.905276775,52.89263916],[4.907498837,52.89263916],[4.907501221,52.892917633],[4.908610821,52.892917633],[4.908610821,52.893470764],[4.909166813,52.893470764],[4.909166813,52.894859314],[4.909720898,52.894859314],[4.909720898,52.895973206],[4.912498951,52.895973206],[4.912498951,52.896251678],[4.914165974,52.896251678],[4.914167881,52.896526337],[4.914721966,52.896526337],[4.914721966,52.897083282],[4.915277958,52.897083282],[4.915277958,52.897361755],[4.91583395,52.897361755],[4.91583395,52.897914886],[4.916389942,52.897914886],[4.916389942,52.898193359],[4.917500019,52.898193359],[4.917500019,52.898471832],[4.918056011,52.898471832],[4.918056011,52.898750305],[4.918612003,52.898750305],[4.918612003,52.899028778],[4.919166088,52.899028778],[4.919166088,52.899307251],[4.920832157,52.899307251],[4.920834064,52.899581909],[4.921944141,52.899581909],[4.921944141,52.899860382],[4.923056126,52.899860382],[4.923056126,52.900138855],[4.92361021,52.900138855],[4.92361021,52.900417328],[4.924722195,52.900417328],[4.924722195,52.900695801],[4.925831795,52.900695801],[4.925831795,52.900970459],[4.926389217,52.900970459],[4.926389217,52.901248932],[4.927501202,52.901248932],[4.927501202,52.901527405],[4.928610802,52.901527405],[4.928610802,52.901805878],[4.929166794,52.901805878],[4.929166794,52.902084351],[4.929722786,52.902084351],[4.929722786,52.902362823],[4.930832863,52.902362823],[4.930832863,52.902637482],[4.931944847,52.902637482],[4.931944847,52.902915955],[4.935276985,52.902915955],[4.935276985,52.903194427],[4.935832977,52.903194427],[4.935832977,52.904582977],[4.936388969,52.904582977],[4.936388969,52.90486145],[4.936944962,52.90486145],[4.936944962,52.905139923],[4.938055038,52.905139923],[4.938055038,52.905418396],[4.938611984,52.905418396],[4.938611984,52.905693054],[4.939167976,52.905693054],[4.939167976,52.905971527],[4.939721107,52.905971527],[4.939721107,52.906528473],[4.939167976,52.906528473],[4.939167976,52.906806946],[4.937499046,52.906806946],[4.937499046,52.907081604],[4.936944962,52.907081604],[4.936944962,52.907360077],[4.937499046,52.907360077],[4.937499046,52.908195496],[4.938055038,52.908195496],[4.938055038,52.908473969],[4.938611984,52.908473969],[4.938611984,52.908748627],[4.939167976,52.908748627],[4.939167976,52.9090271],[4.939721107,52.9090271],[4.939721107,52.909305573],[4.940278053,52.909305573],[4.940278053,52.909584045],[4.94138813,52.909584045],[4.941390038,52.909305573],[4.941944122,52.909305573],[4.941944122,52.9090271],[4.942500114,52.9090271],[4.942500114,52.908748627],[4.94583416,52.908748627],[4.94583416,52.9090271],[4.946387768,52.9090271],[4.946387768,52.909584045],[4.946944237,52.909584045],[4.946944237,52.910137177],[4.947500229,52.910137177],[4.947500229,52.910415649],[4.948056221,52.910415649],[4.948056221,52.910694122],[4.948612213,52.910694122],[4.948612213,52.910972595],[4.949165821,52.910972595],[4.949165821,52.911529541],[4.949721813,52.911529541],[4.949721813,52.912082672],[4.950277805,52.912082672],[4.950277805,52.912361145],[4.95083189,52.912361145],[4.95083189,52.913192749],[4.951387882,52.913192749],[4.951387882,52.913471222],[4.951943874,52.913471222],[4.951943874,52.913749695],[4.95250082,52.913749695],[4.95250082,52.914585114],[4.953053951,52.914585114],[4.953053951,52.915138245],[4.953610897,52.915138245],[4.953610897,52.915416718],[4.954166889,52.915416718],[4.954166889,52.916248322],[4.954722881,52.916248322],[4.954722881,52.916526794],[4.955278873,52.916526794],[4.955278873,52.917362213],[4.955832958,52.917362213],[4.955832958,52.91847229],[4.95638895,52.91847229],[4.95638895,52.919303894],[4.956944942,52.919303894],[4.956944942,52.920696259],[4.957500935,52.920696259],[4.957500935,52.923473358],[4.958055019,52.923473358],[4.958055019,52.923751831],[4.958611012,52.923751831],[4.958611012,52.924583435],[4.959167004,52.924583435],[4.959167004,52.925693512],[4.959722996,52.925693512],[4.959722996,52.926528931],[4.960277081,52.926528931],[4.960277081,52.926807404],[4.960833073,52.926807404],[4.960833073,52.927082062],[4.961389065,52.927082062],[4.961389065,52.927639008],[4.961945057,52.927639008],[4.961945057,52.92791748],[4.962499142,52.92791748],[4.962499142,52.928195953],[4.963055134,52.928195953],[4.963055134,52.928470612],[4.963611126,52.928470612],[4.963611126,52.928749084],[4.964721203,52.928749084],[4.964721203,52.929027557],[4.965277195,52.929027557],[4.965277195,52.92930603],[4.966390133,52.92930603],[4.966390133,52.929584503],[4.96750021,52.929584503],[4.96750021,52.929862976],[4.968612194,52.929862976],[4.968612194,52.930137634],[4.970277786,52.930137634],[4.970277786,52.930416107],[4.971943855,52.930416107],[4.971943855,52.93069458],[4.974165916,52.93069458],[4.974165916,52.930973053],[4.976387978,52.930973053],[4.976387978,52.931251526],[4.978610039,52.931251526],[4.978610039,52.931526184],[4.980833054,52.931526184],[4.980833054,52.931804657],[4.984167099,52.931804657],[4.984167099,52.93208313],[4.985833168,52.93208313],[4.985833168,52.932361603],[4.98638916,52.932361603],[4.98638916,52.93208313],[4.986945152,52.93208313],[4.986945152,52.931804657],[4.988055229,52.931804657],[4.988055229,52.93208313],[4.988611221,52.93208313],[4.988611221,52.932361603],[4.989720821,52.932361603],[4.989720821,52.932640076],[4.991388798,52.932640076],[4.991388798,52.932914734],[4.992498875,52.932918549],[4.992498875,52.933193207],[4.99305582,52.933193207],[4.99305582,52.93347168],[4.994167805,52.93347168],[4.994167805,52.933750153],[4.995277882,52.933750153],[4.995277882,52.934028625],[4.995833874,52.934028625],[4.995833874,52.934307098],[4.996389866,52.934307098],[4.996389866,52.934581757],[4.997499943,52.934581757],[4.997499943,52.934860229],[5.000277996,52.934860229],[5.000833988,52.934860229],[5.000833988,52.935138702],[5.001388073,52.935138702],[5.001388073,52.935695648],[5.002500057,52.935695648],[5.002500057,52.935970306],[5.004722118,52.935970306],[5.004722118,52.935695648],[5.005832195,52.935695648],[5.005832195,52.935417175],[5.006388187,52.935417175],[5.006388187,52.935138702],[5.007501125,52.935138702],[5.007501125,52.934860229],[5.008057117,52.934860229],[5.008057117,52.934581757],[5.009167194,52.934581757],[5.009167194,52.934307098],[5.009723186,52.934307098],[5.009723186,52.934028625],[5.010276794,52.934028625],[5.010276794,52.933773041],[5.010391235,52.933773041],[5.014722824,52.933750153],[5.014722824,52.934028625],[5.015276909,52.934028625],[5.015276909,52.934307098],[5.015635014,52.934307098],[5.015832901,52.934307098],[5.015832901,52.93447113],[5.015832901,52.934581757],[5.01597023,52.934581757],[5.020833969,52.934581757],[5.020833969,52.934692383],[5.020833969,52.934860229],[5.021154881,52.934860229],[5.021389961,52.934860229],[5.021389961,52.935031891],[5.021389961,52.935138702],[5.021531105,52.935138702],[5.021944046,52.935138702],[5.021944046,52.935417175],[5.022500038,52.935417175],[5.022500038,52.93585968],[5.022500038,52.935970306],[5.022652149,52.935970306],[5.02305603,52.935974121],[5.02305603,52.936248779],[5.023612022,52.936248779],[5.023612022,52.936527252],[5.024166107,52.936527252],[5.024166107,52.936805725],[5.024722099,52.936805725],[5.024722099,52.937362671],[5.025278091,52.937362671],[5.025276184,52.937915802],[5.025834084,52.937915802],[5.025834084,52.938194275],[5.026390076,52.938194275],[5.026390076,52.938751221],[5.02694416,52.938751221],[5.02694416,52.939155579],[5.02694416,52.939304352],[5.027144909,52.939304352],[5.027500153,52.939304352],[5.027500153,52.939567566],[5.027500153,52.939861298],[5.027687073,52.939861298],[5.028056145,52.939861298],[5.028056145,52.940139771],[5.027500153,52.940139771],[5.027500153,52.940692902],[5.02694416,52.940692902],[5.02694416,52.941249847],[5.026558876,52.941249847],[5.026390076,52.941249847],[5.026390076,52.94152832],[5.0278759,52.94152832],[5.028056145,52.94152832],[5.028056145,52.941417694],[5.028056145,52.941249847],[5.028338909,52.941249847],[5.028610229,52.941249847],[5.028610229,52.941085815],[5.028610229,52.940971375],[5.028801918,52.940971375],[5.029166222,52.940971375],[5.029166222,52.940753937],[5.029269218,52.940750122],[5.030278206,52.940692902],[5.030278206,52.940448761],[5.030527115,52.940441132],[5.031387806,52.940418243],[5.031387806,52.940315247],[5.031387806,52.940139771],[5.031829834,52.940139771],[5.032501221,52.940139771],[5.032501221,52.939865112],[5.033053875,52.939861298],[5.033057213,52.939640045],[5.033195972,52.939624786],[5.033609867,52.939582825],[5.033609867,52.939411163],[5.033609867,52.939304352],[5.034166813,52.939304352],[5.034166813,52.939582825],[5.034722805,52.939582825],[5.034722805,52.939861298],[5.036212921,52.939861298],[5.036944866,52.939861298],[5.036944866,52.939727783],[5.036944866,52.939582825],[5.037351131,52.939582825],[5.037500858,52.939582825],[5.037500858,52.939304352],[5.037351131,52.939304352],[5.036388874,52.939304352],[5.036388874,52.939029694],[5.035832882,52.939025879],[5.035832882,52.938194275],[5.036188126,52.938194275],[5.036388874,52.938194275],[5.036388874,52.937637329],[5.036944866,52.937637329],[5.036944866,52.93686676],[5.036944866,52.936527252],[5.037283897,52.936527252],[5.037500858,52.936527252],[5.037500858,52.936309814],[5.038054943,52.936248779],[5.038054943,52.936038971],[5.03822279,52.936027527],[5.039166927,52.935970306],[5.039166927,52.935585022],[5.039166927,52.935417175],[5.039579868,52.935417175],[5.039721012,52.935417175],[5.039722919,52.935138702],[5.041944981,52.935138702],[5.041944981,52.935695648],[5.041388988,52.935695648],[5.041388988,52.935974121],[5.040935993,52.935974121],[5.040277004,52.935974121],[5.040277004,52.936466217],[5.040277004,52.936805725],[5.039892197,52.936805725],[5.039722919,52.936805725],[5.039722919,52.937011719],[5.039722919,52.937362671],[5.039435863,52.937362671],[5.039166927,52.937362671],[5.039166927,52.937690735],[5.039166927,52.937915802],[5.040277004,52.937915802],[5.040277004,52.937770844],[5.040277004,52.937637329],[5.040597916,52.937637329],[5.040832996,52.937637329],[5.040832996,52.937362671],[5.041252136,52.937362671],[5.041388988,52.937362671],[5.041388988,52.937084198],[5.041913033,52.937084198],[5.041944981,52.936805725],[5.042271137,52.936805725],[5.042499065,52.936805725],[5.042499065,52.936546326],[5.042499065,52.936248779],[5.042766094,52.936248779],[5.043055058,52.936248779],[5.043055058,52.936058044],[5.043055058,52.935974121],[5.043352127,52.935974121],[5.043744087,52.935386658],[5.052476883,52.928470612],[5.050991058,52.927566528],[5.044985771,52.931137085],[5.042008877,52.930229187],[5.040590763,52.922145844],[5.040600777,52.92124939],[5.042099953,52.92035675],[5.045070171,52.922161102],[5.051032066,52.923080444],[5.076674938,52.892650604],[5.079665184,52.891765594],[5.082671165,52.889080048],[5.082694054,52.886386871],[5.10528183,52.859535217],[5.108291149,52.855953217],[5.117315769,52.845207214],[5.116529942,52.839473724],[5.113092899,52.814464569],[5.107450008,52.77338028],[5.110420227,52.774288177],[5.116376877,52.773406982],[5.123685837,52.76991272],[5.123844147,52.76984024],[5.125342846,52.768047333],[5.123917103,52.759967804],[5.122726917,52.759243011],[5.122435093,52.759063721],[5.125422955,52.757278442],[5.126932144,52.754589081],[5.13290596,52.751014709],[5.135887146,52.750125885],[5.138854027,52.751033783],[5.150798798,52.74388504],[5.152291775,52.742988586],[5.153796196,52.74030304],[5.154069901,52.740345001],[5.159738064,52.741214752],[5.168663025,52.740337372],[5.176095009,52.740356445],[5.179080963,52.738567352],[5.180562019,52.739471436],[5.183529854,52.740375519],[5.189179897,52.74553299],[5.189444065,52.745773315],[5.196825981,52.754764557],[5.207228184,52.754787445],[5.21765089,52.753910065],[5.229557037,52.752140045],[5.233322144,52.752147675],[5.234016895,52.752147675],[5.262267113,52.753097534],[5.274188995,52.746833801],[5.265271187,52.745922089],[5.262299061,52.745914459],[5.262300968,52.745018005],[5.269735813,52.745029449],[5.275680065,52.745937347],[5.281637192,52.743255615],[5.284623146,52.742355347],[5.286105156,52.741466522],[5.290583134,52.736087799],[5.292082787,52.732498169],[5.289113045,52.7315979],[5.287631989,52.730697632],[5.28913784,52.725315094],[5.29064703,52.719036102],[5.292149067,52.714550018],[5.299592018,52.710071564],[5.300000191,52.709827423],[5.304059982,52.707386017],[5.308524132,52.70470047],[5.298144817,52.699298859],[5.296549797,52.699268341],[5.283306122,52.695690155],[5.283312798,52.693893433],[5.283318996,52.692100525],[5.28047514,52.689506531],[5.280361176,52.689403534],[5.274433136,52.686698914],[5.269972801,52.687591553],[5.264038086,52.686683655],[5.261073112,52.685779572],[5.258102894,52.685775757],[5.250681877,52.684864044],[5.247953892,52.677341461],[5.247751236,52.676784515],[5.246287823,52.672294617],[5.243348122,52.666004181],[5.240424156,52.657024384],[5.234511852,52.652526855],[5.224143982,52.648914337],[5.219701767,52.647109985],[5.210815907,52.64440155],[5.210553169,52.644199371],[5.204907894,52.639900208],[5.20196104,52.636302948],[5.194547176,52.636287689],[5.181931973,52.633712769],[5.181215763,52.633563995],[5.175300121,52.630859375],[5.163488865,52.622753143],[5.153106213,52.623622894],[5.147698879,52.622299194],[5.146017075,52.621887207],[5.145705223,52.621810913],[5.130897999,52.619075775],[5.129395962,52.621765137],[5.13233614,52.625362396],[5.124866962,52.632522583],[5.120418072,52.632511139],[5.113018036,52.630695343],[5.110053062,52.630683899],[5.104100227,52.633361816],[5.104093075,52.63425827],[5.097164154,52.63923645],[5.096632957,52.639621735],[5.096625805,52.640518188],[5.095946789,52.640239716],[5.092191219,52.638710022],[5.087726116,52.640491486],[5.084752083,52.64138031],[5.083621979,52.641376495],[5.081785202,52.641368866],[5.078825951,52.640460968],[5.078828812,52.640167236],[5.078842163,52.63866806],[5.072938919,52.635059357],[5.067051888,52.636787415],[5.06703186,52.632347107],[5.065547943,52.632343292],[5.058125019,52.633213043],[5.059593201,52.63501358],[5.061059952,52.636814117],[5.06068182,52.637153625],[5.058070183,52.63949585],[5.055372238,52.641109467],[5.05508709,52.641281128],[5.049153805,52.641262054],[5.043247223,52.638549805],[5.042933941,52.638439178],[5.037871838,52.636665344],[5.032986164,52.634952545],[5.026991844,52.632209778],[5.026511192,52.631912231],[5.022568226,52.629497528],[5.019655228,52.624103546],[5.019719124,52.61782074],[5.022744179,52.611549377],[5.022796154,52.606163025],[5.024322987,52.601680756],[5.027313232,52.598999023],[5.022902966,52.595394135],[5.025908947,52.59091568],[5.026011944,52.590808868],[5.031894207,52.584655762],[5.036440849,52.573028564],[5.034985065,52.571205139],[5.033546925,52.566711426],[5.041888237,52.562339783],[5.045451164,52.560470581],[5.046964169,52.556884766],[5.057432175,52.545253754],[5.057496071,52.538074493],[5.060472012,52.536289215],[5.067941189,52.528236389],[5.069443226,52.525547028],[5.069475174,52.521957397],[5.074747086,52.518264771],[5.077803135,52.516124725],[5.078404903,52.515705109],[5.084342003,52.513031006],[5.087646961,52.505821228],[5.088860989,52.503170013],[5.08299017,52.497768402],[5.082932949,52.497661591],[5.080080032,52.492370605],[5.072710991,52.489654541],[5.066790104,52.490535736],[5.062405109,52.485134125],[5.06244421,52.480648041],[5.063961983,52.476161957],[5.068410873,52.474384308],[5.072873116,52.470806122],[5.071418762,52.468109131],[5.065517902,52.467193604],[5.053682804,52.468948364],[5.041903973,52.464420319],[5.040418148,52.465312958],[5.040409088,52.466209412],[5.037446022,52.467098236],[5.036328793,52.46572113],[5.035984993,52.465297699],[5.036259174,52.465133667],[5.037470818,52.46440506],[5.046378136,52.459949493],[5.049332142,52.459957123],[5.052260876,52.462661743],[5.058179855,52.461784363],[5.058196068,52.45998764],[5.052342892,52.45368576],[5.052185059,52.453086853],[5.051437855,52.450271606],[5.050918102,52.448307037],[5.050927162,52.446884155],[5.050971031,52.442012787],[5.052473068,52.439323425],[5.067259789,52.436683655],[5.070197105,52.438488007],[5.075973034,52.437866211],[5.086454868,52.43674469],[5.090898991,52.434963226],[5.092382908,52.434070587],[5.089422226,52.434959412],[5.080615044,52.428646088],[5.076226234,52.424144745],[5.076258183,52.420555115],[5.071867943,52.416053772],[5.070415974,52.413356781],[5.061554909,52.414222717],[5.055658817,52.41330719],[5.049815178,52.407001495],[5.042462826,52.404285431],[5.035119057,52.400669098],[5.032195091,52.397964478],[5.029329777,52.388980865],[5.021982193,52.386260986],[5.01610899,52.383544922],[5.016478062,52.382457733],[5.017629147,52.379062653],[5.014731884,52.373668671],[5.011795044,52.372756958],[5.004403114,52.374526978],[5.001409054,52.379001617],[4.992580891,52.377170563],[4.986721992,52.373558044],[4.983773232,52.3735466],[4.97781992,52.378910065],[4.976334095,52.379798889],[4.967446804,52.383354187],[4.961574078,52.380638123],[4.964557171,52.37795639],[4.983819962,52.369060516],[4.979434967,52.365451813],[4.972066879,52.365421295],[4.972036839,52.368114471],[4.961717129,52.36807251],[4.961749077,52.365379333],[4.964716911,52.363594055],[4.969159126,52.361820221],[4.978041172,52.358264923],[4.985417843,52.357395172],[4.988382816,52.355613708],[4.994316101,52.352046967],[5.000236988,52.349376678]]],[[[4.660278797,52.980693817],[4.660278797,52.980415344],[4.662498951,52.980415344],[4.662498951,52.980140686],[4.663054943,52.980140686],[4.663054943,52.97958374],[4.663610935,52.97958374],[4.663610935,52.979305267],[4.664166927,52.979305267],[4.664166927,52.979026794],[4.664722919,52.979026794],[4.664722919,52.978473663],[4.664166927,52.978473663],[4.664166927,52.977916718],[4.663610935,52.977916718],[4.663610935,52.977359772],[4.664166927,52.977359772],[4.664166927,52.976528168],[4.664722919,52.976528168],[4.664722919,52.976249695],[4.665832996,52.976249695],[4.665832996,52.975971222],[4.673056126,52.975971222],[4.673056126,52.976249695],[4.674166203,52.976249695],[4.674166203,52.976528168],[4.676387787,52.976528168],[4.676387787,52.976806641],[4.677499771,52.976806641],[4.677499771,52.977085114],[4.678055763,52.977085114],[4.678055763,52.977359772],[4.67916584,52.977359772],[4.67916584,52.977638245],[4.680833817,52.977638245],[4.680833817,52.977916718],[4.682500839,52.977916718],[4.682500839,52.97819519],[4.68305397,52.97819519],[4.68305397,52.978473663],[4.684166908,52.978473663],[4.684166908,52.978748322],[4.685278893,52.978748322],[4.685278893,52.979026794],[4.686388969,52.979026794],[4.686388969,52.979305267],[4.686944962,52.979305267],[4.686944962,52.97958374],[4.687500954,52.97958374],[4.687500954,52.979862213],[4.688611031,52.979862213],[4.688611031,52.980140686],[4.691945076,52.980140686],[4.691945076,52.980415344],[4.707499981,52.980415344],[4.707499981,52.980140686],[4.708055973,52.980140686],[4.708055973,52.979305267],[4.708610058,52.979305267],[4.708610058,52.977638245],[4.708055973,52.977638245],[4.708055973,52.977359772],[4.707499981,52.977359772],[4.707499981,52.977085114],[4.706943989,52.977085114],[4.706943989,52.976806641],[4.706387997,52.976806641],[4.706387997,52.976528168],[4.705833912,52.976528168],[4.705833912,52.975971222],[4.70527792,52.975971222],[4.70527792,52.975418091],[4.704721928,52.975418091],[4.704721928,52.975139618],[4.704165936,52.975139618],[4.704165936,52.974861145],[4.703611851,52.974861145],[4.703609943,52.974582672],[4.703055859,52.974582672],[4.703055859,52.974304199],[4.702499866,52.974304199],[4.702499866,52.974029541],[4.701943874,52.974029541],[4.701943874,52.973751068],[4.701387882,52.973751068],[4.701387882,52.973194122],[4.700833797,52.973194122],[4.700833797,52.972915649],[4.700277805,52.972915649],[4.700277805,52.972637177],[4.699721813,52.972637177],[4.699721813,52.972362518],[4.699168205,52.972362518],[4.699168205,52.972084045],[4.698056221,52.972084045],[4.698056221,52.971805573],[4.696946144,52.971805573],[4.696942806,52.9715271],[4.694721222,52.9715271],[4.694721222,52.971805573],[4.693055153,52.971805573],[4.693055153,52.9715271],[4.691945076,52.9715271],[4.691945076,52.971248627],[4.6902771,52.971248627],[4.6902771,52.970973969],[4.687500954,52.970973969],[4.687500954,52.969581604],[4.688055038,52.969581604],[4.688055038,52.968471527],[4.687500954,52.968471527],[4.687500954,52.968193054],[4.683609962,52.968193054],[4.683609962,52.967918396],[4.67916584,52.967918396],[4.67916584,52.966526031],[4.678612232,52.966526031],[4.678612232,52.966251373],[4.676943779,52.966251373],[4.676943779,52.9659729],[4.675834179,52.9659729],[4.675834179,52.965415955],[4.675278187,52.965415955],[4.675278187,52.965137482],[4.674722195,52.965137482],[4.674722195,52.964862823],[4.674166203,52.964862823],[4.674166203,52.964584351],[4.673612118,52.964584351],[4.673612118,52.964027405],[4.673056126,52.964027405],[4.673056126,52.963748932],[4.672500134,52.963748932],[4.672500134,52.962638855],[4.671944141,52.962638855],[4.671944141,52.962360382],[4.671390057,52.962360382],[4.671390057,52.962081909],[4.669167995,52.962081909],[4.669167995,52.961807251],[4.66861105,52.961807251],[4.66861105,52.961528778],[4.668055058,52.961528778],[4.668055058,52.961250305],[4.667499065,52.961250305],[4.667499065,52.960971832],[4.666944981,52.960971832],[4.666944981,52.960693359],[4.666388988,52.960693359],[4.666388988,52.960414886],[4.660832882,52.960414886],[4.660832882,52.960140228],[4.658610821,52.960140228],[4.658610821,52.960414886],[4.656945229,52.960414886],[4.656945229,52.960693359],[4.656387806,52.960693359],[4.656387806,52.960971832],[4.655831814,52.960971832],[4.655831814,52.961250305],[4.65527916,52.961250305],[4.65527916,52.962081909],[4.654722214,52.962081909],[4.654722214,52.962360382],[4.654166222,52.962360382],[4.654166222,52.962638855],[4.653610229,52.962638855],[4.653610229,52.962917328],[4.653056145,52.962917328],[4.653056145,52.963195801],[4.65194416,52.963195801],[4.65194416,52.963470459],[4.651388168,52.963470459],[4.651388168,52.963748932],[4.650834084,52.963748932],[4.650834084,52.964862823],[4.650278091,52.964862823],[4.650278091,52.965694427],[4.649722099,52.965694427],[4.649722099,52.967082977],[4.649166107,52.967082977],[4.649166107,52.967918396],[4.648612022,52.967918396],[4.648612022,52.970417023],[4.64805603,52.970417023],[4.64805603,52.9715271],[4.648612022,52.9715271],[4.648612022,52.973751068],[4.649166107,52.973751068],[4.649166107,52.974861145],[4.649722099,52.974861145],[4.649722099,52.975139618],[4.650278091,52.975139618],[4.650278091,52.975692749],[4.650834084,52.975692749],[4.650834084,52.976249695],[4.651388168,52.976249695],[4.651388168,52.976528168],[4.65194416,52.976528168],[4.65194416,52.977359772],[4.652500153,52.977359772],[4.652500153,52.977638245],[4.653056145,52.977638245],[4.653056145,52.977916718],[4.653610229,52.977916718],[4.653610229,52.978748322],[4.654166222,52.978748322],[4.654166222,52.979305267],[4.654722214,52.979305267],[4.654722214,52.97958374],[4.65527916,52.97958374],[4.65527916,52.979862213],[4.655831814,52.979862213],[4.655831814,52.980140686],[4.656945229,52.980140686],[4.656945229,52.980415344],[4.658054829,52.980415344],[4.658057213,52.980693817],[4.660278797,52.980693817]]],[[[5.062808037,52.94196701],[5.056882858,52.936561584],[5.052625179,52.937408447],[5.052394867,52.937454224],[5.05148077,52.937866211],[5.049166203,52.938751221],[5.049166203,52.939025879],[5.048612118,52.939029694],[5.048612118,52.939228058],[5.048612118,52.939861298],[5.048056126,52.939861298],[5.048056126,52.940692902],[5.048378944,52.940692902],[5.048612118,52.940692902],[5.048612118,52.940971375],[5.051958084,52.940971375],[5.05416584,52.940971375],[5.05416584,52.941249847],[5.054721832,52.941249847],[5.054721832,52.94152832],[5.055277824,52.94152832],[5.055277824,52.941806793],[5.055833817,52.941806793],[5.055833817,52.942081451],[5.056387901,52.942081451],[5.056387901,52.942359924],[5.056943893,52.942359924],[5.056943893,52.942638397],[5.057499886,52.942638397],[5.057499886,52.94291687],[5.058055878,52.94291687],[5.058055878,52.943195343],[5.058609962,52.943195343],[5.058609962,52.943473816],[5.059165955,52.943473816],[5.059165955,52.943748474],[5.0597229,52.943748474],[5.0597229,52.944026947],[5.060278893,52.944026947],[5.060278893,52.944400787],[5.060278893,52.944583893],[5.060629845,52.944583893],[5.060832024,52.944583893],[5.060832024,52.944690704],[5.060832024,52.944862366],[5.061168194,52.944862366],[5.061388969,52.944862366],[5.061388969,52.944976807],[5.061388969,52.945137024],[5.061696053,52.945137024],[5.061944962,52.945137024],[5.061944962,52.945266724],[5.061944962,52.945415497],[5.062233925,52.945415497],[5.062500954,52.945415497],[5.062500954,52.945552826],[5.062500954,52.94569397],[5.062771797,52.94569397],[5.063055038,52.94569397],[5.063055038,52.945842743],[5.063055038,52.945972443],[5.063310146,52.945972443],[5.063611031,52.945972443],[5.063611031,52.946128845],[5.063611031,52.946250916],[5.063848019,52.946250916],[5.064167023,52.946250916],[5.064167023,52.946414948],[5.064167023,52.946529388],[5.06438303,52.946529388],[5.064723015,52.946529388],[5.064723015,52.946804047],[5.064914227,52.946804047],[5.0652771,52.946804047],[5.065279007,52.94708252],[5.065452099,52.94708252],[5.065833092,52.94708252],[5.065833092,52.947360992],[5.065989971,52.947360992],[5.066389084,52.947360992],[5.066389084,52.947639465],[5.066525936,52.947639465],[5.066945076,52.947639465],[5.066945076,52.947917938],[5.067063808,52.947917938],[5.067501068,52.947917938],[5.067501068,52.948192596],[5.068055153,52.948192596],[5.068055153,52.948471069],[5.068611145,52.948471069],[5.068611145,52.948749542],[5.069167137,52.948749542],[5.069167137,52.949028015],[5.069721222,52.949028015],[5.069721222,52.949306488],[5.070277214,52.949306488],[5.070277214,52.949584961],[5.070833206,52.949584961],[5.070833206,52.949859619],[5.071389198,52.949859619],[5.071389198,52.950138092],[5.071942806,52.950138092],[5.071946144,52.950416565],[5.072498798,52.950416565],[5.072498798,52.950695038],[5.07305479,52.950695038],[5.07305479,52.950973511],[5.073612213,52.950973511],[5.073612213,52.951248169],[5.074168205,52.951248169],[5.074168205,52.951526642],[5.074721813,52.951526642],[5.074721813,52.951885223],[5.074721813,52.952083588],[5.075104237,52.952083588],[5.075277805,52.952083588],[5.075277805,52.952362061],[5.075642109,52.952362061],[5.075833797,52.952362061],[5.075833797,52.952640533],[5.076179981,52.952640533],[5.07638979,52.952640533],[5.07638979,52.952747345],[5.07638979,52.952915192],[5.076708794,52.952915192],[5.076943874,52.952915192],[5.076943874,52.953037262],[5.076943874,52.953193665],[5.077247143,52.953193665],[5.077499866,52.953193665],[5.077499866,52.953323364],[5.077499866,52.953472137],[5.077785015,52.953472137],[5.078055859,52.953472137],[5.078055859,52.953613281],[5.078055859,52.95375061],[5.078322887,52.95375061],[5.078611851,52.95375061],[5.078611851,52.953899384],[5.078611851,52.954029083],[5.078859806,52.954029083],[5.079165936,52.954029083],[5.079165936,52.954189301],[5.079165936,52.954303741],[5.079389095,52.954303741],[5.079721928,52.954303741],[5.079721928,52.954475403],[5.079721928,52.954582214],[5.079926968,52.954582214],[5.08027792,52.954582214],[5.08027792,52.954860687],[5.08046484,52.954860687],[5.080833912,52.954860687],[5.080833912,52.95513916],[5.081003189,52.95513916],[5.081387997,52.95513916],[5.081387997,52.955417633],[5.081541061,52.955417633],[5.081943989,52.955417633],[5.081943989,52.955696106],[5.082076073,52.955696106],[5.082499981,52.955696106],[5.082499981,52.955970764],[5.082606792,52.955970764],[5.083055973,52.955970764],[5.083055973,52.956249237],[5.083610058,52.956249237],[5.083610058,52.95652771],[5.08416605,52.95652771],[5.08416605,52.956806183],[5.084722042,52.956806183],[5.084722042,52.957084656],[5.085278034,52.957084656],[5.085278034,52.957359314],[5.08583498,52.957359314],[5.08583498,52.957637787],[5.086388111,52.957637787],[5.086388111,52.95791626],[5.086945057,52.95791626],[5.086945057,52.958194733],[5.087501049,52.958194733],[5.087501049,52.958473206],[5.088057041,52.958473206],[5.088057041,52.958751678],[5.088611126,52.958751678],[5.088611126,52.959079742],[5.088611126,52.95930481],[5.089036942,52.959354401],[5.089167118,52.959369659],[5.089167118,52.959583282],[5.089579105,52.959583282],[5.08972311,52.959583282],[5.08972311,52.959861755],[5.090116978,52.959861755],[5.090277195,52.959861755],[5.090277195,52.960140228],[5.09065485,52.960140228],[5.090833187,52.960140228],[5.090833187,52.960414886],[5.091184139,52.960414886],[5.091389179,52.960414886],[5.091389179,52.960521698],[5.091389179,52.960693359],[5.091722012,52.960693359],[5.091945171,52.960693359],[5.091945171,52.9608078],[5.091945171,52.960971832],[5.09225893,52.960971832],[5.092501163,52.960971832],[5.092501163,52.961097717],[5.092501163,52.961250305],[5.092796803,52.961250305],[5.093054771,52.961250305],[5.093054771,52.96138382],[5.093054771,52.961528778],[5.093335152,52.961528778],[5.093610764,52.961528778],[5.093610764,52.961666107],[5.093610764,52.961807251],[5.09389782,52.961807251],[5.094167233,52.961807251],[5.094167233,52.961940765],[5.094167233,52.962081909],[5.09445715,52.962081909],[5.094723225,52.962081909],[5.094723225,52.962211609],[5.094723225,52.962360382],[5.095026016,52.962360382],[5.095276833,52.962360382],[5.095276833,52.962482452],[5.095276833,52.962638855],[5.095593929,52.962638855],[5.095832825,52.962638855],[5.095832825,52.962757111],[5.095832825,52.962917328],[5.096160889,52.962917328],[5.096388817,52.962917328],[5.096388817,52.963027954],[5.096388817,52.963195801],[5.096728802,52.963195801],[5.096944809,52.963195801],[5.096944809,52.963302612],[5.096944809,52.963470459],[5.097290039,52.963470459],[5.097498894,52.963470459],[5.097498894,52.963573456],[5.097498894,52.963748932],[5.097856998,52.963748932],[5.098054886,52.963748932],[5.098054886,52.964027405],[5.098426819,52.964027405],[5.098610878,52.964027405],[5.098610878,52.964305878],[5.098993778,52.964305878],[5.099167824,52.964305878],[5.099167824,52.964584351],[5.099524975,52.964584351],[5.099720955,52.964584351],[5.099720955,52.964687347],[5.099720955,52.964862823],[5.10005188,52.964862823],[5.100276947,52.964862823],[5.100276947,52.964981079],[5.100276947,52.965137482],[5.100574017,52.965137482],[5.100833893,52.965137482],[5.100833893,52.965274811],[5.100833893,52.965415955],[5.101099968,52.965415955],[5.101389885,52.965415955],[5.101389885,52.965568542],[5.101389885,52.965694427],[5.101626873,52.965694427],[5.10194397,52.965694427],[5.10194397,52.965862274],[5.10194397,52.9659729],[5.102152824,52.9659729],[5.102499962,52.9659729],[5.102499962,52.966251373],[5.102682114,52.966251373],[5.103055954,52.966251373],[5.103055954,52.966449738],[5.103055954,52.966804504],[5.103611946,52.966804504],[5.103611946,52.967082977],[5.104166031,52.967082977],[5.104166031,52.96736145],[5.104722023,52.96736145],[5.104722023,52.967639923],[5.105278015,52.967639923],[5.105278015,52.967918396],[5.105834007,52.967918396],[5.105834007,52.968193054],[5.106389999,52.968208313],[5.106389999,52.968471527],[5.106944084,52.968502045],[5.106944084,52.96875],[5.107500076,52.968795776],[5.107500076,52.969028473],[5.107933044,52.969074249],[5.108056068,52.969089508],[5.108056068,52.969306946],[5.108463764,52.969306946],[5.108610153,52.969306946],[5.108610153,52.969581604],[5.108985901,52.969581604],[5.109166145,52.969581604],[5.109166145,52.969860077],[5.109512806,52.969860077],[5.109722137,52.969860077],[5.109722137,52.969970703],[5.109722137,52.97013855],[5.110039234,52.97013855],[5.11027813,52.97013855],[5.11027813,52.970264435],[5.11027813,52.970417023],[5.110565186,52.970417023],[5.110832214,52.970417023],[5.110832214,52.970558167],[5.110832214,52.970695496],[5.111093998,52.970695496],[5.111388206,52.970695496],[5.111388206,52.970851898],[5.111388206,52.970973969],[5.111620903,52.970973969],[5.111944199,52.970973969],[5.111944199,52.97114563],[5.111944199,52.971248627],[5.112140179,52.971248627],[5.112500191,52.971248627],[5.112500191,52.9715271],[5.112667084,52.9715271],[5.113057137,52.9715271],[5.113057137,52.971805573],[5.113195896,52.971805573],[5.113609791,52.971805573],[5.113609791,52.972084045],[5.113721848,52.972084045],[5.114167213,52.972084045],[5.114167213,52.972362518],[5.114723206,52.972362518],[5.114723206,52.972637177],[5.115279198,52.972637177],[5.115279198,52.972915649],[5.115832806,52.972915649],[5.115832806,52.973194122],[5.116388798,52.973194122],[5.116388798,52.973472595],[5.11694479,52.973472595],[5.11694479,52.973751068],[5.117500782,52.973751068],[5.117500782,52.974079132],[5.117500782,52.974304199],[5.117918015,52.974357605],[5.118054867,52.974372864],[5.118054867,52.974582672],[5.118451118,52.974582672],[5.118610859,52.974582672],[5.118610859,52.974861145],[5.118978024,52.974861145],[5.119166851,52.974861145],[5.119166851,52.975139618],[5.119506836,52.975139618],[5.119722843,52.975139618],[5.119722843,52.975254059],[5.119722843,52.975418091],[5.120032787,52.975418091],[5.120276928,52.975418091],[5.120276928,52.975547791],[5.120276928,52.975692749],[5.120553017,52.975692749],[5.12083292,52.975692749],[5.12083292,52.975841522],[5.12083292,52.975971222],[5.121078968,52.975971222],[5.121388912,52.975971222],[5.121388912,52.976135254],[5.121388912,52.976249695],[5.12160778,52.976249695],[5.121944904,52.976249695],[5.121944904,52.976528168],[5.122134209,52.976528168],[5.122498989,52.976528168],[5.122498989,52.976806641],[5.122661114,52.976806641],[5.123054981,52.976806641],[5.123054981,52.977085114],[5.123189926,52.977085114],[5.123610973,52.977085114],[5.123610973,52.977359772],[5.124166965,52.977359772],[5.124166965,52.977638245],[5.12472105,52.977638245],[5.124722958,52.977916718],[5.125277042,52.977916718],[5.125277042,52.97819519],[5.125833035,52.97819519],[5.125833035,52.978473663],[5.12638998,52.978473663],[5.12638998,52.978748322],[5.126945972,52.978748322],[5.126945972,52.979026794],[5.127499104,52.979026794],[5.127499104,52.979305267],[5.128056049,52.979305267],[5.128056049,52.97958374],[5.128612041,52.97958374],[5.128612041,52.979862213],[5.129166126,52.979862213],[5.129166126,52.980140686],[5.129722118,52.980140686],[5.129722118,52.980415344],[5.130278111,52.980415344],[5.130278111,52.980693817],[5.130834103,52.980693817],[5.130834103,52.98097229],[5.131388187,52.98097229],[5.131390095,52.981250763],[5.13194418,52.981250763],[5.13194418,52.981803894],[5.13212204,52.981803894],[5.132500172,52.981803894],[5.132500172,52.982082367],[5.132647991,52.982082367],[5.133056164,52.982082367],[5.133056164,52.98236084],[5.133174896,52.98236084],[5.133612156,52.98236084],[5.133612156,52.982639313],[5.134165764,52.982639313],[5.134165764,52.982917786],[5.134722233,52.982917786],[5.134722233,52.983196259],[5.135278225,52.983196259],[5.135278225,52.983470917],[5.135834217,52.983470917],[5.135834217,52.98374939],[5.136387825,52.98374939],[5.136387825,52.984027863],[5.136943817,52.984027863],[5.136943817,52.984306335],[5.137499809,52.984306335],[5.137499809,52.984584808],[5.138055801,52.984584808],[5.138055801,52.984859467],[5.138609886,52.984859467],[5.138609886,52.985137939],[5.139165878,52.985137939],[5.139165878,52.985416412],[5.13972187,52.985416412],[5.13972187,52.985694885],[5.140278816,52.985694885],[5.140278816,52.985973358],[5.140831947,52.985973358],[5.140831947,52.986251831],[5.141388893,52.986251831],[5.141388893,52.986526489],[5.141944885,52.986526489],[5.141944885,52.986804962],[5.142500877,52.986804962],[5.142500877,52.987083435],[5.143054962,52.987083435],[5.143054962,52.987361908],[5.143610954,52.987361908],[5.143610954,52.987640381],[5.144166946,52.987640381],[5.144166946,52.987915039],[5.144722939,52.987915039],[5.144722939,52.988193512],[5.145278931,52.988193512],[5.145278931,52.988471985],[5.145833015,52.988471985],[5.145833015,52.989028931],[5.146389008,52.989028931],[5.146389008,52.989307404],[5.146945,52.989307404],[5.146945,52.989582062],[5.147500992,52.989582062],[5.147500992,52.989860535],[5.148055077,52.989860535],[5.148055077,52.990139008],[5.148611069,52.990139008],[5.148611069,52.99041748],[5.149167061,52.99041748],[5.149167061,52.990695953],[5.149721146,52.990695953],[5.149721146,52.990970612],[5.150277138,52.990970612],[5.150277138,52.991249084],[5.15083313,52.991249084],[5.15083313,52.991527557],[5.151389122,52.991527557],[5.151389122,52.99180603],[5.151945114,52.99180603],[5.151945114,52.992084503],[5.152499199,52.992084503],[5.152499199,52.992362976],[5.153055191,52.992362976],[5.153055191,52.992637634],[5.153612137,52.992637634],[5.153612137,52.992916107],[5.154168129,52.992916107],[5.154168129,52.99319458],[5.154720783,52.99319458],[5.154720783,52.993473053],[5.155278206,52.993473053],[5.155278206,52.993751526],[5.155834198,52.993751526],[5.155834198,52.994026184],[5.15639019,52.994026184],[5.15639019,52.994304657],[5.156943798,52.994304657],[5.156943798,52.99458313],[5.15749979,52.99458313],[5.15749979,52.994861603],[5.158055782,52.994861603],[5.158055782,52.995140076],[5.158611774,52.995140076],[5.158611774,52.995414734],[5.159165859,52.995418549],[5.159165859,52.995693207],[5.159721851,52.995693207],[5.159721851,52.99597168],[5.160277843,52.99597168],[5.160277843,52.996528625],[5.160833836,52.996528625],[5.160833836,52.996807098],[5.16138792,52.996807098],[5.16138792,52.997081757],[5.161943913,52.997081757],[5.161943913,52.997360229],[5.162499905,52.997360229],[5.162499905,52.997638702],[5.163055897,52.997638702],[5.163055897,52.997917175],[5.163609982,52.997917175],[5.163609982,52.998195648],[5.164165974,52.998195648],[5.164165974,52.998470306],[5.164721966,52.998474121],[5.164721966,52.998748779],[5.165277958,52.998748779],[5.165277958,52.999027252],[5.165834904,52.999027252],[5.165834904,52.999305725],[5.166388035,52.999305725],[5.166388035,52.999584198],[5.166944027,52.999584198],[5.166944027,52.999862671],[5.167500973,52.999862671],[5.167797089,52.99956131],[5.168439865,52.999034882],[5.169342041,52.99829483],[5.16998291,52.997913361],[5.062808037,52.94196701]]],[[[4.859168053,53.182914734],[4.859168053,53.182640076],[4.859722137,53.182640076],[4.859722137,53.182361603],[4.86027813,53.182361603],[4.86027813,53.18208313],[4.860834122,53.18208313],[4.860834122,53.181804657],[4.861388206,53.181804657],[4.861388206,53.181526184],[4.861944199,53.181526184],[4.861944199,53.181251526],[4.862500191,53.181251526],[4.862500191,53.18069458],[4.863056183,53.18069458],[4.863056183,53.180210114],[4.863056183,53.179862976],[4.863612175,53.179862976],[4.863612175,53.17930603],[4.864165783,53.17930603],[4.864165783,53.179027557],[4.864721775,53.179027557],[4.864721775,53.178470612],[4.865277767,53.178470612],[4.865277767,53.177639008],[4.865834236,53.177639008],[4.865834236,53.177360535],[4.866387844,53.177360535],[4.866387844,53.177082062],[4.866786957,53.177082062],[4.866943836,53.177082062],[4.866943836,53.176929474],[4.866943836,53.176528931],[4.867353916,53.176528931],[4.867499828,53.176528931],[4.867499828,53.176383972],[4.867499828,53.175971985],[4.867921829,53.175971985],[4.86805582,53.175971985],[4.86805582,53.175842285],[4.86805582,53.175693512],[4.868206978,53.175693512],[4.868609905,53.175693512],[4.868611813,53.175415039],[4.869165897,53.175415039],[4.869165897,53.175140381],[4.869721889,53.175140381],[4.869721889,53.174861908],[4.870278835,53.174861908],[4.870278835,53.174583435],[4.870831966,53.174583435],[4.870831966,53.174026489],[4.871387959,53.174026489],[4.871387959,53.173751831],[4.871944904,53.173751831],[4.871944904,53.173194885],[4.872500896,53.173194885],[4.872500896,53.172466278],[4.872500896,53.172359467],[4.872643948,53.172359467],[4.873054028,53.172359467],[4.873054028,53.172084808],[4.873610973,53.172084808],[4.873610973,53.171649933],[4.873610973,53.171527863],[4.873776913,53.171527863],[4.874166965,53.171527863],[4.874166965,53.17124176],[4.874166965,53.168193817],[4.874722958,53.168193817],[4.874722958,53.167915344],[4.875277042,53.167915344],[4.87527895,53.167640686],[4.875726223,53.167640686],[4.875833035,53.167640686],[4.875833035,53.167331696],[4.875833035,53.166805267],[4.876017094,53.166805267],[4.876389027,53.166805267],[4.876389027,53.166362762],[4.876389027,53.166248322],[4.87667799,53.166248322],[4.876945019,53.166248322],[4.876945019,53.166145325],[4.876945019,53.161804199],[4.876389027,53.161804199],[4.876389027,53.161529541],[4.875833035,53.161529541],[4.875833035,53.160137177],[4.876389027,53.160137177],[4.876389027,53.159305573],[4.876945019,53.159305573],[4.876945019,53.158748627],[4.877501011,53.158748627],[4.877501011,53.158473969],[4.878611088,53.158473969],[4.878611088,53.157081604],[4.87916708,53.157081604],[4.87916708,53.156528473],[4.879723072,53.156528473],[4.879723072,53.155971527],[4.880277157,53.155971527],[4.880277157,53.155418396],[4.880833149,53.155418396],[4.880833149,53.155139923],[4.881768227,53.155139923],[4.88305521,53.155139923],[4.88305521,53.155418396],[4.883611202,53.155418396],[4.883611202,53.155693054],[4.884168148,53.155693054],[4.884168148,53.155971527],[4.884720802,53.155971527],[4.884720802,53.15625],[4.885276794,53.15625],[4.885276794,53.156528473],[4.886390209,53.156528473],[4.886390209,53.15625],[4.886943817,53.15625],[4.886943817,53.155971527],[4.887499809,53.155971527],[4.887499809,53.155418396],[4.888055801,53.155418396],[4.888055801,53.155139923],[4.888611794,53.155139923],[4.888611794,53.15486145],[4.889165878,53.15486145],[4.889165878,53.154582977],[4.88972187,53.154582977],[4.88972187,53.154026031],[4.890277863,53.154026031],[4.890277863,53.153751373],[4.890833855,53.153751373],[4.890833855,53.153362274],[4.890833855,53.153194427],[4.891114235,53.153194427],[4.891387939,53.153194427],[4.891387939,53.15303421],[4.891387939,53.152915955],[4.891588211,53.152915955],[4.891943932,53.152915955],[4.891943932,53.152706146],[4.891943932,53.152362823],[4.892499924,53.152362823],[4.892499924,53.151805878],[4.893055916,53.151805878],[4.893055916,53.151527405],[4.893610001,53.151527405],[4.893610001,53.150695801],[4.894165993,53.150695801],[4.894165993,53.150138855],[4.894721985,53.150138855],[4.894721985,53.149581909],[4.895277977,53.149581909],[4.895277977,53.149307251],[4.895833969,53.149307251],[4.895833969,53.148750305],[4.896388054,53.148750305],[4.896388054,53.148193359],[4.896944046,53.148193359],[4.896944046,53.147640228],[4.897500038,53.147640228],[4.897500038,53.14680481],[4.898056984,53.14680481],[4.898056984,53.145973206],[4.898610115,53.145973206],[4.898610115,53.145137787],[4.899167061,53.145137787],[4.899167061,53.144584656],[4.899723053,53.144584656],[4.899723053,53.14402771],[4.900276184,53.14402771],[4.900276184,53.143470764],[4.90083313,53.143470764],[4.90083313,53.142917633],[4.901389122,53.142917633],[4.901389122,53.142360687],[4.901945114,53.142360687],[4.901945114,53.141803741],[4.902501106,53.141803741],[4.902501106,53.14125061],[4.903055191,53.14125061],[4.903055191,53.140693665],[4.903611183,53.140693665],[4.903611183,53.140140533],[4.904167175,53.140140533],[4.904167175,53.139583588],[4.904723167,53.139583588],[4.904723167,53.139026642],[4.905276775,53.139026642],[4.905276775,53.138473511],[4.905832767,53.138473511],[4.905832767,53.137916565],[4.906389236,53.137916565],[4.906389236,53.137359619],[4.906945229,53.137359619],[4.906945229,53.136806488],[4.907442093,53.136806488],[4.907498837,53.135971069],[4.908054829,53.135971069],[4.908054829,53.13180542],[4.907498837,53.13180542],[4.907498837,53.131526947],[4.906945229,53.131526947],[4.906945229,53.131248474],[4.905832767,53.131248474],[4.905832767,53.130973816],[4.905276775,53.130973816],[4.905276775,53.128749847],[4.904723167,53.128749847],[4.904723167,53.128471375],[4.904167175,53.128471375],[4.904167175,53.128192902],[4.901945114,53.128192902],[4.901945114,53.127361298],[4.902501106,53.127361298],[4.902501106,53.127082825],[4.903055191,53.127082825],[4.903055191,53.125972748],[4.902501106,53.125972748],[4.902501106,53.125694275],[4.901945114,53.125694275],[4.901945114,53.125415802],[4.901389122,53.125415802],[4.901389122,53.125137329],[4.90083313,53.125137329],[4.90083313,53.124862671],[4.900276184,53.124862671],[4.900276184,53.123748779],[4.899723053,53.123748779],[4.899723053,53.121528625],[4.899167061,53.121528625],[4.899167061,53.11958313],[4.898610115,53.11958313],[4.898610115,53.112361908],[4.898056984,53.112361908],[4.898056984,53.110973358],[4.897500038,53.110973358],[4.897500038,53.109584808],[4.896944046,53.109584808],[4.896944046,53.100418091],[4.897500038,53.100418091],[4.897500038,53.099029541],[4.898056984,53.099029541],[4.898056984,53.097915649],[4.898610115,53.097915649],[4.898610115,53.0965271],[4.899167061,53.0965271],[4.899167061,53.094860077],[4.898610115,53.094860077],[4.898610115,53.093193054],[4.898056984,53.093193054],[4.898056984,53.092082977],[4.897500038,53.092082977],[4.897500038,53.090137482],[4.896944046,53.090137482],[4.896944046,53.084861755],[4.897500038,53.084861755],[4.897500038,53.083194733],[4.898056984,53.083194733],[4.898056984,53.079860687],[4.897500038,53.079860687],[4.897500038,53.079303741],[4.896944046,53.079303741],[4.896944046,53.07875061],[4.896388054,53.07875061],[4.896388054,53.078193665],[4.895833969,53.078193665],[4.895833969,53.077640533],[4.895277977,53.077640533],[4.895277977,53.077083588],[4.894721985,53.077083588],[4.894721985,53.076526642],[4.894165993,53.076526642],[4.894165993,53.075973511],[4.893610001,53.075973511],[4.893610001,53.075416565],[4.893055916,53.075416565],[4.893055916,53.074859619],[4.892499924,53.074859619],[4.892499924,53.074584961],[4.891943932,53.074584961],[4.891943932,53.074306488],[4.891387939,53.074306488],[4.891387939,53.074028015],[4.890833855,53.074028015],[4.890833855,53.073749542],[4.890277863,53.073749542],[4.890277863,53.073471069],[4.88972187,53.073471069],[4.88972187,53.073192596],[4.889165878,53.073192596],[4.889165878,53.072917938],[4.888611794,53.072917938],[4.888611794,53.072639465],[4.887499809,53.072639465],[4.887499809,53.072360992],[4.886943817,53.072360992],[4.886943817,53.07208252],[4.885834217,53.07208252],[4.885834217,53.071804047],[4.885276794,53.071804047],[4.885276794,53.071529388],[4.884168148,53.071529388],[4.884168148,53.071250916],[4.88305521,53.071250916],[4.88305521,53.070972443],[4.881389141,53.070972443],[4.881389141,53.07069397],[4.876945019,53.07069397],[4.876945019,53.070415497],[4.87527895,53.070415497],[4.875277042,53.070137024],[4.873610973,53.070137024],[4.873610973,53.069583893],[4.873054028,53.069583893],[4.873054028,53.068748474],[4.872500896,53.068748474],[4.872500896,53.066249847],[4.871944904,53.066249847],[4.871944904,53.055137634],[4.871387959,53.055137634],[4.871387959,53.054584503],[4.870831966,53.054584503],[4.870831966,53.054027557],[4.870278835,53.054027557],[4.870278835,53.053749084],[4.869721889,53.053749084],[4.869721889,53.053195953],[4.869165897,53.053195953],[4.869165897,53.05291748],[4.868611813,53.05291748],[4.868609905,53.052639008],[4.86805582,53.052639008],[4.86805582,53.052360535],[4.866387844,53.052360535],[4.866387844,53.052082062],[4.863612175,53.052082062],[4.863612175,53.051807404],[4.863056183,53.051807404],[4.863056183,53.051250458],[4.862500191,53.051250458],[4.862500191,53.04624939],[4.861944199,53.04624939],[4.861944199,53.045696259],[4.861388206,53.045696259],[4.861388206,53.045139313],[4.860834122,53.045139313],[4.860834122,53.044582367],[4.86027813,53.044582367],[4.86027813,53.044029236],[4.859722137,53.044029236],[4.859722137,53.04347229],[4.859168053,53.04347229],[4.859168053,53.042915344],[4.858612061,53.042915344],[4.858612061,53.042362213],[4.858055115,53.042362213],[4.858055115,53.041805267],[4.857499123,53.041805267],[4.857499123,53.041248322],[4.856389046,53.041248322],[4.856389046,53.040973663],[4.855833054,53.040973663],[4.855833054,53.040416718],[4.855277061,53.040416718],[4.855277061,53.040138245],[4.854721069,53.040138245],[4.854721069,53.039585114],[4.854166985,53.039585114],[4.854166985,53.039306641],[4.853610992,53.039306641],[4.853610992,53.039028168],[4.853055,53.039028168],[4.853055,53.038471222],[4.852499008,53.038471222],[4.852499008,53.038192749],[4.851944923,53.038192749],[4.851944923,53.037918091],[4.851388931,53.037918091],[4.851388931,53.037361145],[4.850832939,53.037361145],[4.850832939,53.036804199],[4.850276947,53.036804199],[4.850276947,53.035972595],[4.849722862,53.035972595],[4.849722862,53.035694122],[4.84916687,53.035694122],[4.84916687,53.035415649],[4.848610878,53.035415649],[4.848610878,53.034862518],[4.848054886,53.034862518],[4.848054886,53.034305573],[4.847500801,53.034305573],[4.847500801,53.0340271],[4.846944809,53.0340271],[4.846944809,53.033748627],[4.846388817,53.033748627],[4.846388817,53.033473969],[4.845279217,53.033473969],[4.845279217,53.033195496],[4.844165802,53.033195496],[4.844165802,53.032917023],[4.84360981,53.032917023],[4.84360981,53.03263855],[4.843057156,53.03263855],[4.843057156,53.032360077],[4.84250021,53.032360077],[4.84250021,53.032081604],[4.841388226,53.032081604],[4.841388226,53.031806946],[4.840832233,53.031806946],[4.840832233,53.031528473],[4.839722157,53.031528473],[4.839722157,53.03125],[4.83861208,53.03125],[4.83861208,53.030971527],[4.837500095,53.030971527],[4.837500095,53.030693054],[4.836390018,53.030693054],[4.836390018,53.030418396],[4.835278034,53.030418396],[4.835278034,53.030139923],[4.828054905,53.030139923],[4.828054905,53.02986145],[4.819723129,53.02986145],[4.819723129,53.029582977],[4.819167137,53.029582977],[4.819167137,53.029026031],[4.818610191,53.029026031],[4.818610191,53.0284729],[4.81805706,53.0284729],[4.81805706,53.028194427],[4.817501068,53.028194427],[4.817501068,53.027637482],[4.816944122,53.027637482],[4.816944122,53.027084351],[4.81638813,53.027084351],[4.81638813,53.026527405],[4.815834999,53.026527405],[4.815832138,53.026248932],[4.815278053,53.026248932],[4.815278053,53.025970459],[4.814722061,53.025970459],[4.814722061,53.025417328],[4.814166069,53.025417328],[4.814166069,53.025138855],[4.813610077,53.025138855],[4.813610077,53.024860382],[4.813055992,53.024860382],[4.813055992,53.024028778],[4.8125,53.024028778],[4.8125,53.023750305],[4.811944008,53.023750305],[4.811944008,53.023471832],[4.811388016,53.023471832],[4.811388016,53.023193359],[4.810833931,53.023193359],[4.810833931,53.022914886],[4.810277939,53.022914886],[4.810277939,53.022361755],[4.809721947,53.022361755],[4.809721947,53.02180481],[4.809165955,53.02180481],[4.809165955,53.021251678],[4.80861187,53.021251678],[4.80861187,53.020973206],[4.808055878,53.020973206],[4.808055878,53.02041626],[4.807499886,53.02041626],[4.807499886,53.020137787],[4.806943893,53.020137787],[4.806943893,53.019859314],[4.806389809,53.019859314],[4.806389809,53.019306183],[4.805833817,53.019306183],[4.805833817,53.01902771],[4.805277824,53.01902771],[4.805277824,53.018470764],[4.804720879,53.018470764],[4.804720879,53.018196106],[4.804168224,53.018196106],[4.804168224,53.01763916],[4.803612232,53.01763916],[4.803612232,53.017360687],[4.80305481,53.017360687],[4.80305481,53.016803741],[4.802498817,53.016803741],[4.802498817,53.016529083],[4.801942825,53.016529083],[4.801942825,53.015972137],[4.801389217,53.015972137],[4.801389217,53.015415192],[4.800833225,53.015415192],[4.800833225,53.014862061],[4.800277233,53.014862061],[4.800277233,53.014305115],[4.799723148,53.014305115],[4.799723148,53.014026642],[4.799167156,53.014026642],[4.799167156,53.013473511],[4.798611164,53.013473511],[4.798611164,53.013195038],[4.798055172,53.013195038],[4.798055172,53.012638092],[4.797501087,53.012638092],[4.797501087,53.012359619],[4.796945095,53.012359619],[4.796945095,53.011806488],[4.796389103,53.011806488],[4.796389103,53.011249542],[4.795833111,53.011249542],[4.795833111,53.010692596],[4.795277119,53.010692596],[4.795277119,53.010417938],[4.794723034,53.010417938],[4.794723034,53.009860992],[4.794167042,53.009860992],[4.794167042,53.00958252],[4.79361105,53.00958252],[4.79361105,53.009029388],[4.793055058,53.009029388],[4.793055058,53.008750916],[4.792500973,53.008750916],[4.792500973,53.00819397],[4.791944981,53.00819397],[4.791944981,53.007637024],[4.791388035,53.007637024],[4.791388035,53.007362366],[4.790832043,53.007362366],[4.790832043,53.007083893],[4.790278912,53.007083893],[4.790278912,53.006526947],[4.790832043,53.006526947],[4.790832043,53.006248474],[4.791944981,53.006248474],[4.791944981,53.006526947],[4.792500973,53.006526947],[4.792500973,53.00680542],[4.793055058,53.00680542],[4.793055058,53.007083893],[4.79361105,53.007083893],[4.79361105,53.007362366],[4.794695854,53.007362366],[4.795833111,53.007362366],[4.795833111,53.007083893],[4.796389103,53.007083893],[4.796389103,53.006526947],[4.795833111,53.006526947],[4.795833111,53.005138397],[4.795277119,53.005138397],[4.795277119,53.004859924],[4.794723034,53.004859924],[4.794723034,53.004585266],[4.794515133,53.004585266],[4.794167042,53.004581451],[4.794167042,53.004306793],[4.79361105,53.004306793],[4.79361105,53.00402832],[4.793055058,53.00402832],[4.793055058,53.003749847],[4.792500973,53.003749847],[4.792500973,53.003192902],[4.791944981,53.003192902],[4.791944981,53.002918243],[4.791388035,53.002918243],[4.791388035,53.002361298],[4.790278912,53.002361298],[4.790278912,53.002082825],[4.789721966,53.002082825],[4.789721966,53.001804352],[4.784165859,53.001804352],[4.784165859,53.002082825],[4.780965805,53.002082825],[4.780278206,53.002082825],[4.780254841,53.002361298],[4.779722214,53.002361298],[4.779722214,53.002571106],[4.779722214,53.002918243],[4.779168129,53.002918243],[4.779168129,53.003192902],[4.778612137,53.003192902],[4.778612137,53.003471375],[4.778056145,53.003471375],[4.778056145,53.003749847],[4.776946068,53.003749847],[4.776946068,53.00402832],[4.776390076,53.00402832],[4.776390076,53.004306793],[4.77583313,53.004306793],[4.77583313,53.004581451],[4.775277138,53.004585266],[4.775277138,53.004859924],[4.774721146,53.004859924],[4.774721146,53.005138397],[4.773611069,53.005138397],[4.773611069,53.00541687],[4.772499084,53.00541687],[4.772499084,53.005695343],[4.771945,53.005695343],[4.771945,53.005973816],[4.770833015,53.005973816],[4.770833015,53.006248474],[4.769722939,53.006248474],[4.769722939,53.006526947],[4.768610954,53.006526947],[4.768610954,53.00680542],[4.767500877,53.00680542],[4.767500877,53.007083893],[4.765832901,53.007083893],[4.765832901,53.007362366],[4.764722824,53.007362366],[4.764722824,53.007637024],[4.763609886,53.007637024],[4.763609886,53.007915497],[4.762499809,53.007915497],[4.762499809,53.00819397],[4.761387825,53.00819397],[4.761387825,53.008472443],[4.760278225,53.008472443],[4.760278225,53.008750916],[4.759165764,53.008750916],[4.759165764,53.009029388],[4.757500172,53.009029388],[4.757500172,53.009304047],[4.756390095,53.009304047],[4.756388187,53.00958252],[4.755834103,53.00958252],[4.755834103,53.009860992],[4.755278111,53.009860992],[4.755278111,53.010139465],[4.753612041,53.010139465],[4.753612041,53.010417938],[4.752500057,53.010417938],[4.752500057,53.010692596],[4.750277042,53.010692596],[4.750277042,53.010417938],[4.74972105,53.010417938],[4.74972105,53.010139465],[4.749167919,53.010139465],[4.749167919,53.009860992],[4.748610973,53.009860992],[4.748610973,53.008472443],[4.749167919,53.008472443],[4.749167919,53.00819397],[4.74972105,53.00819397],[4.74972105,53.007915497],[4.750277042,53.007915497],[4.750277042,53.007362366],[4.750833988,53.007362366],[4.750833988,53.00680542],[4.751279831,53.00680542],[4.75138998,53.00680542],[4.75138998,53.006526947],[4.751636028,53.006526947],[4.751943111,53.006526947],[4.751943111,53.006286621],[4.751943111,53.005973816],[4.752342224,53.005973816],[4.752500057,53.005973816],[4.752500057,53.005847931],[4.752500057,53.00541687],[4.753056049,53.00541687],[4.753056049,53.004859924],[4.753612041,53.004859924],[4.753612041,53.004306793],[4.754166126,53.004306793],[4.754166126,53.003749847],[4.754722118,53.003749847],[4.754722118,53.003471375],[4.755278111,53.003471375],[4.755278111,53.003192902],[4.755834103,53.003192902],[4.755834103,53.002918243],[4.756698132,53.002918243],[4.75694418,53.002918243],[4.75694418,53.002811432],[4.75694418,53.002639771],[4.757328987,53.002639771],[4.757500172,53.002639771],[4.757500172,53.002361298],[4.757959843,53.002361298],[4.761943817,53.002361298],[4.761943817,53.002082825],[4.763609886,53.002082825],[4.763609886,53.001804352],[4.764166832,53.001804352],[4.764166832,53.001525879],[4.764722824,53.001525879],[4.764722824,53.000972748],[4.765278816,53.000972748],[4.765278816,53.000743866],[4.765278816,53.000415802],[4.765832901,53.000415802],[4.765832901,52.999862671],[4.765832901,52.997917175],[4.766944885,52.997917175],[4.766944885,52.997360229],[4.765832901,52.997360229],[4.765832901,52.997081757],[4.766944885,52.997081757],[4.766944885,52.996528625],[4.767500877,52.996528625],[4.767500877,52.99597168],[4.766944885,52.99597168],[4.766944885,52.995418549],[4.766388893,52.995418549],[4.766388893,52.995140076],[4.765507221,52.995140076],[4.763609886,52.995140076],[4.763609886,52.994861603],[4.761943817,52.994861603],[4.761943817,52.99458313],[4.760831833,52.99458313],[4.760831833,52.994304657],[4.759165764,52.994304657],[4.759165764,52.994026184],[4.758056164,52.994026184],[4.758056164,52.993751526],[4.755834103,52.993751526],[4.755834103,52.994026184],[4.755278111,52.994026184],[4.755278111,52.994304657],[4.75138998,52.994304657],[4.75138998,52.994026184],[4.750833988,52.994026184],[4.750833988,52.993473053],[4.75138998,52.993473053],[4.75138998,52.99319458],[4.749723911,52.99319458],[4.74972105,52.993473053],[4.746944904,52.993473053],[4.746944904,52.99319458],[4.746388912,52.99319458],[4.746388912,52.992916107],[4.74583292,52.992916107],[4.74583292,52.992637634],[4.745276928,52.992637634],[4.745276928,52.992362976],[4.744722843,52.992362976],[4.744722843,52.992084503],[4.744166851,52.992084503],[4.744166851,52.99180603],[4.743610859,52.99180603],[4.743610859,52.99111557],[4.743610859,52.990970612],[4.743054867,52.990970612],[4.743054867,52.99074173],[4.743054867,52.990139008],[4.742498875,52.990139008],[4.742498875,52.989860535],[4.74194479,52.989860535],[4.74194479,52.989582062],[4.741388798,52.989582062],[4.741388798,52.989028931],[4.739723206,52.989028931],[4.739723206,52.988750458],[4.739167213,52.988750458],[4.739167213,52.988471985],[4.738057137,52.988471985],[4.738057137,52.988193512],[4.737501144,52.988193512],[4.737501144,52.987915039],[4.736388206,52.987915039],[4.736388206,52.987361908],[4.735832214,52.987361908],[4.735832214,52.987083435],[4.73527813,52.987083435],[4.73527813,52.986804962],[4.734722137,52.986804962],[4.734722137,52.986526489],[4.733610153,52.986526489],[4.733610153,52.986251831],[4.731388092,52.986251831],[4.731388092,52.985973358],[4.730834007,52.985973358],[4.730834007,52.985694885],[4.729166031,52.985694885],[4.729166031,52.985416412],[4.728611946,52.985416412],[4.728611946,52.985137939],[4.728055954,52.985137939],[4.728055954,52.984859467],[4.727499962,52.984859467],[4.727499962,52.984584808],[4.726389885,52.984584808],[4.726389885,52.984306335],[4.724167824,52.984306335],[4.724164963,52.984027863],[4.721942902,52.984027863],[4.721942902,52.984306335],[4.720276833,52.984306335],[4.720276833,52.984584808],[4.719723225,52.984584808],[4.719723225,52.985137939],[4.719167233,52.985137939],[4.719167233,52.985973358],[4.718610764,52.985973358],[4.718610764,52.986251831],[4.718054771,52.986251831],[4.718054771,52.987915039],[4.717501163,52.987915039],[4.717501163,52.991249084],[4.716945171,52.991249084],[4.716945171,52.992362976],[4.716945171,52.99319458],[4.717501163,52.99319458],[4.717501163,52.993751526],[4.716945171,52.993751526],[4.716901779,52.994861603],[4.716389179,52.994861603],[4.716389179,52.996807098],[4.715833187,52.996807098],[4.715833187,52.997917175],[4.715277195,52.997917175],[4.715277195,52.998748779],[4.715833187,52.998748779],[4.715833187,52.999584198],[4.716389179,52.999584198],[4.716389179,52.999862671],[4.716389179,53.000137329],[4.715833187,53.000137329],[4.715833187,53.000415802],[4.715559006,53.000415802],[4.715277195,53.000415802],[4.715277195,53.001182556],[4.715277195,53.001525879],[4.715150833,53.001525879],[4.71472311,53.001529694],[4.71472311,53.002082825],[4.714167118,53.002082825],[4.714167118,53.002639771],[4.713611126,53.002639771],[4.713611126,53.003192902],[4.713055134,53.003192902],[4.713055134,53.00402832],[4.712501049,53.00402832],[4.712501049,53.004581451],[4.711945057,53.004585266],[4.711945057,53.005138397],[4.711389065,53.005138397],[4.711389065,53.00680542],[4.710832119,53.00680542],[4.710832119,53.009029388],[4.710278988,53.009029388],[4.710278988,53.011249542],[4.709722996,53.011249542],[4.709722996,53.01625061],[4.70916605,53.01625061],[4.70916605,53.025138855],[4.709722996,53.025138855],[4.709722996,53.031528473],[4.710278988,53.031528473],[4.710278988,53.0340271],[4.710832119,53.0340271],[4.710832119,53.036529541],[4.711389065,53.036529541],[4.711389065,53.039028168],[4.711945057,53.039028168],[4.711945057,53.040973663],[4.712501049,53.040973663],[4.712501049,53.04208374],[4.713055134,53.04208374],[4.713055134,53.04347229],[4.713611126,53.04347229],[4.713611126,53.044582367],[4.714167118,53.044582367],[4.714167118,53.045970917],[4.714540958,53.045970917],[4.71472311,53.045970917],[4.71472311,53.046215057],[4.71472311,53.047084808],[4.715277195,53.047084808],[4.715277195,53.048473358],[4.715833187,53.048473358],[4.715833187,53.049583435],[4.716389179,53.049583435],[4.716389179,53.050971985],[4.716945171,53.050971985],[4.716945171,53.052360535],[4.717501163,53.052360535],[4.717501163,53.053470612],[4.718054771,53.053470612],[4.718054771,53.054862976],[4.718610764,53.054862976],[4.718610764,53.055973053],[4.719167233,53.055973053],[4.719167233,53.057361603],[4.719723225,53.057361603],[4.719723225,53.05847168],[4.720276833,53.05847168],[4.720276833,53.059028625],[4.719723225,53.059028625],[4.719723225,53.060138702],[4.720276833,53.060138702],[4.720276833,53.061248779],[4.720832825,53.061248779],[4.720832825,53.062084198],[4.721388817,53.062084198],[4.721388817,53.062915802],[4.721942902,53.062915802],[4.721942902,53.063751221],[4.722498894,53.063751221],[4.722498894,53.064582825],[4.723054886,53.064582825],[4.723054886,53.065418243],[4.723611832,53.065418243],[4.723611832,53.066249847],[4.724167824,53.066249847],[4.724167824,53.067081451],[4.724721909,53.067081451],[4.724721909,53.06791687],[4.725277901,53.06791687],[4.725277901,53.068748474],[4.725833893,53.068748474],[4.725833893,53.069862366],[4.726389885,53.069862366],[4.726389885,53.07069397],[4.72694397,53.07069397],[4.72694397,53.071529388],[4.727499962,53.071529388],[4.727499962,53.072360992],[4.728055954,53.072360992],[4.728055954,53.073192596],[4.728611946,53.073192596],[4.728611946,53.074028015],[4.729166031,53.074028015],[4.729166031,53.074859619],[4.729722023,53.074859619],[4.729722023,53.075695038],[4.730278015,53.075695038],[4.730278015,53.076526642],[4.730834007,53.076526642],[4.730834007,53.077362061],[4.731388092,53.077362061],[4.731388092,53.077915192],[4.731944084,53.077915192],[4.731944084,53.078472137],[4.732500076,53.078472137],[4.732500076,53.079029083],[4.733056068,53.079029083],[4.733056068,53.079582214],[4.733610153,53.079582214],[4.733610153,53.080417633],[4.734166145,53.080417633],[4.734166145,53.080970764],[4.734722137,53.080970764],[4.734722137,53.08152771],[4.73527813,53.08152771],[4.73527813,53.082084656],[4.735832214,53.082084656],[4.735832214,53.08291626],[4.736388206,53.08291626],[4.736388206,53.083473206],[4.736945152,53.083473206],[4.736945152,53.084026337],[4.737501144,53.084026337],[4.737501144,53.084583282],[4.738057137,53.084583282],[4.738057137,53.085140228],[4.738611221,53.085140228],[4.738611221,53.085971832],[4.739167213,53.085971832],[4.739167213,53.086528778],[4.739723206,53.086528778],[4.739723206,53.087081909],[4.740279198,53.087081909],[4.740279198,53.087638855],[4.740832806,53.087638855],[4.740832806,53.088470459],[4.741388798,53.088470459],[4.741388798,53.089027405],[4.74194479,53.089027405],[4.74194479,53.089584351],[4.742498875,53.089584351],[4.742498875,53.090137482],[4.743054867,53.090137482],[4.743054867,53.090694427],[4.743610859,53.090694427],[4.743610859,53.091526031],[4.744166851,53.091526031],[4.744166851,53.092082977],[4.744722843,53.092082977],[4.744722843,53.092639923],[4.745276928,53.092639923],[4.745276928,53.093193054],[4.74583292,53.093193054],[4.74583292,53.09375],[4.746388912,53.09375],[4.746388912,53.094306946],[4.746944904,53.094306946],[4.746944904,53.094860077],[4.747498989,53.094860077],[4.747498989,53.095417023],[4.748054981,53.095417023],[4.748054981,53.095973969],[4.748610973,53.095973969],[4.748610973,53.0965271],[4.749167919,53.0965271],[4.749167919,53.097084045],[4.74972105,53.097084045],[4.749723911,53.097637177],[4.750277042,53.097637177],[4.750277042,53.098194122],[4.750833988,53.098194122],[4.750833988,53.098751068],[4.75138998,53.098751068],[4.75138998,53.099304199],[4.751943111,53.099304199],[4.751943111,53.099861145],[4.752500057,53.099861145],[4.752500057,53.100418091],[4.753056049,53.100418091],[4.753056049,53.100971222],[4.753612041,53.100971222],[4.753612041,53.101528168],[4.754166126,53.101528168],[4.754166126,53.102085114],[4.754722118,53.102085114],[4.754722118,53.102638245],[4.755278111,53.102638245],[4.755278111,53.10319519],[4.755834103,53.10319519],[4.755834103,53.103473663],[4.756388187,53.103473663],[4.756390095,53.104026794],[4.75694418,53.104026794],[4.75694418,53.10458374],[4.757500172,53.10458374],[4.757500172,53.105140686],[4.758056164,53.105140686],[4.758056164,53.105693817],[4.758612156,53.105693817],[4.758612156,53.106250763],[4.759165764,53.106250763],[4.759165764,53.106803894],[4.759722233,53.106803894],[4.759722233,53.10736084],[4.760278225,53.10736084],[4.760278225,53.107917786],[4.760831833,53.107917786],[4.760831833,53.108470917],[4.761387825,53.108470917],[4.761387825,53.109027863],[4.761943817,53.109027863],[4.761943817,53.109584808],[4.762499809,53.109584808],[4.762499809,53.110137939],[4.763053894,53.110137939],[4.763057232,53.110694885],[4.763609886,53.110694885],[4.763609886,53.111251831],[4.764166832,53.111251831],[4.764166832,53.111804962],[4.764722824,53.111804962],[4.764722824,53.112361908],[4.765278816,53.112361908],[4.765278816,53.112915039],[4.765832901,53.112915039],[4.765832901,53.113193512],[4.766388893,53.113193512],[4.766388893,53.113750458],[4.766944885,53.113750458],[4.766944885,53.114307404],[4.767500877,53.114307404],[4.767500877,53.114860535],[4.768054962,53.114860535],[4.768054962,53.11541748],[4.768610954,53.11541748],[4.768610954,53.115695953],[4.769166946,53.115695953],[4.769166946,53.116249084],[4.769722939,53.116249084],[4.769722939,53.11680603],[4.770277023,53.11680603],[4.770277023,53.117362976],[4.770833015,53.117362976],[4.770833015,53.117637634],[4.771389008,53.117637634],[4.771389008,53.11819458],[4.771945,53.11819458],[4.771945,53.118751526],[4.772499084,53.118751526],[4.772499084,53.119304657],[4.773055077,53.119304657],[4.773055077,53.119861603],[4.773611069,53.119861603],[4.773611069,53.120140076],[4.774167061,53.120140076],[4.774167061,53.120693207],[4.774721146,53.120693207],[4.774721146,53.121250153],[4.775277138,53.121250153],[4.775277138,53.121807098],[4.77583313,53.121807098],[4.77583313,53.122360229],[4.776390076,53.122360229],[4.776390076,53.122638702],[4.776946068,53.122638702],[4.776946068,53.123195648],[4.777499199,53.123195648],[4.777499199,53.123748779],[4.778056145,53.123748779],[4.778056145,53.124305725],[4.778612137,53.124305725],[4.778612137,53.124862671],[4.779168129,53.124862671],[4.779168129,53.125137329],[4.779722214,53.125137329],[4.779722214,53.125694275],[4.780278206,53.125694275],[4.780278206,53.126251221],[4.780834198,53.126251221],[4.780834198,53.126804352],[4.781387806,53.126804352],[4.781387806,53.127082825],[4.781943798,53.127082825],[4.781943798,53.127639771],[4.78249979,53.127639771],[4.78249979,53.128192902],[4.783055782,53.128192902],[4.783055782,53.128749847],[4.783611774,53.128749847],[4.783611774,53.129306793],[4.784165859,53.129306793],[4.784165859,53.129581451],[4.784721851,53.129581451],[4.784721851,53.130138397],[4.785277843,53.130138397],[4.785277843,53.130695343],[4.785833836,53.130695343],[4.785833836,53.131248474],[4.78638792,53.131248474],[4.78638792,53.13180542],[4.786943913,53.13180542],[4.786943913,53.132083893],[4.787499905,53.132083893],[4.787499905,53.132637024],[4.788055897,53.132637024],[4.788055897,53.13319397],[4.788609982,53.13319397],[4.788609982,53.133750916],[4.789165974,53.133750916],[4.789165974,53.134304047],[4.789721966,53.134304047],[4.789721966,53.13458252],[4.790278912,53.13458252],[4.790278912,53.135139465],[4.790832043,53.135139465],[4.790832043,53.135692596],[4.791388035,53.135692596],[4.791388035,53.136249542],[4.791944981,53.136249542],[4.791944981,53.136528015],[4.792500973,53.136528015],[4.792500973,53.137084961],[4.793055058,53.137084961],[4.793055058,53.137638092],[4.79361105,53.137638092],[4.79361105,53.138195038],[4.794167042,53.138195038],[4.794167042,53.138748169],[4.794723034,53.138748169],[4.794723034,53.139026642],[4.795277119,53.139026642],[4.795277119,53.139583588],[4.795833111,53.139583588],[4.795833111,53.140140533],[4.796389103,53.140140533],[4.796389103,53.140693665],[4.796945095,53.140693665],[4.796945095,53.14125061],[4.797501087,53.14125061],[4.797501087,53.141803741],[4.798055172,53.141803741],[4.798055172,53.142360687],[4.798611164,53.142360687],[4.798611164,53.142917633],[4.799167156,53.142917633],[4.799167156,53.143196106],[4.799723148,53.143196106],[4.799723148,53.143749237],[4.800277233,53.143749237],[4.800277233,53.144306183],[4.800833225,53.144306183],[4.800833225,53.144859314],[4.801389217,53.144859314],[4.801389217,53.14541626],[4.801942825,53.14541626],[4.80194521,53.145973206],[4.802498817,53.145973206],[4.802498817,53.146526337],[4.80305481,53.146526337],[4.80305481,53.147083282],[4.803612232,53.147083282],[4.803612232,53.147361755],[4.804168224,53.147361755],[4.804168224,53.147914886],[4.804720879,53.147914886],[4.804720879,53.148471832],[4.805277824,53.148471832],[4.805277824,53.149028778],[4.805833817,53.149028778],[4.805833817,53.149581909],[4.806389809,53.149581909],[4.806389809,53.150138855],[4.806943893,53.150138855],[4.806943893,53.150695801],[4.807499886,53.150695801],[4.807499886,53.151248932],[4.808055878,53.151248932],[4.808055878,53.151527405],[4.80861187,53.151527405],[4.80861187,53.152084351],[4.809165955,53.152084351],[4.809167862,53.152637482],[4.809721947,53.152637482],[4.809721947,53.153194427],[4.810277939,53.153194427],[4.810277939,53.1534729],[4.810833931,53.1534729],[4.810833931,53.154026031],[4.811388016,53.154026031],[4.811388016,53.154582977],[4.811944008,53.154582977],[4.811944008,53.155139923],[4.8125,53.155139923],[4.8125,53.155418396],[4.813055992,53.155418396],[4.813055992,53.155971527],[4.813610077,53.155971527],[4.813610077,53.156528473],[4.814166069,53.156528473],[4.814166069,53.157081604],[4.814722061,53.157081604],[4.814722061,53.157360077],[4.815278053,53.157360077],[4.815278053,53.157917023],[4.815834999,53.157917023],[4.815834999,53.158473969],[4.81638813,53.158473969],[4.81638813,53.1590271],[4.816944122,53.1590271],[4.816944122,53.159305573],[4.817501068,53.159305573],[4.817501068,53.159862518],[4.81805706,53.159862518],[4.81805706,53.160415649],[4.818610191,53.160415649],[4.818610191,53.160972595],[4.819167137,53.160972595],[4.819167137,53.161251068],[4.819723129,53.161251068],[4.819723129,53.161804199],[4.820279121,53.161804199],[4.820279121,53.162361145],[4.820833206,53.162361145],[4.820833206,53.162918091],[4.821389198,53.162918091],[4.821389198,53.163192749],[4.82194519,53.163192749],[4.82194519,53.163749695],[4.822501183,53.163749695],[4.822501183,53.164306641],[4.82305479,53.164306641],[4.82305479,53.164859772],[4.823610783,53.164859772],[4.823610783,53.165138245],[4.824166775,53.165138245],[4.824166775,53.16569519],[4.824722767,53.16569519],[4.824722767,53.166248322],[4.825276852,53.166248322],[4.825276852,53.166805267],[4.825832844,53.166805267],[4.825832844,53.16708374],[4.826388836,53.16708374],[4.826388836,53.167640686],[4.826944828,53.167640686],[4.826944828,53.167915344],[4.827498913,53.167915344],[4.827498913,53.168193817],[4.828054905,53.168193817],[4.828054905,53.169029236],[4.828610897,53.169029236],[4.828610897,53.169582367],[4.829166889,53.169582367],[4.829166889,53.16986084],[4.829720974,53.16986084],[4.829720974,53.170139313],[4.830276966,53.170139313],[4.830276966,53.170417786],[4.830832958,53.170417786],[4.830832958,53.170696259],[4.831389904,53.170696259],[4.831389904,53.170970917],[4.831943035,53.170970917],[4.831943035,53.171527863],[4.832499981,53.171527863],[4.832499981,53.171806335],[4.833055973,53.171806335],[4.833055973,53.172084808],[4.833611965,53.172084808],[4.833611965,53.172359467],[4.83416605,53.172359467],[4.83416605,53.172916412],[4.834722042,53.172916412],[4.834722042,53.173194885],[4.835278034,53.173194885],[4.835278034,53.173751831],[4.835834026,53.173751831],[4.835834026,53.174026489],[4.836390018,53.174026489],[4.836390018,53.174304962],[4.836944103,53.174304962],[4.836944103,53.174583435],[4.837500095,53.174583435],[4.837500095,53.175140381],[4.838056087,53.175140381],[4.838056087,53.175693512],[4.83861208,53.175693512],[4.83861208,53.175971985],[4.839166164,53.175971985],[4.839166164,53.176250458],[4.839722157,53.176250458],[4.839722157,53.176528931],[4.840278149,53.176528931],[4.840278149,53.176807404],[4.841388226,53.176807404],[4.841388226,53.177082062],[4.841944218,53.177082062],[4.841944218,53.177360535],[4.84250021,53.177360535],[4.84250021,53.177639008],[4.84360981,53.177639008],[4.84360981,53.17791748],[4.844165802,53.17791748],[4.844165802,53.178195953],[4.844723225,53.178195953],[4.844723225,53.178470612],[4.845831871,53.178470612],[4.845831871,53.178749084],[4.846388817,53.178749084],[4.846388817,53.179027557],[4.846944809,53.179027557],[4.846944809,53.17930603],[4.847500801,53.17930603],[4.847500801,53.179584503],[4.848054886,53.179584503],[4.848056793,53.179862976],[4.848610878,53.179862976],[4.848610878,53.180416107],[4.84916687,53.180416107],[4.84916687,53.18069458],[4.849722862,53.18069458],[4.849722862,53.180973053],[4.850276947,53.180973053],[4.850276947,53.181251526],[4.850832939,53.181251526],[4.850832939,53.181526184],[4.851388931,53.181526184],[4.851388931,53.181804657],[4.852499008,53.181804657],[4.852499008,53.18208313],[4.853055,53.18208313],[4.853055,53.182361603],[4.853610992,53.182361603],[4.853610992,53.182640076],[4.854721069,53.182640076],[4.854722977,53.182914734],[4.855277061,53.182918549],[4.855277061,53.183193207],[4.858612061,53.183193207],[4.858612061,53.182918549],[4.859168053,53.182914734]]]]},"properties":{"name":"Noord-Holland","mapcolor":9,"cartodb_id":9}},{"type":"Feature","geometry":{"type":"MultiPolygon","coordinates":[[[[6.138091087,52.843799591],[6.157245159,52.830230713],[6.157816887,52.829875946],[6.15946722,52.828865051],[6.160720825,52.828094482],[6.161572933,52.827571869],[6.16609478,52.824794769],[6.179334164,52.814842224],[6.179347992,52.815738678],[6.179893017,52.815517426],[6.183784962,52.813919067],[6.188271046,52.811138153],[6.192443848,52.80701828],[6.194746017,52.804748535],[6.195529938,52.803974152],[6.195824146,52.803771973],[6.207164764,52.795917511],[6.207299232,52.795825958],[6.208757877,52.794021606],[6.20117712,52.785991669],[6.192156792,52.780658722],[6.191866875,52.780467987],[6.180120945,52.772655487],[6.177069187,52.768184662],[6.17556715,52.767295837],[6.1635952,52.762878418],[6.144189835,52.75850296],[6.139727116,52.758529663],[6.133751869,52.756767273],[6.129248142,52.7541008],[6.127705097,52.750518799],[6.127892017,52.750202179],[6.133499146,52.740615845],[6.133697033,52.740432739],[6.135971069,52.738330841],[6.136429787,52.737903595],[6.140679836,52.731758118],[6.140791893,52.7315979],[6.147775173,52.720310211],[6.148036957,52.719890594],[6.149516106,52.718029022],[6.150922775,52.714488983],[6.151109219,52.714168549],[6.161067009,52.697341919],[6.163942814,52.692871094],[6.164522171,52.692691803],[6.166899204,52.691955566],[6.175748825,52.688312531],[6.177185059,52.686531067],[6.171161175,52.680263519],[6.171147823,52.679367065],[6.190370083,52.674762726],[6.191898823,52.677444458],[6.187871933,52.681598663],[6.187520981,52.68196106],[6.193473816,52.682823181],[6.194913864,52.680122375],[6.199306011,52.676502228],[6.200789928,52.676494598],[6.202322006,52.679176331],[6.203835011,52.680961609],[6.204237938,52.681201935],[6.209805965,52.684497833],[6.220229149,52.684452057],[6.226165771,52.68441391],[6.231259823,52.682830811],[6.235026836,52.681663513],[6.240915775,52.67893219],[6.245351791,52.678005219],[6.248321056,52.677986145],[6.251307011,52.678863525],[6.255710125,52.676143646],[6.257162094,52.674339294],[6.255643845,52.672554016],[6.260047913,52.669830322],[6.267467976,52.669780731],[6.268968105,52.670669556],[6.271920204,52.669754028],[6.273222923,52.668128967],[6.27337122,52.667945862],[6.273355007,52.667049408],[6.27777195,52.665225983],[6.280739784,52.665203094],[6.285262108,52.668766022],[6.291196823,52.66872406],[6.292656898,52.666904449],[6.294095993,52.665111542],[6.297029018,52.663295746],[6.29734993,52.663246155],[6.302947998,52.66235733],[6.302966118,52.663257599],[6.30600214,52.666824341],[6.317873955,52.666740417],[6.322360992,52.668502808],[6.323863029,52.669391632],[6.331302166,52.67023468],[6.33427,52.670211792],[6.335717201,52.66840744],[6.33714819,52.66570282],[6.334125996,52.663032532],[6.334090233,52.661239624],[6.33405304,52.659442902],[6.335518837,52.658535004],[6.34286499,52.654891968],[6.347531796,52.652957916],[6.351694107,52.651237488],[6.36346817,52.646659851],[6.367898941,52.645729065],[6.372292995,52.643005371],[6.372197151,52.638515472],[6.376591206,52.635791779],[6.377996922,52.632190704],[6.382389069,52.629463196],[6.383833885,52.627658844],[6.38516283,52.62046814],[6.385087967,52.61687851],[6.393902779,52.6132164],[6.39987278,52.614967346],[6.402894974,52.617637634],[6.40437603,52.617622375],[6.41028595,52.616680145],[6.411767006,52.616668701],[6.416254997,52.618427277],[6.414773941,52.618438721],[6.414831161,52.621131897],[6.417816162,52.622005463],[6.419279099,52.621097565],[6.419901848,52.620708466],[6.422235012,52.619277954],[6.425168991,52.619255066],[6.428133965,52.619232178],[6.428173065,52.621025085],[6.429695129,52.622806549],[6.437228203,52.628131866],[6.440213203,52.629005432],[6.44314003,52.627185822],[6.441615105,52.625404358],[6.444458961,52.619995117],[6.4473629,52.617279053],[6.450307846,52.616355896],[6.462124825,52.614463806],[6.469574928,52.616195679],[6.471183777,52.621566772],[6.474211216,52.624237061],[6.478678226,52.625095367],[6.478888035,52.625030518],[6.481623173,52.624172211],[6.4815588,52.621479034],[6.488908768,52.618724823],[6.499307156,52.619533539],[6.508179188,52.618556976],[6.5140872,52.617610931],[6.521079063,52.614120483],[6.521409988,52.613956451],[6.527360916,52.6147995],[6.527391911,52.616161346],[6.527410984,52.616817474],[6.527468204,52.619163513],[6.527470112,52.619285583],[6.523656845,52.64535141],[6.52366209,52.645511627],[6.523700237,52.647144318],[6.538492203,52.654960632],[6.538733006,52.655090332],[6.556760788,52.663902283],[6.557518005,52.664196014],[6.561257839,52.665657043],[6.589567184,52.669879913],[6.590034008,52.669948578],[6.613351822,52.673236847],[6.62085104,52.674072266],[6.621367931,52.674064636],[6.623817921,52.674041748],[6.638562202,52.670307159],[6.655470848,52.664985657],[6.65622282,52.664749146],[6.664922237,52.662006378],[6.695394039,52.6537323],[6.695980072,52.653575897],[6.710734844,52.650730133],[6.711214066,52.650608063],[6.717663765,52.648967743],[6.718101025,52.648857117],[6.713494778,52.643520355],[6.713445187,52.641723633],[6.714927197,52.641708374],[6.716360092,52.639900208],[6.715313911,52.635967255],[6.71469593,52.63363266],[6.713134766,52.630958557],[6.710144997,52.630088806],[6.710093021,52.628295898],[6.711575985,52.62828064],[6.717479229,52.627323151],[6.720471859,52.628189087],[6.72080183,52.628341675],[6.721568108,52.627727509],[6.723228931,52.626396179],[6.727807999,52.622714996],[6.73168087,52.614994049],[6.732648849,52.609287262],[6.726397038,52.60061264],[6.724244118,52.591274261],[6.724285126,52.590774536],[6.724298,52.590610504],[6.749670029,52.573242188],[6.762179852,52.566398621],[6.768139839,52.566669464],[6.768260956,52.565166473],[6.767085075,52.564235687],[6.752366066,52.565860748],[6.741974831,52.567081451],[6.730157852,52.566802979],[6.729410172,52.563152313],[6.728888988,52.56060791],[6.72440815,52.555278778],[6.721693039,52.553955078],[6.718132973,52.552215576],[6.701695919,52.55450058],[6.683791161,52.556064606],[6.688127995,52.551582336],[6.695144176,52.544330597],[6.703946114,52.535415649],[6.707760811,52.531097412],[6.710430145,52.528076172],[6.710450172,52.527908325],[6.711534977,52.519165039],[6.70963192,52.509986877],[6.707911015,52.501377106],[6.709413052,52.494346619],[6.709517956,52.493854523],[6.712197781,52.487697601],[6.713626862,52.484413147],[6.727177143,52.479457855],[6.728427887,52.47951889],[6.728899956,52.479541779],[6.732531071,52.477668762],[6.737535954,52.475086212],[6.744120121,52.47215271],[6.749565125,52.470314026],[6.757788181,52.467536926],[6.764862061,52.464931488],[6.780059814,52.463340759],[6.811120033,52.460891724],[6.835718155,52.461872101],[6.854238987,52.462631226],[6.854500771,52.460086823],[6.858291149,52.459934235],[6.859494209,52.459884644],[6.862495899,52.45401001],[6.863760948,52.454452515],[6.867369175,52.455718994],[6.88241291,52.450557709],[6.886689186,52.44908905],[6.897383213,52.447971344],[6.911931038,52.44644928],[6.928966999,52.440643311],[6.929328918,52.440517426],[6.931348801,52.43983078],[6.939905167,52.438556671],[6.950539112,52.436969757],[6.950420856,52.438739777],[6.950291157,52.440711975],[6.957313061,52.443157196],[6.96284008,52.445079803],[6.975459099,52.453281403],[6.975289822,52.45703125],[6.981449127,52.4649086],[6.987789154,52.469009399],[6.98760891,52.472770691],[7.000110149,52.473178864],[7.000379086,52.469478607],[7.006279945,52.469501495],[7.006837845,52.462089539],[7.008392811,52.458812714],[7.020860195,52.432529449],[7.03331995,52.425281525],[7.034289837,52.422840118],[7.034814835,52.421516418],[7.035109043,52.42137146],[7.035616875,52.42111969],[7.036482811,52.41891098],[7.039272785,52.411785126],[7.043229103,52.406871796],[7.044819832,52.406898499],[7.046608925,52.406929016],[7.05203104,52.403804779],[7.052848816,52.403331757],[7.055311203,52.403377533],[7.060993195,52.40171814],[7.064326763,52.400745392],[7.065059185,52.399852753],[7.072360992,52.390956879],[7.072698116,52.390544891],[7.078876972,52.383014679],[7.079115868,52.382724762],[7.07922411,52.38225174],[7.080830097,52.37519455],[7.081147194,52.373104095],[7.082241058,52.365829468],[7.080453873,52.357223511],[7.08021307,52.356925964],[7.075954914,52.351676941],[7.064736843,52.34154129],[7.062178135,52.336593628],[7.061408043,52.335105896],[7.057909012,52.332752228],[7.052318096,52.325130463],[7.052568913,52.321399689],[7.046898842,52.313720703],[7.047140121,52.309989929],[7.041210175,52.306018829],[7.029718876,52.294319153],[7.030010223,52.290599823],[7.036681175,52.283370972],[7.030601025,52.28314209],[7.031229973,52.275699615],[7.037281036,52.275920868],[7.0448699,52.257518768],[7.070188999,52.243461609],[7.071063995,52.243484497],[7.070485115,52.242099762],[7.069309235,52.239253998],[7.065814972,52.237106323],[7.064889908,52.235759735],[7.041259766,52.23115921],[7.029609203,52.226970673],[7.027001858,52.226882935],[7.023599148,52.226768494],[7.023509979,52.227733612],[7.023250103,52.230510712],[6.999405861,52.229644775],[6.995787144,52.22877121],[6.988433838,52.225372314],[6.987918854,52.224903107],[6.987586021,52.224597931],[6.987868786,52.221740723],[6.982210159,52.217788696],[6.982570171,52.214050293],[6.974134922,52.201808929],[6.972229958,52.196681976],[6.968887806,52.190452576],[6.95938015,52.185302734],[6.958367825,52.185188293],[6.955389023,52.183109283],[6.943338871,52.182701111],[6.937966824,52.178943634],[6.937688828,52.178749084],[6.93268013,52.178577423],[6.916360855,52.178024292],[6.913763046,52.176208496],[6.914340019,52.170471191],[6.908308983,52.170261383],[6.897014141,52.162445068],[6.890826225,52.160202026],[6.886592865,52.156803131],[6.887576103,52.150066376],[6.885290146,52.140647888],[6.882789135,52.138465881],[6.881947994,52.131931305],[6.875919819,52.131729126],[6.876268864,52.128196716],[6.876288891,52.128002167],[6.87582016,52.127887726],[6.858610153,52.123680115],[6.85391283,52.120414734],[6.85296011,52.119750977],[6.82887888,52.118980408],[6.806190014,52.119651794],[6.768452168,52.120765686],[6.768355846,52.120113373],[6.768417835,52.119525909],[6.726501942,52.119152069],[6.718213081,52.121799469],[6.717786789,52.121936798],[6.70760107,52.124736786],[6.688595772,52.126728058],[6.683039188,52.128501892],[6.682782173,52.128585815],[6.67259407,52.131381989],[6.684620857,52.142032623],[6.683549881,52.156406403],[6.685114861,52.159980774],[6.683773041,52.164482117],[6.682463169,52.166156769],[6.682354927,52.166290283],[6.659267902,52.173648834],[6.659076214,52.173709869],[6.654720783,52.175548553],[6.65012598,52.16841507],[6.644378185,52.172958374],[6.639999866,52.173900604],[6.637039185,52.173030853],[6.631074905,52.169498444],[6.628046036,52.165939331],[6.627631187,52.165817261],[6.622131824,52.164199829],[6.617753029,52.165142059],[6.613469124,52.169670105],[6.613491058,52.170570374],[6.616519928,52.174129486],[6.601250172,52.182891846],[6.600609779,52.183261871],[6.593451023,52.18245697],[6.59324789,52.182434082],[6.565248966,52.178207397],[6.527386189,52.182121277],[6.527177811,52.182144165],[6.521306992,52.182197571],[6.505056858,52.177852631],[6.502141953,52.178775787],[6.499249935,52.180595398],[6.489037037,52.183376312],[6.48775816,52.184646606],[6.478990078,52.193336487],[6.479119778,52.199008942],[6.479134083,52.199619293],[6.470366001,52.201488495],[6.465981007,52.202423096],[6.465734959,52.202659607],[6.463105202,52.205142975],[6.461678028,52.206947327],[6.461418152,52.207237244],[6.455945969,52.213279724],[6.438559055,52.224197388],[6.432878971,52.233219147],[6.425629139,52.237766266],[6.42568779,52.240459442],[6.425747871,52.243152618],[6.41988802,52.244094849],[6.408130169,52.244190216],[6.407916069,52.244171143],[6.399291039,52.243362427],[6.394902229,52.244293213],[6.391980171,52.245212555],[6.390549183,52.247020721],[6.386435032,52.245391846],[6.386099815,52.245258331],[6.375754833,52.242645264],[6.3595891,52.242771149],[6.350643158,52.236553192],[6.34770298,52.23657608],[6.347523212,52.227600098],[6.334300041,52.22769928],[6.329873085,52.226833344],[6.306347847,52.226104736],[6.304946899,52.229705811],[6.302042961,52.231521606],[6.301421165,52.231449127],[6.294679165,52.230674744],[6.285829067,52.228939056],[6.279951096,52.228981018],[6.279916763,52.227184296],[6.278447151,52.22719574],[6.269666195,52.229049683],[6.269074917,52.228965759],[6.263772011,52.228191376],[6.247608185,52.228302002],[6.243231773,52.230125427],[6.237353802,52.230163574],[6.231460094,52.229305267],[6.225629807,52.232032776],[6.222940922,52.232051849],[6.222690105,52.232051849],[6.225536823,52.226650238],[6.22526598,52.226734161],[6.2196908,52.228481293],[6.211822987,52.230140686],[6.210905075,52.230331421],[6.197665215,52.22951889],[6.190392971,52.23494339],[6.183029175,52.233196259],[6.182495117,52.233093262],[6.174847126,52.231586456],[6.174182892,52.231456757],[6.172669888,52.22877121],[6.17118597,52.227882385],[6.17406702,52.224273682],[6.176961899,52.221565247],[6.173977852,52.218891144],[6.172496796,52.218002319],[6.171040058,52.218906403],[6.17110014,52.222496033],[6.169659138,52.224300385],[6.163811207,52.226131439],[6.163580894,52.226203918],[6.155035973,52.228874207],[6.149242878,52.234294891],[6.150784016,52.238773346],[6.159537792,52.243141174],[6.159674168,52.243209839],[6.162642002,52.244987488],[6.161214828,52.247688293],[6.15830183,52.249500275],[6.152380943,52.246841431],[6.151668072,52.247108459],[6.145071983,52.249576569],[6.144803047,52.249633789],[6.131883144,52.252346039],[6.133434772,52.257720947],[6.134747982,52.261539459],[6.134954929,52.262142181],[6.132060051,52.264015198],[6.130797863,52.269794464],[6.130685806,52.270305634],[6.129364014,52.272800446],[6.129257202,52.273006439],[6.120525837,52.279338837],[6.119204044,52.289218903],[6.113385201,52.293739319],[6.111979008,52.298233032],[6.109088898,52.301837921],[6.107603073,52.300949097],[6.098760128,52.300098419],[6.09582901,52.301013947],[6.091813087,52.30185318],[6.091425896,52.301933289],[6.088637829,52.312721252],[6.087241173,52.31811142],[6.07986784,52.317253113],[6.073989868,52.318180084],[6.074039936,52.321773529],[6.076999187,52.322654724],[6.078471184,52.322647095],[6.081532001,52.33070755],[6.084618092,52.340568542],[6.083298206,52.351345062],[6.086269855,52.353122711],[6.095125198,52.353977203],[6.102417946,52.357463837],[6.102546215,52.357524872],[6.098484039,52.36088562],[6.098176956,52.361141205],[6.087883949,52.362991333],[6.084961891,52.3647995],[6.086500168,52.369281769],[6.088014126,52.371963501],[6.090973854,52.372848511],[6.104269028,52.374572754],[6.104744911,52.374664307],[6.122014046,52.378063202],[6.128935814,52.379707336],[6.129414082,52.379817963],[6.130916119,52.381607056],[6.131104946,52.381885529],[6.133934021,52.386077881],[6.132555008,52.392368317],[6.135592937,52.395988464],[6.138457775,52.400444031],[6.131230831,52.402248383],[6.126821041,52.403171539],[6.118054867,52.408599854],[6.122571945,52.414863586],[6.121137142,52.417564392],[6.12117815,52.420257568],[6.125699043,52.426513672],[6.127171993,52.432388306],[6.127272129,52.432788849],[6.121448994,52.438205719],[6.117059231,52.440921783],[6.112658024,52.442741394],[6.109745026,52.445449829],[6.111353874,52.454418182],[6.110051155,52.466094971],[6.107302189,52.470378876],[6.107162952,52.470596313],[6.096913815,52.47693634],[6.077792168,52.483318329],[6.071002007,52.488353729],[6.070477962,52.488739014],[6.069048882,52.490512848],[6.064691067,52.497745514],[6.061706066,52.499584198],[6.052948952,52.504085541],[6.052596092,52.504249573],[6.04707098,52.506809235],[6.03527689,52.509559631],[6.032283783,52.506881714],[6.030794144,52.505989075],[6.02634716,52.505111694],[6.021921158,52.506031036],[6.018964767,52.506046295],[6.01450491,52.504272461],[6.008544922,52.500709534],[5.990622044,52.489093781],[5.977619171,52.480445862],[5.977252007,52.480201721],[5.972775936,52.476631165],[5.97247982,52.476924896],[5.965472221,52.483844757],[5.958083153,52.483875275],[5.95362711,52.482097626],[5.95341301,52.481967926],[5.944699764,52.47674942],[5.932849884,52.47410202],[5.927334785,52.482639313],[5.927035809,52.483100891],[5.915371895,52.498405457],[5.908052921,52.50561142],[5.90795517,52.505687714],[5.890445232,52.519138336],[5.890087128,52.519359589],[5.886032104,52.521846771],[5.883073807,52.521858215],[5.872694969,52.519203186],[5.868341923,52.528194427],[5.869854927,52.531776428],[5.865509033,52.541664124],[5.862565994,52.543468475],[5.861103058,52.545269012],[5.864034176,52.546146393],[5.86264801,52.552444458],[5.858259201,52.557846069],[5.849415779,52.562362671],[5.846518993,52.569553375],[5.842124939,52.574951172],[5.837705135,52.577655792],[5.831796169,52.579471588],[5.819969177,52.582199097],[5.784426212,52.583198547],[5.784432888,52.584095001],[5.812578201,52.584014893],[5.813420773,52.584075928],[5.824436188,52.584877014],[5.825918198,52.584873199],[5.825931072,52.586669922],[5.833347797,52.587543488],[5.839258194,52.585731506],[5.840754986,52.587520599],[5.842322826,52.597389221],[5.839360237,52.597396851],[5.839392185,52.600986481],[5.846880913,52.609939575],[5.846889973,52.610836029],[5.851336956,52.61082077],[5.867696762,52.615276337],[5.896000862,52.619682312],[5.899006844,52.618099213],[5.898321152,52.617992401],[5.89930582,52.617286682],[5.903287888,52.617824554],[5.906261921,52.618709564],[5.912182808,52.617790222],[5.910689831,52.616897583],[5.913637161,52.615093231],[5.922512054,52.613262177],[5.923984051,52.612358093],[5.932887077,52.61322403],[5.946258068,52.6158638],[5.950737,52.618537903],[5.962626934,52.621181488],[5.962647915,52.622974396],[5.963243008,52.623680115],[5.964151859,52.624763489],[5.965632915,52.624755859],[5.980439186,52.622898102],[5.98786211,52.623764038],[5.990838051,52.624649048],[5.993803024,52.624637604],[5.993837833,52.627326965],[5.996779919,52.625518799],[6.017700195,52.637989044],[6.026564121,52.635257721],[6.028059006,52.636146545],[6.028215885,52.636516571],[6.029588223,52.639728546],[6.028130054,52.641532898],[6.025187016,52.643341064],[6.014894962,52.650569916],[6.01047802,52.653282166],[6.006195068,52.655036926],[6.006052017,52.655097961],[6.004566193,52.655105591],[5.992719173,52.656951904],[5.991234779,52.656959534],[5.986923218,52.659606934],[5.985476017,52.660694122],[5.973822117,52.666843414],[5.973612785,52.666873932],[5.970751762,52.667259216],[5.966162205,52.667877197],[5.960340977,52.667873383],[5.959620953,52.667995453],[5.947529793,52.670059204],[5.946866989,52.669898987],[5.94250679,52.668838501],[5.941093922,52.670665741],[5.940319061,52.674324036],[5.940660954,52.674732208],[5.944922924,52.678050995],[5.946475029,52.679264069],[5.952904224,52.684020996],[5.955904007,52.685852051],[5.958908081,52.685062408],[5.968310833,52.689720154],[5.969377995,52.690250397],[5.971106052,52.692321777],[5.972376823,52.693847656],[5.972385883,52.694091797],[5.972555161,52.698417664],[5.964947224,52.704204559],[5.962123871,52.707435608],[5.96170187,52.708026886],[5.958870888,52.712001801],[5.948876858,52.714801788],[5.94825983,52.718582153],[5.939498901,52.73393631],[5.93720293,52.737957001],[5.936514854,52.739063263],[5.92872715,52.751544952],[5.912230968,52.76153183],[5.90524292,52.762138367],[5.89739418,52.766887665],[5.885497093,52.773281097],[5.868022919,52.780464172],[5.85882616,52.783260345],[5.856007099,52.784053802],[5.842339039,52.785018921],[5.824691772,52.784217834],[5.824687004,52.787815094],[5.820121765,52.790489197],[5.817212105,52.792263031],[5.815001011,52.793609619],[5.809967995,52.796825409],[5.80112505,52.805797577],[5.815962791,52.813770294],[5.826416969,52.817325592],[5.826415062,52.817077637],[5.826403141,52.815532684],[5.830367088,52.813117981],[5.830844879,52.812828064],[5.83531189,52.812812805],[5.839764118,52.811004639],[5.842720032,52.808300018],[5.842695236,52.805610657],[5.846776009,52.805103302],[5.849571228,52.804756165],[5.850131035,52.8046875],[5.857440948,52.805545807],[5.866507053,52.804634094],[5.875422955,52.802810669],[5.882847786,52.800987244],[5.885032177,52.800979614],[5.885825157,52.800979614],[5.888829231,52.803661346],[5.899270058,52.805416107],[5.90525198,52.808086395],[5.906778812,52.811672211],[5.914243221,52.813438416],[5.918535233,52.815139771],[5.918728828,52.815216064],[5.921754837,52.819694519],[5.930633068,52.823207855],[5.929319859,52.830432892],[5.933818817,52.833106995],[5.938309193,52.834884644],[5.948589802,52.835727692],[5.948747158,52.83574295],[5.953237057,52.837516785],[5.962123871,52.832992554],[5.963623047,52.833885193],[5.962175846,52.837482452],[5.965178013,52.839263916],[5.978752136,52.841655731],[5.982991219,52.83380127],[5.9903512,52.826591492],[5.990496159,52.826366425],[5.993275166,52.822090149],[5.99326992,52.821723938],[5.993262768,52.821193695],[5.994695187,52.821186066],[5.996242046,52.821178436],[6.000675201,52.818466187],[6.000780106,52.818405151],[6.003631115,52.81665802],[6.005122185,52.816654205],[6.015592098,52.820194244],[6.031997204,52.821914673],[6.037810802,52.814762115],[6.051321983,52.819126129],[6.060454845,52.823455811],[6.063519955,52.82490921],[6.06631422,52.82623291],[6.064918995,52.827949524],[6.064850807,52.828037262],[6.061909199,52.830741882],[6.059016228,52.837039948],[6.061553001,52.837535858],[6.061851978,52.837593079],[6.06798315,52.838790894],[6.068378925,52.838787079],[6.087350845,52.838691711],[6.090342999,52.839572906],[6.094867229,52.843139648],[6.102108002,52.844841003],[6.102343082,52.844894409],[6.126324177,52.853740692],[6.136657238,52.847400665],[6.138091087,52.843799591]]]]},"properties":{"name":"Overijssel","mapcolor":10,"cartodb_id":10}},{"type":"Feature","geometry":{"type":"MultiPolygon","coordinates":[[[[5.025735855,52.302799225],[5.02592802,52.283050537],[5.027416229,52.281261444],[5.033240795,52.287567139],[5.042102814,52.284008026],[5.046533108,52.282226562],[5.05384016,52.287639618],[5.062654018,52.289463043],[5.068579197,52.284996033],[5.070081234,52.281410217],[5.067139149,52.281398773],[5.065635204,52.284984589],[5.062692165,52.284976959],[5.053896904,52.281356812],[5.052474976,52.276889801],[5.051978111,52.276935577],[5.046574116,52.277740479],[5.042169094,52.276824951],[5.04186821,52.276733398],[5.03630209,52.275009155],[5.0333848,52.27230835],[5.027493,52.27318573],[5.027500153,52.272312164],[5.027517796,52.270492554],[5.03499794,52.257053375],[5.036496162,52.254367828],[5.039452076,52.25258255],[5.043829918,52.256187439],[5.044195175,52.256187439],[5.046776772,52.256187439],[5.049776077,52.249027252],[5.049827099,52.2436409],[5.060213089,52.236476898],[5.061657906,52.235603333],[5.046724796,52.230979919],[5.044301987,52.230232239],[5.044068813,52.23015976],[5.041189194,52.224777222],[5.038351059,52.213085175],[5.036914825,52.209487915],[5.039853096,52.209499359],[5.041364193,52.20501709],[5.0399189,52.202316284],[5.029622078,52.20407486],[5.026683807,52.20406723],[5.026692867,52.203166962],[5.02670002,52.202529907],[5.026701927,52.202270508],[5.034080029,52.198707581],[5.041429996,52.197834015],[5.041454792,52.195140839],[5.038592815,52.18705368],[5.037149906,52.184356689],[5.045245171,52.183559418],[5.045966148,52.183490753],[5.050532818,52.165554047],[5.081415176,52.172859192],[5.119392872,52.18013382],[5.127091885,52.180938721],[5.128194809,52.181056976],[5.17077589,52.17937088],[5.171035767,52.179340363],[5.17812109,52.1784935],[5.17871809,52.1784935],[5.183859825,52.178504944],[5.196760178,52.17766571],[5.197206974,52.177639008],[5.220551968,52.204616547],[5.22344923,52.21269989],[5.229260921,52.225276947],[5.227790833,52.225273132],[5.236431122,52.236801147],[5.236548901,52.236961365],[5.242444992,52.246009827],[5.248132229,52.252124786],[5.24823904,52.252243042],[5.248228073,52.254817963],[5.248225212,52.254932404],[5.249560833,52.255752563],[5.249692917,52.255832672],[5.270069122,52.281768799],[5.270171165,52.281898499],[5.280473232,52.281017303],[5.280707836,52.280971527],[5.284890175,52.280124664],[5.285496235,52.280067444],[5.293601036,52.279254913],[5.31137991,52.277469635],[5.31874609,52.273887634],[5.324633121,52.27299881],[5.336398125,52.273910522],[5.343761921,52.270324707],[5.354784012,52.26865387],[5.355534077,52.268543243],[5.361413956,52.269443512],[5.368771076,52.268554688],[5.371716022,52.26676178],[5.376134872,52.26317215],[5.377929211,52.260990143],[5.379082203,52.259586334],[5.38194418,52.258712769],[5.386906147,52.257949829],[5.387907028,52.257793427],[5.390853882,52.254207611],[5.391215801,52.254058838],[5.408505917,52.24703598],[5.399710178,52.22549057],[5.399582863,52.225101471],[5.398246765,52.221000671],[5.401186943,52.219207764],[5.41288805,52.213851929],[5.414411068,52.219211578],[5.439390182,52.205757141],[5.444572926,52.204963684],[5.44526577,52.204860687],[5.44526577,52.202167511],[5.44526577,52.197525024],[5.44526577,52.196430206],[5.445268154,52.190498352],[5.444005013,52.185085297],[5.443799973,52.184215546],[5.445270061,52.173442841],[5.44380188,52.173442841],[5.445270061,52.171646118],[5.449674129,52.168956757],[5.452126026,52.168205261],[5.452609062,52.168056488],[5.484892845,52.166259766],[5.484892845,52.164466858],[5.479022026,52.164466858],[5.477553844,52.163570404],[5.479020119,52.161773682],[5.484890938,52.161773682],[5.489288807,52.158180237],[5.489284992,52.154590607],[5.487814903,52.151000977],[5.493680954,52.149204254],[5.504078865,52.147609711],[5.505414009,52.147407532],[5.502477169,52.142021179],[5.517136097,52.13842392],[5.520067215,52.136627197],[5.519330978,52.134380341],[5.519207954,52.13401413],[5.51872015,52.132522583],[5.518595219,52.132141113],[5.506862164,52.13035202],[5.503928185,52.13035202],[5.500990868,52.124965668],[5.502450943,52.119579315],[5.506188869,52.119579315],[5.506847858,52.119579315],[5.511247158,52.120475769],[5.511888981,52.118503571],[5.512708187,52.11598587],[5.514171124,52.114189148],[5.509774208,52.114192963],[5.508308887,52.115089417],[5.505380154,52.116886139],[5.493651867,52.116889954],[5.492186069,52.1159935],[5.496582985,52.115093231],[5.499514103,52.113300323],[5.499510765,52.111503601],[5.490712166,52.106121063],[5.490705013,52.097145081],[5.49216795,52.094451904],[5.480443954,52.090862274],[5.470156193,52.084560394],[5.468841076,52.083755493],[5.46872282,52.083683014],[5.465794086,52.08278656],[5.464327812,52.080989838],[5.473114014,52.075603485],[5.489219189,52.070217133],[5.499470234,52.07201004],[5.502398968,52.072006226],[5.505328178,52.072006226],[5.511187077,52.073799133],[5.511189938,52.076358795],[5.511189938,52.07649231],[5.511191845,52.077388763],[5.511340141,52.077449799],[5.515587807,52.079181671],[5.52584219,52.08007431],[5.528769016,52.078277588],[5.537563801,52.082759857],[5.537566185,52.08455658],[5.533174038,52.085456848],[5.536111832,52.089942932],[5.543435097,52.089042664],[5.544909,52.093528748],[5.544919014,52.098014832],[5.539063931,52.100711823],[5.53760004,52.102508545],[5.556657791,52.106086731],[5.561040878,52.100696564],[5.562486172,52.092617035],[5.561011791,52.088130951],[5.56247282,52.086334229],[5.566634178,52.084629059],[5.566862106,52.084533691],[5.568312168,52.079147339],[5.566834927,52.073764801],[5.566825867,52.070171356],[5.566763878,52.069747925],[5.563845158,52.049530029],[5.564423084,52.049491882],[5.577015877,52.048622131],[5.57697916,52.04850769],[5.575541019,52.044132233],[5.575481892,52.044029236],[5.574069023,52.041442871],[5.574921131,52.04088974],[5.575530052,52.040542603],[5.589818001,52.037021637],[5.590153217,52.036937714],[5.595998764,52.035137177],[5.595998764,52.034946442],[5.595986843,52.031547546],[5.59306097,52.031547546],[5.593049049,52.027458191],[5.593029022,52.020778656],[5.595952988,52.020774841],[5.595939159,52.016284943],[5.593015194,52.016288757],[5.593004227,52.012760162],[5.593001842,52.011882782],[5.595919132,52.010002136],[5.597374916,52.008205414],[5.597362041,52.00371933],[5.598817825,52.001922607],[5.6090312,51.995624542],[5.611949921,51.994724274],[5.616333008,51.99382019],[5.620708942,51.991123199],[5.620678902,51.983043671],[5.627963066,51.977645874],[5.632337093,51.974948883],[5.63086319,51.971359253],[5.626461983,51.966876984],[5.629370213,51.963283539],[5.629469872,51.963157654],[5.633729935,51.957893372],[5.633710861,51.953403473],[5.632247925,51.952507019],[5.626407146,51.952514648],[5.623660088,51.949996948],[5.623476028,51.949829102],[5.611770153,51.943557739],[5.610229969,51.944496155],[5.595993996,51.950645447],[5.595732212,51.950759888],[5.592814922,51.951660156],[5.591353893,51.951660156],[5.567996979,51.955276489],[5.559237957,51.957977295],[5.55883503,51.958164215],[5.553403854,51.960674286],[5.547574043,51.966960907],[5.544589996,51.968769073],[5.533010006,51.970554352],[5.527130127,51.972358704],[5.52675581,51.972358704],[5.524273872,51.972362518],[5.516902924,51.974159241],[5.506681919,51.979549408],[5.493533134,51.983146667],[5.493384838,51.98323822],[5.492072105,51.984043121],[5.485116005,51.984043121],[5.484765053,51.984043121],[5.478919029,51.983146667],[5.478527069,51.983165741],[5.459920883,51.984046936],[5.448228836,51.985839844],[5.442382812,51.985839844],[5.436536789,51.984043121],[5.4360919,51.983772278],[5.429232121,51.979553223],[5.423388004,51.976860046],[5.404396057,51.974159241],[5.397093773,51.97146225],[5.388287067,51.969661713],[5.379562855,51.969657898],[5.369331837,51.971443176],[5.360568047,51.970539093],[5.353265762,51.968738556],[5.346152782,51.961719513],[5.345980167,51.961551666],[5.345040798,51.961547852],[5.344519138,51.961547852],[5.338685989,51.957950592],[5.331386089,51.956150055],[5.322628021,51.955242157],[5.316729069,51.957946777],[5.305076122,51.962398529],[5.289003849,51.963275909],[5.274384975,51.965946198],[5.261213779,51.971309662],[5.249492168,51.978469849],[5.246565819,51.979362488],[5.240722179,51.979354858],[5.234889984,51.976650238],[5.229090214,51.967662811],[5.223487854,51.964199066],[5.223264217,51.964057922],[5.218894958,51.961357117],[5.218138218,51.961200714],[5.210141182,51.959545135],[5.201365948,51.96131897],[5.195512772,51.963104248],[5.185256958,51.968463898],[5.177959919,51.96031189],[5.167862892,51.946880341],[5.156263828,51.93428421],[5.153345108,51.934276581],[5.153337955,51.935173035],[5.147295952,51.936168671],[5.137260914,51.937824249],[5.134359837,51.935123444],[5.106531143,51.946712494],[5.106294155,51.946769714],[5.091898918,51.950256348],[5.058910847,51.955432892],[5.058263779,51.955535889],[5.062599182,51.960933685],[5.068410873,51.964546204],[5.068225861,51.964771271],[5.058074951,51.977077484],[5.052230835,51.977058411],[5.04345417,51.977924347],[5.042025089,51.974327087],[5.040588856,51.971630096],[5.037685871,51.969825745],[5.033436775,51.96893692],[5.024535179,51.969776154],[5.014256001,51.975124359],[5.005461216,51.977783203],[4.996704102,51.976852417],[4.987990856,51.971431732],[4.987648964,51.971004486],[4.983664989,51.966030121],[4.98351717,51.965938568],[4.979877949,51.963668823],[4.979311943,51.963317871],[4.974958897,51.960605621],[4.97441721,51.960536957],[4.967663765,51.95967865],[4.961802006,51.961448669],[4.960803032,51.961853027],[4.957400799,51.963226318],[4.953009129,51.964107513],[4.947154045,51.964977264],[4.944242954,51.964069366],[4.9384408,51.960453033],[4.929781914,51.951438904],[4.92545414,51.946929932],[4.921105862,51.944217682],[4.915287018,51.942394257],[4.90525198,51.940582275],[4.905087948,51.940551758],[4.899779797,51.940525055],[4.899249077,51.940525055],[4.886567116,51.938728333],[4.886129856,51.938667297],[4.881762981,51.937747955],[4.878857136,51.943813324],[4.878760815,51.944015503],[4.875780106,51.951107025],[4.875713825,51.953876495],[4.875435829,51.954124451],[4.872757912,51.956554413],[4.872470856,51.956985474],[4.86977911,51.961025238],[4.863741875,51.968238831],[4.8536129,51.97436142],[4.849134922,51.975284576],[4.848966122,51.975437164],[4.847692013,51.976593018],[4.83729887,51.985996246],[4.838759899,51.986003876],[4.830486774,51.992656708],[4.829889774,51.99313736],[4.821020126,52.000270844],[4.856044769,52.004943848],[4.860421181,52.00586319],[4.860214233,52.006111145],[4.851776123,52.016262054],[4.850162983,52.018199921],[4.850017071,52.018375397],[4.844192028,52.016551971],[4.836877823,52.016513824],[4.828092098,52.017364502],[4.8251791,52.016448975],[4.824588776,52.016174316],[4.819366932,52.013725281],[4.818918228,52.013755798],[4.807124138,52.014492035],[4.806190968,52.01455307],[4.801688194,52.022605896],[4.811872959,52.026252747],[4.811869144,52.026699066],[4.811828136,52.029525757],[4.811822891,52.029842377],[4.814559937,52.03414917],[4.814683914,52.034347534],[4.82049799,52.037071228],[4.832029819,52.049701691],[4.832706928,52.049995422],[4.850946903,52.057876587],[4.859716892,52.058818817],[4.869813919,52.062423706],[4.871369839,52.063365936],[4.877157211,52.068782806],[4.848483086,52.069473267],[4.846395016,52.069522858],[4.833255768,52.066761017],[4.837562084,52.073066711],[4.836072922,52.074855804],[4.828750134,52.074817657],[4.828680038,52.079868317],[4.828674793,52.08020401],[4.827047825,52.091861725],[4.825410843,52.105167389],[4.8253932,52.105319977],[4.826858997,52.105327606],[4.827058792,52.105579376],[4.828299046,52.107128143],[4.825528145,52.108795166],[4.825343132,52.108909607],[4.796216011,52.122039795],[4.795835018,52.122211456],[4.794366837,52.122203827],[4.795807838,52.124008179],[4.801658154,52.124938965],[4.804588795,52.124954224],[4.81040287,52.128574371],[4.811816216,52.132175446],[4.810311794,52.134857178],[4.813192844,52.138465881],[4.816101074,52.140277863],[4.824873924,52.142120361],[4.835033894,52.143955231],[4.83658123,52.143974304],[4.836722851,52.143863678],[4.841032982,52.140407562],[4.845442772,52.139533997],[4.858457088,52.136951447],[4.858677864,52.136909485],[4.86893177,52.137859344],[4.875998974,52.138614655],[4.877717972,52.13879776],[4.877499104,52.155853271],[4.895024776,52.162220001],[4.869927883,52.17376709],[4.858115196,52.179096222],[4.847828865,52.17993927],[4.846467972,52.180595398],[4.846042156,52.180797577],[4.840439796,52.183490753],[4.840249062,52.183605194],[4.831555843,52.188831329],[4.825621128,52.193286896],[4.825582027,52.195980072],[4.816720963,52.199523926],[4.816696167,52.201316833],[4.806415081,52.201263428],[4.804946899,52.201255798],[4.804943085,52.201519012],[4.804870129,52.206638336],[4.804711819,52.217411041],[4.800265789,52.220077515],[4.797611237,52.223251343],[4.797273159,52.223651886],[4.797234058,52.226345062],[4.804580212,52.226387024],[4.811927795,52.226425171],[4.817200184,52.22726059],[4.817791939,52.227355957],[4.82153511,52.22813797],[4.821702957,52.228347778],[4.822070122,52.228252411],[4.83097887,52.230117798],[4.831374168,52.230239868],[4.833906174,52.231033325],[4.834031105,52.231090546],[4.839366913,52.233577728],[4.839746952,52.233753204],[4.841204166,52.234661102],[4.845600128,52.235580444],[4.85435915,52.240112305],[4.854333878,52.241909027],[4.857274055,52.241924286],[4.858695984,52.245521545],[4.859414101,52.246417999],[4.860143185,52.247322083],[4.871856213,52.250972748],[4.873302937,52.2527771],[4.877411842,52.251132965],[4.877736092,52.251003265],[4.880652905,52.252811432],[4.885054111,52.253730774],[4.895356178,52.252883911],[4.901258945,52.251113892],[4.905648232,52.252929688],[4.911529064,52.25295639],[4.914468765,52.252971649],[4.920308113,52.256587982],[4.921757221,52.258388519],[4.921724796,52.261081696],[4.927565098,52.264698029],[4.930472851,52.267406464],[4.930679798,52.267791748],[4.931906223,52.270088196],[4.930419922,52.271892548],[4.928854942,52.279964447],[4.929160118,52.279998779],[4.937673092,52.280902863],[4.946528912,52.278247833],[4.95829916,52.278297424],[4.964182854,52.278320313],[4.970620155,52.279136658],[4.971529007,52.279251099],[4.972988129,52.281959534],[4.975686073,52.283626556],[4.975893974,52.283756256],[4.985835075,52.289131165],[4.987598896,52.290084839],[5.000850201,52.289241791],[5.005228043,52.29284668],[5.00520277,52.295539856],[5.006646156,52.298240662],[5.011035919,52.300949097],[5.01169014,52.301353455],[5.015425205,52.303657532],[5.017633915,52.303665161],[5.018367767,52.303668976],[5.025735855,52.302799225]]]]},"properties":{"name":"Utrecht","mapcolor":11,"cartodb_id":11}},{"type":"Feature","geometry":{"type":"MultiPolygon","coordinates":[[[[3.515278101,51.407360077],[3.515278101,51.407081604],[3.5229671,51.407081604],[3.524166107,51.407081604],[3.524166107,51.406963348],[3.524166107,51.40625],[3.524722099,51.40625],[3.524722099,51.405971527],[3.525831938,51.405971527],[3.525831938,51.405693054],[3.528053999,51.405693054],[3.528057098,51.405418396],[3.535832882,51.405418396],[3.535832882,51.405139923],[3.539167881,51.405139923],[3.539167881,51.405418396],[3.543056011,51.405418396],[3.543056011,51.405139923],[3.543612003,51.405139923],[3.543612003,51.40486145],[3.54472208,51.40486145],[3.54472208,51.404026031],[3.545278072,51.404026031],[3.545278072,51.403751373],[3.545834064,51.403751373],[3.545834064,51.4034729],[3.546387911,51.4034729],[3.546387911,51.403194427],[3.546943903,51.403194427],[3.546943903,51.402915955],[3.548612118,51.402915955],[3.548612118,51.402362823],[3.549165964,51.402362823],[3.549165964,51.401805878],[3.548612118,51.401805878],[3.548612118,51.401351929],[3.548612118,51.400970459],[3.549165964,51.400970459],[3.549165964,51.400695801],[3.550277948,51.400695801],[3.550277948,51.400417328],[3.552126884,51.400417328],[3.554167032,51.400417328],[3.554167032,51.400138855],[3.554723024,51.400138855],[3.554723024,51.399860382],[3.555279016,51.399860382],[3.555279016,51.399581909],[3.555833101,51.399581909],[3.555833101,51.399307251],[3.556389093,51.399307251],[3.556389093,51.399028778],[3.556945086,51.399028778],[3.556945086,51.398750305],[3.559166908,51.398750305],[3.559166908,51.398471832],[3.560832977,51.398471832],[3.560832977,51.398750305],[3.566390038,51.398750305],[3.566390038,51.398471832],[3.56694293,51.398471832],[3.56694293,51.398193359],[3.568056107,51.398193359],[3.568056107,51.397914886],[3.568612099,51.397914886],[3.568612099,51.397640228],[3.569721937,51.397640228],[3.569721937,51.397361755],[3.570277929,51.397361755],[3.570277929,51.397083282],[3.570833921,51.397083282],[3.570833921,51.39680481],[3.571388006,51.39680481],[3.571389914,51.396526337],[3.572191954,51.396526337],[3.57249999,51.396526337],[3.57249999,51.396343231],[3.57249999,51.396251678],[3.573611975,51.396251678],[3.573611975,51.395973206],[3.575278044,51.395973206],[3.575278044,51.395694733],[3.576387882,51.395694733],[3.576387882,51.39541626],[3.576944113,51.39541626],[3.576944113,51.394859314],[3.577500105,51.394859314],[3.577500105,51.394584656],[3.578056097,51.394584656],[3.578056097,51.39402771],[3.578609943,51.39402771],[3.578609943,51.392360687],[3.579165936,51.392360687],[3.579165936,51.392082214],[3.579721928,51.392082214],[3.579721928,51.391529083],[3.580279112,51.391529083],[3.580279112,51.390693665],[3.580832005,51.390693665],[3.580832005,51.390140533],[3.58138895,51.390140533],[3.58138895,51.389862061],[3.581944942,51.389862061],[3.581944942,51.389583588],[3.582500935,51.389583588],[3.582500935,51.389305115],[3.583055019,51.389305115],[3.583055019,51.388748169],[3.583611012,51.388748169],[3.583611012,51.388195038],[3.584167004,51.388195038],[3.584167004,51.387916565],[3.584722996,51.387916565],[3.584722996,51.38766861],[3.585277081,51.387638092],[3.585277081,51.387451172],[3.585277081,51.387359619],[3.586389065,51.387359619],[3.586389065,51.387084961],[3.587498903,51.387084961],[3.587501049,51.386806488],[3.588054895,51.386806488],[3.588054895,51.386528015],[3.590832949,51.386528015],[3.590832949,51.386276245],[3.591183901,51.38627243],[3.592499018,51.386249542],[3.592499018,51.386146545],[3.592499018,51.385971069],[3.593611956,51.385971069],[3.593611956,51.386249542],[3.595834017,51.386249542],[3.595834017,51.385971069],[3.596390009,51.385971069],[3.596390009,51.38583374],[3.596390009,51.385692596],[3.598056078,51.385704041],[3.598056078,51.385971069],[3.59861207,51.385971069],[3.59861207,51.386249542],[3.599165916,51.386249542],[3.599165916,51.386528015],[3.599721909,51.386528015],[3.599721909,51.386249542],[3.600277901,51.386249542],[3.600277901,51.385971069],[3.60194397,51.385971069],[3.60194397,51.385692596],[3.603055954,51.385692596],[3.603055954,51.385417938],[3.603610039,51.385417938],[3.603610039,51.385261536],[3.603610039,51.385139465],[3.604722023,51.385139465],[3.604722023,51.384860992],[3.606388092,51.384860992],[3.606388092,51.38458252],[3.606944084,51.38458252],[3.606944084,51.384029388],[3.608611107,51.384029388],[3.608611107,51.383472443],[3.609723091,51.383472443],[3.609723091,51.38319397],[3.61083293,51.38319397],[3.61083293,51.382915497],[3.611388922,51.382915497],[3.611388922,51.382362366],[3.611944914,51.382362366],[3.611944914,51.382083893],[3.613054991,51.382083893],[3.613054991,51.38180542],[3.613610983,51.38180542],[3.613610983,51.381248474],[3.614166975,51.381248474],[3.614166975,51.380973816],[3.614722967,51.380973816],[3.614722967,51.380695343],[3.616945028,51.380695343],[3.616945028,51.380138397],[3.618055105,51.380138397],[3.618055105,51.379859924],[3.618611097,51.379859924],[3.618611097,51.379581451],[3.620834112,51.379581451],[3.620834112,51.379306793],[3.621390104,51.379306793],[3.621390104,51.37902832],[3.622472048,51.37902832],[3.623055935,51.37902832],[3.623055935,51.378749847],[3.624424934,51.378749847],[3.624722004,51.378749847],[3.624722004,51.378471375],[3.626388073,51.378471375],[3.626388073,51.378192902],[3.627500057,51.378192902],[3.627500057,51.377918243],[3.628609896,51.377918243],[3.628609896,51.377639771],[3.629165888,51.377639771],[3.629165888,51.377361298],[3.629722118,51.377361298],[3.629722118,51.377639771],[3.630834103,51.377639771],[3.630834103,51.377361298],[3.631943941,51.377361298],[3.631943941,51.377082825],[3.633054018,51.377082825],[3.633054018,51.376804352],[3.63527894,51.376804352],[3.63527894,51.376525879],[3.636945009,51.376525879],[3.636945009,51.376251221],[3.63916707,51.376251221],[3.63916707,51.375972748],[3.640276909,51.375972748],[3.640276909,51.375694275],[3.64249897,51.375694275],[3.64249897,51.375415802],[3.644721031,51.375415802],[3.644721031,51.375137329],[3.646389008,51.375137329],[3.646389008,51.374862671],[3.649164915,51.374862671],[3.649164915,51.374584198],[3.650834084,51.374584198],[3.650834084,51.374862671],[3.651390076,51.374862671],[3.651390076,51.375137329],[3.651943922,51.375137329],[3.651943922,51.374862671],[3.652499914,51.374862671],[3.652499914,51.374584198],[3.653611898,51.374584198],[3.653611898,51.374305725],[3.65583396,51.374305725],[3.65583396,51.374027252],[3.656388044,51.374027252],[3.656388044,51.374305725],[3.656944036,51.374305725],[3.656944036,51.374027252],[3.657500029,51.374027252],[3.657500029,51.374305725],[3.658610106,51.374305725],[3.658610106,51.374027252],[3.659166098,51.374027252],[3.659166098,51.373748779],[3.663054943,51.373748779],[3.663054943,51.373893738],[3.663054943,51.374027252],[3.663610935,51.374027252],[3.663610935,51.374584198],[3.668055058,51.374584198],[3.668055058,51.374305725],[3.66861105,51.374305725],[3.66861105,51.374584198],[3.669167042,51.374584198],[3.669167042,51.374305725],[3.670277119,51.374305725],[3.670277119,51.374027252],[3.670833111,51.374027252],[3.670833111,51.373748779],[3.671945095,51.373748779],[3.671945095,51.373474121],[3.673054934,51.373470306],[3.673054934,51.373195648],[3.673610926,51.373195648],[3.673610926,51.37292099],[3.673610926,51.372638702],[3.674721003,51.372638702],[3.674721003,51.372360229],[3.675277948,51.372360229],[3.675277948,51.372081757],[3.678056002,51.372081757],[3.678056002,51.371807098],[3.681387901,51.371807098],[3.681387901,51.371528625],[3.685832024,51.371528625],[3.685832024,51.371250153],[3.686944008,51.371250153],[3.686944008,51.37097168],[3.687227011,51.37097168],[3.687500954,51.37097168],[3.687500954,51.370704651],[3.688056946,51.370693207],[3.688056946,51.370159149],[3.688610077,51.370140076],[3.688610077,51.369861603],[3.689167023,51.369861603],[3.689167023,51.369304657],[3.689723015,51.369304657],[3.689723015,51.368751526],[3.690279007,51.368751526],[3.690279007,51.368473053],[3.690833092,51.368473053],[3.690833092,51.367416382],[3.690833092,51.367084503],[3.688610077,51.367084503],[3.688610077,51.36680603],[3.685832024,51.36680603],[3.685832024,51.366527557],[3.685277939,51.366527557],[3.685277939,51.365970612],[3.685832024,51.365970612],[3.685832024,51.365695953],[3.690833092,51.365695953],[3.690833092,51.36541748],[3.691945076,51.36541748],[3.691945076,51.365139008],[3.692312002,51.365139008],[3.692501068,51.365139008],[3.692501068,51.364707947],[3.692501068,51.364582062],[3.692708015,51.364582062],[3.693054914,51.364582062],[3.693054914,51.364376068],[3.693177938,51.364360809],[3.693610907,51.364307404],[3.693610907,51.364048004],[3.693610907,51.363193512],[3.693054914,51.363193512],[3.693054914,51.362640381],[3.693610907,51.362640381],[3.693610907,51.361526489],[3.693054914,51.361526489],[3.693054914,51.359859467],[3.693610907,51.359859467],[3.693610907,51.359584808],[3.694166899,51.359584808],[3.694166899,51.359306335],[3.695276976,51.359306335],[3.695276976,51.359584808],[3.695832968,51.359584808],[3.695832968,51.360416412],[3.695276976,51.360416412],[3.695276976,51.361251831],[3.695832968,51.361251831],[3.695832968,51.362083435],[3.69638896,51.362083435],[3.69638896,51.362400055],[3.69638896,51.362640381],[3.696944952,51.362640381],[3.696944952,51.362083435],[3.697499037,51.362083435],[3.697499037,51.361804962],[3.698055029,51.361804962],[3.698055029,51.361408234],[3.698055029,51.361251831],[3.698322058,51.361251831],[3.699167013,51.361251831],[3.699167013,51.360973358],[3.699721098,51.360973358],[3.699721098,51.360694885],[3.700833082,51.360694885],[3.700833082,51.360416412],[3.701942921,51.360416412],[3.701942921,51.360137939],[3.703056097,51.360137939],[3.703056097,51.359859467],[3.703612089,51.359859467],[3.703612089,51.359584808],[3.704721928,51.359584808],[3.704721928,51.359306335],[3.705833912,51.359306335],[3.705833912,51.359027863],[3.706943989,51.359027863],[3.706943989,51.35874939],[3.707499981,51.35874939],[3.707499981,51.358196259],[3.708055973,51.358196259],[3.708055973,51.357917786],[3.708610058,51.357917786],[3.708610058,51.357639313],[3.70916605,51.357639313],[3.70916605,51.35736084],[3.709722042,51.35736084],[3.709722042,51.357082367],[3.710278034,51.357082367],[3.710278034,51.356578827],[3.711388111,51.356529236],[3.711388111,51.355415344],[3.711944103,51.355415344],[3.711944103,51.355140686],[3.712500095,51.355140686],[3.712500095,51.354862213],[3.713056087,51.354862213],[3.713056087,51.354305267],[3.713609934,51.354305267],[3.713609934,51.353748322],[3.714165926,51.353748322],[3.714165926,51.353473663],[3.71472311,51.353473663],[3.71472311,51.35319519],[3.715279102,51.35319519],[3.715279102,51.352916718],[3.715831995,51.352916718],[3.715831995,51.352638245],[3.716388941,51.352638245],[3.716388941,51.352359772],[3.716944933,51.352359772],[3.716944933,51.352085114],[3.717500925,51.352085114],[3.717500925,51.351837158],[3.71805501,51.351806641],[3.71805501,51.351638794],[3.71805501,51.351249695],[3.718611002,51.351249695],[3.718611002,51.350971222],[3.719166994,51.350971222],[3.719166994,51.350692749],[3.719722986,51.350692749],[3.719722986,51.350139618],[3.722498894,51.350139618],[3.72250104,51.349861145],[3.723054886,51.349861145],[3.723054886,51.349582672],[3.724167109,51.349582672],[3.724167109,51.349304199],[3.724720955,51.349304199],[3.724720955,51.349029541],[3.725832939,51.349029541],[3.725832939,51.348751068],[3.727499008,51.348751068],[3.727499008,51.349029541],[3.728611946,51.349029541],[3.728611946,51.349189758],[3.728611946,51.349304199],[3.729167938,51.349304199],[3.729167938,51.349861145],[3.730278015,51.349861145],[3.730278015,51.349582672],[3.731944084,51.349582672],[3.731944084,51.349304199],[3.732500076,51.349304199],[3.732500076,51.348751068],[3.736387968,51.348751068],[3.736387968,51.348472595],[3.743053913,51.348472595],[3.743053913,51.348194122],[3.746388912,51.348194122],[3.746388912,51.347915649],[3.753611088,51.347915649],[3.753611088,51.347637177],[3.758151054,51.347637177],[3.759721994,51.347637177],[3.759721994,51.347362518],[3.759166002,51.347362518],[3.759166002,51.347034454],[3.759166002,51.346847534],[3.759166002,51.346248627],[3.758611917,51.346248627],[3.758611917,51.34513855],[3.758055925,51.34513855],[3.758055925,51.344581604],[3.757499933,51.344581604],[3.757499933,51.344306946],[3.756943941,51.344306946],[3.756943941,51.344028473],[3.756390095,51.344028473],[3.756390095,51.34375],[3.755834103,51.34375],[3.755834103,51.343193054],[3.755276918,51.343193054],[3.755276918,51.342918396],[3.755142927,51.342918396],[3.754720926,51.342918396],[3.754720926,51.34236145],[3.755163908,51.34236145],[3.755276918,51.34236145],[3.755276918,51.342082977],[3.755834103,51.342082977],[3.755834103,51.341526031],[3.756390095,51.341526031],[3.756390095,51.341251373],[3.757499933,51.341251373],[3.757499933,51.3409729],[3.758055925,51.3409729],[3.758055925,51.340415955],[3.759166002,51.340415955],[3.759166002,51.340137482],[3.759721994,51.340137482],[3.759721994,51.339862823],[3.760277987,51.339862823],[3.760277987,51.339118958],[3.760277987,51.339027405],[3.759721994,51.339027405],[3.759721994,51.338470459],[3.760277987,51.338470459],[3.760277987,51.338195801],[3.760833979,51.338195801],[3.760833979,51.337917328],[3.761388063,51.337917328],[3.761388063,51.337638855],[3.761944056,51.337638855],[3.761944056,51.337360382],[3.76305604,51.337360382],[3.76305604,51.337081909],[3.764166117,51.337081909],[3.764166117,51.336807251],[3.764722109,51.336807251],[3.764722109,51.336528778],[3.765834093,51.336528778],[3.765834093,51.336250305],[3.766943932,51.336250305],[3.766943932,51.335971832],[3.768054008,51.335971832],[3.768054008,51.335693359],[3.769166946,51.335693359],[3.769166946,51.335971832],[3.770278931,51.335971832],[3.770278931,51.336250305],[3.771389008,51.336250305],[3.771389008,51.336528778],[3.771945,51.336528778],[3.771945,51.338470459],[3.771389008,51.338470459],[3.771389008,51.338748932],[3.770962,51.338748932],[3.768610001,51.338748932],[3.768610001,51.339027405],[3.768057108,51.339027405],[3.768054008,51.339305878],[3.766943932,51.339305878],[3.766943932,51.339584351],[3.765278101,51.339584351],[3.765278101,51.339862823],[3.764722109,51.339862823],[3.764722109,51.340137482],[3.764166117,51.340137482],[3.764166117,51.340694427],[3.764722109,51.340694427],[3.764722109,51.3409729],[3.766387939,51.3409729],[3.766387939,51.341251373],[3.766943932,51.341251373],[3.766943932,51.3409729],[3.767499924,51.3409729],[3.767499924,51.340694427],[3.766943932,51.340694427],[3.766943932,51.340137482],[3.767499924,51.340137482],[3.767499924,51.339862823],[3.768610001,51.339862823],[3.768610001,51.339584351],[3.770833015,51.339584351],[3.770833015,51.339862823],[3.771389008,51.339862823],[3.771389008,51.340137482],[3.771945,51.340137482],[3.771945,51.341251373],[3.772500992,51.341251373],[3.772500992,51.342082977],[3.771945,51.342082977],[3.771945,51.34236145],[3.770833015,51.34236145],[3.770833015,51.34375],[3.771389008,51.34375],[3.771389008,51.344581604],[3.770833015,51.344581604],[3.770833015,51.344860077],[3.769979954,51.344860077],[3.769166946,51.344860077],[3.769166946,51.344581604],[3.768610001,51.344581604],[3.768610001,51.344028473],[3.768057108,51.344028473],[3.768054008,51.344306946],[3.767499924,51.344306946],[3.767499924,51.345695496],[3.766943932,51.345695496],[3.766943932,51.348194122],[3.768610001,51.348194122],[3.768610001,51.346248627],[3.769166946,51.346248627],[3.769166946,51.345973969],[3.769802094,51.345973969],[3.770278931,51.345973969],[3.770278931,51.346248627],[3.770833015,51.346248627],[3.770833015,51.349582672],[3.772500992,51.349582672],[3.772500992,51.349861145],[3.780277014,51.349861145],[3.780277014,51.350139618],[3.780833006,51.350139618],[3.780833006,51.349861145],[3.781389952,51.349861145],[3.781389952,51.350139618],[3.783056021,51.350139618],[3.783056021,51.350311279],[3.783056021,51.350418091],[3.785278082,51.350418091],[3.785278082,51.350227356],[3.785278082,51.350139618],[3.786390066,51.350189209],[3.786390066,51.350418091],[3.788055897,51.350418091],[3.788055897,51.350692749],[3.789165974,51.350692749],[3.789165974,51.350082397],[3.789165974,51.349582672],[3.789721966,51.349582672],[3.789721966,51.349304199],[3.790277958,51.349304199],[3.790277958,51.349029541],[3.790641069,51.349029541],[3.79083395,51.349029541],[3.79083395,51.34885788],[3.79083395,51.348751068],[3.790952921,51.348751068],[3.791388035,51.348751068],[3.791388035,51.348365784],[3.791388035,51.348194122],[3.791579962,51.348194122],[3.791944027,51.348194122],[3.791944027,51.347869873],[3.791944027,51.347637177],[3.792206049,51.347637177],[3.792500019,51.347637177],[3.792500019,51.347396851],[3.792500019,51.347084045],[3.793056011,51.347084045],[3.793056011,51.3465271],[3.793610096,51.3465271],[3.793610096,51.346248627],[3.794166088,51.346248627],[3.794166088,51.345973969],[3.795279026,51.345973969],[3.795279026,51.345695496],[3.796322107,51.345695496],[3.796389103,51.345417023],[3.796947002,51.345417023],[3.798054934,51.345417023],[3.798054934,51.34513855],[3.798610926,51.34513855],[3.798610926,51.344860077],[3.799166918,51.344860077],[3.799166918,51.344745636],[3.799166918,51.344581604],[3.79972291,51.344581604],[3.79972291,51.344306946],[3.800276995,51.344306946],[3.800276995,51.344028473],[3.80361104,51.344028473],[3.80361104,51.34375],[3.805833101,51.34375],[3.805833101,51.343471527],[3.806389093,51.343471527],[3.806389093,51.34375],[3.807498932,51.34375],[3.807498932,51.343471527],[3.808054924,51.343471527],[3.808054924,51.343307495],[3.808054924,51.343193054],[3.808612108,51.343193054],[3.808612108,51.342918396],[3.8091681,51.342918396],[3.8091681,51.34236145],[3.810277939,51.34236145],[3.810277939,51.342082977],[3.811944008,51.342082977],[3.811944008,51.341804504],[3.813611984,51.341804504],[3.813611984,51.341526031],[3.814834118,51.341526031],[3.815278053,51.341526031],[3.815278053,51.341251373],[3.816387892,51.341251373],[3.816387892,51.3409729],[3.818609953,51.3409729],[3.818609953,51.340694427],[3.819070101,51.340694427],[3.819165945,51.340694427],[3.819165945,51.340515137],[3.819165945,51.340415955],[3.819721937,51.340415955],[3.819721937,51.339561462],[3.819721937,51.339305878],[3.819869995,51.339305878],[3.820277929,51.339305878],[3.820277929,51.339584351],[3.820514917,51.339584351],[3.820835114,51.339584351],[3.820835114,51.339862823],[3.821388006,51.339862823],[3.821388006,51.340415955],[3.821943998,51.340415955],[3.821943998,51.3409729],[3.823611021,51.3409729],[3.823611021,51.341251373],[3.824167013,51.341251373],[3.824167013,51.341804504],[3.824723005,51.341804504],[3.824723005,51.342082977],[3.825278997,51.342082977],[3.825278997,51.34236145],[3.825833082,51.34236145],[3.825833082,51.342147827],[3.827501059,51.342082977],[3.827501059,51.341804504],[3.829166889,51.341804504],[3.829166889,51.3409729],[3.829722881,51.3409729],[3.829722881,51.340137482],[3.830276966,51.340137482],[3.830276966,51.339862823],[3.830832958,51.339862823],[3.830832958,51.339305878],[3.83138895,51.339305878],[3.83138895,51.339027405],[3.832499027,51.339027405],[3.832499027,51.338748932],[3.833611012,51.338748932],[3.833611012,51.339027405],[3.834167004,51.339027405],[3.834167004,51.338748932],[3.834721088,51.338748932],[3.834721088,51.338470459],[3.835277081,51.338470459],[3.835277081,51.338195801],[3.835834026,51.338195801],[3.835834026,51.337387085],[3.836390018,51.337360382],[3.836390018,51.337211609],[3.836390018,51.337081909],[3.837294102,51.337081909],[3.838056087,51.337081909],[3.838056087,51.336975098],[3.838056087,51.336807251],[3.839238882,51.336807251],[3.839721918,51.336807251],[3.839721918,51.336528778],[3.840833902,51.336528778],[3.840833902,51.336250305],[3.841389894,51.336250305],[3.841389894,51.335971832],[3.841943979,51.335971832],[3.841943979,51.335693359],[3.842499971,51.335693359],[3.842499971,51.335414886],[3.843055964,51.335414886],[3.843055964,51.335140228],[3.844722033,51.335140228],[3.844722033,51.334861755],[3.845834017,51.334861755],[3.845834017,51.335140228],[3.847500086,51.335140228],[3.847500086,51.335414886],[3.848057032,51.335414886],[3.848057032,51.335140228],[3.848609924,51.335140228],[3.848609924,51.335414886],[3.854166985,51.335414886],[3.854166985,51.335140228],[3.855277061,51.335140228],[3.855277061,51.335414886],[3.855833054,51.335414886],[3.855833054,51.335693359],[3.856389046,51.335693359],[3.856389046,51.33581543],[3.856389046,51.335971832],[3.858611107,51.335971832],[3.858611107,51.335849762],[3.858611107,51.335693359],[3.859167099,51.335693359],[3.859167099,51.335971832],[3.859720945,51.335971832],[3.859720945,51.335693359],[3.861388922,51.335693359],[3.861388922,51.335971832],[3.863055944,51.335971832],[3.863055944,51.336250305],[3.867500067,51.336250305],[3.867500067,51.336807251],[3.86777997,51.336807251],[3.868056059,51.336807251],[3.868056059,51.337078094],[3.868056059,51.337360382],[3.868345022,51.337360382],[3.868612051,51.337360382],[3.868612051,51.337619781],[3.868612051,51.338748932],[3.869165897,51.338748932],[3.869165897,51.339584351],[3.869721889,51.339584351],[3.869721889,51.339862823],[3.870277882,51.339862823],[3.870277882,51.340137482],[3.870834112,51.340137482],[3.870834112,51.340415955],[3.87146306,51.340415955],[3.871943951,51.340415955],[3.871943951,51.340694427],[3.872499943,51.340694427],[3.872499943,51.3409729],[3.873055935,51.3409729],[3.873055935,51.341251373],[3.87361002,51.341251373],[3.87361002,51.341526031],[3.874166012,51.341526031],[3.874166012,51.343471527],[3.874722004,51.343471527],[3.874722004,51.344028473],[3.87527895,51.344028473],[3.87527895,51.34513855],[3.875832081,51.34513855],[3.875832081,51.346248627],[3.877501011,51.346248627],[3.877501011,51.3465271],[3.87916708,51.3465271],[3.87916708,51.346805573],[3.880279064,51.346805573],[3.880279064,51.347084045],[3.889720917,51.347084045],[3.889720917,51.347362518],[3.890278101,51.347362518],[3.890278101,51.348472595],[3.891943932,51.348472595],[3.891943932,51.349029541],[3.892499924,51.349029541],[3.892499924,51.350139618],[3.893055916,51.350139618],[3.893055916,51.350418091],[3.893611908,51.350418091],[3.893611908,51.350692749],[3.894165993,51.350692749],[3.894165993,51.351249695],[3.894721985,51.351249695],[3.894721985,51.352085114],[3.895833969,51.352085114],[3.895833969,51.352638245],[3.896388054,51.352638245],[3.896388054,51.352916718],[3.898610115,51.352916718],[3.898610115,51.35319519],[3.899166107,51.35319519],[3.899166107,51.353473663],[3.899722099,51.353473663],[3.899722099,51.353748322],[3.900834084,51.353748322],[3.900834084,51.354305267],[3.90138793,51.354305267],[3.90138793,51.35458374],[3.901943922,51.35458374],[3.901943922,51.354862213],[3.902501106,51.354862213],[3.902501106,51.355140686],[3.903057098,51.355140686],[3.903057098,51.355693817],[3.903609991,51.355693817],[3.903609991,51.356250763],[3.904166937,51.356250763],[3.904166937,51.356529236],[3.904722929,51.356529236],[3.904722929,51.356803894],[3.905278921,51.356803894],[3.905278921,51.357082367],[3.905833006,51.357082367],[3.905833006,51.35736084],[3.906388998,51.35736084],[3.906388998,51.357639313],[3.908055067,51.357639313],[3.908055067,51.357917786],[3.908611059,51.357917786],[3.908611059,51.358196259],[3.909723043,51.358196259],[3.909723043,51.358470917],[3.91027689,51.358470917],[3.91027689,51.35874939],[3.911389112,51.35874939],[3.911389112,51.359027863],[3.911945105,51.359027863],[3.911945105,51.359306335],[3.913610935,51.359306335],[3.913610935,51.359584808],[3.914166927,51.359584808],[3.914166927,51.360137939],[3.916389942,51.360137939],[3.916389942,51.360416412],[3.918056011,51.360416412],[3.918056011,51.360694885],[3.918612003,51.360694885],[3.918612003,51.360973358],[3.919166088,51.360973358],[3.919167995,51.361251831],[3.91972208,51.361251831],[3.91972208,51.361526489],[3.923055887,51.361526489],[3.923055887,51.361804962],[3.923612118,51.361804962],[3.923612118,51.362083435],[3.925277948,51.362083435],[3.925277948,51.362361908],[3.926388025,51.362361908],[3.926388025,51.362640381],[3.926574945,51.362640381],[3.926944017,51.362640381],[3.926944017,51.362361908],[3.92750001,51.362361908],[3.92750001,51.362640381],[3.928610086,51.362640381],[3.928610086,51.362915039],[3.929260015,51.362915039],[3.930279016,51.362915039],[3.930279016,51.363018036],[3.930279016,51.363193512],[3.931945086,51.363193512],[3.931945086,51.363471985],[3.93470192,51.363471985],[3.935276985,51.363471985],[3.935276985,51.363193512],[3.935832977,51.363193512],[3.935832977,51.363471985],[3.936388969,51.363471985],[3.936388969,51.363193512],[3.938055038,51.363193512],[3.938055038,51.363471985],[3.939723015,51.363471985],[3.939723015,51.363750458],[3.9402771,51.363750458],[3.9402771,51.364028931],[3.940833092,51.364028931],[3.940833092,51.364307404],[3.941389084,51.364307404],[3.941389084,51.364582062],[3.94194603,51.364582062],[3.94194603,51.364860535],[3.942498922,51.364860535],[3.942498922,51.365139008],[3.943054914,51.365139008],[3.943054914,51.36541748],[3.943612099,51.36541748],[3.943612099,51.365695953],[3.944168091,51.365695953],[3.944168091,51.365970612],[3.945277929,51.365970612],[3.945277929,51.366249084],[3.946389914,51.366249084],[3.946389914,51.36680603],[3.94749999,51.36680603],[3.94749999,51.367084503],[3.948055983,51.367084503],[3.948055983,51.367362976],[3.948611975,51.367362976],[3.948611975,51.367084503],[3.949166059,51.367084503],[3.949166059,51.367362976],[3.949722052,51.367362976],[3.949722052,51.367084503],[3.953056097,51.367084503],[3.953056097,51.367362976],[3.953609943,51.367362976],[3.953609943,51.367084503],[3.954165936,51.367084503],[3.954165936,51.36680603],[3.954721928,51.36680603],[3.954721928,51.366527557],[3.95527792,51.366527557],[3.95527792,51.366249084],[3.956387997,51.366249084],[3.956387997,51.365970612],[3.957500935,51.365970612],[3.957500935,51.366249084],[3.958054066,51.366249084],[3.958054066,51.366527557],[3.9582479,51.366527557],[3.958611012,51.366527557],[3.958611012,51.367916107],[3.959167004,51.367916107],[3.959167004,51.371250153],[3.959722996,51.371250153],[3.959722996,51.372638702],[3.960278988,51.372638702],[3.960278988,51.373195648],[3.960833073,51.373195648],[3.960833073,51.373748779],[3.961389065,51.373748779],[3.961389065,51.374305725],[3.961945057,51.374324799],[3.961945057,51.375137329],[3.962501049,51.375137329],[3.962501049,51.375972748],[3.963054895,51.375972748],[3.963054895,51.376525879],[3.962501049,51.376529694],[3.962501049,51.377361298],[3.961945057,51.377361298],[3.961945057,51.378471375],[3.962501049,51.378471375],[3.962501049,51.379306793],[3.963054895,51.379306793],[3.963054895,51.380138397],[3.962501049,51.380138397],[3.962501049,51.381526947],[3.963054895,51.381526947],[3.963054895,51.38180542],[3.963610888,51.38180542],[3.963610888,51.382083893],[3.964167118,51.382083893],[3.964167118,51.382362366],[3.96472311,51.382362366],[3.96472311,51.382637024],[3.965276957,51.382637024],[3.965276957,51.382915497],[3.965832949,51.382915497],[3.965832949,51.383472443],[3.966388941,51.383472443],[3.966388941,51.384029388],[3.966944933,51.384029388],[3.966944933,51.384304047],[3.967499018,51.384304047],[3.967499018,51.385139465],[3.96805501,51.385139465],[3.96805501,51.385971069],[3.967499018,51.385971069],[3.967499018,51.387359619],[3.966944933,51.387359619],[3.966944933,51.387916565],[3.966388941,51.387916565],[3.966388941,51.388473511],[3.965832949,51.388473511],[3.965832949,51.388748169],[3.966388941,51.388748169],[3.966388941,51.389026642],[3.965832949,51.389026642],[3.965832949,51.389305115],[3.965276957,51.389305115],[3.965276957,51.390693665],[3.965832949,51.390693665],[3.965832949,51.398002625],[3.965832949,51.398193359],[3.966008902,51.398193359],[3.966388941,51.398193359],[3.966388941,51.398605347],[3.966388941,51.399028778],[3.966778994,51.399028778],[3.966944933,51.399028778],[3.966944933,51.399307251],[3.967499018,51.399307251],[3.967499018,51.399581909],[3.96805501,51.399581909],[3.96805501,51.400417328],[3.968611002,51.400417328],[3.968611002,51.400695801],[3.969167948,51.400695801],[3.969167948,51.401527405],[3.969721079,51.401527405],[3.969721079,51.402225494],[3.969721079,51.402362823],[3.969846964,51.402362823],[3.970834017,51.402362823],[3.970834017,51.402637482],[3.971390009,51.402637482],[3.971390009,51.403194427],[3.971944094,51.403194427],[3.971944094,51.403751373],[3.972500086,51.403751373],[3.972500086,51.404026031],[3.973056078,51.404026031],[3.973056078,51.404304504],[3.97361207,51.404304504],[3.97361207,51.40486145],[3.974165916,51.40486145],[3.974165916,51.405418396],[3.974721909,51.405418396],[3.974721909,51.40625],[3.979166031,51.40625],[3.979166031,51.405971527],[3.984723091,51.405971527],[3.984723091,51.40625],[3.985279083,51.40625],[3.985279083,51.405971527],[3.987500906,51.405971527],[3.987500906,51.40625],[3.988054991,51.40625],[3.988054991,51.405971527],[3.988610983,51.405971527],[3.988610983,51.405693054],[3.993055105,51.405693054],[3.993055105,51.405418396],[3.993611097,51.405418396],[3.993611097,51.404026031],[3.994167089,51.404026031],[3.994167089,51.403751373],[3.996390104,51.403751373],[3.996390104,51.4034729],[3.996942997,51.4034729],[3.996942997,51.403194427],[3.998611927,51.403194427],[3.998611927,51.402915955],[3.999722004,51.402915955],[4.000833988,51.402915955],[4.000833988,51.402637482],[4.002500057,51.402637482],[4.002500057,51.402362823],[4.003612041,51.402362823],[4.003612041,51.402084351],[4.004166126,51.402084351],[4.004166126,51.402362823],[4.005278111,51.402362823],[4.005278111,51.402084351],[4.008609772,51.402084351],[4.008609772,51.401805878],[4.009722233,51.401805878],[4.009722233,51.401527405],[4.010279179,51.401527405],[4.010279179,51.401805878],[4.013054848,51.401805878],[4.013054848,51.401527405],[4.015832901,51.401527405],[4.015832901,51.401248932],[4.016944885,51.401248932],[4.016944885,51.400417328],[4.01749897,51.400417328],[4.01749897,51.400138855],[4.017649174,51.400138855],[4.018610954,51.400138855],[4.018610954,51.399860382],[4.019166946,51.399860382],[4.019166946,51.39812851],[4.019166946,51.397914886],[4.019721031,51.397914886],[4.019721031,51.397640228],[4.023055077,51.397640228],[4.023055077,51.396526337],[4.023612022,51.396526337],[4.023612022,51.395973206],[4.024168015,51.395973206],[4.024168015,51.395137787],[4.024721146,51.395137787],[4.024721146,51.394306183],[4.025278091,51.394306183],[4.025278091,51.39402771],[4.025834084,51.39402771],[4.025834084,51.393749237],[4.027500153,51.393749237],[4.027500153,51.393470764],[4.028612137,51.393470764],[4.028612137,51.393196106],[4.029166222,51.393196106],[4.029166222,51.39263916],[4.029722214,51.39263916],[4.029722214,51.391529083],[4.030278206,51.391529083],[4.030278206,51.389583588],[4.030834198,51.389583588],[4.030834198,51.388473511],[4.031387806,51.388473511],[4.031387806,51.387359619],[4.031943798,51.387359619],[4.031943798,51.386249542],[4.03249979,51.386249542],[4.03249979,51.385417938],[4.033055782,51.385417938],[4.033055782,51.38458252],[4.033439159,51.38458252],[4.033609867,51.38458252],[4.033611774,51.384304047],[4.034165859,51.384304047],[4.034165859,51.384029388],[4.034721851,51.384029388],[4.034721851,51.382637024],[4.035277843,51.382637024],[4.035277843,51.382385254],[4.035277843,51.382083893],[4.035831928,51.382083893],[4.035831928,51.380973816],[4.03638792,51.380973816],[4.03638792,51.38041687],[4.036943913,51.38041687],[4.036943913,51.379859924],[4.037500858,51.379859924],[4.037500858,51.378749847],[4.038053989,51.378749847],[4.038053989,51.378471375],[4.038610935,51.378471375],[4.038610935,51.377918243],[4.039166927,51.377918243],[4.039166927,51.377639771],[4.039722919,51.377639771],[4.039722919,51.376804352],[4.040278912,51.376804352],[4.040278912,51.376251221],[4.040832996,51.376251221],[4.040832996,51.375137329],[4.041388988,51.375137329],[4.041388988,51.374584198],[4.041944981,51.374584198],[4.041944981,51.374027252],[4.042500973,51.374027252],[4.042500973,51.373748779],[4.043055058,51.373748779],[4.043055058,51.372081757],[4.04361105,51.372081757],[4.04361105,51.37097168],[4.044167042,51.37097168],[4.044167042,51.370418549],[4.044723034,51.370414734],[4.044723034,51.369861603],[4.045277119,51.369861603],[4.045277119,51.36958313],[4.045833111,51.36958313],[4.045833111,51.369384766],[4.045833111,51.369304657],[4.046389103,51.369304657],[4.046389103,51.369026184],[4.04749918,51.369026184],[4.04749918,51.36819458],[4.048055172,51.36819458],[4.048055172,51.367637634],[4.048611164,51.367637634],[4.048611164,51.367084503],[4.049167156,51.367084503],[4.049167156,51.36680603],[4.049720764,51.36680603],[4.049720764,51.366249084],[4.050277233,51.366249084],[4.050277233,51.365970612],[4.053055763,51.365970612],[4.053055763,51.365695953],[4.055277824,51.365695953],[4.055277824,51.36541748],[4.057499886,51.36541748],[4.057499886,51.365695953],[4.058055878,51.365695953],[4.058055878,51.36541748],[4.060833931,51.36541748],[4.060833931,51.365139008],[4.063610077,51.365139008],[4.063610077,51.36541748],[4.064166069,51.36541748],[4.064166069,51.365139008],[4.064723015,51.365139008],[4.064723015,51.36541748],[4.065279007,51.36541748],[4.065279007,51.365139008],[4.066945076,51.365139008],[4.066945076,51.364860535],[4.069723129,51.364860535],[4.069723129,51.365139008],[4.070833206,51.365139008],[4.070833206,51.364860535],[4.072498798,51.364860535],[4.072501183,51.364582062],[4.07305479,51.364582062],[4.07305479,51.364860535],[4.073610783,51.364860535],[4.073610783,51.364582062],[4.076942921,51.364582062],[4.076942921,51.364307404],[4.08416605,51.364307404],[4.08416605,51.364028931],[4.085278034,51.364028931],[4.085278034,51.363750458],[4.086388111,51.363750458],[4.086388111,51.363471985],[4.087500095,51.363471985],[4.087500095,51.363193512],[4.088056087,51.363193512],[4.088056087,51.362915039],[4.088610172,51.362915039],[4.088610172,51.362640381],[4.089166164,51.362640381],[4.089166164,51.362361908],[4.090279102,51.362361908],[4.090279102,51.362083435],[4.091388226,51.362083435],[4.091388226,51.361526489],[4.091945171,51.361526489],[4.091945171,51.361251831],[4.093057156,51.361251831],[4.093057156,51.360973358],[4.093610764,51.360973358],[4.093610764,51.360694885],[4.094723225,51.360694885],[4.094723225,51.360416412],[4.095832825,51.360416412],[4.095832825,51.360137939],[4.096944809,51.360137939],[4.096944809,51.359859467],[4.097498894,51.359859467],[4.097498894,51.359306335],[4.098610878,51.359306335],[4.098610878,51.35874939],[4.099722862,51.35874939],[4.099722862,51.358470917],[4.100276947,51.358470917],[4.100276947,51.358196259],[4.101388931,51.358196259],[4.101388931,51.357917786],[4.101944923,51.357917786],[4.101944923,51.357639313],[4.102499008,51.357639313],[4.102499008,51.35736084],[4.103610992,51.35736084],[4.103610992,51.357082367],[4.104721069,51.357082367],[4.104721069,51.356803894],[4.105277061,51.356803894],[4.105277061,51.356529236],[4.105834007,51.356529236],[4.105834007,51.356250763],[4.106389999,51.356250763],[4.106389999,51.35597229],[4.106944084,51.35597229],[4.106944084,51.355693817],[4.107500076,51.355693817],[4.107500076,51.355415344],[4.108056068,51.355415344],[4.108056068,51.355140686],[4.109166145,51.355140686],[4.109166145,51.354862213],[4.111388206,51.354862213],[4.111388206,51.35458374],[4.111944199,51.35458374],[4.111944199,51.354305267],[4.112500191,51.354305267],[4.112500191,51.354026794],[4.113056183,51.354026794],[4.113056183,51.353748322],[4.114165783,51.353748322],[4.114165783,51.35319519],[4.114721775,51.35319519],[4.114721775,51.352916718],[4.115277767,51.352916718],[4.115277767,51.352638245],[4.115831852,51.352638245],[4.115831852,51.352359772],[4.116387844,51.352359772],[4.116387844,51.351806641],[4.116943836,51.351806641],[4.116943836,51.351528168],[4.117500782,51.351528168],[4.117500782,51.351249695],[4.118053913,51.351249695],[4.118053913,51.350692749],[4.118609905,51.350692749],[4.118609905,51.350139618],[4.119166851,51.350139618],[4.119166851,51.349029541],[4.119722843,51.349029541],[4.119722843,51.348472595],[4.120278835,51.348472595],[4.120278835,51.348194122],[4.12083292,51.348194122],[4.12083292,51.347915649],[4.121388912,51.347915649],[4.121388912,51.347637177],[4.121944904,51.347637177],[4.121944904,51.347084045],[4.122500896,51.347084045],[4.122500896,51.346805573],[4.123054981,51.346805573],[4.123054981,51.346248627],[4.123610973,51.346248627],[4.123610973,51.345973969],[4.124166965,51.345973969],[4.124166965,51.345695496],[4.124722958,51.345695496],[4.124722958,51.34513855],[4.125277042,51.34513855],[4.125277042,51.344860077],[4.125833035,51.344860077],[4.125833035,51.344581604],[4.126389027,51.344581604],[4.126389027,51.344306946],[4.126945019,51.344306946],[4.126945019,51.34375],[4.127499104,51.34375],[4.127499104,51.343471527],[4.128055096,51.343471527],[4.128055096,51.343193054],[4.128611088,51.343193054],[4.128611088,51.342918396],[4.12916708,51.342918396],[4.12916708,51.34236145],[4.129721165,51.34236145],[4.129721165,51.341804504],[4.130277157,51.341804504],[4.130277157,51.340415955],[4.130833149,51.340415955],[4.130833149,51.339305878],[4.131390095,51.339305878],[4.131390095,51.338748932],[4.131943226,51.338748932],[4.131946087,51.338195801],[4.132499218,51.338195801],[4.132499218,51.337917328],[4.133056164,51.337917328],[4.133056164,51.337081909],[4.133612156,51.337081909],[4.133612156,51.336807251],[4.134168148,51.336807251],[4.134168148,51.336528778],[4.134722233,51.336528778],[4.134722233,51.336250305],[4.135834217,51.336250305],[4.135834217,51.335971832],[4.136387825,51.335971832],[4.136387825,51.335693359],[4.136943817,51.335693359],[4.136943817,51.335414886],[4.137499809,51.335414886],[4.137499809,51.335140228],[4.138609886,51.335140228],[4.138611794,51.334861755],[4.13972187,51.334861755],[4.13972187,51.334583282],[4.140277863,51.334583282],[4.140277863,51.33430481],[4.140833855,51.33430481],[4.140833855,51.334026337],[4.141943932,51.334026337],[4.141943932,51.333751678],[4.142499924,51.333751678],[4.142499924,51.333473206],[4.145832062,51.333473206],[4.145832062,51.333751678],[4.146945,51.333751678],[4.146945,51.334026337],[4.146389008,51.334026337],[4.146389008,51.33430481],[4.143055916,51.33430481],[4.143055916,51.334583282],[4.142499924,51.334583282],[4.142499924,51.334861755],[4.141387939,51.334861755],[4.141387939,51.335140228],[4.13972187,51.335140228],[4.13972187,51.335414886],[4.139165878,51.335414886],[4.139165878,51.335693359],[4.138055801,51.335693359],[4.138055801,51.335971832],[4.136943817,51.335971832],[4.136943817,51.336250305],[4.136387825,51.336250305],[4.136387825,51.336807251],[4.135834217,51.336807251],[4.135834217,51.337387085],[4.135834217,51.337917328],[4.135278225,51.337917328],[4.135278225,51.338470459],[4.134722233,51.338470459],[4.134722233,51.339305878],[4.134168148,51.339305878],[4.134168148,51.340415955],[4.133612156,51.340415955],[4.133612156,51.341251373],[4.133056164,51.341251373],[4.133056164,51.34236145],[4.133612156,51.34236145],[4.133612156,51.342639923],[4.13427496,51.342639923],[4.135834217,51.342639923],[4.135834217,51.342918396],[4.136387825,51.342918396],[4.136387825,51.343193054],[4.135834217,51.343193054],[4.135834217,51.343471527],[4.134168148,51.343471527],[4.134168148,51.34375],[4.133612156,51.34375],[4.133612156,51.344028473],[4.133056164,51.344028473],[4.133056164,51.344306946],[4.132499218,51.344306946],[4.132499218,51.344860077],[4.131946087,51.344860077],[4.131946087,51.34513855],[4.131390095,51.34513855],[4.131390095,51.345695496],[4.130833149,51.345695496],[4.130833149,51.346248627],[4.130277157,51.346248627],[4.130277157,51.346805573],[4.129721165,51.346805573],[4.129721165,51.347084045],[4.12916708,51.347084045],[4.12916708,51.347637177],[4.128611088,51.347637177],[4.128611088,51.347915649],[4.128055096,51.347915649],[4.128055096,51.348194122],[4.127499104,51.348194122],[4.127499104,51.349304199],[4.128055096,51.349304199],[4.128055096,51.350139618],[4.128611088,51.350139618],[4.128611088,51.350418091],[4.128055096,51.350418091],[4.128055096,51.350971222],[4.127499104,51.350971222],[4.127499104,51.351249695],[4.126945019,51.351249695],[4.126945019,51.351528168],[4.127499104,51.351528168],[4.127499104,51.351806641],[4.128611088,51.351806641],[4.128611088,51.352085114],[4.128984928,51.352085114],[4.12916708,51.352085114],[4.12916708,51.352359772],[4.129721165,51.352359772],[4.129721165,51.352638245],[4.130277157,51.352638245],[4.130277157,51.353172302],[4.130277157,51.354026794],[4.129721165,51.354026794],[4.129721165,51.354305267],[4.128611088,51.354305267],[4.128611088,51.35458374],[4.127499104,51.35458374],[4.127499104,51.355415344],[4.125833035,51.355415344],[4.125833035,51.355140686],[4.124722958,51.355140686],[4.124722958,51.354862213],[4.124166965,51.354862213],[4.124166965,51.35458374],[4.121944904,51.35458374],[4.121944904,51.354862213],[4.121388912,51.354862213],[4.121388912,51.355140686],[4.12083292,51.355140686],[4.12083292,51.355415344],[4.120278835,51.355415344],[4.120278835,51.355693817],[4.119722843,51.355693817],[4.119722843,51.35597229],[4.119166851,51.35597229],[4.119166851,51.356250763],[4.118609905,51.356250763],[4.118609905,51.356529236],[4.118056774,51.356529236],[4.118053913,51.357639313],[4.117500782,51.357639313],[4.117500782,51.357917786],[4.115831852,51.357917786],[4.115831852,51.358196259],[4.115277767,51.358196259],[4.115277767,51.358470917],[4.114721775,51.358470917],[4.114721775,51.35874939],[4.114165783,51.35874939],[4.114165783,51.359027863],[4.113612175,51.359027863],[4.113612175,51.359306335],[4.113056183,51.359306335],[4.113056183,51.359584808],[4.112500191,51.359584808],[4.112500191,51.360137939],[4.111944199,51.360137939],[4.111944199,51.361251831],[4.112500191,51.361251831],[4.112500191,51.361526489],[4.113056183,51.361526489],[4.113056183,51.361804962],[4.114165783,51.361804962],[4.114165783,51.362083435],[4.114721775,51.362083435],[4.114721775,51.362361908],[4.115831852,51.362361908],[4.115831852,51.362640381],[4.116387844,51.362640381],[4.116387844,51.362915039],[4.116943836,51.362915039],[4.116943836,51.363193512],[4.117500782,51.363193512],[4.117500782,51.363471985],[4.118721962,51.363471985],[4.119722843,51.363471985],[4.119722843,51.363750458],[4.120278835,51.363750458],[4.120278835,51.364028931],[4.12083292,51.364028931],[4.12083292,51.364307404],[4.121097088,51.364307404],[4.122500896,51.364307404],[4.122500896,51.364582062],[4.125833035,51.364582062],[4.125833035,51.364307404],[4.128611088,51.364307404],[4.128611088,51.364582062],[4.129800797,51.364582062],[4.130833149,51.364582062],[4.130833149,51.364463806],[4.130833149,51.364307404],[4.131390095,51.364307404],[4.131390095,51.364028931],[4.131943226,51.364028931],[4.131946087,51.363750458],[4.132499218,51.363750458],[4.132499218,51.363471985],[4.133612156,51.363471985],[4.133612156,51.363193512],[4.134168148,51.363193512],[4.134168148,51.362915039],[4.134722233,51.362915039],[4.134722233,51.362640381],[4.135159016,51.362640381],[4.135278225,51.362640381],[4.135278225,51.36252594],[4.135278225,51.362361908],[4.135834217,51.362361908],[4.135834217,51.362083435],[4.137499809,51.362083435],[4.137499809,51.362205505],[4.137499809,51.362361908],[4.138055801,51.362361908],[4.138055801,51.362125397],[4.138351917,51.362113953],[4.139165878,51.362083435],[4.139165878,51.361965179],[4.139165878,51.361804962],[4.13972187,51.361804962],[4.13972187,51.361526489],[4.140277863,51.361526489],[4.140277863,51.360973358],[4.140833855,51.360973358],[4.140833855,51.360137939],[4.141387939,51.360137939],[4.141387939,51.359306335],[4.141943932,51.359306335],[4.141943932,51.35874939],[4.142499924,51.35874939],[4.142499924,51.357917786],[4.143055916,51.357917786],[4.143055916,51.35736084],[4.143610001,51.35736084],[4.143610001,51.356250763],[4.144165993,51.356250763],[4.144165993,51.355140686],[4.144722939,51.355140686],[4.144722939,51.35458374],[4.145278931,51.35458374],[4.145278931,51.354026794],[4.145832062,51.354026794],[4.145832062,51.353473663],[4.146389008,51.353473663],[4.146389008,51.352916718],[4.147500992,51.352916718],[4.147500992,51.352085114],[4.148055077,51.352085114],[4.148055077,51.351806641],[4.148611069,51.351806641],[4.148611069,51.351528168],[4.149167061,51.351528168],[4.149167061,51.350971222],[4.149723053,51.350971222],[4.149723053,51.350692749],[4.150277138,51.350692749],[4.150277138,51.350460052],[4.15083313,51.350418091],[4.15083313,51.349861145],[4.151389122,51.349861145],[4.151389122,51.349582672],[4.151945114,51.349582672],[4.151945114,51.349304199],[4.152501106,51.349304199],[4.152501106,51.349029541],[4.153055191,51.349029541],[4.153055191,51.348751068],[4.153611183,51.348751068],[4.153611183,51.348194122],[4.155276775,51.348194122],[4.155276775,51.347915649],[4.156389236,51.347915649],[4.156389236,51.347637177],[4.156933784,51.347637177],[4.157498837,51.347637177],[4.157498837,51.347499847],[4.157498837,51.347362518],[4.158611774,51.347362518],[4.158611774,51.347084045],[4.159720898,51.347084045],[4.159720898,51.346805573],[4.160833836,51.346805573],[4.160833836,51.3465271],[4.161389828,51.3465271],[4.161389828,51.346248627],[4.161943913,51.346248627],[4.161943913,51.345695496],[4.162499905,51.345695496],[4.162499905,51.34513855],[4.163055897,51.34513855],[4.163055897,51.343193054],[4.163611889,51.343193054],[4.163611889,51.342639923],[4.164165974,51.342639923],[4.164165974,51.342082977],[4.164721966,51.342082977],[4.164721966,51.341804504],[4.165277958,51.341804504],[4.165277958,51.341526031],[4.16583395,51.341526031],[4.16583395,51.341251373],[4.166388035,51.341251373],[4.166388035,51.339584351],[4.168056011,51.339584351],[4.168056011,51.339862823],[4.168610096,51.339862823],[4.168610096,51.340137482],[4.169166088,51.340137482],[4.169166088,51.340415955],[4.16972208,51.340415955],[4.16972208,51.341526031],[4.168056011,51.341526031],[4.168056011,51.341804504],[4.167500019,51.341804504],[4.167500019,51.342082977],[4.166944027,51.342082977],[4.166944027,51.34236145],[4.166388035,51.34236145],[4.166388035,51.342918396],[4.16583395,51.342918396],[4.16583395,51.34513855],[4.165277958,51.34513855],[4.165277958,51.345695496],[4.164721966,51.345695496],[4.164721966,51.346248627],[4.164165974,51.346248627],[4.164165974,51.346744537],[4.164165974,51.347362518],[4.164721966,51.347362518],[4.164721966,51.347637177],[4.165733814,51.347637177],[4.166944027,51.347637177],[4.166944027,51.347362518],[4.168056011,51.347362518],[4.168056011,51.347084045],[4.171388149,51.347084045],[4.171388149,51.347362518],[4.171944141,51.347362518],[4.171944141,51.347637177],[4.172501087,51.347637177],[4.172501087,51.348194122],[4.171388149,51.348194122],[4.171388149,51.348472595],[4.170835018,51.348472595],[4.170832157,51.348751068],[4.167296886,51.348751068],[4.164165974,51.348751068],[4.164165974,51.349029541],[4.160277843,51.349029541],[4.160277843,51.349582672],[4.159720898,51.349582672],[4.159720898,51.349861145],[4.159167767,51.349861145],[4.159167767,51.350139618],[4.156942844,51.350139618],[4.156942844,51.350418091],[4.156389236,51.350418091],[4.156389236,51.351528168],[4.156942844,51.351528168],[4.156942844,51.352085114],[4.157498837,51.352085114],[4.157498837,51.352638245],[4.158611774,51.352638245],[4.158611774,51.352359772],[4.159720898,51.352359772],[4.159720898,51.352085114],[4.160277843,51.352085114],[4.160277843,51.351806641],[4.161389828,51.351806641],[4.161389828,51.351528168],[4.163055897,51.351528168],[4.163055897,51.351249695],[4.164721966,51.351249695],[4.164721966,51.351528168],[4.166388035,51.351528168],[4.166388035,51.351806641],[4.168056011,51.351806641],[4.168056011,51.351528168],[4.172501087,51.351528168],[4.172501087,51.351806641],[4.173611164,51.351806641],[4.173611164,51.352085114],[4.177498817,51.352085114],[4.177501202,51.352359772],[4.178610802,51.352359772],[4.178610802,51.352638245],[4.180276871,51.352638245],[4.180276871,51.352359772],[4.182498932,51.352359772],[4.182498932,51.352085114],[4.184720993,51.352085114],[4.184720993,51.352359772],[4.185276985,51.352359772],[4.185276985,51.352638245],[4.185833931,51.352638245],[4.185833931,51.35319519],[4.185276985,51.35319519],[4.185276985,51.353473663],[4.184167862,51.353473663],[4.184167862,51.35319519],[4.181388855,51.35319519],[4.181388855,51.353473663],[4.179166794,51.353473663],[4.179166794,51.353748322],[4.17805481,51.353748322],[4.17805481,51.354026794],[4.174167156,51.354026794],[4.174167156,51.353473663],[4.173611164,51.353473663],[4.173611164,51.35326004],[4.173611164,51.352916718],[4.173130035,51.352916718],[4.172501087,51.352916718],[4.172501087,51.352638245],[4.170278072,51.352638245],[4.170278072,51.352916718],[4.168610096,51.352916718],[4.168610096,51.35319519],[4.166944027,51.35319519],[4.166944027,51.353473663],[4.165277958,51.353473663],[4.165277958,51.353748322],[4.163055897,51.353748322],[4.163055897,51.354026794],[4.160833836,51.354026794],[4.160833836,51.354305267],[4.159167767,51.354305267],[4.159167767,51.35458374],[4.158611774,51.35458374],[4.158611774,51.355415344],[4.158054829,51.355415344],[4.158054829,51.355693817],[4.157498837,51.355693817],[4.157498837,51.356250763],[4.156942844,51.356250763],[4.156942844,51.356803894],[4.156389236,51.356803894],[4.156389236,51.357917786],[4.155832767,51.357917786],[4.155832767,51.35874939],[4.155276775,51.35874939],[4.155276775,51.359306335],[4.154723167,51.359306335],[4.154723167,51.359584808],[4.154167175,51.359584808],[4.154167175,51.360137939],[4.153611183,51.360137939],[4.153611183,51.361526489],[4.153055191,51.361526489],[4.153055191,51.362083435],[4.152501106,51.362083435],[4.152501106,51.362361908],[4.151945114,51.362361908],[4.151945114,51.362915039],[4.151389122,51.362915039],[4.151389122,51.364860535],[4.151945114,51.364860535],[4.151945114,51.365695953],[4.152245998,51.365695953],[4.152501106,51.365695953],[4.152501106,51.366249084],[4.152229786,51.366249084],[4.151945114,51.366249084],[4.151945114,51.367084503],[4.151389122,51.367084503],[4.151389122,51.36819458],[4.151945114,51.36819458],[4.151945114,51.368473053],[4.152501106,51.368473053],[4.152501106,51.368751526],[4.15335989,51.368751526],[4.154723167,51.368751526],[4.154723167,51.369026184],[4.155832767,51.369075775],[4.155832767,51.369304657],[4.157498837,51.369304657],[4.157498837,51.369094849],[4.159720898,51.369026184],[4.159720898,51.368751526],[4.161389828,51.368751526],[4.161389828,51.368473053],[4.163611889,51.368473053],[4.163611889,51.368751526],[4.163055897,51.368751526],[4.163055897,51.369155884],[4.163055897,51.370414734],[4.164165974,51.370418549],[4.164165974,51.370693207],[4.164721966,51.370693207],[4.164721966,51.371250153],[4.165277958,51.371250153],[4.165277958,51.371528625],[4.166388035,51.371528625],[4.166388035,51.371807098],[4.168056011,51.371807098],[4.168056011,51.372081757],[4.168610096,51.372081757],[4.168610096,51.372360229],[4.16972208,51.372360229],[4.16972208,51.372638702],[4.172501087,51.372638702],[4.172501087,51.372360229],[4.173057079,51.372360229],[4.173057079,51.36958313],[4.172739983,51.36958313],[4.172501087,51.36958313],[4.172501087,51.363471985],[4.173057079,51.363471985],[4.173057079,51.361251831],[4.173997879,51.361251831],[4.174167156,51.361251831],[4.174167156,51.360973358],[4.175277233,51.360973358],[4.175277233,51.360694885],[4.175643921,51.360694885],[4.175833225,51.360694885],[4.175833225,51.360416412],[4.176389217,51.360416412],[4.176389217,51.359859467],[4.17694521,51.359859467],[4.17694521,51.359584808],[4.177498817,51.359584808],[4.177498817,51.359027863],[4.17805481,51.359027863],[4.17805481,51.35874939],[4.178610802,51.35874939],[4.178610802,51.358196259],[4.181388855,51.358196259],[4.181388855,51.357917786],[4.182498932,51.357917786],[4.182498932,51.357639313],[4.183610916,51.357639313],[4.183610916,51.357082367],[4.184167862,51.357082367],[4.184167862,51.356803894],[4.185276985,51.356803894],[4.185276985,51.356529236],[4.186389923,51.356529236],[4.186389923,51.356250763],[4.1875,51.356250763],[4.1875,51.35597229],[4.188055992,51.35597229],[4.188055992,51.355693817],[4.188611984,51.355693817],[4.188611984,51.355415344],[4.189166069,51.355415344],[4.189166069,51.355140686],[4.189722061,51.355140686],[4.189722061,51.354862213],[4.191390038,51.354862213],[4.191390038,51.355140686],[4.190834045,51.355140686],[4.190834045,51.355693817],[4.190278053,51.355693817],[4.190278053,51.356250763],[4.189722061,51.356250763],[4.189722061,51.356803894],[4.189166069,51.356803894],[4.189166069,51.35736084],[4.188055992,51.35736084],[4.188055992,51.357639313],[4.186943054,51.357639313],[4.186943054,51.357917786],[4.185833931,51.357917786],[4.185833931,51.358196259],[4.185276985,51.358196259],[4.185276985,51.358470917],[4.184720993,51.358470917],[4.184720993,51.35874939],[4.184167862,51.35874939],[4.184167862,51.359027863],[4.183610916,51.359027863],[4.183610916,51.359306335],[4.182498932,51.359306335],[4.182465076,51.359584808],[4.180832863,51.359584808],[4.180832863,51.359859467],[4.180276871,51.359859467],[4.180276871,51.360137939],[4.179722786,51.360137939],[4.179722786,51.360416412],[4.179166794,51.360416412],[4.179166794,51.360694885],[4.178610802,51.360694885],[4.178610802,51.360973358],[4.17805481,51.360973358],[4.17805481,51.361526489],[4.17694521,51.361526489],[4.17694521,51.362361908],[4.175833225,51.362361908],[4.175833225,51.362640381],[4.175277233,51.362640381],[4.175277233,51.362915039],[4.175833225,51.362915039],[4.175833225,51.364860535],[4.175277233,51.364860535],[4.175277233,51.36541748],[4.175833225,51.36541748],[4.175833225,51.365695953],[4.176389217,51.365695953],[4.176389217,51.367362976],[4.17694521,51.367362976],[4.17694521,51.36819458],[4.177498817,51.36819458],[4.177501202,51.369026184],[4.179166794,51.369026184],[4.179166794,51.36958313],[4.179722786,51.36958313],[4.179722786,51.370414734],[4.180715084,51.370414734],[4.181388855,51.370414734],[4.181388855,51.36958313],[4.181944847,51.36958313],[4.181944847,51.365139008],[4.182498932,51.365139008],[4.182498932,51.364860535],[4.183054924,51.364860535],[4.183054924,51.364582062],[4.184720993,51.364582062],[4.184720993,51.364860535],[4.185276985,51.364860535],[4.185276985,51.364582062],[4.185833931,51.364582062],[4.185833931,51.364860535],[4.186389923,51.364860535],[4.186389923,51.36504364],[4.186389923,51.365139008],[4.185833931,51.365139008],[4.185833931,51.36541748],[4.185276985,51.36541748],[4.185276985,51.365695953],[4.184720993,51.365695953],[4.184720993,51.36541748],[4.183610916,51.36541748],[4.183610916,51.36762619],[4.183610916,51.36958313],[4.184167862,51.36958313],[4.184167862,51.369861603],[4.183610916,51.369861603],[4.183610916,51.370140076],[4.184167862,51.370140076],[4.184167862,51.370693207],[4.183610916,51.370693207],[4.183610916,51.372081757],[4.183054924,51.372081757],[4.183054924,51.372917175],[4.183610916,51.372917175],[4.183610916,51.373195648],[4.184167862,51.373195648],[4.184167862,51.373470306],[4.184720993,51.373474121],[4.184720993,51.373748779],[4.185276985,51.373748779],[4.185276985,51.375137329],[4.185833931,51.375137329],[4.185833931,51.375415802],[4.186943054,51.375415802],[4.186943054,51.375694275],[4.188055992,51.375720978],[4.188055992,51.375972748],[4.189166069,51.375972748],[4.189166069,51.376251221],[4.190278053,51.376251221],[4.190278053,51.376525879],[4.19138813,51.376525879],[4.191390038,51.376277924],[4.194166183,51.376251221],[4.194166183,51.376525879],[4.195068836,51.376525879],[4.196387768,51.376525879],[4.196387768,51.376377106],[4.196387768,51.376251221],[4.197491169,51.376251221],[4.198053837,51.376251221],[4.198057175,51.375972748],[4.199165821,51.375972748],[4.199165821,51.375415802],[4.199722767,51.375415802],[4.199722767,51.375137329],[4.200279236,51.375137329],[4.200279236,51.374862671],[4.203610897,51.374862671],[4.203610897,51.375137329],[4.205832958,51.375137329],[4.205832958,51.374862671],[4.20638895,51.374862671],[4.20638895,51.374584198],[4.206944942,51.374584198],[4.206944942,51.374027252],[4.207499027,51.374027252],[4.207499027,51.373748779],[4.208055019,51.373748779],[4.208055019,51.373474121],[4.208611012,51.373470306],[4.208611012,51.373195648],[4.209721088,51.373195648],[4.209721088,51.372638702],[4.210277081,51.372638702],[4.210277081,51.372360229],[4.210833073,51.372360229],[4.210833073,51.371807098],[4.211346149,51.371807098],[4.211359978,51.371429443],[4.21137619,51.371021271],[4.211389065,51.370693207],[4.211946011,51.370693207],[4.211946011,51.369861603],[4.212499142,51.369861603],[4.212499142,51.36958313],[4.213056087,51.36958313],[4.213056087,51.369304657],[4.21361208,51.369304657],[4.21361208,51.369026184],[4.213056087,51.369026184],[4.213056087,51.368751526],[4.213539124,51.368751526],[4.21361208,51.368473053],[4.214168072,51.368473053],[4.214168072,51.368118286],[4.216015816,51.370239258],[4.216703892,51.370121002],[4.222165108,51.365745544],[4.223081112,51.361061096],[4.223443985,51.359210968],[4.225410938,51.358734131],[4.226175785,51.358547211],[4.23059988,51.357475281],[4.232576847,51.355682373],[4.235619068,51.352924347],[4.237127781,51.351257324],[4.234908104,51.349376678],[4.234021187,51.348625183],[4.231648922,51.346614838],[4.219540119,51.338500977],[4.217710018,51.337451935],[4.190104961,51.311714172],[4.183481216,51.305538177],[4.18059206,51.304164886],[4.173769951,51.300922394],[4.162148476,51.295398712],[4.15078783,51.289997101],[4.104383945,51.267940521],[4.073132992,51.254821777],[4.062618732,51.250408173],[4.056982994,51.24804306],[4.043842793,51.246505737],[4.038718224,51.24590683],[4.036384106,51.245632172],[4.023396969,51.244113922],[4.013624191,51.242969513],[4.005073071,51.241970062],[3.999691963,51.241340637],[3.993119001,51.236869812],[3.983156919,51.230098724],[3.982398033,51.22958374],[3.977637053,51.226345062],[3.976891994,51.225837708],[3.973301888,51.223396301],[3.962486982,51.216041565],[3.946130037,51.213691711],[3.941724062,51.213058472],[3.924190998,51.210544586],[3.912240744,51.204273224],[3.902096987,51.198947906],[3.88420105,51.201145172],[3.880484104,51.206981659],[3.879086971,51.20772171],[3.879209995,51.207794189],[3.879756927,51.208122253],[3.879159927,51.209060669],[3.876302004,51.213546753],[3.853454113,51.210674286],[3.850045204,51.210243225],[3.808010101,51.204944611],[3.788707972,51.215244293],[3.789012671,51.224979401],[3.789319038,51.234764099],[3.78933692,51.235313416],[3.789516926,51.241065979],[3.791049004,51.24621582],[3.799316883,51.257633209],[3.778034925,51.264442444],[3.775211096,51.264026642],[3.773271084,51.263744354],[3.772972822,51.263698578],[3.770838976,51.263385773],[3.764750004,51.265060425],[3.763848066,51.266727448],[3.761953115,51.27022934],[3.755398035,51.273921967],[3.743494034,51.273475647],[3.741425037,51.27363205],[3.734941006,51.274124146],[3.728090048,51.272960663],[3.725938082,51.272594452],[3.721421003,51.273292542],[3.713711023,51.274486542],[3.702841043,51.279251099],[3.697439909,51.281776428],[3.694264412,51.283260345],[3.693880081,51.283439636],[3.683489084,51.287315369],[3.674188614,51.290420532],[3.666872025,51.292861938],[3.660832167,51.29253006],[3.65546298,51.292236328],[3.643162012,51.291622162],[3.630839109,51.295269012],[3.620414019,51.298099518],[3.620150805,51.298191071],[3.605448961,51.303379059],[3.591856956,51.307594299],[3.583389997,51.302036285],[3.583010912,51.300899506],[3.582392693,51.299064636],[3.581696033,51.29699707],[3.579180002,51.291778564],[3.573566914,51.292549133],[3.567462683,51.295379639],[3.561028957,51.298362732],[3.555901051,51.297843933],[3.553921461,51.294506073],[3.552437067,51.292003632],[3.543509007,51.293201447],[3.538702965,51.290424347],[3.526571035,51.291728973],[3.521528244,51.290611267],[3.513962984,51.288936615],[3.514493942,51.287509918],[3.516160011,51.283046722],[3.51649189,51.282154083],[3.516129971,51.282138824],[3.522783995,51.257263184],[3.52503705,51.248840332],[3.505681992,51.246700287],[3.484667063,51.246002197],[3.472290993,51.24559021],[3.456166029,51.244823456],[3.440856934,51.245975494],[3.430077076,51.250240326],[3.427510023,51.25605011],[3.423526049,51.26089859],[3.414113998,51.263542175],[3.406198025,51.263912201],[3.398949385,51.270179749],[3.398786068,51.270320892],[3.394272089,51.274616241],[3.382550001,51.277267456],[3.382940054,51.283298492],[3.384325027,51.288509369],[3.376775026,51.291851044],[3.3751719,51.299697876],[3.37508297,51.300132751],[3.374541044,51.30279541],[3.37440896,51.303440094],[3.373888969,51.305992126],[3.371838093,51.316040039],[3.372628689,51.317371368],[3.37695694,51.324661255],[3.381011009,51.32705307],[3.38698101,51.330631256],[3.386715889,51.336101532],[3.385124922,51.338420868],[3.382611036,51.342079163],[3.378662109,51.34431076],[3.376354933,51.345623016],[3.371982098,51.348987579],[3.372803926,51.351688385],[3.373230934,51.35308075],[3.372997999,51.355297089],[3.372791052,51.357265472],[3.368916035,51.361553192],[3.360781908,51.367637634],[3.36194396,51.367637634],[3.36194396,51.367916107],[3.362499952,51.367916107],[3.362499952,51.36819458],[3.367922306,51.364429474],[3.37418294,51.360084534],[3.373192072,51.364490509],[3.369369984,51.367084503],[3.371388912,51.367084503],[3.371388912,51.367362976],[3.371944904,51.367362976],[3.371944904,51.367916107],[3.372498989,51.367916107],[3.372498989,51.36958313],[3.373054981,51.36958313],[3.373054981,51.37097168],[3.372498989,51.37097168],[3.372498989,51.371250153],[3.371388912,51.371250153],[3.371388912,51.371807098],[3.37083292,51.371807098],[3.37083292,51.372081757],[3.371388912,51.372081757],[3.371388912,51.372638702],[3.371944904,51.372638702],[3.371944904,51.373195648],[3.372498989,51.373195648],[3.372498989,51.373470306],[3.373054981,51.373474121],[3.373054981,51.373748779],[3.373610973,51.373748779],[3.373610973,51.374027252],[3.374166965,51.374027252],[3.374166965,51.374305725],[3.374722958,51.374305725],[3.374722958,51.374862671],[3.375277042,51.374862671],[3.375277042,51.375137329],[3.375833035,51.375137329],[3.375833035,51.375415802],[3.376389027,51.375415802],[3.376389027,51.375972748],[3.377499104,51.375972748],[3.377499104,51.376525879],[3.378612041,51.376525879],[3.378612041,51.376804352],[3.379168034,51.376804352],[3.379168034,51.377082825],[3.379722118,51.377082825],[3.379722118,51.377361298],[3.380834103,51.377361298],[3.380834103,51.377639771],[3.381943941,51.377639771],[3.381943941,51.378471375],[3.383611917,51.378471375],[3.383611917,51.378749847],[3.385277987,51.378749847],[3.385277987,51.37902832],[3.386388063,51.37902832],[3.386388063,51.379306793],[3.387500048,51.379306793],[3.387500048,51.379581451],[3.38805604,51.379581451],[3.38805604,51.379859924],[3.389166117,51.379859924],[3.389166117,51.380138397],[3.390278101,51.380138397],[3.390278101,51.38041687],[3.391387939,51.38041687],[3.391387939,51.380695343],[3.391944885,51.380695343],[3.391944885,51.380973816],[3.393054008,51.380973816],[3.393057108,51.381248474],[3.394722939,51.381248474],[3.394722939,51.381526947],[3.396389008,51.381526947],[3.396389008,51.38180542],[3.397500992,51.38180542],[3.397500992,51.382083893],[3.399167061,51.382083893],[3.399167061,51.382362366],[3.400832891,51.382362366],[3.400832891,51.382637024],[3.401945114,51.382637024],[3.401945114,51.382915497],[3.403054953,51.382915497],[3.403054953,51.38319397],[3.404167891,51.38319397],[3.404167891,51.383472443],[3.405277014,51.383472443],[3.405277014,51.383750916],[3.406389952,51.383750916],[3.406389952,51.384029388],[3.406943083,51.384029388],[3.406943083,51.384304047],[3.408056021,51.384304047],[3.408056021,51.38458252],[3.408612013,51.38458252],[3.408612013,51.384860992],[3.40972209,51.384860992],[3.40972209,51.385139465],[3.410834074,51.385139465],[3.410834074,51.385417938],[3.41138792,51.385417938],[3.41138792,51.385692596],[3.412499905,51.385692596],[3.412499905,51.385971069],[3.413055897,51.385971069],[3.413055897,51.386249542],[3.414165974,51.386249542],[3.414165974,51.386528015],[3.414721966,51.386528015],[3.414721966,51.386806488],[3.415832043,51.386806488],[3.415832043,51.387084961],[3.416388035,51.387084961],[3.416388035,51.387359619],[3.416944027,51.387359619],[3.416944027,51.387638092],[3.418056965,51.387638092],[3.418056965,51.387916565],[3.418610096,51.387916565],[3.418610096,51.388195038],[3.419167042,51.388195038],[3.419167042,51.388473511],[3.420279026,51.388473511],[3.420279026,51.388748169],[3.421389103,51.388748169],[3.421389103,51.389026642],[3.421945095,51.389026642],[3.421945095,51.389305115],[3.423054934,51.389305115],[3.423054934,51.389583588],[3.424166918,51.389583588],[3.424166918,51.389305115],[3.425832987,51.389305115],[3.425832987,51.389583588],[3.426944971,51.389583588],[3.426944971,51.389862061],[3.42861104,51.389862061],[3.42861104,51.390140533],[3.430277109,51.390140533],[3.430277109,51.390415192],[3.430833101,51.390415192],[3.430833101,51.390140533],[3.43194294,51.390140533],[3.43194294,51.389862061],[3.432498932,51.389862061],[3.432498932,51.389305115],[3.433056116,51.389305115],[3.433056116,51.389026642],[3.433612108,51.389026642],[3.433612108,51.388748169],[3.4341681,51.388748169],[3.4341681,51.388195038],[3.434721947,51.388195038],[3.434721947,51.387359619],[3.435277939,51.387359619],[3.435277939,51.387084961],[3.435833931,51.387084961],[3.435833931,51.386806488],[3.436388016,51.386806488],[3.436389923,51.386249542],[3.436944008,51.386249542],[3.436944008,51.385971069],[3.4375,51.385971069],[3.4375,51.386528015],[3.438611984,51.386528015],[3.438611984,51.386806488],[3.439166069,51.386806488],[3.439166069,51.387359619],[3.439722061,51.387359619],[3.439722061,51.387916565],[3.440278053,51.387916565],[3.440278053,51.388195038],[3.440834045,51.388195038],[3.440834045,51.388473511],[3.442500114,51.388473511],[3.442500114,51.388748169],[3.443609953,51.388748169],[3.443609953,51.389026642],[3.444721937,51.389026642],[3.444721937,51.389305115],[3.445278883,51.389305115],[3.445278883,51.389583588],[3.445832014,51.389583588],[3.445832014,51.389862061],[3.446944952,51.389862061],[3.446944952,51.390140533],[3.448055029,51.390140533],[3.448055029,51.390415192],[3.449167013,51.390415192],[3.449167013,51.390693665],[3.450833082,51.390693665],[3.450833082,51.390972137],[3.451945066,51.390972137],[3.451945066,51.39125061],[3.452501059,51.39125061],[3.452501059,51.391529083],[3.453054905,51.391529083],[3.453054905,51.391803741],[3.453610897,51.391803741],[3.453610897,51.392082214],[3.454166889,51.392082214],[3.454166889,51.393196106],[3.456944942,51.393196106],[3.456944942,51.392917633],[3.457499027,51.392917633],[3.457499027,51.393196106],[3.458611965,51.393196106],[3.458611965,51.393470764],[3.459167957,51.393470764],[3.459167957,51.393749237],[3.465833902,51.393749237],[3.465833902,51.39402771],[3.466387987,51.39402771],[3.466387987,51.393749237],[3.467499971,51.393749237],[3.467499971,51.39402771],[3.46916604,51.39402771],[3.46916604,51.394306183],[3.470278025,51.394306183],[3.470278025,51.394584656],[3.471388102,51.394584656],[3.471388102,51.394859314],[3.47250104,51.394859314],[3.47250104,51.395137787],[3.473609924,51.395137787],[3.473609924,51.39541626],[3.474723101,51.39541626],[3.474723101,51.395694733],[3.475276947,51.395694733],[3.475279093,51.395973206],[3.480277061,51.395973206],[3.480277061,51.396251678],[3.482498884,51.396251678],[3.482498884,51.396526337],[3.483055115,51.396526337],[3.483055115,51.39680481],[3.483611107,51.39680481],[3.483611107,51.397083282],[3.484720945,51.397083282],[3.484720945,51.397361755],[3.485276937,51.397361755],[3.485276937,51.397640228],[3.486390114,51.397640228],[3.486390114,51.397914886],[3.487499952,51.397914886],[3.487499952,51.398193359],[3.488611937,51.398193359],[3.488611937,51.398471832],[3.489167929,51.398471832],[3.489167929,51.398750305],[3.489722013,51.398750305],[3.489722013,51.399028778],[3.490833998,51.399028778],[3.490833998,51.399307251],[3.491944075,51.399307251],[3.491944075,51.399581909],[3.492500067,51.399581909],[3.492500067,51.399860382],[3.493056059,51.399860382],[3.493056059,51.400417328],[3.494721889,51.400417328],[3.494721889,51.400695801],[3.495277882,51.400695801],[3.495277882,51.400970459],[3.496387959,51.400970459],[3.496387959,51.401248932],[3.497499943,51.401248932],[3.497499943,51.401527405],[3.498056889,51.401527405],[3.498056889,51.401805878],[3.499166012,51.401805878],[3.499166012,51.402084351],[3.499722958,51.402084351],[3.499722958,51.402637482],[3.50027895,51.402637482],[3.50027895,51.402915955],[3.500832081,51.402915955],[3.500832081,51.4034729],[3.501389027,51.4034729],[3.501389027,51.403751373],[3.501945019,51.403751373],[3.501945019,51.404026031],[3.502501011,51.404026031],[3.502501011,51.40486145],[3.501945019,51.40486145],[3.501945019,51.405139923],[3.502501011,51.405139923],[3.502501011,51.405971527],[3.503055096,51.405971527],[3.503055096,51.40625],[3.503611088,51.40625],[3.503611088,51.406749725],[3.503611088,51.407081604],[3.506388903,51.407081604],[3.506388903,51.406967163],[3.506388903,51.406806946],[3.506944895,51.406806946],[3.506944895,51.40625],[3.509166956,51.40625],[3.509166956,51.406528473],[3.510833025,51.406528473],[3.510833025,51.406806946],[3.514168024,51.406806946],[3.514168024,51.407081604],[3.514722109,51.407081604],[3.514722109,51.407360077],[3.515278101,51.407360077]]],[[[3.864857912,51.544155121],[3.85325098,51.544895172],[3.844314098,51.551952362],[3.836918116,51.556343079],[3.83257699,51.556282043],[3.825340033,51.556182861],[3.825130939,51.556121826],[3.815308094,51.553348541],[3.811064005,51.55059433],[3.810394049,51.550331116],[3.803925991,51.547801971],[3.799551964,51.54863739],[3.784984112,51.551124573],[3.776246071,51.554058075],[3.774736881,51.55456543],[3.760215998,51.555259705],[3.760035992,51.555198669],[3.735920906,51.546825409],[3.727444887,51.541313171],[3.714631081,51.535739899],[3.711807966,51.533901215],[3.706299067,51.526634216],[3.703440905,51.525695801],[3.700478077,51.527446747],[3.697308064,51.534580231],[3.699958086,51.540904999],[3.701370955,51.541824341],[3.698266983,51.547164917],[3.689237118,51.5560112],[3.690613985,51.557826996],[3.695548058,51.562114716],[3.699018955,51.565135956],[3.698951006,51.566928864],[3.694782019,51.56237793],[3.694632053,51.562255859],[3.694468021,51.562122345],[3.68916893,51.557804108],[3.686274052,51.557762146],[3.678930998,51.560344696],[3.670072079,51.564697266],[3.652451992,51.570713043],[3.652241945,51.571113586],[3.647752047,51.579620361],[3.644784927,51.581371307],[3.64319396,51.584938049],[3.643121004,51.586730957],[3.646018028,51.586776733],[3.64449811,51.588550568],[3.634433031,51.586597443],[3.628675938,51.585609436],[3.627301931,51.58379364],[3.627664089,51.574821472],[3.629255056,51.57125473],[3.630364895,51.570598602],[3.638156891,51.566005707],[3.639661074,51.562633514],[3.639748096,51.562438965],[3.647090912,51.559856415],[3.652987957,51.557254791],[3.664813995,51.551151276],[3.665087938,51.55109787],[3.66918993,51.550319672],[3.671524048,51.548259735],[3.672188997,51.547672272],[3.679949999,51.534320831],[3.683088064,51.528083801],[3.687602997,51.523662567],[3.700642109,51.513652802],[3.70251298,51.512214661],[3.705043077,51.512252808],[3.705404997,51.512256622],[3.716903925,51.514225006],[3.70826292,51.513198853],[3.703787088,51.516723633],[3.712393045,51.51864624],[3.719485998,51.522342682],[3.723790884,51.523303986],[3.728094101,51.524265289],[3.72516799,51.525119781],[3.725133896,51.526016235],[3.724997044,51.529605865],[3.730577946,51.535076141],[3.731887102,51.538684845],[3.733266115,51.540500641],[3.753251076,51.547977448],[3.763479948,51.54542923],[3.770780087,51.543739319],[3.78824091,51.541294098],[3.789186001,51.541309357],[3.792582035,51.541355133],[3.801229,51.542377472],[3.804023981,51.545108795],[3.819778919,51.549819946],[3.821258068,51.548942566],[3.834312916,51.548225403],[3.844568968,51.544773102],[3.84604907,51.543895721],[3.846112013,51.542102814],[3.849100113,51.539451599],[3.859257936,51.538692474],[3.866461039,51.53968811],[3.864947081,51.541557312],[3.864887953,51.543254852],[3.861995935,51.543216705],[3.864857912,51.544155121],[3.867750883,51.544193268],[3.86648798,51.541664124],[3.86639905,51.541481018],[3.866997957,51.541126251],[3.867876053,51.540603638],[3.883729935,51.542613983],[3.886621952,51.54265213],[3.890993118,51.541812897],[3.898258924,51.54101181],[3.912574053,51.545688629],[3.918422937,51.543968201],[3.927103996,51.544082642],[3.931596041,51.539649963],[3.928792953,51.536922455],[3.940756083,51.525405884],[3.941164017,51.525539398],[3.943618059,51.526340485],[3.944123983,51.526504517],[3.94934392,51.528209686],[3.957933903,51.531013489],[3.965194941,51.530208588],[3.966671944,51.529327393],[3.968116999,51.529346466],[3.971071005,51.527587891],[3.973932981,51.528522491],[3.985620975,51.52507782],[3.994469881,51.522483826],[4.000199795,51.52166748],[4.005984783,51.52173996],[4.008045197,51.521133423],[4.00890398,51.520877838],[4.011856079,51.519119263],[4.014718056,51.520053864],[4.01766777,51.518291473],[4.022175789,51.512962341],[4.038304806,51.505973816],[4.043465137,51.502891541],[4.044200897,51.50245285],[4.048535824,51.502506256],[4.052845955,51.503456116],[4.054293156,51.503471375],[4.058740139,51.49993515],[4.058766842,51.499038696],[4.055848122,51.499900818],[4.055819988,51.500797272],[4.054320812,51.502574921],[4.054347992,51.501678467],[4.054542065,51.49539566],[4.054624081,51.492702484],[4.059124947,51.487369537],[4.056374073,51.482849121],[4.059454918,51.476600647],[4.06534481,51.473079681],[4.065713882,51.472751617],[4.080200195,51.459789276],[4.08134222,51.459102631],[4.081669807,51.458908081],[4.084559917,51.458942413],[4.095083237,51.446487427],[4.105206966,51.444816589],[4.125682831,51.436073303],[4.1285429,51.437004089],[4.131483078,51.435241699],[4.134472847,51.431682587],[4.140248775,51.431747437],[4.149756908,51.432594299],[4.151770115,51.43277359],[4.167496204,51.438335419],[4.174612999,51.442005157],[4.181780815,51.443878174],[4.186111927,51.44392395],[4.193381786,51.442207336],[4.216604233,51.437969208],[4.222404957,51.437129974],[4.225216866,51.439853668],[4.220424175,51.456859589],[4.224446774,51.463886261],[4.22458601,51.463188171],[4.229891777,51.460533142],[4.233374119,51.45879364],[4.234630108,51.459598541],[4.234818935,51.458808899],[4.242135048,51.455291748],[4.243652821,51.452613831],[4.248151779,51.446376801],[4.246802807,51.442771912],[4.246898174,51.439182281],[4.248318195,51.440093994],[4.249690056,51.442802429],[4.25250721,51.445522308],[4.255346775,51.447349548],[4.256766796,51.448261261],[4.261052132,51.450099945],[4.267086983,51.440284729],[4.277564049,51.426029205],[4.267601967,51.420539856],[4.264810085,51.416919708],[4.271002769,51.4008255],[4.269863129,51.389141083],[4.268467903,51.387332916],[4.270003796,51.383758545],[4.275771141,51.383815765],[4.275814056,51.382152557],[4.275817871,51.382019043],[4.278090954,51.378643036],[4.277029037,51.376941681],[4.274913788,51.376903534],[4.250617981,51.37644577],[4.245676994,51.376502991],[4.243079662,51.376533508],[4.234350204,51.376636505],[4.221158028,51.37612915],[4.234839916,51.391803741],[4.234817028,51.392360687],[4.234148979,51.392917633],[4.233055115,51.392917633],[4.233055115,51.394306183],[4.23250103,51.394306183],[4.23250103,51.394584656],[4.231945038,51.394584656],[4.231945038,51.395137787],[4.230833054,51.395137787],[4.230833054,51.39541626],[4.229722977,51.39541626],[4.229722977,51.395694733],[4.229166985,51.395694733],[4.229166985,51.395973206],[4.228610992,51.395973206],[4.228610992,51.396251678],[4.227500916,51.396251678],[4.227500916,51.396526337],[4.226387978,51.396526337],[4.226387978,51.39680481],[4.225831985,51.39680481],[4.225831985,51.397083282],[4.224721909,51.397083282],[4.224721909,51.397361755],[4.224165916,51.397361755],[4.224165916,51.397640228],[4.22305584,51.397640228],[4.22305584,51.397914886],[4.221943855,51.397914886],[4.221943855,51.398193359],[4.219721794,51.398193359],[4.219721794,51.398471832],[4.218056202,51.398471832],[4.218056202,51.398750305],[4.21750021,51.398750305],[4.21750021,51.399028778],[4.216944218,51.399028778],[4.216944218,51.399307251],[4.216390133,51.399307251],[4.216388226,51.399581909],[4.215834141,51.399581909],[4.215834141,51.399860382],[4.214722157,51.399860382],[4.214722157,51.400138855],[4.208975792,51.400138855],[4.206944942,51.400138855],[4.206944942,51.400695801],[4.20638895,51.400695801],[4.20638895,51.401248932],[4.205832958,51.401248932],[4.205832958,51.401805878],[4.205276966,51.401805878],[4.205276966,51.402084351],[4.204722881,51.402084351],[4.204722881,51.403194427],[4.204166889,51.403194427],[4.204166889,51.403751373],[4.203610897,51.403751373],[4.203610897,51.404026031],[4.203054905,51.404026031],[4.203054905,51.404582977],[4.20250082,51.404582977],[4.20250082,51.40486145],[4.201944828,51.40486145],[4.201944828,51.405139923],[4.201388836,51.405139923],[4.201388836,51.405693054],[4.200832844,51.405693054],[4.200832844,51.405971527],[4.200279236,51.405971527],[4.200279236,51.40625],[4.199722767,51.40625],[4.199722767,51.406528473],[4.196944237,51.406528473],[4.196944237,51.40625],[4.196387768,51.40625],[4.196387768,51.405971527],[4.195831776,51.405971527],[4.195831776,51.405693054],[4.195278168,51.405693054],[4.195278168,51.405418396],[4.191944122,51.405418396],[4.191944122,51.405693054],[4.191040993,51.405693054],[4.190834045,51.405693054],[4.190832138,51.405418396],[4.190278053,51.405418396],[4.190278053,51.405139923],[4.189722061,51.405139923],[4.189722061,51.40486145],[4.189166069,51.40486145],[4.189166069,51.404304504],[4.188611984,51.404304504],[4.188611984,51.404186249],[4.188611984,51.404026031],[4.187775135,51.404026031],[4.1875,51.404026031],[4.1875,51.403751373],[4.186326027,51.403751373],[4.184720993,51.403751373],[4.184720993,51.4034729],[4.183610916,51.4034729],[4.183610916,51.403236389],[4.183385849,51.403232574],[4.181944847,51.403194427],[4.181944847,51.402915955],[4.180276871,51.402915955],[4.180276871,51.402637482],[4.178610802,51.402637482],[4.178610802,51.402362823],[4.17805481,51.402362823],[4.17805481,51.402122498],[4.177875042,51.402111053],[4.177498817,51.402084351],[4.177498817,51.401805878],[4.176608086,51.401805878],[4.174167156,51.401805878],[4.174167156,51.401527405],[4.173057079,51.401527405],[4.173057079,51.401248932],[4.172501087,51.401248932],[4.172501087,51.400970459],[4.171944141,51.400970459],[4.171944141,51.400695801],[4.171388149,51.400695801],[4.171388149,51.400417328],[4.170832157,51.400417328],[4.170832157,51.400138855],[4.170278072,51.400138855],[4.170278072,51.399860382],[4.16972208,51.399860382],[4.16972208,51.399658203],[4.16972208,51.399581909],[4.169480801,51.399581909],[4.168610096,51.399581909],[4.168610096,51.399307251],[4.167500019,51.399307251],[4.167500019,51.399028778],[4.166944027,51.399028778],[4.166944027,51.398757935],[4.166944027,51.398471832],[4.166069031,51.398471832],[4.165277958,51.398471832],[4.165277958,51.398216248],[4.164721966,51.398193359],[4.164721966,51.398033142],[4.164721966,51.397914886],[4.164354801,51.397914886],[4.163611889,51.397914886],[4.163611889,51.397640228],[4.163055897,51.397640228],[4.163055897,51.397361755],[4.162499905,51.397361755],[4.162499905,51.397083282],[4.161943913,51.397083282],[4.161943913,51.39680481],[4.160833836,51.39680481],[4.160833836,51.396526337],[4.160277843,51.396526337],[4.160277843,51.396251678],[4.159720898,51.396251678],[4.159720898,51.395973206],[4.158611774,51.395973206],[4.158611774,51.395694733],[4.157498837,51.395694733],[4.157498837,51.39541626],[4.156942844,51.39541626],[4.156942844,51.395137787],[4.155832767,51.395137787],[4.155832767,51.394859314],[4.153055191,51.394859314],[4.153055191,51.395137787],[4.152501106,51.395137787],[4.152501106,51.394859314],[4.151945114,51.394859314],[4.151945114,51.395137787],[4.149723053,51.395137787],[4.149723053,51.39541626],[4.149167061,51.39541626],[4.149167061,51.395694733],[4.146945,51.395694733],[4.146945,51.395973206],[4.146389008,51.395973206],[4.146389008,51.395694733],[4.144165993,51.395694733],[4.144165993,51.395973206],[4.142499924,51.395973206],[4.142499924,51.396251678],[4.141387939,51.396251678],[4.141387939,51.395973206],[4.140833855,51.395973206],[4.140833855,51.396251678],[4.13972187,51.396251678],[4.13972187,51.396526337],[4.138611794,51.396526337],[4.138611794,51.39680481],[4.138055801,51.39680481],[4.138055801,51.397083282],[4.137499809,51.397083282],[4.137499809,51.397361755],[4.136943817,51.397361755],[4.136943817,51.397640228],[4.136387825,51.397640228],[4.136387825,51.397914886],[4.135278225,51.397914886],[4.135278225,51.398193359],[4.134722233,51.398193359],[4.134722233,51.398471832],[4.134168148,51.398471832],[4.134168148,51.398750305],[4.133612156,51.398750305],[4.133612156,51.399028778],[4.131390095,51.399028778],[4.131390095,51.399307251],[4.130277157,51.399307251],[4.130277157,51.399581909],[4.12916708,51.399581909],[4.12916708,51.399860382],[4.127499104,51.399860382],[4.127499104,51.400138855],[4.122500896,51.400138855],[4.122500896,51.400417328],[4.121944904,51.400417328],[4.121944904,51.400138855],[4.121388912,51.400138855],[4.121388912,51.400417328],[4.119722843,51.400417328],[4.119722843,51.400695801],[4.118609905,51.400695801],[4.118609905,51.400970459],[4.117500782,51.400970459],[4.117500782,51.401248932],[4.116818905,51.401248932],[4.116387844,51.401248932],[4.116387844,51.401527405],[4.115277767,51.401527405],[4.115277767,51.401805878],[4.114721775,51.401805878],[4.114721775,51.402084351],[4.112500191,51.402084351],[4.112500191,51.401805878],[4.111390114,51.401805878],[4.111388206,51.402084351],[4.11027813,51.402084351],[4.11027813,51.402362823],[4.106389999,51.402362823],[4.106389999,51.402637482],[4.104167938,51.402637482],[4.104167938,51.402915955],[4.103610992,51.402915955],[4.103610992,51.402637482],[4.103055,51.402637482],[4.103055,51.402915955],[4.101944923,51.402915955],[4.101944923,51.403194427],[4.101388931,51.403194427],[4.101388931,51.4034729],[4.100276947,51.4034729],[4.100276947,51.403751373],[4.09916687,51.403751373],[4.09916687,51.404026031],[4.098054886,51.404026031],[4.098054886,51.404304504],[4.097498894,51.404304504],[4.097498894,51.404582977],[4.096388817,51.404582977],[4.096388817,51.40486145],[4.095276833,51.40486145],[4.095276833,51.405139923],[4.093610764,51.405139923],[4.093610764,51.405418396],[4.092501163,51.405418396],[4.092501163,51.405971527],[4.091945171,51.405971527],[4.091945171,51.40625],[4.090832233,51.40625],[4.090832233,51.406528473],[4.09068203,51.406528473],[4.090279102,51.406528473],[4.090279102,51.406806946],[4.089722157,51.406806946],[4.089722157,51.407081604],[4.088056087,51.407081604],[4.088056087,51.406806946],[4.086388111,51.406806946],[4.086388111,51.406528473],[4.085278034,51.406528473],[4.085278034,51.406806946],[4.08416605,51.406806946],[4.08416605,51.407081604],[4.082499981,51.407081604],[4.082499981,51.407360077],[4.081943989,51.407360077],[4.081943989,51.40763855],[4.081389904,51.40763855],[4.081389904,51.407917023],[4.079721928,51.407917023],[4.079721928,51.408195496],[4.076942921,51.408195496],[4.076942921,51.408473969],[4.076388836,51.408473969],[4.076388836,51.4090271],[4.075832844,51.4090271],[4.075832844,51.409305573],[4.075276852,51.409305573],[4.075276852,51.409584045],[4.074722767,51.409584045],[4.074722767,51.409862518],[4.074166775,51.409862518],[4.074166775,51.410415649],[4.073610783,51.410415649],[4.073610783,51.411251068],[4.07305479,51.411251068],[4.07305479,51.411529541],[4.072501183,51.411529541],[4.072501183,51.411804199],[4.071389198,51.411804199],[4.071389198,51.412082672],[4.070277214,51.412082672],[4.070277214,51.412361145],[4.069167137,51.412361145],[4.069167137,51.412639618],[4.068055153,51.412639618],[4.068055153,51.412918091],[4.067501068,51.412918091],[4.067501068,51.413192749],[4.066389084,51.413192749],[4.066389084,51.413471222],[4.064723015,51.413471222],[4.064723015,51.413749695],[4.0625,51.413749695],[4.0625,51.413990021],[4.061944008,51.414028168],[4.061944008,51.414306641],[4.061388016,51.414306641],[4.061388016,51.414585114],[4.060833931,51.414585114],[4.060833931,51.414859772],[4.060277939,51.414859772],[4.060277939,51.415138245],[4.059721947,51.415138245],[4.059721947,51.415416718],[4.059165955,51.415416718],[4.059165955,51.41569519],[4.05861187,51.41569519],[4.058609962,51.415973663],[4.058055878,51.415973663],[4.058055878,51.416248322],[4.057499886,51.416248322],[4.057499886,51.416526794],[4.056943893,51.416526794],[4.056943893,51.416805267],[4.056387901,51.416805267],[4.056387901,51.417362213],[4.055833817,51.417362213],[4.055833817,51.417915344],[4.055277824,51.417915344],[4.055277824,51.418193817],[4.054721832,51.418193817],[4.054721832,51.418647766],[4.054721832,51.418750763],[4.054547787,51.418750763],[4.054168224,51.418750763],[4.054168224,51.419029236],[4.053612232,51.419029236],[4.053612232,51.419303894],[4.053055763,51.419303894],[4.053055763,51.419582367],[4.052499771,51.419582367],[4.052499771,51.420009613],[4.052499771,51.420139313],[4.051946163,51.420139313],[4.051946163,51.420879364],[4.051942825,51.422359467],[4.051390171,51.422359467],[4.051390171,51.423194885],[4.050834179,51.423194885],[4.050834179,51.423473358],[4.050277233,51.423488617],[4.050277233,51.424026489],[4.049932957,51.424026489],[4.049720764,51.424026489],[4.049720764,51.424304962],[4.049167156,51.424304962],[4.049167156,51.424583435],[4.048611164,51.424583435],[4.048611164,51.425140381],[4.048055172,51.425140381],[4.048055172,51.425415039],[4.04749918,51.425415039],[4.04749918,51.425693512],[4.046945095,51.425693512],[4.046945095,51.426528931],[4.04749918,51.426528931],[4.04749918,51.427082062],[4.047982216,51.427082062],[4.048055172,51.427082062],[4.048055172,51.42791748],[4.048611164,51.42791748],[4.048611164,51.428195953],[4.049167156,51.428195953],[4.049167156,51.428749084],[4.050277233,51.428749084],[4.050277233,51.429027557],[4.050834179,51.429027557],[4.050834179,51.429862976],[4.050277233,51.429862976],[4.050277233,51.430137634],[4.049167156,51.430137634],[4.049167156,51.430416107],[4.046945095,51.430416107],[4.046945095,51.43069458],[4.046389103,51.43069458],[4.046331882,51.430973053],[4.043055058,51.430973053],[4.043055058,51.431251526],[4.041944981,51.431251526],[4.041944981,51.431526184],[4.041388988,51.431526184],[4.041388988,51.431804657],[4.039722919,51.431804657],[4.039722919,51.43208313],[4.036943913,51.43208313],[4.036943913,51.432361603],[4.035277843,51.432361603],[4.035277843,51.432918549],[4.034721851,51.432918549],[4.034721851,51.433193207],[4.034165859,51.433193207],[4.034165859,51.433586121],[4.034165859,51.435695648],[4.033611774,51.435695648],[4.033611774,51.435974121],[4.033055782,51.435974121],[4.033055782,51.435695648],[4.03249979,51.435695648],[4.03249979,51.435417175],[4.031943798,51.435417175],[4.031943798,51.435138702],[4.031572819,51.435138702],[4.030834198,51.435138702],[4.030834198,51.434860229],[4.030278206,51.434860229],[4.030278206,51.434307098],[4.029722214,51.434307098],[4.029722214,51.434581757],[4.029166222,51.434581757],[4.029166222,51.434860229],[4.029722214,51.434860229],[4.029722214,51.435138702],[4.029166222,51.435138702],[4.029166222,51.435974121],[4.028612137,51.435974121],[4.028612137,51.436248779],[4.027500153,51.436248779],[4.027500153,51.436527252],[4.02694416,51.436527252],[4.02694416,51.436805725],[4.026390076,51.436805725],[4.026390076,51.437084198],[4.025278091,51.437084198],[4.025278091,51.437362671],[4.024721146,51.437362671],[4.024721146,51.437637329],[4.023055077,51.437637329],[4.023055077,51.437915802],[4.022499084,51.437915802],[4.022499084,51.438194275],[4.021945,51.438194275],[4.021945,51.438472748],[4.021389008,51.438472748],[4.021389008,51.438751221],[4.020833015,51.438751221],[4.020833015,51.439025879],[4.019722939,51.439029694],[4.019721031,51.439304352],[4.018610954,51.439304352],[4.018610954,51.439582825],[4.018054962,51.439582825],[4.018054962,51.439861298],[4.016388893,51.439861298],[4.016388893,51.440139771],[4.015832901,51.440162659],[4.015832901,51.440692902],[4.015278816,51.440692902],[4.015278816,51.441249847],[4.015832901,51.441249847],[4.015832901,51.441806793],[4.016388893,51.441806793],[4.016388893,51.44291687],[4.015832901,51.44291687],[4.015832901,51.44430542],[4.015278816,51.44430542],[4.015278816,51.445415497],[4.014722824,51.445415497],[4.014722824,51.44569397],[4.014166832,51.44569397],[4.014166832,51.447360992],[4.01361084,51.447360992],[4.01361084,51.448749542],[4.014166832,51.448749542],[4.014166832,51.449584961],[4.011944771,51.449584961],[4.011944771,51.449859619],[4.012500763,51.449859619],[4.012500763,51.450416565],[4.011944771,51.450416565],[4.011944771,51.452083588],[4.011388779,51.452083588],[4.011388779,51.452915192],[4.010831833,51.452915192],[4.010831833,51.453193665],[4.010279179,51.453193665],[4.010279179,51.452915192],[4.009722233,51.452915192],[4.009722233,51.452083588],[4.010279179,51.452083588],[4.010279179,51.450416565],[4.010831833,51.450416565],[4.010831833,51.449859619],[4.011388779,51.449859619],[4.011388779,51.449584961],[4.010831833,51.449584961],[4.010831833,51.449028015],[4.010279179,51.449028015],[4.010279179,51.448749542],[4.009722233,51.448749542],[4.009722233,51.446250916],[4.009165764,51.446250916],[4.009165764,51.446529388],[4.008609772,51.446529388],[4.008609772,51.446250916],[4.008056164,51.446250916],[4.008056164,51.445415497],[4.009722233,51.445415497],[4.009722233,51.44569397],[4.010279179,51.44569397],[4.010279179,51.44430542],[4.010831833,51.44430542],[4.010831833,51.443195343],[4.010279179,51.443195343],[4.010279179,51.442638397],[4.009722233,51.442638397],[4.009722233,51.442359924],[4.010279179,51.442359924],[4.010279179,51.441806793],[4.009722233,51.441806793],[4.009722233,51.440582275],[4.009722233,51.440139771],[4.009165764,51.440139771],[4.009165764,51.439861298],[4.009722233,51.439861298],[4.009722233,51.439582825],[4.008056164,51.439582825],[4.008056164,51.439861298],[4.007500172,51.439861298],[4.007500172,51.440139771],[4.00694418,51.440139771],[4.00694418,51.440418243],[4.007500172,51.440418243],[4.007500172,51.440895081],[4.007500172,51.442359924],[4.008056164,51.442359924],[4.008056164,51.442638397],[4.008609772,51.442638397],[4.008609772,51.44291687],[4.009165764,51.44291687],[4.009165764,51.443195343],[4.008609772,51.443195343],[4.008609772,51.443473816],[4.008056164,51.443473816],[4.008056164,51.443748474],[4.007500172,51.443748474],[4.007500172,51.443473816],[4.007032871,51.443473816],[4.003612041,51.443473816],[4.003612041,51.443748474],[4.003056049,51.443748474],[4.003056049,51.444583893],[4.002500057,51.444583893],[4.002500057,51.44569397],[4.001944065,51.44569397],[4.001944065,51.446250916],[4.000833988,51.446250916],[4.000833988,51.446529388],[4.000277996,51.446529388],[3.999722004,51.446529388],[3.999722004,51.446804047],[3.999167919,51.446804047],[3.999167919,51.447639465],[3.999031067,51.447639465],[3.998611927,51.447639465],[3.998627901,51.447940826],[3.998055935,51.447917938],[3.998055935,51.448192596],[3.997498989,51.448192596],[3.997514963,51.448768616],[3.996942997,51.448749542],[3.996942997,51.449028015],[3.996390104,51.449028015],[3.996390104,51.449306488],[3.99583292,51.449306488],[3.99583292,51.449584961],[3.994723082,51.449584961],[3.994720936,51.450138092],[3.994167089,51.450138092],[3.994167089,51.450416565],[3.993055105,51.450416565],[3.993055105,51.450973511],[3.992499113,51.450973511],[3.992499113,51.451526642],[3.991945028,51.451526642],[3.991945028,51.451805115],[3.990833044,51.451805115],[3.990833044,51.452083588],[3.990277052,51.452083588],[3.990277052,51.452362061],[3.989722967,51.452362061],[3.989722967,51.452640533],[3.989166975,51.452640533],[3.989166975,51.452915192],[3.988610983,51.452915192],[3.988610983,51.453193665],[3.988054991,51.453193665],[3.988054991,51.453472137],[3.987500906,51.453472137],[3.987500906,51.45375061],[3.986944914,51.45375061],[3.986944914,51.454029083],[3.98583293,51.454029083],[3.98583293,51.454303741],[3.985279083,51.454303741],[3.985279083,51.455696106],[3.984723091,51.455696106],[3.984723091,51.455970764],[3.984167099,51.455970764],[3.984167099,51.456249237],[3.983609915,51.456249237],[3.983609915,51.457084656],[3.983057022,51.457084656],[3.983057022,51.45791626],[3.982500076,51.45791626],[3.982500076,51.458473206],[3.981944084,51.458473206],[3.981944084,51.45930481],[3.981388092,51.45930481],[3.981388092,51.459583282],[3.980834007,51.459583282],[3.980834007,51.459861755],[3.980278015,51.459861755],[3.980278015,51.460140228],[3.979722023,51.460140228],[3.979722023,51.460414886],[3.978611946,51.460414886],[3.978610039,51.460971832],[3.978055954,51.460971832],[3.978055954,51.461250305],[3.977499962,51.461250305],[3.977499962,51.461528778],[3.97694397,51.461528778],[3.97694397,51.461807251],[3.97361207,51.461807251],[3.97361207,51.461528778],[3.973056078,51.461528778],[3.973056078,51.461250305],[3.972500086,51.461250305],[3.972500086,51.460693359],[3.971390009,51.460693359],[3.971390009,51.460140228],[3.970834017,51.460140228],[3.970834017,51.459861755],[3.970277071,51.459861755],[3.970277071,51.459583282],[3.969269991,51.459583282],[3.969167948,51.459583282],[3.969167948,51.45930481],[3.968715906,51.45930481],[3.968611002,51.45930481],[3.968611002,51.459026337],[3.968164921,51.459026337],[3.96805501,51.459026337],[3.96805501,51.458473206],[3.967499018,51.458473206],[3.967499018,51.458194733],[3.966944933,51.458194733],[3.966944933,51.45791626],[3.965960979,51.45791626],[3.965832949,51.45791626],[3.965832949,51.457637787],[3.96540904,51.457637787],[3.965276957,51.457637787],[3.965276957,51.457359314],[3.964854956,51.457359314],[3.96472311,51.457359314],[3.96472311,51.456806183],[3.963758945,51.456806183],[3.963610888,51.456806183],[3.963610888,51.45652771],[3.963054895,51.45652771],[3.963054895,51.456249237],[3.950278044,51.456249237],[3.950278044,51.455970764],[3.949376106,51.455970764],[3.949166059,51.455970764],[3.949166059,51.455696106],[3.948793888,51.455696106],[3.948611975,51.455696106],[3.948611975,51.455417633],[3.948204041,51.455417633],[3.948055983,51.455417633],[3.948055983,51.45513916],[3.947613955,51.45513916],[3.94749999,51.45513916],[3.94749999,51.454860687],[3.947026014,51.454860687],[3.946389914,51.454860687],[3.946389914,51.454582214],[3.945833921,51.454582214],[3.945833921,51.454303741],[3.945277929,51.454303741],[3.945277929,51.454036713],[3.945277929,51.45375061],[3.944721937,51.45375061],[3.944721937,51.453472137],[3.944168091,51.453472137],[3.944168091,51.453193665],[3.943612099,51.453193665],[3.943612099,51.452915192],[3.943054914,51.452915192],[3.943054914,51.452362061],[3.942498922,51.452362061],[3.942498922,51.452083588],[3.94194603,51.452083588],[3.94194603,51.451805115],[3.941389084,51.451805115],[3.941389084,51.451526642],[3.940833092,51.451526642],[3.940833092,51.451248169],[3.9402771,51.451248169],[3.9402771,51.451526642],[3.939960003,51.451526642],[3.939723015,51.451526642],[3.939723015,51.452083588],[3.939167023,51.452083588],[3.939167023,51.452915192],[3.938611031,51.452915192],[3.938611031,51.453193665],[3.937499046,51.453193665],[3.937499046,51.452915192],[3.936944962,51.452915192],[3.936944962,51.451248169],[3.937499046,51.451248169],[3.937499046,51.450695038],[3.938055038,51.450695038],[3.938055038,51.450416565],[3.937608004,51.450416565],[3.937499046,51.450416565],[3.937499046,51.450138092],[3.937017918,51.450138092],[3.936388969,51.450138092],[3.936388969,51.449859619],[3.935832977,51.449859619],[3.935832977,51.449584961],[3.9347229,51.449584961],[3.9347229,51.449306488],[3.933634043,51.449306488],[3.932501078,51.449306488],[3.932501078,51.449028015],[3.931945086,51.449028015],[3.931945086,51.449306488],[3.930831909,51.449306488],[3.930831909,51.449584961],[3.930279016,51.449584961],[3.930279016,51.449859619],[3.929723024,51.449859619],[3.929723024,51.450138092],[3.929166079,51.450138092],[3.929166079,51.450416565],[3.928056002,51.450416565],[3.928056002,51.450973511],[3.92750001,51.450973511],[3.92750001,51.451114655],[3.92750001,51.451248169],[3.927045107,51.451274872],[3.926944017,51.451278687],[3.926944017,51.451526642],[3.926388025,51.451526642],[3.926388025,51.451805115],[3.925870895,51.451805115],[3.925277948,51.451805115],[3.925277948,51.451526642],[3.924721956,51.451526642],[3.924721956,51.450839996],[3.924721956,51.450695038],[3.924495935,51.450695038],[3.923612118,51.450695038],[3.923612118,51.449306488],[3.923783064,51.449306488],[3.924165964,51.449306488],[3.924165964,51.447917938],[3.924721956,51.447917938],[3.924721956,51.447360992],[3.925277948,51.447360992],[3.925277948,51.445415497],[3.924165964,51.445415497],[3.924165964,51.445137024],[3.923612118,51.445137024],[3.923612118,51.444862366],[3.923055887,51.444862366],[3.923055887,51.444583893],[3.921943903,51.444583893],[3.921943903,51.44430542],[3.921390057,51.44430542],[3.921390057,51.444026947],[3.921943903,51.444026947],[3.921943903,51.443748474],[3.921390057,51.443748474],[3.921390057,51.443473816],[3.921943903,51.443473816],[3.921943903,51.442359924],[3.922499895,51.442359924],[3.922499895,51.44152832],[3.921943903,51.44152832],[3.921943903,51.441249847],[3.922499895,51.441249847],[3.922499895,51.440139771],[3.923055887,51.440139771],[3.923055887,51.439582825],[3.923612118,51.439582825],[3.923612118,51.439025879],[3.924165964,51.439025879],[3.924165964,51.438751221],[3.924721956,51.438751221],[3.924721956,51.438472748],[3.925277948,51.438472748],[3.925277948,51.435417175],[3.924721956,51.435417175],[3.924721956,51.435138702],[3.924165964,51.435138702],[3.924165964,51.433193207],[3.923612118,51.433193207],[3.923612118,51.43208313],[3.923055887,51.43208313],[3.923055887,51.431526184],[3.922499895,51.431526184],[3.922499895,51.430942535],[3.922499895,51.43069458],[3.922225952,51.43069458],[3.921943903,51.43069458],[3.921943903,51.430435181],[3.921390057,51.430416107],[3.921390057,51.430137634],[3.920834064,51.430137634],[3.920834064,51.429584503],[3.920278072,51.429584503],[3.920278072,51.429027557],[3.91972208,51.429027557],[3.91972208,51.428470612],[3.919166088,51.428470612],[3.919166088,51.42791748],[3.918612003,51.42791748],[3.918612003,51.427639008],[3.918056011,51.427639008],[3.918056011,51.426528931],[3.918612003,51.426528931],[3.918612003,51.425880432],[3.918612003,51.425140381],[3.918340921,51.425140381],[3.918056011,51.425140381],[3.918056011,51.424583435],[3.917500019,51.424583435],[3.917500019,51.424026489],[3.916943073,51.424026489],[3.916943073,51.422637939],[3.917169094,51.422637939],[3.917500019,51.422637939],[3.917500019,51.422359467],[3.916943073,51.422359467],[3.916943073,51.422187805],[3.916943073,51.421806335],[3.917500019,51.421806335],[3.917500019,51.421527863],[3.916943073,51.421527863],[3.916943073,51.420417786],[3.91682291,51.420417786],[3.916389942,51.420417786],[3.916389942,51.41986084],[3.915832996,51.41986084],[3.915832996,51.419582367],[3.915277004,51.419582367],[3.915277004,51.419303894],[3.914166927,51.419303894],[3.914166927,51.418193817],[3.913610935,51.418193817],[3.913610935,51.417915344],[3.913054943,51.417915344],[3.913054943,51.41708374],[3.912498951,51.41708374],[3.912498951,51.416805267],[3.911945105,51.416805267],[3.911945105,51.41569519],[3.911389112,51.41569519],[3.911389112,51.415416718],[3.911945105,51.415416718],[3.911945105,51.415058136],[3.911945105,51.414859772],[3.911839962,51.414859772],[3.911389112,51.414859772],[3.911389112,51.414585114],[3.911696911,51.414585114],[3.911945105,51.414585114],[3.911945105,51.414306641],[3.911550999,51.414306641],[3.911389112,51.414306641],[3.911389112,51.41399765],[3.911389112,51.413471222],[3.911115885,51.413471222],[3.910832882,51.413471222],[3.910832882,51.413192749],[3.91027689,51.413192749],[3.91027689,51.412639618],[3.909723043,51.412639618],[3.909723043,51.411804199],[3.909167051,51.411804199],[3.909167051,51.410972595],[3.908611059,51.410972595],[3.908611059,51.409862518],[3.908055067,51.409862518],[3.908055067,51.4090271],[3.907500982,51.4090271],[3.907500982,51.40763855],[3.90694499,51.40763855],[3.90694499,51.406528473],[3.906388998,51.406528473],[3.906388998,51.405693054],[3.905833006,51.405693054],[3.905833006,51.405139923],[3.905278921,51.405139923],[3.905278921,51.40486145],[3.904722929,51.40486145],[3.904722929,51.404582977],[3.904166937,51.404582977],[3.904166937,51.400970459],[3.903609991,51.400970459],[3.903609991,51.399860382],[3.903057098,51.399860382],[3.903053999,51.399307251],[3.902501106,51.399307251],[3.902501106,51.398750305],[3.901943922,51.398750305],[3.901943922,51.397914886],[3.90138793,51.397914886],[3.90138793,51.397083282],[3.900834084,51.397083282],[3.900834084,51.395694733],[3.900278091,51.395694733],[3.900278091,51.395431519],[3.900278091,51.395137787],[3.899166107,51.395137787],[3.899166107,51.394859314],[3.897500038,51.394859314],[3.897500038,51.394584656],[3.895833969,51.394584656],[3.895833969,51.394306183],[3.894721985,51.394306183],[3.894721985,51.39402771],[3.893055916,51.39402771],[3.893055916,51.394306183],[3.892499924,51.394306183],[3.892499924,51.394584656],[3.891943932,51.394584656],[3.891943932,51.394706726],[3.891943932,51.394859314],[3.890254974,51.394897461],[3.889720917,51.394908905],[3.889720917,51.395137787],[3.888055086,51.395137787],[3.888055086,51.39541626],[3.885833025,51.39541626],[3.885833025,51.395694733],[3.884166956,51.395694733],[3.884166956,51.395973206],[3.882980108,51.395973206],[3.881944895,51.395973206],[3.881944895,51.396251678],[3.881388903,51.396251678],[3.881388903,51.396526337],[3.880279064,51.396526337],[3.880279064,51.39680481],[3.878055096,51.39680481],[3.878055096,51.397083282],[3.877501011,51.397083282],[3.877501011,51.397361755],[3.876945019,51.397361755],[3.876945019,51.397640228],[3.876388073,51.397640228],[3.876388073,51.39680481],[3.875832081,51.39680481],[3.875832081,51.397083282],[3.872499943,51.397083282],[3.872499943,51.39680481],[3.870277882,51.39680481],[3.870277882,51.396526337],[3.868056059,51.396526337],[3.868056059,51.396251678],[3.866944075,51.396251678],[3.866944075,51.395973206],[3.865833998,51.395973206],[3.865833998,51.395694733],[3.865278006,51.395694733],[3.865278006,51.39541626],[3.864167929,51.39541626],[3.864165068,51.395137787],[3.863611937,51.395137787],[3.863611937,51.394859314],[3.863055944,51.394859314],[3.863055944,51.394584656],[3.862627029,51.394584656],[3.862498999,51.394584656],[3.862498999,51.39447403],[3.862498999,51.393749237],[3.861943007,51.393749237],[3.861943007,51.393196106],[3.861388922,51.393196106],[3.861388922,51.392917633],[3.86083293,51.392917633],[3.86083293,51.39263916],[3.860387087,51.39263916],[3.860276937,51.39263916],[3.860276937,51.392082214],[3.859720945,51.392082214],[3.859720945,51.391803741],[3.859167099,51.391803741],[3.859167099,51.391529083],[3.858611107,51.391529083],[3.858611107,51.39125061],[3.856389046,51.39125061],[3.856389046,51.390972137],[3.853610992,51.390972137],[3.853610992,51.390693665],[3.8514359,51.390693665],[3.850279093,51.390693665],[3.850279093,51.390468597],[3.849992037,51.390441895],[3.849723101,51.390415192],[3.849723101,51.390140533],[3.848609924,51.390140533],[3.848609924,51.389862061],[3.847251892,51.389862061],[3.846388102,51.389862061],[3.846388102,51.389686584],[3.846388102,51.389583588],[3.845834017,51.389583588],[3.845834017,51.389305115],[3.844722033,51.389305115],[3.844722033,51.389026642],[3.843610048,51.389026642],[3.843610048,51.388748169],[3.841943979,51.388748169],[3.841943979,51.388473511],[3.84027791,51.388473511],[3.84027791,51.388195038],[3.839165926,51.388195038],[3.839165926,51.387916565],[3.838056087,51.387916565],[3.838056087,51.388195038],[3.837500095,51.388195038],[3.837500095,51.387916565],[3.836390018,51.387916565],[3.836390018,51.38766861],[3.83623004,51.38766098],[3.835834026,51.387638092],[3.835834026,51.387359619],[3.834167004,51.387359619],[3.834167004,51.387084961],[3.833611012,51.387084961],[3.833611012,51.387359619],[3.833266973,51.387359619],[3.829166889,51.387359619],[3.829166889,51.387084961],[3.825833082,51.387084961],[3.825833082,51.386833191],[3.825433969,51.386821747],[3.824723005,51.386806488],[3.824723005,51.386528015],[3.823611021,51.386528015],[3.823611021,51.386249542],[3.822500944,51.386249542],[3.822500944,51.386528015],[3.821943998,51.386528015],[3.821943998,51.386249542],[3.821388006,51.386249542],[3.821388006,51.386528015],[3.820277929,51.386528015],[3.820277929,51.386249542],[3.819721937,51.386249542],[3.819721937,51.385971069],[3.819165945,51.385971069],[3.819165945,51.385692596],[3.811389923,51.385692596],[3.811389923,51.385971069],[3.811944008,51.385971069],[3.811944008,51.386528015],[3.811389923,51.386528015],[3.811389923,51.386806488],[3.810833931,51.386806488],[3.810833931,51.387084961],[3.810277939,51.387084961],[3.810277939,51.387359619],[3.809720993,51.387359619],[3.809720993,51.387638092],[3.8091681,51.387638092],[3.8091681,51.387916565],[3.808612108,51.387916565],[3.808612108,51.388195038],[3.808054924,51.388195038],[3.808054924,51.388473511],[3.807498932,51.388473511],[3.807498932,51.388748169],[3.806945086,51.388748169],[3.806945086,51.389305115],[3.806389093,51.389305115],[3.806389093,51.389862061],[3.805833101,51.389862061],[3.805833101,51.390377045],[3.805277109,51.390415192],[3.805277109,51.390708923],[3.805277109,51.390972137],[3.804841995,51.391025543],[3.804723024,51.391040802],[3.804723024,51.39125061],[3.804368019,51.39125061],[3.804167032,51.39125061],[3.804167032,51.391368866],[3.804167032,51.391529083],[3.803900957,51.391529083],[3.80361104,51.391529083],[3.80361104,51.391700745],[3.80361104,51.392082214],[3.803055048,51.392082214],[3.803055048,51.392360687],[3.802500963,51.392360687],[3.802499056,51.39263916],[3.802038908,51.39263916],[3.801944971,51.39263916],[3.801944971,51.393196106],[3.801388979,51.393196106],[3.801388979,51.393470764],[3.800832987,51.393470764],[3.800832987,51.393749237],[3.800276995,51.393749237],[3.800276995,51.39402771],[3.799700022,51.39402771],[3.799166918,51.39402771],[3.799166918,51.394306183],[3.798610926,51.394306183],[3.798610926,51.394584656],[3.798054934,51.394584656],[3.798054934,51.394859314],[3.797501087,51.394859314],[3.797501087,51.395137787],[3.796945095,51.395137787],[3.796945095,51.39541626],[3.796389103,51.39541626],[3.796389103,51.395694733],[3.795279026,51.395694733],[3.795279026,51.395973206],[3.79472208,51.395973206],[3.79472208,51.396251678],[3.794166088,51.396251678],[3.794166088,51.396526337],[3.793610096,51.396526337],[3.793610096,51.39680481],[3.793056011,51.39680481],[3.793056011,51.397361755],[3.792500019,51.397361755],[3.792500019,51.397640228],[3.791944027,51.397640228],[3.791944027,51.397914886],[3.791388035,51.397914886],[3.791377068,51.398193359],[3.79083395,51.398193359],[3.790791035,51.398471832],[3.790277958,51.398471832],[3.790277958,51.398918152],[3.790222883,51.398986816],[3.789721966,51.399028778],[3.789721966,51.399307251],[3.789165974,51.399307251],[3.789165974,51.399581909],[3.788611889,51.399581909],[3.788611889,51.399860382],[3.788055897,51.399860382],[3.788055897,51.400138855],[3.785834074,51.400138855],[3.785834074,51.400417328],[3.785278082,51.400417328],[3.785278082,51.400695801],[3.78472209,51.400695801],[3.78472209,51.400970459],[3.784168005,51.400970459],[3.784166098,51.401527405],[3.783612013,51.401527405],[3.783612013,51.401805878],[3.783056021,51.401805878],[3.783056021,51.402084351],[3.782499075,51.402084351],[3.782499075,51.402362823],[3.781945944,51.402362823],[3.781945944,51.402637482],[3.781389952,51.402637482],[3.781389952,51.402915955],[3.780833006,51.402915955],[3.780833006,51.403194427],[3.780277014,51.403194427],[3.780277014,51.4034729],[3.779721022,51.4034729],[3.779721022,51.403751373],[3.779166937,51.403751373],[3.779166937,51.404026031],[3.778610945,51.404026031],[3.778610945,51.404304504],[3.778054953,51.404304504],[3.778054953,51.404582977],[3.77749896,51.404582977],[3.77749896,51.40486145],[3.776945114,51.40486145],[3.77692008,51.405139923],[3.776388884,51.405139923],[3.776388884,51.405418396],[3.776213884,51.405418396],[3.775832891,51.405418396],[3.775832891,51.405693054],[3.775938034,51.405693054],[3.776388884,51.405693054],[3.776388884,51.40625],[3.776945114,51.40625],[3.776945114,51.407081604],[3.77749896,51.407081604],[3.77749896,51.40763855],[3.776945114,51.40763855],[3.776945114,51.407917023],[3.77749896,51.407917023],[3.77749896,51.408195496],[3.778054953,51.408195496],[3.778054953,51.4090271],[3.77749896,51.4090271],[3.77749896,51.410694122],[3.776945114,51.410694122],[3.776945114,51.410972595],[3.775832891,51.410972595],[3.775832891,51.411251068],[3.773611069,51.411251068],[3.773611069,51.410972595],[3.773055077,51.410972595],[3.773055077,51.410694122],[3.769722939,51.410694122],[3.769722939,51.410415649],[3.765834093,51.410415649],[3.765834093,51.410694122],[3.765278101,51.410694122],[3.765278101,51.410972595],[3.764722109,51.410972595],[3.764722109,51.411251068],[3.764166117,51.411251068],[3.764166117,51.411529541],[3.76305604,51.411529541],[3.76305604,51.411804199],[3.762500048,51.411804199],[3.762500048,51.412082672],[3.761944056,51.412082672],[3.761944056,51.412361145],[3.761389971,51.412361145],[3.761388063,51.412639618],[3.760277987,51.412639618],[3.760277987,51.412918091],[3.759721994,51.412918091],[3.759721994,51.413192749],[3.758611917,51.413192749],[3.758611917,51.414028168],[3.758055925,51.414028168],[3.758055925,51.414306641],[3.758611917,51.414306641],[3.758611917,51.414585114],[3.758055925,51.414585114],[3.758055925,51.414859772],[3.757499933,51.414859772],[3.757499933,51.415138245],[3.756943941,51.415138245],[3.756943941,51.415416718],[3.754720926,51.415416718],[3.754720926,51.415138245],[3.754168034,51.415138245],[3.754168034,51.414985657],[3.754168034,51.414859772],[3.753611088,51.414859772],[3.753611088,51.414306641],[3.751389027,51.414306641],[3.751389027,51.414028168],[3.749844074,51.414028168],[3.749166965,51.414028168],[3.749166965,51.413848877],[3.749166965,51.413749695],[3.748790979,51.413749695],[3.748610973,51.413749695],[3.748610973,51.413471222],[3.748054981,51.413471222],[3.748054981,51.413192749],[3.746944904,51.413192749],[3.746944904,51.412918091],[3.746388912,51.412918091],[3.746388912,51.412639618],[3.74583292,51.412639618],[3.74583292,51.412361145],[3.74545002,51.412361145],[3.745279074,51.412361145],[3.745279074,51.412246704],[3.745276928,51.412082672],[3.745023966,51.412082672],[3.744723082,51.412082672],[3.744685888,51.41186142],[3.744587898,51.411804199],[3.744167089,51.411804199],[3.744167089,51.411529541],[3.743053913,51.411529541],[3.743053913,51.411804199],[3.741388083,51.411804199],[3.741388083,51.411529541],[3.738055944,51.411529541],[3.738055944,51.411804199],[3.73694396,51.411804199],[3.73694396,51.412082672],[3.736387968,51.412082672],[3.736387968,51.412361145],[3.735833883,51.412361145],[3.735833883,51.412639618],[3.735277891,51.412639618],[3.735277891,51.412918091],[3.734165907,51.412918091],[3.734165907,51.413192749],[3.733056068,51.413192749],[3.733056068,51.413471222],[3.731944084,51.413471222],[3.731944084,51.413749695],[3.730834007,51.413749695],[3.730834007,51.414028168],[3.730278015,51.414028168],[3.730278015,51.414306641],[3.729167938,51.414306641],[3.729167938,51.414585114],[3.728611946,51.414585114],[3.728611946,51.414859772],[3.727499008,51.414859772],[3.727499008,51.415138245],[3.726388931,51.415138245],[3.726388931,51.415973663],[3.725832939,51.415973663],[3.725832939,51.417362213],[3.725276947,51.417362213],[3.725276947,51.418193817],[3.724723101,51.418193817],[3.724720955,51.419303894],[3.724167109,51.419303894],[3.724167109,51.420139313],[3.723611116,51.420139313],[3.723611116,51.420417786],[3.723223925,51.420417786],[3.723054886,51.420417786],[3.723054886,51.420795441],[3.723054886,51.420970917],[3.72250104,51.420970917],[3.722485065,51.422084808],[3.721945047,51.422084808],[3.721945047,51.423194885],[3.721389055,51.423194885],[3.721389055,51.423751831],[3.720833063,51.423751831],[3.720833063,51.424583435],[3.720277071,51.424583435],[3.720277071,51.425140381],[3.719722986,51.425140381],[3.719722986,51.425415039],[3.719166994,51.425415039],[3.719166994,51.425971985],[3.718611002,51.425971985],[3.718611002,51.426250458],[3.716944933,51.426250458],[3.716944933,51.426807404],[3.716388941,51.426807404],[3.716388941,51.427124023],[3.716388941,51.427360535],[3.715831995,51.427360535],[3.715831995,51.42791748],[3.715279102,51.42791748],[3.715279102,51.428470612],[3.71472311,51.428497314],[3.71472311,51.428749084],[3.715279102,51.428749084],[3.715279102,51.429862976],[3.71472311,51.429862976],[3.71472311,51.430416107],[3.714165926,51.430416107],[3.714165926,51.43069458],[3.713609934,51.43069458],[3.713609934,51.430973053],[3.713056087,51.430973053],[3.713056087,51.431526184],[3.711944103,51.431526184],[3.711944103,51.431804657],[3.712500095,51.431804657],[3.712500095,51.432640076],[3.711944103,51.432640076],[3.711944103,51.432918549],[3.711388111,51.432918549],[3.711388111,51.433193207],[3.710834026,51.433193207],[3.710834026,51.43347168],[3.710278034,51.43347168],[3.710278034,51.434307098],[3.709722042,51.434307098],[3.709722042,51.434860229],[3.70916605,51.434860229],[3.70916605,51.435138702],[3.708055973,51.435138702],[3.708055973,51.435417175],[3.707499981,51.435417175],[3.707499981,51.435695648],[3.706943989,51.435695648],[3.706943989,51.435974121],[3.706389904,51.435974121],[3.706389904,51.436527252],[3.705833912,51.43655777],[3.705833912,51.437084198],[3.705444098,51.437084198],[3.70527792,51.437084198],[3.705240965,51.437362671],[3.704721928,51.437362671],[3.704721928,51.437637329],[3.704165936,51.437637329],[3.704165936,51.437915802],[3.703612089,51.437915802],[3.703612089,51.438194275],[3.703056097,51.438194275],[3.703056097,51.438751221],[3.702500105,51.438751221],[3.702500105,51.439025879],[3.701942921,51.439025879],[3.701942921,51.438751221],[3.701272964,51.438751221],[3.700833082,51.438751221],[3.700833082,51.439037323],[3.700833082,51.439582825],[3.70027709,51.439582825],[3.70027709,51.440139771],[3.699721098,51.440139771],[3.699721098,51.440418243],[3.699167013,51.440418243],[3.699167013,51.440692902],[3.698611021,51.440692902],[3.698611021,51.440971375],[3.698055029,51.440971375],[3.698055029,51.441249847],[3.697499037,51.441249847],[3.697499037,51.44152832],[3.697010994,51.44152832],[3.69638896,51.44152832],[3.69638896,51.441806793],[3.695832968,51.441806793],[3.695832968,51.442081451],[3.694722891,51.442085266],[3.694722891,51.442638397],[3.694166899,51.442638397],[3.694166899,51.44291687],[3.693610907,51.44291687],[3.693610907,51.443302155],[3.693610907,51.443473816],[3.693054914,51.443473816],[3.693054914,51.443748474],[3.692501068,51.443748474],[3.692501068,51.443473816],[3.691945076,51.443473816],[3.691945076,51.444026947],[3.691389084,51.444026947],[3.691389084,51.44430542],[3.690833092,51.44430542],[3.690833092,51.444583893],[3.690279007,51.444583893],[3.690279007,51.445137024],[3.689723015,51.445137024],[3.689723015,51.445415497],[3.689167023,51.445415497],[3.689167023,51.44569397],[3.688610077,51.44569397],[3.688560009,51.445972443],[3.686944008,51.445972443],[3.686944008,51.446250916],[3.686388016,51.446250916],[3.686388016,51.446529388],[3.685833931,51.446529388],[3.685832024,51.446804047],[3.684721947,51.446804047],[3.684721947,51.447322845],[3.684721947,51.448471069],[3.684165955,51.448471069],[3.684165955,51.449028015],[3.683609962,51.449028015],[3.683609962,51.449859619],[3.683056116,51.449859619],[3.683056116,51.450138092],[3.680278063,51.450138092],[3.680278063,51.449859619],[3.679722071,51.449859619],[3.679722071,51.449584961],[3.678611994,51.449584961],[3.678611994,51.450138092],[3.678056002,51.450138092],[3.678056002,51.450695038],[3.678611994,51.450695038],[3.678611994,51.450973511],[3.679166079,51.450973511],[3.679166079,51.451248169],[3.679722071,51.451248169],[3.679722071,51.452186584],[3.679722071,51.453472137],[3.681387901,51.453472137],[3.681387901,51.45375061],[3.681636095,51.45375061],[3.681943893,51.45375061],[3.681943893,51.45400238],[3.681943893,51.454860687],[3.681387901,51.454860687],[3.681387901,51.45513916],[3.681943893,51.45513916],[3.681943893,51.455970764],[3.682499886,51.455970764],[3.682499886,51.456806183],[3.683056116,51.456806183],[3.683056116,51.457084656],[3.683609962,51.457084656],[3.683609962,51.457637787],[3.684165955,51.457637787],[3.684165955,51.45791626],[3.684721947,51.45791626],[3.684721947,51.458194733],[3.685832024,51.458194733],[3.685832024,51.457176208],[3.685832024,51.457084656],[3.686388016,51.457084656],[3.686388016,51.456806183],[3.686944008,51.456806183],[3.686944008,51.456249237],[3.687500954,51.456249237],[3.687500954,51.455970764],[3.688610077,51.455970764],[3.688610077,51.456249237],[3.689167023,51.456249237],[3.689167023,51.455970764],[3.689723015,51.455970764],[3.689723015,51.456249237],[3.691945076,51.456249237],[3.691945076,51.455696106],[3.693054914,51.455696106],[3.693054914,51.455417633],[3.694190025,51.455417633],[3.694722891,51.455417633],[3.694722891,51.455173492],[3.695832968,51.45513916],[3.695832968,51.455417633],[3.69638896,51.455417633],[3.69638896,51.454860687],[3.697499037,51.454860687],[3.697499037,51.454029083],[3.698055029,51.454029083],[3.698055029,51.45375061],[3.698611021,51.45375061],[3.698611021,51.453384399],[3.698611021,51.453193665],[3.699026108,51.453193665],[3.700833082,51.453193665],[3.700833082,51.452915192],[3.701942921,51.452915192],[3.701942921,51.452640533],[3.702500105,51.452640533],[3.702500105,51.451805115],[3.703056097,51.451805115],[3.703056097,51.451339722],[3.703056097,51.450973511],[3.70364809,51.450973511],[3.705833912,51.450973511],[3.705833912,51.450695038],[3.706389904,51.450695038],[3.706389904,51.450416565],[3.706943989,51.450416565],[3.706943989,51.448749542],[3.707499981,51.448749542],[3.707499981,51.448192596],[3.706943989,51.448192596],[3.706943989,51.447360992],[3.706389904,51.447360992],[3.706389904,51.44708252],[3.70527792,51.44708252],[3.70527792,51.446804047],[3.704721928,51.446804047],[3.704721928,51.445137024],[3.704165936,51.445137024],[3.704165936,51.444583893],[3.703612089,51.444583893],[3.703612089,51.44430542],[3.703056097,51.44430542],[3.703056097,51.444026947],[3.702500105,51.444026947],[3.702500105,51.443748474],[3.703056097,51.443748474],[3.703056097,51.443473816],[3.703612089,51.443473816],[3.703612089,51.443748474],[3.704721928,51.443748474],[3.704721928,51.444026947],[3.705833912,51.444026947],[3.705833912,51.44430542],[3.706389904,51.44430542],[3.706389904,51.444862366],[3.706943989,51.444862366],[3.706943989,51.445137024],[3.708055973,51.445137024],[3.708055973,51.445415497],[3.708610058,51.445415497],[3.708611965,51.44569397],[3.709126949,51.44569397],[3.709722042,51.44569397],[3.709722042,51.445972443],[3.710278034,51.445972443],[3.710278034,51.446445465],[3.710278034,51.447360992],[3.710834026,51.447360992],[3.710834026,51.447639465],[3.711388111,51.447639465],[3.711388111,51.447360992],[3.712500095,51.447360992],[3.712500095,51.44708252],[3.713056087,51.44708252],[3.713056087,51.446804047],[3.713609934,51.446804047],[3.713609934,51.446250916],[3.71472311,51.446250916],[3.71472311,51.445972443],[3.715279102,51.445972443],[3.715279102,51.44569397],[3.715831995,51.44569397],[3.715831995,51.445415497],[3.716388941,51.445415497],[3.716388941,51.445137024],[3.716944933,51.445137024],[3.716944933,51.444862366],[3.717500925,51.444862366],[3.717500925,51.444583893],[3.718611002,51.444583893],[3.718611002,51.44430542],[3.719166994,51.44430542],[3.719166994,51.444583893],[3.719722986,51.444583893],[3.719722986,51.445137024],[3.719166994,51.445137024],[3.719166994,51.44569397],[3.71805501,51.44569397],[3.71805501,51.446529388],[3.717500925,51.446529388],[3.717500925,51.44708252],[3.716944933,51.44708252],[3.716944933,51.447360992],[3.716388941,51.447360992],[3.716388941,51.447639465],[3.715831995,51.447639465],[3.715831995,51.447917938],[3.715279102,51.447917938],[3.715279102,51.448192596],[3.71472311,51.448192596],[3.71472311,51.448749542],[3.714165926,51.448749542],[3.714165926,51.449584961],[3.713609934,51.449584961],[3.713609934,51.449859619],[3.712500095,51.449859619],[3.712500095,51.451015472],[3.712500095,51.451480865],[3.712500095,51.451805115],[3.713056087,51.451805115],[3.713056087,51.452083588],[3.712500095,51.452083588],[3.712500095,51.452362061],[3.713609934,51.452362061],[3.713609934,51.452640533],[3.71472311,51.452640533],[3.71472311,51.452449799],[3.71472311,51.452362061],[3.715279102,51.452362061],[3.715279102,51.452640533],[3.716388941,51.452640533],[3.716388941,51.452915192],[3.716944933,51.452915192],[3.716944933,51.453193665],[3.717500925,51.453193665],[3.717500925,51.453472137],[3.71805501,51.453472137],[3.71805501,51.45375061],[3.719166994,51.45375061],[3.719166994,51.454029083],[3.719722986,51.454029083],[3.719722986,51.454303741],[3.720277071,51.454303741],[3.720277071,51.454582214],[3.721389055,51.454582214],[3.721389055,51.454860687],[3.72250104,51.454860687],[3.72250104,51.45513916],[3.723611116,51.45513916],[3.723611116,51.455417633],[3.725832939,51.455417633],[3.725832939,51.455696106],[3.726388931,51.455696106],[3.726388931,51.455970764],[3.726946115,51.455970764],[3.726946115,51.45652771],[3.727499008,51.45652771],[3.727499008,51.45791626],[3.728055,51.45791626],[3.728055,51.459026337],[3.727499008,51.459026337],[3.727499008,51.459583282],[3.726946115,51.459583282],[3.726946115,51.459861755],[3.726388931,51.459861755],[3.726388931,51.460140228],[3.724167109,51.460140228],[3.724167109,51.459861755],[3.723611116,51.459861755],[3.723611116,51.459583282],[3.723054886,51.459583282],[3.723054886,51.459026337],[3.72250104,51.459026337],[3.722498894,51.457359314],[3.721389055,51.457359314],[3.721389055,51.456249237],[3.720833063,51.456249237],[3.720833063,51.455417633],[3.719938993,51.455417633],[3.719166994,51.455417633],[3.719166994,51.455696106],[3.718611002,51.455696106],[3.718611002,51.455417633],[3.717683077,51.455417633],[3.717500925,51.455417633],[3.717500925,51.45513916],[3.716944933,51.45513916],[3.716944933,51.454860687],[3.716388941,51.454860687],[3.716388941,51.454582214],[3.715831995,51.454582214],[3.715831995,51.454029083],[3.715279102,51.454029083],[3.715279102,51.45375061],[3.71472311,51.45375061],[3.71472311,51.453472137],[3.713609934,51.453472137],[3.713609934,51.453193665],[3.712500095,51.453193665],[3.712500095,51.452915192],[3.710834026,51.452915192],[3.710834026,51.453193665],[3.709722042,51.453193665],[3.709722042,51.453472137],[3.70916605,51.453472137],[3.70916605,51.453193665],[3.706389904,51.453193665],[3.706389904,51.452915192],[3.704721928,51.452915192],[3.704721928,51.453022003],[3.704721928,51.453193665],[3.704351902,51.453193665],[3.703612089,51.453193665],[3.703612089,51.453472137],[3.703056097,51.453472137],[3.703056097,51.453788757],[3.703056097,51.454029083],[3.702500105,51.454044342],[3.702500105,51.454303741],[3.70193696,51.454303741],[3.701390028,51.454303741],[3.701333046,51.454582214],[3.700833082,51.454582214],[3.700833082,51.454860687],[3.700726032,51.454860687],[3.70027709,51.454860687],[3.70027709,51.45513916],[3.700119972,51.45513916],[3.699721098,51.45513916],[3.699721098,51.455417633],[3.699513912,51.455417633],[3.699167013,51.455417633],[3.699167013,51.45557785],[3.699167013,51.455696106],[3.698909998,51.455696106],[3.698055029,51.455696106],[3.698055029,51.455970764],[3.697499037,51.455970764],[3.697499037,51.456249237],[3.696944952,51.456249237],[3.696944952,51.45652771],[3.69638896,51.45652771],[3.69638896,51.456806183],[3.695832968,51.456806183],[3.695832968,51.457084656],[3.695276976,51.457084656],[3.695276976,51.457366943],[3.695276976,51.457637787],[3.694722891,51.457637787],[3.694722891,51.45791626],[3.694166899,51.45791626],[3.694166899,51.458194733],[3.693610907,51.458194733],[3.693610907,51.458473206],[3.692867994,51.458473206],[3.692501068,51.458473206],[3.692501068,51.458641052],[3.692501068,51.459026337],[3.691945076,51.459026337],[3.691945076,51.459327698],[3.691945076,51.459583282],[3.692337036,51.459583282],[3.692501068,51.459583282],[3.692501068,51.459690094],[3.692501068,51.460414886],[3.693054914,51.460414886],[3.693054914,51.460693359],[3.694722891,51.460693359],[3.694722891,51.460971832],[3.69569397,51.460971832],[3.696944952,51.460971832],[3.696944952,51.461250305],[3.699167013,51.461250305],[3.699167013,51.461528778],[3.70027709,51.461528778],[3.70027709,51.461807251],[3.701390028,51.461807251],[3.701390028,51.462081909],[3.701942921,51.462081909],[3.70194602,51.462360382],[3.702500105,51.462360382],[3.702500105,51.462638855],[3.703056097,51.462638855],[3.703056097,51.462917328],[3.703612089,51.462917328],[3.703612089,51.463195801],[3.704165936,51.463195801],[3.704165936,51.463470459],[3.704721928,51.463470459],[3.704721928,51.463748932],[3.706389904,51.463748932],[3.706389904,51.464027405],[3.707499981,51.464027405],[3.707499981,51.463748932],[3.708610058,51.463748932],[3.708611965,51.464584351],[3.70916605,51.464584351],[3.70916605,51.465137482],[3.709722042,51.465137482],[3.709722042,51.465694427],[3.710278034,51.465694427],[3.710278034,51.4659729],[3.710834026,51.4659729],[3.710834026,51.466251373],[3.711388111,51.466251373],[3.711388111,51.4659729],[3.713056087,51.4659729],[3.713056087,51.464473724],[3.713056087,51.463470459],[3.713609934,51.463470459],[3.713609934,51.463195801],[3.714066029,51.463195801],[3.714165926,51.463195801],[3.714165926,51.463363647],[3.714165926,51.463470459],[3.715831995,51.463470459],[3.715831995,51.463748932],[3.716388941,51.463748932],[3.716388941,51.464027405],[3.716944933,51.464027405],[3.716944933,51.464305878],[3.716388941,51.464305878],[3.716388941,51.464584351],[3.715831995,51.464584351],[3.715831995,51.465137482],[3.715279102,51.465137482],[3.715279102,51.465496063],[3.715279102,51.4659729],[3.71472311,51.4659729],[3.71472311,51.466804504],[3.714165926,51.466804504],[3.714165926,51.467918396],[3.713609934,51.467918396],[3.713609934,51.468193054],[3.71472311,51.468193054],[3.71472311,51.468471527],[3.715279102,51.468471527],[3.715279102,51.46875],[3.715831995,51.46875],[3.715831995,51.469028473],[3.716944933,51.469028473],[3.716944933,51.469306946],[3.71716094,51.469306946],[3.717500925,51.469306946],[3.717500925,51.470417023],[3.71805501,51.470417023],[3.71805501,51.470695496],[3.718611002,51.470695496],[3.718611002,51.472084045],[3.719722986,51.472084045],[3.719722986,51.472362518],[3.720277071,51.472362518],[3.720277071,51.472915649],[3.719722986,51.472915649],[3.719722986,51.473194122],[3.720277071,51.473194122],[3.720277071,51.474304199],[3.719722986,51.474304199],[3.719722986,51.474582672],[3.719166994,51.474582672],[3.719166994,51.474304199],[3.718611002,51.474304199],[3.718611002,51.474029541],[3.71805501,51.474029541],[3.71805501,51.473194122],[3.717500925,51.473194122],[3.717500925,51.472915649],[3.716944933,51.472915649],[3.716944933,51.471805573],[3.716388941,51.471805573],[3.716388941,51.470417023],[3.715831995,51.470417023],[3.715831995,51.47013855],[3.715279102,51.47013855],[3.715279102,51.470417023],[3.713609934,51.470417023],[3.713609934,51.470973969],[3.713056087,51.470973969],[3.713056087,51.471248627],[3.711388111,51.471248627],[3.711388111,51.4715271],[3.710834026,51.4715271],[3.710834026,51.471805573],[3.710278034,51.471805573],[3.710278034,51.472084045],[3.709722042,51.472084045],[3.709722042,51.472362518],[3.709470987,51.472362518],[3.70916605,51.472362518],[3.70916605,51.472717285],[3.70916605,51.473194122],[3.708760023,51.473194122],[3.708611965,51.473194122],[3.708610058,51.473369598],[3.708610058,51.473472595],[3.708055973,51.473472595],[3.708055973,51.474021912],[3.708055973,51.474582672],[3.707499981,51.474582672],[3.707499981,51.474861145],[3.707338095,51.474861145],[3.706943989,51.474861145],[3.706943989,51.475139618],[3.706389904,51.475139618],[3.706389904,51.475418091],[3.705833912,51.475418091],[3.705833912,51.476528168],[3.70527792,51.476528168],[3.705223083,51.477081299],[3.704721928,51.477085114],[3.704721928,51.477359772],[3.704165936,51.477359772],[3.704165936,51.477085114],[3.703056097,51.477085114],[3.703056097,51.476806641],[3.702500105,51.476806641],[3.702500105,51.475971222],[3.703056097,51.475971222],[3.703056097,51.475418091],[3.703454018,51.475418091],[3.703612089,51.475418091],[3.703612089,51.475139618],[3.704165936,51.475139618],[3.704165936,51.474582672],[3.704721928,51.474582672],[3.704721928,51.474304199],[3.70527792,51.474304199],[3.70527792,51.473472595],[3.705833912,51.473472595],[3.705833912,51.472084045],[3.706389904,51.472084045],[3.706389904,51.4715271],[3.706943989,51.4715271],[3.706943989,51.471248627],[3.707499981,51.471248627],[3.707499981,51.47013855],[3.706943989,51.47013855],[3.706943989,51.469860077],[3.706389904,51.469860077],[3.706389904,51.469306946],[3.705833912,51.469306946],[3.705833912,51.469028473],[3.70527792,51.469028473],[3.70527792,51.468471527],[3.704721928,51.468471527],[3.704721928,51.467918396],[3.704165936,51.467918396],[3.704165936,51.467082977],[3.703612089,51.467082977],[3.703612089,51.466804504],[3.701942921,51.466804504],[3.701942921,51.466526031],[3.701390028,51.466526031],[3.701390028,51.466251373],[3.701942921,51.466251373],[3.701942921,51.4659729],[3.701390028,51.4659729],[3.701390028,51.465415955],[3.700833082,51.465415955],[3.700833082,51.465137482],[3.70027709,51.465137482],[3.70027709,51.464862823],[3.699721098,51.464862823],[3.699721098,51.464305878],[3.698055029,51.464305878],[3.698055029,51.464027405],[3.69638896,51.464027405],[3.69638896,51.463748932],[3.694722891,51.463748932],[3.694722891,51.463470459],[3.694166899,51.463470459],[3.694166899,51.463195801],[3.693610907,51.463195801],[3.693610907,51.462917328],[3.693054914,51.462917328],[3.693054914,51.462638855],[3.692501068,51.462638855],[3.692501068,51.462360382],[3.691945076,51.462360382],[3.691945076,51.462081909],[3.690279007,51.462081909],[3.690279007,51.461807251],[3.689723015,51.461807251],[3.689723015,51.461528778],[3.689167023,51.461528778],[3.689167023,51.461250305],[3.688610077,51.461250305],[3.688610077,51.460971832],[3.688056946,51.460971832],[3.688056946,51.460693359],[3.685277939,51.460693359],[3.685277939,51.461292267],[3.685277939,51.461528778],[3.685075998,51.461528778],[3.684721947,51.461528778],[3.684721947,51.46194458],[3.684721947,51.462081909],[3.68460393,51.462081909],[3.684165955,51.462081909],[3.684165955,51.462360382],[3.683609962,51.462360382],[3.683609962,51.462081909],[3.683056116,51.462081909],[3.683056116,51.462360382],[3.681387901,51.462360382],[3.681387901,51.462081909],[3.680834055,51.462081909],[3.680834055,51.461807251],[3.680278063,51.461807251],[3.680278063,51.460971832],[3.679722071,51.460971832],[3.679722071,51.459861755],[3.679166079,51.459861755],[3.679166079,51.45930481],[3.678056002,51.45930481],[3.678056002,51.459026337],[3.676389933,51.459026337],[3.676389933,51.458751678],[3.675833941,51.458751678],[3.675833941,51.45791626],[3.676389933,51.45791626],[3.676389933,51.457084656],[3.675833941,51.457084656],[3.675833941,51.456806183],[3.67416811,51.456806183],[3.67416811,51.457084656],[3.673610926,51.457084656],[3.673610926,51.457359314],[3.673054934,51.457359314],[3.673054934,51.457637787],[3.672498941,51.457637787],[3.672498941,51.45791626],[3.671945095,51.45791626],[3.671945095,51.458194733],[3.671389103,51.458194733],[3.671389103,51.458751678],[3.670833111,51.458751678],[3.670833111,51.460140228],[3.670277119,51.460140228],[3.670277119,51.460693359],[3.669723034,51.460693359],[3.669723034,51.460971832],[3.669564009,51.460971832],[3.669167042,51.460971832],[3.669167042,51.461528778],[3.66861105,51.461528778],[3.66861105,51.462081909],[3.668055058,51.462081909],[3.668055058,51.462360382],[3.666388988,51.462360382],[3.666388988,51.462081909],[3.665832996,51.462081909],[3.665832996,51.460693359],[3.666388988,51.460693359],[3.666388988,51.460201263],[3.666142941,51.460174561],[3.665832996,51.460140228],[3.665832996,51.45930481],[3.665277004,51.45930481],[3.665277004,51.459026337],[3.664166927,51.459026337],[3.664166927,51.458751678],[3.662501097,51.458751678],[3.662501097,51.458473206],[3.661945105,51.458473206],[3.661945105,51.458194733],[3.660831928,51.458194733],[3.660831928,51.45791626],[3.660279036,51.45791626],[3.660279036,51.457637787],[3.65972209,51.457637787],[3.65972209,51.457084656],[3.659166098,51.457084656],[3.659166098,51.456806183],[3.658056021,51.456806183],[3.658056021,51.45652771],[3.657500029,51.45652771],[3.657500029,51.455970764],[3.656944036,51.455970764],[3.656944036,51.45513916],[3.656388044,51.45513916],[3.656388044,51.454799652],[3.656388044,51.453472137],[3.65583396,51.453472137],[3.65583396,51.452640533],[3.656388044,51.452640533],[3.656388044,51.452362061],[3.65583396,51.452362061],[3.65583396,51.451526642],[3.655277967,51.451526642],[3.655277967,51.451248169],[3.654165983,51.451248169],[3.654165983,51.451114655],[3.654165983,51.450973511],[3.653611898,51.450973511],[3.653611898,51.450138092],[3.652499914,51.450138092],[3.652499914,51.449859619],[3.651943922,51.449859619],[3.651943922,51.449584961],[3.649722099,51.449584961],[3.649722099,51.449859619],[3.647499084,51.449859619],[3.647499084,51.449584961],[3.646945953,51.449584961],[3.646943092,51.449028015],[3.646389008,51.449028015],[3.646389008,51.448749542],[3.645277023,51.448749542],[3.645277023,51.449028015],[3.644721031,51.449028015],[3.644721031,51.448749542],[3.644166946,51.448749542],[3.644166946,51.448471069],[3.643054962,51.448471069],[3.643054962,51.447917938],[3.64249897,51.447917938],[3.64249897,51.447360992],[3.641944885,51.447360992],[3.641944885,51.446529388],[3.641388893,51.446529388],[3.641388893,51.444862366],[3.640832901,51.444862366],[3.640832901,51.44430542],[3.640276909,51.44430542],[3.640276909,51.443748474],[3.639723063,51.443748474],[3.639723063,51.443473816],[3.63916707,51.443473816],[3.63916707,51.443195343],[3.638055086,51.443195343],[3.638055086,51.44291687],[3.636945009,51.44291687],[3.636945009,51.442638397],[3.63527894,51.442638397],[3.63527894,51.442359924],[3.63361001,51.442359924],[3.63361001,51.442085266],[3.631943941,51.442081451],[3.631943941,51.441806793],[3.631387949,51.441806793],[3.631387949,51.44152832],[3.630278111,51.44152832],[3.630278111,51.441806793],[3.629722118,51.441806793],[3.629722118,51.44152832],[3.628056049,51.44152832],[3.628056049,51.441806793],[3.623611927,51.441806793],[3.623611927,51.44152832],[3.623055935,51.44152832],[3.623055935,51.441806793],[3.622499943,51.441806793],[3.622499943,51.442081451],[3.623055935,51.442081451],[3.623055935,51.442424774],[3.623055935,51.442638397],[3.623611927,51.442638397],[3.623611927,51.443473816],[3.623055935,51.443473816],[3.623055935,51.444026947],[3.620834112,51.444026947],[3.620834112,51.443748474],[3.620276928,51.443748474],[3.620276928,51.443473816],[3.619167089,51.443473816],[3.619167089,51.443195343],[3.618611097,51.443195343],[3.618611097,51.442081451],[3.619720936,51.442081451],[3.619720936,51.441955566],[3.619720936,51.44152832],[3.618055105,51.44152832],[3.618055105,51.441249847],[3.61750102,51.441249847],[3.617499113,51.440971375],[3.616389036,51.440971375],[3.616389036,51.441249847],[3.615277052,51.441249847],[3.615277052,51.440971375],[3.614166975,51.440971375],[3.614166975,51.440692902],[3.611944914,51.440692902],[3.611944914,51.440418243],[3.61083293,51.440418243],[3.61083293,51.440139771],[3.610279083,51.440139771],[3.610279083,51.440418243],[3.609723091,51.440418243],[3.609723091,51.440139771],[3.60750103,51.440139771],[3.60750103,51.440418243],[3.606944084,51.440418243],[3.606944084,51.440971375],[3.6058321,51.440971375],[3.6058321,51.441249847],[3.605278015,51.441249847],[3.605278015,51.44152832],[3.603610039,51.44152832],[3.603610039,51.441806793],[3.603055954,51.441806793],[3.603055954,51.442081451],[3.602499962,51.442085266],[3.602499962,51.442928314],[3.602499962,51.443195343],[3.60194397,51.443195343],[3.60194397,51.444583893],[3.601387978,51.444583893],[3.601387978,51.445415497],[3.600833893,51.445415497],[3.600833893,51.446804047],[3.600466967,51.446804047],[3.600277901,51.446804047],[3.600277901,51.447639465],[3.599721909,51.447639465],[3.599721909,51.448471069],[3.600130081,51.448471069],[3.600833893,51.448471069],[3.600833893,51.448749542],[3.601387978,51.448749542],[3.601387978,51.449028015],[3.600833893,51.449028015],[3.600833893,51.449306488],[3.600277901,51.449306488],[3.600277901,51.449584961],[3.59990406,51.449584961],[3.599165916,51.449584961],[3.599165916,51.449306488],[3.59861207,51.449306488],[3.59861207,51.448749542],[3.598056078,51.448749542],[3.598056078,51.448471069],[3.597500086,51.448471069],[3.597500086,51.448192596],[3.596944094,51.448192596],[3.596944094,51.44708252],[3.597500086,51.44708252],[3.597500086,51.445415497],[3.596944094,51.445415497],[3.596944094,51.445137024],[3.596764088,51.445137024],[3.596390009,51.445137024],[3.596390009,51.444862366],[3.596775055,51.444862366],[3.596944094,51.444862366],[3.596944094,51.444583893],[3.59861207,51.444583893],[3.59861207,51.444026947],[3.599165916,51.444026947],[3.599165916,51.443473816],[3.599721909,51.443473816],[3.599721909,51.442638397],[3.599165916,51.442638397],[3.599165916,51.442359924],[3.59861207,51.442359924],[3.59861207,51.441806793],[3.599165916,51.441806793],[3.599165916,51.440971375],[3.600277901,51.440971375],[3.600277901,51.440692902],[3.600833893,51.440692902],[3.600833893,51.439861298],[3.599165916,51.439861298],[3.599165916,51.440139771],[3.59861207,51.440139771],[3.59861207,51.440418243],[3.593611956,51.440418243],[3.593611956,51.439861298],[3.59305501,51.439861298],[3.59305501,51.440139771],[3.592499018,51.440139771],[3.592499018,51.440418243],[3.590832949,51.440418243],[3.590832949,51.440692902],[3.587501049,51.440692902],[3.587501049,51.440971375],[3.586945057,51.440971375],[3.586945057,51.440692902],[3.583055019,51.440692902],[3.583055019,51.440418243],[3.582500935,51.440418243],[3.582500935,51.440139771],[3.58138895,51.440139771],[3.58138895,51.439861298],[3.579165936,51.439861298],[3.579165936,51.439582825],[3.577500105,51.439582825],[3.577500105,51.439304352],[3.576944113,51.439304352],[3.576944113,51.438751221],[3.576387882,51.438751221],[3.576387882,51.438472748],[3.575278044,51.438472748],[3.575278044,51.438751221],[3.574722052,51.438751221],[3.574722052,51.439025879],[3.574166059,51.439029694],[3.574166059,51.439304352],[3.573920012,51.439334869],[3.573611975,51.439373016],[3.573611975,51.439582825],[3.572886944,51.439582825],[3.57249999,51.439582825],[3.57249999,51.439693451],[3.57249999,51.439861298],[3.571929932,51.439861298],[3.570833921,51.439861298],[3.570833921,51.440139771],[3.570277929,51.440139771],[3.570277929,51.440418243],[3.570015907,51.440418243],[3.569165945,51.440418243],[3.569165945,51.440692902],[3.568612099,51.440692902],[3.568612099,51.440826416],[3.568612099,51.441249847],[3.568056107,51.441249847],[3.568056107,51.442359924],[3.567498922,51.442359924],[3.567498922,51.44291687],[3.56694603,51.44291687],[3.56694293,51.443748474],[3.566390038,51.443778992],[3.566390038,51.444026947],[3.566174984,51.444026947],[3.565833092,51.444026947],[3.565833092,51.44442749],[3.565833092,51.444583893],[3.5656991,51.444583893],[3.5652771,51.444583893],[3.5652771,51.444862366],[3.564721107,51.444862366],[3.564721107,51.445137024],[3.564167023,51.445137024],[3.564167023,51.445415497],[3.563611031,51.445415497],[3.563611031,51.44569397],[3.563055038,51.44569397],[3.563055038,51.446250916],[3.561944962,51.446250916],[3.561944962,51.446804047],[3.561388969,51.446804047],[3.561388969,51.447639465],[3.56123209,51.447639465],[3.560832977,51.447639465],[3.560832977,51.447917938],[3.5597229,51.447917938],[3.5597229,51.448471069],[3.559166908,51.448471069],[3.559166908,51.448749542],[3.558610916,51.448749542],[3.558610916,51.449028015],[3.558054924,51.449028015],[3.558054924,51.449306488],[3.556945086,51.449306488],[3.556945086,51.449584961],[3.556389093,51.449584961],[3.556389093,51.449859619],[3.555279016,51.449859619],[3.555279016,51.449584961],[3.553610086,51.449584961],[3.553610086,51.449306488],[3.55250001,51.449306488],[3.55250001,51.449584961],[3.551388025,51.449584961],[3.551388025,51.449863434],[3.551388025,51.450695038],[3.550833941,51.450695038],[3.550832033,51.451248169],[3.550277948,51.451248169],[3.550277948,51.451805115],[3.549721956,51.451805115],[3.549721956,51.451526642],[3.546387911,51.451526642],[3.546387911,51.452083588],[3.545834064,51.452083588],[3.545834064,51.452362061],[3.545278072,51.452362061],[3.545278072,51.453193665],[3.54472208,51.453193665],[3.54472208,51.453472137],[3.544166088,51.453472137],[3.544166088,51.45375061],[3.542500019,51.45375061],[3.542500019,51.454029083],[3.541944027,51.454029083],[3.541944027,51.454303741],[3.541389942,51.454303741],[3.541389942,51.454860687],[3.54083395,51.454860687],[3.54083395,51.455417633],[3.539721012,51.455417633],[3.539721012,51.455696106],[3.539167881,51.455696106],[3.539167881,51.455970764],[3.538610935,51.455970764],[3.538610935,51.456249237],[3.538054943,51.456249237],[3.538054943,51.45652771],[3.537261963,51.45652771],[3.536945105,51.45652771],[3.536945105,51.45671463],[3.536945105,51.457084656],[3.536389112,51.457084656],[3.536389112,51.457359314],[3.535832882,51.457370758],[3.535832882,51.457637787],[3.535281897,51.457637787],[3.534167051,51.457637787],[3.534167051,51.45791626],[3.533611059,51.45791626],[3.533611059,51.458194733],[3.533055067,51.458194733],[3.533055067,51.458473206],[3.532500982,51.458473206],[3.532433033,51.458751678],[3.53194499,51.458751678],[3.53194499,51.458942413],[3.53194499,51.45930481],[3.531388998,51.45930481],[3.531388998,51.459583282],[3.530833006,51.459583282],[3.530833006,51.460414886],[3.530277014,51.460414886],[3.530277014,51.460971832],[3.529722929,51.460971832],[3.529722929,51.461250305],[3.529166937,51.461250305],[3.529166937,51.461528778],[3.528057098,51.461528778],[3.528057098,51.461807251],[3.527501106,51.461807251],[3.527501106,51.462081909],[3.526945114,51.462081909],[3.526945114,51.462360382],[3.52638793,51.462360382],[3.52638793,51.463001251],[3.52638793,51.464027405],[3.525831938,51.464027405],[3.525831938,51.464305878],[3.525278091,51.464305878],[3.525278091,51.464584351],[3.524722099,51.464584351],[3.524722099,51.464862823],[3.524166107,51.464862823],[3.524166107,51.465137482],[3.523910999,51.465137482],[3.523610115,51.465137482],[3.523610115,51.465461731],[3.523610115,51.466251373],[3.52305603,51.466251373],[3.52305603,51.466526031],[3.522500038,51.466526031],[3.522500038,51.466804504],[3.521944046,51.466804504],[3.521944046,51.467639923],[3.521388054,51.467639923],[3.521388054,51.468193054],[3.520833969,51.468193054],[3.520833969,51.46875],[3.520277977,51.46875],[3.520277977,51.469306946],[3.520833969,51.469306946],[3.520833969,51.469581604],[3.520277977,51.469581604],[3.520277977,51.469860077],[3.519721985,51.469860077],[3.519721985,51.470417023],[3.519165993,51.470417023],[3.519165993,51.470695496],[3.518611908,51.470695496],[3.518611908,51.470973969],[3.518055916,51.470973969],[3.518055916,51.4715271],[3.517499924,51.4715271],[3.517499924,51.472084045],[3.516943932,51.472084045],[3.516943932,51.472362518],[3.516390085,51.472362518],[3.516390085,51.473472595],[3.515834093,51.473472595],[3.515834093,51.474582672],[3.515278101,51.474582672],[3.515278101,51.475418091],[3.514722109,51.475418091],[3.514722109,51.475971222],[3.514168024,51.475971222],[3.514168024,51.476528168],[3.513612032,51.476528168],[3.513612032,51.477359772],[3.513055086,51.477359772],[3.513055086,51.47819519],[3.512499094,51.47819519],[3.512499094,51.478748322],[3.511945963,51.478748322],[3.511945963,51.47958374],[3.511389017,51.47958374],[3.511389017,51.480140686],[3.510833025,51.480140686],[3.510833025,51.480693817],[3.510277033,51.480693817],[3.510277033,51.481250763],[3.509721041,51.481250763],[3.509721041,51.481803894],[3.509166956,51.481803894],[3.509166956,51.48236084],[3.508610964,51.48236084],[3.508610964,51.482917786],[3.508054972,51.482917786],[3.508054972,51.483470917],[3.507500887,51.483470917],[3.50749898,51.484306335],[3.506944895,51.484306335],[3.506944895,51.484859467],[3.506388903,51.484859467],[3.506388903,51.485416412],[3.505832911,51.485416412],[3.505832911,51.486251831],[3.505276918,51.486251831],[3.505276918,51.486804962],[3.504723072,51.486804962],[3.504723072,51.487361908],[3.50416708,51.487361908],[3.50416708,51.487915039],[3.503611088,51.487915039],[3.503611088,51.488471985],[3.503055096,51.488471985],[3.503055096,51.488750458],[3.502501011,51.488750458],[3.502501011,51.489307404],[3.501945019,51.489307404],[3.501945019,51.489582062],[3.501389027,51.489582062],[3.501389027,51.489860535],[3.500832081,51.489860535],[3.500832081,51.49041748],[3.50027895,51.49041748],[3.50027895,51.490695953],[3.499722958,51.490695953],[3.499722958,51.491249084],[3.499166012,51.491249084],[3.499166012,51.49180603],[3.49861002,51.49180603],[3.49861002,51.492362976],[3.498056889,51.492362976],[3.498056889,51.492637634],[3.497499943,51.492637634],[3.497499943,51.492916107],[3.496943951,51.492916107],[3.496943951,51.49319458],[3.496387959,51.49319458],[3.496387959,51.494026184],[3.495834112,51.494026184],[3.495834112,51.49458313],[3.495277882,51.49458313],[3.495277882,51.494861603],[3.494721889,51.494861603],[3.494721889,51.495140076],[3.494165897,51.495140076],[3.494165897,51.495418549],[3.493056059,51.495418549],[3.493056059,51.495693207],[3.492500067,51.495693207],[3.492500067,51.49597168],[3.491944075,51.49597168],[3.491944075,51.496250153],[3.49138999,51.496250153],[3.49138999,51.496807098],[3.490833998,51.496807098],[3.490833998,51.497081757],[3.490278006,51.497081757],[3.490278006,51.497360229],[3.489722013,51.497360229],[3.489722013,51.497638702],[3.488611937,51.497638702],[3.488611937,51.497917175],[3.486943007,51.497917175],[3.486943007,51.498195648],[3.486390114,51.498195648],[3.486390114,51.498474121],[3.485276937,51.498474121],[3.485276937,51.498748779],[3.484720945,51.498748779],[3.484720945,51.498474121],[3.484422922,51.498474121],[3.483611107,51.498474121],[3.483611107,51.498748779],[3.481945038,51.498748779],[3.481945038,51.499027252],[3.481389046,51.499027252],[3.481389046,51.499305725],[3.480833054,51.499305725],[3.480833054,51.499584198],[3.480277061,51.499584198],[3.480277061,51.499862671],[3.479722977,51.499862671],[3.479722977,51.500137329],[3.479166985,51.500137329],[3.479166985,51.500415802],[3.478610992,51.500415802],[3.478610992,51.500972748],[3.478454113,51.500972748],[3.478055,51.500972748],[3.478055,51.501140594],[3.478055,51.501251221],[3.477787971,51.501251221],[3.477500916,51.501251221],[3.477500916,51.501373291],[3.477500916,51.501804352],[3.476944923,51.501804352],[3.476944923,51.502082825],[3.476388931,51.502082825],[3.476388931,51.502361298],[3.475451946,51.502361298],[3.475279093,51.502361298],[3.475276947,51.502639771],[3.474881887,51.502639771],[3.474723101,51.502639771],[3.474723101,51.502918243],[3.474312067,51.502918243],[3.474167109,51.502918243],[3.474167109,51.503192902],[3.473758936,51.503242493],[3.473609924,51.503261566],[3.473609924,51.503471375],[3.47318697,51.503517151],[3.473057032,51.50353241],[3.473057032,51.50402832],[3.47250104,51.50402832],[3.47250104,51.504306793],[3.471474886,51.504306793],[3.471388102,51.504306793],[3.471388102,51.504581451],[3.47090292,51.50460434],[3.470832109,51.504859924],[3.470344067,51.504859924],[3.469722033,51.504859924],[3.469722033,51.505138397],[3.468055964,51.505138397],[3.468055964,51.505695343],[3.467499971,51.505695343],[3.467499971,51.506248474],[3.466387987,51.506248474],[3.466387987,51.506526947],[3.465833902,51.506526947],[3.465833902,51.50680542],[3.46527791,51.50680542],[3.46527791,51.507083893],[3.464721918,51.507083893],[3.464721918,51.507362366],[3.464165926,51.507362366],[3.464165926,51.507637024],[3.46361208,51.507637024],[3.46361208,51.507915497],[3.462500095,51.507915497],[3.462500095,51.50819397],[3.461944103,51.50819397],[3.461944103,51.508472443],[3.461390018,51.508472443],[3.461390018,51.509029388],[3.460834026,51.509029388],[3.460834026,51.509304047],[3.460278034,51.509304047],[3.460278034,51.50958252],[3.459167957,51.50958252],[3.459167957,51.509860992],[3.458611965,51.509860992],[3.458611965,51.510139465],[3.458055019,51.510139465],[3.458055019,51.510417938],[3.457499027,51.510417938],[3.457499027,51.510692596],[3.456944942,51.510692596],[3.456944942,51.510971069],[3.45638895,51.510971069],[3.45638895,51.511528015],[3.455832958,51.511528015],[3.455832958,51.511806488],[3.455276966,51.511806488],[3.455276966,51.512084961],[3.454722881,51.512084961],[3.454722881,51.512359619],[3.454166889,51.512359619],[3.454166889,51.512638092],[3.453610897,51.512638092],[3.453610897,51.513195038],[3.453054905,51.513195038],[3.453054905,51.513473511],[3.452501059,51.513473511],[3.452501059,51.513748169],[3.451945066,51.513748169],[3.451945066,51.514026642],[3.451389074,51.514026642],[3.451389074,51.514583588],[3.450833082,51.514583588],[3.450833082,51.514862061],[3.45027709,51.514862061],[3.45027709,51.515415192],[3.449723005,51.515415192],[3.449723005,51.515693665],[3.449167013,51.515693665],[3.449167013,51.51625061],[3.448611021,51.51625061],[3.448611021,51.516529083],[3.448055029,51.516529083],[3.448055029,51.516803741],[3.448611021,51.516803741],[3.448611021,51.517082214],[3.448055029,51.517082214],[3.448055029,51.51763916],[3.447500944,51.51763916],[3.447500944,51.518470764],[3.446944952,51.518470764],[3.446944952,51.518749237],[3.446388006,51.518749237],[3.446388006,51.519306183],[3.445832014,51.519306183],[3.445832014,51.519584656],[3.444721937,51.519584656],[3.444721937,51.519859314],[3.444165945,51.519859314],[3.444165945,51.520973206],[3.443609953,51.520973206],[3.443609953,51.521251678],[3.440916061,51.521251678],[3.440834045,51.521251678],[3.440834045,51.521526337],[3.440562963,51.521526337],[3.440278053,51.521526337],[3.440278053,51.521751404],[3.439722061,51.52180481],[3.439722061,51.522083282],[3.439166069,51.522083282],[3.439166069,51.52261734],[3.439166069,51.522914886],[3.439722061,51.522914886],[3.439722061,51.524028778],[3.439166069,51.524028778],[3.439166069,51.524307251],[3.438611984,51.524307251],[3.438611984,51.525417328],[3.438055992,51.525417328],[3.438055992,51.525695801],[3.435833931,51.525695801],[3.435833931,51.525417328],[3.435277939,51.525417328],[3.435277939,51.525138855],[3.434969902,51.525165558],[3.434721947,51.525184631],[3.434721947,51.525417328],[3.4341681,51.525417328],[3.4341681,51.525970459],[3.433612108,51.525970459],[3.433612108,51.529026031],[3.4341681,51.529026031],[3.4341681,51.530139923],[3.434721947,51.530139923],[3.434721947,51.53125],[3.435277939,51.53125],[3.435277939,51.532917023],[3.435833931,51.532917023],[3.435833931,51.534862518],[3.436389923,51.534862518],[3.436389923,51.537082672],[3.436944008,51.537082672],[3.436944008,51.539028168],[3.4375,51.539028168],[3.4375,51.540973663],[3.438055992,51.540973663],[3.438055992,51.54208374],[3.438611984,51.54208374],[3.438611984,51.542362213],[3.439166069,51.542362213],[3.439166069,51.542640686],[3.440834045,51.542640686],[3.440834045,51.542915344],[3.441387892,51.542915344],[3.441387892,51.543193817],[3.441943884,51.543193817],[3.441943884,51.54347229],[3.443056107,51.54347229],[3.443056107,51.543750763],[3.443609953,51.543750763],[3.443609953,51.544029236],[3.444165945,51.544029236],[3.444165945,51.544303894],[3.444721937,51.544303894],[3.444721937,51.544582367],[3.445278883,51.544582367],[3.445278883,51.54486084],[3.446388006,51.54486084],[3.446388006,51.545139313],[3.446944952,51.545139313],[3.446944952,51.545417786],[3.447500944,51.545417786],[3.447500944,51.545696259],[3.448055029,51.545696259],[3.448055029,51.545970917],[3.449167013,51.545970917],[3.449167013,51.54624939],[3.449723005,51.54624939],[3.449723005,51.546527863],[3.450833082,51.546527863],[3.450833082,51.546806335],[3.451389074,51.546806335],[3.451389074,51.547084808],[3.451945066,51.547084808],[3.451945066,51.547359467],[3.452501059,51.547359467],[3.452501059,51.547637939],[3.453054905,51.547637939],[3.453054905,51.547916412],[3.454166889,51.547916412],[3.454166889,51.548194885],[3.454722881,51.548194885],[3.454722881,51.548473358],[3.455276966,51.548473358],[3.455276966,51.548751831],[3.456944942,51.548751831],[3.456944942,51.549026489],[3.458611965,51.549026489],[3.458611965,51.549583435],[3.459167957,51.549583435],[3.459167957,51.549861908],[3.459721088,51.549861908],[3.459721088,51.550693512],[3.460278034,51.550693512],[3.460278034,51.550971985],[3.460834026,51.550971985],[3.460834026,51.551250458],[3.462500095,51.551250458],[3.462500095,51.551528931],[3.46361208,51.551528931],[3.46361208,51.551807404],[3.464721918,51.551807404],[3.464721918,51.552082062],[3.465833902,51.552082062],[3.465833902,51.552360535],[3.466387987,51.552360535],[3.466387987,51.552639008],[3.466943979,51.552639008],[3.466943979,51.55291748],[3.467499971,51.55291748],[3.467499971,51.553470612],[3.468055964,51.553470612],[3.468055964,51.553749084],[3.468610048,51.553749084],[3.468611956,51.554027557],[3.46916604,51.554027557],[3.46916604,51.55430603],[3.469722033,51.55430603],[3.469722033,51.554584503],[3.470278025,51.554584503],[3.470278025,51.555137634],[3.470832109,51.555137634],[3.470832109,51.555706024],[3.470832109,51.555973053],[3.471388102,51.555973053],[3.471388102,51.556251526],[3.471995115,51.556251526],[3.47250104,51.556251526],[3.47250104,51.556526184],[3.473057032,51.556526184],[3.473057032,51.556804657],[3.473175049,51.556804657],[3.474167109,51.556804657],[3.474167109,51.55708313],[3.475276947,51.55708313],[3.475279093,51.557361603],[3.475832939,51.557361603],[3.475832939,51.557640076],[3.476388931,51.557640076],[3.476388931,51.557914734],[3.476944923,51.557918549],[3.476944923,51.558193207],[3.477500916,51.558193207],[3.477500916,51.55847168],[3.478610992,51.55847168],[3.478610992,51.557918549],[3.479166985,51.557918549],[3.479166985,51.559028625],[3.479722977,51.559028625],[3.479722977,51.559307098],[3.480277061,51.559307098],[3.480277061,51.559581757],[3.480833054,51.559581757],[3.480833054,51.559860229],[3.481389046,51.559860229],[3.481389046,51.560138702],[3.481945038,51.560138702],[3.481945038,51.560417175],[3.482498884,51.560417175],[3.482498884,51.560695648],[3.483611107,51.560695648],[3.483611107,51.560417175],[3.484167099,51.560417175],[3.484167099,51.561248779],[3.484720945,51.561248779],[3.484720945,51.561527252],[3.485276937,51.561527252],[3.485276937,51.561805725],[3.48583293,51.561805725],[3.48583293,51.562084198],[3.486390114,51.562084198],[3.486390114,51.562362671],[3.486943007,51.562362671],[3.486943007,51.562637329],[3.487499952,51.562637329],[3.487499952,51.562915802],[3.488055944,51.562915802],[3.488055944,51.563194275],[3.488611937,51.563194275],[3.488611937,51.563751221],[3.489167929,51.563751221],[3.489167929,51.564025879],[3.489722013,51.564025879],[3.489722013,51.564304352],[3.490833998,51.564304352],[3.490833998,51.564861298],[3.491944075,51.564861298],[3.491944075,51.565139771],[3.492500067,51.565139771],[3.492500067,51.565418243],[3.493056059,51.565418243],[3.493056059,51.565692902],[3.493612051,51.565692902],[3.493612051,51.565971375],[3.494165897,51.565971375],[3.494165897,51.566249847],[3.494721889,51.566249847],[3.494721889,51.56652832],[3.495834112,51.56652832],[3.495834112,51.566806793],[3.496387959,51.566806793],[3.496387959,51.567081451],[3.497499943,51.567081451],[3.497499943,51.567359924],[3.499722958,51.567359924],[3.499722958,51.567638397],[3.500832081,51.567638397],[3.500832081,51.56791687],[3.501389027,51.56791687],[3.501389027,51.568473816],[3.502501011,51.568473816],[3.502501011,51.568748474],[3.503611088,51.568748474],[3.503611088,51.569026947],[3.50416708,51.569026947],[3.50416708,51.56930542],[3.505276918,51.56930542],[3.505276918,51.569583893],[3.505832911,51.569583893],[3.505832911,51.569862366],[3.506944895,51.569862366],[3.506944895,51.570137024],[3.508054972,51.570137024],[3.508054972,51.570415497],[3.508610964,51.570415497],[3.508610964,51.57069397],[3.509166956,51.57069397],[3.509166956,51.570972443],[3.509721041,51.570972443],[3.509721041,51.571250916],[3.510833025,51.571250916],[3.510833025,51.571529388],[3.511945963,51.571529388],[3.511945963,51.571804047],[3.512499094,51.571804047],[3.512499094,51.57208252],[3.513055086,51.57208252],[3.513055086,51.572360992],[3.513612032,51.572360992],[3.513612032,51.572917938],[3.514168024,51.572917938],[3.514168024,51.573192596],[3.515834093,51.573192596],[3.515834093,51.573471069],[3.516943932,51.573471069],[3.516943932,51.573749542],[3.518611908,51.573749542],[3.518611908,51.574028015],[3.519165993,51.574028015],[3.519165993,51.574306488],[3.519721985,51.574306488],[3.519721985,51.574584961],[3.520833969,51.574584961],[3.520833969,51.574859619],[3.521388054,51.574859619],[3.521388054,51.575138092],[3.521944046,51.575138092],[3.521944046,51.575416565],[3.522500038,51.575416565],[3.522500038,51.575973511],[3.52305603,51.575973511],[3.52305603,51.576248169],[3.523610115,51.576248169],[3.523610115,51.576526642],[3.524166107,51.576526642],[3.524166107,51.576805115],[3.524722099,51.576805115],[3.524722099,51.577083588],[3.525278091,51.577083588],[3.525278091,51.576805115],[3.525831938,51.576805115],[3.525831938,51.577362061],[3.52638793,51.577362061],[3.52638793,51.577640533],[3.527501106,51.577640533],[3.527501106,51.577915192],[3.528610945,51.577915192],[3.528610945,51.578193665],[3.529166937,51.578193665],[3.529166937,51.578472137],[3.531388998,51.578472137],[3.531388998,51.57875061],[3.53194499,51.57875061],[3.53194499,51.579029083],[3.532500982,51.579029083],[3.532500982,51.579303741],[3.533611059,51.579303741],[3.533611059,51.579860687],[3.534167051,51.579860687],[3.534167051,51.58013916],[3.534723043,51.58013916],[3.534723043,51.580417633],[3.53527689,51.580417633],[3.53527689,51.580696106],[3.536389112,51.580696106],[3.536389112,51.580970764],[3.536945105,51.580970764],[3.536945105,51.581249237],[3.538054943,51.581249237],[3.538054943,51.58152771],[3.538610935,51.58152771],[3.538610935,51.581806183],[3.539167881,51.581806183],[3.539167881,51.582084656],[3.539721012,51.582084656],[3.539721012,51.582359314],[3.540277004,51.582359314],[3.540277004,51.58291626],[3.54083395,51.58291626],[3.54083395,51.583194733],[3.541389942,51.583194733],[3.541389942,51.583751678],[3.541944027,51.583751678],[3.541944027,51.584026337],[3.543056011,51.584026337],[3.543056011,51.58430481],[3.54472208,51.58430481],[3.54472208,51.584583282],[3.545278072,51.584583282],[3.545278072,51.584861755],[3.546387911,51.584861755],[3.546387911,51.585140228],[3.546943903,51.585140228],[3.546943903,51.585414886],[3.548055887,51.585414886],[3.548055887,51.585693359],[3.549165964,51.585693359],[3.549165964,51.585971832],[3.549721956,51.585971832],[3.549721956,51.586250305],[3.550277948,51.586250305],[3.550277948,51.586528778],[3.550832033,51.586528778],[3.550833941,51.586807251],[3.551944017,51.586807251],[3.551944017,51.587081909],[3.55250001,51.587081909],[3.55250001,51.587360382],[3.553056955,51.587360382],[3.553056955,51.587638855],[3.553610086,51.587638855],[3.553610086,51.587917328],[3.554167032,51.587917328],[3.554167032,51.588195801],[3.555279016,51.588195801],[3.555279016,51.588470459],[3.555833101,51.588470459],[3.555833101,51.588748932],[3.556389093,51.588748932],[3.556389093,51.589027405],[3.557501078,51.589027405],[3.557501078,51.589305878],[3.558054924,51.589305878],[3.558054924,51.589584351],[3.559166908,51.589584351],[3.559166908,51.589862823],[3.560276985,51.589862823],[3.560276985,51.590137482],[3.561388969,51.590137482],[3.561388969,51.590415955],[3.562499046,51.590415955],[3.562499046,51.590694427],[3.563611031,51.590694427],[3.563611031,51.5909729],[3.564721107,51.5909729],[3.564721107,51.591251373],[3.565833092,51.591251373],[3.565833092,51.591526031],[3.56694293,51.591526031],[3.56694603,51.591804504],[3.568056107,51.591804504],[3.568056107,51.592082977],[3.569165945,51.592082977],[3.569165945,51.59236145],[3.570277929,51.59236145],[3.570277929,51.592639923],[3.571389914,51.592639923],[3.571389914,51.592918396],[3.57249999,51.592918396],[3.57249999,51.593193054],[3.573611975,51.593193054],[3.573611975,51.593471527],[3.574722052,51.593471527],[3.574722052,51.59375],[3.576387882,51.59375],[3.576387882,51.594028473],[3.579721928,51.594028473],[3.579721928,51.594306946],[3.583611012,51.594306946],[3.583611012,51.594028473],[3.585833073,51.594028473],[3.585833073,51.59375],[3.590276957,51.59375],[3.590276957,51.593471527],[3.59861207,51.593471527],[3.59861207,51.593193054],[3.602128983,51.593193054],[3.604722023,51.593193054],[3.604722023,51.592918396],[3.606388092,51.592918396],[3.606388092,51.592639923],[3.608611107,51.592639923],[3.608611107,51.59236145],[3.610276937,51.59236145],[3.610279083,51.592140198],[3.610721111,51.59211731],[3.611388922,51.592082977],[3.611388922,51.591804504],[3.612873077,51.591804504],[3.613054991,51.591804504],[3.613054991,51.591526031],[3.614166975,51.591526031],[3.614166975,51.591251373],[3.614722967,51.591251373],[3.614722967,51.5909729],[3.615277052,51.5909729],[3.615277052,51.590694427],[3.615833044,51.590694427],[3.615833044,51.590137482],[3.616389036,51.590137482],[3.616389036,51.589862823],[3.616945028,51.589862823],[3.616945028,51.589584351],[3.617499113,51.589584351],[3.61750102,51.589305878],[3.618055105,51.589305878],[3.618055105,51.588748932],[3.618611097,51.588748932],[3.618611097,51.588470459],[3.619720936,51.588470459],[3.619720936,51.588195801],[3.620276928,51.588195801],[3.620276928,51.587917328],[3.621390104,51.587917328],[3.621390104,51.587638855],[3.621942997,51.587638855],[3.621942997,51.587360382],[3.622761965,51.587360382],[3.623611927,51.587360382],[3.623611927,51.586807251],[3.625277996,51.586807251],[3.625277996,51.586528778],[3.625833988,51.586528778],[3.625833988,51.586250305],[3.629165888,51.586250305],[3.629165888,51.586528778],[3.630278111,51.586528778],[3.630278111,51.587081909],[3.630834103,51.587081909],[3.630834103,51.587360382],[3.631387949,51.587360382],[3.631387949,51.587638855],[3.632499933,51.587638855],[3.632499933,51.587917328],[3.633054018,51.587917328],[3.633057117,51.588195801],[3.634166002,51.588195801],[3.634166002,51.588470459],[3.63527894,51.588470459],[3.63527894,51.588748932],[3.636389017,51.588748932],[3.636389017,51.589027405],[3.636945009,51.589027405],[3.636945009,51.589305878],[3.638055086,51.589305878],[3.638055086,51.589584351],[3.639723063,51.589584351],[3.639723063,51.589862823],[3.643610954,51.589862823],[3.643610954,51.590137482],[3.647499084,51.590137482],[3.647499084,51.590415955],[3.650278091,51.590415955],[3.650278091,51.590137482],[3.650834084,51.590137482],[3.650834084,51.589862823],[3.651390076,51.589862823],[3.651390076,51.589584351],[3.651943922,51.589584351],[3.651943922,51.589862823],[3.652499914,51.589862823],[3.652499914,51.590415955],[3.653611898,51.590415955],[3.653611898,51.590694427],[3.65583396,51.590694427],[3.65583396,51.590415955],[3.656944036,51.590415955],[3.656944036,51.590694427],[3.658610106,51.590694427],[3.658610106,51.5909729],[3.659166098,51.5909729],[3.659166098,51.591251373],[3.65972209,51.591251373],[3.65972209,51.592639923],[3.659166098,51.592639923],[3.659166098,51.593193054],[3.660279036,51.593193054],[3.660279036,51.593471527],[3.660831928,51.593471527],[3.660831928,51.59375],[3.661945105,51.59375],[3.661945105,51.594028473],[3.663054943,51.594028473],[3.663054943,51.594306946],[3.664166927,51.594306946],[3.664166927,51.594581604],[3.665832996,51.594581604],[3.665832996,51.594860077],[3.666944981,51.594860077],[3.666944981,51.59513855],[3.66861105,51.59513855],[3.66861105,51.595417023],[3.669723034,51.595417023],[3.669723034,51.595695496],[3.670277119,51.595695496],[3.670277119,51.595973969],[3.671389103,51.595973969],[3.671389103,51.596248627],[3.672498941,51.596248627],[3.672498941,51.5965271],[3.673054934,51.5965271],[3.673054934,51.596805573],[3.673610926,51.596805573],[3.673610926,51.597084045],[3.674721003,51.597084045],[3.674721003,51.597362518],[3.676389933,51.597362518],[3.676389933,51.597637177],[3.676944017,51.597637177],[3.676944017,51.597915649],[3.678611994,51.597915649],[3.678611994,51.598194122],[3.680278063,51.598194122],[3.680278063,51.598472595],[3.680834055,51.598472595],[3.680834055,51.598751068],[3.681387901,51.598751068],[3.681387901,51.599029541],[3.682842016,51.599029541],[3.682966948,51.598747253],[3.683248043,51.598117828],[3.690525055,51.597332001],[3.69918108,51.598358154],[3.708009958,51.594898224],[3.719598055,51.595069885],[3.720792055,51.592380524],[3.721184015,51.591503143],[3.722630978,51.591522217],[3.72446394,51.591930389],[3.726943016,51.592483521],[3.735531092,51.595302582],[3.736722946,51.595535278],[3.745603085,51.597248077],[3.753022909,51.597354889],[3.758639097,51.597434998],[3.761467934,51.599273682],[3.774573088,51.597663879],[3.780200005,51.602233887],[3.794519901,51.602436066],[3.794687986,51.60243988],[3.798933983,51.605194092],[3.810525894,51.605354309],[3.820764065,51.602806091],[3.835154057,51.605697632],[3.838084936,51.604839325],[3.841046095,51.603084564],[3.849706888,51.604103088],[3.851187944,51.603225708],[3.851219893,51.602325439],[3.851775885,51.602218628],[3.855662107,51.601478577],[3.861423969,51.600669861],[3.868613958,51.595554352],[3.868855953,51.59538269],[3.872673035,51.59236908],[3.873325109,51.591854095],[3.879431009,51.582958221],[3.888400078,51.574996948],[3.889848948,51.575016022],[3.892837048,51.572360992],[3.892960072,51.568771362],[3.897456884,51.564342499],[3.898904085,51.564361572],[3.898936033,51.563465118],[3.897579908,51.560752869],[3.893300056,51.558898926],[3.886125088,51.557010651],[3.874578953,51.555957794],[3.873162985,51.555038452],[3.871836901,51.553749084],[3.864763021,51.546844482],[3.864857912,51.544155121]]],[[[3.714200974,51.641559601],[3.710938931,51.631752014],[3.713871956,51.630897522],[3.724158049,51.62746048],[3.729748964,51.632926941],[3.722363949,51.63640976],[3.723814011,51.636432648],[3.731198072,51.632949829],[3.72560811,51.627479553],[3.721362114,51.624725342],[3.70955801,51.629936218],[3.70379591,51.628952026],[3.706868887,51.624511719],[3.704004049,51.623569489],[3.702519894,51.624446869],[3.702486038,51.625343323],[3.697145939,51.628494263],[3.696548939,51.628845215],[3.694787025,51.62682724],[3.690994024,51.622478485],[3.695414066,51.620746613],[3.69975996,51.620811462],[3.698380947,51.618995667],[3.695482016,51.618953705],[3.688165903,51.620639801],[3.68533802,51.618801117],[3.684432983,51.616298676],[3.684214115,51.615695953],[3.683609962,51.615695953],[3.683609962,51.615970612],[3.683056116,51.615970612],[3.683056116,51.616527557],[3.682527065,51.616527557],[3.681387901,51.616527557],[3.681387901,51.61680603],[3.680278063,51.61680603],[3.680278063,51.617084503],[3.679166079,51.617084503],[3.679166079,51.617362976],[3.678056002,51.617362976],[3.678056002,51.617637634],[3.676944017,51.617637634],[3.676944017,51.617916107],[3.676389933,51.617916107],[3.676389933,51.61819458],[3.675833941,51.61819458],[3.675833941,51.618751526],[3.675277948,51.618751526],[3.675277948,51.619026184],[3.674721003,51.619026184],[3.674721003,51.619304657],[3.67416811,51.619304657],[3.67416811,51.620140076],[3.674721003,51.620140076],[3.674721003,51.620418549],[3.675277948,51.620418549],[3.675277948,51.620140076],[3.675833941,51.620140076],[3.675833941,51.619304657],[3.676389933,51.619304657],[3.676389933,51.619026184],[3.676944017,51.619026184],[3.676944017,51.618751526],[3.67750001,51.618751526],[3.67750001,51.618473053],[3.678056002,51.618473053],[3.678056002,51.61819458],[3.679166079,51.61819458],[3.679166079,51.617916107],[3.680278063,51.617916107],[3.680278063,51.617637634],[3.681387901,51.617637634],[3.681387901,51.61819458],[3.680834055,51.61819458],[3.680834055,51.619861603],[3.678611994,51.619861603],[3.678611994,51.620140076],[3.678056002,51.620140076],[3.678056002,51.621650696],[3.678056002,51.621807098],[3.678611994,51.621807098],[3.678611994,51.622081757],[3.679166079,51.622081757],[3.679166079,51.622360229],[3.67416811,51.622360229],[3.67416811,51.6222229],[3.67416811,51.622081757],[3.671945095,51.622081757],[3.671945095,51.621807098],[3.670833111,51.621807098],[3.670833111,51.621528625],[3.670277119,51.621528625],[3.670277119,51.621250153],[3.669167042,51.621250153],[3.669167042,51.62097168],[3.668055058,51.62097168],[3.668055058,51.621250153],[3.667932034,51.621250153],[3.66780901,51.621250153],[3.667500973,51.621250153],[3.667500973,51.621528625],[3.668055058,51.621528625],[3.668055058,51.622081757],[3.66861105,51.622081757],[3.66861105,51.622360229],[3.669167042,51.622360229],[3.669167042,51.622638702],[3.669476986,51.622638702],[3.670277119,51.622638702],[3.670277119,51.622776031],[3.670277119,51.622917175],[3.671103954,51.622955322],[3.671389103,51.622966766],[3.671389103,51.623195648],[3.67750001,51.623195648],[3.67750001,51.623474121],[3.679665089,51.623474121],[3.680834055,51.623474121],[3.680834055,51.623195648],[3.681387901,51.623195648],[3.681387901,51.623474121],[3.681943893,51.623474121],[3.681943893,51.624027252],[3.682499886,51.624027252],[3.682499886,51.624305725],[3.683056116,51.624305725],[3.683056116,51.624584198],[3.683609962,51.624584198],[3.683609962,51.625137329],[3.684165955,51.625137329],[3.684165955,51.625415802],[3.685277939,51.625415802],[3.685277939,51.626251221],[3.686388016,51.626251221],[3.686388016,51.627361298],[3.685832024,51.627361298],[3.685832024,51.627639771],[3.686388016,51.627639771],[3.686388016,51.628192902],[3.686944008,51.628192902],[3.686944008,51.628749847],[3.687500954,51.628749847],[3.687500954,51.62902832],[3.688056946,51.62902832],[3.688056946,51.629306793],[3.688610077,51.629306793],[3.688610077,51.629859924],[3.689167023,51.629859924],[3.689167023,51.630138397],[3.689723015,51.630138397],[3.689723015,51.63041687],[3.690279007,51.63041687],[3.690279007,51.630973816],[3.690833092,51.630973816],[3.690833092,51.631248474],[3.691389084,51.631248474],[3.691389084,51.63180542],[3.691945076,51.63180542],[3.691945076,51.632083893],[3.692501068,51.632083893],[3.692501068,51.632637024],[3.693054914,51.632637024],[3.693054914,51.632915497],[3.693610907,51.632915497],[3.693610907,51.633472443],[3.694166899,51.633472443],[3.694166899,51.633750916],[3.694722891,51.633750916],[3.694722891,51.634304047],[3.695276976,51.634304047],[3.695276976,51.63458252],[3.695832968,51.63458252],[3.695832968,51.635139465],[3.69638896,51.635139465],[3.69638896,51.635417938],[3.696944952,51.635417938],[3.696944952,51.635692596],[3.697499037,51.635692596],[3.697499037,51.635971069],[3.698611021,51.635971069],[3.698611021,51.636249542],[3.699167013,51.636249542],[3.699167013,51.636528015],[3.699721098,51.636528015],[3.699721098,51.636806488],[3.699167013,51.636806488],[3.699167013,51.637359619],[3.698611021,51.637359619],[3.698611021,51.637916565],[3.698055029,51.637916565],[3.698055029,51.638473511],[3.697499037,51.638473511],[3.697499037,51.639026642],[3.696944952,51.63904953],[3.696944952,51.639305115],[3.697499037,51.639305115],[3.697499037,51.639583588],[3.698055029,51.639583588],[3.698055029,51.639862061],[3.698611021,51.639862061],[3.698611021,51.640140533],[3.699721098,51.640140533],[3.699721098,51.640415192],[3.70027709,51.640415192],[3.70027709,51.640140533],[3.700833082,51.640140533],[3.700833082,51.639862061],[3.701942921,51.639862061],[3.70194602,51.639026642],[3.702478886,51.639026642],[3.702500105,51.638195038],[3.703056097,51.638195038],[3.703056097,51.638473511],[3.704165936,51.638473511],[3.704165936,51.638748169],[3.704721928,51.638748169],[3.704721928,51.639026642],[3.705833912,51.639026642],[3.705833912,51.639305115],[3.706943989,51.639305115],[3.706943989,51.639862061],[3.707499981,51.639862061],[3.707499981,51.640415192],[3.708055973,51.640415192],[3.708055973,51.640693665],[3.708610058,51.640693665],[3.708610058,51.640972137],[3.70916605,51.640972137],[3.70916605,51.64125061],[3.710278034,51.64125061],[3.710278034,51.641529083],[3.711944103,51.641529083],[3.711944103,51.641803741],[3.714257956,51.641803741],[3.714200974,51.641559601]]],[[[3.723057032,51.656173706],[3.727477074,51.654441833],[3.726164103,51.65083313],[3.72209096,51.650772095],[3.721812963,51.65076828],[3.720912933,51.650138855],[3.719722986,51.650138855],[3.719722986,51.650417328],[3.718924999,51.650417328],[3.718611002,51.650417328],[3.718611002,51.650695801],[3.717500925,51.650695801],[3.717500925,51.650970459],[3.716944933,51.650970459],[3.716944933,51.651248932],[3.716388941,51.651248932],[3.716388941,51.651805878],[3.715831995,51.651805878],[3.715831995,51.652362823],[3.715279102,51.652362823],[3.715279102,51.652870178],[3.715279102,51.653194427],[3.71472311,51.653194427],[3.71472311,51.654445648],[3.71472311,51.654582977],[3.714936972,51.654582977],[3.715279102,51.654582977],[3.715279102,51.65486145],[3.717500925,51.65486145],[3.717500925,51.655139923],[3.718611002,51.655139923],[3.718611002,51.65486145],[3.719166994,51.65486145],[3.719166994,51.655139923],[3.719722986,51.655139923],[3.719722986,51.655418396],[3.721389055,51.655418396],[3.721389055,51.655693054],[3.721626043,51.655693054],[3.722313881,51.655693054],[3.722040892,51.658336639],[3.721791983,51.660739899],[3.723057032,51.656173706]]],[[[4.184372902,51.661167145],[4.184447765,51.658473969],[4.181520939,51.659339905],[4.180071831,51.659324646],[4.174266815,51.659263611],[4.169916153,51.65921402],[4.167091846,51.656490326],[4.170043945,51.654727936],[4.181698799,51.653057098],[4.183224201,51.650382996],[4.192078114,51.64509201],[4.195077896,51.641532898],[4.196652889,51.637058258],[4.1952281,51.636146545],[4.198176861,51.634384155],[4.201127052,51.63261795],[4.198378086,51.62720108],[4.20257616,51.632633209],[4.203978062,51.63444519],[4.196628094,51.637958527],[4.200928211,51.639797211],[4.206728935,51.639862061],[4.215477943,51.638156891],[4.21845293,51.635494232],[4.23155117,51.633838654],[4.23440218,51.635662079],[4.238801003,51.633911133],[4.215748787,51.628284454],[4.205726147,51.623691559],[4.198626041,51.618228912],[4.193054199,51.610088348],[4.192892075,51.609657288],[4.191707134,51.606399536],[4.19195509,51.597507477],[4.195027828,51.591255188],[4.199522018,51.585918427],[4.230567932,51.562904358],[4.236553192,51.555786133],[4.238143921,51.550415039],[4.236865997,51.544116974],[4.234139919,51.53780365],[4.234021187,51.537567139],[4.22727108,51.524265289],[4.224378109,51.524234772],[4.224352837,51.525131226],[4.227125168,51.529651642],[4.227052212,51.532344818],[4.221363068,51.528694153],[4.218849182,51.526264191],[4.218544006,51.525970459],[4.217146873,51.524158478],[4.221559048,51.521511078],[4.221632004,51.518821716],[4.215944767,51.515167236],[4.211779118,51.508838654],[4.208937168,51.507015228],[4.179791927,51.514781952],[4.175632,51.508449554],[4.174234867,51.506641388],[4.175706863,51.505760193],[4.178675175,51.503097534],[4.183012009,51.503143311],[4.204894066,51.496196747],[4.219422817,51.493659973],[4.220965862,51.490085602],[4.219569206,51.488273621],[4.218076229,51.490055084],[4.215110779,51.492717743],[4.17869997,51.50220108],[4.175783157,51.503067017],[4.172764778,51.507522583],[4.174135208,51.510231018],[4.178321838,51.515663147],[4.169541836,51.51915741],[4.165604115,51.523075104],[4.165077209,51.523597717],[4.152033806,51.524353027],[4.14774704,51.522506714],[4.143433094,51.521560669],[4.137517929,51.525985718],[4.137142181,51.525913239],[4.12744379,51.524074554],[4.118768215,51.523975372],[4.094126225,51.525489807],[4.091178894,51.527252197],[4.083947182,51.527164459],[4.08107996,51.526233673],[4.078187943,51.526199341],[4.075241089,51.527961731],[4.069568157,51.531833649],[4.064896107,51.535022736],[4.060362816,51.541252136],[4.06169796,51.54486084],[4.057303905,51.546604156],[4.052933216,51.547447205],[4.049873829,51.552799225],[4.035345078,51.554420471],[4.028024197,51.557025909],[4.030776978,51.561546326],[4.029245853,51.564220428],[4.027839184,51.565338135],[4.02478981,51.567756653],[4.013121128,51.570308685],[4.007185936,51.574726105],[4.002813816,51.575569153],[3.991202116,51.576320648],[3.989725113,51.577201843],[3.983815908,51.580718994],[3.985059977,51.587020874],[3.990679979,51.592475891],[3.994966984,51.594326019],[4.007946968,51.596282959],[4.012320995,51.595436096],[4.017879009,51.597244263],[4.02092886,51.598236084],[4.023852825,51.597373962],[4.038170815,51.602935791],[4.041041851,51.603866577],[4.045368195,51.60459137],[4.046809196,51.60483551],[4.053915024,51.609409332],[4.063974857,51.612220764],[4.075541973,51.613254547],[4.094436169,51.611679077],[4.104632854,51.61000061],[4.106162071,51.607326508],[4.116516113,51.600261688],[4.120916843,51.598518372],[4.116490841,51.601161957],[4.117886066,51.602970123],[4.134744167,51.603160858],[4.138169765,51.603199005],[4.139050007,51.603290558],[4.148286819,51.6042099],[4.155531883,51.604293823],[4.162749767,51.605270386],[4.174316883,51.606292725],[4.175581932,51.607933044],[4.175714016,51.608104706],[4.175589085,51.61259079],[4.178384781,51.616214752],[4.17543602,51.617977142],[4.171113014,51.617031097],[4.169715881,51.615222931],[4.1690588,51.615077972],[4.165391922,51.614276886],[4.161798,51.613677979],[4.159620762,51.613315582],[4.155274868,51.613265991],[4.14365387,51.61403656],[4.127737999,51.612960815],[4.118727207,51.623630524],[4.109842777,51.629814148],[4.105492115,51.629764557],[4.101090908,51.631507874],[4.099424839,51.638671875],[4.100739956,51.643177032],[4.104309082,51.645236969],[4.115003109,51.651416779],[4.120725155,51.654178619],[4.138184071,51.652580261],[4.149864197,51.650016785],[4.158646107,51.647418976],[4.168813229,51.644412994],[4.170349121,51.643955231],[4.182103157,51.638698578],[4.190876961,51.636100769],[4.193803787,51.635234833],[4.193778992,51.636131287],[4.193627834,51.641517639],[4.189151764,51.645957947],[4.178873062,51.650333405],[4.176049232,51.647609711],[4.173148155,51.647579193],[4.157013893,51.653686523],[4.156963825,51.655479431],[4.159788132,51.65820694],[4.159759998,51.659103394],[4.15831089,51.659088135],[4.153932095,51.659934998],[4.158257961,51.660881042],[4.174217224,51.661056519],[4.184372902,51.661167145]]],[[[3.839982033,51.754802704],[3.84149909,51.75302887],[3.84010911,51.751213074],[3.837266922,51.749378204],[3.835813046,51.749359131],[3.83432889,51.750236511],[3.838591099,51.752986908],[3.837107897,51.753864288],[3.831325054,51.752887726],[3.827092886,51.749237061],[3.826029062,51.738449097],[3.82982111,51.73928833],[3.830357075,51.739406586],[3.842011929,51.738670349],[3.844854116,51.740505219],[3.854295015,51.738975525],[3.855089903,51.738845825],[3.872433901,51.741775513],[3.872884989,51.741836548],[3.886904001,51.74376297],[3.891263962,51.743824005],[3.894200087,51.742965698],[3.903104067,51.737693787],[3.906164885,51.73324585],[3.913492918,51.731548309],[3.92197299,51.731658936],[3.926568031,51.731716156],[3.943912029,51.734634399],[3.946847916,51.733776093],[3.963419914,51.733985901],[3.970097065,51.734069824],[3.973062992,51.732311249],[3.970331907,51.726890564],[3.971786022,51.726909637],[3.974574089,51.7305336],[3.983437061,51.726158142],[3.985066891,51.720790863],[3.98509407,51.719894409],[3.982247114,51.718063354],[3.982628107,51.717876434],[3.991108894,51.713684082],[4.007430077,51.703113556],[4.011958122,51.697780609],[4.01520586,51.687046051],[4.021068096,51.685321808],[4.032555103,51.684577942],[4.032708168,51.684566498],[4.045772076,51.6847229],[4.054592133,51.681240082],[4.055297852,51.680999756],[4.064861774,51.677768707],[4.076663017,51.67162323],[4.083917141,51.671707153],[4.08534193,51.672622681],[4.089749813,51.670879364],[4.094184875,51.668235779],[4.10842514,51.677379608],[4.115629196,51.679256439],[4.122886181,51.679340363],[4.12293911,51.67754364],[4.125842094,51.677577972],[4.13161993,51.678539276],[4.150461197,51.679649353],[4.156164169,51.683303833],[4.157640934,51.682422638],[4.157666206,51.681522369],[4.157847881,51.675239563],[4.162353992,51.669902802],[4.166759014,51.66815567],[4.172562122,51.66822052],[4.175490856,51.667354584],[4.166834831,51.665466309],[4.1610322,51.665401459],[4.159580231,51.6653862],[4.159478188,51.66897583],[4.157950878,51.671649933],[4.154969215,51.674312592],[4.150485992,51.678749084],[4.147637844,51.676925659],[4.143334866,51.675079346],[4.140380859,51.676841736],[4.117212772,51.674785614],[4.107110023,51.672874451],[4.101356983,51.671012878],[4.094210148,51.667339325],[4.094335079,51.667194366],[4.095716953,51.665561676],[4.102846146,51.661312103],[4.103105068,51.661159515],[4.104661942,51.657585144],[4.103264809,51.655773163],[4.101788044,51.656654358],[4.100390911,51.654842377],[4.09757185,51.652114868],[4.099049091,51.651237488],[4.101894855,51.653064728],[4.099101067,51.649440765],[4.097893238,51.64786911],[4.097705841,51.647628784],[4.091986179,51.644870758],[4.083365917,51.642074585],[4.072039127,51.632965088],[4.067745209,51.631118774],[4.05768013,51.628307343],[4.050631046,51.631660461],[4.050321102,51.631809235],[4.038863182,51.627182007],[4.027379036,51.623455048],[4.017319202,51.620635986],[4.015981197,51.620117188],[4.010158062,51.617855072],[4.000024796,51.618251801],[3.992736101,51.618537903],[3.985606909,51.61485672],[3.968216896,51.614639282],[3.965259075,51.616397858],[3.962330103,51.617256165],[3.95282793,51.622905731],[3.949019909,51.625167847],[3.948734999,51.625164032],[3.947570086,51.625148773],[3.946120977,51.6251297],[3.940021992,51.634029388],[3.935611963,51.63576889],[3.93482995,51.635063171],[3.928574085,51.629394531],[3.925707102,51.62845993],[3.927094936,51.630271912],[3.919816971,51.631076813],[3.916977882,51.629241943],[3.898040056,51.631687164],[3.89508009,51.633441925],[3.907850027,51.639865875],[3.90973711,51.641670227],[3.910718918,51.642627716],[3.906734943,51.640907288],[3.906431913,51.640773773],[3.893630028,51.633422852],[3.889311075,51.632469177],[3.890388966,51.643257141],[3.887270927,51.649497986],[3.885602951,51.655761719],[3.881187916,51.657497406],[3.87519908,51.66280365],[3.876349926,51.666816711],[3.876492977,51.667312622],[3.867566109,51.673477173],[3.857250929,51.677825928],[3.850028038,51.676830292],[3.844191074,51.677646637],[3.824141979,51.683506012],[3.82364893,51.68365097],[3.822165966,51.684528351],[3.823582888,51.685443878],[3.824970961,51.687259674],[3.824841022,51.690849304],[3.820355892,51.694377899],[3.814419031,51.697887421],[3.798482895,51.6967659],[3.792813063,51.695804596],[3.788453102,51.693031311],[3.785715103,51.688503265],[3.788619041,51.688545227],[3.792983055,51.689422607],[3.784332037,51.686687469],[3.768600941,51.680179596],[3.765638113,51.679210663],[3.754259109,51.675483704],[3.742717028,51.673522949],[3.735531092,51.671619415],[3.734078884,51.671600342],[3.725477934,51.668781281],[3.721577883,51.662818909],[3.721223116,51.666248322],[3.720833063,51.666248322],[3.720833063,51.666526794],[3.71805501,51.666526794],[3.71805501,51.666248322],[3.717500925,51.666248322],[3.717500925,51.666526794],[3.716388941,51.666526794],[3.716388941,51.666805267],[3.715831995,51.666805267],[3.715831995,51.666526794],[3.715279102,51.666526794],[3.715279102,51.666248322],[3.716944933,51.666248322],[3.716944933,51.665973663],[3.716042042,51.665973663],[3.714165926,51.665973663],[3.714165926,51.666248322],[3.713609934,51.666248322],[3.713609934,51.666526794],[3.712500095,51.666526794],[3.712434053,51.666805267],[3.711944103,51.666805267],[3.711944103,51.666919708],[3.711944103,51.66708374],[3.711225986,51.66708374],[3.70916605,51.66708374],[3.70916605,51.667362213],[3.708611965,51.667362213],[3.708610058,51.667640686],[3.708055973,51.667640686],[3.708055973,51.667812347],[3.708055973,51.667915344],[3.707616091,51.667915344],[3.706943989,51.667915344],[3.706943989,51.668071747],[3.706943989,51.668193817],[3.706408024,51.668193817],[3.705833912,51.668193817],[3.705833912,51.668327332],[3.705833912,51.66847229],[3.70527792,51.66847229],[3.70527792,51.668750763],[3.704721928,51.668750763],[3.704721928,51.669029236],[3.704165936,51.669029236],[3.704165936,51.669303894],[3.703612089,51.669303894],[3.703612089,51.670139313],[3.703056097,51.670139313],[3.703056097,51.670417786],[3.702500105,51.670417786],[3.702500105,51.670696259],[3.700833082,51.670696259],[3.700833082,51.670970917],[3.70027709,51.670970917],[3.70027709,51.671527863],[3.699167013,51.671527863],[3.699167013,51.671806335],[3.698611021,51.671806335],[3.698611021,51.672359467],[3.698055029,51.672359467],[3.698055029,51.672916412],[3.697499037,51.672916412],[3.697499037,51.673194885],[3.696944952,51.673194885],[3.696944952,51.673751831],[3.69638896,51.673751831],[3.69638896,51.674026489],[3.695832968,51.674026489],[3.695832968,51.674304962],[3.695276976,51.674304962],[3.695276976,51.674583435],[3.694722891,51.674583435],[3.694722891,51.674861908],[3.694166899,51.674861908],[3.694166899,51.675140381],[3.693305016,51.675140381],[3.693054914,51.675140381],[3.693054914,51.675308228],[3.693054914,51.675415039],[3.692893028,51.675415039],[3.692501068,51.675415039],[3.692501068,51.675674438],[3.692501068,51.676250458],[3.691945076,51.676250458],[3.691945076,51.677082062],[3.691389084,51.677082062],[3.691389084,51.677360535],[3.690833092,51.677360535],[3.690833092,51.677639008],[3.690279007,51.677639008],[3.690279007,51.67791748],[3.689723015,51.67791748],[3.689723015,51.678195953],[3.689167023,51.678195953],[3.689167023,51.678749084],[3.688610077,51.678749084],[3.688610077,51.679584503],[3.688056946,51.679584503],[3.688056946,51.679862976],[3.687500954,51.679862976],[3.687500954,51.680137634],[3.687236071,51.680137634],[3.686944008,51.680137634],[3.686944008,51.680511475],[3.686944008,51.680973053],[3.686582088,51.680973053],[3.686388016,51.680973053],[3.686388016,51.681221008],[3.686388016,51.681804657],[3.685833931,51.681804657],[3.685833931,51.681930542],[3.685832024,51.682640076],[3.685277939,51.682640076],[3.685277939,51.683193207],[3.684844971,51.683193207],[3.684721947,51.683193207],[3.684721947,51.683349609],[3.684721947,51.683750153],[3.684407949,51.683750153],[3.683609962,51.683750153],[3.683609962,51.684028625],[3.683056116,51.684028625],[3.683056116,51.684581757],[3.683609962,51.684581757],[3.683609962,51.684768677],[3.683609962,51.685695648],[3.683056116,51.685695648],[3.683056116,51.686805725],[3.682499886,51.686805725],[3.682499886,51.687084198],[3.681943893,51.687084198],[3.681943893,51.687637329],[3.681387901,51.687637329],[3.681387901,51.689304352],[3.680834055,51.689304352],[3.680834055,51.689861298],[3.681387901,51.689861298],[3.681387901,51.690139771],[3.680834055,51.690139771],[3.680834055,51.690692902],[3.680496931,51.690692902],[3.680278063,51.690692902],[3.680278063,51.690971375],[3.679722071,51.690971375],[3.679722071,51.692081451],[3.680161953,51.692081451],[3.680278063,51.692081451],[3.680278063,51.692638397],[3.680027008,51.692638397],[3.679722071,51.692638397],[3.679722071,51.693893433],[3.679722071,51.69430542],[3.679166079,51.69430542],[3.679166079,51.694583893],[3.678611994,51.694583893],[3.678611994,51.69569397],[3.679166079,51.69569397],[3.679166079,51.695972443],[3.678611994,51.695972443],[3.678611994,51.704582214],[3.679071903,51.704582214],[3.679166079,51.704582214],[3.679166079,51.705696106],[3.679722071,51.705696106],[3.679722071,51.70652771],[3.680278063,51.70652771],[3.680278063,51.707637787],[3.680834055,51.707637787],[3.680834055,51.70930481],[3.681387901,51.70930481],[3.681387901,51.709583282],[3.681943893,51.709583282],[3.681943893,51.710414886],[3.682499886,51.710414886],[3.682499886,51.711250305],[3.683056116,51.711250305],[3.683056116,51.711807251],[3.683609962,51.711807251],[3.683609962,51.712638855],[3.684165955,51.712638855],[3.684165955,51.713195801],[3.684721947,51.713195801],[3.684721947,51.713748932],[3.685277939,51.713748932],[3.685277939,51.714584351],[3.685832024,51.714584351],[3.685833931,51.715137482],[3.686388016,51.715137482],[3.686388016,51.715415955],[3.686944008,51.715415955],[3.686944008,51.7159729],[3.687500954,51.7159729],[3.687500954,51.716251373],[3.688056946,51.716251373],[3.688056946,51.716804504],[3.688610077,51.716804504],[3.688610077,51.718193054],[3.689167023,51.718193054],[3.689167023,51.718471527],[3.689723015,51.718471527],[3.689723015,51.719306946],[3.690279007,51.719306946],[3.690279007,51.720458984],[3.690279007,51.720973969],[3.689723015,51.720973969],[3.689723015,51.721248627],[3.690833092,51.721248627],[3.690833092,51.7215271],[3.691945076,51.721538544],[3.691945076,51.721805573],[3.692354918,51.721805573],[3.692501068,51.721805573],[3.692501068,51.722637177],[3.693054914,51.722637177],[3.693054914,51.722915649],[3.694063902,51.72297287],[3.694166899,51.722980499],[3.694166899,51.723194122],[3.694497108,51.723194122],[3.694722891,51.723194122],[3.694722891,51.723339081],[3.694722891,51.723472595],[3.694927931,51.723472595],[3.695276976,51.723472595],[3.695276976,51.723751068],[3.695832968,51.723751068],[3.695832968,51.724029541],[3.69638896,51.724029541],[3.69638896,51.724304199],[3.696944952,51.724304199],[3.696944952,51.724861145],[3.697067976,51.724861145],[3.697499037,51.724861145],[3.697499037,51.725139618],[3.698055029,51.725139618],[3.698055029,51.725502014],[3.698055029,51.725692749],[3.698352098,51.725692749],[3.698611021,51.725692749],[3.698611021,51.725860596],[3.698611021,51.725971222],[3.698781967,51.725971222],[3.699167013,51.725971222],[3.699167013,51.726249695],[3.699721098,51.726249695],[3.699721098,51.726528168],[3.700833082,51.726528168],[3.700833082,51.726806641],[3.701390028,51.726806641],[3.701390028,51.727085114],[3.701942921,51.727085114],[3.70194602,51.727359772],[3.702500105,51.727359772],[3.702500105,51.727638245],[3.703056097,51.727638245],[3.703056097,51.727916718],[3.703612089,51.727916718],[3.703612089,51.72819519],[3.704165936,51.72819519],[3.704165936,51.728473663],[3.704721928,51.728473663],[3.704721928,51.728748322],[3.705833912,51.728748322],[3.705833912,51.729026794],[3.707499981,51.729026794],[3.707499981,51.729305267],[3.710834026,51.729305267],[3.710834026,51.72958374],[3.714165926,51.72958374],[3.714165926,51.729862213],[3.715279102,51.729862213],[3.715279102,51.730140686],[3.716944933,51.730140686],[3.716944933,51.729862213],[3.717500925,51.729862213],[3.717500925,51.730140686],[3.718611002,51.730140686],[3.718611002,51.730415344],[3.719722986,51.730415344],[3.719722986,51.730693817],[3.720833063,51.730693817],[3.720833063,51.73097229],[3.721389055,51.73097229],[3.721389055,51.731250763],[3.72250104,51.731250763],[3.72250104,51.731529236],[3.723611116,51.731529236],[3.723611116,51.731803894],[3.724167109,51.731803894],[3.724167109,51.732082367],[3.724720955,51.732082367],[3.724723101,51.73236084],[3.725276947,51.73236084],[3.725276947,51.732639313],[3.729167938,51.732639313],[3.729167938,51.732917786],[3.730834007,51.732917786],[3.730834007,51.733196259],[3.731389999,51.733196259],[3.731389999,51.733470917],[3.731944084,51.733470917],[3.731944084,51.73374939],[3.733056068,51.73374939],[3.733056068,51.734027863],[3.734165907,51.734027863],[3.734165907,51.734306335],[3.735277891,51.734306335],[3.735277891,51.734584808],[3.736387968,51.734584808],[3.736387968,51.734859467],[3.73694396,51.734859467],[3.73694396,51.735137939],[3.738055944,51.735137939],[3.738055944,51.735416412],[3.739166021,51.735416412],[3.739166021,51.735694885],[3.740278006,51.735694885],[3.740278006,51.735973358],[3.741388083,51.735973358],[3.741388083,51.736251831],[3.741945028,51.736251831],[3.741945028,51.736526489],[3.743053913,51.736526489],[3.743053913,51.736804962],[3.744167089,51.736804962],[3.744167089,51.737083435],[3.745279074,51.737083435],[3.745279074,51.737361908],[3.74583292,51.737361908],[3.74583292,51.737640381],[3.746944904,51.737640381],[3.746944904,51.737915039],[3.748054981,51.737915039],[3.748054981,51.738193512],[3.749166965,51.738193512],[3.749166965,51.738471985],[3.750277042,51.738471985],[3.750277042,51.738750458],[3.750833035,51.738750458],[3.750833035,51.739028931],[3.751945019,51.739028931],[3.751945019,51.739307404],[3.753055096,51.739307404],[3.753055096,51.739582062],[3.753611088,51.739582062],[3.753611088,51.739860535],[3.753976107,51.739860535],[3.754720926,51.739860535],[3.754720926,51.740005493],[3.754720926,51.740139008],[3.75542593,51.740139008],[3.755834103,51.740139008],[3.755834103,51.74041748],[3.756872892,51.74041748],[3.757499933,51.74041748],[3.757499933,51.740539551],[3.757499933,51.740695953],[3.758320093,51.740737915],[3.758611917,51.740753174],[3.758611917,51.740970612],[3.759721994,51.740970612],[3.759721994,51.741249084],[3.761105061,51.741298676],[3.761388063,51.74131012],[3.761389971,51.741527557],[3.76236105,51.74155426],[3.762500048,51.741558075],[3.762500048,51.74180603],[3.763609886,51.74180603],[3.763609886,51.742084503],[3.764873028,51.742084503],[3.766387939,51.742084503],[3.766387939,51.742362976],[3.768054008,51.742362976],[3.768057108,51.742637634],[3.770278931,51.742637634],[3.770278931,51.742916107],[3.780277014,51.742916107],[3.780277014,51.74319458],[3.78954196,51.74319458],[3.791388035,51.74319458],[3.791388035,51.743057251],[3.791388035,51.742916107],[3.793312073,51.742916107],[3.795831919,51.742916107],[3.795831919,51.742729187],[3.795831919,51.742637634],[3.797084093,51.742637634],[3.798054934,51.742637634],[3.798054934,51.742362976],[3.799850941,51.742362976],[3.800276995,51.742362976],[3.800276995,51.742084503],[3.802216053,51.742084503],[3.803055048,51.742084503],[3.803055048,51.74180603],[3.804579973,51.74180603],[3.805277109,51.74180603],[3.805277109,51.741527557],[3.806945086,51.741527557],[3.807498932,51.741527557],[3.807498932,51.741249084],[3.809309006,51.741249084],[3.809720993,51.741249084],[3.809720993,51.740970612],[3.810833931,51.740970612],[3.810833931,51.740695953],[3.811944008,51.740695953],[3.811944008,51.74041748],[3.813611984,51.74041748],[3.813611984,51.740139008],[3.814722061,51.740139008],[3.814722061,51.739860535],[3.815834045,51.739860535],[3.815834045,51.739582062],[3.816943884,51.739582062],[3.816943884,51.739860535],[3.819165945,51.739860535],[3.819165945,51.740139008],[3.819721937,51.740139008],[3.819721937,51.74041748],[3.820835114,51.74041748],[3.820835114,51.740695953],[3.821388006,51.740695953],[3.821388006,51.740970612],[3.821943998,51.740970612],[3.821943998,51.741527557],[3.822500944,51.741527557],[3.822500944,51.74180603],[3.823054075,51.74180603],[3.823054075,51.742084503],[3.823611021,51.742084503],[3.823611021,51.742362976],[3.824167013,51.742362976],[3.824167013,51.742637634],[3.824723005,51.742637634],[3.824723005,51.745414734],[3.825278997,51.745418549],[3.825278997,51.747081757],[3.824723005,51.747081757],[3.824723005,51.748470306],[3.825278997,51.748474121],[3.825278997,51.749584198],[3.825833082,51.749584198],[3.825833082,51.750694275],[3.826389074,51.750694275],[3.826389074,51.751525879],[3.826945066,51.751525879],[3.826945066,51.752361298],[3.828054905,51.752361298],[3.828054905,51.752639771],[3.828610897,51.752639771],[3.828610897,51.753471375],[3.829166889,51.753471375],[3.829166889,51.753749847],[3.829722881,51.753749847],[3.829722881,51.75402832],[3.830832958,51.75402832],[3.830832958,51.754306793],[3.83138895,51.754306793],[3.83138895,51.755138397],[3.831944942,51.755138397],[3.831944942,51.75541687],[3.833055019,51.75541687],[3.833055019,51.755695343],[3.833611012,51.755695343],[3.833611012,51.755973816],[3.834721088,51.755973816],[3.834721088,51.756248474],[3.835277081,51.756248474],[3.835277081,51.756526947],[3.835834026,51.756526947],[3.835834026,51.75680542],[3.836942911,51.75680542],[3.836942911,51.757083893],[3.837500095,51.757083893],[3.837500095,51.757362366],[3.83861208,51.757362366],[3.83861208,51.757637024],[3.839721918,51.757637024],[3.839721918,51.757915497],[3.842823982,51.756637573],[3.839982033,51.754802704]]]]},"properties":{"name":"Zeeland","mapcolor":12,"cartodb_id":12}},{"type":"Feature","geometry":{"type":"MultiPolygon","coordinates":[[[[4.338037014,51.726467133],[4.330770969,51.726398468],[4.319127083,51.727184296],[4.31183815,51.728012085],[4.303074837,51.729721069],[4.292788982,51.734107971],[4.291316986,51.73481369],[4.285429001,51.737628937],[4.285407066,51.738525391],[4.269254208,51.74464798],[4.260438919,51.748149872],[4.258936882,51.749927521],[4.260343075,51.751739502],[4.26318121,51.754459381],[4.264635086,51.75447464],[4.280673027,51.752841949],[4.305500031,51.748596191],[4.315721035,51.746902466],[4.33622694,51.740814209],[4.355209827,51.73740387],[4.358159065,51.73563385],[4.359655857,51.733852386],[4.35824585,51.73204422],[4.352457047,51.73109436],[4.338037014,51.726467133]]],[[[4.00138998,51.846805573],[4.00138998,51.8465271],[4.002500057,51.8465271],[4.002500057,51.846248627],[4.003056049,51.846248627],[4.003056049,51.845973969],[4.003612041,51.845973969],[4.003612041,51.845417023],[4.003056049,51.845417023],[4.003056049,51.84513855],[4.002500057,51.84513855],[4.002500057,51.844860077],[4.00138998,51.844860077],[4.00138998,51.844371796],[4.00075388,51.844348907],[3.999722004,51.844306946],[3.999167919,51.844306946],[3.999167919,51.844146729],[3.999167919,51.844028473],[3.999167919,51.843193054],[3.999722004,51.843193054],[4.000833988,51.843193054],[4.000833988,51.842918396],[4.002167225,51.842918396],[4.004722118,51.842918396],[4.004722118,51.842639923],[4.005834103,51.842639923],[4.005834103,51.84236145],[4.008381844,51.84236145],[4.009165764,51.84236145],[4.009165764,51.842212677],[4.009165764,51.842082977],[4.009833813,51.842082977],[4.010279179,51.842082977],[4.010279179,51.841804504],[4.011285782,51.841804504],[4.011388779,51.841804504],[4.011388779,51.841526031],[4.011944771,51.841526031],[4.011944771,51.841251373],[4.012500763,51.841251373],[4.012500763,51.8409729],[4.013054848,51.8409729],[4.013054848,51.840694427],[4.01361084,51.840694427],[4.01361084,51.839027405],[4.013054848,51.839027405],[4.013054848,51.838745117],[4.013054848,51.838470459],[4.012500763,51.838470459],[4.012500763,51.837921143],[4.012500763,51.837638855],[4.012740135,51.837638855],[4.013054848,51.837638855],[4.013054848,51.837268829],[4.013054848,51.836807251],[4.013449192,51.836807251],[4.01361084,51.836807251],[4.01361084,51.836528778],[4.014722824,51.836528778],[4.014722824,51.835693359],[4.015278816,51.835693359],[4.015278816,51.835414886],[4.015832901,51.835414886],[4.015832901,51.834861755],[4.016388893,51.834861755],[4.016388893,51.834465027],[4.016388893,51.83430481],[4.01673317,51.83430481],[4.016944885,51.83430481],[4.016944885,51.834026337],[4.01733923,51.834026337],[4.01749897,51.834026337],[4.01749897,51.833751678],[4.01793623,51.833751678],[4.018054962,51.833751678],[4.018054962,51.833473206],[4.018539906,51.833473206],[4.018610954,51.833194733],[4.019146919,51.833194733],[4.019166946,51.83291626],[4.019751072,51.83291626],[4.020277023,51.83291626],[4.020277023,51.832675934],[4.020277023,51.832084656],[4.020833015,51.832084656],[4.020833015,51.83152771],[4.021389008,51.83152771],[4.021389008,51.831249237],[4.021945,51.831249237],[4.021945,51.830970764],[4.022499084,51.830970764],[4.022499084,51.830696106],[4.023055077,51.830696106],[4.023055077,51.830417633],[4.023612022,51.830417633],[4.023612022,51.83013916],[4.025278091,51.83013916],[4.025278091,51.829860687],[4.025834084,51.829860687],[4.025834084,51.829303741],[4.026390076,51.829303741],[4.026390076,51.829029083],[4.02694416,51.829029083],[4.02694416,51.82875061],[4.028056145,51.82875061],[4.028056145,51.828472137],[4.028612137,51.828472137],[4.028612137,51.827915192],[4.029166222,51.827915192],[4.029166222,51.827640533],[4.029646873,51.827640533],[4.029722214,51.827640533],[4.029722214,51.827362061],[4.030278206,51.827362061],[4.030278206,51.827083588],[4.030834198,51.827083588],[4.030834198,51.826805115],[4.031943798,51.826805115],[4.031943798,51.826526642],[4.03249979,51.826526642],[4.03249979,51.825973511],[4.033055782,51.825973511],[4.033055782,51.825695038],[4.033609867,51.825695038],[4.033611774,51.825416565],[4.035277843,51.825416565],[4.035277843,51.825695038],[4.035831928,51.825695038],[4.035831928,51.826526642],[4.035277843,51.826526642],[4.035277843,51.827468872],[4.035277843,51.828472137],[4.035831928,51.828472137],[4.035831928,51.827915192],[4.037500858,51.827915192],[4.037500858,51.827640533],[4.038053989,51.827640533],[4.038053989,51.827362061],[4.041388988,51.827362061],[4.041388988,51.827915192],[4.041944981,51.827915192],[4.041944981,51.828193665],[4.042500973,51.828193665],[4.042500973,51.828472137],[4.043055058,51.828472137],[4.043055058,51.82875061],[4.04361105,51.82875061],[4.04361105,51.829303741],[4.04400301,51.829303741],[4.044167042,51.829303741],[4.045617104,51.829265594],[4.045646191,51.828365326],[4.044331074,51.823863983],[4.041446209,51.822929382],[4.038591862,51.821102142],[4.043043137,51.818462372],[4.044499874,51.818477631],[4.047382832,51.819408417],[4.050239086,51.821239471],[4.054605007,51.821292877],[4.057600021,51.818634033],[4.056173801,51.817718506],[4.06359005,51.81332016],[4.084160805,51.807273865],[4.094430923,51.804702759],[4.120520115,51.793525696],[4.120972157,51.793334961],[4.122401237,51.794246674],[4.125363827,51.792484283],[4.143989086,51.788303375],[4.144408226,51.788211823],[4.165033817,51.779460907],[4.172357082,51.777744293],[4.189888,51.775241852],[4.194274902,51.774391174],[4.195829868,51.770816803],[4.218015194,51.757587433],[4.236082077,51.749080658],[4.245997906,51.744411469],[4.246225834,51.744274139],[4.248953819,51.742645264],[4.247525215,51.741733551],[4.253119946,51.737556458],[4.253458023,51.737304688],[4.262366772,51.730213165],[4.263892174,51.727535248],[4.27420187,51.722251892],[4.282583237,51.720619202],[4.291183949,51.71894455],[4.291728973,51.718837738],[4.300489902,51.717128754],[4.320614815,51.705940247],[4.321121216,51.705657959],[4.331352234,51.703063965],[4.344422817,51.703186035],[4.35315609,51.702373505],[4.367656231,51.703403473],[4.388009071,51.702693939],[4.392323017,51.704528809],[4.395185947,51.706348419],[4.399499893,51.708183289],[4.401080132,51.702812195],[4.404067993,51.699249268],[4.405517101,51.699260712],[4.405580997,51.696567535],[4.405622005,51.694774628],[4.404192924,51.693862915],[4.404212952,51.692966461],[4.396995068,51.691104889],[4.399857998,51.6929245],[4.399837971,51.693824768],[4.396956921,51.693790436],[4.396891117,51.695590973],[4.393943787,51.697360992],[4.392491817,51.697349548],[4.385273933,51.695487976],[4.379509926,51.693637848],[4.375154972,51.693599701],[4.370756149,51.695354462],[4.367852211,51.695327759],[4.36349678,51.695285797],[4.359138966,51.69524765],[4.360461235,51.700645447],[4.357534885,51.701515198],[4.347370148,51.70141983],[4.357580185,51.69972229],[4.357601166,51.698822021],[4.356192112,51.697013855],[4.357686996,51.695232391],[4.360657215,51.692565918],[4.366487026,51.69172287],[4.369474888,51.688159943],[4.369541168,51.685466766],[4.366810799,51.678260803],[4.365595818,51.67722702],[4.358274937,51.67099762],[4.339544773,51.665435791],[4.320795059,51.660766602],[4.317893982,51.660739899],[4.312110901,51.659786224],[4.300506115,51.659671783],[4.281762123,51.654998779],[4.273057938,51.654911041],[4.269085884,51.655685425],[4.268682003,51.655765533],[4.24307394,51.659011841],[4.24247694,51.659088135],[4.238123894,51.659042358],[4.235175133,51.660808563],[4.234158039,51.661502838],[4.224822998,51.667881012],[4.221848011,51.670543671],[4.221749783,51.674133301],[4.211516857,51.676719666],[4.204212189,51.678436279],[4.195478916,51.67924118],[4.19102478,51.682785034],[4.185217857,51.682723999],[4.169228077,51.683444977],[4.164794922,51.686092377],[4.166222095,51.687004089],[4.157640934,51.682422638],[4.156164169,51.683303833],[4.163292885,51.687870026],[4.161738873,51.691444397],[4.155776024,51.6967659],[4.15282011,51.69852829],[4.1352911,51.70192337],[4.129404068,51.704551697],[4.12354517,51.706279755],[4.116256237,51.7070961],[4.11187315,51.707942963],[4.094333172,51.706905365],[4.093019962,51.706829071],[4.087213039,51.706760406],[4.081470013,51.708450317],[4.076992989,51.708435059],[4.069732189,51.708351135],[4.06093502,51.710941315],[4.06016016,51.711170197],[4.058001041,51.711803436],[4.050739765,51.711715698],[4.050546169,51.717998505],[4.041521072,51.727767944],[4.041463852,51.729560852],[4.039955139,51.731338501],[4.038389206,51.734912872],[4.032435894,51.739330292],[4.033775806,51.742935181],[4.032238007,51.745609283],[4.030814171,51.744697571],[4.030870914,51.742900848],[4.026537895,51.741950989],[4.025085926,51.741931915],[4.023602009,51.74281311],[4.018928051,51.752632141],[4.020298004,51.755340576],[4.021636009,51.75894928],[4.018672943,51.760707855],[4.020040035,51.763420105],[4.021408081,51.76612854],[4.02271986,51.770633698],[4.021036148,51.777793884],[4.019497871,51.780467987],[4.011104107,51.786437988],[4.00460577,51.791061401],[4.003063202,51.793735504],[4.001522064,51.796409607],[3.998552084,51.798168182],[3.988636017,51.802352905],[3.98822093,51.802528381],[3.983916044,51.800678253],[3.970818043,51.800514221],[3.968338013,51.802711487],[3.967818022,51.80316925],[3.957602978,51.803939819],[3.948900938,51.802928925],[3.946049929,51.80109787],[3.938134909,51.798530579],[3.934530973,51.797359467],[3.931591034,51.798217773],[3.927819014,51.797389984],[3.927256107,51.797264099],[3.915676117,51.795318604],[3.912797928,51.794384003],[3.907041073,51.792510986],[3.902705908,51.791557312],[3.896825075,51.793273926],[3.891036034,51.792301178],[3.889676094,51.789588928],[3.891222954,51.786914825],[3.895648956,51.785179138],[3.894224882,51.784263611],[3.892832041,51.782447815],[3.882745028,51.779621124],[3.876929045,51.77954483],[3.872503042,51.781280518],[3.869591951,51.781242371],[3.868201971,51.779426575],[3.868233919,51.778530121],[3.858529091,51.764930725],[3.863080978,51.759605408],[3.874900103,51.754379272],[3.870666027,51.750728607],[3.867757082,51.75069046],[3.864850998,51.750652313],[3.853159904,51.752288818],[3.851609945,51.754959106],[3.847186089,51.756694794],[3.842823982,51.756637573],[3.839721918,51.757915497],[3.840833902,51.757915497],[3.840833902,51.75819397],[3.841389894,51.75819397],[3.841389894,51.758472443],[3.842499971,51.758472443],[3.842499971,51.758750916],[3.843610048,51.758750916],[3.843611956,51.759029388],[3.844722033,51.759029388],[3.844722033,51.759304047],[3.845834017,51.759304047],[3.845834017,51.75958252],[3.846944094,51.75958252],[3.846944094,51.759860992],[3.848057032,51.759860992],[3.848057032,51.760139465],[3.848609924,51.760139465],[3.848609924,51.760417938],[3.849723101,51.760417938],[3.849723101,51.760692596],[3.850279093,51.760692596],[3.850279093,51.760971069],[3.850832939,51.760971069],[3.850832939,51.761249542],[3.851944923,51.761249542],[3.851944923,51.761528015],[3.852500916,51.761528015],[3.852500916,51.761806488],[3.853055,51.761806488],[3.853055,51.762359619],[3.853610992,51.762359619],[3.853610992,51.762638092],[3.854166985,51.762638092],[3.854166985,51.763195038],[3.854722977,51.763195038],[3.854722977,51.764583588],[3.855277061,51.764583588],[3.855277061,51.765415192],[3.855833054,51.765415192],[3.855833054,51.765972137],[3.856389046,51.765972137],[3.856389046,51.76656723],[3.856389046,51.766803741],[3.856635094,51.766803741],[3.858055115,51.766803741],[3.858055115,51.767082214],[3.858611107,51.767082214],[3.858611107,51.76763916],[3.859167099,51.76763916],[3.859167099,51.768470764],[3.859720945,51.768470764],[3.859723091,51.769584656],[3.860276937,51.769584656],[3.860276937,51.77041626],[3.86083293,51.77041626],[3.86083293,51.771251678],[3.861388922,51.771251678],[3.861388922,51.772083282],[3.861943007,51.772083282],[3.861943007,51.772914886],[3.862498999,51.772914886],[3.862498999,51.773471832],[3.863055944,51.773471832],[3.863055944,51.774307251],[3.863611937,51.774307251],[3.863611937,51.775138855],[3.864167929,51.775138855],[3.864167929,51.775970459],[3.864722013,51.775970459],[3.864722013,51.777084351],[3.865278006,51.777084351],[3.865278006,51.778194427],[3.865833998,51.778194427],[3.865833998,51.779304504],[3.865278006,51.779304504],[3.865278006,51.779582977],[3.864428043,51.779582977],[3.864167929,51.779582977],[3.864167929,51.780693054],[3.864722013,51.780693054],[3.864722013,51.782081604],[3.865197897,51.782081604],[3.865278006,51.782081604],[3.865278006,51.784584045],[3.865833998,51.784584045],[3.865833998,51.785137177],[3.865278006,51.785137177],[3.865278006,51.787639618],[3.864722013,51.787639618],[3.864722013,51.788749695],[3.864167929,51.788749695],[3.864167929,51.789859772],[3.863611937,51.789859772],[3.863611937,51.790973663],[3.863055944,51.790973663],[3.863055944,51.79208374],[3.862498999,51.79208374],[3.862498999,51.792915344],[3.861943007,51.792915344],[3.861943007,51.793750763],[3.861388922,51.793750763],[3.861388922,51.794303894],[3.86083293,51.794303894],[3.86083293,51.795139313],[3.860276937,51.795139313],[3.860276937,51.795970917],[3.859723091,51.795970917],[3.859720945,51.796527863],[3.859167099,51.796527863],[3.859167099,51.797359467],[3.858611107,51.797359467],[3.858611107,51.798194885],[3.858055115,51.798194885],[3.858055115,51.798751831],[3.857498884,51.798751831],[3.857498884,51.799583435],[3.856945038,51.799583435],[3.856945038,51.800415039],[3.856389046,51.800415039],[3.856389046,51.801807404],[3.855833054,51.801807404],[3.855833054,51.803470612],[3.855277061,51.803470612],[3.855277061,51.804584503],[3.854722977,51.804584503],[3.854722977,51.804862976],[3.855277061,51.804862976],[3.855277061,51.80569458],[3.855833054,51.80569458],[3.855833054,51.805973053],[3.856389046,51.805973053],[3.856389046,51.80847168],[3.855833054,51.80847168],[3.855833054,51.809028625],[3.856389046,51.809028625],[3.856389046,51.809581757],[3.856945038,51.809581757],[3.856945038,51.810138702],[3.857498884,51.810138702],[3.857498884,51.810970306],[3.858055115,51.810974121],[3.858055115,51.811527252],[3.859167099,51.811527252],[3.859167099,51.811805725],[3.859720945,51.811805725],[3.859723091,51.812084198],[3.860276937,51.812084198],[3.860276937,51.812362671],[3.86083293,51.812362671],[3.86083293,51.813194275],[3.861388922,51.813194275],[3.861388922,51.813472748],[3.861943007,51.813472748],[3.861943007,51.813751221],[3.862498999,51.813751221],[3.862498999,51.814025879],[3.863611937,51.814025879],[3.863611937,51.814582825],[3.864167929,51.814582825],[3.864167929,51.815971375],[3.864722013,51.815971375],[3.864722013,51.816249847],[3.865278006,51.816249847],[3.865278006,51.816806793],[3.865833998,51.816806793],[3.865833998,51.817359924],[3.86638999,51.817359924],[3.86638999,51.81791687],[3.866944075,51.81791687],[3.866944075,51.818195343],[3.867500067,51.818195343],[3.867500067,51.818473816],[3.868612051,51.818473816],[3.868612051,51.818748474],[3.870277882,51.818748474],[3.870277882,51.819026947],[3.871387959,51.819026947],[3.871387959,51.81930542],[3.872499943,51.81930542],[3.872499943,51.819583893],[3.874722004,51.819583893],[3.874722004,51.819862366],[3.876388073,51.819862366],[3.876388073,51.820137024],[3.877501011,51.820137024],[3.877501011,51.820415497],[3.878611088,51.820415497],[3.878611088,51.82069397],[3.879723072,51.82069397],[3.879723072,51.820972443],[3.880832911,51.820972443],[3.880832911,51.821250916],[3.881944895,51.821250916],[3.881944895,51.821529388],[3.883054972,51.821529388],[3.883054972,51.821804047],[3.883610964,51.821804047],[3.883610964,51.82208252],[3.884166956,51.82208252],[3.884166956,51.822227478],[3.884166956,51.822360992],[3.884804964,51.822360992],[3.885277033,51.822360992],[3.885277033,51.822639465],[3.886147976,51.822677612],[3.886389017,51.822689056],[3.886389017,51.822917938],[3.887491941,51.822917938],[3.888055086,51.822917938],[3.888055086,51.823036194],[3.888055086,51.823192596],[3.888817072,51.823192596],[3.890278101,51.823192596],[3.890278101,51.823471069],[3.892499924,51.823471069],[3.892499924,51.823749542],[3.894721985,51.823749542],[3.894721985,51.824028015],[3.895277977,51.824028015],[3.895277977,51.824306488],[3.89805603,51.824306488],[3.89805603,51.824584961],[3.899722099,51.824584961],[3.899722099,51.824859619],[3.900278091,51.824859619],[3.900278091,51.825138092],[3.90138793,51.825138092],[3.90138793,51.824859619],[3.903609991,51.824859619],[3.903609991,51.824584961],[3.905278921,51.824584961],[3.905278921,51.824859619],[3.906388998,51.824859619],[3.906388998,51.825138092],[3.907500982,51.825138092],[3.907500982,51.825416565],[3.908611059,51.825416565],[3.908611059,51.825695038],[3.909723043,51.825695038],[3.909723043,51.825973511],[3.911389112,51.825973511],[3.911389112,51.826248169],[3.912498951,51.826248169],[3.912498951,51.826526642],[3.913054943,51.826526642],[3.913054943,51.826805115],[3.914721012,51.826805115],[3.914721012,51.827083588],[3.915832996,51.827083588],[3.915832996,51.827362061],[3.916389942,51.827362061],[3.916389942,51.827640533],[3.916943073,51.827640533],[3.916943073,51.827915192],[3.918056011,51.827915192],[3.918056011,51.828193665],[3.91972208,51.828193665],[3.91972208,51.828472137],[3.920278072,51.828472137],[3.920278072,51.82875061],[3.921390057,51.82875061],[3.921390057,51.829029083],[3.922499895,51.829029083],[3.922499895,51.829303741],[3.923612118,51.829303741],[3.923612118,51.829582214],[3.924165964,51.829582214],[3.924165964,51.829860687],[3.925277948,51.829860687],[3.925277948,51.83013916],[3.925833941,51.83013916],[3.925833941,51.830417633],[3.926944017,51.830417633],[3.926944017,51.830696106],[3.928056002,51.830696106],[3.928056002,51.830970764],[3.928610086,51.830970764],[3.928610086,51.831249237],[3.929723024,51.831249237],[3.929723024,51.83152771],[3.930831909,51.83152771],[3.930831909,51.831806183],[3.931945086,51.831806183],[3.931945086,51.832084656],[3.933054924,51.832084656],[3.933054924,51.832359314],[3.9347229,51.832359314],[3.9347229,51.832637787],[3.935832977,51.832637787],[3.935832977,51.83291626],[3.936944962,51.83291626],[3.936944962,51.833194733],[3.938055038,51.833194733],[3.938055038,51.833473206],[3.939167023,51.833473206],[3.939167023,51.833751678],[3.9402771,51.833751678],[3.9402771,51.834026337],[3.941389084,51.834026337],[3.941389084,51.83430481],[3.942498922,51.83430481],[3.942498922,51.834583282],[3.943612099,51.834583282],[3.943612099,51.834861755],[3.944721937,51.834861755],[3.944721937,51.835140228],[3.945833921,51.835140228],[3.945833921,51.835414886],[3.946389914,51.835414886],[3.946389914,51.835693359],[3.946943998,51.835693359],[3.946943998,51.835971832],[3.948055983,51.835971832],[3.948055983,51.836250305],[3.950278044,51.836250305],[3.950278044,51.836528778],[3.951944113,51.836528778],[3.951944113,51.836807251],[3.953056097,51.836807251],[3.953056097,51.837081909],[3.954165936,51.837081909],[3.954165936,51.837360382],[3.954721928,51.837360382],[3.954721928,51.837638855],[3.955835104,51.837638855],[3.955835104,51.837917328],[3.956944942,51.837917328],[3.956944942,51.838195801],[3.958054066,51.838195801],[3.958054066,51.838470459],[3.959167004,51.838470459],[3.959167004,51.838748932],[3.961389065,51.838748932],[3.961389065,51.839027405],[3.963054895,51.839027405],[3.963054895,51.839305878],[3.964167118,51.839305878],[3.964167118,51.839584351],[3.965276957,51.839584351],[3.965276957,51.839862823],[3.965832949,51.839862823],[3.965832949,51.840137482],[3.966388941,51.840137482],[3.966388941,51.840415955],[3.968611002,51.840415955],[3.968611002,51.840694427],[3.970277071,51.840694427],[3.970277071,51.8409729],[3.970834017,51.8409729],[3.970834017,51.841251373],[3.971944094,51.841251373],[3.971944094,51.841804504],[3.972500086,51.841804504],[3.972500086,51.842082977],[3.973056078,51.842082977],[3.973056078,51.84236145],[3.97361207,51.84236145],[3.97361207,51.842639923],[3.977499962,51.842639923],[3.977499962,51.842918396],[3.978610039,51.842918396],[3.978611946,51.843193054],[3.979722023,51.843193054],[3.979722023,51.843471527],[3.982064962,51.843471527],[3.98583293,51.843471527],[3.98583293,51.84375],[3.986388922,51.84375],[3.986388922,51.844028473],[3.986944914,51.844028473],[3.986944914,51.844306946],[3.987500906,51.844306946],[3.987500906,51.844860077],[3.988610983,51.844860077],[3.988610983,51.84513855],[3.989166975,51.84513855],[3.989166975,51.845417023],[3.989484072,51.845417023],[3.990277052,51.845417023],[3.990277052,51.845695496],[3.990653038,51.845695496],[3.991389036,51.845695496],[3.991389036,51.845870972],[3.991389036,51.845973969],[3.991822004,51.845977783],[3.994000912,51.846008301],[3.994167089,51.846012115],[3.994167089,51.846248627],[3.995254993,51.846248627],[3.996390104,51.846248627],[3.996390104,51.8465271],[3.996524096,51.8465271],[3.998055935,51.8465271],[3.998055935,51.846805573],[3.999960899,51.846805573],[4.00138998,51.846805573]]],[[[4.548583031,52.313564301],[4.56486702,52.309200287],[4.570611,52.316425323],[4.570957184,52.316287994],[4.575064182,52.314662933],[4.585299969,52.318328857],[4.587996006,52.317531586],[4.588263035,52.317451477],[4.59233284,52.317207336],[4.601188183,52.316673279],[4.601530075,52.316650391],[4.613377094,52.313144684],[4.61341095,52.311351776],[4.604732037,52.303211212],[4.604625225,52.303073883],[4.600419998,52.297794342],[4.600292206,52.29750824],[4.597598076,52.291488647],[4.595652103,52.288288116],[4.593924046,52.285453796],[4.590466976,52.279769897],[4.586089134,52.277942657],[4.585655212,52.277667999],[4.574462891,52.270675659],[4.570105076,52.267948151],[4.570161819,52.266067505],[4.571734905,52.259880066],[4.570459843,52.25],[4.57042408,52.249889374],[4.567681789,52.241897583],[4.567554951,52.241523743],[4.564904213,52.233798981],[4.563460827,52.232898712],[4.557497025,52.231887817],[4.5561409,52.231040955],[4.551824093,52.226520538],[4.556321144,52.222064972],[4.558435917,52.21868515],[4.573919773,52.216827393],[4.575527191,52.216823578],[4.576352119,52.216972351],[4.585773945,52.21869278],[4.600184917,52.215293884],[4.600533962,52.215209961],[4.604957104,52.214344025],[4.620615005,52.214458466],[4.621117115,52.21446228],[4.624645233,52.214916229],[4.628444195,52.215408325],[4.629021168,52.215503693],[4.634304047,52.216346741],[4.641429901,52.218147278],[4.641614914,52.218193054],[4.645990849,52.220020294],[4.648912907,52.220935822],[4.649347782,52.221107483],[4.660586834,52.225505829],[4.667900085,52.227348328],[4.668126106,52.227535248],[4.670477867,52.229496002],[4.672246933,52.230968475],[4.679687977,52.225631714],[4.685564041,52.225669861],[4.68588686,52.225772858],[4.688488007,52.226585388],[4.698681831,52.232036591],[4.705997944,52.233879089],[4.726602077,52.232212067],[4.725398064,52.216049194],[4.727492809,52.212936401],[4.728408813,52.211578369],[4.737308979,52.206249237],[4.745993137,52.214378357],[4.756233215,52.217132568],[4.765032768,52.218082428],[4.773779869,52.222621918],[4.774232864,52.222808838],[4.778160095,52.224441528],[4.779586792,52.227142334],[4.783984184,52.228065491],[4.788391113,52.228088379],[4.797234058,52.226345062],[4.797273159,52.223651886],[4.797611237,52.223251343],[4.800265789,52.220077515],[4.804711819,52.217411041],[4.804870129,52.206638336],[4.804943085,52.201519012],[4.804946899,52.201255798],[4.806415081,52.201263428],[4.816696167,52.201316833],[4.816720963,52.199523926],[4.825582027,52.195980072],[4.825621128,52.193286896],[4.831555843,52.188831329],[4.840249062,52.183605194],[4.840439796,52.183490753],[4.846042156,52.180797577],[4.846467972,52.180595398],[4.847828865,52.17993927],[4.858115196,52.179096222],[4.869927883,52.17376709],[4.895024776,52.162220001],[4.877499104,52.155853271],[4.877717972,52.13879776],[4.875998974,52.138614655],[4.86893177,52.137859344],[4.858677864,52.136909485],[4.858457088,52.136951447],[4.845442772,52.139533997],[4.841032982,52.140407562],[4.836722851,52.143863678],[4.83658123,52.143974304],[4.835033894,52.143955231],[4.824873924,52.142120361],[4.816101074,52.140277863],[4.813192844,52.138465881],[4.810311794,52.134857178],[4.811816216,52.132175446],[4.81040287,52.128574371],[4.804588795,52.124954224],[4.801658154,52.124938965],[4.795807838,52.124008179],[4.794366837,52.122203827],[4.795835018,52.122211456],[4.796216011,52.122039795],[4.825343132,52.108909607],[4.825528145,52.108795166],[4.828299046,52.107128143],[4.827058792,52.105579376],[4.826858997,52.105327606],[4.8253932,52.105319977],[4.825410843,52.105167389],[4.827047825,52.091861725],[4.828674793,52.08020401],[4.828680038,52.079868317],[4.828750134,52.074817657],[4.836072922,52.074855804],[4.837562084,52.073066711],[4.833255768,52.066761017],[4.846395016,52.069522858],[4.848483086,52.069473267],[4.877157211,52.068782806],[4.871369839,52.063365936],[4.869813919,52.062423706],[4.859716892,52.058818817],[4.850946903,52.057876587],[4.832706928,52.049995422],[4.832029819,52.049701691],[4.82049799,52.037071228],[4.814683914,52.034347534],[4.814559937,52.03414917],[4.811822891,52.029842377],[4.811828136,52.029525757],[4.811869144,52.026699066],[4.811872959,52.026252747],[4.801688194,52.022605896],[4.806190968,52.01455307],[4.807124138,52.014492035],[4.818918228,52.013755798],[4.819366932,52.013725281],[4.824588776,52.016174316],[4.8251791,52.016448975],[4.828092098,52.017364502],[4.836877823,52.016513824],[4.844192028,52.016551971],[4.850017071,52.018375397],[4.850162983,52.018199921],[4.851776123,52.016262054],[4.860214233,52.006111145],[4.860421181,52.00586319],[4.856044769,52.004943848],[4.821020126,52.000270844],[4.829889774,51.99313736],[4.830486774,51.992656708],[4.838759899,51.986003876],[4.83729887,51.985996246],[4.847692013,51.976593018],[4.848966122,51.975437164],[4.849134922,51.975284576],[4.8536129,51.97436142],[4.863741875,51.968238831],[4.86977911,51.961025238],[4.872470856,51.956985474],[4.872757912,51.956554413],[4.875435829,51.954124451],[4.875713825,51.953876495],[4.875780106,51.951107025],[4.878760815,51.944015503],[4.878857136,51.943813324],[4.881762981,51.937747955],[4.886129856,51.938667297],[4.886567116,51.938728333],[4.899249077,51.940525055],[4.899779797,51.940525055],[4.905087948,51.940551758],[4.90525198,51.940582275],[4.915287018,51.942394257],[4.921105862,51.944217682],[4.92545414,51.946929932],[4.929781914,51.951438904],[4.9384408,51.960453033],[4.944242954,51.964069366],[4.947154045,51.964977264],[4.953009129,51.964107513],[4.957400799,51.963226318],[4.960803032,51.961853027],[4.961802006,51.961448669],[4.967663765,51.95967865],[4.97441721,51.960536957],[4.974958897,51.960605621],[4.979311943,51.963317871],[4.979877949,51.963668823],[4.98351717,51.965938568],[4.983664989,51.966030121],[4.987648964,51.971004486],[4.987990856,51.971431732],[4.996704102,51.976852417],[5.005461216,51.977783203],[5.014256001,51.975124359],[5.024535179,51.969776154],[5.033436775,51.96893692],[5.037685871,51.969825745],[5.040588856,51.971630096],[5.042025089,51.974327087],[5.04345417,51.977924347],[5.052230835,51.977058411],[5.058074951,51.977077484],[5.068225861,51.964771271],[5.068410873,51.964546204],[5.062599182,51.960933685],[5.058263779,51.955535889],[5.058910847,51.955432892],[5.091898918,51.950256348],[5.106294155,51.946769714],[5.106531143,51.946712494],[5.134359837,51.935123444],[5.137260914,51.937824249],[5.147295952,51.936168671],[5.153337955,51.935173035],[5.153345108,51.934276581],[5.151895046,51.932476044],[5.153374195,51.929786682],[5.147564888,51.925285339],[5.140313148,51.918979645],[5.137417793,51.915382385],[5.136329174,51.914707184],[5.135965824,51.914482117],[5.122945786,51.899185181],[5.121534824,51.89289856],[5.120065212,51.891067505],[5.118916035,51.889636993],[5.118642807,51.889297485],[5.117190838,51.888397217],[5.109892845,51.889274597],[5.098349094,51.88923645],[5.095308781,51.889228821],[5.094893932,51.888969421],[5.09240818,51.887424469],[5.090999126,51.881137848],[5.090572834,51.880737305],[5.088253021,51.878570557],[5.088105202,51.878433228],[5.085367203,51.876731873],[5.085203171,51.876628876],[5.077930927,51.874809265],[5.077139854,51.874809265],[5.076416969,51.87480545],[5.06626606,51.874771118],[5.060442924,51.873855591],[5.057550907,51.87115097],[5.056117058,51.868453979],[5.056132793,51.866661072],[5.066374779,51.862205505],[5.067841053,51.861312866],[5.067555904,51.86113739],[5.064939022,51.859508514],[5.05766201,51.858585358],[5.048910141,51.859455109],[5.031420231,51.859390259],[5.019760132,51.859348297],[5.009568214,51.858413696],[4.999638081,51.861858368],[4.999330044,51.861961365],[4.997882843,51.861061096],[5.002317905,51.854793549],[5.002345085,51.852100372],[5.003838062,51.848514557],[5.003864765,51.845821381],[5.003874779,51.844924927],[5.004061222,51.844867706],[5.005578995,51.844409943],[5.011212826,51.843227386],[5.011719227,51.843120575],[5.035960197,51.841453552],[5.031747818,51.824382782],[5.031661987,51.824047089],[5.030344009,51.818992615],[5.015750885,51.820735931],[5.005562782,51.821594238],[4.992457867,51.821540833],[4.977876186,51.82327652],[4.97734499,51.823383331],[4.973497868,51.824157715],[4.963949203,51.825798035],[4.963284969,51.825912476],[4.945907116,51.827617645],[4.939953804,51.828502655],[4.931215763,51.828464508],[4.917020798,51.826648712],[4.916673183,51.826602936],[4.907957077,51.824768066],[4.891040802,51.818576813],[4.890561104,51.818401337],[4.889126778,51.816596985],[4.871770859,51.807537079],[4.871170044,51.807220459],[4.863097191,51.803005219],[4.850043774,51.799346924],[4.839869976,51.798397064],[4.825302124,51.799217224],[4.810721874,51.800933838],[4.800548077,51.799980164],[4.784592152,51.796298981],[4.777356148,51.793563843],[4.77013588,51.789932251],[4.769920826,51.789794922],[4.766338825,51.78754425],[4.765810013,51.787212372],[4.758605003,51.782680511],[4.75279808,51.781749725],[4.749958038,51.777244568],[4.745737076,51.768241882],[4.745765209,51.76644516],[4.741473198,51.761932373],[4.731408119,51.754688263],[4.718453884,51.746528625],[4.714137077,51.743808746],[4.691030979,51.73468399],[4.678015232,51.731006622],[4.671839237,51.730064392],[4.653375149,51.727249146],[4.644721985,51.72359848],[4.628787994,51.720794678],[4.628737926,51.723487854],[4.631546021,51.72889328],[4.630094051,51.728881836],[4.627170086,51.729759216],[4.6257658,51.727058411],[4.621473789,51.723434448],[4.608514786,51.717060089],[4.596943855,51.71428299],[4.596648216,51.714141846],[4.591185093,51.711547852],[4.590757847,51.711585999],[4.582452774,51.712379456],[4.57522583,51.710529327],[4.569468975,51.707794189],[4.560808182,51.705036163],[4.553544998,51.704978943],[4.543289185,51.703166962],[4.537624836,51.702163696],[4.531834126,51.701221466],[4.526008129,51.702072144],[4.518708229,51.703807831],[4.506813049,51.706638336],[4.504109859,51.70728302],[4.490943909,51.711662292],[4.469078064,51.715072632],[4.454532146,51.715847015],[4.453080177,51.715835571],[4.441459179,51.715736389],[4.437059879,51.71749115],[4.431547165,51.718292236],[4.425397873,51.71918869],[4.415187836,51.72089386],[4.409335136,51.722637177],[4.406407833,51.723506927],[4.385898113,51.730503082],[4.385878086,51.731403351],[4.37121582,51.736652374],[4.365382195,51.737499237],[4.350695133,51.743644714],[4.319970131,51.751430511],[4.318492889,51.752315521],[4.317862034,51.752456665],[4.299479961,51.7566185],[4.299104214,51.75668335],[4.284871101,51.759166718],[4.28489399,51.758270264],[4.268830776,51.760803223],[4.261511803,51.762523651],[4.257404804,51.76374054],[4.249783993,51.765995026],[4.243846893,51.770423889],[4.231967926,51.779277802],[4.231919765,51.781070709],[4.233351231,51.781986237],[4.240672112,51.780265808],[4.242125988,51.780281067],[4.250733852,51.784858704],[4.256363869,51.792095184],[4.26347208,51.798454285],[4.266263962,51.802970886],[4.270606041,51.803913116],[4.27933979,51.804000854],[4.280770779,51.804912567],[4.273470879,51.805736542],[4.270559788,51.805706024],[4.266215801,51.804763794],[4.253405094,51.793861389],[4.246322155,51.786605835],[4.244891167,51.785694122],[4.241981983,51.785663605],[4.23172617,51.788253784],[4.227263927,51.791797638],[4.218383789,51.797088623],[4.213943958,51.799736023],[4.205164909,51.801441193],[4.202179909,51.804100037],[4.194989204,51.804023743],[4.186169147,51.803928375],[4.183232784,51.804794312],[4.166863918,51.817184448],[4.161073208,51.820632935],[4.160939217,51.820713043],[4.159482002,51.820697784],[4.159457207,51.821594238],[4.156518936,51.822460175],[4.147808075,51.821464539],[4.14372015,51.82308197],[4.143389225,51.82321167],[4.140503883,51.822280884],[4.140426159,51.822128296],[4.139126778,51.819572449],[4.137670994,51.81955719],[4.132886887,51.819503784],[4.12893486,51.819458008],[4.127974987,51.820030212],[4.124487877,51.822101593],[4.124382973,51.825691223],[4.122900009,51.826572418],[4.120093822,51.822948456],[4.11858511,51.824729919],[4.118391991,51.82484436],[4.115620136,51.826488495],[4.112679958,51.827354431],[4.102515221,51.826339722],[4.098093987,51.828083038],[4.089221001,51.83246994],[4.086763859,51.834075928],[4.074354172,51.84217453],[4.072897911,51.842155457],[4.059899807,51.838413239],[4.059673786,51.83826828],[4.055614948,51.835666656],[4.054131031,51.836547852],[4.055531025,51.838359833],[4.055727005,51.838516235],[4.055833817,51.838527679],[4.055833817,51.838748932],[4.056240082,51.838748932],[4.056387901,51.838748932],[4.056387901,51.839584351],[4.056943893,51.839584351],[4.056943893,51.839862823],[4.057499886,51.839862823],[4.057499886,51.840137482],[4.058055878,51.840137482],[4.058055878,51.840415955],[4.058609962,51.840415955],[4.05861187,51.840694427],[4.059721947,51.840694427],[4.059721947,51.841251373],[4.060277939,51.841251373],[4.060277939,51.841526031],[4.060833931,51.841526031],[4.060833931,51.841804504],[4.061804771,51.841804504],[4.061944008,51.841804504],[4.061944008,51.842082977],[4.062314034,51.842082977],[4.0625,51.842082977],[4.0625,51.842185974],[4.0625,51.84236145],[4.062819004,51.84236145],[4.063610077,51.84236145],[4.063610077,51.842639923],[4.064166069,51.842639923],[4.064166069,51.843193054],[4.064334869,51.843193054],[4.064723015,51.843193054],[4.064723015,51.843471527],[4.064843178,51.843471527],[4.065279007,51.843471527],[4.065279007,51.84375],[4.066389084,51.84375],[4.066389084,51.844028473],[4.068055153,51.844028473],[4.068055153,51.844913483],[4.068055153,51.846805573],[4.067501068,51.846805573],[4.067501068,51.846920013],[4.067501068,51.850139618],[4.068055153,51.850139618],[4.068055153,51.850402832],[4.068055153,51.850692749],[4.068611145,51.850692749],[4.068611145,51.851528168],[4.068055153,51.851528168],[4.068055153,51.851806641],[4.066627979,51.851806641],[4.066389084,51.851806641],[4.066389084,51.852043152],[4.066389084,51.852638245],[4.065832138,51.852638245],[4.065832138,51.85319519],[4.065279007,51.85319519],[4.065279007,51.855140686],[4.064723015,51.855140686],[4.064723015,51.85597229],[4.064166069,51.85597229],[4.064166069,51.856529236],[4.063610077,51.856529236],[4.063610077,51.856803894],[4.063056946,51.856803894],[4.063056946,51.85736084],[4.0625,51.85736084],[4.0625,51.857917786],[4.061944008,51.857917786],[4.061944008,51.858470917],[4.061388016,51.858470917],[4.061388016,51.859027863],[4.060833931,51.859027863],[4.060833931,51.859584808],[4.059721947,51.859584808],[4.059721947,51.859859467],[4.059165955,51.859859467],[4.059165955,51.860416412],[4.05861187,51.860416412],[4.058609962,51.860694885],[4.058055878,51.860694885],[4.058055878,51.861804962],[4.057499886,51.861804962],[4.057499886,51.862083435],[4.056943893,51.862083435],[4.056943893,51.862361908],[4.057499886,51.862361908],[4.057499886,51.862640381],[4.056943893,51.862640381],[4.056943893,51.864307404],[4.056387901,51.864307404],[4.056387901,51.864582062],[4.055833817,51.864582062],[4.055833817,51.865139008],[4.055277824,51.865139008],[4.055277824,51.86541748],[4.054721832,51.86541748],[4.054721832,51.865695953],[4.054168224,51.865695953],[4.054168224,51.865970612],[4.053055763,51.865970612],[4.053055763,51.866249084],[4.052499771,51.866249084],[4.052499771,51.86680603],[4.053055763,51.86680603],[4.053055763,51.867362976],[4.052499771,51.867362976],[4.052499771,51.867916107],[4.051946163,51.867916107],[4.051942825,51.868473053],[4.050277233,51.868473053],[4.050277233,51.868751526],[4.049167156,51.868751526],[4.049167156,51.870140076],[4.049720764,51.870140076],[4.049720764,51.870693207],[4.049167156,51.870693207],[4.049167156,51.871250153],[4.048611164,51.871250153],[4.048611164,51.871528625],[4.048055172,51.871528625],[4.048055172,51.871807098],[4.04749918,51.871807098],[4.04749918,51.872638702],[4.046945095,51.872638702],[4.046945095,51.872917175],[4.046389103,51.872917175],[4.046389103,51.873474121],[4.045833111,51.873474121],[4.045833111,51.873748779],[4.045277119,51.873748779],[4.045277119,51.874027252],[4.044723034,51.874027252],[4.044723034,51.874584198],[4.041944981,51.874584198],[4.041944981,51.875137329],[4.041388988,51.875137329],[4.041388988,51.875415802],[4.041944981,51.875415802],[4.041944981,51.876804352],[4.040832996,51.876804352],[4.040832996,51.877082825],[4.040278912,51.877082825],[4.040278912,51.877361298],[4.040832996,51.877361298],[4.040832996,51.878749847],[4.040278912,51.878749847],[4.040278912,51.87902832],[4.039722919,51.87902832],[4.039722919,51.879306793],[4.039166927,51.879306793],[4.039166927,51.879581451],[4.038610935,51.879585266],[4.038610935,51.879859924],[4.038053989,51.879859924],[4.038053989,51.88041687],[4.037500858,51.88041687],[4.037500858,51.88180542],[4.03638792,51.88180542],[4.03638792,51.882083893],[4.035831928,51.882083893],[4.035831928,51.882362366],[4.034721851,51.882362366],[4.034721851,51.882637024],[4.034165859,51.882637024],[4.034165859,51.882915497],[4.033611774,51.882915497],[4.033611774,51.883472443],[4.033055782,51.883472443],[4.033055782,51.884029388],[4.03249979,51.884029388],[4.03249979,51.885692596],[4.031943798,51.885692596],[4.031943798,51.886249542],[4.031387806,51.886249542],[4.031387806,51.886806488],[4.030834198,51.886806488],[4.030834198,51.887916565],[4.030652046,51.887916565],[4.030278206,51.887916565],[4.030278206,51.888195038],[4.030642986,51.888195038],[4.030834198,51.888195038],[4.030834198,51.889583588],[4.031387806,51.889583588],[4.031387806,51.889862061],[4.031943798,51.889862061],[4.031943798,51.890415192],[4.03249979,51.890415192],[4.03249979,51.891803741],[4.033055782,51.891803741],[4.033055782,51.893333435],[4.033055782,51.893470764],[4.033163071,51.893470764],[4.033611774,51.893470764],[4.033611774,51.893749237],[4.034165859,51.893749237],[4.034165859,51.894306183],[4.034721851,51.894306183],[4.034721851,51.894859314],[4.035277843,51.894859314],[4.035277843,51.89541626],[4.035831928,51.89541626],[4.035831928,51.895694733],[4.03638792,51.895694733],[4.03638792,51.896251678],[4.036943913,51.896251678],[4.036943913,51.896526337],[4.037500858,51.896526337],[4.037500858,51.89680481],[4.038053989,51.89680481],[4.038053989,51.897361755],[4.038610935,51.897361755],[4.038610935,51.898193359],[4.039166927,51.898193359],[4.039166927,51.898750305],[4.040278912,51.898750305],[4.040278912,51.899028778],[4.040832996,51.899028778],[4.040832996,51.899307251],[4.041388988,51.899307251],[4.041388988,51.899581909],[4.041944981,51.899581909],[4.041944981,51.900138855],[4.042500973,51.900138855],[4.042500973,51.900417328],[4.043055058,51.900417328],[4.043055058,51.901248932],[4.04361105,51.901248932],[4.04361105,51.901527405],[4.044723034,51.901527405],[4.044723034,51.902915955],[4.045277119,51.902915955],[4.045277119,51.9034729],[4.045833111,51.9034729],[4.045833111,51.903751373],[4.046389103,51.903751373],[4.046389103,51.904582977],[4.046945095,51.904582977],[4.046945095,51.905693054],[4.048055172,51.905693054],[4.048055172,51.905971527],[4.049720764,51.905971527],[4.049720764,51.90625],[4.050277233,51.90625],[4.050277233,51.906528473],[4.050834179,51.906528473],[4.050834179,51.906806946],[4.051390171,51.906806946],[4.051390171,51.907081604],[4.051942825,51.907081604],[4.051942825,51.907360077],[4.051390171,51.907360077],[4.051390171,51.907917023],[4.051942825,51.907917023],[4.051946163,51.9090271],[4.052499771,51.9090271],[4.052499771,51.909584045],[4.053055763,51.909584045],[4.053055763,51.910137177],[4.051946163,51.910137177],[4.051942825,51.910415649],[4.051390171,51.910415649],[4.051390171,51.911094666],[4.051390171,51.911251068],[4.051554203,51.911251068],[4.051942825,51.911251068],[4.051942825,51.911628723],[4.051946163,51.912639618],[4.052499771,51.912639618],[4.052499771,51.913192749],[4.053055763,51.913192749],[4.053055763,51.914306641],[4.053612232,51.914306641],[4.053612232,51.914585114],[4.054168224,51.914585114],[4.054168224,51.915416718],[4.054721832,51.915416718],[4.054721832,51.91569519],[4.054168224,51.91569519],[4.054168224,51.916526794],[4.053612232,51.916526794],[4.053612232,51.916805267],[4.053055763,51.916805267],[4.053055763,51.917362213],[4.051946163,51.917362213],[4.051946163,51.917640686],[4.053055763,51.917640686],[4.053055763,51.917915344],[4.052499771,51.917915344],[4.052499771,51.918193817],[4.051946163,51.918193817],[4.051942825,51.91847229],[4.051390171,51.91847229],[4.051390171,51.919029236],[4.050834179,51.919029236],[4.050834179,51.919303894],[4.050277233,51.919303894],[4.050277233,51.919582367],[4.049720764,51.919582367],[4.049720764,51.91986084],[4.049167156,51.91986084],[4.049167156,51.920417786],[4.048611164,51.920417786],[4.048611164,51.920696259],[4.048055172,51.920696259],[4.048055172,51.920970917],[4.04749918,51.920970917],[4.04749918,51.92124939],[4.046945095,51.92124939],[4.046945095,51.921527863],[4.046389103,51.921527863],[4.046389103,51.921806335],[4.045833111,51.921806335],[4.045833111,51.922084808],[4.045660019,51.922084808],[4.044723034,51.922084808],[4.044723034,51.922359467],[4.044476986,51.922359467],[4.04361105,51.922359467],[4.04361105,51.922637939],[4.043280125,51.922668457],[4.043055058,51.922691345],[4.043055058,51.922916412],[4.042500973,51.922916412],[4.042500973,51.923194885],[4.041944981,51.923194885],[4.041944981,51.923473358],[4.040832996,51.923473358],[4.040832996,51.923751831],[4.038610935,51.923751831],[4.038610935,51.923473358],[4.036943913,51.923473358],[4.036943913,51.923194885],[4.03638792,51.923194885],[4.03638792,51.922916412],[4.035831928,51.922916412],[4.035831928,51.922809601],[4.035831928,51.922637939],[4.035277843,51.922637939],[4.035277843,51.922359467],[4.033144951,51.922359467],[4.030834198,51.922359467],[4.030834198,51.922084808],[4.028056145,51.922084808],[4.028056145,51.921806335],[4.026390076,51.921806335],[4.026390076,51.921527863],[4.025278091,51.921527863],[4.025278091,51.92124939],[4.023055077,51.92124939],[4.023055077,51.920970917],[4.022499084,51.920970917],[4.022499084,51.920696259],[4.020833015,51.920696259],[4.020833015,51.920417786],[4.019166946,51.920417786],[4.019166946,51.920139313],[4.01749897,51.920139313],[4.01749897,51.91986084],[4.015832901,51.91986084],[4.015832901,51.919582367],[4.014722824,51.919582367],[4.014722824,51.919303894],[4.014166832,51.919303894],[4.014166832,51.919197083],[4.014166832,51.919029236],[4.01361084,51.919029236],[4.01361084,51.918750763],[4.011496067,51.918750763],[4.011388779,51.918750763],[4.011388779,51.91847229],[4.010279179,51.91847229],[4.010279179,51.918193817],[4.009708881,51.918193817],[4.009165764,51.918193817],[4.009165764,51.917961121],[4.009058952,51.917957306],[4.007500172,51.917915344],[4.007500172,51.917640686],[4.006388187,51.917640686],[4.006388187,51.917362213],[4.005278111,51.917362213],[4.005278111,51.91708374],[4.004722118,51.91708374],[4.004722118,51.916805267],[4.004166126,51.916805267],[4.004166126,51.916526794],[4.002500057,51.916526794],[4.002500057,51.916248322],[4.000070095,51.916248322],[3.998611927,51.916248322],[3.998611927,51.916526794],[3.998055935,51.916526794],[3.998055935,51.916805267],[3.996892929,51.916805267],[3.996390104,51.916805267],[3.996390104,51.91708374],[3.99583292,51.91708374],[3.99583292,51.917362213],[3.994167089,51.917362213],[3.994167089,51.917640686],[3.993611097,51.917640686],[3.993611097,51.917915344],[3.993055105,51.917915344],[3.993055105,51.918193817],[3.992499113,51.918193817],[3.992499113,51.91847229],[3.991945028,51.91847229],[3.991945028,51.918750763],[3.991389036,51.918750763],[3.991389036,51.919303894],[3.990833044,51.919303894],[3.990833044,51.920417786],[3.990277052,51.920417786],[3.990277052,51.921527863],[3.989722967,51.921527863],[3.989722967,51.923194885],[3.989166975,51.923194885],[3.989166975,51.924026489],[3.989722967,51.924026489],[3.989722967,51.924583435],[3.990277052,51.924583435],[3.990277052,51.925415039],[3.990833044,51.925415039],[3.990833044,51.926528931],[3.991389036,51.926528931],[3.991389036,51.926807404],[3.991945028,51.926807404],[3.991945028,51.927639008],[3.992499113,51.927639008],[3.992499113,51.92791748],[3.993055105,51.92791748],[3.993055105,51.928749084],[3.994167089,51.928749084],[3.994167089,51.92930603],[3.994720936,51.92930603],[3.994723082,51.929584503],[3.995276928,51.929584503],[3.995276928,51.929862976],[3.99583292,51.929862976],[3.99583292,51.930973053],[3.996390104,51.930973053],[3.996390104,51.931526184],[3.997498989,51.931526184],[3.997498989,51.931804657],[3.998055935,51.931804657],[3.998055935,51.93208313],[3.998611927,51.93208313],[3.998611927,51.933193207],[3.999167919,51.933193207],[3.999167919,51.93347168],[4.000277996,51.93347168],[4.000833988,51.93347168],[4.000833988,51.934307098],[4.00138998,51.934307098],[4.00138998,51.934860229],[4.003612041,51.934860229],[4.003612041,51.935138702],[4.004166126,51.935138702],[4.004166126,51.934860229],[4.006388187,51.934860229],[4.006388187,51.934581757],[4.007500172,51.934581757],[4.007500172,51.934307098],[4.009165764,51.934307098],[4.009165764,51.934028625],[4.009722233,51.934028625],[4.009722233,51.933750153],[4.010279179,51.933750153],[4.010279179,51.93347168],[4.010831833,51.93347168],[4.010831833,51.933193207],[4.011944771,51.933193207],[4.011944771,51.932918549],[4.012500763,51.932918549],[4.012500763,51.933193207],[4.014166832,51.933193207],[4.014166832,51.93347168],[4.01361084,51.93347168],[4.01361084,51.934581757],[4.014166832,51.934581757],[4.014166832,51.934860229],[4.015832901,51.934860229],[4.015832901,51.934581757],[4.018054962,51.934581757],[4.018054962,51.934860229],[4.019166946,51.934860229],[4.019166946,51.935695648],[4.018610954,51.935695648],[4.018610954,51.936248779],[4.016388893,51.936248779],[4.016388893,51.935974121],[4.014722824,51.935974121],[4.014722824,51.936805725],[4.015278816,51.936805725],[4.015278816,51.937084198],[4.015832901,51.937084198],[4.015832901,51.937362671],[4.016388893,51.937362671],[4.016388893,51.937637329],[4.016944885,51.937637329],[4.016944885,51.938194275],[4.01749897,51.938194275],[4.01749897,51.938751221],[4.018054962,51.938751221],[4.018054962,51.939025879],[4.018610954,51.939025879],[4.018610954,51.939582825],[4.019166946,51.939582825],[4.019166946,51.940139771],[4.019721031,51.940139771],[4.019722939,51.94152832],[4.020277023,51.94152832],[4.020277023,51.942638397],[4.019722939,51.942638397],[4.019722939,51.94291687],[4.020277023,51.94291687],[4.020277023,51.943195343],[4.020833015,51.943195343],[4.020833015,51.945137024],[4.021389008,51.945137024],[4.021389008,51.94569397],[4.020833015,51.94569397],[4.020833015,51.945972443],[4.020277023,51.945972443],[4.020277023,51.946250916],[4.018054962,51.946250916],[4.018054962,51.945972443],[4.01749897,51.945972443],[4.01749897,51.944026947],[4.018054962,51.944026947],[4.018054962,51.94291687],[4.01749897,51.94291687],[4.01749897,51.942359924],[4.016944885,51.942359924],[4.016944885,51.941806793],[4.016388893,51.941806793],[4.016388893,51.940971375],[4.015832901,51.940971375],[4.015832901,51.940418243],[4.015278816,51.940418243],[4.015278816,51.940139771],[4.014722824,51.940139771],[4.014722824,51.939861298],[4.01361084,51.939861298],[4.01361084,51.939582825],[4.013054848,51.939582825],[4.013054848,51.939304352],[4.012500763,51.939304352],[4.012500763,51.939029694],[4.011388779,51.939025879],[4.011388779,51.938751221],[4.010831833,51.938751221],[4.010831833,51.938472748],[4.008056164,51.938472748],[4.008056164,51.938751221],[4.007500172,51.938751221],[4.007500172,51.938472748],[4.006388187,51.938472748],[4.006388187,51.938194275],[4.005834103,51.938194275],[4.005834103,51.937915802],[4.005278111,51.937915802],[4.005278111,51.937637329],[4.004722118,51.937637329],[4.004722118,51.937362671],[4.003056049,51.937362671],[4.003056049,51.937915802],[4.00289917,51.937915802],[4.002500057,51.937915802],[4.002500057,51.938472748],[4.003056049,51.938472748],[4.003056049,51.938751221],[4.003612041,51.938751221],[4.003612041,51.939025879],[4.004166126,51.939025879],[4.004166126,51.939304352],[4.004722118,51.939304352],[4.004722118,51.939376831],[4.004722118,51.939861298],[4.005278111,51.939861298],[4.005278111,51.940418243],[4.005834103,51.940418243],[4.005834103,51.940971375],[4.006388187,51.940971375],[4.006388187,51.941249847],[4.006765842,51.941249847],[4.00694418,51.941249847],[4.00694418,51.941429138],[4.00694418,51.941806793],[4.00731802,51.941806793],[4.007500172,51.941806793],[4.007500172,51.941989899],[4.007500172,51.942359924],[4.007866859,51.942359924],[4.008056164,51.942359924],[4.008056164,51.942550659],[4.008056164,51.94291687],[4.00841713,51.94291687],[4.008609772,51.94291687],[4.008609772,51.943195343],[4.009165764,51.943195343],[4.009165764,51.943748474],[4.009722233,51.943748474],[4.009722233,51.94430542],[4.010279179,51.94430542],[4.010279179,51.944793701],[4.010279179,51.945415497],[4.010831833,51.945415497],[4.010831833,51.945972443],[4.011388779,51.945972443],[4.011388779,51.946250916],[4.011721134,51.946250916],[4.011944771,51.946250916],[4.011944771,51.946475983],[4.011944771,51.946804047],[4.012268066,51.946804047],[4.012500763,51.946804047],[4.012500763,51.94708252],[4.013054848,51.94708252],[4.013057232,51.947360992],[4.01361084,51.947360992],[4.01361084,51.948192596],[4.014166832,51.948192596],[4.014166832,51.948749542],[4.014722824,51.948749542],[4.014722824,51.949028015],[4.015278816,51.949028015],[4.015278816,51.949306488],[4.015832901,51.949306488],[4.015832901,51.950138092],[4.016388893,51.950138092],[4.016388893,51.950973511],[4.016944885,51.950973511],[4.016944885,51.951526642],[4.01749897,51.951526642],[4.01749897,51.954029083],[4.016944885,51.954029083],[4.016944885,51.954582214],[4.016601086,51.954582214],[4.016388893,51.954582214],[4.016388893,51.955417633],[4.015832901,51.955417633],[4.015832901,51.955696106],[4.015278816,51.955696106],[4.015278816,51.95652771],[4.014722824,51.95652771],[4.014722824,51.957637787],[4.014994144,51.957637787],[4.015278816,51.957637787],[4.015278816,51.95791626],[4.014722824,51.957958221],[4.014722824,51.958473206],[4.014280796,51.958473206],[4.014166832,51.958473206],[4.014166832,51.95860672],[4.014166832,51.959583282],[4.01361084,51.959583282],[4.01361084,51.960140228],[4.013057232,51.960140228],[4.013054848,51.960414886],[4.01262188,51.960414886],[4.012500763,51.960414886],[4.012500763,51.96055603],[4.012500763,51.960693359],[4.013054848,51.960693359],[4.013054848,51.960971832],[4.012500763,51.960971832],[4.012500763,51.961807251],[4.011944771,51.961807251],[4.011944771,51.962638855],[4.011388779,51.962638855],[4.011388779,51.965415955],[4.011944771,51.965415955],[4.011944771,51.971805573],[4.012500763,51.971805573],[4.012500763,51.972915649],[4.013054848,51.972915649],[4.013057232,51.974861145],[4.01361084,51.974861145],[4.01361084,51.975139618],[4.014166832,51.975139618],[4.014166832,51.975971222],[4.014722824,51.975971222],[4.014722824,51.977085114],[4.015278816,51.977085114],[4.015278816,51.977638245],[4.015832901,51.977638245],[4.015832901,51.977916718],[4.016388893,51.977916718],[4.016388893,51.978473663],[4.016944885,51.978473663],[4.016944885,51.979026794],[4.01749897,51.979026794],[4.01749897,51.979305267],[4.018054962,51.979305267],[4.018054962,51.982479095],[4.018054962,51.982917786],[4.018610954,51.982917786],[4.018610954,51.98374939],[4.019166946,51.98374939],[4.019166946,51.984027863],[4.019721031,51.984027863],[4.019722939,51.984306335],[4.020833015,51.984306335],[4.020833015,51.984584808],[4.021389008,51.984584808],[4.021389008,51.984859467],[4.021945,51.984859467],[4.021945,51.985137939],[4.022499084,51.985137939],[4.022499084,51.985416412],[4.023055077,51.985416412],[4.023055077,51.985694885],[4.023612022,51.985694885],[4.023612022,51.985973358],[4.024168015,51.985973358],[4.024168015,51.986251831],[4.024721146,51.986251831],[4.024721146,51.986526489],[4.025834084,51.986526489],[4.025834084,51.986804962],[4.026390076,51.986804962],[4.026390076,51.987083435],[4.030278206,51.987083435],[4.030278206,51.987361908],[4.037500858,51.987361908],[4.037500858,51.987083435],[4.038053989,51.987083435],[4.038053989,51.986221313],[4.038053989,51.985416412],[4.037500858,51.985416412],[4.037500858,51.984859467],[4.036943913,51.984859467],[4.036943913,51.984584808],[4.03638792,51.984584808],[4.03638792,51.984027863],[4.036943913,51.984027863],[4.036943913,51.98374939],[4.038610935,51.98374939],[4.038610935,51.983470917],[4.039722919,51.983470917],[4.039722919,51.983196259],[4.040278912,51.983196259],[4.040278912,51.982917786],[4.040832996,51.982917786],[4.040832996,51.983196259],[4.044723034,51.983196259],[4.044723034,51.982917786],[4.046389103,51.982917786],[4.046389103,51.982639313],[4.049720764,51.982639313],[4.049720764,51.98236084],[4.050277233,51.98236084],[4.050277233,51.982082367],[4.051942825,51.982082367],[4.051942825,51.981803894],[4.052499771,51.981803894],[4.052499771,51.981529236],[4.053612232,51.981529236],[4.053612232,51.981250763],[4.054168224,51.981250763],[4.054168224,51.98097229],[4.055277824,51.98097229],[4.055277824,51.980693817],[4.056943893,51.980693817],[4.056943893,51.98097229],[4.059165955,51.98097229],[4.059165955,51.980693817],[4.059721947,51.980693817],[4.059721947,51.980140686],[4.060833931,51.980140686],[4.060833931,51.979862213],[4.061944008,51.979862213],[4.061944008,51.97958374],[4.0625,51.97958374],[4.0625,51.979305267],[4.064723015,51.979305267],[4.064723015,51.979026794],[4.065279007,51.979026794],[4.065279007,51.978748322],[4.065832138,51.978748322],[4.065832138,51.978473663],[4.066389084,51.978473663],[4.066389084,51.97819519],[4.067501068,51.97819519],[4.067501068,51.977916718],[4.068611145,51.977916718],[4.068611145,51.977638245],[4.069167137,51.977638245],[4.069167137,51.977359772],[4.071389198,51.977359772],[4.071389198,51.977085114],[4.07194519,51.977085114],[4.07194519,51.976806641],[4.07305479,51.976806641],[4.07305479,51.976528168],[4.073610783,51.976528168],[4.073610783,51.976249695],[4.07305479,51.976249695],[4.07305479,51.975971222],[4.073610783,51.975971222],[4.073610783,51.975692749],[4.074166775,51.975692749],[4.074166775,51.975418091],[4.074722767,51.975418091],[4.074722767,51.975139618],[4.076388836,51.975139618],[4.076388836,51.975418091],[4.076942921,51.975418091],[4.076942921,51.975139618],[4.077498913,51.975139618],[4.077498913,51.974861145],[4.078055859,51.974861145],[4.078055859,51.974582672],[4.078611851,51.974582672],[4.078611851,51.974304199],[4.079164982,51.974304199],[4.079167843,51.973751068],[4.079721928,51.973751068],[4.079721928,51.973472595],[4.08027792,51.973472595],[4.08027792,51.973381042],[4.088245869,51.973148346],[4.096930981,51.978939056],[4.101189137,51.983196259],[4.100832939,51.983196259],[4.100832939,51.983470917],[4.100276947,51.983470917],[4.100276947,51.98374939],[4.09916687,51.98374939],[4.09916687,51.984027863],[4.099722862,51.984027863],[4.099722862,51.984306335],[4.100276947,51.984306335],[4.100276947,51.985137939],[4.100832939,51.985137939],[4.100832939,51.985416412],[4.101388931,51.985416412],[4.101388931,51.986251831],[4.101944923,51.986251831],[4.101944923,51.987148285],[4.101944923,51.987361908],[4.102499008,51.98740387],[4.102499008,51.987640381],[4.103055,51.987663269],[4.103055,51.988193512],[4.103610992,51.988193512],[4.103610992,51.988471985],[4.104167938,51.988471985],[4.104167938,51.988750458],[4.105398178,51.988750458],[4.106944084,51.988750458],[4.106944084,51.989028931],[4.107500076,51.989028931],[4.107500076,51.989307404],[4.108612061,51.989307404],[4.108612061,51.989582062],[4.109722137,51.989582062],[4.109722137,51.989860535],[4.11027813,51.989860535],[4.11027813,51.990139008],[4.110834122,51.990139008],[4.110834122,51.99041748],[4.111388206,51.99041748],[4.111390114,51.990695953],[4.111944199,51.990695953],[4.111944199,51.991249084],[4.112500191,51.991249084],[4.112500191,51.99180603],[4.113056183,51.99180603],[4.113056183,51.992084503],[4.113612175,51.992084503],[4.113612175,51.992362976],[4.114721775,51.992362976],[4.114721775,51.992637634],[4.115831852,51.992637634],[4.115831852,51.992916107],[4.116387844,51.992916107],[4.116387844,51.99319458],[4.116943836,51.99319458],[4.116943836,51.993473053],[4.117500782,51.993473053],[4.117500782,51.994026184],[4.118053913,51.994026184],[4.118056774,51.994304657],[4.118609905,51.994304657],[4.118609905,51.99458313],[4.119166851,51.99458313],[4.119166851,51.994861603],[4.119722843,51.994861603],[4.119722843,51.995140076],[4.12083292,51.995140076],[4.12083292,51.995414734],[4.121388912,51.995418549],[4.121388912,51.99597168],[4.121944904,51.99597168],[4.121944904,51.996250153],[4.122500896,51.996250153],[4.122500896,51.996528625],[4.123610973,51.996528625],[4.123610973,51.996807098],[4.124166965,51.996807098],[4.124166965,51.997081757],[4.124722958,51.997081757],[4.124722958,51.997360229],[4.125277042,51.997360229],[4.125277042,51.997638702],[4.125833035,51.997638702],[4.125833035,51.998195648],[4.126389027,51.998195648],[4.126389027,51.998470306],[4.126945019,51.998474121],[4.126945019,51.998748779],[4.128055096,51.998748779],[4.128055096,51.999027252],[4.128611088,51.999027252],[4.128611088,51.999305725],[4.12916708,51.999305725],[4.12916708,51.999584198],[4.129721165,51.999584198],[4.129721165,51.99974823],[4.129721165,51.999862671],[4.129721165,52.000137329],[4.130277157,52.000137329],[4.130277157,52.000415802],[4.130833149,52.000415802],[4.130833149,52.000972748],[4.131390095,52.000972748],[4.131390095,52.001251221],[4.131946087,52.001251221],[4.131946087,52.001525879],[4.132499218,52.001525879],[4.132499218,52.002082825],[4.133056164,52.002082825],[4.133056164,52.002361298],[4.133612156,52.002361298],[4.133612156,52.002918243],[4.134168148,52.002918243],[4.134168148,52.003471375],[4.134722233,52.003471375],[4.134722233,52.00402832],[4.135278225,52.00402832],[4.135278225,52.004581451],[4.135834217,52.004581451],[4.135834217,52.005138397],[4.136387825,52.005138397],[4.136387825,52.005695343],[4.136943817,52.005695343],[4.136943817,52.006248474],[4.137499809,52.006248474],[4.137499809,52.00680542],[4.138055801,52.00680542],[4.138055801,52.007637024],[4.138611794,52.007637024],[4.138611794,52.00819397],[4.139165878,52.00819397],[4.139165878,52.008644104],[4.139165878,52.008750916],[4.13932085,52.008750916],[4.13972187,52.008750916],[4.13972187,52.009029388],[4.140277863,52.009029388],[4.140277863,52.009304047],[4.140833855,52.009304047],[4.140833855,52.00958252],[4.141387939,52.00958252],[4.141387939,52.009860992],[4.141943932,52.009860992],[4.141943932,52.010139465],[4.142499924,52.010139465],[4.142499924,52.010417938],[4.143055916,52.010417938],[4.143055916,52.010971069],[4.143610001,52.010971069],[4.143610001,52.011249542],[4.144165993,52.011249542],[4.144165993,52.012084961],[4.144722939,52.012084961],[4.144722939,52.012638092],[4.145278931,52.012638092],[4.145278931,52.013473511],[4.145832062,52.013473511],[4.145832062,52.014305115],[4.146389008,52.014305115],[4.146389008,52.014862061],[4.146945,52.014862061],[4.146945,52.015140533],[4.147500992,52.015140533],[4.147500992,52.015415192],[4.148055077,52.015415192],[4.148055077,52.015693665],[4.149167061,52.015693665],[4.149167061,52.015972137],[4.149723053,52.015972137],[4.149723053,52.01625061],[4.150277138,52.01625061],[4.150277138,52.016529083],[4.15083313,52.016529083],[4.15083313,52.016803741],[4.151389122,52.016803741],[4.151389122,52.017917633],[4.151945114,52.017917633],[4.151945114,52.018749237],[4.152501106,52.018749237],[4.152501106,52.019306183],[4.153055191,52.019306183],[4.153055191,52.019584656],[4.153611183,52.019584656],[4.153611183,52.019859314],[4.154167175,52.019859314],[4.154167175,52.020694733],[4.154723167,52.020694733],[4.154723167,52.021526337],[4.155276775,52.021526337],[4.155276775,52.02180481],[4.155832767,52.02180481],[4.155832767,52.022083282],[4.156389236,52.022083282],[4.156389236,52.022262573],[4.156389236,52.023471832],[4.156942844,52.023471832],[4.156942844,52.023750305],[4.157498837,52.023750305],[4.157498837,52.024028778],[4.158054829,52.024028778],[4.158054829,52.024307251],[4.158611774,52.024307251],[4.158611774,52.024581909],[4.159167767,52.024581909],[4.159167767,52.024860382],[4.159720898,52.024860382],[4.159720898,52.025970459],[4.160277843,52.025970459],[4.160277843,52.026527405],[4.160833836,52.026527405],[4.160833836,52.026805878],[4.161389828,52.026805878],[4.161389828,52.027637482],[4.161943913,52.027637482],[4.161943913,52.028194427],[4.162499905,52.028194427],[4.162499905,52.0284729],[4.163055897,52.0284729],[4.163055897,52.028751373],[4.163611889,52.028751373],[4.163611889,52.029304504],[4.164165974,52.029304504],[4.164165974,52.029582977],[4.164721966,52.029582977],[4.164721966,52.02986145],[4.165277958,52.02986145],[4.165277958,52.030418396],[4.16583395,52.030418396],[4.16583395,52.030693054],[4.166388035,52.030693054],[4.166388035,52.03125],[4.166944027,52.03125],[4.166944027,52.031578064],[4.166944027,52.031806946],[4.167386055,52.031848907],[4.167500019,52.031860352],[4.167500019,52.032360077],[4.168056011,52.032360077],[4.168056011,52.032917023],[4.168610096,52.032917023],[4.168610096,52.033195496],[4.169166088,52.033195496],[4.169166088,52.033748627],[4.16972208,52.033748627],[4.16972208,52.0340271],[4.170278072,52.0340271],[4.170278072,52.034584045],[4.170832157,52.034584045],[4.170835018,52.035137177],[4.171388149,52.035137177],[4.171388149,52.035415649],[4.171944141,52.035415649],[4.171944141,52.035972595],[4.172501087,52.035972595],[4.172501087,52.036251068],[4.173057079,52.036251068],[4.173057079,52.036804199],[4.173611164,52.036804199],[4.173611164,52.037082672],[4.174167156,52.037082672],[4.174167156,52.037639618],[4.174723148,52.037639618],[4.174723148,52.038192749],[4.175277233,52.038192749],[4.175277233,52.038749695],[4.175833225,52.038749695],[4.175833225,52.039306641],[4.176389217,52.039306641],[4.176389217,52.039859772],[4.17694521,52.039859772],[4.17694521,52.040138245],[4.177498817,52.040138245],[4.177501202,52.040416718],[4.17805481,52.040416718],[4.17805481,52.040973663],[4.178610802,52.040973663],[4.178610802,52.041248322],[4.179166794,52.041248322],[4.179166794,52.041526794],[4.179722786,52.041526794],[4.179722786,52.04208374],[4.180276871,52.04208374],[4.180276871,52.042362213],[4.180832863,52.042362213],[4.180832863,52.042640686],[4.181388855,52.042640686],[4.181388855,52.043193817],[4.181944847,52.043193817],[4.181944847,52.04347229],[4.182498932,52.04347229],[4.182498932,52.043750763],[4.183054924,52.043750763],[4.183054924,52.044029236],[4.183610916,52.044029236],[4.183610916,52.044303894],[4.184167862,52.044303894],[4.184167862,52.044582367],[4.184720993,52.044582367],[4.184720993,52.04486084],[4.185276985,52.04486084],[4.185276985,52.045139313],[4.185833931,52.045139313],[4.185833931,52.045696259],[4.18662405,52.045696259],[4.186943054,52.045696259],[4.186943054,52.045970917],[4.188055992,52.045970917],[4.188055992,52.04624939],[4.188611984,52.04624939],[4.188611984,52.046527863],[4.189166069,52.046527863],[4.189166069,52.047359467],[4.190278053,52.047359467],[4.190278053,52.047637939],[4.190834045,52.047637939],[4.190834045,52.047916412],[4.191390038,52.047916412],[4.191390038,52.048473358],[4.191944122,52.048473358],[4.191944122,52.049304962],[4.192500114,52.049304962],[4.192500114,52.050140381],[4.193056107,52.050140381],[4.193056107,52.050415039],[4.193612099,52.050415039],[4.193612099,52.050693512],[4.194166183,52.050693512],[4.194166183,52.050971985],[4.194722176,52.050971985],[4.194722176,52.051528931],[4.195278168,52.051528931],[4.195278168,52.052082062],[4.195831776,52.052082062],[4.195831776,52.052360535],[4.196387768,52.052360535],[4.196387768,52.052639008],[4.196944237,52.052639008],[4.196944237,52.05291748],[4.197500229,52.05291748],[4.197500229,52.053470612],[4.198057175,52.053470612],[4.198057175,52.05430603],[4.198284149,52.05430603],[4.199165821,52.05430603],[4.199165821,52.054584503],[4.199722767,52.054584503],[4.199722767,52.055137634],[4.200279236,52.055137634],[4.200279236,52.05569458],[4.201388836,52.05569458],[4.201388836,52.055973053],[4.201944828,52.055973053],[4.201944828,52.056526184],[4.20250082,52.056526184],[4.20250082,52.05708313],[4.203054905,52.05708313],[4.203054905,52.057361603],[4.203610897,52.057361603],[4.203610897,52.057640076],[4.204166889,52.057640076],[4.204166889,52.057914734],[4.204722881,52.057918549],[4.204722881,52.058727264],[4.204722881,52.059028625],[4.205196857,52.059028625],[4.205276966,52.059028625],[4.205276966,52.059307098],[4.205635071,52.059307098],[4.205832958,52.059307098],[4.205832958,52.059432983],[4.205832958,52.060138702],[4.206944942,52.060138702],[4.206944942,52.060417175],[4.207385063,52.060417175],[4.207499027,52.060417175],[4.207499027,52.060695648],[4.2078228,52.060695648],[4.208055019,52.060695648],[4.208055019,52.060844421],[4.208055019,52.060970306],[4.208258152,52.060970306],[4.208611012,52.060974121],[4.208611012,52.061195374],[4.208611012,52.061805725],[4.209167004,52.061805725],[4.209167004,52.062362671],[4.209721088,52.062362671],[4.209721088,52.062637329],[4.210277081,52.062637329],[4.210277081,52.062915802],[4.210833073,52.062915802],[4.210833073,52.063194275],[4.211389065,52.063194275],[4.211389065,52.063472748],[4.211946011,52.063472748],[4.211946011,52.064025879],[4.212499142,52.064025879],[4.212499142,52.064304352],[4.213056087,52.064304352],[4.213056087,52.064861298],[4.21361208,52.064861298],[4.21361208,52.065139771],[4.214168072,52.065139771],[4.214168072,52.065418243],[4.214722157,52.065418243],[4.214722157,52.065692902],[4.215278149,52.065692902],[4.215278149,52.065971375],[4.215834141,52.065971375],[4.215834141,52.06652832],[4.216388226,52.06652832],[4.216390133,52.067081451],[4.216944218,52.067081451],[4.216944218,52.067359924],[4.21750021,52.067359924],[4.21750021,52.06791687],[4.218056202,52.06791687],[4.218056202,52.068195343],[4.218612194,52.068195343],[4.218612194,52.06930542],[4.219165802,52.06930542],[4.219165802,52.069862366],[4.219721794,52.069862366],[4.219721794,52.070137024],[4.220277786,52.070137024],[4.220277786,52.070972443],[4.220833778,52.070972443],[4.220833778,52.07069397],[4.221943855,52.07069397],[4.221943855,52.070972443],[4.222499847,52.070972443],[4.222499847,52.071529388],[4.22305584,52.071529388],[4.22305584,52.07208252],[4.223609924,52.07208252],[4.223609924,52.072639465],[4.224165916,52.072639465],[4.224165916,52.073192596],[4.223609924,52.073192596],[4.223609924,52.073749542],[4.225278854,52.073749542],[4.225278854,52.074306488],[4.225831985,52.074306488],[4.225831985,52.074584961],[4.226387978,52.074584961],[4.226387978,52.075138092],[4.226944923,52.075138092],[4.226944923,52.075695038],[4.227500916,52.075695038],[4.227500916,52.075973511],[4.228055,52.075973511],[4.228055,52.076248169],[4.228610992,52.076248169],[4.228610992,52.076805115],[4.229166985,52.076805115],[4.229166985,52.077083588],[4.229722977,52.077083588],[4.229722977,52.077362061],[4.230278969,52.077362061],[4.230278969,52.077915192],[4.230833054,52.077915192],[4.230833054,52.078472137],[4.231389046,52.078472137],[4.231389046,52.07875061],[4.230833054,52.07875061],[4.230833054,52.079029083],[4.231389046,52.079029083],[4.231389046,52.079303741],[4.231945038,52.079303741],[4.231945038,52.079582214],[4.23250103,52.079582214],[4.23250103,52.08013916],[4.233055115,52.08013916],[4.233055115,52.080417633],[4.233611107,52.080417633],[4.233611107,52.080696106],[4.234721184,52.080696106],[4.234721184,52.080970764],[4.235277176,52.080970764],[4.235277176,52.081249237],[4.235833168,52.081249237],[4.235833168,52.08152771],[4.23638916,52.08152771],[4.23638916,52.081806183],[4.236945152,52.081806183],[4.236945152,52.082084656],[4.237499237,52.082084656],[4.237499237,52.082637787],[4.238055229,52.082637787],[4.238055229,52.08291626],[4.238611221,52.08291626],[4.238611221,52.083194733],[4.239168167,52.08323288],[4.239168167,52.083473206],[4.239480019,52.083473206],[4.239720821,52.083473206],[4.239720821,52.083751678],[4.239841938,52.083751678],[4.240277767,52.083751678],[4.240277767,52.084026337],[4.240834236,52.084026337],[4.240834236,52.08430481],[4.241390228,52.08430481],[4.241390228,52.084861755],[4.241943836,52.084861755],[4.241943836,52.085140228],[4.242499828,52.085140228],[4.242499828,52.085693359],[4.24305582,52.085693359],[4.24305582,52.086250305],[4.243611813,52.086250305],[4.243611813,52.086528778],[4.244165897,52.086528778],[4.244165897,52.087081909],[4.244721889,52.087081909],[4.244721889,52.087360382],[4.245277882,52.087360382],[4.245277882,52.087917328],[4.245833874,52.087917328],[4.245833874,52.088470459],[4.246387959,52.088470459],[4.246387959,52.088748932],[4.246943951,52.088748932],[4.246943951,52.089305878],[4.247499943,52.089305878],[4.247499943,52.089584351],[4.248055935,52.089584351],[4.248055935,52.090137482],[4.24861002,52.090137482],[4.24861002,52.090415955],[4.249166012,52.090415955],[4.249166012,52.0909729],[4.249722004,52.0909729],[4.249722004,52.091251373],[4.250277996,52.091251373],[4.250277996,52.091804504],[4.250833988,52.091804504],[4.250833988,52.092082977],[4.251388073,52.092082977],[4.251388073,52.092639923],[4.251944065,52.092639923],[4.251944065,52.092918396],[4.252501011,52.092918396],[4.252501011,52.093471527],[4.253057003,52.093471527],[4.253057003,52.094028473],[4.253610134,52.094028473],[4.253610134,52.094581604],[4.25416708,52.094581604],[4.25416708,52.094860077],[4.254723072,52.094860077],[4.254723072,52.095417023],[4.255277157,52.095417023],[4.255277157,52.095973969],[4.255833149,52.095973969],[4.255833149,52.096248627],[4.256389141,52.096248627],[4.256389141,52.096805573],[4.256945133,52.096805573],[4.256945133,52.097362518],[4.257501125,52.097362518],[4.257501125,52.097637177],[4.25805521,52.097637177],[4.25805521,52.097915649],[4.258286953,52.097915649],[4.258611202,52.097915649],[4.258611202,52.098194122],[4.259167194,52.098194122],[4.259167194,52.098472595],[4.259723186,52.098472595],[4.259723186,52.099029541],[4.260276794,52.099029541],[4.260276794,52.099304199],[4.260832787,52.099304199],[4.260832787,52.099861145],[4.261388779,52.099861145],[4.261388779,52.100421906],[4.261388779,52.100692749],[4.261944771,52.100692749],[4.261944771,52.100971222],[4.262498856,52.100971222],[4.262500763,52.101249695],[4.263054848,52.101249695],[4.263054848,52.101528168],[4.26361084,52.101528168],[4.26361084,52.102085114],[4.264166832,52.102085114],[4.264166832,52.102359772],[4.264720917,52.102359772],[4.264720917,52.102638245],[4.265276909,52.102638245],[4.265276909,52.102916718],[4.265832901,52.102916718],[4.265832901,52.10319519],[4.266389847,52.10319519],[4.266389847,52.103473663],[4.266942978,52.103473663],[4.266942978,52.104026794],[4.267499924,52.104026794],[4.267499924,52.104305267],[4.268055916,52.104305267],[4.268055916,52.104862213],[4.268611908,52.104862213],[4.268611908,52.105140686],[4.269165993,52.105140686],[4.2691679,52.105693817],[4.269721985,52.105693817],[4.269721985,52.106250763],[4.270277977,52.106250763],[4.270277977,52.106529236],[4.270833969,52.106529236],[4.270833969,52.107082367],[4.270943165,52.107082367],[4.271389961,52.107082367],[4.271389961,52.10736084],[4.271944046,52.10736084],[4.271944046,52.107639313],[4.272500038,52.107639313],[4.272500038,52.108196259],[4.27305603,52.108196259],[4.27305603,52.108470917],[4.273612022,52.108470917],[4.273612022,52.109027863],[4.274166107,52.109027863],[4.274166107,52.109375],[4.274166107,52.109584808],[4.27445507,52.109584808],[4.274722099,52.109584808],[4.274722099,52.109775543],[4.274722099,52.110137939],[4.275278091,52.110179901],[4.275278091,52.110416412],[4.275606155,52.110416412],[4.275832176,52.110416412],[4.275832176,52.110580444],[4.275834084,52.110973358],[4.276388168,52.110984802],[4.276388168,52.111526489],[4.27694416,52.111526489],[4.27694416,52.112083435],[4.277500153,52.112083435],[4.277500153,52.112361908],[4.278056145,52.112361908],[4.278056145,52.112915039],[4.279058933,52.112915039],[4.279166222,52.112915039],[4.279166222,52.113193512],[4.279447079,52.113193512],[4.279723167,52.113193512],[4.279723167,52.113471985],[4.279829979,52.113471985],[4.280831814,52.113471985],[4.280831814,52.113750458],[4.281945229,52.113750458],[4.281945229,52.114028931],[4.282501221,52.114028931],[4.282436848,52.115139008],[4.281945229,52.115139008],[4.281945229,52.11541748],[4.28027916,52.11541748],[4.28027916,52.115695953],[4.279723167,52.115695953],[4.279723167,52.116249084],[4.279166222,52.116249084],[4.279166222,52.116527557],[4.278056145,52.116527557],[4.278056145,52.117916107],[4.278610229,52.117916107],[4.278610229,52.11819458],[4.281389236,52.11819458],[4.281389236,52.117362976],[4.281945229,52.117362976],[4.281945229,52.117084503],[4.282501221,52.117084503],[4.282501221,52.116249084],[4.283054829,52.116249084],[4.283057213,52.115970612],[4.284080029,52.115970612],[4.284722805,52.115970612],[4.284722805,52.116249084],[4.285832882,52.116249084],[4.285832882,52.116527557],[4.286388874,52.116527557],[4.286388874,52.117084503],[4.286944866,52.117084503],[4.286944866,52.117420197],[4.286944866,52.117637634],[4.287366867,52.117687225],[4.287498951,52.117702484],[4.287498951,52.117916107],[4.287916183,52.117965698],[4.288054943,52.117984772],[4.288054943,52.118473053],[4.288610935,52.118473053],[4.288610935,52.118751526],[4.289166927,52.118751526],[4.289166927,52.119304657],[4.289722919,52.119304657],[4.289722919,52.119861603],[4.290277004,52.119861603],[4.290277004,52.120140076],[4.291388988,52.120140076],[4.291388988,52.120414734],[4.291945934,52.120418549],[4.291945934,52.12097168],[4.292499065,52.12097168],[4.292499065,52.121250153],[4.293055058,52.121250153],[4.293055058,52.121528625],[4.293612003,52.121528625],[4.293612003,52.121807098],[4.294165134,52.121807098],[4.294165134,52.122081757],[4.29472208,52.122081757],[4.29472208,52.122360229],[4.295278072,52.122360229],[4.295278072,52.122638702],[4.295834064,52.122638702],[4.295834064,52.123195648],[4.296390057,52.123195648],[4.296390057,52.123470306],[4.296944141,52.123474121],[4.296944141,52.124027252],[4.297500134,52.124027252],[4.297500134,52.124305725],[4.298056126,52.124305725],[4.298056126,52.124584198],[4.298612118,52.124584198],[4.298612118,52.124862671],[4.299166203,52.124862671],[4.299166203,52.125137329],[4.299722195,52.125137329],[4.299722195,52.125694275],[4.300278187,52.125694275],[4.300278187,52.125972748],[4.300834179,52.125972748],[4.300834179,52.126251221],[4.301387787,52.126251221],[4.301387787,52.126525879],[4.301943779,52.126525879],[4.301943779,52.127082825],[4.302499771,52.127082825],[4.302499771,52.127361298],[4.303055763,52.127361298],[4.303055763,52.127639771],[4.303609848,52.127639771],[4.303609848,52.128192902],[4.30416584,52.128192902],[4.30416584,52.128471375],[4.304721832,52.128471375],[4.304721832,52.12902832],[4.305277824,52.12902832],[4.305277824,52.129306793],[4.305831909,52.129306793],[4.305831909,52.129581451],[4.306387901,52.129581451],[4.306387901,52.130138397],[4.306944847,52.130138397],[4.306944847,52.13041687],[4.307500839,52.13041687],[4.307500839,52.130695343],[4.30805397,52.130695343],[4.30805397,52.131248474],[4.308610916,52.131248474],[4.308610916,52.131526947],[4.309166908,52.131526947],[4.309166908,52.132083893],[4.3097229,52.132083893],[4.3097229,52.132637024],[4.310278893,52.132637024],[4.310278893,52.132915497],[4.310832977,52.132915497],[4.310832977,52.133472443],[4.311388969,52.133472443],[4.311388969,52.134029388],[4.311944962,52.134029388],[4.311944962,52.134304047],[4.312500954,52.134304047],[4.312500954,52.134860992],[4.313055038,52.134860992],[4.313055038,52.135139465],[4.313611031,52.135139465],[4.313611031,52.135417938],[4.314167023,52.135417938],[4.314167023,52.136249542],[4.313611031,52.136249542],[4.313611031,52.136528015],[4.314167023,52.136528015],[4.314167023,52.137084961],[4.314721107,52.137084961],[4.314721107,52.137359619],[4.3152771,52.137359619],[4.3152771,52.137916565],[4.315833092,52.137916565],[4.315833092,52.138195038],[4.316389084,52.138195038],[4.316389084,52.138473511],[4.316945076,52.138473511],[4.316945076,52.139026642],[4.317499161,52.139026642],[4.317499161,52.139305115],[4.318055153,52.139305115],[4.318055153,52.139862061],[4.318611145,52.139862061],[4.318611145,52.140140533],[4.319168091,52.140140533],[4.319168091,52.140693665],[4.319721222,52.140693665],[4.319721222,52.140972137],[4.320277214,52.140972137],[4.320277214,52.141529083],[4.32083416,52.141529083],[4.32083416,52.142082214],[4.321390152,52.142082214],[4.321390152,52.142360687],[4.321944237,52.142360687],[4.321946144,52.14263916],[4.322500229,52.14263916],[4.322500229,52.142917633],[4.323056221,52.142917633],[4.323056221,52.143196106],[4.323612213,52.143196106],[4.323612213,52.143470764],[4.324165821,52.143470764],[4.324165821,52.14402771],[4.324721813,52.14402771],[4.324721813,52.144306183],[4.325277805,52.144306183],[4.325277805,52.144859314],[4.325833797,52.144859314],[4.325833797,52.14541626],[4.326387882,52.14541626],[4.326387882,52.145973206],[4.326943874,52.145973206],[4.326943874,52.146251678],[4.327499866,52.146251678],[4.327499866,52.14680481],[4.328055859,52.14680481],[4.328055859,52.147361755],[4.328609943,52.147361755],[4.328611851,52.147914886],[4.329165936,52.147914886],[4.329165936,52.148471832],[4.329721928,52.148471832],[4.329721928,52.148750305],[4.33027792,52.148750305],[4.33027792,52.149028778],[4.330833912,52.149028778],[4.330833912,52.149581909],[4.331387997,52.149581909],[4.331387997,52.150138855],[4.331943989,52.150138855],[4.331943989,52.150695801],[4.332499981,52.150695801],[4.332499981,52.151248932],[4.333056927,52.151248932],[4.333056927,52.151805878],[4.333610058,52.151805878],[4.333610058,52.152362823],[4.334167004,52.152362823],[4.334167004,52.152915955],[4.334722996,52.152915955],[4.334722996,52.1534729],[4.335276127,52.1534729],[4.335278988,52.153751373],[4.335833073,52.153751373],[4.335833073,52.154026031],[4.336389065,52.154026031],[4.336389065,52.154304504],[4.336945057,52.154304504],[4.336945057,52.154582977],[4.337501049,52.154582977],[4.337501049,52.15486145],[4.338055134,52.15486145],[4.338055134,52.155418396],[4.338611126,52.155418396],[4.338611126,52.155693054],[4.339167118,52.155693054],[4.339167118,52.15625],[4.33972311,52.15625],[4.33972311,52.156528473],[4.340277195,52.156528473],[4.340277195,52.156806946],[4.340833187,52.156806946],[4.340833187,52.157360077],[4.341389179,52.157360077],[4.341389179,52.15763855],[4.341945171,52.15763855],[4.341945171,52.158195496],[4.342501163,52.158195496],[4.342501163,52.1590271],[4.343054771,52.1590271],[4.343054771,52.159584045],[4.343610764,52.159584045],[4.343610764,52.159862518],[4.344167233,52.159862518],[4.344167233,52.160415649],[4.34472084,52.160415649],[4.34472084,52.160694122],[4.345276833,52.160694122],[4.345276833,52.161251068],[4.345832825,52.161251068],[4.345832825,52.161529541],[4.346389771,52.161529541],[4.346389771,52.162082672],[4.346942902,52.162082672],[4.346942902,52.162361145],[4.347498894,52.162361145],[4.347498894,52.162918091],[4.34805584,52.162918091],[4.34805584,52.163471222],[4.348611832,52.163471222],[4.348611832,52.164028168],[4.349167824,52.164028168],[4.349167824,52.164585114],[4.349721909,52.164585114],[4.349721909,52.165138245],[4.350277901,52.165138245],[4.350277901,52.165973663],[4.350833893,52.165973663],[4.350833893,52.166526794],[4.351389885,52.166526794],[4.351389885,52.166805267],[4.35194397,52.166805267],[4.35194397,52.16708374],[4.352499962,52.16708374],[4.352499962,52.167362213],[4.353055954,52.167362213],[4.353055954,52.167915344],[4.353611946,52.167915344],[4.353611946,52.16847229],[4.354166031,52.16847229],[4.354166031,52.169029236],[4.354722023,52.169029236],[4.354722023,52.169582367],[4.355278015,52.169582367],[4.355278015,52.170139313],[4.355834007,52.170139313],[4.355834007,52.170417786],[4.356388092,52.170417786],[4.356388092,52.170696259],[4.356944084,52.170696259],[4.356944084,52.17124939],[4.357500076,52.17124939],[4.357500076,52.171527863],[4.358056068,52.171527863],[4.358056068,52.172084808],[4.358610153,52.172084808],[4.358610153,52.172637939],[4.359166145,52.172637939],[4.359166145,52.173194885],[4.359722137,52.173194885],[4.359722137,52.173751831],[4.360279083,52.173751831],[4.360279083,52.174304962],[4.360832214,52.174304962],[4.360832214,52.174583435],[4.36138916,52.174583435],[4.36138916,52.175140381],[4.361945152,52.175140381],[4.361945152,52.175415039],[4.362501144,52.175415039],[4.362501144,52.175971985],[4.363055229,52.175971985],[4.363055229,52.176250458],[4.363611221,52.176250458],[4.363611221,52.176807404],[4.364167213,52.176807404],[4.364167213,52.177360535],[4.364723206,52.177360535],[4.364723206,52.17791748],[4.365276814,52.17791748],[4.365276814,52.178470612],[4.365832806,52.178470612],[4.365832806,52.179027557],[4.366388798,52.179027557],[4.366388798,52.179584503],[4.36694479,52.179584503],[4.36694479,52.180137634],[4.367498875,52.180137634],[4.367498875,52.18069458],[4.368054867,52.18069458],[4.368054867,52.181526184],[4.368610859,52.181526184],[4.368610859,52.18208313],[4.369166851,52.18208313],[4.369166851,52.182361603],[4.369722843,52.182361603],[4.369722843,52.182914734],[4.370276928,52.182918549],[4.370276928,52.183193207],[4.37083292,52.183193207],[4.37083292,52.18347168],[4.371388912,52.18347168],[4.371388912,52.184028625],[4.371944904,52.184028625],[4.371944904,52.184307098],[4.372498989,52.184307098],[4.372498989,52.184581757],[4.373054981,52.184581757],[4.373054981,52.185138702],[4.373611927,52.185138702],[4.373611927,52.185695648],[4.374165058,52.185695648],[4.374165058,52.186248779],[4.37472105,52.186248779],[4.37472105,52.186805725],[4.375277996,52.186805725],[4.375277996,52.187034607],[4.375277996,52.187362671],[4.375833988,52.187362671],[4.375833988,52.187915802],[4.37638998,52.187915802],[4.37638998,52.188194275],[4.376944065,52.188194275],[4.376944065,52.188751221],[4.377500057,52.188751221],[4.377500057,52.189304352],[4.378056049,52.189304352],[4.378056049,52.189861298],[4.378612041,52.189861298],[4.378612041,52.190418243],[4.379166126,52.190418243],[4.379166126,52.191249847],[4.379722118,52.191249847],[4.379722118,52.191806793],[4.380278111,52.191806793],[4.380278111,52.192638397],[4.380834103,52.192638397],[4.380834103,52.193195343],[4.381388187,52.193195343],[4.381390095,52.193748474],[4.38194418,52.193748474],[4.38194418,52.194026947],[4.382500172,52.194026947],[4.382500172,52.194583893],[4.383056164,52.194583893],[4.383056164,52.195137024],[4.383609772,52.195137024],[4.383609772,52.195972443],[4.384165764,52.195972443],[4.384165764,52.196250916],[4.384722233,52.196250916],[4.384722233,52.196529388],[4.385278225,52.196529388],[4.385278225,52.196804047],[4.385831833,52.196804047],[4.385831833,52.19708252],[4.386387825,52.19708252],[4.386387825,52.197639465],[4.386943817,52.197639465],[4.386943817,52.198192596],[4.387500763,52.198192596],[4.387500763,52.199028015],[4.388053894,52.199028015],[4.388057232,52.199584961],[4.38861084,52.199584961],[4.38861084,52.200138092],[4.389166832,52.200138092],[4.389166832,52.200973511],[4.389722824,52.200973511],[4.389722824,52.202083588],[4.390278816,52.202083588],[4.390278816,52.203193665],[4.390832901,52.203193665],[4.390832901,52.20375061],[4.391388893,52.20375061],[4.391388893,52.204303741],[4.391944885,52.204303741],[4.391944885,52.204860687],[4.392500877,52.204860687],[4.392500877,52.205417633],[4.393054962,52.205417633],[4.393054962,52.205970764],[4.393610954,52.205970764],[4.393610954,52.20652771],[4.394166946,52.20652771],[4.394166946,52.206806183],[4.394721031,52.206806183],[4.394722939,52.207359314],[4.395277023,52.207359314],[4.395277023,52.20791626],[4.395833015,52.20791626],[4.395833015,52.208751678],[4.396389008,52.208751678],[4.396389008,52.20930481],[4.396945,52.20930481],[4.396945,52.209861755],[4.397499084,52.209861755],[4.397499084,52.210414886],[4.398055077,52.210414886],[4.398055077,52.210971832],[4.398611069,52.210971832],[4.398611069,52.211528778],[4.399167061,52.211528778],[4.399167061,52.212081909],[4.399721146,52.212081909],[4.399721146,52.212638855],[4.400277138,52.212638855],[4.400277138,52.213195801],[4.400834084,52.213195801],[4.400834084,52.213470459],[4.401390076,52.213470459],[4.401390076,52.214027405],[4.401946068,52.214027405],[4.401946068,52.214584351],[4.402500153,52.214584351],[4.402500153,52.215415955],[4.403056145,52.215415955],[4.403056145,52.2159729],[4.403612137,52.2159729],[4.403612137,52.216251373],[4.404065132,52.216251373],[4.404166222,52.216251373],[4.404166222,52.216365814],[4.404166222,52.216804504],[4.404552937,52.216804504],[4.404722214,52.216804504],[4.404722214,52.216999054],[4.404722214,52.21736145],[4.405041218,52.21736145],[4.405278206,52.21736145],[4.405278206,52.217632294],[4.405278206,52.218193054],[4.405772209,52.218193054],[4.405834198,52.21875],[4.406261921,52.21875],[4.406387806,52.21875],[4.406387806,52.218894958],[4.406387806,52.219306946],[4.406765938,52.219306946],[4.406943798,52.219306946],[4.406943798,52.219497681],[4.406943798,52.219860077],[4.407286167,52.219860077],[4.40749979,52.219860077],[4.40749979,52.220088959],[4.40749979,52.220417023],[4.407810211,52.220417023],[4.408055782,52.220417023],[4.408055782,52.220695496],[4.408611774,52.220695496],[4.408611774,52.221248627],[4.409165859,52.221248627],[4.409165859,52.2215271],[4.409721851,52.2215271],[4.409721851,52.222084045],[4.410277843,52.222084045],[4.410277843,52.222637177],[4.410833836,52.222637177],[4.410833836,52.223472595],[4.41138792,52.223472595],[4.41138792,52.224227905],[4.41138792,52.224582672],[4.41172123,52.224582672],[4.411943913,52.224582672],[4.411943913,52.224819183],[4.411943913,52.225139618],[4.412242889,52.225139618],[4.412499905,52.225139618],[4.412499905,52.225414276],[4.412499905,52.225971222],[4.41305685,52.226005554],[4.41305685,52.226528168],[4.413547039,52.226528168],[4.413609982,52.227085114],[4.414165974,52.227085114],[4.414165974,52.22718811],[4.414165974,52.227359772],[4.414328098,52.227359772],[4.414722919,52.227359772],[4.414722919,52.227779388],[4.414722919,52.227916718],[4.414850235,52.227916718],[4.415278912,52.227916718],[4.415278912,52.228370667],[4.415278912,52.228473663],[4.415832996,52.228473663],[4.415832996,52.229026794],[4.416388988,52.229026794],[4.416388988,52.22958374],[4.416944981,52.22958374],[4.416944981,52.230144501],[4.416944981,52.230415344],[4.417198181,52.230415344],[4.417500973,52.230415344],[4.417500973,52.230735779],[4.417500973,52.231529236],[4.418055058,52.231529236],[4.418055058,52.23236084],[4.41861105,52.23236084],[4.41861105,52.232917786],[4.419167042,52.232917786],[4.419167042,52.23374939],[4.419723034,52.23374939],[4.419723034,52.234306335],[4.420277119,52.234306335],[4.420277119,52.234859467],[4.420833111,52.234859467],[4.420833111,52.235694885],[4.421389103,52.235694885],[4.421389103,52.236251831],[4.421945095,52.236251831],[4.421945095,52.236804962],[4.42249918,52.236804962],[4.42249918,52.237361908],[4.423055172,52.237361908],[4.423055172,52.237915039],[4.423611164,52.237915039],[4.423611164,52.238471985],[4.424167156,52.238471985],[4.424167156,52.239307404],[4.424720764,52.239307404],[4.424720764,52.239860535],[4.425277233,52.239860535],[4.425277233,52.240970612],[4.425833225,52.240970612],[4.425833225,52.24180603],[4.426389217,52.24180603],[4.426389217,52.242362976],[4.426942825,52.242362976],[4.426946163,52.242637634],[4.427498817,52.242637634],[4.427498817,52.242916107],[4.428055763,52.242916107],[4.428055763,52.243473053],[4.428612232,52.243473053],[4.428612232,52.244026184],[4.429168224,52.244026184],[4.429168224,52.24458313],[4.429721832,52.24458313],[4.429721832,52.245693207],[4.430277824,52.245693207],[4.430277824,52.246528625],[4.430833817,52.246528625],[4.430833817,52.247081757],[4.431389809,52.247081757],[4.431389809,52.247917175],[4.431943893,52.247917175],[4.431943893,52.248748779],[4.432499886,52.248748779],[4.432499886,52.249584198],[4.433055878,52.249584198],[4.433055878,52.250137329],[4.433609962,52.250137329],[4.43361187,52.250694275],[4.434165955,52.250694275],[4.434165955,52.251251221],[4.434721947,52.251251221],[4.434721947,52.251804352],[4.435277939,52.251804352],[4.435277939,52.252361298],[4.435833931,52.252361298],[4.435833931,52.252918243],[4.436388016,52.252918243],[4.436388016,52.253471375],[4.436944008,52.253471375],[4.436944008,52.25402832],[4.4375,52.25402832],[4.4375,52.254581451],[4.438055992,52.254581451],[4.438055992,52.25541687],[4.438610077,52.25541687],[4.438610077,52.255973816],[4.439166069,52.255973816],[4.439166069,52.256526947],[4.439722061,52.256526947],[4.439722061,52.257083893],[4.440279007,52.257083893],[4.440279007,52.257915497],[4.440834999,52.257915497],[4.440834999,52.258472443],[4.44138813,52.258472443],[4.44138813,52.259029388],[4.441945076,52.259029388],[4.441945076,52.260139465],[4.442501068,52.260139465],[4.442501068,52.260692596],[4.443055153,52.260692596],[4.443055153,52.261528015],[4.443611145,52.261528015],[4.443611145,52.261806488],[4.444167137,52.261806488],[4.444167137,52.262638092],[4.444723129,52.262638092],[4.444723129,52.263195038],[4.445277214,52.263195038],[4.445277214,52.263473511],[4.445833206,52.263473511],[4.445833206,52.264862061],[4.446389198,52.264862061],[4.446389198,52.265415192],[4.44694519,52.265415192],[4.44694519,52.265972137],[4.447501183,52.265972137],[4.447501183,52.266529083],[4.44805479,52.266529083],[4.44805479,52.267360687],[4.448610783,52.267360687],[4.448610783,52.267917633],[4.449166775,52.267917633],[4.449166775,52.268470764],[4.449722767,52.268470764],[4.449722767,52.269306183],[4.450276852,52.269306183],[4.450276852,52.27041626],[4.450832844,52.27041626],[4.450832844,52.271251678],[4.451388836,52.271251678],[4.451388836,52.272361755],[4.451944828,52.272361755],[4.451944828,52.273193359],[4.452498913,52.273193359],[4.452498913,52.274028778],[4.453054905,52.274028778],[4.453054905,52.274581909],[4.453610897,52.274581909],[4.453610897,52.274860382],[4.454167843,52.274860382],[4.454167843,52.275417328],[4.454720974,52.275417328],[4.454720974,52.275970459],[4.45527792,52.275970459],[4.45527792,52.276527405],[4.455833912,52.276527405],[4.455833912,52.277084351],[4.456389904,52.277084351],[4.456389904,52.277637482],[4.456943989,52.277637482],[4.456943989,52.2784729],[4.457499981,52.2784729],[4.457499981,52.279304504],[4.458055973,52.279304504],[4.458055973,52.27986145],[4.458611965,52.27986145],[4.458611965,52.280693054],[4.45916605,52.280693054],[4.45916605,52.281528473],[4.459722042,52.281528473],[4.459722042,52.282360077],[4.460278034,52.282360077],[4.460278034,52.283195496],[4.460834026,52.283195496],[4.460834026,52.2840271],[4.461390018,52.2840271],[4.461390018,52.284862518],[4.461944103,52.284862518],[4.461944103,52.285694122],[4.462500095,52.285694122],[4.462500095,52.286529541],[4.463056087,52.286529541],[4.463056087,52.287082672],[4.463610172,52.287082672],[4.463610172,52.287918091],[4.464166164,52.287918091],[4.464166164,52.288471222],[4.464722157,52.288471222],[4.464722157,52.289028168],[4.465278149,52.289028168],[4.465278149,52.289306641],[4.465832233,52.289306641],[4.465832233,52.290138245],[4.466388226,52.290138245],[4.466388226,52.290973663],[4.466944218,52.290973663],[4.466944218,52.291805267],[4.467501163,52.291805267],[4.467501163,52.292362213],[4.468057156,52.292362213],[4.468057156,52.293193817],[4.46860981,52.293193817],[4.46860981,52.294029236],[4.469167233,52.294029236],[4.469167233,52.294582367],[4.469723225,52.294582367],[4.469723225,52.295417786],[4.470279217,52.295417786],[4.470279217,52.295970917],[4.470832825,52.295970917],[4.470832825,52.296806335],[4.471388817,52.296806335],[4.471388817,52.297359467],[4.471944809,52.297359467],[4.471944809,52.298194885],[4.472500801,52.298194885],[4.472500801,52.298751831],[4.473054886,52.298751831],[4.473054886,52.299583435],[4.473610878,52.299583435],[4.473610878,52.300140381],[4.47416687,52.300140381],[4.47416687,52.300971985],[4.474722862,52.300971985],[4.474722862,52.301807404],[4.475276947,52.301807404],[4.475276947,52.303195953],[4.475832939,52.303195953],[4.475832939,52.304027557],[4.476388931,52.304027557],[4.476388931,52.304584503],[4.476944923,52.304584503],[4.476944923,52.305137634],[4.477499008,52.305137634],[4.477499008,52.305973053],[4.478055,52.305973053],[4.478055,52.306804657],[4.478610992,52.306804657],[4.478610992,52.307640076],[4.479166985,52.307640076],[4.479166985,52.307914734],[4.479721069,52.307918549],[4.47972393,52.30847168],[4.480277061,52.30847168],[4.480277061,52.309860229],[4.480833054,52.309860229],[4.480833054,52.310970306],[4.481389999,52.310974121],[4.481389999,52.311805725],[4.481945992,52.311805725],[4.481945992,52.312362671],[4.482500076,52.312362671],[4.482500076,52.313194275],[4.483056068,52.313194275],[4.483056068,52.314304352],[4.483612061,52.314304352],[4.483612061,52.314861298],[4.484166145,52.314861298],[4.484166145,52.315418243],[4.484722137,52.315418243],[4.484722137,52.315971375],[4.48527813,52.315971375],[4.48527813,52.31652832],[4.485834122,52.31652832],[4.485834122,52.317081451],[4.486388206,52.317081451],[4.486390114,52.317638397],[4.486944199,52.317638397],[4.486944199,52.318748474],[4.487500191,52.318748474],[4.487500191,52.31930542],[4.488056183,52.31930542],[4.488056183,52.319862366],[4.488612175,52.319862366],[4.488612175,52.320415497],[4.489165783,52.320415497],[4.489165783,52.320972443],[4.489721775,52.320972443],[4.489721775,52.321804047],[4.490277767,52.321804047],[4.490277767,52.322639465],[4.490834236,52.322639465],[4.490834236,52.323471069],[4.491387844,52.323471069],[4.491387844,52.324584961],[4.491943836,52.324584961],[4.491943836,52.325138092],[4.492499828,52.325138092],[4.492499828,52.325973511],[4.49305582,52.325973511],[4.49305582,52.326805115],[4.493609905,52.326805115],[4.493609905,52.327362061],[4.494165897,52.327362061],[4.494165897,52.327655792],[4.495886803,52.327346802],[4.506813049,52.324512482],[4.545619965,52.314441681],[4.548583031,52.313564301]]]]},"properties":{"name":"Zuid-Holland","mapcolor":14,"cartodb_id":14}}]}