{"type":"FeatureCollection","name":"spanish_provinces","features":[{"type":"Feature","properties":{"name":"A Coruña","mapcolor":8,"cartodb_id":8},"geometry":{"type":"MultiPolygon","coordinates":[[[[-9.019601,42.459034],[-9.019801,42.459095],[-9.019624,42.459401],[-9.019353,42.459236],[-9.019601,42.459034]]],[[[-9.018963,42.459607],[-9.019188,42.459676],[-9.019127,42.459797],[-9.018915,42.459745],[-9.018963,42.459607]]],[[[-8.998689,42.468397],[-8.999032,42.468559],[-8.999007,42.468669],[-8.998738,42.468656],[-8.998689,42.468397]]],[[[-9.02154,42.473883],[-9.021712,42.474027],[-9.021501,42.474362],[-9.021385,42.474044],[-9.02154,42.473883]]],[[[-9.020877,42.47534],[-9.02106,42.475349],[-9.021127,42.475408],[-9.020676,42.475396],[-9.020877,42.47534]]],[[[-9.020414,42.473555],[-9.020608,42.47368],[-9.020436,42.47404],[-9.020259,42.473842],[-9.020414,42.473555]]],[[[-9.005801,42.476755],[-9.005902,42.476795],[-9.005868,42.47695],[-9.005766,42.476901],[-9.005801,42.476755]]],[[[-9.006082,42.477019],[-9.006131,42.477152],[-9.006062,42.477192],[-9.005962,42.477044],[-9.006082,42.477019]]],[[[-9.020632,42.479368],[-9.020772,42.479423],[-9.020746,42.479542],[-9.020518,42.479446],[-9.020632,42.479368]]],[[[-9.02053,42.479571],[-9.02062,42.479746],[-9.020335,42.47969],[-9.020459,42.479584],[-9.02053,42.479571]]],[[[-9.023421,42.480958],[-9.023586,42.481009],[-9.023699,42.481097],[-9.023358,42.481127],[-9.023421,42.480958]]],[[[-9.022326,42.481277],[-9.022406,42.481471],[-9.022176,42.481483],[-9.022107,42.481396],[-9.022326,42.481277]]],[[[-9.022666,42.481182],[-9.022728,42.481321],[-9.02246,42.481281],[-9.022452,42.481199],[-9.022666,42.481182]]],[[[-9.023467,42.481271],[-9.023737,42.481301],[-9.023769,42.481381],[-9.023367,42.481501],[-9.023467,42.481271]]],[[[-9.022764,42.481526],[-9.02278,42.481614],[-9.022456,42.481572],[-9.022501,42.481546],[-9.022764,42.481526]]],[[[-9.025107,42.481634],[-9.025131,42.481759],[-9.024951,42.481786],[-9.024941,42.481679],[-9.025107,42.481634]]],[[[-9.02245,42.481702],[-9.022566,42.481894],[-9.022391,42.481976],[-9.022314,42.4818],[-9.02245,42.481702]]],[[[-9.022898,42.481762],[-9.023026,42.481761],[-9.023181,42.481871],[-9.02293,42.48192],[-9.022898,42.481762]]],[[[-9.015251,42.463998],[-9.01539,42.464296],[-9.015243,42.464412],[-9.015087,42.464186],[-9.015251,42.463998]]],[[[-9.016506,42.464274],[-9.016658,42.464338],[-9.016718,42.46446],[-9.016454,42.464366],[-9.016506,42.464274]]],[[[-9.001691,42.466484],[-9.00169,42.466601],[-9.001569,42.466734],[-9.001522,42.466628],[-9.001691,42.466484]]],[[[-9.001953,42.466687],[-9.002047,42.466781],[-9.001836,42.466855],[-9.00181,42.466712],[-9.001953,42.466687]]],[[[-9.001548,42.466897],[-9.00137,42.46732],[-9.001103,42.467199],[-9.001063,42.467039],[-9.001548,42.466897]]],[[[-9.001797,42.467082],[-9.001951,42.467173],[-9.001757,42.4673],[-9.00166,42.467179],[-9.001797,42.467082]]],[[[-9.00007,42.467461],[-9.000304,42.467493],[-9.000321,42.467538],[-9.000171,42.467626],[-9.00007,42.467461]]],[[[-9.00058,42.467578],[-9.000751,42.467713],[-9.000764,42.467847],[-9.000629,42.467836],[-9.00058,42.467578]]],[[[-9.018888,42.471223],[-9.018906,42.471411],[-9.018834,42.471541],[-9.018679,42.471324],[-9.018888,42.471223]]],[[[-9.000085,42.471295],[-9.000428,42.471322],[-9.000472,42.4714],[-9.000118,42.471509],[-9.000085,42.471295]]],[[[-9.018973,42.470589],[-9.018858,42.47091],[-9.018603,42.470788],[-9.018849,42.470685],[-9.018973,42.470589]]],[[[-8.999511,42.470884],[-8.999594,42.470987],[-8.999402,42.471015],[-8.999403,42.470907],[-8.999511,42.470884]]],[[[-8.992562,42.485048],[-8.992813,42.485503],[-8.993529,42.485996],[-8.992744,42.48593],[-8.992562,42.485048]]],[[[-9.010961,42.485908],[-9.011044,42.486147],[-9.010869,42.486471],[-9.01081,42.486114],[-9.010961,42.485908]]],[[[-9.014393,42.486817],[-9.01478,42.486922],[-9.0147,42.487233],[-9.014359,42.487098],[-9.014393,42.486817]]],[[[-8.994954,42.487038],[-8.995041,42.487303],[-8.994693,42.487484],[-8.994563,42.487139],[-8.994954,42.487038]]],[[[-9.025772,42.488917],[-9.025781,42.489268],[-9.025168,42.48921],[-9.025166,42.489066],[-9.025772,42.488917]]],[[[-9.014598,42.4892],[-9.014709,42.489222],[-9.014779,42.489317],[-9.014578,42.489373],[-9.014598,42.4892]]],[[[-8.998455,42.489428],[-8.999077,42.489441],[-8.999208,42.489542],[-8.997968,42.489679],[-8.998455,42.489428]]],[[[-9.000088,42.489334],[-8.999992,42.4896],[-8.999776,42.489503],[-8.999957,42.489359],[-9.000088,42.489334]]],[[[-8.999505,42.489472],[-8.99964,42.489483],[-8.999776,42.489629],[-8.999442,42.489701],[-8.999505,42.489472]]],[[[-9.014411,42.490038],[-9.014506,42.490142],[-9.014357,42.490239],[-9.014266,42.490181],[-9.014411,42.490038]]],[[[-9.000511,42.49095],[-9.001058,42.490948],[-9.001063,42.491002],[-9.000621,42.491214],[-9.000511,42.49095]]],[[[-9.015459,42.491451],[-9.015624,42.491649],[-9.015569,42.491841],[-9.015395,42.49167],[-9.015459,42.491451]]],[[[-9.017455,42.491723],[-9.017549,42.491809],[-9.017536,42.491935],[-9.017366,42.491809],[-9.017455,42.491723]]],[[[-9.001771,42.490145],[-9.001844,42.490268],[-9.001643,42.490332],[-9.001622,42.490234],[-9.001771,42.490145]]],[[[-9.013498,42.490285],[-9.014154,42.490277],[-9.014378,42.490454],[-9.013321,42.4906],[-9.013498,42.490285]]],[[[-9.001982,42.490314],[-9.002704,42.490735],[-9.002553,42.492337],[-9.001705,42.491733],[-9.001982,42.490314]]],[[[-9.014615,42.489506],[-9.014777,42.489803],[-9.014622,42.489964],[-9.01439,42.489698],[-9.014615,42.489506]]],[[[-9.002225,42.489798],[-9.002728,42.490104],[-9.002737,42.490194],[-9.002097,42.489867],[-9.002225,42.489798]]],[[[-9.015145,42.487686],[-9.015321,42.487875],[-9.015219,42.488079],[-9.014998,42.487928],[-9.015145,42.487686]]],[[[-9.025268,42.488243],[-9.025611,42.48832],[-9.025703,42.488611],[-9.025082,42.488478],[-9.025268,42.488243]]],[[[-9.017744,42.487261],[-9.017952,42.487403],[-9.017795,42.487673],[-9.017646,42.487384],[-9.017744,42.487261]]],[[[-9.012103,42.487288],[-9.012118,42.48745],[-9.011913,42.487596],[-9.011839,42.487455],[-9.012103,42.487288]]],[[[-8.998201,42.487407],[-8.998289,42.487565],[-8.998166,42.487679],[-8.998057,42.487559],[-8.998201,42.487407]]],[[[-8.998719,42.487614],[-8.998787,42.487818],[-8.998558,42.487839],[-8.99852,42.487697],[-8.998719,42.487614]]],[[[-9.015125,42.488363],[-9.015421,42.488527],[-9.014948,42.488795],[-9.014794,42.488587],[-9.015125,42.488363]]],[[[-8.996146,42.487542],[-8.997825,42.487679],[-8.998219,42.488739],[-8.996778,42.489445],[-8.996146,42.487542]]],[[[-9.010435,42.462964],[-9.020368,42.474341],[-9.015606,42.485772],[-8.99936,42.468803],[-9.010435,42.462964]],[[-9.002801,42.471341],[-9.002675,42.47142],[-9.002722,42.471534],[-9.002841,42.47151],[-9.002801,42.471341]]],[[[-9.022924,42.481995],[-9.023067,42.482086],[-9.022898,42.482356],[-9.022807,42.482037],[-9.022924,42.481995]]],[[[-9.009377,42.483219],[-9.009454,42.483395],[-9.009301,42.483439],[-9.009251,42.483307],[-9.009377,42.483219]]],[[[-9.019352,42.484134],[-9.019593,42.484238],[-9.019513,42.484414],[-9.019281,42.484282],[-9.019352,42.484134]]],[[[-9.013017,42.48427],[-9.013191,42.484315],[-9.013262,42.484419],[-9.012863,42.48444],[-9.013017,42.48427]]],[[[-9.018749,42.484688],[-9.018875,42.484735],[-9.018812,42.484964],[-9.018693,42.484871],[-9.018749,42.484688]]],[[[-9.016743,42.484956],[-9.01684,42.485203],[-9.016732,42.485343],[-9.016584,42.485072],[-9.016743,42.484956]]],[[[-9.004873,42.492422],[-9.005517,42.492424],[-9.005948,42.492725],[-9.004683,42.492855],[-9.004873,42.492422]]],[[[-9.024913,42.492626],[-9.025149,42.492677],[-9.025236,42.492951],[-9.024959,42.492975],[-9.024913,42.492626]]],[[[-9.019051,42.49263],[-9.019213,42.492675],[-9.019613,42.492915],[-9.019099,42.492879],[-9.019051,42.49263]]],[[[-9.01873,42.492835],[-9.018807,42.493002],[-9.01868,42.493072],[-9.018617,42.492922],[-9.01873,42.492835]]],[[[-9.017938,42.492445],[-9.018034,42.492557],[-9.017934,42.492652],[-9.017822,42.492505],[-9.017938,42.492445]]],[[[-9.019808,42.493292],[-9.019887,42.49336],[-9.019714,42.493459],[-9.019689,42.493325],[-9.019808,42.493292]]],[[[-9.005177,42.493189],[-9.005518,42.493819],[-9.005448,42.493985],[-9.004808,42.493775],[-9.005177,42.493189]]],[[[-8.99723,42.493904],[-8.997417,42.493948],[-8.997408,42.493984],[-8.997084,42.494028],[-8.99723,42.493904]]],[[[-8.998953,42.493858],[-8.999108,42.493949],[-8.999275,42.4943],[-8.998766,42.494066],[-8.998953,42.493858]]],[[[-9.006275,42.494355],[-9.006448,42.494517],[-9.006322,42.494596],[-9.006125,42.494444],[-9.006275,42.494355]]],[[[-9.000083,42.494861],[-9.000576,42.495051],[-9.000443,42.495319],[-8.999522,42.494971],[-9.000083,42.494861]]],[[[-9.04784,42.504944],[-9.048013,42.504971],[-9.04817,42.505214],[-9.047792,42.505198],[-9.04784,42.504944]]],[[[-9.008574,42.505117],[-9.008639,42.505159],[-9.008439,42.505233],[-9.008468,42.505159],[-9.008574,42.505117]]],[[[-9.007728,42.498087],[-9.007756,42.498256],[-9.007648,42.498271],[-9.007596,42.498103],[-9.007728,42.498087]]],[[[-9.007417,42.498148],[-9.007515,42.498152],[-9.007526,42.498268],[-9.007386,42.498204],[-9.007417,42.498148]]],[[[-9.007969,42.498191],[-9.00795,42.498246],[-9.007902,42.498249],[-9.007934,42.498202],[-9.007969,42.498191]]],[[[-9.013334,42.498197],[-9.01348,42.498324],[-9.013261,42.498453],[-9.01319,42.498348],[-9.013334,42.498197]]],[[[-9.014553,42.498222],[-9.01499,42.498343],[-9.014836,42.49864],[-9.014408,42.498617],[-9.014553,42.498222]]],[[[-9.007487,42.498873],[-9.007571,42.499112],[-9.007173,42.499277],[-9.007149,42.499152],[-9.007487,42.498873]]],[[[-9.009078,42.498718],[-9.009227,42.498755],[-9.009248,42.498844],[-9.009067,42.498862],[-9.009078,42.498718]]],[[[-9.009426,42.498798],[-9.009928,42.498826],[-9.009982,42.498886],[-9.009631,42.499157],[-9.009426,42.498798]]],[[[-9.008044,42.499861],[-9.008136,42.499929],[-9.008151,42.500088],[-9.008028,42.500067],[-9.008044,42.499861]]],[[[-9.008788,42.499876],[-9.008902,42.499924],[-9.008931,42.500101],[-9.008796,42.500058],[-9.008788,42.499876]]],[[[-9.008236,42.497295],[-9.008343,42.497523],[-9.00815,42.497542],[-9.008106,42.497464],[-9.008236,42.497295]]],[[[-9.006179,42.497412],[-9.006437,42.497443],[-9.006673,42.497872],[-9.005977,42.497711],[-9.006179,42.497412]]],[[[-9.002691,42.497568],[-9.002756,42.497745],[-9.00241,42.497808],[-9.002389,42.497719],[-9.002691,42.497568]]],[[[-9.014678,42.49737],[-9.015087,42.497708],[-9.015171,42.498073],[-9.014586,42.498059],[-9.014678,42.49737]]],[[[-9.008051,42.497782],[-9.008148,42.497903],[-9.007962,42.497993],[-9.007903,42.497888],[-9.008051,42.497782]]],[[[-9.003643,42.495826],[-9.006004,42.496602],[-9.00571,42.497851],[-9.007019,42.499699],[-9.003643,42.495826]]],[[[-9.008979,42.505411],[-9.009082,42.505469],[-9.009055,42.505569],[-9.008906,42.505532],[-9.008979,42.505411]]],[[[-9.008056,42.505424],[-9.008141,42.505428],[-9.008206,42.50547],[-9.008021,42.50557],[-9.008056,42.505424]]],[[[-9.009571,42.505488],[-9.009585,42.50564],[-9.009404,42.505659],[-9.009463,42.505512],[-9.009571,42.505488]]],[[[-9.054449,42.506979],[-9.054751,42.507341],[-9.054589,42.507674],[-9.054202,42.507325],[-9.054449,42.506979]]],[[[-9.039401,42.506876],[-9.039458,42.506963],[-9.039277,42.506972],[-9.039322,42.506934],[-9.039401,42.506876]]],[[[-9.037198,42.506614],[-9.037353,42.506705],[-9.037342,42.506841],[-9.037185,42.506723],[-9.037198,42.506614]]],[[[-9.035543,42.508115],[-9.035725,42.50824],[-9.035806,42.508326],[-9.035558,42.508276],[-9.035543,42.508115]]],[[[-9.052038,42.508349],[-9.05207,42.508545],[-9.051809,42.508613],[-9.051825,42.508531],[-9.052038,42.508349]]],[[[-9.050902,42.507923],[-9.051073,42.507932],[-9.051095,42.50803],[-9.05087,42.508096],[-9.050902,42.507923]]],[[[-9.047559,42.507821],[-9.04773,42.50783],[-9.047826,42.508194],[-9.047608,42.508206],[-9.047559,42.507821]]],[[[-9.051059,42.508158],[-9.05116,42.508198],[-9.051151,42.508351],[-9.05101,42.508278],[-9.051059,42.508158]]],[[[-9.037007,42.507029],[-9.037091,42.507142],[-9.036981,42.507256],[-9.036898,42.507152],[-9.037007,42.507029]]],[[[-9.052842,42.506596],[-9.053175,42.50702],[-9.053107,42.507194],[-9.052398,42.506908],[-9.052842,42.506596]]],[[[-9.052477,42.50748],[-9.052765,42.507563],[-9.052794,42.507607],[-9.052293,42.507588],[-9.052477,42.50748]]],[[[-9.048631,42.507332],[-9.048681,42.507474],[-9.048557,42.50757],[-9.04849,42.507511],[-9.048631,42.507332]]],[[[-9.002581,42.511122],[-9.002624,42.511191],[-9.002413,42.511275],[-9.00243,42.511202],[-9.002581,42.511122]]],[[[-9.004767,42.510701],[-9.005074,42.51073],[-9.005338,42.51095],[-9.005051,42.511001],[-9.004767,42.510701]]],[[[-9.005303,42.510456],[-9.005377,42.510462],[-9.00549,42.510627],[-9.005256,42.510594],[-9.005303,42.510456]]],[[[-9.044566,42.51059],[-9.044751,42.510994],[-9.044505,42.511215],[-9.04433,42.510792],[-9.044566,42.51059]]],[[[-9.046985,42.510939],[-9.047098,42.510978],[-9.047129,42.511049],[-9.046985,42.511074],[-9.046985,42.510939]]],[[[-9.04909,42.507047],[-9.050615,42.508604],[-9.049245,42.510531],[-9.048172,42.509382],[-9.04909,42.507047]]],[[[-9.047224,42.50864],[-9.047228,42.508928],[-9.046795,42.508852],[-9.046857,42.508741],[-9.047224,42.50864]]],[[[-9.035672,42.508819],[-9.035762,42.508877],[-9.035785,42.508984],[-9.035576,42.508959],[-9.035672,42.508819]]],[[[-9.045109,42.509283],[-9.045194,42.509279],[-9.045226,42.509358],[-9.045097,42.50941],[-9.045109,42.509283]]],[[[-9.047919,42.509404],[-9.047975,42.509609],[-9.047838,42.509697],[-9.047761,42.50953],[-9.047919,42.509404]]],[[[-9.044947,42.510246],[-9.044947,42.510372],[-9.044898,42.510375],[-9.044855,42.510305],[-9.044947,42.510246]]],[[[-9.00753,42.512986],[-9.007696,42.513067],[-9.007668,42.513285],[-9.007459,42.513134],[-9.00753,42.512986]]],[[[-9.041593,42.514825],[-9.041722,42.514899],[-9.041647,42.515002],[-9.041491,42.514903],[-9.041593,42.514825]]],[[[-9.039733,42.515851],[-9.039752,42.515922],[-9.039611,42.515974],[-9.039614,42.515875],[-9.039733,42.515851]]],[[[-9.007679,42.514409],[-9.008439,42.51472],[-9.007554,42.515523],[-9.007068,42.515269],[-9.007679,42.514409]]],[[[-9.011692,42.515026],[-9.011769,42.515067],[-9.011671,42.51518],[-9.011605,42.51513],[-9.011692,42.515026]]],[[[-9.00889,42.515111],[-9.008786,42.515422],[-9.008573,42.515487],[-9.008693,42.515211],[-9.00889,42.515111]]],[[[-9.040614,42.514013],[-9.040689,42.514027],[-9.040704,42.514062],[-9.040623,42.514102],[-9.040614,42.514013]]],[[[-9.010211,42.514168],[-9.010304,42.514253],[-9.010267,42.514372],[-9.010178,42.514332],[-9.010211,42.514168]]],[[[-9.006992,42.513725],[-9.007028,42.514218],[-9.006295,42.514824],[-9.006081,42.51425],[-9.006992,42.513725]]],[[[-9.041441,42.514131],[-9.04158,42.514439],[-9.041045,42.514944],[-9.040728,42.514565],[-9.041441,42.514131]]],[[[-9.047675,42.512037],[-9.047911,42.512213],[-9.04766,42.512389],[-9.047466,42.512147],[-9.047675,42.512037]]],[[[-9.004573,42.512223],[-9.004663,42.512281],[-9.004471,42.512301],[-9.004466,42.512256],[-9.004573,42.512223]]],[[[-9.043363,42.511986],[-9.043441,42.512036],[-9.043337,42.512095],[-9.04331,42.51207],[-9.043363,42.511986]]],[[[-9.004904,42.511999],[-9.00508,42.512061],[-9.005071,42.512089],[-9.004879,42.512117],[-9.004904,42.511999]]],[[[-9.046036,42.512205],[-9.046094,42.512301],[-9.045902,42.512329],[-9.045944,42.512255],[-9.046036,42.512205]]],[[[-9.003978,42.511228],[-9.004082,42.511547],[-9.003892,42.511593],[-9.003878,42.511324],[-9.003978,42.511228]]],[[[-9.046897,42.511538],[-9.047335,42.511794],[-9.047386,42.511944],[-9.047101,42.511887],[-9.046897,42.511538]]],[[[-9.037255,42.511481],[-9.037376,42.511475],[-9.03744,42.511507],[-9.037185,42.511512],[-9.037255,42.511481]]],[[[-9.045877,42.510809],[-9.04659,42.511392],[-9.046341,42.511837],[-9.045504,42.511486],[-9.045877,42.510809]]],[[[-9.044018,42.511213],[-9.044167,42.511367],[-9.044129,42.511477],[-9.043984,42.511359],[-9.044018,42.511213]]],[[[-9.047571,42.509837],[-9.04921,42.510803],[-9.049358,42.511957],[-9.046937,42.510699],[-9.047571,42.509837]]],[[[-9.048132,42.51186],[-9.048328,42.511867],[-9.048395,42.511936],[-9.048245,42.512016],[-9.048132,42.51186]]],[[[-9.046764,42.51168],[-9.046884,42.511791],[-9.04689,42.511844],[-9.046688,42.511774],[-9.046764,42.51168]]],[[[-9.045841,42.511693],[-9.045996,42.511793],[-9.045837,42.511909],[-9.045758,42.511841],[-9.045841,42.511693]]],[[[-9.004116,42.511905],[-9.004177,42.511902],[-9.00421,42.51199],[-9.004111,42.511977],[-9.004116,42.511905]]],[[[-9.044993,42.51136],[-9.045388,42.511915],[-9.045334,42.512242],[-9.044832,42.511953],[-9.044993,42.51136]]],[[[-9.091928,42.577916],[-9.092055,42.577963],[-9.092001,42.578164],[-9.091823,42.578084],[-9.091928,42.577916]]],[[[-8.956376,42.578038],[-8.956475,42.578051],[-8.956509,42.578149],[-8.956348,42.57813],[-8.956376,42.578038]]],[[[-9.089341,42.577982],[-9.08948,42.57829],[-9.089969,42.578552],[-9.089464,42.578498],[-9.089341,42.577982]]],[[[-9.082088,42.578801],[-9.082215,42.578848],[-9.082253,42.57899],[-9.082054,42.578947],[-9.082088,42.578801]]],[[[-9.086804,42.578946],[-9.087062,42.578968],[-9.087069,42.579165],[-9.08677,42.5791],[-9.086804,42.578946]]],[[[-8.94323,42.58056],[-8.94341,42.58065],[-8.943209,42.580849],[-8.943067,42.580758],[-8.94323,42.58056]]],[[[-9.081541,42.579433],[-9.081824,42.579463],[-9.081847,42.57957],[-9.0815,42.579516],[-9.081541,42.579433]]],[[[-9.082437,42.579754],[-9.082688,42.579831],[-9.08271,42.580055],[-9.082427,42.579899],[-9.082437,42.579754]]],[[[-8.954227,42.579897],[-8.954338,42.579909],[-8.954288,42.58002],[-8.954219,42.579942],[-8.954227,42.579897]]],[[[-8.95476,42.579986],[-8.954992,42.580001],[-8.955049,42.580088],[-8.954684,42.580089],[-8.95476,42.579986]]],[[[-8.954854,42.580467],[-8.954737,42.580644],[-8.95454,42.580619],[-8.954615,42.580516],[-8.954854,42.580467]]],[[[-8.943066,42.581262],[-8.943144,42.581447],[-8.942915,42.581468],[-8.942913,42.581324],[-8.943066,42.581262]]],[[[-8.934726,42.581308],[-8.935361,42.582086],[-8.933945,42.582573],[-8.934614,42.581917],[-8.934726,42.581308]]],[[[-8.918288,42.585861],[-8.918427,42.586169],[-8.917445,42.586346],[-8.917677,42.585965],[-8.918288,42.585861]]],[[[-9.07999,42.592001],[-9.080161,42.59201],[-9.08014,42.592173],[-9.07994,42.59212],[-9.07999,42.592001]]],[[[-9.080506,42.592171],[-9.080703,42.592197],[-9.080707,42.592359],[-9.080496,42.592325],[-9.080506,42.592171]]],[[[-8.919295,42.587484],[-8.919624,42.58762],[-8.919681,42.587698],[-8.919453,42.587736],[-8.919295,42.587484]]],[[[-8.918718,42.591798],[-8.918587,42.591958],[-8.918475,42.591937],[-8.918575,42.591833],[-8.918718,42.591798]]],[[[-8.804054,42.636834],[-8.804229,42.637005],[-8.803941,42.637056],[-8.803932,42.636957],[-8.804054,42.636834]]],[[[-8.754981,42.64751],[-8.755064,42.647614],[-8.75488,42.647605],[-8.75491,42.647532],[-8.754981,42.64751]]],[[[-8.747234,42.650241],[-8.747644,42.650463],[-8.747702,42.650694],[-8.747306,42.650624],[-8.747234,42.650241]]],[[[-8.818857,42.656794],[-8.819015,42.656795],[-8.818986,42.656869],[-8.818857,42.656794]]],[[[-8.819193,42.656867],[-8.819189,42.657083],[-8.818997,42.656994],[-8.81903,42.656947],[-8.819193,42.656867]]],[[[-9.147867,42.737205],[-9.147941,42.73721],[-9.148136,42.737335],[-9.147937,42.737418],[-9.147867,42.737205]]],[[[-9.057456,42.692712],[-9.057581,42.692867],[-9.057365,42.692906],[-9.057354,42.692798],[-9.057456,42.692712]]],[[[-9.057522,42.693014],[-9.057585,42.693164],[-9.057299,42.693233],[-9.057321,42.693088],[-9.057522,42.693014]]],[[[-9.028993,42.702455],[-9.029141,42.702466],[-9.029209,42.702543],[-9.028991,42.702564],[-9.028993,42.702455]]],[[[-9.0251,42.707864],[-9.025173,42.707986],[-9.025065,42.708127],[-9.024999,42.70795],[-9.0251,42.707864]]],[[[-9.025867,42.708094],[-9.025952,42.708089],[-9.025961,42.708179],[-9.025849,42.708158],[-9.025867,42.708094]]],[[[-9.024287,42.70905],[-9.02449,42.709129],[-9.02445,42.709213],[-9.024216,42.709189],[-9.024287,42.70905]]],[[[-9.018975,42.709772],[-9.019048,42.709777],[-9.019112,42.710052],[-9.019024,42.71003],[-9.018975,42.709772]]],[[[-9.082078,42.732531],[-9.082827,42.732581],[-9.082988,42.732725],[-9.081308,42.733022],[-9.082078,42.732531]]],[[[-9.082696,42.732984],[-9.082919,42.733017],[-9.082986,42.733076],[-9.082687,42.733146],[-9.082696,42.732984]]],[[[-9.082725,42.733279],[-9.083099,42.733358],[-9.082859,42.73365],[-9.082561,42.733603],[-9.082725,42.733279]]],[[[-9.081725,42.733414],[-9.081992,42.733651],[-9.082001,42.733741],[-9.081542,42.733666],[-9.081725,42.733414]]],[[[-9.081726,42.734053],[-9.081806,42.73412],[-9.081616,42.734175],[-9.081599,42.734122],[-9.081726,42.734053]]],[[[-9.146592,42.736536],[-9.146669,42.736577],[-9.146528,42.736755],[-9.146425,42.736572],[-9.146592,42.736536]]],[[[-9.147306,42.737334],[-9.14742,42.737625],[-9.146986,42.73755],[-9.147056,42.737402],[-9.147306,42.737334]]],[[[-9.145733,42.736249],[-9.14605,42.736367],[-9.146012,42.736603],[-9.145438,42.736472],[-9.145733,42.736249]]],[[[-9.14611,42.73685],[-9.146206,42.736953],[-9.146063,42.736987],[-9.146021,42.736936],[-9.14611,42.73685]]],[[[-9.091222,42.737363],[-9.091456,42.737386],[-9.091512,42.737581],[-9.091078,42.73764],[-9.091222,42.737363]]],[[[-9.003585,42.735661],[-9.003899,42.735753],[-9.004068,42.735978],[-9.003465,42.736054],[-9.003585,42.735661]]],[[[-9.146958,42.737641],[-9.147099,42.737706],[-9.147168,42.738035],[-9.146682,42.737818],[-9.146958,42.737641]]],[[[-9.146181,42.738178],[-9.146242,42.738175],[-9.14631,42.738252],[-9.146193,42.738304],[-9.146181,42.738178]]],[[[-9.086936,42.737744],[-9.087108,42.737879],[-9.087021,42.737983],[-9.086864,42.737874],[-9.086936,42.737744]]],[[[-9.146662,42.738719],[-9.147048,42.738915],[-9.147003,42.739205],[-9.146472,42.738901],[-9.146662,42.738719]]],[[[-9.146197,42.73896],[-9.146303,42.739162],[-9.146059,42.739166],[-9.14615,42.738972],[-9.146197,42.73896]]],[[[-9.090155,42.738311],[-9.090388,42.738442],[-9.090113,42.738628],[-9.089975,42.738465],[-9.090155,42.738311]]],[[[-8.842534,42.627373],[-8.842606,42.627486],[-8.842481,42.627583],[-8.84244,42.627531],[-8.842534,42.627373]]],[[[-8.843394,42.625358],[-8.843458,42.626308],[-8.84217,42.626473],[-8.84221,42.626255],[-8.843394,42.625358]]],[[[-8.855077,42.625803],[-8.855652,42.625963],[-8.855572,42.627056],[-8.855039,42.626444],[-8.855077,42.625803]]],[[[-8.917321,42.620577],[-8.917381,42.620574],[-8.91739,42.620664],[-8.917302,42.620641],[-8.917321,42.620577]]],[[[-8.917203,42.62062],[-8.917254,42.620644],[-8.91726,42.620707],[-8.917195,42.620665],[-8.917203,42.62062]]],[[[-8.869004,42.604141],[-8.869419,42.60493],[-8.869044,42.605219],[-8.86884,42.604995],[-8.869004,42.604141]]],[[[-8.867627,42.606219],[-8.868123,42.606301],[-8.867989,42.606821],[-8.867596,42.606788],[-8.867627,42.606219]]],[[[-8.876843,42.601217],[-8.87783,42.601985],[-8.876865,42.602863],[-8.876588,42.601995],[-8.876843,42.601217]]],[[[-9.081684,42.597257],[-9.081955,42.597279],[-9.082161,42.59752],[-9.081662,42.597403],[-9.081684,42.597257]]],[[[-9.081441,42.597513],[-9.081564,42.597525],[-9.081551,42.597634],[-9.081395,42.59766],[-9.081441,42.597513]]],[[[-9.077442,42.599977],[-9.077555,42.600016],[-9.077517,42.600126],[-9.077382,42.600115],[-9.077442,42.599977]]],[[[-9.077173,42.60009],[-9.077286,42.600129],[-9.077247,42.60023],[-9.077123,42.60021],[-9.077173,42.60009]]],[[[-9.076281,42.598697],[-9.07659,42.598744],[-9.076618,42.599031],[-9.076275,42.599004],[-9.076281,42.598697]]],[[[-9.079946,42.596171],[-9.080658,42.596232],[-9.080852,42.596591],[-9.079851,42.59632],[-9.079946,42.596171]]],[[[-9.064179,42.609675],[-9.064609,42.609715],[-9.064657,42.609829],[-9.064322,42.609892],[-9.064179,42.609675]]],[[[-9.059659,42.611688],[-9.059879,42.611694],[-9.060041,42.611983],[-9.0596,42.611835],[-9.059659,42.611688]]],[[[-9.062477,42.619235],[-9.062943,42.619255],[-9.062966,42.619371],[-9.062424,42.619562],[-9.062477,42.619235]]],[[[-9.062682,42.609574],[-9.06289,42.609581],[-9.062912,42.609805],[-9.062605,42.609776],[-9.062682,42.609574]]],[[[-9.063755,42.609706],[-9.063854,42.609719],[-9.063876,42.609817],[-9.063741,42.609806],[-9.063755,42.609706]]],[[[-9.063193,42.609808],[-9.063252,42.609913],[-9.063083,42.609931],[-9.063049,42.609834],[-9.063193,42.609808]]],[[[-9.064161,42.619379],[-9.064888,42.619458],[-9.06496,42.619571],[-9.063617,42.619669],[-9.064161,42.619379]]],[[[-9.061422,42.619408],[-9.061742,42.61994],[-9.060371,42.620013],[-9.060863,42.619924],[-9.061422,42.619408]]],[[[-8.917922,42.595602],[-8.918141,42.595987],[-8.918118,42.596132],[-8.917707,42.595784],[-8.917922,42.595602]]],[[[-8.922282,42.596357],[-8.922569,42.596424],[-8.92262,42.596583],[-8.92227,42.596484],[-8.922282,42.596357]]],[[[-9.042169,42.661008],[-9.04293,42.661058],[-9.043983,42.661605],[-9.042827,42.662387],[-9.042169,42.661008]]],[[[-9.297741,42.921173],[-9.298601,42.921675],[-9.29882,42.922257],[-9.298305,42.922132],[-9.297741,42.921173]]],[[[-9.296633,42.92578],[-9.296971,42.925852],[-9.296964,42.926383],[-9.296668,42.926246],[-9.296633,42.92578]]],[[[-9.292589,42.939902],[-9.292772,42.940017],[-9.29256,42.940218],[-9.292457,42.940053],[-9.292589,42.939902]]],[[[-9.216155,43.150976],[-9.216368,43.151136],[-9.216236,43.15153],[-9.215764,43.151124],[-9.216155,43.150976]]],[[[-9.19826,43.16061],[-9.198777,43.160735],[-9.199033,43.161198],[-9.198379,43.161171],[-9.19826,43.16061]]],[[[-9.197153,43.160842],[-9.197204,43.160866],[-9.197295,43.161032],[-9.197082,43.160998],[-9.197153,43.160842]]],[[[-9.198958,43.161427],[-9.199166,43.161416],[-9.199247,43.161484],[-9.198955,43.161518],[-9.198958,43.161427]]],[[[-9.191398,43.161208],[-9.191788,43.161538],[-9.191688,43.16176],[-9.191193,43.161363],[-9.191398,43.161208]]],[[[-9.197901,43.161188],[-9.19813,43.161382],[-9.197994,43.161498],[-9.197776,43.161411],[-9.197901,43.161188]]],[[[-9.196477,43.161211],[-9.196654,43.161499],[-9.196516,43.161713],[-9.196334,43.161624],[-9.196477,43.161211]]],[[[-9.198531,43.161703],[-9.198663,43.161912],[-9.198535,43.161982],[-9.198392,43.161782],[-9.198531,43.161703]]],[[[-9.195343,43.162758],[-9.195366,43.162991],[-9.195121,43.163121],[-9.195037,43.162901],[-9.195343,43.162758]]],[[[-9.212815,43.162383],[-9.213839,43.162778],[-9.214421,43.164393],[-9.212643,43.163716],[-9.212815,43.162383]]],[[[-9.186225,43.168528],[-9.186995,43.168721],[-9.187797,43.170081],[-9.185488,43.169631],[-9.186225,43.168528]]],[[[-9.187499,43.171268],[-9.187824,43.171322],[-9.187797,43.17154],[-9.18755,43.171526],[-9.187499,43.171268]]],[[[-9.180416,43.176378],[-9.180586,43.176486],[-9.180532,43.176552],[-9.1803,43.176447],[-9.180416,43.176378]]],[[[-9.180567,43.177747],[-9.18074,43.177882],[-9.180693,43.178028],[-9.180451,43.177816],[-9.180567,43.177747]]],[[[-9.180211,43.180314],[-9.180409,43.180564],[-9.180312,43.180695],[-9.180112,43.180427],[-9.180211,43.180314]]],[[[-9.18162,43.172964],[-9.181924,43.173299],[-9.181736,43.173507],[-9.18142,43.173425],[-9.18162,43.172964]]],[[[-9.192269,43.17307],[-9.192596,43.173142],[-9.192563,43.173549],[-9.19219,43.173263],[-9.192269,43.17307]]],[[[-9.188017,43.18233],[-9.188197,43.182527],[-9.187982,43.18307],[-9.18774,43.182624],[-9.188017,43.18233]]],[[[-9.188789,43.183269],[-9.189272,43.183666],[-9.189167,43.183842],[-9.188744,43.18355],[-9.188789,43.183269]]],[[[-9.179791,43.183325],[-9.17998,43.183864],[-9.179755,43.184308],[-9.179578,43.183418],[-9.179791,43.183325]]],[[[-9.184382,43.183355],[-9.184616,43.183603],[-9.184471,43.184232],[-9.183997,43.183808],[-9.184382,43.183355]]],[[[-9.187595,43.183622],[-9.187802,43.183728],[-9.187779,43.183864],[-9.187665,43.183834],[-9.187595,43.183622]]],[[[-9.187495,43.184095],[-9.187634,43.184133],[-9.187862,43.184435],[-9.187712,43.184417],[-9.187495,43.184095]]],[[[-9.188233,43.185063],[-9.188242,43.185153],[-9.188271,43.185196],[-9.188141,43.185131],[-9.188233,43.185063]]],[[[-9.189623,43.184583],[-9.189856,43.184813],[-9.189825,43.184995],[-9.189526,43.184831],[-9.189623,43.184583]]],[[[-9.266928,43.052708],[-9.267385,43.053097],[-9.267084,43.053392],[-9.266822,43.053227],[-9.266928,43.052708]]],[[[-9.279644,43.013032],[-9.279771,43.01307],[-9.279817,43.013157],[-9.279612,43.013078],[-9.279644,43.013032]]],[[[-9.28009,43.01559],[-9.280218,43.015637],[-9.28019,43.015729],[-9.280078,43.015708],[-9.28009,43.01559]]],[[[-9.282873,43.022044],[-9.283037,43.022089],[-9.283043,43.022143],[-9.282922,43.022168],[-9.282873,43.022044]]],[[[-9.275916,43.009438],[-9.275977,43.009435],[-9.276045,43.009494],[-9.27595,43.009526],[-9.275916,43.009438]]],[[[-9.272483,43.009087],[-9.272578,43.009181],[-9.272451,43.009251],[-9.272358,43.009184],[-9.272483,43.009087]]],[[[-9.28302,43.024079],[-9.283067,43.024176],[-9.282893,43.024158],[-9.282913,43.024112],[-9.28302,43.024079]]],[[[-9.262328,42.989968],[-9.262418,42.990008],[-9.262411,42.990063],[-9.262261,42.990035],[-9.262328,42.989968]]],[[[-9.26066,42.991653],[-9.260787,42.991691],[-9.260784,42.99179],[-9.26061,42.991764],[-9.26066,42.991653]]],[[[-9.259897,42.991866],[-9.259996,42.991879],[-9.259986,42.992014],[-9.259846,42.991968],[-9.259897,42.991866]]],[[[-9.260108,42.99225],[-9.260192,42.992354],[-9.259981,42.992446],[-9.259991,42.992311],[-9.260108,42.99225]]],[[[-9.26019,42.992579],[-9.260294,42.992636],[-9.260252,42.992702],[-9.260161,42.992653],[-9.26019,42.992579]]],[[[-9.259302,42.993006],[-9.259557,42.9931],[-9.259614,42.993178],[-9.259469,42.993204],[-9.259302,42.993006]]],[[[-9.259944,42.994015],[-9.260416,42.994196],[-9.260682,42.995234],[-9.260027,42.994829],[-9.259944,42.994015]]],[[[-9.261541,43.000057],[-9.261708,43.000129],[-9.261602,43.000414],[-9.261421,43.000325],[-9.261541,43.000057]]],[[[-9.292593,43.058684],[-9.292966,43.05897],[-9.293029,43.059227],[-9.292371,43.058912],[-9.292593,43.058684]]],[[[-9.258196,43.089202],[-9.258536,43.089526],[-9.25849,43.089672],[-9.257864,43.089554],[-9.258196,43.089202]]],[[[-9.257131,43.088757],[-9.25741,43.08884],[-9.257584,43.089344],[-9.257139,43.088954],[-9.257131,43.088757]]],[[[-9.225754,43.099287],[-9.226363,43.100919],[-9.226043,43.101279],[-9.225109,43.099944],[-9.225754,43.099287]]],[[[-9.214233,43.109332],[-9.214256,43.110294],[-9.213536,43.110099],[-9.21351,43.109713],[-9.214233,43.109332]]],[[[-9.214895,43.110295],[-9.215212,43.110511],[-9.215191,43.110909],[-9.214917,43.110753],[-9.214895,43.110295]]],[[[-9.28914,42.889108],[-9.289563,42.889301],[-9.289698,42.889779],[-9.288744,42.889427],[-9.28914,42.889108]]],[[[-9.16266,42.912486],[-9.162831,42.912603],[-9.16272,42.913329],[-9.162492,42.912882],[-9.16266,42.912486]]],[[[-9.162372,42.912303],[-9.162473,42.912451],[-9.162398,42.912563],[-9.162325,42.912441],[-9.162372,42.912303]]],[[[-9.161769,42.912147],[-9.161954,42.91265],[-9.161907,42.912796],[-9.161698,42.912421],[-9.161769,42.912147]]],[[[-9.163043,42.912762],[-9.163211,42.912978],[-9.163156,42.913404],[-9.163053,42.913104],[-9.163043,42.912762]]],[[[-9.171509,42.863214],[-9.171789,42.863199],[-9.172284,42.863379],[-9.171807,42.86357],[-9.171509,42.863214]]],[[[-9.168953,42.861906],[-9.169179,42.861921],[-9.169261,42.862178],[-9.169029,42.862287],[-9.168953,42.861906]]],[[[-9.168553,42.86427],[-9.170402,42.865155],[-9.170292,42.866633],[-9.168341,42.865848],[-9.168553,42.86427]]],[[[-9.169911,42.863052],[-9.170354,42.86318],[-9.170884,42.863516],[-9.170143,42.863687],[-9.169911,42.863052]]],[[[-9.169727,42.863684],[-9.170214,42.863883],[-9.170281,42.864421],[-9.169295,42.864154],[-9.169727,42.863684]]],[[[-9.169211,42.866218],[-9.169899,42.866918],[-9.168943,42.86719],[-9.168803,42.866447],[-9.169211,42.866218]]],[[[-9.183686,42.876962],[-9.183812,42.877117],[-9.183747,42.877202],[-9.183619,42.877146],[-9.183686,42.876962]]],[[[-9.184759,42.877282],[-9.184882,42.877293],[-9.184952,42.877379],[-9.184787,42.877442],[-9.184759,42.877282]]],[[[-9.187329,42.880212],[-9.187689,42.880867],[-9.188237,42.880847],[-9.187557,42.881019],[-9.187329,42.880212]]],[[[-9.187084,42.878992],[-9.18797,42.879277],[-9.18693,42.880134],[-9.186711,42.8793],[-9.187084,42.878992]]],[[[-9.18381,42.879295],[-9.184124,42.879621],[-9.184126,42.879764],[-9.1838,42.879557],[-9.18381,42.879295]]],[[[-9.183878,42.879976],[-9.184421,42.880388],[-9.184178,42.88077],[-9.183798,42.88052],[-9.183878,42.879976]]],[[[-9.185395,42.879723],[-9.18616,42.880518],[-9.1852,42.881317],[-9.184416,42.879965],[-9.185395,42.879723]]],[[[-9.184023,42.878609],[-9.185374,42.878662],[-9.185698,42.878842],[-9.184032,42.87895],[-9.184023,42.878609]]],[[[-9.18248,42.878485],[-9.182716,42.878635],[-9.18284,42.879267],[-9.182696,42.879176],[-9.18248,42.878485]]],[[[-9.185258,42.879091],[-9.185523,42.879536],[-9.185093,42.87964],[-9.184852,42.879185],[-9.185258,42.879091]]],[[[-9.184361,42.879176],[-9.184645,42.879196],[-9.184915,42.879695],[-9.184302,42.879683],[-9.184361,42.879176]]],[[[-9.161828,42.893597],[-9.162029,42.894179],[-9.161356,42.894071],[-9.161339,42.893725],[-9.161828,42.893597]]],[[[-9.186375,42.881434],[-9.187013,42.881453],[-9.187326,42.882012],[-9.186343,42.882093],[-9.186375,42.881434]]],[[[-9.184457,42.881601],[-9.185004,42.881922],[-9.185058,42.882468],[-9.184809,42.882419],[-9.184457,42.881601]]],[[[-9.18745,42.883122],[-9.187673,42.883155],[-9.18792,42.88342],[-9.187329,42.88338],[-9.18745,42.883122]]],[[[-9.187345,42.8822],[-9.187701,42.882334],[-9.187768,42.882636],[-9.187013,42.882677],[-9.187345,42.8822]]],[[[-9.157042,42.910674],[-9.157509,42.910694],[-9.15754,42.910755],[-9.157282,42.910868],[-9.157042,42.910674]]],[[[-9.146322,42.86114],[-9.14649,42.861221],[-9.146375,42.861426],[-9.146266,42.861306],[-9.146322,42.86114]]],[[[-9.146492,42.861617],[-9.1468,42.86188],[-9.146805,42.861934],[-9.146514,42.861958],[-9.146492,42.861617]]],[[[-9.151674,42.871249],[-9.151838,42.87142],[-9.151673,42.871609],[-9.151542,42.871517],[-9.151674,42.871249]]],[[[-9.150734,42.869796],[-9.150803,42.870369],[-9.150265,42.870623],[-9.150404,42.870048],[-9.150734,42.869796]]],[[[-9.15127,42.870019],[-9.151441,42.870136],[-9.151128,42.870441],[-9.151051,42.870283],[-9.15127,42.870019]]],[[[-9.148136,42.866939],[-9.148257,42.867049],[-9.148151,42.867217],[-9.148046,42.867142],[-9.148136,42.866939]]],[[[-9.146523,42.862048],[-9.146829,42.862292],[-9.14667,42.863282],[-9.146512,42.863165],[-9.146523,42.862048]]],[[[-9.147186,42.862804],[-9.1475,42.862886],[-9.147544,42.862965],[-9.147087,42.863044],[-9.147186,42.862804]]],[[[-9.147005,42.863201],[-9.147003,42.863426],[-9.14685,42.863488],[-9.146819,42.863418],[-9.147005,42.863201]]],[[[-9.147097,42.8656],[-9.147684,42.865964],[-9.147723,42.866106],[-9.147036,42.86572],[-9.147097,42.8656]]],[[[-9.151488,42.871961],[-9.151585,42.872073],[-9.151032,42.872787],[-9.150987,42.872582],[-9.151488,42.871961]]],[[[-9.151204,42.87329],[-9.151623,42.873934],[-9.151309,42.874212],[-9.150941,42.874088],[-9.151204,42.87329]]],[[[-9.146919,42.877446],[-9.147005,42.877576],[-9.146846,42.877693],[-9.14677,42.877544],[-9.146919,42.877446]]],[[[-9.148042,42.87852],[-9.148496,42.878774],[-9.147323,42.878802],[-9.147424,42.878589],[-9.148042,42.87852]]],[[[-9.148591,42.880597],[-9.148674,42.880691],[-9.148423,42.880876],[-9.148418,42.880696],[-9.148591,42.880597]]],[[[-9.141903,42.884351],[-9.142001,42.884471],[-9.141879,42.884604],[-9.141813,42.884436],[-9.141903,42.884351]]],[[[-9.143858,42.891815],[-9.143941,42.892027],[-9.143749,42.892064],[-9.143661,42.891925],[-9.143858,42.891815]]],[[[-9.147438,42.883512],[-9.147397,42.883721],[-9.147198,42.883813],[-9.147211,42.883695],[-9.147438,42.883512]]],[[[-9.147933,42.882711],[-9.148039,42.882787],[-9.147922,42.88309],[-9.147854,42.882896],[-9.147933,42.882711]]],[[[-9.144825,42.883698],[-9.144514,42.884516],[-9.1441,42.884655],[-9.144576,42.884153],[-9.144825,42.883698]]],[[[-9.28466,42.952833],[-9.284822,42.952869],[-9.284794,42.953068],[-9.28463,42.953023],[-9.28466,42.952833]]],[[[-9.284416,42.952963],[-9.284561,42.953072],[-9.28452,42.953147],[-9.284364,42.953056],[-9.284416,42.952963]]],[[[-9.284156,42.953185],[-9.284415,42.953197],[-9.284511,42.953417],[-9.284264,42.953404],[-9.284156,42.953185]]],[[[-9.283285,42.95533],[-9.283408,42.955341],[-9.283516,42.955434],[-9.283111,42.95543],[-9.283285,42.95533]]],[[[-9.279649,42.956808],[-9.279766,42.956874],[-9.279702,42.956968],[-9.279549,42.956913],[-9.279649,42.956808]]],[[[-9.278293,42.957927],[-9.27855,42.957931],[-9.278578,42.957957],[-9.278188,42.958104],[-9.278293,42.957927]]],[[[-9.278213,42.959912],[-9.278341,42.959959],[-9.278306,42.960096],[-9.278152,42.960032],[-9.278213,42.959912]]],[[[-9.277091,42.961045],[-9.277204,42.961066],[-9.277323,42.961158],[-9.277178,42.961175],[-9.277091,42.961045]]],[[[-9.277423,42.961414],[-9.27746,42.961538],[-9.277325,42.961536],[-9.277329,42.961455],[-9.277423,42.961414]]],[[[-9.27736,42.961993],[-9.277494,42.962229],[-9.277278,42.962511],[-9.277114,42.962106],[-9.27736,42.961993]]],[[[-9.274947,42.963215],[-9.275325,42.963672],[-9.275026,42.963985],[-9.274707,42.963859],[-9.274947,42.963215]]],[[[-9.274286,42.964422],[-9.274414,42.964478],[-9.274401,42.964587],[-9.27419,42.964562],[-9.274286,42.964422]]],[[[-9.261203,42.978814],[-9.261259,42.978883],[-9.261087,42.979001],[-9.261091,42.978919],[-9.261203,42.978814]]],[[[-9.261516,42.979112],[-9.261606,42.979161],[-9.261626,42.979358],[-9.261522,42.979292],[-9.261516,42.979112]]],[[[-9.262639,42.980752],[-9.262762,42.98088],[-9.262507,42.980903],[-9.262603,42.980763],[-9.262639,42.980752]]],[[[-9.262901,42.98188],[-9.262968,42.981931],[-9.26286,42.982081],[-9.262836,42.981965],[-9.262901,42.98188]]],[[[-9.262544,42.983907],[-9.262664,42.984009],[-9.26266,42.98409],[-9.262509,42.984044],[-9.262544,42.983907]]],[[[-9.262159,42.9841],[-9.262304,42.9842],[-9.262238,42.984275],[-9.262079,42.984158],[-9.262159,42.9841]]],[[[-9.26176,42.984401],[-9.261912,42.984446],[-9.261913,42.984572],[-9.26172,42.984484],[-9.26176,42.984401]]],[[[-9.261644,42.984704],[-9.261745,42.984851],[-9.261436,42.984832],[-9.261467,42.984768],[-9.261644,42.984704]]],[[[-9.260987,42.986558],[-9.2611,42.986588],[-9.261238,42.986734],[-9.260946,42.986642],[-9.260987,42.986558]]],[[[-9.262494,42.988591],[-9.262735,42.988677],[-9.262811,42.988817],[-9.262536,42.988769],[-9.262494,42.988591]]],[[[-9.168729,42.797712],[-9.168891,42.79774],[-9.168818,42.797996],[-9.168651,42.797915],[-9.168729,42.797712]]],[[[-9.173025,42.798137],[-9.173884,42.798415],[-9.173891,42.798603],[-9.172951,42.798987],[-9.173025,42.798137]]],[[[-9.153157,42.796978],[-9.153631,42.797205],[-9.153352,42.797958],[-9.153034,42.797714],[-9.153157,42.796978]]],[[[-9.151808,42.792262],[-9.151947,42.792309],[-9.151977,42.79237],[-9.151746,42.792382],[-9.151808,42.792262]]],[[[-9.150898,42.792455],[-9.150974,42.792478],[-9.150981,42.79255],[-9.150792,42.792497],[-9.150898,42.792455]]],[[[-9.152175,42.792764],[-9.152293,42.792839],[-9.152284,42.792876],[-9.152113,42.792876],[-9.152175,42.792764]]],[[[-9.151582,42.79565],[-9.151755,42.795668],[-9.15185,42.795761],[-9.151578,42.795857],[-9.151582,42.79565]]],[[[-9.15074,42.796892],[-9.150994,42.796987],[-9.151022,42.797147],[-9.15073,42.797154],[-9.15074,42.796892]]],[[[-9.148865,42.797084],[-9.148973,42.797186],[-9.148848,42.797283],[-9.14876,42.797143],[-9.148865,42.797084]]],[[[-9.149655,42.796546],[-9.149925,42.796684],[-9.149874,42.796912],[-9.149627,42.79688],[-9.149655,42.796546]]],[[[-9.150534,42.795922],[-9.150714,42.796264],[-9.150548,42.796435],[-9.150306,42.796214],[-9.150534,42.795922]]],[[[-9.149724,42.796389],[-9.149886,42.796416],[-9.14989,42.796452],[-9.149663,42.796509],[-9.149724,42.796389]]],[[[-9.168248,42.798531],[-9.168384,42.798667],[-9.16834,42.798841],[-9.16816,42.798751],[-9.168248,42.798531]]],[[[-9.167861,42.798696],[-9.167963,42.798735],[-9.168001,42.798868],[-9.167863,42.798839],[-9.167861,42.798696]]],[[[-9.151735,42.798783],[-9.152011,42.798858],[-9.152132,42.798969],[-9.15179,42.798969],[-9.151735,42.798783]]],[[[-9.172464,42.799131],[-9.17249,42.799264],[-9.172355,42.799263],[-9.172383,42.799171],[-9.172464,42.799131]]],[[[-9.168332,42.799129],[-9.168406,42.799134],[-9.168442,42.799249],[-9.168235,42.799251],[-9.168332,42.799129]]],[[[-9.152,42.799363],[-9.152061,42.799477],[-9.151913,42.799467],[-9.151953,42.799375],[-9.152,42.799363]]],[[[-9.172303,42.799724],[-9.172429,42.799754],[-9.17247,42.800418],[-9.172216,42.800071],[-9.172303,42.799724]]],[[[-9.153542,42.801836],[-9.153623,42.801913],[-9.153489,42.801911],[-9.153542,42.801836]]],[[[-9.151021,42.801315],[-9.151094,42.801437],[-9.151059,42.801574],[-9.15096,42.801435],[-9.151021,42.801315]]],[[[-9.152045,42.804977],[-9.152226,42.805076],[-9.152166,42.805205],[-9.152018,42.805195],[-9.152045,42.804977]]],[[[-9.151984,42.805341],[-9.152368,42.805392],[-9.15244,42.805505],[-9.152075,42.805525],[-9.151984,42.805341]]],[[[-9.15203,42.804456],[-9.152155,42.804476],[-9.152201,42.804573],[-9.151982,42.804585],[-9.15203,42.804456]]],[[[-9.150331,42.803468],[-9.151218,42.803789],[-9.150925,42.805875],[-9.149667,42.80552],[-9.150331,42.803468]]],[[[-9.151337,42.802153],[-9.151359,42.802251],[-9.151222,42.802231],[-9.15123,42.802186],[-9.151337,42.802153]]],[[[-9.152635,42.801561],[-9.153256,42.801906],[-9.153211,42.802439],[-9.152477,42.802065],[-9.152635,42.801561]]],[[[-9.152236,42.802222],[-9.152339,42.802279],[-9.152343,42.802315],[-9.152221,42.802322],[-9.152236,42.802222]]],[[[-9.152567,42.802474],[-9.152603,42.802598],[-9.152468,42.802587],[-9.152476,42.802551],[-9.152567,42.802474]]],[[[-9.168838,42.798067],[-9.169939,42.798565],[-9.168977,42.800075],[-9.168665,42.799768],[-9.168838,42.798067]]],[[[-9.168702,42.800135],[-9.168863,42.800163],[-9.168861,42.800262],[-9.168628,42.800256],[-9.168702,42.800135]]],[[[-9.171749,42.800052],[-9.171884,42.800296],[-9.171486,42.80084],[-9.171501,42.800137],[-9.171749,42.800052]]],[[[-9.170169,42.80038],[-9.171119,42.800959],[-9.169644,42.801372],[-9.169651,42.801074],[-9.170169,42.80038]]],[[[-9.142892,42.788395],[-9.143071,42.788466],[-9.143076,42.78852],[-9.142849,42.788577],[-9.142892,42.788395]]],[[[-9.142732,42.788998],[-9.14279,42.789084],[-9.142708,42.789125],[-9.142653,42.789065],[-9.142732,42.788998]]],[[[-8.978252,42.783062],[-8.978728,42.783307],[-8.978576,42.784773],[-8.978085,42.784124],[-8.978252,42.783062]]],[[[-9.141116,42.787239],[-9.141318,42.787426],[-9.140963,42.787545],[-9.140885,42.787378],[-9.141116,42.787239]]],[[[-9.142392,42.787909],[-9.142568,42.787953],[-9.142578,42.788061],[-9.142271,42.788041],[-9.142392,42.787909]]],[[[-8.999395,42.77891],[-8.999596,42.778971],[-8.999595,42.779088],[-8.999363,42.779091],[-8.999395,42.77891]]],[[[-9.017861,42.780062],[-9.018,42.780108],[-9.018037,42.780241],[-9.017727,42.780195],[-9.017861,42.780062]]],[[[-9.141362,42.789107],[-9.141433,42.789203],[-9.141367,42.789278],[-9.141233,42.789159],[-9.141362,42.789107]]],[[[-9.141716,42.789106],[-9.141778,42.789112],[-9.141836,42.789325],[-9.141656,42.789236],[-9.141716,42.789106]]],[[[-9.138122,42.789462],[-9.138541,42.789619],[-9.138635,42.78983],[-9.13813,42.789785],[-9.138122,42.789462]]],[[[-9.135249,42.790066],[-9.135329,42.79026],[-9.135083,42.790246],[-9.135072,42.79013],[-9.135249,42.790066]]],[[[-9.139237,42.789987],[-9.13972,42.790168],[-9.139824,42.790477],[-9.138945,42.79012],[-9.139237,42.789987]]],[[[-9.130108,42.769999],[-9.130519,42.770085],[-9.130542,42.770318],[-9.130073,42.770271],[-9.130108,42.769999]]],[[[-9.12931,42.771941],[-9.129829,42.772247],[-9.128624,42.772419],[-9.129242,42.772116],[-9.12931,42.771941]]],[[[-9.131526,42.777286],[-9.131785,42.777434],[-9.131082,42.77749],[-9.131406,42.777311],[-9.131526,42.777286]]],[[[-8.963342,42.77304],[-8.96522,42.7735],[-8.966527,42.775403],[-8.96627,42.776416],[-8.963342,42.77304]]],[[[-8.961215,42.774934],[-8.961411,42.775193],[-8.960695,42.775492],[-8.960628,42.775054],[-8.961215,42.774934]]],[[[-8.990254,42.775375],[-8.990733,42.775647],[-8.990588,42.776303],[-8.989871,42.775962],[-8.990254,42.775375]]],[[[-8.99188,42.777018],[-8.991944,42.777681],[-8.990946,42.77722],[-8.99106,42.777133],[-8.99188,42.777018]]],[[[-9.13083,42.777666],[-9.13103,42.777709],[-9.130642,42.777982],[-9.130624,42.777803],[-9.13083,42.777666]]],[[[-8.999143,42.778455],[-8.999349,42.778444],[-8.999622,42.77861],[-8.999223,42.778658],[-8.999143,42.778455]]],[[[-9.148493,42.793836],[-9.148866,42.794149],[-9.148105,42.794235],[-9.14806,42.79403],[-9.148493,42.793836]]],[[[-9.146116,42.794144],[-9.146125,42.794234],[-9.145894,42.794255],[-9.145934,42.794163],[-9.146116,42.794144]]],[[[-9.146854,42.793825],[-9.14716,42.794079],[-9.146813,42.794647],[-9.146668,42.794042],[-9.146854,42.793825]]],[[[-9.145539,42.793995],[-9.145613,42.794009],[-9.145641,42.794044],[-9.145548,42.794094],[-9.145539,42.793995]]],[[[-9.143083,42.793389],[-9.143197,42.793428],[-9.143093,42.793614],[-9.14297,42.793485],[-9.143083,42.793389]]],[[[-9.140823,42.793403],[-9.140832,42.793619],[-9.140776,42.793667],[-9.140739,42.793417],[-9.140823,42.793403]]],[[[-9.135989,42.790387],[-9.13702,42.790547],[-9.13724,42.790796],[-9.13577,42.790641],[-9.135989,42.790387]]],[[[-9.140275,42.791326],[-9.140461,42.791352],[-9.140485,42.791477],[-9.140245,42.791517],[-9.140275,42.791326]]],[[[-9.146487,42.79173],[-9.146579,42.791797],[-9.146501,42.791873],[-9.146413,42.791851],[-9.146487,42.79173]]],[[[-9.143072,42.79303],[-9.143233,42.793057],[-9.143225,42.793103],[-9.143014,42.793186],[-9.143072,42.79303]]],[[[-9.145988,42.792495],[-9.14618,42.792574],[-9.145987,42.793098],[-9.145888,42.792959],[-9.145988,42.792495]]],[[[-9.140902,42.792841],[-9.140953,42.793117],[-9.140556,42.793426],[-9.140781,42.792856],[-9.140902,42.792841]]],[[[-9.141794,42.794323],[-9.141961,42.794773],[-9.141355,42.795067],[-9.141369,42.794841],[-9.141794,42.794323]]],[[[-9.144106,42.794712],[-9.14425,42.795055],[-9.144131,42.795205],[-9.143968,42.794917],[-9.144106,42.794712]]],[[[-8.930933,42.801429],[-8.931143,42.801454],[-8.931172,42.801632],[-8.931013,42.801631],[-8.930933,42.801429]]],[[[-9.143608,42.802858],[-9.143934,42.803317],[-9.143914,42.804471],[-9.143199,42.804032],[-9.143608,42.802858]]],[[[-9.142895,42.804174],[-9.142933,42.804307],[-9.142771,42.80428],[-9.142766,42.804235],[-9.142895,42.804174]]],[[[-9.151818,42.805638],[-9.152057,42.805832],[-9.152129,42.806062],[-9.151732,42.805759],[-9.151818,42.805638]]],[[[-9.147243,42.815696],[-9.147322,42.815755],[-9.147206,42.815815],[-9.147149,42.815728],[-9.147243,42.815696]]],[[[-9.147182,42.816438],[-9.147317,42.816439],[-9.147362,42.816518],[-9.147141,42.816512],[-9.147182,42.816438]]],[[[-9.149185,42.806941],[-9.149562,42.807047],[-9.149101,42.807333],[-9.149045,42.807012],[-9.149185,42.806941]]],[[[-9.150564,42.807047],[-9.150679,42.807094],[-9.150632,42.807232],[-9.150489,42.80715],[-9.150564,42.807047]]],[[[-9.148661,42.810039],[-9.148786,42.810185],[-9.148495,42.81021],[-9.148555,42.81008],[-9.148661,42.810039]]],[[[-9.149,42.811848],[-9.149129,42.811913],[-9.149156,42.812064],[-9.148859,42.812026],[-9.149,42.811848]]],[[[-9.148486,42.810363],[-9.148699,42.810541],[-9.148674,42.810659],[-9.148367,42.810523],[-9.148486,42.810363]]],[[[-9.145875,42.820874],[-9.145935,42.820987],[-9.145782,42.821041],[-9.145735,42.820944],[-9.145875,42.820874]]],[[[-9.145244,42.820431],[-9.145294,42.820806],[-9.144812,42.820634],[-9.144897,42.820503],[-9.145244,42.820431]]],[[[-9.110667,42.820713],[-9.11077,42.82077],[-9.110748,42.820798],[-9.110637,42.820786],[-9.110667,42.820713]]],[[[-9.145304,42.816485],[-9.145514,42.816509],[-9.145715,42.816679],[-9.145265,42.816703],[-9.145304,42.816485]]],[[[-9.146177,42.816411],[-9.146794,42.817206],[-9.146774,42.817621],[-9.145754,42.817442],[-9.146177,42.816411]]],[[[-9.145551,42.815769],[-9.145597,42.815992],[-9.145467,42.816035],[-9.145389,42.815859],[-9.145551,42.815769]]],[[[-9.144249,42.81583],[-9.144258,42.816046],[-9.144081,42.81611],[-9.144071,42.815885],[-9.144249,42.81583]]],[[[-9.141766,42.804991],[-9.14267,42.805726],[-9.142773,42.806152],[-9.141344,42.806157],[-9.141766,42.804991]]],[[[-9.129182,42.808774],[-9.129376,42.80888],[-9.129365,42.809016],[-9.129053,42.808952],[-9.129182,42.808774]]],[[[-9.129051,42.807691],[-9.12968,42.808126],[-9.129171,42.80854],[-9.128764,42.808004],[-9.129051,42.807691]]],[[[-9.137673,42.808092],[-9.138952,42.808545],[-9.138403,42.809664],[-9.137239,42.809025],[-9.137673,42.808092]]],[[[-9.139362,42.806759],[-9.139776,42.807241],[-9.139062,42.807432],[-9.138937,42.806917],[-9.139362,42.806759]]],[[[-9.144887,42.814869],[-9.144956,42.814946],[-9.144935,42.814983],[-9.144846,42.814952],[-9.144887,42.814869]]],[[[-9.145058,42.814626],[-9.145209,42.814672],[-9.145231,42.814769],[-9.145019,42.814727],[-9.145058,42.814626]]],[[[-9.145505,42.814449],[-9.14568,42.81461],[-9.145701,42.81568],[-9.145309,42.815431],[-9.145505,42.814449]]],[[[-9.145111,42.811346],[-9.145199,42.811495],[-9.145083,42.811555],[-9.144994,42.811398],[-9.145111,42.811346]]],[[[-9.147939,42.809907],[-9.148424,42.812689],[-9.147182,42.814709],[-9.145659,42.813414],[-9.147939,42.809907]]],[[[-9.146383,42.814671],[-9.146782,42.814866],[-9.14675,42.81566],[-9.146185,42.815141],[-9.146383,42.814671]]],[[[-9.143627,42.815477],[-9.143898,42.815624],[-9.143528,42.815833],[-9.143447,42.81564],[-9.143627,42.815477]]],[[[-9.119897,42.838599],[-9.120251,42.838589],[-9.120347,42.838692],[-9.119964,42.838785],[-9.119897,42.838599]]],[[[-9.119972,42.839351],[-9.120172,42.839404],[-9.120245,42.839517],[-9.119914,42.839507],[-9.119972,42.839351]]],[[[-9.11967,42.83989],[-9.11981,42.839945],[-9.119915,42.840381],[-9.11975,42.840326],[-9.11967,42.83989]]],[[[-9.11801,42.840294],[-9.118128,42.840377],[-9.118008,42.840519],[-9.117865,42.840437],[-9.11801,42.840294]]],[[[-9.117994,42.840754],[-9.11818,42.840771],[-9.118249,42.840857],[-9.117911,42.840902],[-9.117994,42.840754]]],[[[-9.117558,42.841659],[-9.117669,42.842166],[-9.118151,42.842339],[-9.117454,42.842214],[-9.117558,42.841659]]],[[[-9.129495,42.842378],[-9.129693,42.842403],[-9.129716,42.84251],[-9.129552,42.842582],[-9.129495,42.842378]]],[[[-9.145899,42.859471],[-9.146114,42.859783],[-9.145513,42.859888],[-9.145492,42.859808],[-9.145899,42.859471]]],[[[-9.142882,42.855466],[-9.143022,42.855521],[-9.14307,42.855627],[-9.1428,42.855623],[-9.142882,42.855466]]],[[[-9.142853,42.855791],[-9.143277,42.855994],[-9.142407,42.856103],[-9.142525,42.855935],[-9.142853,42.855791]]],[[[-9.143459,42.857577],[-9.143757,42.857741],[-9.143584,42.858092],[-9.143443,42.858028],[-9.143459,42.857577]]],[[[-9.142903,42.857769],[-9.143114,42.857794],[-9.143115,42.857929],[-9.142844,42.857907],[-9.142903,42.857769]]],[[[-9.141871,42.854278],[-9.142,42.854595],[-9.142254,42.854807],[-9.141527,42.85463],[-9.141871,42.854278]]],[[[-9.139673,42.851858],[-9.140327,42.852291],[-9.140349,42.852389],[-9.139618,42.852419],[-9.139673,42.851858]]],[[[-9.140743,42.852899],[-9.141134,42.853139],[-9.14045,42.853769],[-9.140416,42.853555],[-9.140743,42.852899]]],[[[-9.14031,42.84978],[-9.140499,42.849959],[-9.140292,42.850087],[-9.140188,42.849904],[-9.14031,42.84978]]],[[[-9.131711,42.84486],[-9.131918,42.844975],[-9.132068,42.845381],[-9.131657,42.845061],[-9.131711,42.84486]]],[[[-9.131206,42.844464],[-9.131391,42.844472],[-9.131554,42.84476],[-9.131241,42.844687],[-9.131206,42.844464]]],[[[-9.132383,42.844734],[-9.132637,42.844945],[-9.132684,42.846158],[-9.13228,42.845793],[-9.132383,42.844734]]],[[[-9.135388,42.846292],[-9.136716,42.847462],[-9.136598,42.848252],[-9.135315,42.847646],[-9.135388,42.846292]]],[[[-9.137698,42.848607],[-9.137813,42.848781],[-9.137664,42.849005],[-9.137562,42.848839],[-9.137698,42.848607]]],[[[-9.138666,42.849239],[-9.138752,42.849243],[-9.138875,42.849371],[-9.138723,42.849443],[-9.138666,42.849239]]],[[[-9.117138,42.842978],[-9.117368,42.843074],[-9.117405,42.843324],[-9.117035,42.84329],[-9.117138,42.842978]]],[[[-9.127741,42.843075],[-9.127917,42.843246],[-9.12782,42.843494],[-9.127652,42.843404],[-9.127741,42.843075]]],[[[-9.129039,42.843212],[-9.129214,42.843248],[-9.129456,42.843469],[-9.129129,42.843378],[-9.129039,42.843212]]],[[[-9.13074,42.843706],[-9.131043,42.843807],[-9.13119,42.844177],[-9.130694,42.844104],[-9.13074,42.843706]]],[[[-9.0486,42.517695],[-9.048796,42.517711],[-9.048931,42.517974],[-9.048524,42.518041],[-9.0486,42.517695]]],[[[-9.047672,42.518671],[-9.047721,42.518795],[-9.047614,42.518827],[-9.047571,42.518758],[-9.047672,42.518671]]],[[[-9.028179,42.519936],[-9.02829,42.519957],[-9.028306,42.519992],[-9.028123,42.519993],[-9.028179,42.519936]]],[[[-9.054032,42.520386],[-9.05461,42.520446],[-9.054641,42.520642],[-9.054146,42.520812],[-9.054032,42.520386]]],[[[-8.989592,42.522354],[-8.989669,42.522395],[-8.989614,42.522452],[-8.989558,42.522373],[-8.989592,42.522354]]],[[[-9.04827,42.518189],[-9.048562,42.518183],[-9.048767,42.518415],[-9.048465,42.518566],[-9.04827,42.518189]]],[[[-9.052907,42.524848],[-9.053029,42.524985],[-9.052754,42.525036],[-9.052762,42.524865],[-9.052907,42.524848]]],[[[-8.999039,42.526314],[-8.999092,42.526491],[-8.999027,42.526575],[-8.998844,42.526441],[-8.999039,42.526314]]],[[[-8.997286,42.527198],[-8.997862,42.527366],[-8.998042,42.527725],[-8.997475,42.527773],[-8.997286,42.527198]]],[[[-8.991371,42.527958],[-8.991718,42.528273],[-8.991407,42.528461],[-8.991247,42.528064],[-8.991371,42.527958]]],[[[-9.044243,42.531149],[-9.044366,42.53116],[-9.044428,42.531301],[-9.044271,42.531309],[-9.044243,42.531149]]],[[[-8.987005,42.531158],[-8.987009,42.531329],[-8.986885,42.531308],[-8.986894,42.531272],[-8.987005,42.531158]]],[[[-9.046694,42.531946],[-9.046779,42.531951],[-9.046811,42.53203],[-9.046631,42.532049],[-9.046694,42.531946]]],[[[-9.04475,42.532112],[-9.044807,42.532199],[-9.044774,42.532228],[-9.044709,42.532186],[-9.04475,42.532112]]],[[[-8.983379,42.532446],[-8.983481,42.532495],[-8.983485,42.532531],[-8.983314,42.532531],[-8.983379,42.532446]]],[[[-8.983156,42.532908],[-8.983253,42.532903],[-8.983361,42.533014],[-8.983178,42.533015],[-8.983156,42.532908]]],[[[-9.044524,42.524617],[-9.044632,42.524728],[-9.044545,42.524841],[-9.04442,42.524676],[-9.044524,42.524617]]],[[[-9.044833,42.524798],[-9.044925,42.524866],[-9.044704,42.524967],[-9.044675,42.524924],[-9.044833,42.524798]]],[[[-9.008678,42.515815],[-9.009744,42.516533],[-9.009395,42.518091],[-9.008246,42.517269],[-9.008678,42.515815]]],[[[-9.032213,42.517608],[-9.032334,42.517601],[-9.032361,42.517627],[-9.032256,42.517677],[-9.032213,42.517608]]],[[[-9.03959,42.517389],[-9.039711,42.517382],[-9.039776,42.517424],[-9.039573,42.517462],[-9.03959,42.517389]]],[[[-9.047224,42.517561],[-9.047571,42.517749],[-9.047199,42.518057],[-9.047132,42.51762],[-9.047224,42.517561]]],[[[-9.038873,42.517273],[-9.039239,42.517407],[-9.039457,42.517648],[-9.038838,42.517914],[-9.038873,42.517273]]],[[[-9.044197,42.517721],[-9.044304,42.517814],[-9.044124,42.517968],[-9.044068,42.51789],[-9.044197,42.517721]]],[[[-9.046095,42.517467],[-9.04642,42.518053],[-9.045329,42.518606],[-9.045475,42.517851],[-9.046095,42.517467]]],[[[-8.984385,42.533411],[-8.984442,42.533507],[-8.984279,42.533452],[-8.984301,42.533424],[-8.984385,42.533411]]],[[[-8.991495,42.533812],[-8.991712,42.534044],[-8.991485,42.534218],[-8.991439,42.534121],[-8.991495,42.533812]]],[[[-9.047519,42.534558],[-9.047768,42.534617],[-9.047717,42.534845],[-9.047447,42.534697],[-9.047519,42.534558]]],[[[-9.044219,42.534544],[-9.04428,42.534549],[-9.044313,42.534638],[-9.044205,42.534652],[-9.044219,42.534544]]],[[[-9.042959,42.534484],[-9.04327,42.535053],[-9.04312,42.535385],[-9.042742,42.535135],[-9.042959,42.534484]]],[[[-9.043393,42.534434],[-9.04379,42.535017],[-9.043714,42.535111],[-9.04332,42.534816],[-9.043393,42.534434]]],[[[-8.982863,42.5362],[-8.98304,42.536272],[-8.983043,42.536308],[-8.982912,42.536332],[-8.982863,42.5362]]],[[[-8.984884,42.537606],[-8.985048,42.53767],[-8.98504,42.537706],[-8.984935,42.537757],[-8.984884,42.537606]]],[[[-8.981426,42.539624],[-8.981766,42.53975],[-8.981622,42.540154],[-8.981279,42.539875],[-8.981426,42.539624]]],[[[-8.93889,42.548028],[-8.940807,42.550125],[-8.940292,42.551754],[-8.93832,42.549066],[-8.93889,42.548028]]],[[[-8.986344,42.554993],[-8.986549,42.555351],[-8.985982,42.555273],[-8.98601,42.555191],[-8.986344,42.554993]]],[[[-8.985761,42.555258],[-8.985762,42.555393],[-8.985402,42.555456],[-8.985432,42.555383],[-8.985761,42.555258]]],[[[-9.092923,42.558429],[-9.093004,42.558631],[-9.092769,42.558599],[-9.09276,42.558509],[-9.092923,42.558429]]],[[[-8.948235,42.55973],[-8.948317,42.559816],[-8.94821,42.559849],[-8.948208,42.559822],[-8.948235,42.55973]]],[[[-9.050093,42.536132],[-9.050265,42.536276],[-9.049897,42.536241],[-9.049951,42.536167],[-9.050093,42.536132]]],[[[-9.04119,42.56035],[-9.041315,42.560379],[-9.041319,42.56055],[-9.041229,42.560501],[-9.04119,42.56035]]],[[[-9.041049,42.56078],[-9.041112,42.560804],[-9.040927,42.560904],[-9.040944,42.560822],[-9.041049,42.56078]]],[[[-9.041393,42.560807],[-9.041443,42.560822],[-9.041439,42.560904],[-9.041326,42.560873],[-9.041393,42.560807]]],[[[-9.041366,42.560655],[-9.041439,42.560777],[-9.041214,42.560717],[-9.041248,42.560698],[-9.041366,42.560655]]],[[[-9.041884,42.561096],[-9.041959,42.561119],[-9.041965,42.561182],[-9.041854,42.56117],[-9.041884,42.561096]]],[[[-9.041508,42.561116],[-9.041569,42.561113],[-9.041594,42.561246],[-9.041456,42.561209],[-9.041508,42.561116]]],[[[-9.041255,42.561147],[-9.041321,42.561198],[-9.041147,42.561288],[-9.041119,42.561253],[-9.041255,42.561147]]],[[[-9.038487,42.563364],[-9.038552,42.563415],[-9.038411,42.563467],[-9.038395,42.563423],[-9.038487,42.563364]]],[[[-9.074056,42.565618],[-9.074418,42.565959],[-9.074349,42.566125],[-9.073923,42.566003],[-9.074056,42.565618]]],[[[-9.038842,42.563264],[-9.039031,42.563452],[-9.038615,42.563429],[-9.038611,42.563394],[-9.038842,42.563264]]],[[[-8.948737,42.559749],[-8.948872,42.559769],[-8.948876,42.559805],[-8.948794,42.559845],[-8.948737,42.559749]]],[[[-9.080342,42.566517],[-9.080549,42.566515],[-9.080569,42.566595],[-9.080367,42.56665],[-9.080342,42.566517]]],[[[-9.048349,42.56674],[-9.048378,42.566918],[-9.048131,42.566877],[-9.048183,42.566794],[-9.048349,42.56674]]],[[[-8.971938,42.566928],[-8.972044,42.567012],[-8.972015,42.567221],[-8.971872,42.567003],[-8.971938,42.566928]]],[[[-8.971774,42.567125],[-8.971811,42.567123],[-8.971868,42.56721],[-8.971795,42.567214],[-8.971774,42.567125]]],[[[-8.965365,42.567082],[-8.965464,42.567356],[-8.965331,42.567489],[-8.965142,42.567175],[-8.965365,42.567082]]],[[[-8.967084,42.567487],[-8.967172,42.567519],[-8.967153,42.567574],[-8.967054,42.567552],[-8.967084,42.567487]]],[[[-8.965795,42.566997],[-8.965822,42.567157],[-8.965652,42.567157],[-8.965659,42.567103],[-8.965795,42.566997]]],[[[-8.965508,42.567687],[-8.965595,42.567709],[-8.965566,42.567918],[-8.965444,42.567789],[-8.965508,42.567687]]],[[[-8.964104,42.568291],[-8.964209,42.568367],[-8.964182,42.568467],[-8.96404,42.568385],[-8.964104,42.568291]]],[[[-8.962673,42.568609],[-8.962809,42.568629],[-8.962772,42.568748],[-8.962593,42.568667],[-8.962673,42.568609]]],[[[-8.962606,42.568802],[-8.96273,42.568822],[-8.962772,42.568874],[-8.962667,42.568924],[-8.962606,42.568802]]],[[[-8.959021,42.569511],[-8.959121,42.569542],[-8.958929,42.569696],[-8.95891,42.569625],[-8.959021,42.569511]]],[[[-9.070645,42.571858],[-9.070989,42.571884],[-9.071094,42.571969],[-9.07067,42.572117],[-9.070645,42.571858]]],[[[-9.067714,42.572526],[-9.067915,42.572588],[-9.067942,42.572739],[-9.067715,42.572661],[-9.067714,42.572526]]],[[[-9.090136,42.572782],[-9.090296,42.5728],[-9.090332,42.572924],[-9.090129,42.572962],[-9.090136,42.572782]]],[[[-9.067588,42.572983],[-9.067665,42.573024],[-9.067556,42.573156],[-9.067488,42.573079],[-9.067588,42.572983]]],[[[-8.958477,42.57287],[-8.958776,42.573196],[-8.958466,42.573393],[-8.958333,42.573282],[-8.958477,42.57287]]],[[[-9.092479,42.573701],[-9.092651,42.573719],[-9.092679,42.573879],[-9.092521,42.573888],[-9.092479,42.573701]]],[[[-9.091757,42.574163],[-9.09209,42.574208],[-9.092144,42.574385],[-9.091715,42.574363],[-9.091757,42.574163]]],[[[-8.957424,42.574347],[-8.957567,42.574439],[-8.957337,42.574577],[-8.957333,42.574415],[-8.957424,42.574347]]],[[[-9.093025,42.575553],[-9.093174,42.575581],[-9.093175,42.575716],[-9.093029,42.575715],[-9.093025,42.575553]]],[[[-9.094788,42.576647],[-9.095056,42.576768],[-9.094978,42.576961],[-9.094743,42.576929],[-9.094788,42.576647]]],[[[-9.092111,42.57679],[-9.092337,42.576859],[-9.092363,42.577002],[-9.092086,42.576908],[-9.092111,42.57679]]],[[[-9.091895,42.577072],[-9.091969,42.577212],[-9.091878,42.57728],[-9.091771,42.577177],[-9.091895,42.577072]]],[[[-8.95741,42.573304],[-8.956997,42.573829],[-8.956723,42.573637],[-8.956872,42.573413],[-8.95741,42.573304]]],[[[-9.065713,42.57374],[-9.065774,42.573737],[-9.06583,42.573815],[-9.065647,42.573815],[-9.065713,42.57374]]],[[[-8.961183,42.57073],[-8.961432,42.570915],[-8.961409,42.571313],[-8.960876,42.570827],[-8.961183,42.57073]]],[[[-8.970178,42.565201],[-8.969967,42.566184],[-8.969176,42.566064],[-8.96932,42.565399],[-8.970178,42.565201]]],[[[-8.970256,42.566151],[-8.970373,42.566226],[-8.970373,42.566352],[-8.970191,42.566362],[-8.970256,42.566151]]],[[[-9.080222,42.566163],[-9.08036,42.566201],[-9.080337,42.566337],[-9.080131,42.566348],[-9.080222,42.566163]]],[[[-9.042175,42.532798],[-9.042495,42.532952],[-9.042517,42.533185],[-9.042134,42.532998],[-9.042175,42.532798]]],[[[-9.045243,42.533049],[-9.045387,42.533159],[-9.044928,42.533192],[-9.044907,42.533103],[-9.045243,42.533049]]],[[[-9.042842,42.533149],[-9.043115,42.533324],[-9.043056,42.533471],[-9.042816,42.533376],[-9.042842,42.533149]]],[[[-8.951067,43.24552],[-8.951245,43.245583],[-8.951229,43.245799],[-8.951053,43.245764],[-8.951067,43.24552]]],[[[-8.950984,43.245938],[-8.951151,43.246002],[-8.950982,43.246298],[-8.950874,43.24607],[-8.950984,43.245938]]],[[[-8.954531,43.257654],[-8.954632,43.25781],[-8.954336,43.258177],[-8.954296,43.2579],[-8.954531,43.257654]]],[[[-8.953707,43.256409],[-8.953848,43.256465],[-8.953827,43.256502],[-8.953702,43.256482],[-8.953707,43.256409]]],[[[-8.983305,43.265202],[-8.983447,43.265276],[-8.983577,43.265719],[-8.983122,43.265473],[-8.983305,43.265202]]],[[[-8.983329,43.265957],[-8.983518,43.266118],[-8.983461,43.266418],[-8.982701,43.266206],[-8.983329,43.265957]]],[[[-8.990576,43.273381],[-8.990707,43.273455],[-8.991124,43.273433],[-8.990668,43.273556],[-8.990576,43.273381]]],[[[-8.990448,43.273199],[-8.990533,43.273194],[-8.990599,43.273236],[-8.990304,43.273242],[-8.990448,43.273199]]],[[[-8.984917,43.267566],[-8.985318,43.267635],[-8.98454,43.267748],[-8.984522,43.267686],[-8.984917,43.267566]]],[[[-8.983858,43.282988],[-8.983986,43.283035],[-8.983723,43.283112],[-8.983737,43.283012],[-8.983858,43.282988]]],[[[-8.952285,43.29376],[-8.952371,43.293756],[-8.9526,43.293834],[-8.952068,43.293934],[-8.952285,43.29376]]],[[[-8.928889,43.293449],[-8.928952,43.29359],[-8.928764,43.293555],[-8.928758,43.293501],[-8.928889,43.293449]]],[[[-8.925632,43.293664],[-8.925729,43.293776],[-8.925478,43.293852],[-8.925463,43.293826],[-8.925632,43.293664]]],[[[-8.920242,43.295645],[-8.920325,43.29574],[-8.920049,43.295817],[-8.920032,43.295764],[-8.920242,43.295645]]],[[[-8.911504,43.303381],[-8.911946,43.303737],[-8.911822,43.303986],[-8.911301,43.30395],[-8.911504,43.303381]]],[[[-8.910382,43.304511],[-8.910262,43.304931],[-8.909599,43.305082],[-8.909986,43.304621],[-8.910382,43.304511]]],[[[-8.908762,43.305225],[-8.909044,43.305588],[-8.909688,43.305744],[-8.908058,43.305964],[-8.908762,43.305225]]],[[[-8.913839,43.306474],[-8.914051,43.306499],[-8.914104,43.306541],[-8.914026,43.306626],[-8.913839,43.306474]]],[[[-8.915269,43.306607],[-8.915396,43.306645],[-8.915334,43.306765],[-8.915203,43.306682],[-8.915269,43.306607]]],[[[-8.849886,43.361364],[-8.849917,43.361687],[-8.849598,43.361703],[-8.849747,43.361453],[-8.849886,43.361364]]],[[[-8.844275,43.361909],[-8.844581,43.362183],[-8.844094,43.362379],[-8.844072,43.362057],[-8.844275,43.361909]]],[[[-8.347895,43.361902],[-8.348125,43.362413],[-8.347611,43.362599],[-8.347524,43.362171],[-8.347895,43.361902]]],[[[-8.848865,43.362038],[-8.849229,43.362226],[-8.849069,43.362613],[-8.848754,43.362548],[-8.848865,43.362038]]],[[[-8.838165,43.362808],[-8.838759,43.363077],[-8.838766,43.363195],[-8.838196,43.363182],[-8.838165,43.362808]]],[[[-8.841932,43.362417],[-8.842851,43.362594],[-8.842895,43.36277],[-8.842198,43.36293],[-8.841932,43.362417]]],[[[-8.837884,43.363734],[-8.838319,43.363798],[-8.83819,43.364295],[-8.83777,43.364145],[-8.837884,43.363734]]],[[[-8.251011,43.36672],[-8.251619,43.366755],[-8.251653,43.36715],[-8.250761,43.367101],[-8.251011,43.36672]]],[[[-8.449606,43.38177],[-8.449894,43.381819],[-8.449982,43.381968],[-8.44967,43.381938],[-8.449606,43.38177]]],[[[-8.449659,43.377969],[-8.451711,43.378825],[-8.451203,43.380046],[-8.448098,43.379133],[-8.449659,43.377969]]],[[[-8.436896,43.381522],[-8.437344,43.381699],[-8.436943,43.382465],[-8.436667,43.382136],[-8.436896,43.381522]]],[[[-8.436619,43.382705],[-8.436785,43.382904],[-8.436589,43.383058],[-8.436424,43.382733],[-8.436619,43.382705]]],[[[-8.447848,43.379514],[-8.449226,43.381392],[-8.446107,43.381838],[-8.445992,43.381385],[-8.447848,43.379514]]],[[[-8.44546,43.382058],[-8.447345,43.382706],[-8.447033,43.383352],[-8.446387,43.38331],[-8.44546,43.382058]]],[[[-8.452489,43.375808],[-8.453725,43.377756],[-8.450246,43.3775],[-8.452043,43.376477],[-8.452489,43.375808]]],[[[-8.264058,43.417802],[-8.262989,43.419292],[-8.260766,43.418575],[-8.263268,43.418522],[-8.264058,43.417802]]],[[[-8.212659,43.418543],[-8.212825,43.418608],[-8.212468,43.418768],[-8.212454,43.418607],[-8.212659,43.418543]]],[[[-8.340739,43.510319],[-8.341441,43.51043],[-8.341566,43.510577],[-8.340766,43.510488],[-8.340739,43.510319]]],[[[-8.230767,43.462178],[-8.230842,43.462192],[-8.230814,43.462292],[-8.230738,43.462278],[-8.230767,43.462178]]],[[[-8.23141,43.462184],[-8.231474,43.462208],[-8.231432,43.4623],[-8.231357,43.462286],[-8.23141,43.462184]]],[[[-8.229771,43.462241],[-8.229828,43.462329],[-8.229745,43.462369],[-8.229688,43.462281],[-8.229771,43.462241]]],[[[-8.335032,43.510685],[-8.335254,43.510819],[-8.334667,43.511026],[-8.334648,43.510811],[-8.335032,43.510685]]],[[[-8.336339,43.510354],[-8.339878,43.510935],[-8.340503,43.511851],[-8.337068,43.511751],[-8.336339,43.510354]]],[[[-8.332926,43.510928],[-8.333145,43.511025],[-8.332903,43.51137],[-8.33266,43.511138],[-8.332926,43.510928]]],[[[-8.33283,43.512499],[-8.333114,43.512638],[-8.333116,43.512791],[-8.332804,43.51277],[-8.33283,43.512499]]],[[[-8.324653,43.52778],[-8.326349,43.528493],[-8.326326,43.529628],[-8.324555,43.528766],[-8.324653,43.52778]]],[[[-8.311766,43.544982],[-8.311743,43.545136],[-8.311509,43.545156],[-8.311598,43.545035],[-8.311766,43.544982]]],[[[-8.310088,43.545177],[-8.310213,43.545199],[-8.310197,43.545289],[-8.310082,43.54525],[-8.310088,43.545177]]],[[[-8.315573,43.549846],[-8.3158,43.550448],[-8.315284,43.550499],[-8.315156,43.550163],[-8.315573,43.549846]]],[[[-8.311221,43.544972],[-8.311065,43.545312],[-8.310758,43.545335],[-8.310879,43.545168],[-8.311221,43.544972]]],[[[-8.222009,43.374944],[-8.222517,43.375346],[-8.221692,43.375828],[-8.221545,43.375296],[-8.222009,43.374944]]],[[[-8.340794,43.375144],[-8.341848,43.375194],[-8.342154,43.376008],[-8.340879,43.375968],[-8.340794,43.375144]]],[[[-8.412574,43.384056],[-8.413516,43.384237],[-8.413494,43.384409],[-8.412837,43.384521],[-8.412574,43.384056]]],[[[-8.412716,43.388965],[-8.413827,43.388966],[-8.414119,43.389195],[-8.413123,43.389243],[-8.412716,43.388965]]],[[[-8.343959,43.398591],[-8.344101,43.398801],[-8.343781,43.39896],[-8.343706,43.398801],[-8.343959,43.398591]]],[[[-8.41143,43.387424],[-8.411735,43.387517],[-8.411727,43.387842],[-8.411231,43.387541],[-8.41143,43.387424]]],[[[-8.406759,43.388473],[-8.40792,43.388616],[-8.408066,43.388727],[-8.407769,43.388858],[-8.406759,43.388473]]],[[[-8.338805,43.400633],[-8.339047,43.400712],[-8.339415,43.400686],[-8.339009,43.400984],[-8.338805,43.400633]]],[[[-8.224615,43.384614],[-8.224916,43.385096],[-8.223467,43.385756],[-8.22342,43.384921],[-8.224615,43.384614]]],[[[-8.283197,43.386461],[-8.283444,43.386458],[-8.284044,43.386683],[-8.28328,43.386844],[-8.283197,43.386461]]],[[[-8.339469,43.401025],[-8.339864,43.401025],[-8.339957,43.401092],[-8.339469,43.401295],[-8.339469,43.401025]]],[[[-8.334569,43.401462],[-8.334423,43.401765],[-8.334082,43.401673],[-8.334099,43.401583],[-8.334569,43.401462]]],[[[-8.327493,43.403683],[-8.327664,43.40381],[-8.3274,43.403894],[-8.327371,43.403707],[-8.327493,43.403683]]],[[[-8.336358,43.405789],[-8.336498,43.406404],[-8.335425,43.406976],[-8.335612,43.406157],[-8.336358,43.405789]]],[[[-8.336606,43.406642],[-8.33667,43.40681],[-8.336262,43.407081],[-8.336244,43.406884],[-8.336606,43.406642]]],[[[-8.327237,43.40428],[-8.327543,43.404536],[-8.327214,43.404731],[-8.32697,43.404482],[-8.327237,43.40428]]],[[[-8.326818,43.404579],[-8.32696,43.404923],[-8.326481,43.405234],[-8.326551,43.404771],[-8.326818,43.404579]]],[[[-8.199746,43.603642],[-8.199954,43.603902],[-8.199792,43.604036],[-8.199631,43.603899],[-8.199746,43.603642]]],[[[-8.196373,43.603319],[-8.196606,43.603443],[-8.196597,43.603479],[-8.196323,43.603456],[-8.196373,43.603319]]],[[[-8.19606,43.603423],[-8.196678,43.603845],[-8.196594,43.604164],[-8.195977,43.603904],[-8.19606,43.603423]]],[[[-8.196025,43.603163],[-8.196079,43.603215],[-8.195938,43.603302],[-8.195933,43.603249],[-8.196025,43.603163]]],[[[-8.196032,43.608412],[-8.19611,43.608453],[-8.196074,43.608617],[-8.195935,43.608587],[-8.196032,43.608412]]],[[[-8.196879,43.608463],[-8.197002,43.608457],[-8.197142,43.608496],[-8.196927,43.608596],[-8.196879,43.608463]]],[[[-8.198595,43.610401],[-8.198677,43.610776],[-8.198622,43.610859],[-8.198417,43.610635],[-8.198595,43.610401]]],[[[-8.19784,43.611561],[-8.198045,43.612362],[-8.19707,43.612686],[-8.197499,43.611631],[-8.19784,43.611561]]],[[[-8.198154,43.610466],[-8.198326,43.610873],[-8.198009,43.611364],[-8.197846,43.610913],[-8.198154,43.610466]]],[[[-8.191405,43.612224],[-8.191699,43.613335],[-8.19127,43.613679],[-8.190592,43.612711],[-8.191405,43.612224]]],[[[-8.19686,43.613847],[-8.197001,43.614183],[-8.19682,43.614236],[-8.196726,43.61416],[-8.19686,43.613847]]],[[[-8.194123,43.613],[-8.194166,43.613061],[-8.193964,43.61316],[-8.193994,43.613087],[-8.194123,43.613]]],[[[-8.194284,43.613137],[-8.194524,43.613621],[-8.194042,43.61421],[-8.193907,43.613505],[-8.194284,43.613137]]],[[[-8.214706,43.593578],[-8.215219,43.593779],[-8.215356,43.593926],[-8.215141,43.594017],[-8.214706,43.593578]]],[[[-8.202424,43.59765],[-8.202527,43.597699],[-8.202558,43.59777],[-8.202418,43.597722],[-8.202424,43.59765]]],[[[-8.201984,43.597715],[-8.202395,43.598029],[-8.202431,43.598307],[-8.201921,43.597853],[-8.201984,43.597715]]],[[[-8.209774,43.594974],[-8.210011,43.594999],[-8.210514,43.595372],[-8.210124,43.5953],[-8.209774,43.594974]]],[[[-8.210122,43.594562],[-8.210494,43.594716],[-8.210566,43.594829],[-8.210183,43.594838],[-8.210122,43.594562]]],[[[-8.210804,43.594854],[-8.21127,43.595094],[-8.211302,43.595318],[-8.21101,43.595232],[-8.210804,43.594854]]],[[[-8.209852,43.595303],[-8.211134,43.595947],[-8.211074,43.596264],[-8.209581,43.596036],[-8.209852,43.595303]]],[[[-8.092694,43.666722],[-8.092838,43.666806],[-8.092869,43.666885],[-8.092583,43.666871],[-8.092694,43.666722]]],[[[-8.092022,43.666689],[-8.092273,43.666876],[-8.092345,43.667143],[-8.091963,43.667025],[-8.092022,43.666689]]],[[[-8.092482,43.666849],[-8.092515,43.667099],[-8.09247,43.667146],[-8.09236,43.666872],[-8.092482,43.666849]]],[[[-8.092898,43.66737],[-8.0931,43.667415],[-8.093192,43.667618],[-8.092989,43.667564],[-8.092898,43.66737]]],[[[-8.092668,43.667435],[-8.092868,43.667462],[-8.09296,43.667665],[-8.092678,43.66756],[-8.092668,43.667435]]],[[[-8.076616,43.668862],[-8.076863,43.668995],[-8.077129,43.669793],[-8.076077,43.669525],[-8.076616,43.668862]]],[[[-8.068707,43.689046],[-8.068922,43.689091],[-8.06907,43.689228],[-8.068802,43.689285],[-8.068707,43.689046]]],[[[-8.075215,43.673272],[-8.075447,43.67337],[-8.075435,43.673524],[-8.075085,43.673494],[-8.075215,43.673272]]],[[[-8.075988,43.673616],[-8.076239,43.673641],[-8.076321,43.673736],[-8.076051,43.673766],[-8.075988,43.673616]]],[[[-8.067187,43.69691],[-8.067649,43.696935],[-8.067726,43.69712],[-8.067366,43.697262],[-8.067187,43.69691]]],[[[-8.065626,43.701202],[-8.065918,43.701279],[-8.065771,43.701591],[-8.065396,43.70141],[-8.065626,43.701202]]],[[[-8.066382,43.70133],[-8.066942,43.701494],[-8.066773,43.701997],[-8.06649,43.701874],[-8.066382,43.70133]]],[[[-8.064329,43.70215],[-8.064727,43.702304],[-8.064736,43.702411],[-8.064247,43.702361],[-8.064329,43.70215]]],[[[-8.057015,43.709308],[-8.057217,43.709344],[-8.057246,43.70955],[-8.056944,43.7095],[-8.057015,43.709308]]],[[[-8.053345,43.709498],[-8.054284,43.710185],[-8.054295,43.710464],[-8.052841,43.710141],[-8.053345,43.709498]]],[[[-8.18954,43.616891],[-8.189621,43.616968],[-8.189539,43.61717],[-8.189449,43.616994],[-8.18954,43.616891]]],[[[-8.189926,43.617917],[-8.190053,43.618245],[-8.18994,43.61852],[-8.189825,43.618048],[-8.189926,43.617917]]],[[[-8.153598,43.61826],[-8.153686,43.618275],[-8.153815,43.618332],[-8.153559,43.618379],[-8.153598,43.61826]]],[[[-8.153915,43.617616],[-8.154074,43.618176],[-8.153373,43.617947],[-8.153424,43.617818],[-8.153915,43.617616]]],[[[-8.190114,43.618521],[-8.190195,43.618598],[-8.190068,43.618712],[-8.190078,43.618541],[-8.190114,43.618521]]],[[[-8.189308,43.619953],[-8.189359,43.619969],[-8.189393,43.620075],[-8.189287,43.619999],[-8.189308,43.619953]]],[[[-8.182791,43.62169],[-8.182744,43.622151],[-8.182297,43.622289],[-8.182274,43.62202],[-8.182791,43.62169]]],[[[-8.18153,43.622306],[-8.181416,43.622707],[-8.180915,43.622649],[-8.181023,43.622455],[-8.18153,43.622306]]],[[[-8.148494,43.62247],[-8.148635,43.623256],[-8.148081,43.623731],[-8.148332,43.622604],[-8.148494,43.62247]]],[[[-8.144152,43.627492],[-8.144372,43.627608],[-8.144035,43.627722],[-8.144006,43.627669],[-8.144152,43.627492]]],[[[-8.142723,43.629915],[-8.143044,43.630189],[-8.142416,43.630244],[-8.142582,43.630002],[-8.142723,43.629915]]],[[[-8.141688,43.632014],[-8.14178,43.632226],[-8.141429,43.632323],[-8.141465,43.632168],[-8.141688,43.632014]]],[[[-8.136532,43.635209],[-8.13686,43.635275],[-8.137049,43.635455],[-8.136712,43.635579],[-8.136532,43.635209]]],[[[-8.135084,43.635679],[-8.135793,43.635845],[-8.135841,43.635978],[-8.135218,43.636078],[-8.135084,43.635679]]],[[[-8.132346,43.637873],[-8.132324,43.638045],[-8.132266,43.638093],[-8.132225,43.637905],[-8.132346,43.637873]]],[[[-8.121395,43.64464],[-8.121491,43.644753],[-8.1211,43.644969],[-8.12109,43.644852],[-8.121395,43.64464]]],[[[-8.121545,43.645246],[-8.121556,43.645515],[-8.121308,43.645517],[-8.121361,43.645263],[-8.121545,43.645246]]],[[[-8.109198,43.648014],[-8.110208,43.64823],[-8.110269,43.648516],[-8.10925,43.648921],[-8.109198,43.648014]]],[[[-8.098168,43.655377],[-8.098197,43.65543],[-8.097995,43.655529],[-8.098034,43.65541],[-8.098168,43.655377]]],[[[-8.094479,43.659981],[-8.094727,43.66042],[-8.093929,43.660518],[-8.094084,43.660295],[-8.094479,43.659981]]],[[[-8.094164,43.664019],[-8.094394,43.664387],[-8.09369,43.664274],[-8.093859,43.664077],[-8.094164,43.664019]]],[[[-8.12104,43.643963],[-8.121226,43.644261],[-8.121019,43.644594],[-8.120933,43.644166],[-8.12104,43.643963]]],[[[-8.090273,43.665813],[-8.091042,43.665959],[-8.091579,43.666583],[-8.090438,43.666292],[-8.090273,43.665813]]],[[[-8.092355,43.66653],[-8.092408,43.666564],[-8.092425,43.666761],[-8.09232,43.666694],[-8.092355,43.66653]]],[[[-8.304793,43.540275],[-8.304916,43.540269],[-8.30573,43.540519],[-8.3048,43.540634],[-8.304793,43.540275]]],[[[-8.304655,43.540812],[-8.305042,43.541001],[-8.305094,43.541449],[-8.304696,43.541287],[-8.304655,43.540812]]],[[[-8.305153,43.542112],[-8.305276,43.542251],[-8.304959,43.542301],[-8.304981,43.542129],[-8.305153,43.542112]]],[[[-8.306688,43.543805],[-8.306691,43.543985],[-8.306512,43.543922],[-8.306614,43.543818],[-8.306688,43.543805]]],[[[-8.277696,43.558431],[-8.277685,43.559016],[-8.277348,43.559122],[-8.277275,43.55899],[-8.277696,43.558431]]],[[[-8.280423,43.558754],[-8.280525,43.55893],[-8.280279,43.559094],[-8.280322,43.558876],[-8.280423,43.558754]]],[[[-8.282918,43.561232],[-8.282971,43.561562],[-8.282434,43.561506],[-8.282449,43.561388],[-8.282918,43.561232]]],[[[-8.301148,43.562023],[-8.3013,43.562061],[-8.301488,43.562368],[-8.301204,43.562381],[-8.301148,43.562023]]],[[[-8.25376,43.563453],[-8.253909,43.563464],[-8.253913,43.563509],[-8.253693,43.563546],[-8.25376,43.563453]]],[[[-8.242414,43.568378],[-8.242892,43.568455],[-8.242936,43.568534],[-8.242559,43.568614],[-8.242414,43.568378]]],[[[-8.243194,43.568513],[-8.243251,43.5686],[-8.24313,43.568633],[-8.243085,43.568545],[-8.243194,43.568513]]],[[[-8.307906,43.569046],[-8.308276,43.569164],[-8.308449,43.5693],[-8.307791,43.56942],[-8.307906,43.569046]]],[[[-8.307084,43.56885],[-8.307375,43.569062],[-8.306714,43.569146],[-8.306693,43.569048],[-8.307084,43.56885]]],[[[-8.239012,43.571397],[-8.239132,43.57149],[-8.239031,43.571612],[-8.238972,43.571507],[-8.239012,43.571397]]],[[[-8.238644,43.571432],[-8.238715,43.571546],[-8.238574,43.571624],[-8.238531,43.571563],[-8.238644,43.571432]]],[[[-8.230943,43.574585],[-8.231021,43.574627],[-8.231057,43.574751],[-8.230957,43.574738],[-8.230943,43.574585]]],[[[-8.236162,43.572374],[-8.236449,43.572541],[-8.236483,43.572791],[-8.23594,43.572807],[-8.236162,43.572374]]],[[[-8.237022,43.572155],[-8.237202,43.572371],[-8.237086,43.572602],[-8.236838,43.572307],[-8.237022,43.572155]]],[[[-8.237427,43.572397],[-8.237469,43.572449],[-8.237387,43.572507],[-8.23738,43.572417],[-8.237427,43.572397]]],[[[-8.237579,43.572579],[-8.237886,43.572691],[-8.237396,43.572894],[-8.237386,43.572777],[-8.237579,43.572579]]],[[[-8.2307,43.574921],[-8.230823,43.574915],[-8.230998,43.575069],[-8.230886,43.575065],[-8.2307,43.574921]]],[[[-8.231617,43.574933],[-8.231804,43.575086],[-8.231795,43.575122],[-8.231599,43.575005],[-8.231617,43.574933]]],[[[-8.230279,43.575066],[-8.230421,43.575131],[-8.230586,43.575322],[-8.230367,43.575224],[-8.230279,43.575066]]],[[[-8.229244,43.575411],[-8.229408,43.575448],[-8.229417,43.575547],[-8.229213,43.575475],[-8.229244,43.575411]]],[[[-8.227986,43.576179],[-8.228025,43.576205],[-8.228036,43.57633],[-8.227898,43.57631],[-8.227986,43.576179]]],[[[-8.228773,43.576116],[-8.228909,43.576254],[-8.228702,43.576435],[-8.228682,43.576211],[-8.228773,43.576116]]],[[[-8.229274,43.576183],[-8.229432,43.576293],[-8.229301,43.576497],[-8.229196,43.576286],[-8.229274,43.576183]]],[[[-8.229261,43.576886],[-8.22935,43.576918],[-8.229387,43.57706],[-8.229259,43.577003],[-8.229261,43.576886]]],[[[-8.228479,43.578011],[-8.228568,43.578034],[-8.228675,43.578128],[-8.228438,43.578112],[-8.228479,43.578011]]],[[[-8.230414,43.576194],[-8.230669,43.576272],[-8.230693,43.57655],[-8.230427,43.576482],[-8.230414,43.576194]]],[[[-8.231024,43.576508],[-8.23108,43.576587],[-8.231074,43.576659],[-8.230943,43.576584],[-8.231024,43.576508]]],[[[-8.217961,43.583958],[-8.218291,43.584051],[-8.218235,43.584269],[-8.21789,43.584141],[-8.217961,43.583958]]],[[[-8.219745,43.585398],[-8.219824,43.585592],[-8.219592,43.585639],[-8.219619,43.585512],[-8.219745,43.585398]]],[[[-8.220236,43.586203],[-8.220312,43.586227],[-8.220387,43.586377],[-8.220224,43.586357],[-8.220236,43.586203]]],[[[-8.220119,43.586569],[-8.22012,43.586722],[-8.219966,43.586801],[-8.219991,43.586665],[-8.220119,43.586569]]],[[[-8.217075,43.591462],[-8.217104,43.591658],[-8.216845,43.59167],[-8.216897,43.591551],[-8.217075,43.591462]]],[[[-8.21682,43.591806],[-8.217023,43.59186],[-8.217092,43.591947],[-8.217,43.592032],[-8.21682,43.591806]]],[[[-8.216883,43.59211],[-8.21707,43.592119],[-8.217239,43.592219],[-8.217001,43.592329],[-8.216883,43.59211]]],[[[-7.690459,43.791887],[-7.69093,43.79203],[-7.69097,43.792217],[-7.69057,43.792351],[-7.690459,43.791887]]],[[[-8.008774,43.707368],[-8.008894,43.707462],[-8.008598,43.707493],[-8.008604,43.707412],[-8.008774,43.707368]]],[[[-8.009053,43.707581],[-8.009241,43.707609],[-8.009259,43.708121],[-8.008718,43.707731],[-8.009053,43.707581]]],[[[-8.010195,43.709079],[-8.01041,43.709124],[-8.010596,43.709422],[-8.010155,43.709342],[-8.010195,43.709079]]],[[[-8.009527,43.709406],[-8.009665,43.709859],[-8.009058,43.709579],[-8.009114,43.709505],[-8.009527,43.709406]]],[[[-8.00997,43.709359],[-8.010426,43.709609],[-8.010406,43.709817],[-8.010017,43.709771],[-8.00997,43.709359]]],[[[-8.013655,43.710827],[-8.013726,43.710941],[-8.01362,43.710999],[-8.013535,43.710877],[-8.013655,43.710827]]],[[[-8.014022,43.710919],[-8.014357,43.711066],[-8.014281,43.711339],[-8.01389,43.711266],[-8.014022,43.710919]]],[[[-8.051408,43.711699],[-8.052036,43.711932],[-8.052087,43.712245],[-8.051299,43.712172],[-8.051408,43.711699]]],[[[-8.015399,43.712091],[-8.015545,43.712202],[-8.015147,43.712193],[-8.015179,43.712128],[-8.015399,43.712091]]],[[[-8.014449,43.711566],[-8.014761,43.711732],[-8.014771,43.711858],[-8.014355,43.711777],[-8.014449,43.711566]]],[[[-7.98913,43.711866],[-7.98942,43.712214],[-7.989354,43.712469],[-7.988778,43.712107],[-7.98913,43.711866]]],[[[-7.990087,43.712176],[-7.99022,43.712287],[-7.989918,43.712381],[-7.989923,43.712291],[-7.990087,43.712176]]],[[[-8.014858,43.712151],[-8.015093,43.712294],[-8.015084,43.712483],[-8.014905,43.712419],[-8.014858,43.712151]]],[[[-8.014551,43.712192],[-8.014755,43.712255],[-8.014845,43.71244],[-8.014475,43.712474],[-8.014551,43.712192]]],[[[-8.01746,43.712253],[-8.017615,43.712318],[-8.017714,43.712467],[-8.017386,43.7124],[-8.01746,43.712253]]],[[[-8.015893,43.712367],[-8.015959,43.712553],[-8.015735,43.712545],[-8.015762,43.712427],[-8.015893,43.712367]]],[[[-8.017282,43.712945],[-8.017736,43.713321],[-8.017478,43.7138],[-8.017302,43.713628],[-8.017282,43.712945]]],[[[-8.030058,43.713444],[-8.030212,43.7135],[-8.0301,43.713649],[-8.029968,43.713547],[-8.030058,43.713444]]],[[[-8.030436,43.713653],[-8.030713,43.713847],[-8.030593,43.714051],[-8.030295,43.713902],[-8.030436,43.713653]]],[[[-8.046855,43.714079],[-8.047344,43.714139],[-8.047523,43.714347],[-8.047091,43.714375],[-8.046855,43.714079]]],[[[-8.04094,43.714143],[-8.041564,43.714187],[-8.041591,43.714654],[-8.041137,43.714566],[-8.04094,43.714143]]],[[[-8.038173,43.714301],[-8.0383,43.714332],[-8.038256,43.71455],[-8.038012,43.714452],[-8.038173,43.714301]]],[[[-8.047656,43.715484],[-8.047847,43.715692],[-8.047684,43.715816],[-8.047425,43.715693],[-8.047656,43.715484]]],[[[-8.031873,43.714814],[-8.032198,43.714988],[-8.032178,43.715187],[-8.031707,43.715046],[-8.031873,43.714814]]],[[[-8.0476,43.714965],[-8.048006,43.715073],[-8.04806,43.715277],[-8.047307,43.71532],[-8.0476,43.714965]]],[[[-8.040095,43.713982],[-8.040421,43.714022],[-8.040515,43.714108],[-8.040135,43.714161],[-8.040095,43.713982]]],[[[-7.988854,43.712572],[-7.989282,43.712643],[-7.989317,43.712767],[-7.988953,43.712864],[-7.988854,43.712572]]],[[[-8.023027,43.712332],[-8.023154,43.712515],[-8.022962,43.71274],[-8.022798,43.712414],[-8.023027,43.712332]]],[[[-8.021787,43.712341],[-8.022175,43.712378],[-8.022178,43.71272],[-8.02158,43.712693],[-8.021787,43.712341]]],[[[-7.989722,43.712417],[-7.989909,43.71257],[-7.989628,43.712781],[-7.989528,43.712623],[-7.989722,43.712417]]],[[[-8.019129,43.712467],[-8.019332,43.712522],[-8.019275,43.712731],[-8.019127,43.712738],[-8.019129,43.712467]]],[[[-8.0163,43.712475],[-8.016577,43.712526],[-8.016606,43.712722],[-8.016256,43.712549],[-8.0163,43.712475]]],[[[-8.015845,43.712675],[-8.015952,43.712922],[-8.015724,43.713013],[-8.015662,43.712863],[-8.015845,43.712675]]],[[[-8.016861,43.712657],[-8.017114,43.712862],[-8.017128,43.713177],[-8.016673,43.712783],[-8.016861,43.712657]]],[[[-8.016198,43.712596],[-8.016346,43.712734],[-8.016148,43.712887],[-8.016036,43.712739],[-8.016198,43.712596]]],[[[-8.016626,43.712821],[-8.016559,43.713049],[-8.016438,43.71309],[-8.016349,43.712914],[-8.016626,43.712821]]],[[[-7.979041,43.719356],[-7.979353,43.719523],[-7.978999,43.719745],[-7.97881,43.71942],[-7.979041,43.719356]]],[[[-7.975547,43.719131],[-7.976139,43.719393],[-7.976379,43.72004],[-7.975306,43.719969],[-7.975547,43.719131]]],[[[-7.97361,43.719431],[-7.973856,43.7197],[-7.97359,43.719936],[-7.973535,43.719876],[-7.97361,43.719431]]],[[[-7.976654,43.719614],[-7.977618,43.720013],[-7.977948,43.7207],[-7.976358,43.720536],[-7.976654,43.719614]]],[[[-7.85557,43.727461],[-7.855698,43.72751],[-7.855788,43.727704],[-7.855571,43.727632],[-7.85557,43.727461]]],[[[-7.850437,43.725708],[-7.85057,43.725811],[-7.850359,43.725964],[-7.850253,43.725887],[-7.850437,43.725708]]],[[[-7.855093,43.726329],[-7.855259,43.726385],[-7.855556,43.726832],[-7.854832,43.726628],[-7.855093,43.726329]]],[[[-7.798213,43.731626],[-7.798575,43.731953],[-7.798417,43.732148],[-7.79801,43.732031],[-7.798213,43.731626]]],[[[-7.797537,43.732636],[-7.797829,43.732713],[-7.797688,43.733133],[-7.797452,43.732819],[-7.797537,43.732636]]],[[[-7.79766,43.733243],[-7.797634,43.733379],[-7.797533,43.733365],[-7.797586,43.733255],[-7.79766,43.733243]]],[[[-7.796083,43.734479],[-7.796246,43.734508],[-7.796233,43.734653],[-7.796094,43.734623],[-7.796083,43.734479]]],[[[-7.817585,43.723022],[-7.817827,43.723093],[-7.817862,43.723227],[-7.817649,43.723191],[-7.817585,43.723022]]],[[[-7.816917,43.723203],[-7.816951,43.72331],[-7.816865,43.723332],[-7.816823,43.72327],[-7.816917,43.723203]]],[[[-7.816853,43.723647],[-7.816976,43.723777],[-7.816689,43.723762],[-7.816695,43.723681],[-7.816853,43.723647]]],[[[-7.790324,43.734973],[-7.790371,43.735565],[-7.790225,43.735761],[-7.790209,43.735086],[-7.790324,43.734973]]],[[[-7.789837,43.735561],[-7.789841,43.735768],[-7.789755,43.73578],[-7.789749,43.7357],[-7.789837,43.735561]]],[[[-7.773381,43.738771],[-7.77345,43.738868],[-7.773347,43.738971],[-7.773264,43.738866],[-7.773381,43.738771]]],[[[-7.773572,43.738989],[-7.773603,43.739068],[-7.773518,43.73909],[-7.773512,43.739018],[-7.773572,43.738989]]],[[[-7.773532,43.738639],[-7.773575,43.738718],[-7.773478,43.738749],[-7.773434,43.738661],[-7.773532,43.738639]]],[[[-7.774407,43.738251],[-7.77474,43.738841],[-7.77427,43.739184],[-7.774103,43.738795],[-7.774407,43.738251]]],[[[-7.765436,43.739887],[-7.7655,43.739911],[-7.765446,43.740012],[-7.765379,43.739952],[-7.765436,43.739887]]],[[[-7.76711,43.739394],[-7.767168,43.739652],[-7.76686,43.739836],[-7.766971,43.739526],[-7.76711,43.739394]]],[[[-7.774176,43.739557],[-7.774268,43.739626],[-7.774266,43.739761],[-7.774115,43.739731],[-7.774176,43.739557]]],[[[-7.773142,43.739673],[-7.773337,43.739782],[-7.773284,43.739892],[-7.773151,43.73978],[-7.773142,43.739673]]],[[[-7.772775,43.739742],[-7.772827,43.739776],[-7.77276,43.739869],[-7.772719,43.739816],[-7.772775,43.739742]]],[[[-7.768369,43.739773],[-7.768477,43.739877],[-7.768231,43.740067],[-7.768104,43.739865],[-7.768369,43.739773]]],[[[-7.796273,43.73484],[-7.796261,43.735003],[-7.796173,43.734989],[-7.796151,43.734864],[-7.796273,43.73484]]],[[[-7.821288,43.715034],[-7.821401,43.715047],[-7.821442,43.715252],[-7.821331,43.715257],[-7.821288,43.715034]]],[[[-7.975954,43.718807],[-7.97613,43.718835],[-7.976146,43.719024],[-7.975795,43.718985],[-7.975954,43.718807]]],[[[-7.978951,43.718874],[-7.979104,43.718921],[-7.979195,43.719116],[-7.978835,43.718969],[-7.978951,43.718874]]],[[[-7.764536,43.740131],[-7.764677,43.740189],[-7.764486,43.740431],[-7.764393,43.740209],[-7.764536,43.740131]]],[[[-7.7626,43.741239],[-7.762974,43.741259],[-7.763006,43.741339],[-7.762817,43.741464],[-7.7626,43.741239]]],[[[-7.755058,43.742111],[-7.755899,43.742391],[-7.75565,43.743005],[-7.754854,43.742363],[-7.755058,43.742111]]],[[[-7.76325,43.741292],[-7.763318,43.741362],[-7.763341,43.741658],[-7.763134,43.741549],[-7.76325,43.741292]]],[[[-7.764376,43.740768],[-7.764365,43.740949],[-7.764353,43.740949],[-7.764352,43.740778],[-7.764376,43.740768]]],[[[-7.753397,43.744971],[-7.753598,43.744999],[-7.753616,43.74507],[-7.753348,43.745136],[-7.753397,43.744971]]],[[[-7.753088,43.745768],[-7.75311,43.745893],[-7.753098,43.745902],[-7.753035,43.745887],[-7.753088,43.745768]]],[[[-7.752882,43.745992],[-7.752969,43.746151],[-7.752937,43.746215],[-7.752883,43.746163],[-7.752882,43.745992]]],[[[-7.75242,43.746588],[-7.752467,43.746712],[-7.752394,43.746733],[-7.752349,43.746627],[-7.75242,43.746588]]],[[[-7.752037,43.745676],[-7.752757,43.745979],[-7.752266,43.746522],[-7.751886,43.74643],[-7.752037,43.745676]]],[[[-7.752443,43.74782],[-7.752463,43.747918],[-7.752371,43.748003],[-7.752342,43.747959],[-7.752443,43.74782]]],[[[-7.750539,43.747611],[-7.751121,43.747587],[-7.751379,43.747864],[-7.750195,43.748283],[-7.750539,43.747611]]],[[[-7.750882,43.748335],[-7.750917,43.74846],[-7.750579,43.748582],[-7.750698,43.74837],[-7.750882,43.748335]]],[[[-7.868418,43.774078],[-7.869294,43.774464],[-7.869354,43.77474],[-7.869056,43.774753],[-7.868418,43.774078]]],[[[-7.870193,43.774362],[-7.870316,43.774357],[-7.87035,43.774464],[-7.87018,43.774516],[-7.870193,43.774362]]],[[[-7.869875,43.776572],[-7.870439,43.776782],[-7.8705,43.776924],[-7.86994,43.776759],[-7.869875,43.776572]]],[[[-7.869044,43.776581],[-7.870317,43.777265],[-7.870952,43.778201],[-7.868761,43.777691],[-7.869044,43.776581]]],[[[-7.870603,43.781241],[-7.87077,43.781305],[-7.870718,43.781434],[-7.870533,43.781451],[-7.870603,43.781241]]],[[[-7.868613,43.779381],[-7.869082,43.779496],[-7.869224,43.779715],[-7.868592,43.77958],[-7.868613,43.779381]]],[[[-7.866988,43.778964],[-7.867714,43.779176],[-7.869273,43.780163],[-7.866888,43.779869],[-7.866988,43.778964]]],[[[-7.865814,43.779653],[-7.86727,43.780294],[-7.867724,43.780976],[-7.865631,43.780147],[-7.865814,43.779653]]],[[[-7.750883,43.746778],[-7.750826,43.746996],[-7.750592,43.747024],[-7.750609,43.746933],[-7.750883,43.746778]]],[[[-7.751269,43.746951],[-7.751299,43.747021],[-7.750907,43.747245],[-7.751061,43.746986],[-7.751269,43.746951]]],[[[-7.750561,43.747106],[-7.750821,43.747095],[-7.750754,43.747188],[-7.750561,43.747106]]],[[[-7.750275,43.747253],[-7.750378,43.747303],[-7.750493,43.747505],[-7.750132,43.747484],[-7.750275,43.747253]]],[[[-7.751639,43.746917],[-7.752122,43.747374],[-7.752151,43.74758],[-7.751926,43.747562],[-7.751639,43.746917]]],[[[-7.767946,43.739908],[-7.768045,43.740066],[-7.7678,43.740103],[-7.767946,43.739908]]],[[[-7.771779,43.740027],[-7.771773,43.740099],[-7.771624,43.740096],[-7.771779,43.740027]]],[[[-7.771315,43.739803],[-7.771355,43.740153],[-7.771142,43.740125],[-7.771086,43.739894],[-7.771315,43.739803]]],[[[-7.773374,43.740095],[-7.773487,43.740261],[-7.773097,43.740206],[-7.773153,43.740122],[-7.773374,43.740095]]],[[[-7.768672,43.740301],[-7.768762,43.740342],[-7.768682,43.740426],[-7.768575,43.740332],[-7.768672,43.740301]]],[[[-7.771656,43.741436],[-7.771633,43.741617],[-7.77157,43.741449],[-7.771656,43.741436]]],[[[-7.771323,43.741621],[-7.771469,43.742209],[-7.771371,43.742385],[-7.77098,43.741843],[-7.771323,43.741621]]],[[[-7.769095,43.740616],[-7.769108,43.740787],[-7.768905,43.740885],[-7.768976,43.740684],[-7.769095,43.740616]]],[[[-7.771437,43.740869],[-7.771607,43.741141],[-7.771209,43.741437],[-7.771157,43.741259],[-7.771437,43.740869]]],[[[-7.923437,43.74452],[-7.923589,43.744558],[-7.923575,43.744685],[-7.923339,43.744686],[-7.923437,43.74452]]],[[[-7.802156,43.745198],[-7.802857,43.745276],[-7.802926,43.745823],[-7.802371,43.745711],[-7.802156,43.745198]]],[[[-7.858221,43.765699],[-7.859476,43.766015],[-7.859692,43.766375],[-7.858238,43.766671],[-7.858221,43.765699]]],[[[-7.86158,43.765763],[-7.861807,43.765807],[-7.861837,43.76586],[-7.861474,43.765984],[-7.86158,43.765763]]],[[[-7.866492,43.770721],[-7.866723,43.770963],[-7.866275,43.771108],[-7.866291,43.770847],[-7.866492,43.770721]]],[[[-7.904899,43.773217],[-7.905088,43.773407],[-7.905001,43.773555],[-7.904731,43.77344],[-7.904899,43.773217]]],[[[-7.863237,43.767043],[-7.863426,43.767224],[-7.863129,43.767858],[-7.862955,43.76755],[-7.863237,43.767043]]],[[[-8.560207,43.315818],[-8.560454,43.316229],[-8.560063,43.316392],[-8.559919,43.315904],[-8.560207,43.315818]]],[[[-8.57367,43.316358],[-8.573821,43.316387],[-8.573953,43.316488],[-8.573578,43.316561],[-8.57367,43.316358]]],[[[-8.583982,43.317213],[-8.58416,43.317411],[-8.583737,43.317504],[-8.58369,43.317389],[-8.583982,43.317213]]],[[[-8.590502,43.318406],[-8.590666,43.318578],[-8.59038,43.318682],[-8.590386,43.318483],[-8.590502,43.318406]]],[[[-8.878292,43.320267],[-8.878346,43.320571],[-8.878218,43.32064],[-8.878113,43.320448],[-8.878292,43.320267]]],[[[-8.595939,43.320542],[-8.596164,43.320576],[-8.59621,43.320673],[-8.595782,43.320712],[-8.595939,43.320542]]],[[[-8.590195,43.320824],[-8.590643,43.320874],[-8.590738,43.321104],[-8.59016,43.321123],[-8.590195,43.320824]]],[[[-8.595196,43.320912],[-8.595595,43.32109],[-8.595619,43.321224],[-8.594967,43.321373],[-8.595196,43.320912]]],[[[-8.604092,43.32151],[-8.604165,43.321507],[-8.604175,43.321614],[-8.604076,43.32161],[-8.604092,43.32151]]],[[[-8.874598,43.319036],[-8.876238,43.319554],[-8.877289,43.321237],[-8.87648,43.321027],[-8.874598,43.319036]]],[[[-8.603602,43.320742],[-8.603724,43.320862],[-8.603508,43.320936],[-8.603463,43.320848],[-8.603602,43.320742]]],[[[-8.877923,43.320908],[-8.878498,43.321373],[-8.878073,43.321827],[-8.877688,43.321541],[-8.877923,43.320908]]],[[[-8.599927,43.319806],[-8.600123,43.319923],[-8.599922,43.320149],[-8.599827,43.320054],[-8.599927,43.319806]]],[[[-8.757188,43.299253],[-8.757233,43.299854],[-8.756616,43.299975],[-8.7565,43.299666],[-8.757188,43.299253]]],[[[-8.758373,43.300832],[-8.758671,43.300988],[-8.758829,43.301736],[-8.757872,43.301397],[-8.758373,43.300832]]],[[[-8.778664,43.302551],[-8.778796,43.302643],[-8.778634,43.302759],[-8.778501,43.302658],[-8.778664,43.302551]]],[[[-8.780721,43.304094],[-8.780969,43.304369],[-8.780883,43.305274],[-8.780567,43.304804],[-8.780721,43.304094]]],[[[-8.79617,43.312545],[-8.796367,43.31267],[-8.796246,43.313082],[-8.796022,43.312931],[-8.79617,43.312545]]],[[[-8.790418,43.310398],[-8.790476,43.310485],[-8.790369,43.310527],[-8.790372,43.310428],[-8.790418,43.310398]]],[[[-8.554748,43.313816],[-8.555018,43.313946],[-8.554408,43.314147],[-8.554534,43.313907],[-8.554748,43.313816]]],[[[-8.554056,43.314615],[-8.554353,43.315032],[-8.553431,43.315464],[-8.553274,43.314959],[-8.554056,43.314615]]],[[[-8.56715,43.315434],[-8.567277,43.315608],[-8.566547,43.315716],[-8.566725,43.315509],[-8.56715,43.315434]]],[[[-8.903571,43.321706],[-8.903645,43.321702],[-8.903847,43.321872],[-8.903599,43.321993],[-8.903571,43.321706]]],[[[-8.855778,43.321786],[-8.855883,43.321853],[-8.855794,43.321957],[-8.855725,43.321879],[-8.855778,43.321786]]],[[[-8.903323,43.322196],[-8.903479,43.322404],[-8.903158,43.322403],[-8.90313,43.322368],[-8.903323,43.322196]]],[[[-8.850484,43.325326],[-8.8506,43.325374],[-8.850572,43.325601],[-8.85043,43.32541],[-8.850484,43.325326]]],[[[-8.851608,43.325349],[-8.851725,43.325541],[-8.85137,43.325569],[-8.851357,43.325425],[-8.851608,43.325349]]],[[[-8.849193,43.329848],[-8.849226,43.329937],[-8.84909,43.330061],[-8.849044,43.329964],[-8.849193,43.329848]]],[[[-8.84999,43.33556],[-8.850259,43.335693],[-8.850372,43.336024],[-8.849644,43.335863],[-8.84999,43.33556]]],[[[-8.839913,43.345569],[-8.840001,43.34635],[-8.839644,43.346363],[-8.839499,43.345635],[-8.839913,43.345569]]],[[[-8.350046,43.347676],[-8.351184,43.348406],[-8.350795,43.349028],[-8.349347,43.348699],[-8.350046,43.347676]]],[[[-8.834568,43.350123],[-8.834692,43.350522],[-8.834089,43.350535],[-8.834105,43.350444],[-8.834568,43.350123]]],[[[-8.832995,43.345066],[-8.833168,43.345144],[-8.83285,43.345281],[-8.832832,43.345161],[-8.832995,43.345066]]],[[[-8.842447,43.345218],[-8.842458,43.345335],[-8.842298,43.345343],[-8.842317,43.345279],[-8.842447,43.345218]]],[[[-8.834429,43.344963],[-8.834597,43.345035],[-8.834586,43.34518],[-8.834335,43.345139],[-8.834429,43.344963]]],[[[-8.836035,43.344355],[-8.836265,43.344442],[-8.836363,43.344689],[-8.836014,43.344779],[-8.836035,43.344355]]],[[[-8.842588,43.344635],[-8.842633,43.344723],[-8.84241,43.344968],[-8.842306,43.344785],[-8.842588,43.344635]]],[[[-8.842535,43.345367],[-8.842506,43.345449],[-8.842368,43.34543],[-8.842402,43.345392],[-8.842535,43.345367]]],[[[-8.833137,43.345371],[-8.833299,43.34539],[-8.83332,43.345488],[-8.83311,43.345481],[-8.833137,43.345371]]],[[[-8.59181,43.321492],[-8.591965,43.32171],[-8.591562,43.321747],[-8.591618,43.321556],[-8.59181,43.321492]]],[[[-8.603689,43.321962],[-8.603769,43.322021],[-8.6036,43.322066],[-8.603584,43.322021],[-8.603689,43.321962]]],[[[-8.604147,43.322381],[-8.604275,43.322564],[-8.604193,43.322613],[-8.604048,43.322512],[-8.604147,43.322381]]],[[[-8.60468,43.322003],[-8.604816,43.322015],[-8.604758,43.322189],[-8.604604,43.322124],[-8.60468,43.322003]]],[[[-8.521671,43.325082],[-8.521884,43.325386],[-8.521081,43.325641],[-8.521304,43.325243],[-8.521671,43.325082]]],[[[-8.520193,43.326594],[-8.520536,43.327108],[-8.520146,43.327298],[-8.520011,43.326755],[-8.520193,43.326594]]],[[[-8.518462,43.328163],[-8.518641,43.328235],[-8.518637,43.32846],[-8.518446,43.328398],[-8.518462,43.328163]]],[[[-8.849488,43.328555],[-8.849546,43.328651],[-8.849363,43.328795],[-8.849415,43.328568],[-8.849488,43.328555]]],[[[-8.84939,43.328821],[-8.849443,43.328854],[-8.849376,43.32893],[-8.84933,43.328842],[-8.84939,43.328821]]],[[[-8.607223,43.322707],[-8.607405,43.322941],[-8.606902,43.323101],[-8.606869,43.322886],[-8.607223,43.322707]]],[[[-8.60528,43.322766],[-8.605393,43.322923],[-8.605228,43.323138],[-8.605129,43.322999],[-8.60528,43.322766]]],[[[-8.849545,43.328894],[-8.849605,43.328999],[-8.849463,43.329069],[-8.849428,43.328954],[-8.849545,43.328894]]],[[[-8.833779,43.352828],[-8.833916,43.352839],[-8.834013,43.352951],[-8.833784,43.353008],[-8.833779,43.352828]]],[[[-8.832355,43.352901],[-8.835229,43.353411],[-8.835663,43.355486],[-8.832349,43.355404],[-8.832355,43.352901]]],[[[-8.835581,43.352448],[-8.835692,43.352577],[-8.835383,43.352575],[-8.835399,43.352484],[-8.835581,43.352448]]],[[[-8.474249,43.356642],[-8.474632,43.357127],[-8.47339,43.357918],[-8.473623,43.357353],[-8.474249,43.356642]]],[[[-8.835672,43.355837],[-8.835623,43.356226],[-8.834926,43.356163],[-8.835234,43.355895],[-8.835672,43.355837]]],[[[-8.832957,43.355958],[-8.833296,43.356012],[-8.833401,43.356205],[-8.832761,43.356229],[-8.832957,43.355958]]],[[[-8.844506,43.355216],[-8.849682,43.36145],[-8.836684,43.361636],[-8.83612,43.357832],[-8.844506,43.355216]]],[[[-8.834036,43.356146],[-8.835862,43.357681],[-8.834056,43.362248],[-8.830753,43.358438],[-8.834036,43.356146]]],[[[-9.079004,43.184137],[-9.07905,43.184233],[-9.079017,43.184271],[-9.078948,43.184194],[-9.079004,43.184137]]],[[[-9.077787,43.185255],[-9.078012,43.185423],[-9.077694,43.185566],[-9.077684,43.185341],[-9.077787,43.185255]]],[[[-9.082434,43.18498],[-9.082445,43.185096],[-9.082379,43.185046],[-9.082434,43.18498]]],[[[-9.083833,43.185688],[-9.083835,43.185715],[-9.083867,43.185785],[-9.083753,43.185746],[-9.083833,43.185688]]],[[[-9.15551,43.185899],[-9.155749,43.185949],[-9.155849,43.186088],[-9.155501,43.186053],[-9.15551,43.185899]]],[[[-9.083528,43.186083],[-9.083589,43.186079],[-9.083618,43.186123],[-9.083546,43.186145],[-9.083528,43.186083]]],[[[-9.082364,43.185515],[-9.082353,43.185524],[-9.082373,43.185604],[-9.082304,43.185527],[-9.082364,43.185515]]],[[[-9.076598,43.186164],[-9.076674,43.186187],[-9.076455,43.186217],[-9.076514,43.186187],[-9.076598,43.186164]]],[[[-9.084592,43.186269],[-9.084695,43.186317],[-9.084571,43.186558],[-9.084443,43.186376],[-9.084592,43.186269]]],[[[-9.075616,43.186685],[-9.075673,43.186763],[-9.075629,43.18681],[-9.07556,43.186742],[-9.075616,43.186685]]],[[[-9.083144,43.186184],[-9.083218,43.18618],[-9.083245,43.186332],[-9.083007,43.18629],[-9.083144,43.186184]]],[[[-9.089112,43.187189],[-9.089229,43.187254],[-9.089239,43.187353],[-9.089051,43.187318],[-9.089112,43.187189]]],[[[-9.153142,43.187422],[-9.153427,43.187569],[-9.153525,43.187807],[-9.153128,43.187531],[-9.153142,43.187422]]],[[[-9.100316,43.188138],[-9.100458,43.188328],[-9.100256,43.188528],[-9.100138,43.188327],[-9.100316,43.188138]]],[[[-9.08785,43.188228],[-9.087914,43.188369],[-9.087738,43.188459],[-9.087709,43.18829],[-9.08785,43.188228]]],[[[-9.081015,43.184695],[-9.081116,43.184843],[-9.080973,43.184761],[-9.081015,43.184695]]],[[[-8.957962,42.780748],[-8.966329,42.779176],[-8.974836,42.791352],[-8.978638,42.789999],[-8.981594,42.778062],[-9.017839,42.780972],[-9.011409,42.794913],[-9.02055,42.80067],[-9.046156,42.785875],[-9.06388,42.786906],[-9.04783,42.769862],[-9.058798,42.758209],[-9.080286,42.752484],[-9.078464,42.738763],[-9.089524,42.73848],[-9.10217,42.755663],[-9.115675,42.75413],[-9.134566,42.790697],[-9.140589,42.796098],[-9.148267,42.794883],[-9.147224,42.798288],[-9.151346,42.799173],[-9.122436,42.806948],[-9.107568,42.821653],[-9.111854,42.842613],[-9.138198,42.849822],[-9.150222,42.872155],[-9.138566,42.888581],[-9.143157,42.896327],[-9.125483,42.905613],[-9.160615,42.91175],[-9.17278,42.944299],[-9.188529,42.952501],[-9.193173,42.945191],[-9.18313,42.916086],[-9.209175,42.916408],[-9.218006,42.941527],[-9.231428,42.941586],[-9.23328,42.92684],[-9.262957,42.918876],[-9.262235,42.906719],[-9.255677,42.909302],[-9.269765,42.880471],[-9.281005,42.88952],[-9.275491,42.910266],[-9.297909,42.923171],[-9.291208,42.931426],[-9.292423,42.939722],[-9.281901,42.943101],[-9.283556,42.955108],[-9.278825,42.956656],[-9.277235,42.958733],[-9.276195,42.962715],[-9.268369,42.963604],[-9.261181,42.973181],[-9.257235,43.002445],[-9.279154,43.012312],[-9.287151,43.043565],[-9.300997,43.047058],[-9.299372,43.056203],[-9.292862,43.058795],[-9.276713,43.044221],[-9.267665,43.052955],[-9.262228,43.048384],[-9.249545,43.071458],[-9.256981,43.091853],[-9.247636,43.092833],[-9.243689,43.084597],[-9.23718,43.090984],[-9.221015,43.088429],[-9.218656,43.114419],[-9.2156,43.103685],[-9.198407,43.103982],[-9.188476,43.090074],[-9.183742,43.103285],[-9.167132,43.105463],[-9.15819,43.126596],[-9.167315,43.132269],[-9.163329,43.14686],[-9.165498,43.152882],[-9.170833,43.13729],[-9.184614,43.128685],[-9.178283,43.12441],[-9.192926,43.122166],[-9.205572,43.13066],[-9.213974,43.161933],[-9.199286,43.154361],[-9.180214,43.168314],[-9.174489,43.191597],[-9.161358,43.18327],[-9.151432,43.186327],[-9.150129,43.195372],[-9.135827,43.191155],[-9.130238,43.198343],[-9.110932,43.185922],[-9.099971,43.1874],[-9.098276,43.189885],[-9.098551,43.193129],[-9.086469,43.189058],[-9.089791,43.187701],[-9.090671,43.180624],[-9.059675,43.184968],[-9.039364,43.196641],[-9.032438,43.21556],[-9.022767,43.213596],[-9.009882,43.224592],[-9.012862,43.233464],[-8.99599,43.216268],[-8.980904,43.229348],[-8.939755,43.226873],[-8.94165,43.240511],[-8.952806,43.248202],[-8.952759,43.263471],[-8.976855,43.261994],[-8.991289,43.274739],[-8.984814,43.282308],[-8.956794,43.293741],[-8.927722,43.281979],[-8.925398,43.293667],[-8.918615,43.296153],[-8.906396,43.294185],[-8.911459,43.303042],[-8.906565,43.306077],[-8.911805,43.320919],[-8.884495,43.320154],[-8.875531,43.312497],[-8.870569,43.323528],[-8.848326,43.319558],[-8.84921,43.335663],[-8.841195,43.345283],[-8.837082,43.344197],[-8.832069,43.344274],[-8.82679,43.328466],[-8.806165,43.32671],[-8.802496,43.313466],[-8.785,43.303859],[-8.747723,43.294303],[-8.725914,43.298929],[-8.711589,43.289971],[-8.638609,43.307358],[-8.607177,43.32234],[-8.604011,43.317823],[-8.591412,43.321458],[-8.590021,43.315584],[-8.56811,43.311778],[-8.535033,43.315963],[-8.505873,43.330626],[-8.493298,43.360391],[-8.477693,43.352211],[-8.456739,43.359815],[-8.458834,43.37076],[-8.439757,43.381502],[-8.40886,43.369262],[-8.403535,43.374592],[-8.411575,43.385031],[-8.40077,43.389973],[-8.391338,43.385099],[-8.397068,43.38138],[-8.388726,43.370836],[-8.374294,43.365054],[-8.398221,43.369658],[-8.404019,43.363685],[-8.387756,43.361448],[-8.395571,43.361222],[-8.385051,43.353771],[-8.380543,43.356495],[-8.378629,43.357441],[-8.378441,43.357269],[-8.38704,43.33948],[-8.356071,43.343541],[-8.346905,43.348841],[-8.352237,43.356288],[-8.339423,43.367142],[-8.345135,43.371466],[-8.337794,43.37695],[-8.355538,43.380691],[-8.347808,43.385411],[-8.355293,43.390353],[-8.306863,43.405671],[-8.296956,43.39785],[-8.296517,43.385204],[-8.272739,43.38699],[-8.259883,43.369705],[-8.242087,43.362972],[-8.250418,43.362714],[-8.24425,43.358875],[-8.252008,43.349858],[-8.208817,43.327838],[-8.213744,43.339838],[-8.20164,43.335611],[-8.220488,43.353439],[-8.208847,43.362703],[-8.217721,43.367465],[-8.215187,43.377601],[-8.223046,43.386892],[-8.205874,43.409148],[-8.175623,43.412074],[-8.173697,43.419895],[-8.198187,43.42664],[-8.215826,43.417894],[-8.233175,43.429289],[-8.244189,43.424956],[-8.237644,43.422548],[-8.239802,43.419225],[-8.25937,43.417856],[-8.279704,43.436623],[-8.316563,43.44501],[-8.302741,43.446753],[-8.312583,43.454289],[-8.270432,43.463501],[-8.271238,43.458999],[-8.266789,43.454739],[-8.254919,43.46618],[-8.23143,43.462696],[-8.233628,43.461821],[-8.231599,43.455081],[-8.201467,43.46007],[-8.192086,43.464387],[-8.193144,43.471667],[-8.181502,43.472422],[-8.193159,43.474862],[-8.183134,43.482953],[-8.169598,43.480524],[-8.163042,43.496693],[-8.170032,43.498456],[-8.152321,43.504092],[-8.160724,43.502704],[-8.155151,43.505666],[-8.159828,43.506985],[-8.153799,43.511417],[-8.151263,43.515186],[-8.151374,43.517495],[-8.168689,43.515424],[-8.172445,43.497752],[-8.194118,43.489484],[-8.197579,43.485734],[-8.19459,43.486338],[-8.193634,43.485572],[-8.189301,43.485805],[-8.186159,43.484922],[-8.200478,43.477175],[-8.213589,43.483986],[-8.23341,43.471437],[-8.231438,43.481367],[-8.248593,43.476185],[-8.247325,43.493331],[-8.25926,43.487676],[-8.258801,43.473734],[-8.266188,43.467713],[-8.297738,43.460867],[-8.317103,43.470561],[-8.341093,43.458367],[-8.348011,43.463786],[-8.319695,43.498042],[-8.332271,43.513038],[-8.324061,43.525548],[-8.303341,43.525722],[-8.296325,43.535024],[-8.303561,43.546814],[-8.313941,43.546204],[-8.314645,43.555318],[-8.323966,43.554487],[-8.322068,43.565234],[-8.310038,43.569496],[-8.29475,43.556271],[-8.260084,43.557904],[-8.217357,43.581708],[-8.216413,43.592401],[-8.202441,43.596551],[-8.199563,43.599518],[-8.201088,43.60341],[-8.199338,43.60294],[-8.198324,43.604391],[-8.19606,43.602712],[-8.192462,43.603083],[-8.197248,43.611444],[-8.194605,43.613275],[-8.193707,43.612344],[-8.192473,43.613543],[-8.192189,43.612269],[-8.190825,43.611674],[-8.188734,43.613002],[-8.18843,43.621127],[-8.173732,43.612469],[-8.155512,43.615284],[-8.122647,43.643909],[-8.113665,43.64063],[-8.101052,43.647866],[-8.103322,43.652266],[-8.095038,43.653411],[-8.098024,43.656599],[-8.094551,43.657024],[-8.091898,43.663328],[-8.093293,43.666623],[-8.086818,43.661475],[-8.077287,43.64421],[-8.069929,43.65119],[-8.053869,43.648941],[-8.055758,43.659751],[-8.07589,43.66027],[-8.070562,43.673984],[-8.075791,43.682879],[-8.066627,43.682621],[-8.068399,43.69583],[-8.063441,43.697509],[-8.064142,43.704058],[-8.032984,43.714593],[-8.025565,43.709141],[-8.000395,43.705107],[-7.952642,43.728113],[-7.946571,43.744059],[-7.922735,43.743227],[-7.92207,43.747531],[-7.904462,43.76986],[-7.889153,43.763117],[-7.87003,43.774045],[-7.863359,43.766092],[-7.859274,43.763521],[-7.866337,43.7448],[-7.862145,43.73414],[-7.872034,43.735447],[-7.855138,43.724734],[-7.849267,43.710309],[-7.863273,43.710848],[-7.876024,43.723285],[-7.869354,43.707167],[-7.87992,43.700522],[-7.877562,43.687839],[-7.892,43.684754],[-7.871343,43.680444],[-7.87186,43.671986],[-7.886572,43.677658],[-7.904477,43.671353],[-7.873961,43.661804],[-7.843141,43.672525],[-7.860853,43.683115],[-7.868256,43.698067],[-7.856143,43.704183],[-7.860447,43.706755],[-7.839815,43.702987],[-7.834037,43.711055],[-7.82716,43.701155],[-7.838847,43.696204],[-7.820671,43.700709],[-7.819537,43.696472],[-7.815276,43.695014],[-7.812982,43.69782],[-7.829565,43.710074],[-7.811289,43.715249],[-7.81257,43.726583],[-7.800849,43.722368],[-7.793718,43.736271],[-7.790809,43.733891],[-7.78105,43.732959],[-7.757338,43.74018],[-7.754296,43.741747],[-7.749974,43.746906],[-7.731818,43.750676],[-7.725448,43.746754],[-7.715291,43.766494],[-7.687269,43.776543],[-7.689321,43.791322],[-7.661789,43.777371],[-7.689139,43.756309],[-7.686464,43.74306],[-7.70106,43.736949],[-7.693454,43.71608],[-7.707594,43.710419],[-7.698595,43.695657],[-7.702594,43.686355],[-7.719299,43.687384],[-7.691004,43.654053],[-7.70184,43.64374],[-7.716793,43.645986],[-7.719548,43.631792],[-7.735484,43.622138],[-7.722326,43.608117],[-7.730421,43.602497],[-7.720246,43.598336],[-7.717925,43.583406],[-7.748757,43.577671],[-7.743809,43.570188],[-7.760311,43.548029],[-7.747971,43.541899],[-7.75522,43.531802],[-7.744496,43.530439],[-7.749668,43.519421],[-7.744426,43.511896],[-7.758777,43.508472],[-7.757124,43.49816],[-7.768275,43.487594],[-7.78008,43.448909],[-7.807274,43.437342],[-7.805373,43.426609],[-7.823066,43.400745],[-7.881939,43.407532],[-7.898906,43.389798],[-7.88514,43.375368],[-7.886953,43.337176],[-7.947113,43.286022],[-7.921855,43.26946],[-7.961389,43.189835],[-7.950246,43.17726],[-7.937071,43.111799],[-7.916828,43.088271],[-7.942985,43.067624],[-7.905313,42.985396],[-7.908171,42.95126],[-7.916304,42.932301],[-7.943322,42.917351],[-7.93551,42.903456],[-7.956175,42.884465],[-7.977889,42.877425],[-7.995088,42.85062],[-8.024307,42.847159],[-8.046824,42.831482],[-8.064154,42.836837],[-8.060439,42.843304],[-8.075085,42.853313],[-8.116846,42.841186],[-8.120614,42.850488],[-8.139064,42.843114],[-8.183273,42.860138],[-8.205508,42.843291],[-8.2208,42.844294],[-8.205995,42.832222],[-8.207272,42.82516],[-8.235184,42.83285],[-8.245748,42.827603],[-8.254569,42.836704],[-8.276879,42.82164],[-8.279473,42.810897],[-8.299587,42.818905],[-8.292992,42.828861],[-8.310324,42.830442],[-8.315098,42.845849],[-8.325286,42.831186],[-8.329748,42.842087],[-8.339679,42.840642],[-8.346037,42.83226],[-8.330444,42.827317],[-8.331633,42.794429],[-8.354719,42.778819],[-8.392079,42.789359],[-8.391439,42.776677],[-8.399634,42.780683],[-8.414658,42.766603],[-8.407329,42.754023],[-8.470355,42.743683],[-8.494227,42.756707],[-8.533773,42.751799],[-8.556538,42.760605],[-8.55497,42.746512],[-8.59993,42.743118],[-8.606636,42.715152],[-8.623963,42.714254],[-8.650944,42.729153],[-8.65499,42.7205],[-8.678182,42.711634],[-8.718301,42.706003],[-8.73167,42.687861],[-8.727256,42.677037],[-8.744782,42.666217],[-8.746957,42.650813],[-8.769996,42.653081],[-8.794888,42.636589],[-8.825941,42.646099],[-8.822374,42.646164],[-8.812258,42.66723],[-8.828955,42.666424],[-8.840936,42.685922],[-8.844604,42.68704],[-8.839999,42.661026],[-8.852042,42.665216],[-8.861103,42.646432],[-8.837742,42.63229],[-8.858931,42.626605],[-8.857394,42.606375],[-8.887678,42.610525],[-8.88765,42.620536],[-8.873495,42.632383],[-8.898921,42.644556],[-8.902504,42.633227],[-8.933765,42.613693],[-8.930712,42.613752],[-8.930244,42.605126],[-8.937292,42.607091],[-8.919883,42.587003],[-8.954255,42.584522],[-8.956118,42.579411],[-8.963053,42.57246],[-8.962435,42.56918],[-8.988298,42.565837],[-8.991017,42.557376],[-8.982993,42.545438],[-8.995907,42.529566],[-9.009389,42.526624],[-9.011096,42.518064],[-9.013856,42.523221],[-9.04248,42.5172],[-9.044602,42.524037],[-9.039467,42.530213],[-9.041278,42.536356],[-9.029734,42.54802],[-9.039259,42.565556],[-9.057749,42.577763],[-9.075022,42.572156],[-9.073887,42.566383],[-9.091423,42.576485],[-9.091003,42.578046],[-9.08949,42.577389],[-9.081864,42.578003],[-9.079257,42.580122],[-9.079206,42.598083],[-9.064513,42.60034],[-9.059024,42.611173],[-9.061225,42.617636],[-9.04053,42.637358],[-9.04176,42.669095],[-9.028701,42.685242],[-9.033804,42.695198],[-9.02418,42.70794],[-9.010972,42.710706],[-9.008656,42.726996],[-8.996381,42.727578],[-8.990929,42.74053],[-8.954214,42.748501],[-8.952781,42.759261],[-8.948573,42.765691],[-8.949135,42.760099],[-8.94705,42.75937],[-8.924577,42.788292],[-8.903925,42.788444],[-8.908142,42.794347],[-8.898588,42.796444],[-8.896703,42.812835],[-8.900271,42.807042],[-8.904158,42.813826],[-8.879419,42.816094],[-8.875721,42.828914],[-8.887761,42.815745],[-8.900839,42.819021],[-8.895854,42.823681],[-8.899052,42.828998],[-8.908848,42.825151],[-8.899459,42.825574],[-8.905277,42.817729],[-8.908957,42.796348],[-8.924792,42.797688],[-8.931338,42.807313],[-8.957962,42.780748]],[[-8.957785,42.577992],[-8.957782,42.578091],[-8.95789,42.578077],[-8.957833,42.577989],[-8.957785,42.577992]],[[-8.957976,42.578333],[-8.957923,42.578417],[-8.958092,42.578408],[-8.958101,42.578372],[-8.957976,42.578333]],[[-8.956277,42.581212],[-8.956152,42.581561],[-8.956468,42.581544],[-8.956576,42.581278],[-8.956277,42.581212]],[[-9.078703,42.582681],[-9.078679,42.582808],[-9.078877,42.582842],[-9.078873,42.582681],[-9.078703,42.582681]],[[-9.078409,42.582912],[-9.078329,42.582971],[-9.078311,42.583035],[-9.07849,42.582998],[-9.078409,42.582912]],[[-9.077845,42.587128],[-9.077915,42.58734],[-9.078142,42.587292],[-9.078029,42.587136],[-9.077845,42.587128]],[[-9.07724,42.587295],[-9.077196,42.58746],[-9.077353,42.587451],[-9.077377,42.587324],[-9.07724,42.587295]],[[-9.077892,42.590231],[-9.077801,42.590425],[-9.078095,42.590436],[-9.07813,42.5903],[-9.077892,42.590231]],[[-9.091167,42.742155],[-9.091093,42.743014],[-9.091289,42.743147],[-9.091541,42.742603],[-9.091167,42.742155]],[[-9.07204,42.598932],[-9.071944,42.599072],[-9.072267,42.599136],[-9.072237,42.598958],[-9.07204,42.598932]],[[-9.290423,42.936574],[-9.29039,42.936728],[-9.290748,42.936997],[-9.290774,42.936653],[-9.290423,42.936574]],[[-9.204674,43.13719],[-9.204774,43.137455],[-9.205033,43.137342],[-9.205003,43.137289],[-9.204674,43.13719]],[[-9.285454,43.038023],[-9.285349,43.038191],[-9.285405,43.038377],[-9.285498,43.038327],[-9.285454,43.038023]],[[-9.281399,43.024907],[-9.281395,43.024988],[-9.281525,43.024936],[-9.281399,43.024907]],[[-9.282126,43.026136],[-9.282103,43.026263],[-9.282409,43.026381],[-9.282314,43.026171],[-9.282126,43.026136]],[[-9.145887,42.865242],[-9.145626,42.865823],[-9.145719,42.866016],[-9.145945,42.865581],[-9.145887,42.865242]],[[-9.141902,42.882991],[-9.141837,42.883076],[-9.141901,42.883225],[-9.142014,42.883012],[-9.141902,42.882991]],[[-9.141937,42.882602],[-9.14173,42.88274],[-9.141728,42.882965],[-9.14202,42.882823],[-9.141937,42.882602]],[[-9.282277,42.947383],[-9.282168,42.947515],[-9.282332,42.94756],[-9.28243,42.947438],[-9.282277,42.947383]],[[-9.274087,42.961867],[-9.274072,42.961967],[-9.274237,42.961895],[-9.274185,42.961871],[-9.274087,42.961867]],[[-9.27456,42.962066],[-9.274552,42.96222],[-9.274846,42.962222],[-9.274764,42.962136],[-9.27456,42.962066]],[[-9.275311,42.962457],[-9.275319,42.962538],[-9.275419,42.96255],[-9.275426,42.962505],[-9.275311,42.962457]],[[-9.117836,42.844345],[-9.117995,42.844588],[-9.118216,42.844468],[-9.118097,42.844385],[-9.117836,42.844345]],[[-9.035598,42.518887],[-9.035631,42.518984],[-9.035712,42.518935],[-9.03566,42.518902],[-9.035598,42.518887]],[[-9.03526,42.519049],[-9.035163,42.51918],[-9.035401,42.519248],[-9.035435,42.51922],[-9.03526,42.519049]],[[-9.042527,42.525236],[-9.042455,42.525248],[-9.042148,42.525472],[-9.042852,42.525452],[-9.042527,42.525236]],[[-9.04254,42.525622],[-9.042675,42.525885],[-9.043022,42.525822],[-9.043,42.525724],[-9.04254,42.525622]],[[-9.041735,42.524593],[-9.041776,42.524897],[-9.042067,42.524882],[-9.041997,42.524661],[-9.041735,42.524593]],[[-9.038943,42.517999],[-9.038965,42.518097],[-9.03915,42.518123],[-9.039121,42.518071],[-9.038943,42.517999]],[[-8.972018,42.568139],[-8.972024,42.56821],[-8.97212,42.568187],[-8.972018,42.568139]],[[-8.971861,42.568543],[-8.971892,42.56873],[-8.972169,42.568698],[-8.972072,42.568577],[-8.971861,42.568543]],[[-9.066459,42.575024],[-9.066472,42.575158],[-9.066589,42.575107],[-9.066584,42.575053],[-9.066459,42.575024]],[[-9.046171,42.570159],[-9.045935,42.570486],[-9.046578,42.571082],[-9.046594,42.570496],[-9.046171,42.570159]],[[-8.977523,43.262643],[-8.977443,43.26271],[-8.977553,43.262831],[-8.977578,43.262703],[-8.977523,43.262643]],[[-8.956261,43.264387],[-8.956119,43.264448],[-8.95611,43.26461],[-8.956322,43.264509],[-8.956261,43.264387]],[[-8.985611,43.270617],[-8.98529,43.270733],[-8.985206,43.271008],[-8.985566,43.270917],[-8.985611,43.270617]],[[-8.982366,43.267061],[-8.981999,43.267206],[-8.982191,43.267538],[-8.982448,43.267264],[-8.982366,43.267061]],[[-8.984479,43.269633],[-8.984271,43.269896],[-8.984325,43.269947],[-8.984552,43.269746],[-8.984479,43.269633]],[[-8.98569,43.270172],[-8.985445,43.270311],[-8.985387,43.270467],[-8.985806,43.270346],[-8.98569,43.270172]],[[-8.987656,43.276631],[-8.987576,43.276698],[-8.987749,43.276698],[-8.987743,43.276636],[-8.987656,43.276631]],[[-8.987092,43.277156],[-8.987009,43.277313],[-8.987206,43.277438],[-8.987218,43.277185],[-8.987092,43.277156]],[[-8.979738,43.283816],[-8.979641,43.28383],[-8.979537,43.283899],[-8.979803,43.283975],[-8.979738,43.283816]],[[-8.96215,43.289419],[-8.962054,43.29045],[-8.962095,43.290493],[-8.962421,43.290179],[-8.96215,43.289419]],[[-8.916896,43.29356],[-8.916561,43.293658],[-8.916446,43.293871],[-8.917198,43.293877],[-8.916896,43.29356]],[[-8.917467,43.293854],[-8.917318,43.29397],[-8.91765,43.293961],[-8.917658,43.293916],[-8.917467,43.293854]],[[-8.269408,43.428907],[-8.269305,43.429137],[-8.269666,43.429309],[-8.269688,43.429002],[-8.269408,43.428907]],[[-8.234899,43.462798],[-8.234883,43.462898],[-8.235002,43.462847],[-8.234974,43.462804],[-8.234899,43.462798]],[[-8.233297,43.462422],[-8.233305,43.462511],[-8.233367,43.462517],[-8.233395,43.462417],[-8.233297,43.462422]],[[-8.233913,43.462546],[-8.233884,43.462638],[-8.234017,43.462605],[-8.233988,43.462552],[-8.233913,43.462546]],[[-8.195102,43.608697],[-8.194968,43.608856],[-8.195199,43.608954],[-8.195279,43.608878],[-8.195102,43.608697]],[[-8.192101,43.606079],[-8.191947,43.606302],[-8.191947,43.606446],[-8.192077,43.606368],[-8.192101,43.606079]],[[-8.195305,43.609039],[-8.195258,43.609203],[-8.195346,43.60937],[-8.195457,43.609221],[-8.195305,43.609039]],[[-8.065912,43.691205],[-8.065872,43.691324],[-8.066362,43.691392],[-8.066337,43.69124],[-8.065912,43.691205]],[[-8.082996,43.653093],[-8.082874,43.653107],[-8.082921,43.653222],[-8.083115,43.653178],[-8.082996,43.653093]],[[-8.086746,43.657256],[-8.086543,43.657346],[-8.086497,43.657393],[-8.086863,43.657323],[-8.086746,43.657256]],[[-8.082155,43.651798],[-8.082056,43.651938],[-8.082275,43.652045],[-8.082338,43.651907],[-8.082155,43.651798]],[[-8.087183,43.659343],[-8.086931,43.659588],[-8.086953,43.659696],[-8.087296,43.6595],[-8.087183,43.659343]],[[-8.302091,43.56134],[-8.301486,43.561503],[-8.301365,43.561671],[-8.302111,43.561708],[-8.302091,43.56134]],[[-8.303743,43.561831],[-8.303656,43.562114],[-8.304035,43.562051],[-8.304031,43.562006],[-8.303743,43.561831]],[[-8.302702,43.561672],[-8.302713,43.561942],[-8.303073,43.561808],[-8.302939,43.561697],[-8.302702,43.561672]],[[-8.213535,43.592353],[-8.213433,43.592466],[-8.213586,43.592513],[-8.213651,43.592402],[-8.213535,43.592353]],[[-8.212426,43.592989],[-8.212363,43.593118],[-8.213067,43.593383],[-8.212882,43.593112],[-8.212426,43.592989]],[[-7.739638,43.74639],[-7.739709,43.746657],[-7.73982,43.746491],[-7.739638,43.74639]],[[-7.748108,43.746083],[-7.747984,43.746871],[-7.748147,43.746883],[-7.748506,43.746399],[-7.748108,43.746083]],[[-7.735101,43.747902],[-7.735024,43.748184],[-7.735225,43.748212],[-7.735243,43.747977],[-7.735101,43.747902]],[[-7.737677,43.747345],[-7.737577,43.747493],[-7.737686,43.747615],[-7.737725,43.747478],[-7.737677,43.747345]],[[-7.688914,43.751367],[-7.689091,43.751567],[-7.689514,43.751568],[-7.689374,43.751375],[-7.688914,43.751367]],[[-7.737437,43.747769],[-7.737235,43.748038],[-7.737198,43.748355],[-7.737573,43.748069],[-7.737437,43.747769]],[[-7.736422,43.746704],[-7.73642,43.747154],[-7.736507,43.74715],[-7.736489,43.746773],[-7.736422,43.746704]],[[-7.737435,43.746635],[-7.73731,43.746784],[-7.737486,43.746975],[-7.737525,43.746676],[-7.737435,43.746635]],[[-7.748517,43.746858],[-7.748503,43.746994],[-7.748674,43.746951],[-7.748653,43.746852],[-7.748517,43.746858]],[[-7.941216,43.742976],[-7.941195,43.743166],[-7.941495,43.743189],[-7.941433,43.743048],[-7.941216,43.742976]],[[-7.935166,43.742941],[-7.9349,43.743025],[-7.934885,43.743152],[-7.935306,43.743133],[-7.935166,43.742941]],[[-7.940724,43.743178],[-7.940573,43.74331],[-7.940885,43.743477],[-7.940917,43.74326],[-7.940724,43.743178]],[[-7.934919,43.743258],[-7.934682,43.743394],[-7.934733,43.743563],[-7.935039,43.743514],[-7.934919,43.743258]],[[-7.919314,43.749514],[-7.919207,43.749717],[-7.919495,43.749749],[-7.919492,43.74956],[-7.919314,43.749514]],[[-7.910172,43.761314],[-7.910115,43.761523],[-7.910358,43.761612],[-7.910287,43.761354],[-7.910172,43.761314]],[[-7.879498,43.765826],[-7.879333,43.766085],[-7.87966,43.766278],[-7.879846,43.765973],[-7.879498,43.765826]],[[-7.870947,43.772025],[-7.870599,43.772184],[-7.870174,43.772301],[-7.871456,43.772328],[-7.870947,43.772025]],[[-7.876854,43.767218],[-7.876723,43.767286],[-7.87676,43.767438],[-7.877048,43.767317],[-7.876854,43.767218]],[[-9.088313,43.18941],[-9.088257,43.189467],[-9.088325,43.189652],[-9.088439,43.189565],[-9.088313,43.18941]],[[-9.093551,43.189508],[-9.093499,43.189601],[-9.093706,43.189581],[-9.093686,43.18951],[-9.093551,43.189508]],[[-9.092676,43.189366],[-9.092579,43.189758],[-9.092853,43.189914],[-9.092895,43.189714],[-9.092676,43.189366]],[[-9.093314,43.189602],[-9.093102,43.189694],[-9.093064,43.189804],[-9.093264,43.189838],[-9.093314,43.189602]],[[-9.090506,43.190184],[-9.090447,43.190205],[-9.090575,43.190261],[-9.090558,43.190217],[-9.090506,43.190184]],[[-8.986821,43.223537],[-8.986682,43.223626],[-8.986818,43.223763],[-8.986894,43.22366],[-8.986821,43.223537]],[[-8.970392,43.224714],[-8.970275,43.224774],[-8.970242,43.224812],[-8.970542,43.224733],[-8.970392,43.224714]],[[-8.969209,43.225325],[-8.968904,43.22535],[-8.968845,43.22538],[-8.969141,43.225509],[-8.969209,43.225325]],[[-8.975134,43.225618],[-8.975088,43.225647],[-8.975081,43.225702],[-8.975179,43.225697],[-8.975134,43.225618]],[[-8.973263,43.225239],[-8.973192,43.22527],[-8.973487,43.225389],[-8.973503,43.225307],[-8.973263,43.225239]]],[[[-9.175397,43.188532],[-9.175567,43.188757],[-9.175365,43.188948],[-9.175324,43.188545],[-9.175397,43.188532]]],[[[-9.175711,43.189685],[-9.175837,43.189724],[-9.176053,43.18991],[-9.175593,43.189863],[-9.175711,43.189685]]],[[[-9.098668,43.192214],[-9.098775,43.192415],[-9.098573,43.192489],[-9.098622,43.192243],[-9.098668,43.192214]]],[[[-9.111663,43.192121],[-9.111533,43.192416],[-9.111614,43.192735],[-9.111324,43.192175],[-9.111663,43.192121]]],[[[-9.096087,43.193216],[-9.096148,43.193213],[-9.096085,43.193324],[-9.096055,43.193272],[-9.096087,43.193216]]],[[[-9.102631,43.19075],[-9.102705,43.190746],[-9.1027,43.190819],[-9.102638,43.190813],[-9.102631,43.19075]]],[[[-9.099002,43.191737],[-9.099094,43.191795],[-9.098976,43.191846],[-9.09895,43.19183],[-9.099002,43.191737]]],[[[-9.102007,43.190784],[-9.101979,43.190875],[-9.101936,43.190806],[-9.102007,43.190784]]],[[[-9.088996,43.190462],[-9.089071,43.190476],[-9.089082,43.190584],[-9.088993,43.190553],[-9.088996,43.190462]]],[[[-9.089212,43.190037],[-9.089363,43.190074],[-9.089439,43.190214],[-9.089147,43.19013],[-9.089212,43.190037]]],[[[-9.100576,43.189141],[-9.102141,43.190155],[-9.10229,43.190418],[-9.100826,43.190415],[-9.100576,43.189141]]],[[[-9.102479,43.190578],[-9.102544,43.190611],[-9.102434,43.190743],[-9.102377,43.190665],[-9.102479,43.190578]]],[[[-9.089134,43.190365],[-9.089239,43.190431],[-9.089217,43.190577],[-9.089115,43.190407],[-9.089134,43.190365]]],[[[-9.089992,43.190706],[-9.090044,43.190731],[-9.090156,43.190869],[-9.089935,43.190871],[-9.089992,43.190706]]],[[[-9.151765,43.194266],[-9.151944,43.19458],[-9.151606,43.194761],[-9.151495,43.194398],[-9.151765,43.194266]]],[[[-9.151407,43.195474],[-9.153551,43.196114],[-9.153303,43.198297],[-9.151107,43.195913],[-9.151407,43.195474]]],[[[-9.144699,43.194962],[-9.145096,43.195238],[-9.145026,43.195647],[-9.144581,43.195374],[-9.144699,43.194962]]],[[[-9.096007,43.193769],[-9.096094,43.194026],[-9.095818,43.193977],[-9.095951,43.193826],[-9.096007,43.193769]]],[[[-9.097596,43.192928],[-9.098313,43.193331],[-9.097741,43.19401],[-9.097123,43.193494],[-9.097596,43.192928]]],[[[-9.096565,43.193325],[-9.09662,43.193503],[-9.096401,43.193658],[-9.096463,43.193412],[-9.096565,43.193325]]],[[[-9.111306,43.193463],[-9.111432,43.193492],[-9.111428,43.1937],[-9.111227,43.193539],[-9.111306,43.193463]]],[[[-9.114146,43.193689],[-9.114231,43.193684],[-9.114243,43.193801],[-9.114097,43.193818],[-9.114146,43.193689]]],[[[-9.097353,43.193823],[-9.097308,43.19424],[-9.097181,43.194319],[-9.097145,43.194078],[-9.097353,43.193823]]],[[[-9.114533,43.194487],[-9.114841,43.194615],[-9.114709,43.195018],[-9.114345,43.194695],[-9.114533,43.194487]]],[[[-9.114751,43.195556],[-9.115691,43.197198],[-9.11488,43.197943],[-9.114179,43.196721],[-9.114751,43.195556]]],[[[-9.119833,43.196174],[-9.119898,43.196207],[-9.119932,43.196304],[-9.119818,43.196274],[-9.119833,43.196174]]],[[[-9.116153,43.196777],[-9.116425,43.197032],[-9.116108,43.197553],[-9.116,43.196974],[-9.116153,43.196777]]],[[[-9.118039,43.196811],[-9.118094,43.196871],[-9.117947,43.196879],[-9.117944,43.196852],[-9.118039,43.196811]]],[[[-9.133881,43.196886],[-9.134349,43.197014],[-9.134382,43.197219],[-9.133907,43.197263],[-9.133881,43.196886]]],[[[-9.137885,43.198525],[-9.137976,43.1987],[-9.137888,43.198804],[-9.137782,43.198603],[-9.137885,43.198525]]],[[[-9.137444,43.198549],[-9.137581,43.198559],[-9.137643,43.198808],[-9.137329,43.198753],[-9.137444,43.198549]]],[[[-9.137407,43.199037],[-9.137767,43.199063],[-9.137849,43.199148],[-9.137583,43.199189],[-9.137407,43.199037]]],[[[-9.136201,43.199885],[-9.136469,43.199988],[-9.137013,43.200624],[-9.136344,43.200579],[-9.136201,43.199885]]],[[[-9.117611,43.198562],[-9.117873,43.199448],[-9.117401,43.200022],[-9.117233,43.199572],[-9.117611,43.198562]]],[[[-9.117712,43.200051],[-9.117773,43.200047],[-9.117826,43.20009],[-9.117607,43.20011],[-9.117712,43.200051]]],[[[-9.040266,43.210843],[-9.040867,43.211072],[-9.041501,43.211884],[-9.040823,43.211992],[-9.040266,43.210843]]],[[[-9.038961,43.21345],[-9.039384,43.213869],[-9.039316,43.214305],[-9.039171,43.214456],[-9.038961,43.21345]]],[[[-9.037109,43.205681],[-9.037182,43.206298],[-9.036489,43.206758],[-9.036054,43.206214],[-9.037109,43.205681]]],[[[-9.135008,43.197078],[-9.135313,43.197178],[-9.135355,43.197347],[-9.134978,43.197268],[-9.135008,43.197078]]],[[[-9.124865,43.197641],[-9.125195,43.197749],[-9.125289,43.197825],[-9.125018,43.197939],[-9.124865,43.197641]]],[[[-9.136883,43.197373],[-9.137402,43.197516],[-9.137533,43.197959],[-9.136958,43.197756],[-9.136883,43.197373]]],[[[-9.136605,43.197424],[-9.137066,43.197966],[-9.137009,43.198014],[-9.136345,43.198023],[-9.136605,43.197424]]],[[[-9.135608,43.198891],[-9.13576,43.199054],[-9.135218,43.199164],[-9.135306,43.199069],[-9.135608,43.198891]]],[[[-9.032532,43.216014],[-9.033413,43.216715],[-9.033212,43.21704],[-9.031465,43.216305],[-9.032532,43.216014]]],[[[-9.030263,43.21635],[-9.03039,43.216389],[-9.03031,43.216573],[-9.030178,43.216481],[-9.030263,43.21635]]],[[[-9.022543,43.218433],[-9.022671,43.21848],[-9.022676,43.218534],[-9.022504,43.218534],[-9.022543,43.218433]]],[[[-9.021619,43.21805],[-9.021815,43.218165],[-9.021294,43.218373],[-9.021289,43.218319],[-9.021619,43.21805]]],[[[-9.020817,43.218407],[-9.021079,43.21869],[-9.02082,43.218929],[-9.020612,43.218697],[-9.020817,43.218407]]],[[[-9.021959,43.218257],[-9.02226,43.21843],[-9.02208,43.21861],[-9.021773,43.218366],[-9.021959,43.218257]]],[[[-9.021662,43.218488],[-9.021799,43.218625],[-9.021821,43.218723],[-9.021612,43.218725],[-9.021662,43.218488]]],[[[-9.018498,43.222967],[-9.018538,43.223001],[-9.018671,43.223102],[-9.018437,43.223097],[-9.018498,43.222967]]],[[[-9.021987,43.223026],[-9.022104,43.223083],[-9.021912,43.223264],[-9.021857,43.223078],[-9.021987,43.223026]]],[[[-9.021163,43.218794],[-9.021272,43.218896],[-9.021301,43.21894],[-9.02105,43.21889],[-9.021163,43.218794]]],[[[-9.02039,43.220068],[-9.020457,43.220244],[-9.020209,43.220222],[-9.020236,43.220121],[-9.02039,43.220068]]],[[[-9.021058,43.222715],[-9.020971,43.222828],[-9.020832,43.222799],[-9.020866,43.222761],[-9.021058,43.222715]]],[[[-9.018862,43.222912],[-9.019051,43.222956],[-9.019123,43.22306],[-9.018866,43.222957],[-9.018862,43.222912]]],[[[-9.020796,43.222927],[-9.021219,43.22322],[-9.02118,43.22333],[-9.020663,43.223204],[-9.020796,43.222927]]],[[[-9.019796,43.223151],[-9.019855,43.223247],[-9.019734,43.223271],[-9.019737,43.223172],[-9.019796,43.223151]]],[[[-9.01861,43.223349],[-9.018758,43.223476],[-9.018647,43.223725],[-9.018523,43.22347],[-9.01861,43.223349]]],[[[-9.017305,43.22348],[-9.017333,43.223632],[-9.01723,43.22371],[-9.017182,43.223604],[-9.017305,43.22348]]],[[[-9.014337,43.228327],[-9.014411,43.228332],[-9.014263,43.228448],[-9.014292,43.228374],[-9.014337,43.228327]]],[[[-9.01102,43.225279],[-9.011169,43.22529],[-9.011198,43.225333],[-9.011054,43.225368],[-9.01102,43.225279]]],[[[-9.014898,43.223409],[-9.01494,43.223461],[-9.014933,43.223516],[-9.014869,43.223492],[-9.014898,43.223409]]],[[[-9.015367,43.223547],[-9.015442,43.223552],[-9.015363,43.223628],[-9.015358,43.223583],[-9.015367,43.223547]]],[[[-9.015664,43.223315],[-9.015734,43.223401],[-9.015514,43.223539],[-9.015511,43.223386],[-9.015664,43.223315]]],[[[-9.015722,43.230009],[-9.015836,43.230039],[-9.015952,43.230222],[-9.015796,43.230266],[-9.015722,43.230009]]],[[[-9.015113,43.231329],[-9.015231,43.231521],[-9.015427,43.231636],[-9.015137,43.23157],[-9.015113,43.231329]]],[[[-9.015363,43.229992],[-9.015476,43.230013],[-9.015497,43.230102],[-9.015288,43.230104],[-9.015363,43.229992]]],[[[-9.015722,43.232881],[-9.015855,43.232982],[-9.01586,43.233027],[-9.015739,43.233051],[-9.015722,43.232881]]],[[[-9.014015,43.234798],[-9.0144,43.234832],[-9.01419,43.235194],[-9.01381,43.235088],[-9.014015,43.234798]]],[[[-9.00926,43.23477],[-9.009289,43.234814],[-9.008882,43.235051],[-9.008535,43.235033],[-9.00926,43.23477]]],[[[-9.002825,43.228682],[-9.002899,43.228687],[-9.002916,43.228731],[-9.002815,43.228709],[-9.002825,43.228682]]],[[[-9.014305,43.22913],[-9.014429,43.229258],[-9.014258,43.229402],[-9.014297,43.229292],[-9.014305,43.22913]]],[[[-9.003676,43.230068],[-9.003751,43.230082],[-9.003742,43.230119],[-9.003606,43.230108],[-9.003676,43.230068]]],[[[-9.010742,43.233693],[-9.010882,43.233856],[-9.010789,43.233915],[-9.010643,43.233806],[-9.010742,43.233693]]],[[[-9.011615,43.233809],[-9.011715,43.233947],[-9.011611,43.234016],[-9.01157,43.233847],[-9.011615,43.233809]]],[[[-9.012297,43.23398],[-9.012371,43.233976],[-9.01254,43.234075],[-9.012331,43.234077],[-9.012297,43.23398]]],[[[-9.008308,43.2341],[-9.0084,43.234158],[-9.00822,43.234204],[-9.008249,43.23413],[-9.008308,43.2341]]],[[[-9.008971,43.234209],[-9.008931,43.234301],[-9.008784,43.234309],[-9.008828,43.234253],[-9.008971,43.234209]]],[[[-8.958474,43.228723],[-8.958519,43.228801],[-8.9584,43.228843],[-8.958402,43.228735],[-8.958474,43.228723]]],[[[-8.966811,43.22862],[-8.966966,43.228692],[-8.96682,43.228835],[-8.966715,43.228769],[-8.966811,43.22862]]],[[[-8.966531,43.22966],[-8.966696,43.229706],[-8.966393,43.229884],[-8.966327,43.229716],[-8.966531,43.22966]]],[[[-8.966444,43.229521],[-8.96656,43.229578],[-8.966311,43.229546],[-8.966444,43.229521]]],[[[-8.966504,43.229005],[-8.966838,43.229149],[-8.966528,43.229499],[-8.966239,43.229316],[-8.966504,43.229005]]],[[[-8.96608,43.22945],[-8.966172,43.229508],[-8.966092,43.229575],[-8.96602,43.229471],[-8.96608,43.22945]]],[[[-8.941889,43.2321],[-8.94353,43.232392],[-8.943738,43.234146],[-8.942333,43.233373],[-8.941889,43.2321]]]]}},{"type":"Feature","properties":{"name":"Alacant/Alicante","mapcolor":47,"cartodb_id":47},"geometry":{"type":"MultiPolygon","coordinates":[[[[-0.753503,37.871624],[-0.753547,37.872006],[-0.753303,37.872123],[-0.753428,37.871657],[-0.753503,37.871624]]],[[[-0.761085,37.847916],[-0.761151,37.847952],[-0.761061,37.848087],[-0.76102,37.848023],[-0.761085,37.847916]]],[[[-0.761177,37.848529],[-0.761261,37.848594],[-0.761197,37.84869],[-0.761131,37.848606],[-0.761177,37.848529]]],[[[-0.761021,37.848794],[-0.761118,37.84883],[-0.761047,37.848946],[-0.76098,37.848915],[-0.761021,37.848794]]],[[[-0.761188,37.849193],[-0.761303,37.849244],[-0.761152,37.849363],[-0.761119,37.849235],[-0.761188,37.849193]]],[[[-0.538932,38.185619],[-0.538458,38.186474],[-0.538253,38.18647],[-0.538392,38.186077],[-0.538932,38.185619]]],[[[-0.476797,38.16115],[-0.47673,38.161177],[-0.476463,38.161177],[-0.476745,38.161053],[-0.476797,38.16115]]],[[[-0.45955,38.161297],[-0.459229,38.16142],[-0.458926,38.161358],[-0.459233,38.160976],[-0.45955,38.161297]]],[[[-0.475067,38.16187],[-0.474927,38.161866],[-0.474876,38.161799],[-0.475081,38.161783],[-0.475067,38.16187]]],[[[-0.475305,38.161374],[-0.474879,38.161685],[-0.474115,38.161093],[-0.474259,38.160897],[-0.475305,38.161374]]],[[[-0.464555,38.16286],[-0.463954,38.162683],[-0.463902,38.162504],[-0.464485,38.162532],[-0.464555,38.16286]]],[[[-0.484737,38.165885],[-0.4846,38.165918],[-0.484547,38.165894],[-0.484699,38.165807],[-0.484737,38.165885]]],[[[-0.471992,38.162468],[-0.472192,38.162537],[-0.472215,38.162562],[-0.472027,38.162529],[-0.471992,38.162468]]],[[[-0.478537,38.166667],[-0.47203,38.166511],[-0.464789,38.162953],[-0.485129,38.16682],[-0.478537,38.166667]],[[-0.477203,38.166204],[-0.477179,38.166145],[-0.47703,38.166219],[-0.477104,38.166284],[-0.477203,38.166204]]],[[[-0.486641,38.166667],[-0.486839,38.166991],[-0.487091,38.166835],[-0.487161,38.166977],[-0.485994,38.16704],[-0.485363,38.166808],[-0.486641,38.166667]]],[[[0.155834,38.691746],[0.15577,38.691856],[0.155944,38.691896],[0.155892,38.691754],[0.155834,38.691746]]],[[[0.197713,38.800005],[0.19747,38.800026],[0.19751,38.800225],[0.197752,38.800194],[0.197713,38.800005]]],[[[0.234007,38.742408],[0.23378,38.74272],[0.233995,38.742913],[0.234211,38.7426],[0.234007,38.742408]]],[[[0.218384,38.72621],[0.215118,38.727236],[0.215068,38.727409],[0.218281,38.726996],[0.218384,38.72621]]],[[[0.231898,38.736457],[0.23162,38.736663],[0.231645,38.736708],[0.231869,38.736584],[0.231898,38.736457]]],[[[0.231357,38.75207],[0.231203,38.752265],[0.231693,38.752486],[0.231688,38.752369],[0.231357,38.75207]]],[[[0.23013,38.753481],[0.228042,38.754183],[0.228885,38.756845],[0.23157,38.75638],[0.23013,38.753481]]],[[[-0.072666,38.53632],[-0.073414,38.536816],[-0.071573,38.537239],[-0.072373,38.536745],[-0.072666,38.53632]]],[[[-0.014128,38.623897],[-0.014212,38.624071],[-0.013878,38.624107],[-0.014024,38.623904],[-0.014128,38.623897]]],[[[-0.019476,38.616493],[-0.019986,38.61665],[-0.019685,38.617282],[-0.019184,38.617161],[-0.019476,38.616493]]],[[[-0.129538,38.501124],[-0.132681,38.50166],[-0.133003,38.502209],[-0.130053,38.503731],[-0.129538,38.501124]]],[[[-0.75213,37.888316],[-0.762335,37.84663],[-0.77073,37.84391],[-0.837111,37.86921],[-0.921188,37.944238],[-0.965746,38.012677],[-1.017514,38.067729],[-1.030336,38.097079],[-1.036746,38.137715],[-0.988873,38.199263],[-0.96765,38.275661],[-0.98899,38.320678],[-1.028223,38.338452],[-1.084302,38.346203],[-1.087764,38.406872],[-1.085366,38.429153],[-1.077206,38.43147],[-1.094124,38.437952],[-1.059371,38.455754],[-1.013958,38.496727],[-1.025995,38.522821],[-1.001454,38.572635],[-1.026104,38.655672],[-0.962466,38.656925],[-0.915793,38.695965],[-0.945912,38.736721],[-0.961429,38.774792],[-0.928938,38.783834],[-0.914907,38.781412],[-0.913225,38.769606],[-0.904989,38.76708],[-0.861693,38.77089],[-0.834622,38.732431],[-0.734931,38.759445],[-0.733289,38.751701],[-0.717193,38.750576],[-0.707189,38.733819],[-0.688785,38.741268],[-0.677571,38.729107],[-0.644026,38.728138],[-0.642469,38.70414],[-0.6287,38.686554],[-0.618051,38.686653],[-0.507115,38.742975],[-0.50747,38.755263],[-0.520884,38.756692],[-0.529627,38.767095],[-0.565642,38.755427],[-0.584261,38.768364],[-0.595217,38.795097],[-0.535306,38.810363],[-0.461877,38.807645],[-0.460618,38.814862],[-0.404067,38.833125],[-0.40339,38.839714],[-0.381436,38.834899],[-0.348262,38.861557],[-0.323668,38.863491],[-0.310809,38.881511],[-0.23054,38.85349],[-0.196317,38.859438],[-0.188691,38.873417],[-0.160832,38.887391],[-0.155093,38.860476],[-0.148077,38.858431],[-0.102095,38.875029],[-0.092083,38.871527],[-0.089786,38.879236],[-0.070616,38.885721],[-0.042151,38.856452],[-0.027396,38.8616],[-0.024793,38.872335],[-0.037515,38.886932],[0.015272,38.863793],[0.1258,38.848596],[0.109504,38.845527],[0.197524,38.80405],[0.184639,38.798304],[0.183853,38.785542],[0.206551,38.761696],[0.224766,38.764284],[0.231501,38.73173],[0.204003,38.732263],[0.182412,38.720781],[0.155686,38.698038],[0.148607,38.679257],[0.146977,38.687156],[0.13066,38.687009],[0.115174,38.673703],[0.098461,38.672841],[0.073594,38.644696],[0.083969,38.63108],[0.051371,38.641305],[0.034792,38.63607],[0.030551,38.625919],[0.010458,38.632348],[-0.015885,38.626663],[-0.06174,38.582048],[-0.064051,38.572106],[-0.049584,38.562192],[-0.097558,38.523471],[-0.110833,38.533909],[-0.149821,38.535649],[-0.172032,38.51625],[-0.222899,38.508296],[-0.312168,38.477432],[-0.386648,38.43142],[-0.405421,38.398527],[-0.40384,38.352477],[-0.43537,38.355208],[-0.444264,38.36325],[-0.474104,38.347967],[-0.47745,38.336948],[-0.489543,38.327972],[-0.478452,38.337411],[-0.480346,38.343489],[-0.489632,38.332371],[-0.497089,38.334729],[-0.493627,38.329303],[-0.505697,38.332552],[-0.519931,38.297569],[-0.509724,38.202538],[-0.537858,38.187002],[-0.591857,38.189105],[-0.613575,38.174329],[-0.63874,38.129532],[-0.652763,38.025394],[-0.64764,37.999989],[-0.655702,37.983201],[-0.687218,37.964261],[-0.681264,37.975174],[-0.693408,37.9727],[-0.693749,37.971256],[-0.687877,37.967221],[-0.688519,37.966702],[-0.696742,37.969468],[-0.704936,37.940999],[-0.717735,37.937013],[-0.719825,37.911381],[-0.740969,37.90913],[-0.75213,37.888316]],[[-0.720862,37.920043],[-0.720699,37.920323],[-0.720743,37.920492],[-0.721101,37.92027],[-0.720862,37.920043]],[[-0.721452,37.920928],[-0.721132,37.920985],[-0.72107,37.921497],[-0.721389,37.921504],[-0.721452,37.920928]],[[0.086268,38.659488],[0.086576,38.659696],[0.086537,38.659859],[0.086103,38.659654],[0.086268,38.659488]],[[0.224272,38.761217],[0.224609,38.761307],[0.224639,38.761468],[0.224121,38.761455],[0.224272,38.761217]]]]}},{"type":"Feature","properties":{"name":"Albacete","mapcolor":17,"cartodb_id":17},"geometry":{"type":"MultiPolygon","coordinates":[[[[-2.762077,38.532751],[-2.74679,38.546814],[-2.765499,38.573853],[-2.750097,38.615565],[-2.763691,38.627886],[-2.728246,38.616075],[-2.717585,38.625125],[-2.699823,38.62536],[-2.668855,38.649221],[-2.655556,38.671433],[-2.638071,38.735346],[-2.643458,38.746384],[-2.662987,38.753525],[-2.696283,38.782932],[-2.732242,38.781849],[-2.734518,38.79529],[-2.752679,38.814731],[-2.751145,38.84835],[-2.762307,38.880769],[-2.790649,38.891574],[-2.792464,38.905554],[-2.835805,38.905975],[-2.857664,38.927379],[-2.876219,38.925508],[-2.882888,38.938491],[-2.870966,38.965548],[-2.844591,38.986359],[-2.832264,39.023243],[-2.809932,39.02383],[-2.80501,39.078944],[-2.827264,39.098362],[-2.842657,39.134491],[-2.723193,39.264792],[-2.743698,39.315994],[-2.735597,39.320256],[-2.66234,39.321949],[-2.634971,39.326759],[-2.619258,39.340143],[-2.593675,39.339417],[-2.548777,39.323455],[-2.511046,39.342153],[-2.374077,39.232784],[-2.361091,39.246553],[-2.34989,39.278542],[-2.321191,39.283739],[-2.30183,39.263612],[-2.288677,39.226661],[-2.218928,39.261517],[-2.18185,39.269309],[-2.168681,39.281074],[-2.050963,39.266677],[-2.077345,39.308238],[-2.073695,39.321121],[-2.095625,39.359425],[-2.020331,39.351824],[-2.028431,39.336808],[-1.995076,39.309809],[-1.989799,39.29368],[-1.887077,39.30479],[-1.845191,39.286118],[-1.769853,39.280508],[-1.763107,39.301494],[-1.739281,39.32116],[-1.622694,39.362683],[-1.555679,39.401848],[-1.484196,39.422998],[-1.487423,39.400542],[-1.474463,39.409067],[-1.466219,39.402571],[-1.475223,39.398157],[-1.473523,39.391431],[-1.460686,39.400669],[-1.45167,39.397693],[-1.457745,39.3887],[-1.452481,39.383585],[-1.467511,39.382802],[-1.448286,39.37851],[-1.45415,39.361091],[-1.443798,39.362079],[-1.432161,39.377429],[-1.430958,39.364817],[-1.424548,39.36391],[-1.424998,39.380558],[-1.413364,39.38058],[-1.408365,39.372168],[-1.395831,39.374555],[-1.407709,39.366312],[-1.384208,39.36661],[-1.384263,39.353663],[-1.365858,39.355109],[-1.336281,39.333804],[-1.333454,39.340458],[-1.312128,39.342872],[-1.297627,39.330254],[-1.275009,39.333831],[-1.25077,39.322738],[-1.247187,39.328748],[-1.244271,39.321487],[-1.223102,39.31594],[-1.207624,39.326587],[-1.196637,39.313956],[-1.164587,39.310076],[-1.174816,39.279279],[-1.180826,39.211822],[-1.197092,39.176728],[-1.226997,39.151707],[-1.24051,39.113735],[-1.25572,39.10617],[-1.255815,39.084024],[-1.265701,39.075468],[-1.263903,39.045094],[-1.226538,39.024673],[-1.160889,38.954816],[-1.146654,38.929353],[-1.034595,38.934448],[-0.999333,38.949454],[-0.95941,38.944582],[-0.956524,38.920123],[-0.924537,38.891753],[-0.935697,38.855937],[-0.924879,38.823362],[-0.932796,38.811267],[-0.928938,38.783834],[-0.961429,38.774792],[-0.945912,38.736721],[-0.915793,38.695965],[-0.962466,38.656925],[-1.033997,38.656595],[-1.115778,38.711409],[-1.119644,38.737741],[-1.183618,38.755096],[-1.249665,38.738609],[-1.283828,38.70721],[-1.343075,38.677406],[-1.3665,38.70401],[-1.38364,38.69929],[-1.421737,38.67706],[-1.447639,38.649634],[-1.443342,38.63697],[-1.4521,38.581507],[-1.487754,38.563232],[-1.496347,38.540944],[-1.47992,38.47986],[-1.478779,38.376068],[-1.58958,38.309948],[-1.669826,38.311827],[-1.693312,38.337641],[-1.692011,38.347034],[-1.681465,38.349533],[-1.687883,38.365595],[-1.70384,38.374741],[-1.719392,38.36313],[-1.74421,38.380836],[-1.754831,38.37251],[-1.770617,38.378941],[-1.770492,38.364232],[-1.79501,38.369026],[-1.784083,38.35585],[-1.811249,38.35129],[-1.826326,38.333465],[-1.850996,38.333365],[-1.90745,38.2977],[-1.982581,38.281182],[-2.048573,38.305694],[-2.063262,38.29749],[-2.082429,38.265704],[-2.112884,38.237684],[-2.168307,38.226411],[-2.213288,38.202053],[-2.265667,38.108837],[-2.328134,38.068373],[-2.341195,38.025869],[-2.35734,38.0225],[-2.423412,38.033702],[-2.432112,38.043334],[-2.480706,38.053112],[-2.551296,38.084092],[-2.474123,38.155777],[-2.468463,38.172804],[-2.446277,38.185194],[-2.445578,38.204938],[-2.454339,38.215488],[-2.440601,38.232647],[-2.446325,38.244589],[-2.436603,38.27213],[-2.441369,38.285627],[-2.485206,38.300256],[-2.478954,38.348813],[-2.49238,38.371303],[-2.483398,38.397858],[-2.550669,38.403118],[-2.571883,38.414128],[-2.576977,38.434288],[-2.5674,38.460658],[-2.576792,38.477319],[-2.566624,38.490466],[-2.592699,38.510819],[-2.6186,38.512564],[-2.679692,38.496921],[-2.728101,38.511904],[-2.762077,38.532751]]]]}},{"type":"Feature","properties":{"name":"Almería","mapcolor":11,"cartodb_id":11},"geometry":{"type":"MultiPolygon","coordinates":[[[[-3.035286,35.937668],[-3.037,35.939517],[-3.031035,35.941522],[-3.033144,35.938161],[-3.035286,35.937668]]],[[[-3.030274,35.94198],[-3.030174,35.942251],[-3.029963,35.942152],[-3.029985,35.942052],[-3.030274,35.94198]]],[[[-2.00248,36.836388],[-2.002827,36.836463],[-2.002846,36.836725],[-2.002376,36.836658],[-2.00248,36.836388]]],[[[-2.049008,36.81197],[-2.049577,36.812227],[-2.049483,36.812569],[-2.049044,36.812674],[-2.049008,36.81197]]],[[[-2.174816,36.722304],[-2.174939,36.722322],[-2.175092,36.72263],[-2.174957,36.722665],[-2.174816,36.722304]]],[[[-2.1912,36.72],[-2.191289,36.720127],[-2.191008,36.720215],[-2.190942,36.720115],[-2.1912,36.72]]],[[[-2.190828,36.72025],[-2.191015,36.720594],[-2.190687,36.72088],[-2.190693,36.720375],[-2.190828,36.72025]]],[[[-2.567223,36.810985],[-2.566918,36.811398],[-2.566479,36.811676],[-2.566671,36.811452],[-2.567223,36.810985]]],[[[-1.820332,37.174776],[-1.82031,37.175487],[-1.820136,37.175801],[-1.820239,37.174964],[-1.820332,37.174776]]],[[[-1.81978,37.177663],[-1.819863,37.178133],[-1.819538,37.178734],[-1.819687,37.177888],[-1.81978,37.177663]]],[[[-1.885046,36.992063],[-1.886188,36.992371],[-1.886445,36.99323],[-1.885418,36.993518],[-1.885046,36.992063]]],[[[-1.64891,37.359233],[-1.648957,37.359738],[-1.647904,37.359933],[-1.648219,37.359378],[-1.64891,37.359233]]],[[[-1.651797,37.346827],[-1.652934,37.346967],[-1.652856,37.347552],[-1.651468,37.347536],[-1.651797,37.346827]]],[[[-1.697189,37.322829],[-1.697288,37.323001],[-1.697152,37.323036],[-1.697064,37.322864],[-1.697189,37.322829]]],[[[-1.696667,37.324932],[-1.696745,37.324987],[-1.696721,37.325086],[-1.696621,37.325031],[-1.696667,37.324932]]],[[[-1.697971,37.321963],[-1.697958,37.322071],[-1.697844,37.322133],[-1.697869,37.322025],[-1.697971,37.321963]]],[[[-1.697827,37.321818],[-1.697825,37.321917],[-1.69758,37.32241],[-1.697553,37.322013],[-1.697827,37.321818]]],[[[-1.697394,37.322741],[-1.697461,37.322751],[-1.697471,37.32285],[-1.697415,37.322841],[-1.697394,37.322741]]],[[[-1.69865,37.319916],[-1.698581,37.320014],[-1.698513,37.320004],[-1.698537,37.319933],[-1.69865,37.319916]]],[[[-1.698532,37.320212],[-1.698655,37.320276],[-1.69835,37.320291],[-1.698419,37.320229],[-1.698532,37.320212]]],[[[-1.69867,37.320736],[-1.698691,37.320809],[-1.698567,37.320825],[-1.698579,37.320762],[-1.69867,37.320736]]],[[[-1.701407,37.315142],[-1.701429,37.315178],[-1.701293,37.315204],[-1.701282,37.315177],[-1.701407,37.315142]]],[[[-1.699729,37.318873],[-1.699728,37.318918],[-1.699592,37.318935],[-1.699593,37.318881],[-1.699729,37.318873]]],[[[-1.698875,37.319296],[-1.698999,37.319307],[-1.699054,37.319397],[-1.698795,37.319386],[-1.698875,37.319296]]],[[[-1.699893,37.31718],[-1.700196,37.317301],[-1.70008,37.31748],[-1.699832,37.317459],[-1.699893,37.31718]]],[[[-1.699598,37.317303],[-1.699733,37.317332],[-1.699718,37.317512],[-1.699507,37.317356],[-1.699598,37.317303]]],[[[-1.699781,37.317792],[-1.699746,37.317891],[-1.699622,37.317853],[-1.699668,37.317809],[-1.699781,37.317792]]],[[[-1.69955,37.319439],[-1.699639,37.319503],[-1.699626,37.319602],[-1.699515,37.319493],[-1.69955,37.319439]]],[[[-1.698998,37.320028],[-1.699122,37.320029],[-1.69913,37.32021],[-1.698893,37.320198],[-1.698998,37.320028]]],[[[-1.69887,37.320243],[-1.698947,37.320334],[-1.698844,37.320459],[-1.698746,37.32025],[-1.69887,37.320243]]],[[[-1.698975,37.320695],[-1.699054,37.320695],[-1.69903,37.320767],[-1.698985,37.320767],[-1.698975,37.320695]]],[[[-1.698395,37.321635],[-1.698414,37.321833],[-1.6983,37.321868],[-1.698212,37.32175],[-1.698395,37.321635]]],[[[-1.704407,37.310641],[-1.704405,37.310731],[-1.704349,37.310731],[-1.704328,37.310649],[-1.704407,37.310641]]],[[[-1.704313,37.310856],[-1.704311,37.310956],[-1.704118,37.311062],[-1.704188,37.310891],[-1.704313,37.310856]]],[[[-1.704003,37.311169],[-1.704113,37.311314],[-1.704056,37.311367],[-1.703966,37.311321],[-1.704003,37.311169]]],[[[-1.703206,37.31225],[-1.703227,37.312314],[-1.703114,37.312303],[-1.703138,37.312259],[-1.703206,37.31225]]],[[[-1.703351,37.312306],[-1.703362,37.312351],[-1.703294,37.312369],[-1.703272,37.312314],[-1.703351,37.312306]]],[[[-1.722512,37.29163],[-1.722625,37.291641],[-1.722612,37.291722],[-1.722432,37.291702],[-1.722512,37.29163]]],[[[-1.723218,37.290593],[-1.723319,37.290621],[-1.72325,37.290683],[-1.723218,37.290593]]],[[[-1.72334,37.290747],[-1.723303,37.290927],[-1.723166,37.290998],[-1.723146,37.290853],[-1.72334,37.290747]]],[[[-1.707643,37.304205],[-1.707653,37.304277],[-1.707585,37.304294],[-1.707541,37.304213],[-1.707643,37.304205]]],[[[-1.707353,37.304643],[-1.707443,37.304653],[-1.707397,37.304716],[-1.707353,37.304643]]],[[[-1.712717,37.299754],[-1.712747,37.300006],[-1.712486,37.300058],[-1.712454,37.299967],[-1.712717,37.299754]]],[[[-1.713347,37.299869],[-1.713391,37.299932],[-1.713266,37.299958],[-1.713267,37.299913],[-1.713347,37.299869]]],[[[-1.76507,37.252756],[-1.765149,37.252793],[-1.764968,37.252818],[-1.76507,37.252756]]],[[[-1.72378,37.290049],[-1.723756,37.290139],[-1.723609,37.290164],[-1.723645,37.290056],[-1.72378,37.290049]]],[[[-1.723411,37.290522],[-1.723513,37.290524],[-1.7235,37.290614],[-1.723397,37.290667],[-1.723411,37.290522]]],[[[-1.724043,37.289817],[-1.724042,37.289916],[-1.723985,37.289961],[-1.72393,37.289843],[-1.724043,37.289817]]],[[[-1.723891,37.290167],[-1.724069,37.290286],[-1.723841,37.290473],[-1.723753,37.29031],[-1.723891,37.290167]]],[[[-1.72852,37.286612],[-1.728586,37.286684],[-1.728584,37.286793],[-1.728485,37.286683],[-1.72852,37.286612]]],[[[-1.725294,37.288569],[-1.72545,37.288697],[-1.725312,37.288839],[-1.725169,37.288622],[-1.725294,37.288569]]],[[[-1.725146,37.289297],[-1.72519,37.289397],[-1.725144,37.28946],[-1.725056,37.289332],[-1.725146,37.289297]]],[[[-1.739273,37.278317],[-1.739283,37.278389],[-1.739,37.278449],[-1.739125,37.278406],[-1.739273,37.278317]]],[[[-1.730521,37.283632],[-1.730542,37.283722],[-1.730441,37.283712],[-1.730453,37.283676],[-1.730521,37.283632]]],[[[-1.732091,37.282873],[-1.732203,37.282892],[-1.731976,37.282962],[-1.731977,37.282908],[-1.732091,37.282873]]],[[[-1.732225,37.282947],[-1.732256,37.283073],[-1.732154,37.283099],[-1.732145,37.283009],[-1.732225,37.282947]]],[[[-1.761416,37.256964],[-1.761472,37.256991],[-1.761346,37.257089],[-1.761302,37.257043],[-1.761416,37.256964]]],[[[-1.750719,37.266234],[-1.750716,37.266378],[-1.750582,37.266305],[-1.750606,37.266242],[-1.750719,37.266234]]],[[[-1.745693,37.271427],[-1.745669,37.27149],[-1.745511,37.271533],[-1.745591,37.271471],[-1.745693,37.271427]]],[[[-1.744665,37.272182],[-1.74472,37.272291],[-1.744548,37.272424],[-1.744538,37.272379],[-1.744665,37.272182]]],[[[-1.741485,37.275528],[-1.741516,37.275682],[-1.741404,37.275681],[-1.741361,37.275536],[-1.741485,37.275528]]],[[[-1.741616,37.2758],[-1.741615,37.275872],[-1.741514,37.275844],[-1.741616,37.2758]]],[[[-1.739923,37.2779],[-1.740013,37.277901],[-1.740012,37.277964],[-1.739956,37.277964],[-1.739923,37.2779]]],[[[-1.764578,37.253202],[-1.76468,37.253212],[-1.764497,37.253318],[-1.764487,37.253255],[-1.764578,37.253202]]],[[[-1.763893,37.253763],[-1.763937,37.253808],[-1.763675,37.253959],[-1.76371,37.253878],[-1.763893,37.253763]]],[[[-1.763991,37.253953],[-1.763989,37.254052],[-1.763626,37.254219],[-1.763798,37.254041],[-1.763991,37.253953]]],[[[-1.763099,37.254701],[-1.763063,37.254817],[-1.762962,37.254798],[-1.763031,37.254727],[-1.763099,37.254701]]],[[[-1.763188,37.254792],[-1.763301,37.254793],[-1.76314,37.254935],[-1.763108,37.254854],[-1.763188,37.254792]]],[[[-1.769507,37.247602],[-1.769619,37.247612],[-1.769629,37.247711],[-1.769528,37.247719],[-1.769507,37.247602]]],[[[-1.773003,37.244772],[-1.772989,37.244961],[-1.772751,37.24503],[-1.772879,37.244797],[-1.773003,37.244772]]],[[[-1.772929,37.245195],[-1.773041,37.245205],[-1.773142,37.24526],[-1.773051,37.245313],[-1.772929,37.245195]]],[[[-1.774357,37.243308],[-1.774367,37.243389],[-1.7743,37.243388],[-1.774357,37.243308]]],[[[-1.773519,37.244254],[-1.773539,37.244381],[-1.773234,37.244423],[-1.773269,37.244342],[-1.773519,37.244254]]],[[[-1.773755,37.243581],[-1.773957,37.243646],[-1.773944,37.243745],[-1.773696,37.24376],[-1.773755,37.243581]]],[[[-1.774045,37.243791],[-1.773998,37.243908],[-1.773919,37.243934],[-1.773875,37.243861],[-1.774045,37.243791]]],[[[-1.77332,37.245397],[-1.773387,37.245452],[-1.773341,37.245496],[-1.77324,37.245441],[-1.77332,37.245397]]],[[[-1.773391,37.244496],[-1.773503,37.244534],[-1.773241,37.244684],[-1.773154,37.24453],[-1.773391,37.244496]]],[[[-1.773303,37.245063],[-1.773503,37.245201],[-1.773502,37.245291],[-1.773276,37.245351],[-1.773303,37.245063]]],[[[-1.769075,37.249202],[-1.769131,37.24922],[-1.768925,37.249407],[-1.768973,37.249255],[-1.769075,37.249202]]],[[[-1.765812,37.251538],[-1.765957,37.25163],[-1.765956,37.251711],[-1.765696,37.251717],[-1.765812,37.251538]]],[[[-1.765357,37.251804],[-1.765366,37.251912],[-1.765175,37.251892],[-1.765277,37.251848],[-1.765357,37.251804]]],[[[-1.765727,37.251889],[-1.76584,37.251908],[-1.765885,37.251927],[-1.765692,37.251961],[-1.765727,37.251889]]],[[[-1.769696,37.248424],[-1.769763,37.248497],[-1.769694,37.248559],[-1.769662,37.248469],[-1.769696,37.248424]]],[[[-1.769435,37.248529],[-1.769524,37.248638],[-1.769331,37.248718],[-1.769264,37.248654],[-1.769435,37.248529]]],[[[-2.6572,36.697948],[-2.70033,36.682999],[-2.760572,36.680324],[-2.813186,36.705885],[-2.84637,36.695268],[-2.857536,36.698582],[-2.896376,36.736928],[-2.924834,36.751609],[-2.977681,36.738327],[-3.021792,36.747345],[-3.022351,36.744145],[-3.019002,36.741693],[-3.019763,36.740684],[-3.035369,36.747686],[-3.128683,36.750871],[-3.140187,36.787791],[-3.029007,36.844441],[-3.043271,36.879124],[-3.069715,36.899637],[-3.071934,36.919287],[-3.057187,36.911542],[-3.031316,36.924586],[-3.029338,36.947527],[-2.990498,36.958185],[-2.976215,36.978122],[-2.982511,37.005969],[-3.005711,37.023341],[-3.029577,37.113254],[-3.015012,37.113284],[-3.000256,37.094977],[-2.948964,37.096552],[-2.946987,37.122205],[-2.930581,37.139801],[-2.929146,37.156566],[-2.8953,37.167051],[-2.880986,37.187103],[-2.874963,37.231455],[-2.845385,37.279221],[-2.819364,37.278328],[-2.814881,37.270893],[-2.779004,37.262656],[-2.778209,37.248998],[-2.759033,37.226714],[-2.739986,37.228755],[-2.733023,37.237321],[-2.692733,37.21723],[-2.660115,37.211994],[-2.665651,37.285329],[-2.650871,37.312329],[-2.654601,37.340607],[-2.637292,37.343331],[-2.635088,37.364723],[-2.643188,37.375943],[-2.635622,37.394209],[-2.577267,37.429033],[-2.568453,37.446388],[-2.514154,37.479528],[-2.457522,37.490827],[-2.456323,37.509426],[-2.423778,37.512877],[-2.411701,37.52494],[-2.397217,37.513384],[-2.38115,37.522918],[-2.358511,37.522293],[-2.355729,37.546993],[-2.374298,37.55735],[-2.367457,37.563046],[-2.374931,37.577832],[-2.367896,37.591576],[-2.37598,37.61226],[-2.388793,37.618005],[-2.39127,37.632485],[-2.359565,37.621266],[-2.345433,37.62922],[-2.316704,37.621837],[-2.308937,37.633428],[-2.319956,37.648094],[-2.325662,37.681548],[-2.276785,37.776219],[-2.301775,37.808284],[-2.289387,37.83148],[-2.296372,37.865464],[-2.288521,37.885137],[-2.265388,37.880948],[-2.250783,37.897178],[-2.207789,37.916248],[-2.172147,37.888651],[-2.124892,37.900277],[-2.097268,37.876895],[-2.057087,37.880851],[-2.021563,37.868201],[-2.004542,37.880097],[-1.982695,37.873885],[-1.974268,37.867217],[-1.995277,37.841385],[-2.008836,37.774951],[-1.995832,37.728047],[-2.007654,37.719792],[-2.012651,37.700601],[-2.011814,37.672248],[-1.983069,37.638944],[-1.976807,37.618728],[-1.955279,37.600864],[-1.953783,37.587953],[-1.858894,37.479913],[-1.84509,37.455016],[-1.808563,37.433533],[-1.811756,37.451556],[-1.737075,37.442633],[-1.630752,37.373607],[-1.644582,37.371369],[-1.653414,37.354228],[-1.677081,37.352845],[-1.689015,37.339242],[-1.708299,37.304113],[-1.758812,37.263083],[-1.773482,37.245849],[-1.774776,37.243186],[-1.775175,37.239485],[-1.797564,37.229611],[-1.816407,37.178828],[-1.81538,37.18586],[-1.819969,37.183299],[-1.833138,37.119252],[-1.848575,37.097392],[-1.849476,37.068349],[-1.875449,37.036329],[-1.877682,37.014492],[-1.900761,36.987757],[-1.901326,36.979767],[-1.896566,36.978677],[-1.894052,36.975427],[-1.893873,36.973812],[-1.897186,36.978566],[-1.900848,36.9786],[-1.895472,36.948678],[-1.903742,36.93737],[-1.940529,36.936523],[-1.967302,36.898863],[-1.980334,36.902969],[-1.992083,36.89373],[-2.003877,36.880885],[-2.005799,36.860727],[-1.995434,36.850382],[-1.999607,36.840024],[-2.025365,36.834883],[-2.060022,36.809723],[-2.060277,36.777823],[-2.083268,36.764958],[-2.106196,36.762653],[-2.1067,36.752083],[-2.121176,36.746872],[-2.114988,36.737515],[-2.193406,36.721097],[-2.27004,36.803336],[-2.321321,36.834479],[-2.369762,36.840732],[-2.426805,36.810741],[-2.478524,36.83686],[-2.464122,36.825853],[-2.481953,36.835577],[-2.502581,36.824623],[-2.565189,36.813772],[-2.599574,36.775292],[-2.618613,36.728073],[-2.6572,36.697948]],[[-2.193824,36.721785],[-2.193574,36.722225],[-2.193886,36.722344],[-2.194044,36.722174],[-2.193824,36.721785]],[[-1.720674,37.295604],[-1.720559,37.29571],[-1.720808,37.295704],[-1.720775,37.295659],[-1.720674,37.295604]],[[-1.719334,37.29613],[-1.719288,37.296147],[-1.719343,37.296229],[-1.719401,37.296158],[-1.719334,37.29613]],[[-1.718391,37.296489],[-1.718241,37.296686],[-1.718557,37.29668],[-1.718615,37.296582],[-1.718391,37.296489]],[[-1.717919,37.297088],[-1.717794,37.297096],[-1.717793,37.297159],[-1.717906,37.29716],[-1.717919,37.297088]],[[-1.709053,37.303553],[-1.709074,37.303662],[-1.709243,37.303664],[-1.709177,37.303573],[-1.709053,37.303553]],[[-1.719276,37.296237],[-1.71914,37.296263],[-1.719058,37.296415],[-1.719297,37.296319],[-1.719276,37.296237]],[[-1.719443,37.296311],[-1.719397,37.296383],[-1.719532,37.296411],[-1.719545,37.296312],[-1.719443,37.296311]]],[[[-1.765225,37.252244],[-1.765168,37.252325],[-1.765124,37.25227],[-1.765225,37.252244]]]]}},{"type":"Feature","properties":{"name":"Araba/Álava","mapcolor":22,"cartodb_id":22},"geometry":{"type":"MultiPolygon","coordinates":[[[[-3.131297,42.757645],[-3.147913,42.756697],[-3.123255,42.789326],[-3.159229,42.804591],[-3.141187,42.836053],[-3.11315,42.861064],[-3.105053,42.879587],[-3.11494,42.889249],[-3.125697,42.891318],[-3.13872,42.871294],[-3.162823,42.856737],[-3.190686,42.869463],[-3.222176,42.838636],[-3.205533,42.827401],[-3.21697,42.826516],[-3.286767,42.885149],[-3.276403,42.88702],[-3.277239,42.90158],[-3.248545,42.912145],[-3.235556,42.943862],[-3.224729,42.949692],[-3.144732,42.934682],[-3.149273,42.917063],[-3.132847,42.913481],[-3.126531,42.904059],[-3.104663,42.91016],[-3.092102,42.898779],[-3.018906,42.908512],[-3.011953,42.922255],[-2.981419,42.939877],[-3.045177,42.973056],[-3.035596,42.982755],[-3.004503,42.982688],[-3.000542,42.989631],[-2.971028,42.989789],[-2.9557,42.998852],[-2.985723,42.992133],[-2.991671,43.000184],[-2.986012,43.012097],[-3.032905,43.020333],[-3.01855,43.037662],[-3.029144,43.036948],[-3.028633,43.046584],[-3.04974,43.047225],[-3.065603,43.023138],[-3.090461,43.00956],[-3.08899,43.001637],[-3.144789,43.006839],[-3.177802,43.021984],[-3.170249,43.029074],[-3.14186,43.029814],[-3.147677,43.034498],[-3.140312,43.06715],[-3.158187,43.074016],[-3.133941,43.097234],[-3.141492,43.110643],[-3.152058,43.104119],[-3.181711,43.120312],[-3.161475,43.143187],[-3.166773,43.146943],[-3.161848,43.154262],[-3.137785,43.16279],[-3.110682,43.143084],[-3.026614,43.161082],[-3.016627,43.2026],[-3.039718,43.210671],[-3.032662,43.216907],[-3.006464,43.19601],[-2.980044,43.201856],[-2.968472,43.181989],[-2.946394,43.170869],[-2.954166,43.159706],[-2.935813,43.136213],[-2.975483,43.09947],[-2.894164,43.046421],[-2.863801,43.051954],[-2.821942,43.035048],[-2.781178,43.033995],[-2.769752,43.026858],[-2.740275,43.034179],[-2.729727,43.023952],[-2.703991,43.03111],[-2.687014,43.021627],[-2.666882,43.03143],[-2.633624,43.01991],[-2.633697,43.044818],[-2.661133,43.065761],[-2.661674,43.07427],[-2.633051,43.087041],[-2.592472,43.081203],[-2.546387,43.088009],[-2.540995,43.076693],[-2.548119,43.075083],[-2.524851,43.045327],[-2.549582,43.019789],[-2.596533,43.009249],[-2.60094,43.001367],[-2.592775,42.987596],[-2.602684,42.982228],[-2.594024,42.973075],[-2.544306,42.950275],[-2.535304,42.973445],[-2.501204,42.959485],[-2.477767,42.965938],[-2.450937,42.956447],[-2.409897,42.959502],[-2.376676,42.948041],[-2.354798,42.950027],[-2.336352,42.934901],[-2.302321,42.925954],[-2.289543,42.902309],[-2.251531,42.896511],[-2.240984,42.885635],[-2.232687,42.843823],[-2.267693,42.813407],[-2.268696,42.794719],[-2.281011,42.785134],[-2.262505,42.747815],[-2.304392,42.735758],[-2.31685,42.739345],[-2.324008,42.723772],[-2.312852,42.708684],[-2.316864,42.682502],[-2.3093,42.671155],[-2.293578,42.677939],[-2.289355,42.668286],[-2.293336,42.650858],[-2.332181,42.646183],[-2.344893,42.634513],[-2.381949,42.634296],[-2.372125,42.643384],[-2.381661,42.647371],[-2.37626,42.65071],[-2.415797,42.66268],[-2.450075,42.647253],[-2.454587,42.634864],[-2.483072,42.612158],[-2.500083,42.616476],[-2.490631,42.585355],[-2.462205,42.587386],[-2.453242,42.567108],[-2.421121,42.607124],[-2.396754,42.5991],[-2.389954,42.549064],[-2.401053,42.538505],[-2.392202,42.516952],[-2.423121,42.510709],[-2.420582,42.489234],[-2.448805,42.496875],[-2.477432,42.486637],[-2.517167,42.49174],[-2.505324,42.511962],[-2.510587,42.519927],[-2.537498,42.495092],[-2.529402,42.484046],[-2.553998,42.483867],[-2.568402,42.494075],[-2.577591,42.482969],[-2.592737,42.481492],[-2.586491,42.474837],[-2.593503,42.472361],[-2.602483,42.480174],[-2.592355,42.49225],[-2.605152,42.503444],[-2.646187,42.483017],[-2.656014,42.503448],[-2.677842,42.50957],[-2.676846,42.526259],[-2.705725,42.516657],[-2.691505,42.5418],[-2.681769,42.595395],[-2.710621,42.601089],[-2.740705,42.622439],[-2.763931,42.622437],[-2.777677,42.582249],[-2.803665,42.564504],[-2.814804,42.569303],[-2.824834,42.554635],[-2.840785,42.581031],[-2.819828,42.591453],[-2.818771,42.612716],[-2.8418,42.608599],[-2.848138,42.617142],[-2.843672,42.630497],[-2.89651,42.654192],[-2.895055,42.679313],[-2.902502,42.693603],[-2.930317,42.699666],[-2.931358,42.708402],[-2.980602,42.703484],[-2.988944,42.719096],[-3.009023,42.724466],[-3.005384,42.732798],[-3.016109,42.733563],[-3.01666,42.741009],[-3.041666,42.739186],[-3.04862,42.765561],[-3.064465,42.760187],[-3.07996,42.767078],[-3.084836,42.757112],[-3.101105,42.767286],[-3.131297,42.757645]],[[-2.779175,42.792752],[-2.826812,42.78445],[-2.835474,42.79627],[-2.841847,42.776196],[-2.853908,42.767856],[-2.84837,42.763292],[-2.852981,42.747834],[-2.86886,42.740135],[-2.846739,42.730762],[-2.855222,42.728755],[-2.851602,42.725104],[-2.828986,42.719011],[-2.825302,42.708937],[-2.784503,42.698942],[-2.770509,42.676634],[-2.775743,42.67025],[-2.719157,42.661866],[-2.703394,42.67429],[-2.666397,42.666191],[-2.658456,42.672391],[-2.634851,42.647795],[-2.551936,42.649256],[-2.547069,42.637376],[-2.517397,42.646332],[-2.522024,42.684032],[-2.539399,42.68658],[-2.548378,42.668802],[-2.577768,42.668213],[-2.594136,42.690039],[-2.608979,42.695962],[-2.600309,42.715267],[-2.589983,42.710764],[-2.572629,42.725172],[-2.558302,42.762733],[-2.589366,42.750323],[-2.602347,42.770631],[-2.643708,42.764716],[-2.731553,42.794513],[-2.779175,42.792752]]]]}},{"type":"Feature","properties":{"name":"Asturias","mapcolor":4,"cartodb_id":4},"geometry":{"type":"MultiPolygon","coordinates":[[[[-4.575972,43.396246],[-4.576305,43.396241],[-4.576332,43.396331],[-4.575828,43.396401],[-4.575972,43.396246]]],[[[-4.615337,43.39666],[-4.615359,43.397047],[-4.614774,43.396839],[-4.615337,43.39666]]],[[[-4.575692,43.39688],[-4.575904,43.396949],[-4.575081,43.397123],[-4.575152,43.397023],[-4.575692,43.39688]]],[[[-4.575092,43.397573],[-4.576518,43.398246],[-4.575282,43.400136],[-4.573871,43.398094],[-4.575092,43.397573]]],[[[-4.62336,43.402093],[-4.624363,43.402178],[-4.624638,43.4023],[-4.624001,43.402507],[-4.62336,43.402093]]],[[[-4.625487,43.398975],[-4.625761,43.399052],[-4.625789,43.399159],[-4.625284,43.399221],[-4.625487,43.398975]]],[[[-4.629352,43.398956],[-4.629676,43.399086],[-4.629645,43.399303],[-4.629387,43.399333],[-4.629352,43.398956]]],[[[-4.628679,43.399181],[-4.629061,43.399176],[-4.629199,43.399246],[-4.628338,43.399375],[-4.628679,43.399181]]],[[[-4.628367,43.399537],[-4.628738,43.399541],[-4.628902,43.399682],[-4.62825,43.399773],[-4.628367,43.399537]]],[[[-4.642031,43.40433],[-4.642505,43.404503],[-4.642632,43.404636],[-4.642188,43.404661],[-4.642031,43.40433]]],[[[-4.709299,43.414825],[-4.710207,43.415018],[-4.708128,43.415761],[-4.708491,43.41508],[-4.709299,43.414825]]],[[[-4.739229,43.416589],[-4.739381,43.416721],[-4.739287,43.416885],[-4.739089,43.416852],[-4.739229,43.416589]]],[[[-4.72926,43.416542],[-4.729152,43.417093],[-4.728211,43.417035],[-4.72857,43.416624],[-4.72926,43.416542]]],[[[-4.73743,43.416733],[-4.738033,43.417066],[-4.738375,43.417826],[-4.737712,43.417953],[-4.73743,43.416733]]],[[[-4.729639,43.417292],[-4.730025,43.417395],[-4.728849,43.417719],[-4.728902,43.417421],[-4.729639,43.417292]]],[[[-4.730818,43.417058],[-4.731672,43.418396],[-4.729897,43.41854],[-4.729652,43.418157],[-4.730818,43.417058]]],[[[-4.744093,43.417775],[-4.744295,43.417925],[-4.744287,43.418078],[-4.744065,43.418082],[-4.744093,43.417775]]],[[[-4.782577,43.43312],[-4.783259,43.43319],[-4.783509,43.433294],[-4.782708,43.433361],[-4.782577,43.43312]]],[[[-4.775869,43.43272],[-4.776073,43.43377],[-4.774946,43.433689],[-4.774827,43.432988],[-4.775869,43.43272]]],[[[-4.776783,43.432697],[-4.777464,43.432776],[-4.777528,43.432838],[-4.776991,43.433081],[-4.776783,43.432697]]],[[[-4.778037,43.432929],[-4.778136,43.432928],[-4.778424,43.433058],[-4.77793,43.433048],[-4.778037,43.432929]]],[[[-4.775661,43.434056],[-4.776149,43.434255],[-4.776106,43.434481],[-4.775372,43.43433],[-4.775661,43.434056]]],[[[-4.803404,43.43545],[-4.803982,43.435756],[-4.80404,43.436052],[-4.803135,43.435958],[-4.803404,43.43545]]],[[[-4.796388,43.433426],[-4.797781,43.434143],[-4.798076,43.434534],[-4.79634,43.434318],[-4.796388,43.433426]]],[[[-4.789675,43.432883],[-4.791349,43.433919],[-4.791342,43.43536],[-4.78765,43.435022],[-4.789675,43.432883]]],[[[-4.809308,43.437004],[-4.811256,43.437298],[-4.811508,43.438698],[-4.808385,43.438396],[-4.809308,43.437004]]],[[[-4.81926,43.43926],[-4.819584,43.43975],[-4.81916,43.440018],[-4.818928,43.439301],[-4.81926,43.43926]]],[[[-4.823201,43.437144],[-4.823819,43.438386],[-4.822495,43.43874],[-4.821949,43.438271],[-4.823201,43.437144]]],[[[-4.83053,43.440079],[-4.830897,43.44038],[-4.830917,43.440604],[-4.830246,43.440507],[-4.83053,43.440079]]],[[[-4.825274,43.440352],[-4.825654,43.440652],[-4.824842,43.440764],[-4.824825,43.440639],[-4.825274,43.440352]]],[[[-4.836213,43.442473],[-4.836573,43.442531],[-4.836613,43.44262],[-4.836181,43.442645],[-4.836213,43.442473]]],[[[-4.86033,43.444731],[-4.860523,43.44498],[-4.860331,43.445154],[-4.860266,43.445074],[-4.86033,43.444731]]],[[[-4.859339,43.445855],[-4.860052,43.44614],[-4.860072,43.446401],[-4.859385,43.446574],[-4.859339,43.445855]]],[[[-4.845325,43.446271],[-4.845589,43.446446],[-4.845312,43.446676],[-4.845094,43.446418],[-4.845325,43.446271]]],[[[-4.847903,43.445734],[-4.848695,43.445739],[-4.848846,43.445827],[-4.84794,43.446129],[-4.847903,43.445734]]],[[[-4.846521,43.445801],[-4.846716,43.446122],[-4.846094,43.445979],[-4.846128,43.44588],[-4.846521,43.445801]]],[[[-4.893739,43.449243],[-4.893468,43.449679],[-4.893121,43.449658],[-4.89332,43.449295],[-4.893739,43.449243]]],[[[-4.896347,43.450847],[-4.896442,43.451107],[-4.896136,43.451202],[-4.896166,43.450967],[-4.896347,43.450847]]],[[[-4.913606,43.45454],[-4.91365,43.454746],[-4.913441,43.454794],[-4.913397,43.454561],[-4.913606,43.45454]]],[[[-4.826872,43.43759],[-4.826762,43.438888],[-4.824906,43.438395],[-4.82583,43.438299],[-4.826872,43.43759]]],[[[-7.025517,43.547565],[-7.025901,43.547561],[-7.026005,43.547638],[-7.025528,43.547727],[-7.025517,43.547565]]],[[[-5.590734,43.548589],[-5.591674,43.549432],[-5.591668,43.549873],[-5.590431,43.54901],[-5.590734,43.548589]]],[[[-5.597669,43.548936],[-5.598051,43.549188],[-5.5985,43.54925],[-5.598151,43.549483],[-5.597669,43.548936]]],[[[-5.607491,43.556361],[-5.607724,43.556598],[-5.607101,43.556775],[-5.607038,43.55647],[-5.607491,43.556361]]],[[[-7.013484,43.55647],[-7.013854,43.556637],[-7.013949,43.55676],[-7.01373,43.556822],[-7.013484,43.55647]]],[[[-7.009995,43.556503],[-7.010374,43.556616],[-7.010419,43.55674],[-7.009937,43.556739],[-7.009995,43.556503]]],[[[-4.949691,43.461259],[-4.949645,43.462142],[-4.949063,43.462116],[-4.949104,43.461846],[-4.949691,43.461259]]],[[[-5.222258,43.480156],[-5.22261,43.480662],[-5.221935,43.480802],[-5.221989,43.480251],[-5.222258,43.480156]]],[[[-6.988601,43.557424],[-6.98866,43.557557],[-6.988369,43.557648],[-6.988335,43.557514],[-6.988601,43.557424]]],[[[-7.008604,43.55801],[-7.008797,43.55812],[-7.008823,43.558336],[-7.008383,43.558225],[-7.008604,43.55801]]],[[[-7.020251,43.558816],[-7.020516,43.558888],[-7.01995,43.558944],[-7.019995,43.558879],[-7.020251,43.558816]]],[[[-6.988056,43.557794],[-6.989161,43.559151],[-6.986557,43.5589],[-6.987363,43.55798],[-6.988056,43.557794]]],[[[-7.022436,43.560207],[-7.022502,43.560456],[-7.022056,43.560445],[-7.022141,43.560235],[-7.022436,43.560207]]],[[[-7.021796,43.560823],[-7.022071,43.561039],[-7.022053,43.561147],[-7.021589,43.561056],[-7.021796,43.560823]]],[[[-6.988222,43.561993],[-6.988634,43.56242],[-6.988624,43.562636],[-6.987819,43.562079],[-6.988222,43.561993]]],[[[-7.018566,43.558974],[-7.019666,43.559143],[-7.020134,43.559108],[-7.019118,43.559648],[-7.018566,43.558974]]],[[[-6.986899,43.559392],[-6.987183,43.561066],[-6.984665,43.561559],[-6.985493,43.560215],[-6.986899,43.559392]]],[[[-5.770673,43.608518],[-5.771008,43.608546],[-5.770968,43.608745],[-5.770676,43.608599],[-5.770673,43.608518]]],[[[-5.76516,43.605023],[-5.76678,43.605497],[-5.767739,43.607239],[-5.765445,43.605565],[-5.76516,43.605023]]],[[[-5.775757,43.609142],[-5.775896,43.609202],[-5.775901,43.60931],[-5.775615,43.60928],[-5.775757,43.609142]]],[[[-5.784211,43.611367],[-5.784347,43.611625],[-5.783396,43.611954],[-5.783664,43.611597],[-5.784211,43.611367]]],[[[-5.779449,43.612897],[-5.779939,43.613047],[-5.780785,43.613657],[-5.779826,43.613275],[-5.779449,43.612897]]],[[[-5.78667,43.616034],[-5.786634,43.616323],[-5.786103,43.616372],[-5.786218,43.616171],[-5.78667,43.616034]]],[[[-5.915506,43.623255],[-5.915325,43.623601],[-5.915201,43.623605],[-5.915274,43.623333],[-5.915506,43.623255]]],[[[-5.90467,43.624989],[-5.904703,43.625159],[-5.904486,43.625273],[-5.904536,43.625038],[-5.90467,43.624989]]],[[[-5.889949,43.62764],[-5.889991,43.627738],[-5.889699,43.627863],[-5.889814,43.627671],[-5.889949,43.62764]]],[[[-5.896924,43.626545],[-5.89706,43.626542],[-5.897091,43.62691],[-5.896927,43.626869],[-5.896924,43.626545]]],[[[-5.897465,43.626712],[-5.897445,43.626802],[-5.897186,43.626827],[-5.897294,43.626752],[-5.897465,43.626712]]],[[[-5.896545,43.626897],[-5.896682,43.626912],[-5.896725,43.627037],[-5.896628,43.627093],[-5.896545,43.626897]]],[[[-5.890305,43.628604],[-5.890346,43.628945],[-5.89014,43.62904],[-5.890134,43.628914],[-5.890305,43.628604]]],[[[-5.900278,43.628747],[-5.900402,43.628753],[-5.900401,43.628987],[-5.900245,43.628838],[-5.900278,43.628747]]],[[[-5.890082,43.628609],[-5.889981,43.629089],[-5.889449,43.629112],[-5.889621,43.628819],[-5.890082,43.628609]]],[[[-5.878521,43.629982],[-5.878754,43.630192],[-5.878612,43.63034],[-5.878432,43.6302],[-5.878521,43.629982]]],[[[-5.879423,43.630445],[-5.879431,43.630616],[-5.879049,43.630653],[-5.879069,43.630553],[-5.879423,43.630445]]],[[[-5.88083,43.631103],[-5.880805,43.631356],[-5.880508,43.631354],[-5.880504,43.631264],[-5.88083,43.631103]]],[[[-5.793072,43.633318],[-5.793126,43.633407],[-5.793008,43.633554],[-5.792925,43.633358],[-5.793072,43.633318]]],[[[-5.862585,43.643662],[-5.862726,43.643749],[-5.862522,43.643889],[-5.862431,43.64381],[-5.862585,43.643662]]],[[[-5.866445,43.643737],[-5.866491,43.643916],[-5.866257,43.643949],[-5.866312,43.643812],[-5.866445,43.643737]]],[[[-5.868811,43.633269],[-5.868738,43.633568],[-5.868527,43.633573],[-5.868595,43.633428],[-5.868811,43.633269]]],[[[-5.872043,43.633458],[-5.872185,43.63359],[-5.872081,43.633745],[-5.871947,43.633533],[-5.872043,43.633458]]],[[[-5.880295,43.63054],[-5.880341,43.63098],[-5.87979,43.630868],[-5.879931,43.630702],[-5.880295,43.63054]]],[[[-5.880625,43.630703],[-5.880751,43.630727],[-5.880648,43.63091],[-5.880582,43.63083],[-5.880625,43.630703]]],[[[-5.881142,43.63087],[-5.881266,43.630885],[-5.880976,43.631036],[-5.881021,43.630945],[-5.881142,43.63087]]],[[[-5.862023,43.649052],[-5.862112,43.649103],[-5.861881,43.64919],[-5.861902,43.6491],[-5.862023,43.649052]]],[[[-5.863694,43.649253],[-5.863832,43.649276],[-5.863704,43.64946],[-5.863578,43.649418],[-5.863694,43.649253]]],[[[-5.862424,43.649132],[-5.862125,43.649364],[-5.861976,43.649368],[-5.862105,43.649212],[-5.862424,43.649132]]],[[[-5.834556,43.649799],[-5.834719,43.649822],[-5.834606,43.650059],[-5.834467,43.650009],[-5.834556,43.649799]]],[[[-5.834402,43.650217],[-5.83448,43.650278],[-5.834374,43.650659],[-5.834239,43.650438],[-5.834402,43.650217]]],[[[-5.863245,43.653361],[-5.863335,43.653431],[-5.86313,43.653553],[-5.863125,43.653454],[-5.863245,43.653361]]],[[[-5.834654,43.649509],[-5.834817,43.649532],[-5.834845,43.649603],[-5.834638,43.64968],[-5.834654,43.649509]]],[[[-5.863459,43.64952],[-5.863597,43.649561],[-5.863506,43.649735],[-5.863303,43.649623],[-5.863459,43.64952]]],[[[-5.833478,43.654428],[-5.833687,43.654455],[-5.833676,43.654584],[-5.833482,43.654576],[-5.833478,43.654428]]],[[[-5.860334,43.654991],[-5.860507,43.654987],[-5.860561,43.655067],[-5.860304,43.655145],[-5.860334,43.654991]]],[[[-5.858539,43.655847],[-5.858617,43.655926],[-5.858308,43.655951],[-5.858405,43.655886],[-5.858539,43.655847]]],[[[-5.858988,43.655115],[-5.859125,43.65513],[-5.859047,43.655312],[-5.858945,43.655251],[-5.858988,43.655115]]],[[[-5.858138,43.656541],[-5.858264,43.656583],[-5.857968,43.656617],[-5.858076,43.656551],[-5.858138,43.656541]]],[[[-5.859461,43.656724],[-5.859587,43.656757],[-5.859246,43.6569],[-5.859327,43.656772],[-5.859461,43.656724]]],[[[-5.85554,43.656678],[-5.856296,43.657712],[-5.855791,43.65831],[-5.855382,43.657519],[-5.85554,43.656678]]],[[[-5.854698,43.658004],[-5.854835,43.65801],[-5.854794,43.6582],[-5.85467,43.658194],[-5.854698,43.658004]]],[[[-5.863563,43.661357],[-5.863713,43.661371],[-5.863803,43.66145],[-5.863645,43.661517],[-5.863563,43.661357]]],[[[-5.867167,43.662284],[-5.867257,43.662363],[-5.867154,43.662545],[-5.867057,43.662323],[-5.867167,43.662284]]],[[[-5.866902,43.663506],[-5.867004,43.663567],[-5.866887,43.663696],[-5.866808,43.663599],[-5.866902,43.663506]]],[[[-5.865094,43.663822],[-5.865231,43.663836],[-5.86525,43.663971],[-5.865128,43.664001],[-5.865094,43.663822]]],[[[-5.838262,43.663969],[-5.838434,43.664469],[-5.837912,43.664689],[-5.837568,43.664238],[-5.838262,43.663969]]],[[[-5.865602,43.664322],[-5.865607,43.66443],[-5.865511,43.664495],[-5.865433,43.664416],[-5.865602,43.664322]]],[[[-5.837529,43.664473],[-5.837584,43.66458],[-5.837286,43.66484],[-5.837264,43.664633],[-5.837529,43.664473]]],[[[-5.864985,43.66413],[-5.865313,43.664248],[-5.864758,43.664829],[-5.864692,43.66475],[-5.864985,43.66413]]],[[[-5.839438,43.662085],[-5.839572,43.662298],[-5.839086,43.662508],[-5.839118,43.662399],[-5.839438,43.662085]]],[[[-5.862858,43.662968],[-5.862966,43.663155],[-5.862858,43.663229],[-5.862714,43.663071],[-5.862858,43.662968]]],[[[-5.862743,43.66262],[-5.862856,43.662662],[-5.862849,43.66277],[-5.862724,43.662747],[-5.862743,43.66262]]],[[[-5.86714,43.662762],[-5.867055,43.663061],[-5.866972,43.663135],[-5.866933,43.662839],[-5.86714,43.662762]]],[[[-5.864052,43.661732],[-5.865976,43.663322],[-5.86343,43.664548],[-5.862967,43.66238],[-5.864052,43.661732]]],[[[-5.861341,43.666013],[-5.861509,43.666414],[-5.860991,43.666481],[-5.861052,43.666183],[-5.861341,43.666013]]],[[[-5.864484,43.665331],[-5.864608,43.665337],[-5.864735,43.665397],[-5.864553,43.665483],[-5.864484,43.665331]]],[[[-5.865219,43.665403],[-5.86527,43.665429],[-5.865398,43.665507],[-5.865177,43.665557],[-5.865219,43.665403]]],[[[-5.86141,43.665381],[-5.861512,43.665442],[-5.861556,43.665576],[-5.861419,43.66557],[-5.86141,43.665381]]],[[[-5.861873,43.66546],[-5.861916,43.665576],[-5.861738,43.665481],[-5.861873,43.66546]]],[[[-5.859522,43.659576],[-5.859636,43.659628],[-5.859658,43.659816],[-5.859409,43.659795],[-5.859522,43.659576]]],[[[-5.860599,43.660567],[-5.860749,43.660599],[-5.860766,43.660698],[-5.860517,43.660668],[-5.860599,43.660567]]],[[[-6.508132,43.550712],[-6.507709,43.55132],[-6.506988,43.551486],[-6.5079,43.550765],[-6.508132,43.550712]]],[[[-6.500336,43.551402],[-6.499921,43.551928],[-6.499278,43.551938],[-6.499785,43.5515],[-6.500336,43.551402]]],[[[-6.513849,43.55195],[-6.514025,43.552431],[-6.512824,43.552846],[-6.513346,43.552254],[-6.513849,43.55195]]],[[[-6.486066,43.551667],[-6.486596,43.552281],[-6.485843,43.552736],[-6.485586,43.551934],[-6.486066,43.551667]]],[[[-6.367283,43.552251],[-6.367459,43.552516],[-6.367163,43.552759],[-6.367122,43.552463],[-6.367283,43.552251]]],[[[-6.350086,43.552883],[-6.350319,43.553056],[-6.350289,43.553183],[-6.349971,43.55304],[-6.350086,43.552883]]],[[[-6.499367,43.553061],[-6.499633,43.553161],[-6.499704,43.553321],[-6.499401,43.553429],[-6.499367,43.553061]]],[[[-6.359254,43.55256],[-6.359836,43.552786],[-6.359476,43.553211],[-6.358815,43.552915],[-6.359254,43.55256]]],[[[-6.364056,43.55277],[-6.364224,43.553107],[-6.364124,43.553326],[-6.363976,43.553105],[-6.364056,43.55277]]],[[[-6.430397,43.5532],[-6.430564,43.553294],[-6.430195,43.553566],[-6.430141,43.553487],[-6.430397,43.5532]]],[[[-6.359617,43.553522],[-6.359605,43.553747],[-6.359377,43.553889],[-6.35936,43.553799],[-6.359617,43.553522]]],[[[-6.483434,43.553476],[-6.483261,43.553905],[-6.482717,43.553912],[-6.482905,43.553744],[-6.483434,43.553476]]],[[[-6.361693,43.553451],[-6.361823,43.553574],[-6.361531,43.553654],[-6.361583,43.553491],[-6.361693,43.553451]]],[[[-6.431231,43.553706],[-6.431342,43.553712],[-6.431398,43.553809],[-6.431164,43.553843],[-6.431231,43.553706]]],[[[-6.358786,43.553717],[-6.358915,43.553812],[-6.358695,43.553864],[-6.358664,43.553757],[-6.358786,43.553717]]],[[[-6.358965,43.55382],[-6.359079,43.553861],[-6.358985,43.553954],[-6.358895,43.553894],[-6.358965,43.55382]]],[[[-6.497865,43.554044],[-6.49824,43.55432],[-6.497764,43.554659],[-6.497639,43.554203],[-6.497865,43.554044]]],[[[-6.482691,43.554111],[-6.483103,43.554387],[-6.48256,43.554835],[-6.482415,43.554696],[-6.482691,43.554111]]],[[[-6.429901,43.553827],[-6.429967,43.553897],[-6.429847,43.553973],[-6.429806,43.553911],[-6.429901,43.553827]]],[[[-6.359859,43.55364],[-6.3605,43.55382],[-6.359798,43.554327],[-6.35958,43.554189],[-6.359859,43.55364]]],[[[-6.35928,43.553928],[-6.359272,43.554],[-6.359163,43.554048],[-6.359146,43.553959],[-6.35928,43.553928]]],[[[-6.433436,43.555702],[-6.433601,43.55576],[-6.433657,43.555884],[-6.433359,43.555857],[-6.433436,43.555702]]],[[[-6.432578,43.554971],[-6.432716,43.555003],[-6.432748,43.555128],[-6.432476,43.555145],[-6.432578,43.554971]]],[[[-6.424973,43.554903],[-6.425078,43.555665],[-6.424897,43.555751],[-6.424478,43.555341],[-6.424973,43.554903]]],[[[-6.432986,43.555184],[-6.433007,43.555328],[-6.432594,43.5557],[-6.432584,43.55552],[-6.432986,43.555184]]],[[[-6.424347,43.55566],[-6.424495,43.555862],[-6.424301,43.555931],[-6.424239,43.555726],[-6.424347,43.55566]]],[[[-6.420211,43.554334],[-6.420394,43.554491],[-6.420228,43.554622],[-6.420047,43.554492],[-6.420211,43.554334]]],[[[-6.432313,43.554457],[-6.432308,43.554583],[-6.432073,43.55459],[-6.432128,43.554472],[-6.432313,43.554457]]],[[[-6.432343,43.554753],[-6.432111,43.555246],[-6.431769,43.555329],[-6.43202,43.554952],[-6.432343,43.554753]]],[[[-6.357964,43.555416],[-6.357943,43.555921],[-6.357388,43.555955],[-6.35753,43.555627],[-6.357964,43.555416]]],[[[-6.811026,43.555966],[-6.811223,43.556131],[-6.811168,43.55624],[-6.811006,43.556228],[-6.811026,43.555966]]],[[[-6.358058,43.556205],[-6.358257,43.556227],[-6.358146,43.556455],[-6.357957,43.556397],[-6.358058,43.556205]]],[[[-6.801207,43.556915],[-6.801595,43.556974],[-6.801664,43.557089],[-6.801186,43.557168],[-6.801207,43.556915]]],[[[-6.434364,43.556997],[-6.434479,43.557048],[-6.434424,43.557185],[-6.434272,43.557117],[-6.434364,43.556997]]],[[[-6.475855,43.556003],[-6.475903,43.556407],[-6.475069,43.55654],[-6.475156,43.556339],[-6.475855,43.556003]]],[[[-6.433433,43.556296],[-6.433559,43.556328],[-6.433441,43.556656],[-6.433231,43.556446],[-6.433433,43.556296]]],[[[-6.418932,43.556443],[-6.419108,43.556492],[-6.419117,43.556645],[-6.418843,43.556626],[-6.418932,43.556443]]],[[[-6.367722,43.556569],[-6.3678,43.556639],[-6.367731,43.556722],[-6.367616,43.556662],[-6.367722,43.556569]]],[[[-6.812611,43.55675],[-6.812654,43.556848],[-6.812295,43.557031],[-6.812467,43.556818],[-6.812611,43.55675]]],[[[-6.407013,43.55715],[-6.407261,43.55717],[-6.40739,43.557256],[-6.406723,43.557285],[-6.407013,43.55715]]],[[[-6.433161,43.556745],[-6.433394,43.55691],[-6.433365,43.55728],[-6.433146,43.557133],[-6.433161,43.556745]]],[[[-6.43461,43.557188],[-6.434647,43.557403],[-6.434523,43.557389],[-6.434503,43.557263],[-6.43461,43.557188]]],[[[-6.433476,43.557276],[-6.433564,43.557292],[-6.433496,43.557402],[-6.433419,43.557359],[-6.433476,43.557276]]],[[[-6.81255,43.557356],[-6.812692,43.55745],[-6.812339,43.557534],[-6.812371,43.557452],[-6.81255,43.557356]]],[[[-6.80882,43.5573],[-6.80906,43.557373],[-6.808489,43.557536],[-6.80847,43.557438],[-6.80882,43.5573]]],[[[-6.381786,43.557225],[-6.381883,43.557411],[-6.381639,43.557481],[-6.381568,43.557321],[-6.381786,43.557225]]],[[[-6.114981,43.557331],[-6.115047,43.557411],[-6.114926,43.557459],[-6.114873,43.557388],[-6.114981,43.557331]]],[[[-6.38461,43.557249],[-6.384889,43.557592],[-6.384593,43.557835],[-6.384371,43.5574],[-6.38461,43.557249]]],[[[-4.576736,43.395754],[-4.534228,43.399911],[-4.512429,43.393281],[-4.510502,43.381381],[-4.521152,43.366153],[-4.534378,43.36768],[-4.531428,43.359117],[-4.53992,43.356065],[-4.534335,43.353221],[-4.538596,43.343474],[-4.522999,43.338093],[-4.522425,43.27904],[-4.547374,43.268979],[-4.551763,43.286722],[-4.607565,43.298633],[-4.63654,43.275502],[-4.631567,43.267083],[-4.706041,43.266868],[-4.730945,43.257336],[-4.721011,43.229511],[-4.730784,43.223205],[-4.733618,43.191023],[-4.74297,43.184533],[-4.778995,43.192082],[-4.818973,43.179117],[-4.841023,43.18078],[-4.839552,43.189662],[-4.860824,43.205317],[-4.87101,43.228017],[-4.908553,43.237967],[-4.980347,43.200287],[-4.996414,43.185325],[-4.99762,43.17026],[-5.02146,43.183514],[-5.040895,43.184682],[-5.059471,43.174333],[-5.076627,43.178951],[-5.075361,43.166896],[-5.093901,43.142985],[-5.101736,43.101847],[-5.140679,43.102916],[-5.147803,43.115119],[-5.216597,43.084488],[-5.268504,43.087559],[-5.282121,43.077428],[-5.311499,43.084159],[-5.326939,43.079569],[-5.341447,43.083784],[-5.343686,43.09385],[-5.369136,43.094577],[-5.383104,43.087237],[-5.390451,43.049337],[-5.478523,43.054909],[-5.493802,43.021242],[-5.506292,43.028574],[-5.540187,43.018353],[-5.569781,43.022076],[-5.574772,43.0321],[-5.636704,43.035005],[-5.693101,43.056341],[-5.728263,43.042491],[-5.766415,42.985882],[-5.760285,42.97267],[-5.804006,42.962615],[-5.842979,42.964258],[-5.861732,42.981685],[-5.888485,42.979193],[-5.887186,42.994087],[-5.907918,42.990604],[-5.933448,43.010722],[-5.956529,43.017633],[-5.969657,43.040835],[-5.962159,43.052944],[-5.97384,43.065307],[-5.988945,43.067222],[-5.996326,43.057918],[-6.020928,43.053785],[-6.081288,43.075895],[-6.091851,43.06692],[-6.089816,43.038152],[-6.095964,43.031278],[-6.136667,43.020993],[-6.178401,43.047798],[-6.21556,43.0472],[-6.229842,43.023031],[-6.226808,43.008913],[-6.263701,43.016077],[-6.285191,43.036369],[-6.295166,43.026907],[-6.326493,43.03133],[-6.333156,43.046488],[-6.359088,43.059577],[-6.373546,43.041107],[-6.397047,43.038322],[-6.394352,43.016612],[-6.411107,43.016932],[-6.407367,42.999423],[-6.424127,42.987624],[-6.437099,42.993031],[-6.446439,42.98217],[-6.478136,42.991205],[-6.473011,42.967752],[-6.433638,42.96416],[-6.441611,42.947308],[-6.433102,42.939757],[-6.478587,42.933565],[-6.48977,42.920249],[-6.510576,42.928733],[-6.535643,42.921622],[-6.541234,42.912508],[-6.606503,42.916104],[-6.612926,42.924554],[-6.628581,42.919493],[-6.638783,42.925462],[-6.72266,42.917485],[-6.756669,42.883058],[-6.772849,42.882543],[-6.770671,42.898624],[-6.835764,42.916343],[-6.841829,42.928446],[-6.835781,42.957705],[-6.871098,42.988576],[-6.910002,42.989896],[-6.940825,43.011524],[-6.946857,43.032558],[-6.956775,43.036557],[-6.964755,43.026662],[-6.956044,42.996031],[-6.962212,42.990512],[-6.996904,43.01957],[-6.982174,43.041413],[-6.972543,43.030383],[-6.965074,43.034773],[-6.962089,43.052254],[-6.968854,43.056879],[-6.938689,43.086512],[-6.915549,43.073259],[-6.894289,43.091729],[-6.871651,43.09102],[-6.827607,43.12315],[-6.822125,43.143332],[-6.838546,43.16578],[-6.861983,43.182038],[-6.869898,43.179976],[-6.867425,43.190093],[-6.887383,43.166172],[-6.885878,43.156827],[-6.937313,43.139657],[-6.941373,43.131717],[-6.957078,43.134896],[-6.980773,43.166546],[-6.964901,43.187545],[-6.971019,43.20425],[-7.001445,43.207276],[-7.009583,43.222882],[-7.020053,43.21324],[-7.061591,43.244048],[-7.071508,43.271218],[-7.059785,43.305335],[-7.100933,43.30381],[-7.11523,43.326172],[-7.131208,43.331348],[-7.127533,43.372599],[-7.138438,43.383396],[-7.159557,43.374723],[-7.182489,43.392459],[-7.168762,43.404776],[-7.176412,43.414198],[-7.172839,43.430228],[-7.102686,43.427006],[-7.10036,43.440904],[-7.086247,43.443581],[-7.090225,43.455272],[-7.047325,43.477444],[-7.045231,43.514825],[-7.033191,43.544734],[-7.028759,43.544768],[-7.021991,43.548887],[-7.029417,43.556476],[-7.023223,43.559576],[-7.017324,43.555939],[-7.005972,43.555015],[-7.003185,43.557426],[-7.000181,43.55412],[-6.97406,43.556752],[-6.953686,43.568534],[-6.947952,43.5636],[-6.946316,43.574929],[-6.938483,43.570095],[-6.93277,43.569644],[-6.925379,43.574985],[-6.910249,43.566447],[-6.899644,43.570952],[-6.876261,43.562412],[-6.866083,43.570509],[-6.853822,43.570483],[-6.849915,43.56515],[-6.851589,43.562662],[-6.828313,43.566381],[-6.811092,43.55446],[-6.784956,43.555996],[-6.780901,43.559435],[-6.782817,43.565116],[-6.77029,43.56616],[-6.76695,43.568792],[-6.758561,43.561334],[-6.733472,43.564463],[-6.722053,43.555976],[-6.709504,43.56411],[-6.684755,43.558663],[-6.626309,43.572905],[-6.614144,43.561667],[-6.603475,43.566083],[-6.598485,43.554032],[-6.542485,43.554757],[-6.533299,43.545228],[-6.531999,43.550724],[-6.474497,43.550255],[-6.470226,43.571156],[-6.445488,43.562749],[-6.445026,43.56116],[-6.444449,43.561033],[-6.444613,43.560209],[-6.443893,43.559538],[-6.442663,43.559016],[-6.439066,43.558909],[-6.438834,43.556143],[-6.429753,43.55276],[-6.420628,43.553826],[-6.415046,43.559531],[-6.414758,43.557946],[-6.404162,43.556209],[-6.401631,43.556996],[-6.396861,43.560451],[-6.383622,43.555973],[-6.374296,43.555457],[-6.367808,43.558331],[-6.370642,43.551432],[-6.355771,43.55115],[-6.310127,43.563538],[-6.309469,43.567564],[-6.308255,43.563484],[-6.303642,43.563366],[-6.295748,43.566637],[-6.298816,43.569303],[-6.29706,43.571164],[-6.296365,43.569545],[-6.285429,43.569968],[-6.267739,43.578984],[-6.255946,43.57779],[-6.242494,43.588815],[-6.244508,43.595178],[-6.219954,43.579369],[-6.209139,43.585139],[-6.203065,43.572911],[-6.188208,43.579539],[-6.192004,43.569835],[-6.185712,43.5637],[-6.154469,43.570734],[-6.154245,43.568346],[-6.151146,43.569701],[-6.147428,43.567498],[-6.152901,43.567986],[-6.147365,43.563682],[-6.112989,43.555432],[-6.105874,43.562243],[-6.098233,43.558345],[-6.092512,43.55832],[-6.078188,43.564658],[-6.079081,43.567849],[-6.077367,43.570407],[-6.077935,43.564296],[-6.06603,43.565895],[-6.017272,43.588262],[-5.99665,43.574093],[-5.956332,43.579762],[-5.941857,43.588221],[-5.946333,43.592649],[-5.929552,43.588679],[-5.94803,43.597165],[-5.918012,43.605372],[-5.913801,43.624397],[-5.887738,43.623141],[-5.866673,43.631324],[-5.859169,43.636464],[-5.858852,43.655127],[-5.841008,43.660651],[-5.82987,43.640039],[-5.811338,43.642495],[-5.809921,43.632572],[-5.783099,43.631301],[-5.782873,43.619161],[-5.790972,43.614201],[-5.775667,43.606101],[-5.770928,43.608152],[-5.755584,43.583366],[-5.711967,43.568617],[-5.697976,43.575576],[-5.695933,43.567538],[-5.676112,43.570976],[-5.691348,43.561074],[-5.696136,43.566813],[-5.701257,43.566152],[-5.695564,43.550116],[-5.683722,43.557751],[-5.693295,43.545037],[-5.679164,43.541237],[-5.664811,43.549757],[-5.647697,43.54197],[-5.617565,43.559016],[-5.597078,43.547851],[-5.528878,43.545671],[-5.518242,43.551831],[-5.493779,43.544021],[-5.413247,43.554871],[-5.397415,43.549946],[-5.388224,43.529744],[-5.387982,43.535937],[-5.386988,43.530135],[-5.38556,43.530136],[-5.371809,43.539702],[-5.35332,43.530882],[-5.295404,43.535157],[-5.265364,43.518559],[-5.268247,43.506994],[-5.216229,43.474898],[-5.123517,43.484608],[-5.115123,43.476534],[-5.086437,43.476133],[-5.073386,43.466187],[-5.057157,43.46919],[-5.037041,43.460682],[-4.985103,43.461532],[-4.982791,43.454924],[-4.975102,43.462273],[-4.936525,43.456981],[-4.926067,43.462389],[-4.923565,43.457164],[-4.874742,43.441614],[-4.83929,43.446566],[-4.836839,43.433369],[-4.833216,43.439811],[-4.822811,43.435691],[-4.81293,43.43954],[-4.808194,43.431565],[-4.766095,43.429296],[-4.740209,43.415007],[-4.698379,43.412556],[-4.69931,43.40479],[-4.680871,43.409231],[-4.618954,43.39524],[-4.576736,43.395754]],[[-4.556104,43.394807],[-4.556113,43.395185],[-4.556744,43.395204],[-4.556365,43.394876],[-4.556104,43.394807]],[[-4.570735,43.394301],[-4.570531,43.394529],[-4.570987,43.394496],[-4.570921,43.394317],[-4.570735,43.394301]],[[-4.572,43.3945],[-4.572044,43.394778],[-4.572536,43.394691],[-4.572535,43.394655],[-4.572,43.3945]],[[-4.568599,43.393331],[-4.568232,43.393453],[-4.568172,43.393535],[-4.568937,43.393497],[-4.568599,43.393331]],[[-4.559987,43.393602],[-4.559858,43.393883],[-4.560401,43.393857],[-4.560361,43.39375],[-4.559987,43.393602]],[[-4.561885,43.393468],[-4.561902,43.393648],[-4.5622,43.393698],[-4.562195,43.393491],[-4.561885,43.393468]],[[-4.565283,43.393547],[-4.565564,43.393931],[-4.565837,43.393963],[-4.565604,43.393552],[-4.565283,43.393547]],[[-4.563039,43.393677],[-4.562645,43.393719],[-4.562536,43.393819],[-4.563133,43.393973],[-4.563039,43.393677]],[[-4.575714,43.395358],[-4.575361,43.395525],[-4.575492,43.395838],[-4.5758,43.395807],[-4.575714,43.395358]],[[-4.763175,43.425767],[-4.76277,43.425863],[-4.763909,43.425936],[-4.763683,43.425813],[-4.763175,43.425767]],[[-5.602442,43.549952],[-5.602308,43.55001],[-5.60233,43.550225],[-5.602609,43.550111],[-5.602442,43.549952]],[[-5.605532,43.550431],[-5.605294,43.550653],[-5.605329,43.550886],[-5.605688,43.550599],[-5.605532,43.550431]],[[-7.023886,43.556878],[-7.023816,43.557133],[-7.024149,43.557112],[-7.024111,43.556915],[-7.023886,43.556878]],[[-5.615796,43.557328],[-5.615638,43.557385],[-5.615721,43.557591],[-5.615936,43.557415],[-5.615796,43.557328]],[[-5.013001,43.459613],[-5.012854,43.459669],[-5.012821,43.459796],[-5.013176,43.4597],[-5.013001,43.459613]],[[-5.013164,43.460078],[-5.013105,43.460151],[-5.013305,43.460211],[-5.013277,43.460112],[-5.013164,43.460078]],[[-5.012951,43.460361],[-5.012644,43.46042],[-5.012648,43.460546],[-5.013021,43.460612],[-5.012951,43.460361]],[[-5.915451,43.608526],[-5.915163,43.608723],[-5.915156,43.608831],[-5.915292,43.608836],[-5.915451,43.608526]],[[-6.509222,43.549661],[-6.508707,43.549965],[-6.508324,43.550391],[-6.509104,43.549971],[-6.509222,43.549661]],[[-6.49174,43.549603],[-6.491191,43.549962],[-6.491634,43.550336],[-6.491867,43.550085],[-6.49174,43.549603]],[[-6.1197,43.556887],[-6.119754,43.556976],[-6.119879,43.557],[-6.119824,43.556902],[-6.1197,43.556887]],[[-6.106734,43.558492],[-6.10669,43.558602],[-6.10687,43.558498],[-6.106734,43.558492]],[[-6.110458,43.557734],[-6.110348,43.557764],[-6.110339,43.557818],[-6.110463,43.557833],[-6.110458,43.557734]],[[-6.106889,43.558632],[-6.106767,43.558653],[-6.106813,43.558841],[-6.106937,43.558838],[-6.106889,43.558632]],[[-6.447498,43.561085],[-6.447286,43.561272],[-6.447327,43.561559],[-6.447572,43.561299],[-6.447498,43.561085]],[[-6.452118,43.562413],[-6.451984,43.562453],[-6.452013,43.562543],[-6.452235,43.562518],[-6.452118,43.562413]],[[-6.451704,43.562318],[-6.451582,43.562358],[-6.451584,43.562393],[-6.45177,43.562397],[-6.451704,43.562318]],[[-6.451754,43.562118],[-6.451631,43.56214],[-6.451588,43.562249],[-6.451772,43.562217],[-6.451754,43.562118]],[[-6.451241,43.562674],[-6.451175,43.562811],[-6.451336,43.562815],[-6.451378,43.562697],[-6.451241,43.562674]],[[-6.447469,43.562095],[-6.44738,43.562268],[-6.447394,43.562304],[-6.447584,43.562163],[-6.447469,43.562095]],[[-6.448183,43.56246],[-6.447847,43.56265],[-6.447732,43.563023],[-6.448136,43.562723],[-6.448183,43.56246]],[[-6.446397,43.562631],[-6.446335,43.562831],[-6.446538,43.562924],[-6.446626,43.562723],[-6.446397,43.562631]],[[-6.958058,43.564385],[-6.957412,43.56474],[-6.957378,43.565164],[-6.95848,43.564784],[-6.958058,43.564385]],[[-6.956519,43.56433],[-6.956299,43.564383],[-6.956268,43.564474],[-6.956693,43.564531],[-6.956519,43.56433]],[[-5.70087,43.573553],[-5.700714,43.573665],[-5.700728,43.573701],[-5.70096,43.573632],[-5.70087,43.573553]],[[-5.76689,43.598985],[-5.766884,43.599138],[-5.767328,43.599361],[-5.76718,43.599095],[-5.76689,43.598985]],[[-6.448614,43.562852],[-6.448571,43.562962],[-6.448614,43.563068],[-6.448742,43.562921],[-6.448614,43.562852]],[[-6.452843,43.562761],[-6.452705,43.563152],[-6.452897,43.563263],[-6.452985,43.562864],[-6.452843,43.562761]],[[-6.451331,43.563157],[-6.451161,43.563226],[-6.451219,43.563377],[-6.451448,43.563271],[-6.451331,43.563157]],[[-6.452395,43.563368],[-6.452349,43.563424],[-6.452402,43.563494],[-6.452486,43.563447],[-6.452395,43.563368]],[[-6.454131,43.563406],[-6.454029,43.563571],[-6.454234,43.5637],[-6.454346,43.563498],[-6.454131,43.563406]],[[-6.450916,43.563485],[-6.450786,43.563588],[-6.450825,43.563632],[-6.451046,43.563589],[-6.450916,43.563485]],[[-6.453485,43.563588],[-6.453427,43.563661],[-6.453591,43.563719],[-6.45361,43.563611],[-6.453485,43.563588]],[[-6.453522,43.563802],[-6.453415,43.563878],[-6.45343,43.563931],[-6.453591,43.563926],[-6.453522,43.563802]],[[-6.454385,43.563956],[-6.454127,43.564207],[-6.454085,43.564335],[-6.454444,43.564117],[-6.454385,43.563956]],[[-6.451965,43.563642],[-6.451711,43.563965],[-6.451704,43.564065],[-6.452215,43.563896],[-6.451965,43.563642]],[[-6.456047,43.564446],[-6.456057,43.564617],[-6.456159,43.564659],[-6.456188,43.564532],[-6.456047,43.564446]],[[-6.455557,43.564533],[-6.455451,43.564626],[-6.455407,43.564727],[-6.455601,43.564658],[-6.455557,43.564533]],[[-6.455844,43.564579],[-6.455888,43.564685],[-6.455972,43.564638],[-6.45597,43.564602],[-6.455844,43.564579]],[[-6.455737,43.564654],[-6.45568,43.564728],[-6.45577,43.564797],[-6.455838,43.564687],[-6.455737,43.564654]],[[-6.456345,43.565545],[-6.456224,43.565584],[-6.456227,43.565629],[-6.4564,43.565633],[-6.456345,43.565545]],[[-6.455808,43.564814],[-6.45569,43.564907],[-6.456076,43.564941],[-6.456058,43.564842],[-6.455808,43.564814]],[[-6.456309,43.565132],[-6.456187,43.565162],[-6.456203,43.565225],[-6.456326,43.565212],[-6.456309,43.565132]],[[-6.454207,43.564952],[-6.45399,43.565067],[-6.45396,43.565185],[-6.454326,43.565084],[-6.454207,43.564952]],[[-6.456132,43.565056],[-6.456036,43.565113],[-6.456136,43.565137],[-6.456132,43.565056]],[[-6.455139,43.565023],[-6.455017,43.565054],[-6.455088,43.565214],[-6.455294,43.565135],[-6.455139,43.565023]],[[-6.454697,43.565081],[-6.454556,43.565428],[-6.454586,43.565517],[-6.454895,43.565292],[-6.454697,43.565081]],[[-6.456183,43.565298],[-6.456048,43.56532],[-6.456052,43.565392],[-6.456199,43.565369],[-6.456183,43.565298]],[[-6.455762,43.565517],[-6.455752,43.565563],[-6.455817,43.565615],[-6.455849,43.565524],[-6.455762,43.565517]],[[-6.85241,43.566119],[-6.85229,43.566186],[-6.85235,43.566346],[-6.852494,43.566278],[-6.85241,43.566119]],[[-6.851692,43.565432],[-6.851443,43.565602],[-6.850982,43.566338],[-6.85194,43.565631],[-6.851692,43.565432]],[[-6.459785,43.566575],[-6.459485,43.566737],[-6.459456,43.566882],[-6.460051,43.566684],[-6.459785,43.566575]],[[-6.460146,43.567041],[-6.459803,43.567331],[-6.459797,43.567439],[-6.460136,43.567303],[-6.460146,43.567041]],[[-6.860873,43.568246],[-6.860519,43.568321],[-6.860453,43.568449],[-6.860917,43.568352],[-6.860873,43.568246]],[[-6.853428,43.567615],[-6.853452,43.567785],[-6.853669,43.567706],[-6.85354,43.567611],[-6.853428,43.567615]],[[-6.852707,43.567369],[-6.852337,43.567589],[-6.852552,43.567852],[-6.853095,43.567626],[-6.852707,43.567369]],[[-6.854251,43.567893],[-6.853977,43.568056],[-6.853922,43.568166],[-6.85405,43.568233],[-6.854251,43.567893]],[[-6.856209,43.569088],[-6.855958,43.569222],[-6.856031,43.5694],[-6.856302,43.569175],[-6.856209,43.569088]],[[-6.856388,43.568586],[-6.856368,43.569055],[-6.856891,43.568713],[-6.856799,43.568627],[-6.856388,43.568586]],[[-6.855841,43.569334],[-6.855629,43.569503],[-6.855763,43.569661],[-6.855999,43.569482],[-6.855841,43.569334]],[[-6.009042,43.580961],[-6.008909,43.581018],[-6.009188,43.581155],[-6.009191,43.580966],[-6.009042,43.580961]],[[-6.012719,43.582917],[-6.012443,43.583086],[-6.012562,43.583254],[-6.012684,43.583206],[-6.012719,43.582917]],[[-6.016558,43.58539],[-6.016488,43.585473],[-6.016431,43.585565],[-6.01665,43.585496],[-6.016558,43.58539]]],[[[-6.438626,43.557481],[-6.438704,43.557551],[-6.438633,43.557607],[-6.438543,43.557556],[-6.438626,43.557481]]],[[[-6.114993,43.557556],[-6.115031,43.557573],[-6.115073,43.557671],[-6.11487,43.557586],[-6.114993,43.557556]]],[[[-6.371974,43.55756],[-6.372137,43.557591],[-6.37218,43.557689],[-6.371947,43.557732],[-6.371974,43.55756]]],[[[-6.787872,43.557484],[-6.787959,43.557679],[-6.787741,43.557759],[-6.787825,43.557522],[-6.787872,43.557484]]],[[[-6.382299,43.558209],[-6.382337,43.558451],[-6.382079,43.558486],[-6.382089,43.558224],[-6.382299,43.558209]]],[[[-6.379389,43.558339],[-6.379678,43.558421],[-6.37966,43.55853],[-6.37929,43.558567],[-6.379389,43.558339]]],[[[-6.114915,43.557729],[-6.114944,43.557818],[-6.114831,43.557786],[-6.114915,43.557729]]],[[[-6.382243,43.557428],[-6.382085,43.557927],[-6.381703,43.557741],[-6.381903,43.557555],[-6.382243,43.557428]]],[[[-6.807595,43.557701],[-6.807836,43.55799],[-6.807508,43.558091],[-6.807331,43.557836],[-6.807595,43.557701]]],[[[-6.381586,43.55787],[-6.381724,43.557893],[-6.381719,43.558028],[-6.38158,43.557978],[-6.381586,43.55787]]],[[[-6.408103,43.557613],[-6.408569,43.557743],[-6.408687,43.557857],[-6.40822,43.557925],[-6.408103,43.557613]]],[[[-6.438652,43.557724],[-6.438743,43.557793],[-6.438673,43.557867],[-6.438595,43.557815],[-6.438652,43.557724]]],[[[-6.386447,43.55778],[-6.386536,43.558039],[-6.386208,43.558147],[-6.386214,43.557823],[-6.386447,43.55778]]],[[[-6.111546,43.557938],[-6.111623,43.557999],[-6.111603,43.55809],[-6.111514,43.558047],[-6.111546,43.557938]]],[[[-6.809363,43.557858],[-6.809633,43.558011],[-6.809185,43.55817],[-6.80916,43.557982],[-6.809363,43.557858]]],[[[-6.380952,43.557817],[-6.381183,43.557963],[-6.381046,43.558174],[-6.380795,43.55811],[-6.380952,43.557817]]],[[[-6.379459,43.557897],[-6.379526,43.557994],[-6.379335,43.558126],[-6.379291,43.558001],[-6.379459,43.557897]]],[[[-6.119174,43.557964],[-6.119276,43.558024],[-6.119154,43.558064],[-6.119174,43.557964]]],[[[-6.118708,43.558058],[-6.118844,43.558054],[-6.118676,43.558167],[-6.118708,43.558058]]],[[[-6.38048,43.55757],[-6.380774,43.558614],[-6.380281,43.558665],[-6.379748,43.557988],[-6.38048,43.55757]]],[[[-6.372211,43.558039],[-6.372268,43.558164],[-6.371891,43.558283],[-6.372004,43.558099],[-6.372211,43.558039]]],[[[-6.11189,43.558136],[-6.111908,43.558234],[-6.111862,43.558317],[-6.111767,43.558148],[-6.11189,43.558136]]],[[[-6.11902,43.558103],[-6.119133,43.558127],[-6.119178,43.558288],[-6.119042,43.558301],[-6.11902,43.558103]]],[[[-6.409826,43.558084],[-6.41067,43.558113],[-6.410986,43.558238],[-6.409359,43.558368],[-6.409826,43.558084]]],[[[-6.789917,43.558101],[-6.790042,43.55833],[-6.789638,43.558398],[-6.789723,43.558179],[-6.789917,43.558101]]],[[[-6.807451,43.558165],[-6.807677,43.558212],[-6.80778,43.558271],[-6.807329,43.558385],[-6.807451,43.558165]]],[[[-6.344841,43.558322],[-6.345092,43.558369],[-6.345228,43.55859],[-6.344622,43.558616],[-6.344841,43.558322]]],[[[-6.111495,43.558399],[-6.11153,43.558596],[-6.111434,43.558652],[-6.11136,43.55842],[-6.111495,43.558399]]],[[[-6.411123,43.558468],[-6.41122,43.558645],[-6.410886,43.558664],[-6.410918,43.558564],[-6.411123,43.558468]]],[[[-6.420117,43.558577],[-6.420235,43.558691],[-6.420027,43.558724],[-6.419999,43.558671],[-6.420117,43.558577]]],[[[-6.411486,43.558755],[-6.411573,43.55877],[-6.411655,43.558894],[-6.411518,43.558889],[-6.411486,43.558755]]],[[[-6.808586,43.558686],[-6.808638,43.558927],[-6.80827,43.558975],[-6.808261,43.55884],[-6.808586,43.558686]]],[[[-6.418383,43.558782],[-6.418475,43.55887],[-6.418291,43.558893],[-6.418276,43.558858],[-6.418383,43.558782]]],[[[-6.41749,43.558746],[-6.417497,43.558872],[-6.41734,43.558949],[-6.417369,43.558795],[-6.41749,43.558746]]],[[[-6.417093,43.558731],[-6.417017,43.558931],[-6.416869,43.558927],[-6.416875,43.558819],[-6.417093,43.558731]]],[[[-6.412665,43.558809],[-6.412752,43.558807],[-6.41283,43.558876],[-6.412711,43.558961],[-6.412665,43.558809]]],[[[-6.417294,43.558779],[-6.417286,43.558869],[-6.41719,43.558917],[-6.41716,43.558828],[-6.417294,43.558779]]],[[[-6.36937,43.558807],[-6.369496,43.558849],[-6.369441,43.558985],[-6.369265,43.558937],[-6.36937,43.558807]]],[[[-6.409244,43.55874],[-6.409381,43.558971],[-6.409064,43.559052],[-6.408977,43.55883],[-6.409244,43.55874]]],[[[-6.371647,43.558794],[-6.371829,43.558951],[-6.371616,43.559119],[-6.371543,43.558932],[-6.371647,43.558794]]],[[[-6.438733,43.558937],[-6.43882,43.558934],[-6.438877,43.559058],[-6.438712,43.559],[-6.438733,43.558937]]],[[[-6.419809,43.558821],[-6.419894,43.558998],[-6.419609,43.558998],[-6.419651,43.558862],[-6.419809,43.558821]]],[[[-6.408309,43.55884],[-6.40832,43.559047],[-6.408086,43.559063],[-6.408074,43.558856],[-6.408309,43.55884]]],[[[-6.400769,43.558174],[-6.401012,43.558329],[-6.399922,43.558973],[-6.399961,43.558792],[-6.400769,43.558174]]],[[[-6.789927,43.558469],[-6.790125,43.558652],[-6.789708,43.55872],[-6.789783,43.558537],[-6.789927,43.558469]]],[[[-6.412162,43.558239],[-6.412501,43.558751],[-6.41207,43.559016],[-6.412002,43.558478],[-6.412162,43.558239]]],[[[-6.808481,43.558401],[-6.808639,43.55854],[-6.807793,43.558874],[-6.807875,43.558601],[-6.808481,43.558401]]],[[[-6.800496,43.55832],[-6.800766,43.558482],[-6.800789,43.559048],[-6.80066,43.558972],[-6.800496,43.55832]]],[[[-6.372239,43.558525],[-6.372369,43.558647],[-6.372206,43.558823],[-6.372086,43.558682],[-6.372239,43.558525]]],[[[-6.476251,43.558575],[-6.476257,43.558899],[-6.475931,43.558828],[-6.475971,43.558656],[-6.476251,43.558575]]],[[[-6.796189,43.558621],[-6.796201,43.558819],[-6.795562,43.558885],[-6.795606,43.558794],[-6.796189,43.558621]]],[[[-6.794728,43.558625],[-6.795045,43.55874],[-6.79512,43.558945],[-6.794651,43.55897],[-6.794728,43.558625]]],[[[-6.367665,43.558651],[-6.36777,43.558765],[-6.36762,43.558958],[-6.367538,43.558825],[-6.367665,43.558651]]],[[[-6.792309,43.558608],[-6.792628,43.559156],[-6.791781,43.559085],[-6.792102,43.558669],[-6.792309,43.558608]]],[[[-6.816204,43.559012],[-6.816347,43.559116],[-6.815838,43.559295],[-6.815962,43.559102],[-6.816204,43.559012]]],[[[-6.370868,43.559042],[-6.371006,43.559074],[-6.371012,43.559182],[-6.370838,43.55916],[-6.370868,43.559042]]],[[[-6.388854,43.558969],[-6.388863,43.559131],[-6.388643,43.559183],[-6.388644,43.558984],[-6.388854,43.558969]]],[[[-6.438669,43.55911],[-6.438832,43.559141],[-6.438884,43.559184],[-6.438761,43.559206],[-6.438669,43.55911]]],[[[-6.439078,43.559124],[-6.439414,43.55915],[-6.439429,43.559186],[-6.439271,43.559245],[-6.439078,43.559124]]],[[[-6.442933,43.559197],[-6.442964,43.559304],[-6.442877,43.559307],[-6.442885,43.559217],[-6.442933,43.559197]]],[[[-6.439969,43.559107],[-6.440174,43.559226],[-6.440118,43.559336],[-6.439882,43.559325],[-6.439969,43.559107]]],[[[-6.438651,43.559236],[-6.438765,43.559269],[-6.438767,43.559314],[-6.438581,43.559301],[-6.438651,43.559236]]],[[[-6.437502,43.559046],[-6.437638,43.559042],[-6.437622,43.559204],[-6.43741,43.559175],[-6.437502,43.559046]]],[[[-6.41342,43.559021],[-6.413421,43.559264],[-6.413286,43.559277],[-6.41325,43.559089],[-6.41342,43.559021]]],[[[-6.399632,43.559099],[-6.399819,43.559112],[-6.399849,43.559219],[-6.399642,43.559279],[-6.399632,43.559099]]],[[[-6.092359,43.561133],[-6.092455,43.56132],[-6.092359,43.561376],[-6.092249,43.561172],[-6.092359,43.561133]]],[[[-6.419133,43.561317],[-6.419165,43.561433],[-6.418981,43.561466],[-6.419025,43.561365],[-6.419133,43.561317]]],[[[-6.443984,43.561353],[-6.443969,43.561525],[-6.443757,43.561495],[-6.443827,43.561412],[-6.443984,43.561353]]],[[[-6.125017,43.561316],[-6.125154,43.561321],[-6.125385,43.561477],[-6.125206,43.561608],[-6.125017,43.561316]]],[[[-6.128054,43.561386],[-6.128059,43.561476],[-6.128027,43.561576],[-6.127945,43.561425],[-6.128054,43.561386]]],[[[-6.396356,43.561393],[-6.396491,43.561578],[-6.396108,43.561599],[-6.396114,43.561482],[-6.396356,43.561393]]],[[[-6.440354,43.561526],[-6.440491,43.56154],[-6.440498,43.561657],[-6.440287,43.561645],[-6.440354,43.561526]]],[[[-6.397708,43.560993],[-6.397894,43.560996],[-6.397933,43.561031],[-6.397777,43.561117],[-6.397708,43.560993]]],[[[-6.44017,43.560892],[-6.440244,43.560899],[-6.440247,43.560944],[-6.440173,43.560955],[-6.44017,43.560892]]],[[[-6.128117,43.560925],[-6.128122,43.561015],[-6.12809,43.561115],[-6.127982,43.560938],[-6.128117,43.560925]]],[[[-6.43927,43.560973],[-6.439396,43.560997],[-6.439352,43.561097],[-6.439201,43.561056],[-6.43927,43.560973]]],[[[-6.818144,43.56104],[-6.818311,43.561143],[-6.818001,43.561333],[-6.817987,43.561108],[-6.818144,43.56104]]],[[[-6.128377,43.56117],[-6.128503,43.561193],[-6.128432,43.561267],[-6.128377,43.56117]]],[[[-6.398266,43.561012],[-6.398252,43.561202],[-6.397954,43.561184],[-6.398008,43.561047],[-6.398266,43.561012]]],[[[-6.444651,43.561099],[-6.444575,43.561282],[-6.444392,43.561341],[-6.444541,43.56113],[-6.444651,43.561099]]],[[[-6.091805,43.561923],[-6.091864,43.562119],[-6.091756,43.562176],[-6.091685,43.561998],[-6.091805,43.561923]]],[[[-6.783803,43.562094],[-6.784054,43.562148],[-6.784123,43.562254],[-6.783476,43.562204],[-6.783803,43.562094]]],[[[-6.107388,43.562067],[-6.107513,43.562091],[-6.107518,43.562189],[-6.107394,43.562193],[-6.107388,43.562067]]],[[[-6.105091,43.562192],[-6.105082,43.562499],[-6.104958,43.562493],[-6.10497,43.562241],[-6.105091,43.562192]]],[[[-6.106529,43.562225],[-6.106547,43.562324],[-6.106411,43.562337],[-6.106408,43.562283],[-6.106529,43.562225]]],[[[-6.444983,43.562143],[-6.445275,43.562269],[-6.445369,43.562392],[-6.444794,43.562301],[-6.444983,43.562143]]],[[[-6.331875,43.562284],[-6.331713,43.562496],[-6.331524,43.562439],[-6.331603,43.562301],[-6.331875,43.562284]]],[[[-6.328318,43.562226],[-6.328659,43.562576],[-6.328096,43.562926],[-6.32797,43.562425],[-6.328318,43.562226]]],[[[-6.106292,43.562421],[-6.106448,43.562579],[-6.106425,43.56284],[-6.106241,43.562638],[-6.106292,43.562421]]],[[[-6.107613,43.562592],[-6.107703,43.562653],[-6.107663,43.562852],[-6.107492,43.562649],[-6.107613,43.562592]]],[[[-6.444844,43.562525],[-6.444934,43.562594],[-6.444902,43.562676],[-6.444777,43.562653],[-6.444844,43.562525]]],[[[-6.445146,43.562615],[-6.445057,43.562798],[-6.444911,43.562838],[-6.444931,43.562747],[-6.445146,43.562615]]],[[[-6.39588,43.561723],[-6.396078,43.561726],[-6.396108,43.561824],[-6.395877,43.561903],[-6.39588,43.561723]]],[[[-6.415605,43.561765],[-6.41568,43.561762],[-6.415734,43.561842],[-6.415601,43.561909],[-6.415605,43.561765]]],[[[-6.338018,43.561871],[-6.338346,43.561987],[-6.338361,43.562041],[-6.338129,43.562084],[-6.338018,43.561871]]],[[[-6.332587,43.561732],[-6.332716,43.562053],[-6.331855,43.562159],[-6.332024,43.561857],[-6.332587,43.561732]]],[[[-6.096068,43.559106],[-6.096947,43.559352],[-6.095985,43.560873],[-6.09523,43.560389],[-6.096068,43.559106]]],[[[-6.442282,43.559937],[-6.442422,43.560014],[-6.442412,43.56005],[-6.442265,43.560082],[-6.442282,43.559937]]],[[[-6.339231,43.559638],[-6.338613,43.560089],[-6.338488,43.560074],[-6.338891,43.559747],[-6.339231,43.559638]]],[[[-6.369819,43.559767],[-6.369878,43.559927],[-6.369755,43.559939],[-6.369714,43.559869],[-6.369819,43.559767]]],[[[-6.39132,43.559895],[-6.391457,43.559918],[-6.391499,43.560007],[-6.39134,43.560039],[-6.39132,43.559895]]],[[[-6.443812,43.559846],[-6.443867,43.559943],[-6.443648,43.560013],[-6.443618,43.559915],[-6.443812,43.559846]]],[[[-6.389743,43.559816],[-6.390019,43.55988],[-6.390007,43.560105],[-6.389758,43.560077],[-6.389743,43.559816]]],[[[-6.394298,43.559798],[-6.394505,43.559954],[-6.394474,43.560072],[-6.394228,43.560088],[-6.394298,43.559798]]],[[[-6.369773,43.559372],[-6.369792,43.559506],[-6.369686,43.559599],[-6.369638,43.559394],[-6.369773,43.559372]]],[[[-6.438867,43.55932],[-6.438932,43.559372],[-6.438872,43.559419],[-6.438834,43.559393],[-6.438867,43.55932]]],[[[-6.371206,43.559329],[-6.371358,43.559379],[-6.371229,43.559509],[-6.371114,43.55944],[-6.371206,43.559329]]],[[[-6.440506,43.559415],[-6.440578,43.559583],[-6.440362,43.559707],[-6.440321,43.559636],[-6.440506,43.559415]]],[[[-6.438523,43.559375],[-6.438574,43.559392],[-6.438663,43.559443],[-6.438415,43.559432],[-6.438523,43.559375]]],[[[-6.437499,43.559433],[-6.437636,43.559447],[-6.43768,43.559563],[-6.437433,43.559588],[-6.437499,43.559433]]],[[[-6.407829,43.559332],[-6.408083,43.55945],[-6.40811,43.559702],[-6.407762,43.559676],[-6.407829,43.559332]]],[[[-6.438256,43.559464],[-6.438358,43.559515],[-6.438326,43.559606],[-6.438185,43.55952],[-6.438256,43.559464]]],[[[-6.438763,43.559449],[-6.438866,43.559527],[-6.438649,43.559624],[-6.43868,43.559515],[-6.438763,43.559449]]],[[[-6.806764,43.55944],[-6.807234,43.559433],[-6.807476,43.559542],[-6.80682,43.559744],[-6.806764,43.55944]]],[[[-6.370267,43.559582],[-6.370441,43.559586],[-6.370443,43.559622],[-6.370226,43.559728],[-6.370267,43.559582]]],[[[-6.391969,43.559327],[-6.392181,43.559357],[-6.391517,43.559872],[-6.391504,43.559656],[-6.391969,43.559327]]],[[[-6.390586,43.559386],[-6.390684,43.559599],[-6.390191,43.559866],[-6.390216,43.559649],[-6.390586,43.559386]]],[[[-6.371962,43.559559],[-6.372055,43.559674],[-6.371786,43.559726],[-6.371792,43.559609],[-6.371962,43.559559]]],[[[-6.440766,43.559632],[-6.440929,43.559663],[-6.440935,43.559771],[-6.440726,43.559795],[-6.440766,43.559632]]],[[[-6.418986,43.559593],[-6.419055,43.559708],[-6.418771,43.559734],[-6.418802,43.559616],[-6.418986,43.559593]]],[[[-6.380181,43.55962],[-6.380344,43.559651],[-6.380303,43.559806],[-6.380114,43.559748],[-6.380181,43.55962]]],[[[-6.80597,43.559421],[-6.806463,43.559774],[-6.805893,43.560351],[-6.805807,43.55958],[-6.80597,43.559421]]],[[[-6.803961,43.559749],[-6.804323,43.5598],[-6.804367,43.559916],[-6.803895,43.560075],[-6.803961,43.559749]]],[[[-6.437922,43.55969],[-6.438059,43.559704],[-6.438043,43.559858],[-6.437954,43.559824],[-6.437922,43.55969]]],[[[-6.370571,43.559708],[-6.370722,43.559749],[-6.370582,43.559906],[-6.370456,43.559865],[-6.370571,43.559708]]],[[[-6.399145,43.559465],[-6.399209,43.559724],[-6.398413,43.56009],[-6.39857,43.559806],[-6.399145,43.559465]]],[[[-6.409956,43.559728],[-6.409973,43.559817],[-6.409646,43.559944],[-6.409748,43.55977],[-6.409956,43.559728]]],[[[-6.410967,43.559652],[-6.411069,43.559919],[-6.41088,43.560087],[-6.410704,43.559822],[-6.410967,43.559652]]],[[[-6.370021,43.559166],[-6.370104,43.559326],[-6.370012,43.559446],[-6.369888,43.559215],[-6.370021,43.559166]]],[[[-6.419112,43.558752],[-6.418791,43.559418],[-6.418172,43.559203],[-6.418181,43.55914],[-6.419112,43.558752]]],[[[-6.41124,43.559005],[-6.411389,43.559226],[-6.411051,43.559389],[-6.41099,43.559193],[-6.41124,43.559005]]],[[[-6.796655,43.559137],[-6.796819,43.559186],[-6.79687,43.559409],[-6.796528,43.559294],[-6.796655,43.559137]]],[[[-6.443013,43.559303],[-6.443063,43.559301],[-6.443103,43.559354],[-6.443055,43.559392],[-6.443013,43.559303]]],[[[-6.440598,43.55907],[-6.440441,43.559353],[-6.440129,43.559534],[-6.440476,43.5591],[-6.440598,43.55907]]],[[[-6.379043,43.558873],[-6.379613,43.559117],[-6.37913,43.559762],[-6.378813,43.559411],[-6.379043,43.558873]]],[[[-6.439064,43.559305],[-6.439129,43.559357],[-6.439059,43.559431],[-6.43898,43.559361],[-6.439064,43.559305]]],[[[-6.41786,43.558942],[-6.418697,43.559943],[-6.416621,43.560681],[-6.41696,43.55923],[-6.41786,43.558942]]],[[[-6.123341,43.560272],[-6.123396,43.560361],[-6.123338,43.560452],[-6.123235,43.560365],[-6.123341,43.560272]]],[[[-6.130556,43.560444],[-6.130682,43.560476],[-6.130694,43.560485],[-6.130585,43.560533],[-6.130556,43.560444]]],[[[-6.444267,43.560012],[-6.444324,43.560137],[-6.444217,43.560212],[-6.444163,43.560151],[-6.444267,43.560012]]],[[[-6.339541,43.559855],[-6.339462,43.560442],[-6.338814,43.560371],[-6.338732,43.560229],[-6.339541,43.559855]]],[[[-6.34113,43.559943],[-6.341505,43.560013],[-6.341598,43.560344],[-6.341146,43.560447],[-6.34113,43.559943]]],[[[-6.392411,43.55971],[-6.392454,43.560033],[-6.392136,43.560312],[-6.39221,43.559878],[-6.392411,43.55971]]],[[[-6.438224,43.559987],[-6.438351,43.560047],[-6.438319,43.560147],[-6.438141,43.560053],[-6.438224,43.559987]]],[[[-6.41007,43.559985],[-6.410258,43.560025],[-6.410289,43.56015],[-6.409992,43.56015],[-6.41007,43.559985]]],[[[-6.370466,43.560036],[-6.370618,43.560103],[-6.370439,43.560216],[-6.370358,43.560093],[-6.370466,43.560036]]],[[[-6.442689,43.560123],[-6.442828,43.560182],[-6.44283,43.560218],[-6.442646,43.560241],[-6.442689,43.560123]]],[[[-6.437499,43.560081],[-6.437651,43.56014],[-6.437643,43.56023],[-6.437403,43.560147],[-6.437499,43.560081]]],[[[-6.440341,43.560203],[-6.440406,43.560255],[-6.440255,43.56043],[-6.440199,43.560315],[-6.440341,43.560203]]],[[[-6.397999,43.560219],[-6.398127,43.560296],[-6.397641,43.560464],[-6.397681,43.560292],[-6.397999,43.560219]]],[[[-6.418926,43.560063],[-6.419079,43.56013],[-6.419316,43.560384],[-6.419082,43.560409],[-6.418926,43.560063]]],[[[-6.39953,43.560138],[-6.399794,43.560211],[-6.39978,43.5604],[-6.399373,43.560439],[-6.39953,43.560138]]],[[[-6.444334,43.560317],[-6.44442,43.560314],[-6.444437,43.560385],[-6.444364,43.560406],[-6.444334,43.560317]]],[[[-6.394375,43.560291],[-6.394821,43.560287],[-6.394794,43.560467],[-6.394386,43.560489],[-6.394375,43.560291]]],[[[-6.440295,43.560483],[-6.440347,43.560536],[-6.440251,43.560575],[-6.440222,43.560512],[-6.440295,43.560483]]],[[[-6.099653,43.560449],[-6.099802,43.560454],[-6.099737,43.560645],[-6.099624,43.560603],[-6.099653,43.560449]]],[[[-6.127247,43.560147],[-6.127355,43.560315],[-6.127176,43.56069],[-6.127139,43.560438],[-6.127247,43.560147]]],[[[-6.794408,43.560022],[-6.794765,43.56019],[-6.794936,43.560743],[-6.794203,43.560515],[-6.794408,43.560022]]],[[[-6.792734,43.560375],[-6.79297,43.56079],[-6.792303,43.56101],[-6.792217,43.560626],[-6.792734,43.560375]]],[[[-6.440204,43.56063],[-6.440246,43.560719],[-6.44015,43.560758],[-6.440136,43.560731],[-6.440204,43.56063]]],[[[-6.397884,43.560601],[-6.398097,43.560639],[-6.398128,43.560746],[-6.397708,43.560768],[-6.397884,43.560601]]],[[[-6.398681,43.560235],[-6.398885,43.560562],[-6.398496,43.560699],[-6.398496,43.560258],[-6.398681,43.560235]]],[[[-6.439991,43.560357],[-6.440056,43.560418],[-6.439881,43.560604],[-6.439799,43.560471],[-6.439991,43.560357]]],[[[-6.395669,43.560396],[-6.395761,43.560718],[-6.395456,43.560799],[-6.395415,43.560503],[-6.395669,43.560396]]],[[[-6.126332,43.56065],[-6.126445,43.560674],[-6.126451,43.560781],[-6.126325,43.560749],[-6.126332,43.56065]]],[[[-6.1281,43.560601],[-6.12813,43.560699],[-6.12811,43.56079],[-6.128008,43.560721],[-6.1281,43.560601]]],[[[-6.100245,43.560649],[-6.100168,43.560841],[-6.100079,43.56078],[-6.100123,43.560689],[-6.100245,43.560649]]],[[[-6.100829,43.560688],[-6.100907,43.560757],[-6.100863,43.560867],[-6.100747,43.56078],[-6.100829,43.560688]]],[[[-6.817046,43.560744],[-6.817079,43.560886],[-6.816785,43.560932],[-6.816841,43.560831],[-6.817046,43.560744]]],[[[-6.441853,43.560661],[-6.442028,43.560692],[-6.442046,43.5608],[-6.441839,43.560851],[-6.441853,43.560661]]],[[[-6.41838,43.5607],[-6.418634,43.56081],[-6.418653,43.560917],[-6.418302,43.560838],[-6.41838,43.5607]]],[[[-6.440251,43.560809],[-6.440292,43.560862],[-6.440205,43.560864],[-6.440203,43.560828],[-6.440251,43.560809]]],[[[-6.444335,43.560776],[-6.444389,43.560855],[-6.444126,43.561007],[-6.444158,43.560916],[-6.444335,43.560776]]],[[[-6.339869,43.560862],[-6.340018,43.560885],[-6.340167,43.561106],[-6.339907,43.561113],[-6.339869,43.560862]]],[[[-6.397003,43.560789],[-6.397286,43.56097],[-6.396726,43.561139],[-6.396756,43.561012],[-6.397003,43.560789]]],[[[-6.440747,43.560812],[-6.44071,43.561245],[-6.440343,43.561337],[-6.440293,43.561096],[-6.440747,43.560812]]],[[[-6.958115,43.567525],[-6.958287,43.56769],[-6.958395,43.568208],[-6.957982,43.567953],[-6.958115,43.567525]]],[[[-5.697056,43.573851],[-5.697196,43.573919],[-5.696924,43.573944],[-5.696946,43.573871],[-5.697056,43.573851]]],[[[-5.701193,43.57414],[-5.701354,43.574136],[-5.701367,43.574154],[-5.701138,43.574294],[-5.701193,43.57414]]],[[[-5.743671,43.58097],[-5.743756,43.581472],[-5.742905,43.581556],[-5.742927,43.581222],[-5.743671,43.58097]]],[[[-6.105056,43.562716],[-6.105182,43.562757],[-6.105079,43.562922],[-6.105012,43.562825],[-6.105056,43.562716]]],[[[-6.783772,43.56277],[-6.784021,43.562807],[-6.784164,43.562901],[-6.78362,43.562928],[-6.783772,43.56277]]],[[[-6.44391,43.562877],[-6.444023,43.562901],[-6.444025,43.562937],[-6.443878,43.562968],[-6.44391,43.562877]]],[[[-6.445794,43.56291],[-6.446052,43.563083],[-6.445558,43.563116],[-6.445622,43.562934],[-6.445794,43.56291]]],[[[-6.105618,43.563051],[-6.105743,43.563057],[-6.105857,43.563126],[-6.105651,43.563204],[-6.105618,43.563051]]],[[[-6.32731,43.562805],[-6.327633,43.563056],[-6.327108,43.56318],[-6.32706,43.562992],[-6.32731,43.562805]]],[[[-6.325371,43.562897],[-6.32588,43.563143],[-6.324938,43.563351],[-6.325163,43.562948],[-6.325371,43.562897]]],[[[-6.444001,43.563163],[-6.444143,43.563266],[-6.444113,43.563384],[-6.443961,43.563326],[-6.444001,43.563163]]],[[[-6.086284,43.56317],[-6.08638,43.563339],[-6.086035,43.563861],[-6.085848,43.563596],[-6.086284,43.56317]]],[[[-6.877625,43.564175],[-6.878082,43.564349],[-6.878225,43.564461],[-6.877803,43.564439],[-6.877625,43.564175]]],[[[-6.877628,43.564607],[-6.87778,43.564656],[-6.877811,43.564754],[-6.877512,43.564719],[-6.877628,43.564607]]],[[[-6.87668,43.563343],[-6.877087,43.563509],[-6.876992,43.563963],[-6.876523,43.563781],[-6.87668,43.563343]]],[[[-6.784507,43.56325],[-6.784638,43.563363],[-6.784452,43.563549],[-6.784375,43.563308],[-6.784507,43.56325]]],[[[-6.08977,43.563292],[-6.089937,43.563414],[-6.089708,43.563537],[-6.089661,43.563349],[-6.08977,43.563292]]],[[[-6.106992,43.563041],[-6.107118,43.563074],[-6.106981,43.563546],[-6.106879,43.563494],[-6.106992,43.563041]]],[[[-6.443521,43.563222],[-6.443754,43.563395],[-6.443529,43.563573],[-6.443345,43.56339],[-6.443521,43.563222]]],[[[-6.324073,43.563169],[-6.324255,43.563317],[-6.324215,43.563948],[-6.323914,43.563651],[-6.324073,43.563169]]],[[[-6.445269,43.563467],[-6.445141,43.563614],[-6.444896,43.563658],[-6.445109,43.56348],[-6.445269,43.563467]]],[[[-6.704744,43.563418],[-6.705227,43.563609],[-6.704489,43.563894],[-6.704467,43.563733],[-6.704744,43.563418]]],[[[-6.784078,43.563507],[-6.784332,43.563607],[-6.784505,43.563808],[-6.784332,43.563814],[-6.784078,43.563507]]],[[[-6.089513,43.563587],[-6.089649,43.563602],[-6.089727,43.563672],[-6.089484,43.56375],[-6.089513,43.563587]]],[[[-6.444839,43.563317],[-6.444077,43.56407],[-6.44376,43.564142],[-6.444344,43.56353],[-6.444839,43.563317]]],[[[-6.400037,43.563661],[-6.400242,43.563781],[-6.400103,43.563947],[-6.399831,43.56373],[-6.400037,43.563661]]],[[[-6.087406,43.564031],[-6.087555,43.564045],[-6.087642,43.564295],[-6.087534,43.564361],[-6.087406,43.564031]]],[[[-6.090004,43.563754],[-6.090118,43.563796],[-6.090128,43.564003],[-6.089914,43.563928],[-6.090004,43.563754]]],[[[-6.08939,43.563852],[-6.089527,43.563866],[-6.089615,43.564134],[-6.089401,43.564068],[-6.08939,43.563852]]],[[[-6.876251,43.563799],[-6.876872,43.564012],[-6.876983,43.564197],[-6.876405,43.56446],[-6.876251,43.563799]]],[[[-6.784314,43.563923],[-6.78452,43.564042],[-6.784541,43.564185],[-6.784381,43.56419],[-6.784314,43.563923]]],[[[-6.316853,43.563802],[-6.31722,43.563953],[-6.317437,43.564289],[-6.316943,43.564313],[-6.316853,43.563802]]],[[[-6.874722,43.564283],[-6.874821,43.56428],[-6.874876,43.564368],[-6.874656,43.564411],[-6.874722,43.564283]]],[[[-6.819542,43.564162],[-6.819924,43.56433],[-6.819919,43.564438],[-6.819539,43.564298],[-6.819542,43.564162]]],[[[-6.819034,43.564342],[-6.819277,43.564468],[-6.819286,43.564612],[-6.818969,43.564497],[-6.819034,43.564342]]],[[[-6.320788,43.563535],[-6.321494,43.564225],[-6.320762,43.564877],[-6.320524,43.564587],[-6.320788,43.563535]]],[[[-6.816558,43.563965],[-6.816811,43.564245],[-6.81592,43.564644],[-6.81599,43.56438],[-6.816558,43.563965]]],[[[-6.475652,43.564094],[-6.47617,43.564268],[-6.476269,43.564481],[-6.475646,43.564626],[-6.475652,43.564094]]],[[[-6.305026,43.564451],[-6.305326,43.564721],[-6.305027,43.564919],[-6.304802,43.564655],[-6.305026,43.564451]]],[[[-6.322071,43.564587],[-6.322331,43.564579],[-6.322342,43.564777],[-6.322121,43.564819],[-6.322071,43.564587]]],[[[-6.874937,43.564726],[-6.875074,43.564748],[-6.875104,43.564828],[-6.874982,43.56485],[-6.874937,43.564726]]],[[[-6.874798,43.564497],[-6.874867,43.564602],[-6.874797,43.564677],[-6.874703,43.564554],[-6.874798,43.564497]]],[[[-6.755437,43.564066],[-6.755852,43.564368],[-6.755263,43.564855],[-6.755077,43.564645],[-6.755437,43.564066]]],[[[-6.874503,43.564534],[-6.874647,43.564655],[-6.87438,43.564736],[-6.874373,43.564628],[-6.874503,43.564534]]],[[[-6.756328,43.564451],[-6.75643,43.5647],[-6.75625,43.564796],[-6.756123,43.564548],[-6.756328,43.564451]]],[[[-6.784235,43.564627],[-6.78448,43.56479],[-6.784477,43.564943],[-6.784192,43.564935],[-6.784235,43.564627]]],[[[-6.756631,43.564747],[-6.756715,43.564897],[-6.756549,43.565029],[-6.756549,43.564822],[-6.756631,43.564747]]],[[[-6.875584,43.564785],[-6.875724,43.564843],[-6.875587,43.565019],[-6.87552,43.56494],[-6.875584,43.564785]]],[[[-6.135617,43.564915],[-6.135451,43.565063],[-6.135361,43.565003],[-6.135495,43.564945],[-6.135617,43.564915]]],[[[-6.138124,43.564783],[-6.1384,43.565109],[-6.13758,43.56505],[-6.137619,43.564851],[-6.138124,43.564783]]],[[[-6.13538,43.565119],[-6.135517,43.565134],[-6.135447,43.565217],[-6.13538,43.565119]]],[[[-6.872565,43.56559],[-6.872657,43.565677],[-6.872653,43.565794],[-6.872386,43.565686],[-6.872565,43.56559]]],[[[-6.138745,43.565549],[-6.138882,43.565563],[-6.138863,43.565663],[-6.138727,43.565667],[-6.138745,43.565549]]],[[[-6.139178,43.565528],[-6.139304,43.56557],[-6.139259,43.565661],[-6.139069,43.565576],[-6.139178,43.565528]]],[[[-6.605549,43.565567],[-6.605965,43.565698],[-6.606072,43.565821],[-6.605414,43.56559],[-6.605549,43.565567]]],[[[-6.139876,43.565617],[-6.139968,43.565732],[-6.13976,43.565782],[-6.139768,43.565692],[-6.139876,43.565617]]],[[[-6.847771,43.564925],[-6.847888,43.565011],[-6.847689,43.56518],[-6.8477,43.564972],[-6.847771,43.564925]]],[[[-6.182996,43.564784],[-6.182932,43.564975],[-6.182825,43.565068],[-6.182805,43.564915],[-6.182996,43.564784]]],[[[-6.145613,43.564757],[-6.145701,43.565025],[-6.145398,43.565141],[-6.145492,43.564814],[-6.145613,43.564757]]],[[[-6.32175,43.56483],[-6.322167,43.56498],[-6.322212,43.565123],[-6.321709,43.5652],[-6.32175,43.56483]]],[[[-6.303042,43.565076],[-6.303101,43.565236],[-6.302746,43.565318],[-6.302766,43.565228],[-6.303042,43.565076]]],[[[-6.399154,43.564677],[-6.399353,43.565131],[-6.398581,43.565496],[-6.398528,43.564993],[-6.399154,43.564677]]],[[[-6.139142,43.565322],[-6.139111,43.565431],[-6.138851,43.565438],[-6.138946,43.565364],[-6.139142,43.565322]]],[[[-6.847032,43.565364],[-6.847049,43.565633],[-6.846829,43.565686],[-6.846853,43.565478],[-6.847032,43.565364]]],[[[-6.400022,43.564922],[-6.400034,43.565354],[-6.399359,43.565689],[-6.399546,43.56526],[-6.400022,43.564922]]],[[[-6.149112,43.565363],[-6.149164,43.56565],[-6.149045,43.565743],[-6.148996,43.56551],[-6.149112,43.565363]]],[[[-6.080695,43.566229],[-6.080808,43.566262],[-6.080801,43.566362],[-6.080599,43.566286],[-6.080695,43.566229]]],[[[-6.080976,43.566384],[-6.081078,43.566444],[-6.080833,43.566505],[-6.08084,43.566406],[-6.080976,43.566384]]],[[[-6.872724,43.566142],[-6.872909,43.566514],[-6.872823,43.566715],[-6.872471,43.566439],[-6.872724,43.566142]]],[[[-6.87204,43.566094],[-6.872087,43.566236],[-6.871883,43.566342],[-6.871801,43.566219],[-6.87204,43.566094]]],[[[-6.871601,43.56619],[-6.871676,43.566394],[-6.871567,43.566443],[-6.871507,43.566265],[-6.871601,43.56619]]],[[[-6.400416,43.565324],[-6.400947,43.565515],[-6.401009,43.565964],[-6.400069,43.565767],[-6.400416,43.565324]]],[[[-6.873297,43.565412],[-6.873891,43.565599],[-6.873018,43.566466],[-6.872857,43.565697],[-6.873297,43.565412]]],[[[-6.872657,43.565857],[-6.872464,43.566133],[-6.872263,43.566086],[-6.872292,43.565959],[-6.872657,43.565857]]],[[[-6.137607,43.565797],[-6.137719,43.565821],[-6.137775,43.565945],[-6.137649,43.565895],[-6.137607,43.565797]]],[[[-6.301503,43.565687],[-6.301703,43.565717],[-6.301762,43.565896],[-6.301469,43.565958],[-6.301503,43.565687]]],[[[-6.783504,43.565615],[-6.784107,43.565757],[-6.784262,43.56586],[-6.783595,43.566071],[-6.783504,43.565615]]],[[[-6.749356,43.565634],[-6.749612,43.56577],[-6.749212,43.5659],[-6.749183,43.565838],[-6.749356,43.565634]]],[[[-6.320721,43.565697],[-6.320912,43.565791],[-6.32092,43.565944],[-6.320686,43.565959],[-6.320721,43.565697]]],[[[-6.782465,43.565631],[-6.783042,43.565747],[-6.783122,43.565844],[-6.782029,43.565781],[-6.782465,43.565631]]],[[[-6.781493,43.565727],[-6.781809,43.565824],[-6.781803,43.565932],[-6.781347,43.565975],[-6.781493,43.565727]]],[[[-6.139755,43.565927],[-6.139802,43.566105],[-6.13958,43.566355],[-6.139422,43.566188],[-6.139755,43.565927]]],[[[-6.142048,43.56572],[-6.142186,43.565752],[-6.141983,43.56637],[-6.141895,43.566111],[-6.142048,43.56572]]],[[[-6.180986,43.565884],[-6.180854,43.566203],[-6.180745,43.566242],[-6.18077,43.566016],[-6.180986,43.565884]]],[[[-6.302549,43.565783],[-6.302516,43.56609],[-6.301686,43.566303],[-6.301818,43.566002],[-6.302549,43.565783]]],[[[-6.75238,43.56468],[-6.753711,43.566572],[-6.753512,43.56756],[-6.751361,43.567216],[-6.75238,43.56468]]],[[[-6.39902,43.565816],[-6.399266,43.566007],[-6.398887,43.566324],[-6.398799,43.565849],[-6.39902,43.565816]]],[[[-6.322281,43.565922],[-6.322571,43.566013],[-6.322606,43.56621],[-6.322255,43.566121],[-6.322281,43.565922]]],[[[-6.748788,43.566049],[-6.748791,43.566697],[-6.748586,43.566785],[-6.748554,43.566471],[-6.748788,43.566049]]],[[[-6.080134,43.566398],[-6.080271,43.566412],[-6.08016,43.566667],[-6.080058,43.566598],[-6.080134,43.566398]]],[[[-6.872171,43.566395],[-6.872274,43.566455],[-6.872193,43.566548],[-6.872052,43.566471],[-6.872171,43.566395]]],[[[-6.831881,43.566405],[-6.832085,43.566497],[-6.831996,43.566662],[-6.831754,43.566562],[-6.831881,43.566405]]],[[[-6.082923,43.566701],[-6.083026,43.566761],[-6.08298,43.566843],[-6.082855,43.56681],[-6.082923,43.566701]]],[[[-6.083062,43.566985],[-6.083188,43.567036],[-6.083206,43.567134],[-6.083097,43.567182],[-6.083062,43.566985]]],[[[-6.874266,43.565856],[-6.87447,43.567299],[-6.873133,43.56711],[-6.873314,43.566456],[-6.874266,43.565856]]],[[[-6.787454,43.566411],[-6.787744,43.566492],[-6.787871,43.566731],[-6.787271,43.566841],[-6.787454,43.566411]]],[[[-6.762632,43.566467],[-6.762672,43.566709],[-6.762434,43.566861],[-6.762404,43.56679],[-6.762632,43.566467]]],[[[-6.758806,43.566476],[-6.758837,43.566763],[-6.758524,43.566918],[-6.75865,43.566544],[-6.758806,43.566476]]],[[[-6.87139,43.566575],[-6.871497,43.567075],[-6.871122,43.567223],[-6.871167,43.566763],[-6.87139,43.566575]]],[[[-6.747329,43.566691],[-6.747494,43.566758],[-6.747635,43.567024],[-6.74742,43.566959],[-6.747329,43.566691]]],[[[-6.308302,43.566841],[-6.308617,43.566931],[-6.308611,43.567048],[-6.308216,43.567078],[-6.308302,43.566841]]],[[[-6.781452,43.566853],[-6.781704,43.567115],[-6.781644,43.567351],[-6.781389,43.567225],[-6.781452,43.566853]]],[[[-6.745064,43.56691],[-6.745229,43.566967],[-6.744958,43.567381],[-6.74486,43.567205],[-6.745064,43.56691]]],[[[-6.068812,43.567513],[-6.07413,43.568846],[-6.074362,43.569038],[-6.069601,43.567942],[-6.068812,43.567513]]],[[[-6.909161,43.568195],[-6.909171,43.568339],[-6.908858,43.568485],[-6.908881,43.568259],[-6.909161,43.568195]]],[[[-6.886241,43.567997],[-6.886425,43.568153],[-6.886009,43.568428],[-6.88599,43.56832],[-6.886241,43.567997]]],[[[-6.777375,43.568186],[-6.777566,43.56827],[-6.777462,43.568777],[-6.777246,43.568496],[-6.777375,43.568186]]],[[[-6.153432,43.568899],[-6.153611,43.569002],[-6.153464,43.569276],[-6.153362,43.569225],[-6.153432,43.568899]]],[[[-6.175685,43.568454],[-6.175659,43.568652],[-6.175549,43.568692],[-6.175563,43.568484],[-6.175685,43.568454]]],[[[-6.762971,43.568329],[-6.763057,43.568515],[-6.763004,43.56867],[-6.762934,43.568537],[-6.762971,43.568329]]],[[[-6.77607,43.56831],[-6.776466,43.568504],[-6.776603,43.568707],[-6.775986,43.568547],[-6.77607,43.56831]]],[[[-6.17744,43.568621],[-6.177589,43.568635],[-6.1772,43.568763],[-6.177293,43.568652],[-6.17744,43.568621]]],[[[-6.773915,43.568291],[-6.77424,43.568749],[-6.774226,43.568911],[-6.773649,43.568597],[-6.773915,43.568291]]],[[[-6.177905,43.568518],[-6.17803,43.568541],[-6.17789,43.568707],[-6.177811,43.568602],[-6.177905,43.568518]]],[[[-6.179472,43.567475],[-6.179597,43.567489],[-6.179475,43.567754],[-6.179418,43.567621],[-6.179472,43.567475]]],[[[-6.884917,43.567619],[-6.88504,43.567615],[-6.885261,43.567778],[-6.884905,43.567817],[-6.884917,43.567619]]],[[[-6.833673,43.567524],[-6.833872,43.567742],[-6.833591,43.567986],[-6.833506,43.567629],[-6.833673,43.567524]]],[[[-6.300864,43.567362],[-6.300977,43.567611],[-6.300503,43.567778],[-6.300432,43.567609],[-6.300864,43.567362]]],[[[-6.746935,43.56692],[-6.747099,43.566969],[-6.747004,43.567629],[-6.746701,43.567342],[-6.746935,43.56692]]],[[[-6.87535,43.566729],[-6.875754,43.567048],[-6.874482,43.567874],[-6.87473,43.56729],[-6.87535,43.566729]]],[[[-6.301511,43.567182],[-6.301611,43.567431],[-6.301229,43.567469],[-6.301216,43.567235],[-6.301511,43.567182]]],[[[-6.663346,43.567167],[-6.663666,43.567553],[-6.663278,43.567691],[-6.663167,43.567281],[-6.663346,43.567167]]],[[[-6.308703,43.56737],[-6.308933,43.567507],[-6.308658,43.567686],[-6.308528,43.567564],[-6.308703,43.56737]]],[[[-6.659144,43.567302],[-6.659463,43.567669],[-6.658797,43.567709],[-6.658825,43.567564],[-6.659144,43.567302]]],[[[-6.307591,43.567411],[-6.308001,43.567669],[-6.307896,43.568005],[-6.307417,43.567857],[-6.307591,43.567411]]],[[[-6.88582,43.567804],[-6.886152,43.567955],[-6.885224,43.568356],[-6.885504,43.567887],[-6.88582,43.567804]]],[[[-6.173283,43.567989],[-6.173351,43.568104],[-6.173013,43.568258],[-6.173019,43.568132],[-6.173283,43.567989]]],[[[-6.31076,43.567625],[-6.310932,43.567827],[-6.310576,43.567883],[-6.310519,43.567749],[-6.31076,43.567625]]],[[[-6.309192,43.567716],[-6.309396,43.567818],[-6.309294,43.567992],[-6.308992,43.56791],[-6.309192,43.567716]]],[[[-6.77097,43.56774],[-6.77119,43.567886],[-6.770682,43.567885],[-6.770738,43.567793],[-6.77097,43.56774]]],[[[-6.870566,43.567629],[-6.870401,43.56795],[-6.870082,43.568186],[-6.87029,43.567765],[-6.870566,43.567629]]],[[[-6.750996,43.567714],[-6.75109,43.568035],[-6.750828,43.568197],[-6.750866,43.567818],[-6.750996,43.567714]]],[[[-6.751381,43.567531],[-6.751754,43.567951],[-6.751636,43.56845],[-6.751468,43.568338],[-6.751381,43.567531]]],[[[-6.771564,43.567928],[-6.772278,43.568066],[-6.772426,43.568251],[-6.77182,43.568262],[-6.771564,43.567928]]],[[[-6.867141,43.570401],[-6.8672,43.570552],[-6.867001,43.570541],[-6.867007,43.570433],[-6.867141,43.570401]]],[[[-6.932692,43.570349],[-6.932974,43.570492],[-6.932984,43.570636],[-6.932531,43.570525],[-6.932692,43.570349]]],[[[-6.167233,43.569976],[-6.167182,43.570166],[-6.16706,43.570206],[-6.167087,43.570007],[-6.167233,43.569976]]],[[[-6.175349,43.56912],[-6.175342,43.569229],[-6.175176,43.569368],[-6.175158,43.569252],[-6.175349,43.56912]]],[[[-6.870732,43.568083],[-6.871353,43.568314],[-6.871007,43.569487],[-6.870195,43.569172],[-6.870732,43.568083]]],[[[-6.175043,43.568949],[-6.175073,43.569056],[-6.174883,43.569214],[-6.174908,43.56897],[-6.175043,43.568949]]],[[[-6.771222,43.568795],[-6.771553,43.568937],[-6.771611,43.56907],[-6.77131,43.569017],[-6.771222,43.568795]]],[[[-6.17586,43.568944],[-6.175985,43.568977],[-6.175933,43.569158],[-6.175808,43.569144],[-6.17586,43.568944]]],[[[-6.307692,43.568578],[-6.308399,43.569278],[-6.308461,43.569745],[-6.3076,43.569166],[-6.307692,43.568578]]],[[[-6.659636,43.567664],[-6.660505,43.567897],[-6.661274,43.568944],[-6.658657,43.569082],[-6.659636,43.567664]]],[[[-6.160596,43.569502],[-6.160919,43.569521],[-6.161033,43.569797],[-6.160524,43.569775],[-6.160596,43.569502]]],[[[-6.167674,43.569162],[-6.167755,43.569295],[-6.167524,43.569383],[-6.167527,43.569202],[-6.167674,43.569162]]],[[[-6.780519,43.569153],[-6.781021,43.569263],[-6.781181,43.569446],[-6.780524,43.569432],[-6.780519,43.569153]]],[[[-6.171752,43.569238],[-6.171945,43.569377],[-6.171931,43.569584],[-6.171699,43.56942],[-6.171752,43.569238]]],[[[-6.949657,43.569592],[-6.950108,43.569675],[-6.95055,43.570749],[-6.949196,43.570112],[-6.949657,43.569592]]],[[[-6.891017,43.569275],[-6.891462,43.569845],[-6.890492,43.570166],[-6.890851,43.569397],[-6.891017,43.569275]]],[[[-6.870276,43.569476],[-6.870413,43.569678],[-6.870293,43.569736],[-6.870112,43.569616],[-6.870276,43.569476]]],[[[-6.167443,43.569484],[-6.167716,43.569494],[-6.167794,43.569564],[-6.167537,43.569616],[-6.167443,43.569484]]],[[[-6.764955,43.568974],[-6.765768,43.569308],[-6.765731,43.570101],[-6.764826,43.569888],[-6.764955,43.568974]]],[[[-6.170948,43.569504],[-6.171027,43.569583],[-6.170876,43.569776],[-6.170809,43.569679],[-6.170948,43.569504]]],[[[-6.168727,43.569403],[-6.169326,43.569495],[-6.169408,43.56988],[-6.168619,43.569955],[-6.168727,43.569403]]],[[[-6.171219,43.569478],[-6.171471,43.569552],[-6.171318,43.569935],[-6.171191,43.569884],[-6.171219,43.569478]]],[[[-6.462398,43.569602],[-6.462516,43.569724],[-6.462185,43.569789],[-6.462182,43.569735],[-6.462398,43.569602]]],[[[-6.162397,43.569597],[-6.1624,43.569894],[-6.162194,43.56998],[-6.162208,43.569773],[-6.162397,43.569597]]],[[[-6.167268,43.569687],[-6.167418,43.569719],[-6.167533,43.569787],[-6.167162,43.569798],[-6.167268,43.569687]]],[[[-6.86801,43.56967],[-6.868019,43.569813],[-6.867684,43.569996],[-6.86781,43.569829],[-6.86801,43.56967]]],[[[-6.461798,43.569728],[-6.46241,43.57025],[-6.461479,43.570647],[-6.461162,43.570297],[-6.461798,43.569728]]],[[[-6.951081,43.570911],[-6.951365,43.570901],[-6.951384,43.570999],[-6.951131,43.571107],[-6.951081,43.570911]]],[[[-6.865272,43.570618],[-6.86538,43.570758],[-6.865288,43.57086],[-6.865127,43.570668],[-6.865272,43.570618]]],[[[-6.935835,43.570681],[-6.935965,43.570785],[-6.93562,43.570815],[-6.93564,43.570733],[-6.935835,43.570681]]],[[[-6.783037,43.570402],[-6.78335,43.570662],[-6.783252,43.570872],[-6.782838,43.570796],[-6.783037,43.570402]]],[[[-6.295918,43.57044],[-6.296056,43.570463],[-6.296223,43.57081],[-6.29591,43.570738],[-6.295918,43.57044]]],[[[-6.295547,43.570451],[-6.295321,43.570845],[-6.295072,43.570807],[-6.295205,43.570524],[-6.295547,43.570451]]],[[[-6.473185,43.570499],[-6.473692,43.5707],[-6.473755,43.570932],[-6.472842,43.570779],[-6.473185,43.570499]]],[[[-6.891042,43.570057],[-6.890944,43.570844],[-6.889874,43.571717],[-6.889933,43.571094],[-6.891042,43.570057]]],[[[-6.853335,43.570607],[-6.85328,43.570915],[-6.853175,43.570829],[-6.853335,43.570607]]],[[[-6.47212,43.570711],[-6.472659,43.570821],[-6.47291,43.571092],[-6.471905,43.571069],[-6.47212,43.570711]]],[[[-6.85475,43.570857],[-6.854772,43.571009],[-6.854577,43.571051],[-6.854616,43.570888],[-6.85475,43.570857]]],[[[-6.296278,43.570907],[-6.296324,43.571059],[-6.296063,43.571057],[-6.296095,43.570957],[-6.296278,43.570907]]],[[[-6.935704,43.571532],[-6.936067,43.571781],[-6.935632,43.572138],[-6.935314,43.571816],[-6.935704,43.571532]]],[[[-6.932565,43.571055],[-6.932705,43.571104],[-6.933095,43.571586],[-6.932104,43.571575],[-6.932565,43.571055]]],[[[-6.866817,43.570763],[-6.86683,43.571159],[-6.866423,43.571371],[-6.866424,43.5712],[-6.866817,43.570763]]],[[[-6.76463,43.570912],[-6.764716,43.571287],[-6.764209,43.571511],[-6.764383,43.571109],[-6.76463,43.570912]]],[[[-6.2913,43.571132],[-6.291505,43.571252],[-6.291354,43.571436],[-6.291276,43.571376],[-6.2913,43.571132]]],[[[-6.47579,43.571212],[-6.476406,43.571382],[-6.476499,43.571496],[-6.476222,43.571631],[-6.47579,43.571212]]],[[[-6.623556,43.571408],[-6.623602,43.571559],[-6.623356,43.571585],[-6.623341,43.571532],[-6.623556,43.571408]]],[[[-6.295684,43.571365],[-6.295882,43.571585],[-6.295426,43.571625],[-6.2954,43.571383],[-6.295684,43.571365]]],[[[-6.290965,43.573158],[-6.291084,43.573299],[-6.290843,43.573423],[-6.290759,43.573254],[-6.290965,43.573158]]],[[[-6.626504,43.57307],[-6.626699,43.573217],[-6.626707,43.57336],[-6.626534,43.573366],[-6.626504,43.57307]]],[[[-6.626799,43.573853],[-6.627188,43.574147],[-6.627209,43.574281],[-6.626862,43.574292],[-6.626799,43.573853]]],[[[-6.942975,43.573829],[-6.943218,43.574136],[-6.942911,43.574362],[-6.942718,43.574063],[-6.942975,43.573829]]],[[[-6.292009,43.57392],[-6.29225,43.574238],[-6.291678,43.574434],[-6.291664,43.574182],[-6.292009,43.57392]]],[[[-6.947678,43.574918],[-6.94789,43.574947],[-6.947892,43.574982],[-6.947677,43.575098],[-6.947678,43.574918]]],[[[-6.947206,43.573773],[-6.947689,43.574143],[-6.946856,43.574856],[-6.946755,43.574067],[-6.947206,43.573773]]],[[[-6.947848,43.574489],[-6.947835,43.574669],[-6.947508,43.574789],[-6.947492,43.574726],[-6.947848,43.574489]]],[[[-6.942958,43.574523],[-6.942915,43.574803],[-6.94269,43.574964],[-6.942778,43.574601],[-6.942958,43.574523]]],[[[-6.277535,43.574652],[-6.277735,43.574682],[-6.277777,43.57478],[-6.277556,43.574804],[-6.277535,43.574652]]],[[[-6.62568,43.5746],[-6.626338,43.57484],[-6.62642,43.575179],[-6.6258,43.575163],[-6.62568,43.5746]]],[[[-6.942609,43.573347],[-6.942931,43.573723],[-6.942262,43.573728],[-6.942304,43.573609],[-6.942609,43.573347]]],[[[-6.291454,43.573495],[-6.291603,43.573518],[-6.291562,43.573672],[-6.291387,43.573632],[-6.291454,43.573495]]],[[[-6.291082,43.573722],[-6.29122,43.573754],[-6.291178,43.57389],[-6.291002,43.57385],[-6.291082,43.573722]]],[[[-6.76667,43.573627],[-6.76808,43.574399],[-6.768223,43.57471],[-6.766149,43.573824],[-6.76667,43.573627]]],[[[-6.291297,43.572221],[-6.291554,43.572376],[-6.291477,43.572567],[-6.291185,43.572423],[-6.291297,43.572221]]],[[[-6.938653,43.571737],[-6.938918,43.572015],[-6.938089,43.572206],[-6.938125,43.571998],[-6.938653,43.571737]]],[[[-6.91335,43.571689],[-6.913775,43.571935],[-6.913269,43.572349],[-6.912998,43.571989],[-6.91335,43.571689]]],[[[-6.293378,43.571324],[-6.294182,43.57176],[-6.295031,43.571871],[-6.292694,43.572856],[-6.293378,43.571324]]],[[[-6.628091,43.572488],[-6.628222,43.572592],[-6.627828,43.572632],[-6.627982,43.572528],[-6.628091,43.572488]]],[[[-6.891943,43.572304],[-6.892004,43.572491],[-6.891447,43.572879],[-6.891654,43.572431],[-6.891943,43.572304]]],[[[-6.28515,43.572812],[-6.285411,43.572823],[-6.285478,43.572911],[-6.284995,43.572916],[-6.28515,43.572812]]],[[[-6.287791,43.572403],[-6.288091,43.572683],[-6.287768,43.572899],[-6.287557,43.572671],[-6.287791,43.572403]]],[[[-6.295086,43.572427],[-6.295404,43.572805],[-6.294756,43.572959],[-6.294665,43.572655],[-6.295086,43.572427]]],[[[-6.627746,43.572724],[-6.627757,43.572895],[-6.62745,43.572941],[-6.627479,43.572814],[-6.627746,43.572724]]],[[[-6.284378,43.572727],[-6.284199,43.573533],[-6.2837,43.573475],[-6.283732,43.572925],[-6.284378,43.572727]]],[[[-6.275949,43.576237],[-6.276154,43.576348],[-6.276098,43.576458],[-6.275848,43.576429],[-6.275949,43.576237]]],[[[-6.948382,43.576982],[-6.948384,43.577198],[-6.948122,43.57736],[-6.948225,43.577042],[-6.948382,43.576982]]],[[[-6.948532,43.577382],[-6.948517,43.577716],[-6.948144,43.577882],[-6.948338,43.577443],[-6.948532,43.577382]]],[[[-6.948794,43.576455],[-6.948813,43.576751],[-6.948466,43.576745],[-6.948611,43.576506],[-6.948794,43.576455]]],[[[-6.267074,43.579066],[-6.267717,43.579273],[-6.267898,43.579871],[-6.267347,43.579761],[-6.267074,43.579066]]],[[[-6.275786,43.57779],[-6.275951,43.577858],[-6.275945,43.577975],[-6.275673,43.577983],[-6.275786,43.57779]]],[[[-6.268541,43.582139],[-6.268915,43.582174],[-6.268931,43.582245],[-6.268628,43.582371],[-6.268541,43.582139]]],[[[-6.266807,43.581226],[-6.266945,43.581708],[-6.266613,43.581762],[-6.266483,43.581649],[-6.266807,43.581226]]],[[[-6.271166,43.58418],[-6.27134,43.584652],[-6.270455,43.584777],[-6.27059,43.584287],[-6.271166,43.58418]]],[[[-6.272345,43.583309],[-6.272431,43.583973],[-6.271146,43.583812],[-6.271538,43.583503],[-6.272345,43.583309]]],[[[-6.251103,43.583997],[-6.251416,43.584276],[-6.250863,43.584355],[-6.250935,43.584083],[-6.251103,43.583997]]],[[[-6.251419,43.582961],[-6.251541,43.583147],[-6.251102,43.583285],[-6.251086,43.583223],[-6.251419,43.582961]]],[[[-6.277335,43.575072],[-6.277498,43.575103],[-6.27754,43.575201],[-6.277168,43.575185],[-6.277335,43.575072]]],[[[-6.292653,43.574829],[-6.292859,43.575192],[-6.292396,43.575341],[-6.292429,43.575034],[-6.292653,43.574829]]],[[[-6.280875,43.574817],[-6.28131,43.575291],[-6.280475,43.575648],[-6.280226,43.575169],[-6.280875,43.574817]]],[[[-6.94956,43.575492],[-6.949804,43.575997],[-6.948907,43.5761],[-6.949154,43.575722],[-6.94956,43.575492]]],[[[-6.018609,43.588245],[-6.01863,43.588433],[-6.018394,43.588412],[-6.018473,43.588266],[-6.018609,43.588245]]],[[[-6.033776,43.588356],[-6.033877,43.588407],[-6.033647,43.588512],[-6.033655,43.588422],[-6.033776,43.588356]]],[[[-6.019728,43.588341],[-6.019811,43.588501],[-6.019565,43.588543],[-6.01961,43.588443],[-6.019728,43.588341]]],[[[-6.019059,43.587836],[-6.019164,43.587951],[-6.018957,43.588019],[-6.01899,43.587946],[-6.019059,43.587836]]],[[[-6.023297,43.587868],[-6.023452,43.588008],[-6.02342,43.588108],[-6.023201,43.587934],[-6.023297,43.587868]]],[[[-6.020819,43.587862],[-6.021021,43.587938],[-6.020976,43.588029],[-6.020749,43.587945],[-6.020819,43.587862]]],[[[-6.020231,43.587995],[-6.020336,43.588118],[-6.019986,43.588289],[-6.019968,43.588191],[-6.020231,43.587995]]],[[[-6.033428,43.588581],[-6.033481,43.588661],[-6.033386,43.588726],[-6.033321,43.588665],[-6.033428,43.588581]]],[[[-6.030503,43.589775],[-6.030474,43.589947],[-6.030361,43.589923],[-6.030367,43.589797],[-6.030503,43.589775]]],[[[-6.243098,43.595198],[-6.244623,43.595481],[-6.244405,43.596228],[-6.242731,43.596197],[-6.243098,43.595198]]],[[[-6.234068,43.591077],[-6.234026,43.591943],[-6.233508,43.592037],[-6.233637,43.591658],[-6.234068,43.591077]]],[[[-6.231856,43.591273],[-6.232509,43.59165],[-6.23205,43.592735],[-6.231359,43.592394],[-6.231856,43.591273]]],[[[-6.226741,43.589931],[-6.227376,43.591123],[-6.227061,43.591582],[-6.226302,43.590877],[-6.226741,43.589931]]],[[[-6.033687,43.588808],[-6.033535,43.591442],[-6.030535,43.591908],[-6.031712,43.589194],[-6.033687,43.588808]]],[[[-6.03285,43.591622],[-6.033256,43.591818],[-6.032226,43.592773],[-6.032524,43.591801],[-6.03285,43.591622]]],[[[-6.149536,43.571366],[-6.149663,43.571425],[-6.149685,43.571614],[-6.149472,43.571556],[-6.149536,43.571366]]],[[[-6.15005,43.570298],[-6.150282,43.570697],[-6.150123,43.570971],[-6.149859,43.570898],[-6.15005,43.570298]]],[[[-6.162112,43.570541],[-6.162236,43.570556],[-6.162127,43.570829],[-6.162024,43.570759],[-6.162112,43.570541]]],[[[-6.153906,43.570858],[-6.154007,43.571125],[-6.153923,43.571191],[-6.153779,43.571041],[-6.153906,43.570858]]],[[[-6.166422,43.570557],[-6.166682,43.570801],[-6.166321,43.570992],[-6.166232,43.570706],[-6.166422,43.570557]]],[[[-6.166867,43.571247],[-6.167005,43.571288],[-6.166978,43.571487],[-6.166864,43.571436],[-6.166867,43.571247]]],[[[-6.149917,43.572021],[-6.149859,43.572329],[-6.149738,43.572377],[-6.149751,43.572161],[-6.149917,43.572021]]],[[[-6.166967,43.572207],[-6.167073,43.572339],[-6.166829,43.572409],[-6.16682,43.572247],[-6.166967,43.572207]]],[[[-6.166374,43.572719],[-6.166524,43.572967],[-6.166306,43.573063],[-6.166266,43.572785],[-6.166374,43.572719]]],[[[-5.993078,43.576743],[-5.993317,43.576809],[-5.993522,43.576939],[-5.993172,43.577128],[-5.993078,43.576743]]],[[[-6.194554,43.576823],[-6.194801,43.57705],[-6.19475,43.577259],[-6.194466,43.577042],[-6.194554,43.576823]]],[[[-6.19463,43.578505],[-6.194567,43.578722],[-6.194342,43.578675],[-6.194459,43.578545],[-6.19463,43.578505]]],[[[-5.968397,43.581043],[-5.968375,43.58135],[-5.968103,43.581375],[-5.968294,43.581217],[-5.968397,43.581043]]],[[[-5.970302,43.580741],[-5.970404,43.580802],[-5.970204,43.580771],[-5.970302,43.580741]]],[[[-6.192627,43.582306],[-6.192514,43.582516],[-6.192316,43.582522],[-6.192359,43.582395],[-6.192627,43.582306]]],[[[-6.192173,43.580518],[-6.193492,43.580868],[-6.193041,43.581943],[-6.191748,43.582088],[-6.192173,43.580518]]],[[[-6.037169,43.580955],[-6.037526,43.581152],[-6.03758,43.581241],[-6.037192,43.581161],[-6.037169,43.580955]]],[[[-6.03795,43.581708],[-6.038189,43.581774],[-6.038206,43.581881],[-6.03796,43.581906],[-6.03795,43.581708]]],[[[-6.191178,43.581149],[-6.191397,43.581773],[-6.191148,43.581978],[-6.190887,43.581499],[-6.191178,43.581149]]],[[[-6.190884,43.582148],[-6.191467,43.582158],[-6.191274,43.582497],[-6.190884,43.582148]]],[[[-6.002867,43.579584],[-6.003066,43.57984],[-6.002868,43.580097],[-6.002709,43.579885],[-6.002867,43.579584]]],[[[-6.036792,43.579857],[-6.036872,43.579981],[-6.036457,43.5801],[-6.036538,43.579981],[-6.036792,43.579857]]],[[[-6.191129,43.57998],[-6.191265,43.579976],[-6.191189,43.580185],[-6.191087,43.580125],[-6.191129,43.57998]]],[[[-6.190794,43.579962],[-6.190917,43.579959],[-6.190828,43.580141],[-6.190738,43.580081],[-6.190794,43.579962]]],[[[-6.037517,43.579757],[-6.03774,43.580003],[-6.037636,43.580393],[-6.037385,43.580076],[-6.037517,43.579757]]],[[[-6.188774,43.579938],[-6.188927,43.580032],[-6.188768,43.580307],[-6.188655,43.580274],[-6.188774,43.579938]]],[[[-6.036251,43.580196],[-6.036296,43.580348],[-6.036052,43.580408],[-6.036033,43.580292],[-6.036251,43.580196]]],[[[-6.034906,43.583491],[-6.035043,43.583757],[-6.034922,43.583815],[-6.03477,43.583503],[-6.034906,43.583491]]],[[[-6.03543,43.583567],[-6.03566,43.583714],[-6.035733,43.583928],[-6.035256,43.583797],[-6.03543,43.583567]]],[[[-6.032629,43.584524],[-6.032744,43.584584],[-6.032834,43.584653],[-6.032625,43.584686],[-6.032629,43.584524]]],[[[-6.036842,43.584052],[-6.036995,43.584381],[-6.036773,43.584414],[-6.036732,43.584091],[-6.036842,43.584052]]],[[[-6.208624,43.584874],[-6.208974,43.58519],[-6.20884,43.585742],[-6.208626,43.585546],[-6.208624,43.584874]]],[[[-6.034524,43.584762],[-6.034638,43.584813],[-6.034598,43.585003],[-6.034471,43.584943],[-6.034524,43.584762]]],[[[-6.028712,43.586672],[-6.029022,43.58669],[-6.028442,43.586733],[-6.028712,43.586672]]],[[[-6.027983,43.586718],[-6.028116,43.586894],[-6.02768,43.586852],[-6.027838,43.586785],[-6.027983,43.586718]]],[[[-6.019503,43.587555],[-6.019618,43.587615],[-6.019399,43.587701],[-6.019395,43.587629],[-6.019503,43.587555]]],[[[-6.027779,43.587579],[-6.028175,43.587577],[-6.028289,43.587637],[-6.027922,43.58771],[-6.027779,43.587579]]],[[[-6.025014,43.587535],[-6.025146,43.587684],[-6.024952,43.58778],[-6.024854,43.587548],[-6.025014,43.587535]]],[[[-6.024814,43.587],[-6.02497,43.58714],[-6.024387,43.587371],[-6.024336,43.587103],[-6.024814,43.587]]],[[[-6.023742,43.587118],[-6.023822,43.587224],[-6.023549,43.587222],[-6.023608,43.587158],[-6.023742,43.587118]]],[[[-6.024723,43.586426],[-6.024872,43.586431],[-6.024681,43.586571],[-6.024615,43.586492],[-6.024723,43.586426]]],[[[-6.022451,43.586558],[-6.022655,43.58667],[-6.022521,43.586962],[-6.022344,43.586651],[-6.022451,43.586558]]],[[[-6.190774,43.582628],[-6.190824,43.582888],[-6.190591,43.58293],[-6.19057,43.582769],[-6.190774,43.582628]]],[[[-6.037091,43.582857],[-6.037173,43.58326],[-6.037052,43.583317],[-6.036794,43.583099],[-6.037091,43.582857]]],[[[-6.053153,43.575247],[-6.05355,43.575582],[-6.053238,43.575581],[-6.053153,43.575247]]],[[[-6.020963,43.587516],[-6.020945,43.587652],[-6.020448,43.587881],[-6.020565,43.587725],[-6.020963,43.587516]]]]}},{"type":"Feature","properties":{"name":"Ávila","mapcolor":10,"cartodb_id":10},"geometry":{"type":"MultiPolygon","coordinates":[[[[-4.461321,40.339786],[-4.453813,40.333094],[-4.455761,40.319352],[-4.502653,40.31487],[-4.526787,40.344873],[-4.546225,40.341825],[-4.529379,40.293125],[-4.555414,40.276851],[-4.556648,40.264372],[-4.569538,40.257284],[-4.560907,40.222794],[-4.61675,40.199999],[-4.654296,40.198048],[-4.686452,40.210762],[-4.686567,40.235778],[-4.693681,40.24107],[-4.687204,40.249606],[-4.702889,40.261385],[-4.694147,40.266387],[-4.698141,40.282192],[-4.728604,40.270516],[-4.742627,40.275279],[-4.76159,40.260902],[-4.803469,40.275265],[-4.818245,40.254774],[-4.807675,40.235319],[-4.822141,40.229912],[-4.821063,40.223019],[-4.835411,40.212505],[-4.863934,40.204508],[-4.878345,40.190294],[-4.924675,40.169984],[-4.91796,40.153781],[-4.925454,40.136036],[-4.956293,40.133348],[-4.954546,40.121126],[-5.013344,40.111056],[-5.006672,40.129936],[-5.018542,40.159053],[-5.027046,40.158382],[-5.068128,40.150287],[-5.087772,40.124323],[-5.101133,40.127225],[-5.141411,40.091751],[-5.199792,40.08245],[-5.211397,40.091688],[-5.215311,40.107847],[-5.314062,40.106916],[-5.335977,40.115818],[-5.367995,40.164109],[-5.364095,40.202617],[-5.36967,40.218312],[-5.358747,40.227282],[-5.344409,40.264758],[-5.39565,40.250296],[-5.429097,40.252607],[-5.439772,40.233628],[-5.468071,40.224155],[-5.47091,40.207853],[-5.530964,40.194719],[-5.61004,40.215481],[-5.618905,40.223856],[-5.613686,40.233279],[-5.622,40.245881],[-5.649199,40.24972],[-5.660001,40.257768],[-5.656698,40.270401],[-5.692662,40.292106],[-5.737562,40.294123],[-5.714319,40.325306],[-5.673031,40.348535],[-5.686359,40.355369],[-5.687014,40.375711],[-5.67844,40.387016],[-5.691189,40.421994],[-5.656555,40.436802],[-5.634173,40.460446],[-5.560924,40.477099],[-5.559945,40.462817],[-5.574602,40.444251],[-5.544753,40.423095],[-5.525927,40.422364],[-5.51147,40.426292],[-5.51063,40.442055],[-5.520256,40.447881],[-5.509831,40.463664],[-5.482555,40.456678],[-5.465547,40.465915],[-5.461954,40.491186],[-5.452361,40.494092],[-5.446992,40.520022],[-5.43345,40.532973],[-5.428508,40.564468],[-5.481584,40.556719],[-5.524692,40.540733],[-5.529178,40.552327],[-5.516295,40.567795],[-5.516222,40.585379],[-5.50086,40.597351],[-5.499658,40.581587],[-5.44765,40.579593],[-5.419372,40.607897],[-5.382954,40.62076],[-5.373167,40.638806],[-5.378418,40.64549],[-5.365892,40.648774],[-5.385807,40.663344],[-5.385457,40.671449],[-5.337162,40.689272],[-5.328755,40.705422],[-5.292844,40.710266],[-5.249944,40.742881],[-5.214437,40.757827],[-5.218992,40.772972],[-5.184412,40.788692],[-5.17763,40.805269],[-5.161507,40.814003],[-5.157471,40.824113],[-5.168958,40.839994],[-5.163809,40.868384],[-5.130054,40.900323],[-5.115045,40.902806],[-5.111272,40.915558],[-5.127601,40.954116],[-5.104841,40.960254],[-5.096471,40.978485],[-5.099639,40.989569],[-5.089841,40.996629],[-5.106605,41.029499],[-5.146543,41.043642],[-5.152993,41.063744],[-5.148586,41.092154],[-5.129166,41.105378],[-5.124043,41.135601],[-5.111443,41.135013],[-5.100129,41.1471],[-5.059862,41.138622],[-5.021776,41.153555],[-5.013857,41.16425],[-4.96761,41.152304],[-4.962969,41.140115],[-4.950809,41.140709],[-4.863677,41.094015],[-4.855556,41.100731],[-4.814966,41.103449],[-4.813524,41.129377],[-4.786188,41.143559],[-4.722102,41.149318],[-4.716721,41.132644],[-4.724561,41.122655],[-4.710029,41.099272],[-4.717885,41.090003],[-4.70715,41.088776],[-4.716513,41.071585],[-4.71272,41.062102],[-4.703247,41.052433],[-4.680136,41.050917],[-4.638289,41.031306],[-4.617248,41.003652],[-4.606748,40.970803],[-4.566352,40.956199],[-4.55245,40.907465],[-4.559565,40.885849],[-4.535313,40.872374],[-4.531567,40.858642],[-4.549858,40.853353],[-4.556708,40.836334],[-4.546388,40.825547],[-4.493773,40.833518],[-4.473178,40.800048],[-4.48156,40.788365],[-4.472655,40.782777],[-4.473838,40.774654],[-4.431127,40.742384],[-4.426887,40.729618],[-4.434684,40.706172],[-4.422107,40.675259],[-4.419623,40.633428],[-4.332631,40.637131],[-4.328137,40.647263],[-4.256039,40.651461],[-4.253876,40.661891],[-4.273987,40.679943],[-4.252903,40.689533],[-4.183312,40.69805],[-4.160234,40.689823],[-4.173521,40.673976],[-4.166574,40.652663],[-4.172853,40.630362],[-4.161183,40.623465],[-4.245439,40.602447],[-4.262141,40.60518],[-4.271102,40.629023],[-4.290709,40.627823],[-4.290061,40.607677],[-4.278572,40.603172],[-4.289262,40.564194],[-4.323704,40.549582],[-4.328218,40.533757],[-4.320127,40.530595],[-4.327372,40.507225],[-4.315679,40.464766],[-4.325241,40.460101],[-4.319704,40.45198],[-4.332225,40.448767],[-4.341252,40.428678],[-4.323497,40.423465],[-4.321089,40.410309],[-4.415537,40.409602],[-4.443729,40.3857],[-4.439433,40.350763],[-4.461321,40.339786]]]]}},{"type":"Feature","properties":{"name":"Badajoz","mapcolor":46,"cartodb_id":46},"geometry":{"type":"MultiPolygon","coordinates":[[[[-6.924769,38.205278],[-6.938135,38.207163],[-6.93647,38.220523],[-6.946438,38.211883],[-6.956742,38.216832],[-6.971846,38.20236],[-6.98322,38.211233],[-7.01121,38.204551],[-7.010075,38.196357],[-7.028572,38.182636],[-7.04324,38.187256],[-7.059143,38.177708],[-7.056595,38.185876],[-7.066391,38.186572],[-7.066762,38.178687],[-7.085606,38.169395],[-7.107865,38.188063],[-7.117354,38.213877],[-7.142872,38.240476],[-7.150557,38.275744],[-7.169611,38.279273],[-7.201765,38.328561],[-7.270925,38.394993],[-7.280525,38.420346],[-7.316545,38.439809],[-7.335962,38.435155],[-7.315267,38.449286],[-7.314135,38.460657],[-7.295576,38.477767],[-7.301108,38.483706],[-7.313522,38.474765],[-7.32262,38.47823],[-7.313962,38.513773],[-7.30207,38.527162],[-7.303038,38.544913],[-7.285232,38.574685],[-7.263742,38.588413],[-7.257117,38.611998],[-7.244132,38.62363],[-7.264985,38.628526],[-7.269694,38.638792],[-7.266794,38.690089],[-7.255303,38.725894],[-7.20338,38.750544],[-7.192523,38.767632],[-7.160891,38.780752],[-7.128549,38.813847],[-7.089168,38.818873],[-7.068319,38.853818],[-7.039338,38.864778],[-7.033137,38.879178],[-7.052036,38.907164],[-7.026923,38.923957],[-6.951315,39.023998],[-6.967881,39.039818],[-6.962416,39.061035],[-6.995871,39.09926],[-7.039096,39.118384],[-7.105797,39.099316],[-7.143806,39.109254],[-7.149515,39.122407],[-7.136102,39.145085],[-7.134586,39.171095],[-7.208111,39.187318],[-7.241353,39.208544],[-7.247776,39.253952],[-7.231396,39.278361],[-7.203858,39.265698],[-7.155199,39.314451],[-7.155416,39.329664],[-7.168511,39.320152],[-7.177832,39.331219],[-7.154297,39.367511],[-7.118873,39.38366],[-7.073875,39.381221],[-7.062969,39.372272],[-7.079124,39.351415],[-7.098588,39.359124],[-7.102099,39.346373],[-7.082853,39.335568],[-7.077166,39.310181],[-7.044128,39.326925],[-7.048022,39.333508],[-7.029828,39.351505],[-7.032613,39.367638],[-7.009267,39.388485],[-7.067025,39.414297],[-7.049385,39.436673],[-6.995381,39.424565],[-6.946808,39.400774],[-6.883225,39.38276],[-6.80207,39.389497],[-6.790977,39.36836],[-6.797006,39.344511],[-6.746746,39.321751],[-6.761175,39.276611],[-6.800859,39.239419],[-6.792934,39.211864],[-6.767502,39.188372],[-6.75064,39.194041],[-6.681001,39.177152],[-6.659735,39.19907],[-6.633366,39.196843],[-6.580096,39.179795],[-6.5844,39.171115],[-6.574101,39.167693],[-6.574253,39.158357],[-6.539945,39.155262],[-6.540357,39.181695],[-6.491124,39.167924],[-6.438687,39.175844],[-6.4151,39.165773],[-6.371695,39.162351],[-6.353187,39.179171],[-6.324171,39.186571],[-6.307702,39.147257],[-6.31197,39.111041],[-6.29485,39.097798],[-6.230915,39.089736],[-6.202934,39.057079],[-6.158848,39.055934],[-6.142168,39.031486],[-6.078652,39.09373],[-6.018604,39.129119],[-6.009308,39.052525],[-5.981689,39.068865],[-5.942289,39.108514],[-5.926658,39.104638],[-5.925541,39.093846],[-5.937643,39.083785],[-5.924695,39.083183],[-5.872081,39.104284],[-5.83345,39.110329],[-5.816434,39.11975],[-5.819254,39.129862],[-5.810367,39.144581],[-5.755177,39.132296],[-5.687045,39.082058],[-5.670624,39.080957],[-5.645936,39.102323],[-5.604401,39.100394],[-5.583623,39.118109],[-5.601967,39.128503],[-5.600875,39.134347],[-5.582786,39.139498],[-5.576561,39.150906],[-5.613244,39.188216],[-5.551013,39.215876],[-5.528145,39.191473],[-5.514578,39.209713],[-5.501106,39.188381],[-5.459841,39.158366],[-5.428601,39.162535],[-5.412671,39.156956],[-5.384022,39.174186],[-5.367255,39.212962],[-5.349053,39.233557],[-5.355377,39.267791],[-5.339904,39.333554],[-5.283088,39.319522],[-5.24762,39.301824],[-5.153427,39.319695],[-5.123546,39.336498],[-5.111857,39.357513],[-5.113585,39.387466],[-5.08987,39.390363],[-5.053835,39.362426],[-5.019602,39.368287],[-5.008885,39.378275],[-4.984642,39.371609],[-4.969092,39.383343],[-4.974033,39.394684],[-4.936473,39.396099],[-4.902002,39.374503],[-4.870935,39.368313],[-4.86071,39.379739],[-4.845546,39.379206],[-4.810434,39.39657],[-4.774614,39.397194],[-4.75489,39.416423],[-4.690277,39.451789],[-4.668962,39.423928],[-4.704262,39.364441],[-4.707083,39.327984],[-4.761096,39.320718],[-4.733681,39.252543],[-4.713548,39.244317],[-4.708229,39.209868],[-4.665164,39.186119],[-4.64897,39.164905],[-4.742549,39.19452],[-4.77364,39.1895],[-4.810273,39.199416],[-4.832222,39.175078],[-4.831559,39.164231],[-4.853171,39.152438],[-4.856872,39.123276],[-4.874404,39.100434],[-4.858416,39.076831],[-4.826935,39.064119],[-4.832793,39.04616],[-4.849172,39.045505],[-4.86099,39.031783],[-4.879987,39.032425],[-4.935134,39.056418],[-4.962504,39.058727],[-4.93367,38.975576],[-4.918221,38.957045],[-4.905072,38.963306],[-4.881686,38.949224],[-4.832415,38.938907],[-4.847319,38.882403],[-4.91494,38.88744],[-4.943484,38.854378],[-4.961241,38.78845],[-4.989994,38.739758],[-5.038832,38.733311],[-5.09919,38.707653],[-5.119001,38.716144],[-5.166607,38.711667],[-5.184505,38.719695],[-5.167322,38.680469],[-5.185764,38.67417],[-5.179071,38.665726],[-5.184233,38.659728],[-5.196876,38.667303],[-5.199984,38.656567],[-5.208485,38.667697],[-5.214745,38.648567],[-5.223775,38.656712],[-5.222908,38.648349],[-5.239115,38.63675],[-5.247461,38.639843],[-5.244699,38.632327],[-5.253996,38.633194],[-5.254428,38.625725],[-5.292237,38.610808],[-5.310231,38.593578],[-5.308514,38.577619],[-5.371748,38.583572],[-5.375686,38.568265],[-5.389807,38.562175],[-5.383577,38.55595],[-5.39272,38.553483],[-5.383169,38.540478],[-5.406932,38.543695],[-5.403426,38.53628],[-5.416025,38.530209],[-5.409429,38.521245],[-5.418617,38.51273],[-5.42781,38.514639],[-5.434643,38.504387],[-5.479519,38.484254],[-5.4846,38.462952],[-5.491708,38.466374],[-5.50503,38.456824],[-5.519723,38.463289],[-5.568135,38.433393],[-5.584493,38.400281],[-5.585066,38.385843],[-5.559248,38.366885],[-5.566911,38.362546],[-5.575648,38.329106],[-5.555528,38.317734],[-5.544398,38.282332],[-5.525958,38.264124],[-5.520377,38.208442],[-5.538707,38.200605],[-5.539673,38.160685],[-5.550681,38.160555],[-5.560099,38.148564],[-5.57586,38.149643],[-5.584789,38.131706],[-5.632501,38.138557],[-5.693631,38.08374],[-5.710426,38.081047],[-5.7349,38.086255],[-5.740737,38.126539],[-5.736002,38.135353],[-5.715412,38.133831],[-5.694711,38.150346],[-5.705786,38.169382],[-5.695006,38.17109],[-5.684243,38.157064],[-5.688612,38.181877],[-5.698953,38.180919],[-5.69473,38.186521],[-5.713496,38.185855],[-5.728162,38.197417],[-5.75728,38.180564],[-5.781704,38.18588],[-5.799433,38.174584],[-5.851523,38.171906],[-5.856236,38.161664],[-5.877376,38.155715],[-5.880665,38.132281],[-5.912519,38.122972],[-5.926378,38.105013],[-5.929304,38.089209],[-5.91081,38.078199],[-5.908982,38.062846],[-5.919278,38.049797],[-5.934224,38.046875],[-5.932761,38.030765],[-5.953688,37.995346],[-5.993503,37.999546],[-6.017102,37.991122],[-6.046948,37.997344],[-6.077851,37.984628],[-6.115307,37.981767],[-6.167815,37.955822],[-6.18024,37.941026],[-6.195989,37.948744],[-6.201517,37.962062],[-6.23401,37.95802],[-6.252576,37.971589],[-6.303625,37.978337],[-6.352706,38.007398],[-6.367246,38.048919],[-6.390111,38.048432],[-6.413902,38.058563],[-6.452439,38.055959],[-6.443609,38.046957],[-6.46962,38.03112],[-6.472595,38.016465],[-6.465322,38.011211],[-6.47656,38.007834],[-6.491735,38.009465],[-6.495041,38.019133],[-6.545693,38.028119],[-6.583581,38.021285],[-6.580526,38.052772],[-6.622104,38.097008],[-6.642056,38.097534],[-6.649297,38.090022],[-6.653027,38.096482],[-6.688667,38.100232],[-6.715041,38.092491],[-6.71975,38.10062],[-6.729394,38.099504],[-6.731991,38.090053],[-6.758217,38.092711],[-6.770087,38.099456],[-6.764929,38.105999],[-6.773639,38.104666],[-6.770055,38.112113],[-6.80782,38.11111],[-6.815815,38.120138],[-6.79954,38.143798],[-6.795092,38.178541],[-6.848429,38.177236],[-6.924769,38.205278]]]]}},{"type":"Feature","properties":{"name":"Barcelona","mapcolor":45,"cartodb_id":45},"geometry":{"type":"MultiPolygon","coordinates":[[[[1.689197,42.101918],[1.689102,42.101905],[1.688943,42.101937],[1.68916,42.102047],[1.689197,42.101918]]],[[[1.644495,42.111473],[1.681687,42.11428],[1.695511,42.108157],[1.678828,42.103274],[1.644495,42.111473]]],[[[2.046574,41.270313],[1.935049,41.262438],[1.865781,41.236566],[1.81495,41.235962],[1.788575,41.223685],[1.742547,41.21813],[1.737953,41.210828],[1.73219,41.207302],[1.735688,41.216108],[1.72821,41.214939],[1.729174,41.207975],[1.715501,41.211481],[1.679194,41.19945],[1.657606,41.196778],[1.656907,41.193826],[1.647237,41.192777],[1.653214,41.194192],[1.654796,41.195992],[1.654772,41.196992],[1.642244,41.199525],[1.641238,41.211748],[1.653151,41.207412],[1.640979,41.235366],[1.624011,41.222941],[1.583106,41.236078],[1.570156,41.260734],[1.594303,41.258969],[1.605966,41.250389],[1.619705,41.2537],[1.627458,41.269524],[1.620006,41.277063],[1.629184,41.28278],[1.627781,41.294659],[1.636791,41.295952],[1.616365,41.29311],[1.612056,41.285162],[1.588222,41.293562],[1.595505,41.308848],[1.57475,41.315151],[1.559079,41.343324],[1.578186,41.353429],[1.57796,41.362457],[1.552157,41.368112],[1.537017,41.385343],[1.509289,41.394439],[1.47304,41.380758],[1.490165,41.401483],[1.475096,41.429452],[1.495201,41.435609],[1.47566,41.436093],[1.468484,41.443963],[1.483178,41.457833],[1.484562,41.474922],[1.473933,41.486259],[1.451955,41.486357],[1.446045,41.494815],[1.396347,41.512893],[1.408723,41.534928],[1.448583,41.537072],[1.446723,41.552388],[1.431028,41.555661],[1.454483,41.569186],[1.419681,41.582606],[1.392531,41.5752],[1.407774,41.590739],[1.407334,41.600335],[1.360397,41.613612],[1.3915,41.634326],[1.430568,41.629816],[1.450802,41.639875],[1.4155,41.674695],[1.42331,41.684084],[1.404224,41.686162],[1.403928,41.694477],[1.395814,41.695651],[1.400211,41.704323],[1.381901,41.706848],[1.424467,41.732671],[1.402884,41.74556],[1.416583,41.794947],[1.427206,41.801971],[1.47133,41.800584],[1.473054,41.782561],[1.460869,41.776485],[1.468897,41.77076],[1.484199,41.771836],[1.482803,41.791069],[1.501138,41.789552],[1.510865,41.770802],[1.532671,41.763758],[1.530718,41.752592],[1.572577,41.782151],[1.593595,41.777928],[1.599827,41.789032],[1.58881,41.804725],[1.611457,41.817772],[1.610008,41.836126],[1.631457,41.844715],[1.630307,41.85878],[1.619045,41.881571],[1.601335,41.884288],[1.583142,41.87347],[1.568535,41.879799],[1.576026,41.891019],[1.585955,41.888277],[1.63753,41.926778],[1.651206,41.926677],[1.642412,41.940528],[1.650187,41.944852],[1.644101,41.963922],[1.648835,41.979664],[1.674341,41.982744],[1.667778,41.970307],[1.682405,41.967652],[1.719306,41.985005],[1.712448,41.992533],[1.717431,41.999954],[1.698667,42.013805],[1.69009,42.005107],[1.69743,41.985676],[1.684766,41.995132],[1.66219,41.991124],[1.657698,42.002914],[1.652032,41.991976],[1.647067,41.999933],[1.658354,42.021889],[1.664404,42.021622],[1.666338,42.003008],[1.669975,42.015662],[1.6997,42.028875],[1.692696,42.045551],[1.682822,42.048428],[1.679466,42.038219],[1.672126,42.04077],[1.674626,42.058649],[1.691133,42.075403],[1.691181,42.08679],[1.707628,42.082435],[1.722147,42.091284],[1.722873,42.10008],[1.70445,42.105981],[1.712296,42.119027],[1.69849,42.134596],[1.713795,42.154716],[1.723972,42.152621],[1.738319,42.163233],[1.738045,42.189421],[1.72157,42.196096],[1.707175,42.189923],[1.680354,42.20624],[1.680397,42.224362],[1.70457,42.238819],[1.68461,42.256439],[1.695058,42.263839],[1.69014,42.277105],[1.672112,42.280201],[1.675056,42.285906],[1.729316,42.283478],[1.740727,42.290596],[1.778994,42.290868],[1.90312,42.323301],[1.939284,42.316469],[1.943242,42.308466],[1.949508,42.315667],[1.983584,42.298016],[2.018716,42.310335],[2.069317,42.290991],[2.042448,42.26934],[2.028018,42.252675],[2.024795,42.232618],[2.017029,42.23218],[2.029996,42.215648],[2.053105,42.219449],[2.052192,42.195421],[2.063417,42.191518],[2.05778,42.174689],[2.037379,42.178664],[2.028001,42.166636],[2.004655,42.162459],[1.995899,42.172007],[2.005863,42.182992],[1.997669,42.191345],[2.007734,42.193636],[1.964653,42.198826],[1.965545,42.178745],[1.991832,42.182134],[1.990456,42.171388],[2.004092,42.149751],[2.027651,42.152817],[2.060524,42.135178],[2.09225,42.144404],[2.101329,42.139837],[2.099776,42.124469],[2.125669,42.112341],[2.14357,42.130919],[2.180918,42.135253],[2.188732,42.124287],[2.200666,42.123902],[2.203716,42.131458],[2.212977,42.128902],[2.205285,42.133608],[2.214486,42.141943],[2.257535,42.138629],[2.26987,42.145011],[2.291538,42.129214],[2.300037,42.133872],[2.303744,42.112338],[2.295377,42.102641],[2.320731,42.116774],[2.365604,42.120936],[2.379751,42.103655],[2.400174,42.102756],[2.394496,42.086764],[2.417523,42.064976],[2.427293,42.061152],[2.458077,42.079281],[2.480365,42.075006],[2.494906,42.061513],[2.482218,42.04925],[2.50616,42.032274],[2.494036,42.021217],[2.495156,42.011684],[2.503336,42.009679],[2.498901,42.00152],[2.476517,42.001288],[2.46878,41.993835],[2.488023,41.984668],[2.465214,41.966755],[2.438766,41.973563],[2.427285,41.968948],[2.441437,41.959912],[2.436763,41.947975],[2.442383,41.941426],[2.471566,41.938345],[2.481037,41.916064],[2.442507,41.88751],[2.407111,41.895422],[2.382494,41.87173],[2.369694,41.885952],[2.355737,41.881106],[2.337527,41.889153],[2.327962,41.883006],[2.323444,41.874531],[2.332452,41.863193],[2.325317,41.855876],[2.344742,41.837369],[2.352345,41.808571],[2.436529,41.802881],[2.455753,41.784187],[2.472175,41.789597],[2.469147,41.777787],[2.515973,41.761903],[2.51563,41.748677],[2.547515,41.71899],[2.629181,41.730989],[2.640172,41.743384],[2.657596,41.747692],[2.680548,41.739597],[2.686578,41.741314],[2.681748,41.74826],[2.689769,41.741516],[2.724803,41.744315],[2.74475,41.73498],[2.776024,41.734951],[2.765857,41.725701],[2.774519,41.700289],[2.757851,41.679396],[2.774993,41.647814],[2.560671,41.574988],[2.562882,41.579364],[2.555437,41.579365],[2.467808,41.545636],[2.444596,41.526252],[2.446746,41.53201],[2.369044,41.490446],[2.266465,41.459137],[2.245034,41.438872],[2.23398,41.421213],[2.23347,41.415092],[2.229497,41.408932],[2.232962,41.414721],[2.227502,41.415463],[2.225814,41.406038],[2.198331,41.386893],[2.185361,41.357735],[2.186444,41.379656],[2.177971,41.374134],[2.183417,41.36334],[2.175225,41.350342],[2.172843,41.317218],[2.171869,41.348853],[2.182263,41.364524],[2.170917,41.360246],[2.16691,41.347149],[2.15092,41.346485],[2.144284,41.334749],[2.148818,41.329969],[2.156854,41.3423],[2.166205,41.341244],[2.142324,41.304223],[2.153735,41.296817],[2.166968,41.309995],[2.165422,41.317843],[2.167262,41.3098],[2.155485,41.297767],[2.152078,41.295611],[2.146824,41.295088],[2.138378,41.299606],[2.137895,41.293089],[2.12762,41.296692],[2.046574,41.270313]],[[2.639748,41.604799],[2.639841,41.604903],[2.639611,41.604878],[2.639618,41.604824],[2.639748,41.604799]],[[1.633235,41.313491],[1.628974,41.310655],[1.637479,41.309682],[1.6425,41.312955],[1.633235,41.313491]],[[1.706254,41.889414],[1.71875,41.882398],[1.724909,41.893029],[1.708943,41.89713],[1.711636,41.889329],[1.706254,41.889414]],[[2.016889,42.109013],[2.019101,42.120973],[2.031945,42.126273],[2.02568,42.130463],[2.002212,42.125385],[2.007622,42.106476],[2.016889,42.109013]]]]}},{"type":"Feature","properties":{"name":"Bizkaia","mapcolor":50,"cartodb_id":50},"geometry":{"type":"MultiPolygon","coordinates":[[[[-3.08899,43.001637],[-3.090461,43.00956],[-3.065603,43.023138],[-3.04974,43.047225],[-3.028633,43.046584],[-3.029144,43.036948],[-3.01855,43.037662],[-3.032905,43.020333],[-2.986012,43.012097],[-2.991671,43.000184],[-2.985723,42.992133],[-2.9557,42.998852],[-2.971028,42.989789],[-3.000542,42.989631],[-3.004503,42.982688],[-3.03731,42.982125],[-3.060367,43.003211],[-3.076673,43.008693],[-3.08899,43.001637]]],[[[-2.774768,43.450483],[-2.776606,43.451333],[-2.775871,43.452997],[-2.774603,43.451689],[-2.774768,43.450483]]],[[[-2.753174,43.456939],[-2.753323,43.457003],[-2.753507,43.45721],[-2.753198,43.457183],[-2.753174,43.456939]]],[[[-2.681675,43.422753],[-2.686534,43.426647],[-2.687259,43.427523],[-2.681609,43.425922],[-2.681675,43.422753]]],[[[-2.844681,43.432537],[-2.844768,43.432538],[-2.845026,43.433042],[-2.844668,43.432826],[-2.844681,43.432537]]],[[[-2.815408,43.433196],[-2.815593,43.433592],[-2.815295,43.434006],[-2.815135,43.433682],[-2.815408,43.433196]]],[[[-2.935031,43.438821],[-2.935697,43.440055],[-2.934917,43.441477],[-2.934846,43.439253],[-2.935031,43.438821]]],[[[-2.496181,43.365169],[-2.496957,43.366856],[-2.493723,43.368345],[-2.494207,43.366565],[-2.496181,43.365169]]],[[[-2.571753,43.391041],[-2.571861,43.391446],[-2.571515,43.391571],[-2.571542,43.391157],[-2.571753,43.391041]]],[[[-2.422159,43.329421],[-2.422477,43.329675],[-2.422439,43.329765],[-2.422034,43.329619],[-2.422159,43.329421]]],[[[-2.439593,43.332975],[-2.439778,43.332976],[-2.439764,43.333093],[-2.439604,43.333038],[-2.439593,43.332975]]],[[[-2.439789,43.333147],[-2.439738,43.333255],[-2.43959,43.333218],[-2.439615,43.333182],[-2.439789,43.333147]]],[[[-2.43975,43.333345],[-2.44002,43.333454],[-2.439636,43.333624],[-2.439577,43.33338],[-2.43975,43.333345]]],[[[-2.445091,43.333407],[-2.445226,43.333471],[-2.445347,43.333697],[-2.444855,43.333505],[-2.445091,43.333407]]],[[[-2.449456,43.334878],[-2.449617,43.334888],[-2.449442,43.335076],[-2.44932,43.335003],[-2.449456,43.334878]]],[[[-2.45006,43.33498],[-2.450095,43.335187],[-2.449923,43.335177],[-2.449924,43.335051],[-2.45006,43.33498]]],[[[-2.451621,43.3356],[-2.451769,43.335646],[-2.451557,43.335843],[-2.451459,43.335752],[-2.451621,43.3356]]],[[[-2.452383,43.335919],[-2.452481,43.336009],[-2.452358,43.335937],[-2.452383,43.335919]]],[[[-3.450147,43.236208],[-3.41253,43.241767],[-3.413582,43.24978],[-3.395945,43.247747],[-3.382992,43.270493],[-3.339234,43.277891],[-3.343128,43.29428],[-3.332405,43.301878],[-3.323688,43.292457],[-3.294944,43.300756],[-3.291122,43.290365],[-3.264495,43.296022],[-3.209449,43.283607],[-3.193209,43.298451],[-3.157327,43.30132],[-3.149635,43.319284],[-3.153287,43.353315],[-3.116398,43.34919],[-3.109354,43.364688],[-3.084077,43.377973],[-3.104543,43.364658],[-3.082929,43.363573],[-3.077572,43.354416],[-3.072263,43.36272],[-3.059605,43.361842],[-3.045287,43.358993],[-3.072848,43.359901],[-3.046168,43.343316],[-3.031876,43.346655],[-3.040961,43.340814],[-3.031407,43.33727],[-3.043788,43.339148],[-3.020716,43.325544],[-3.010246,43.337242],[-3.027815,43.341949],[-3.015243,43.340807],[-3.012592,43.347741],[-3.039605,43.373308],[-2.99135,43.391836],[-2.970472,43.41338],[-2.945092,43.412757],[-2.95547,43.422055],[-2.946909,43.436027],[-2.806978,43.430489],[-2.78585,43.4481],[-2.776741,43.44494],[-2.752161,43.456955],[-2.738707,43.429687],[-2.709682,43.422449],[-2.723574,43.418405],[-2.704987,43.417566],[-2.695678,43.406763],[-2.646309,43.415941],[-2.61863,43.391864],[-2.601401,43.394489],[-2.583347,43.383835],[-2.56269,43.391015],[-2.550353,43.374051],[-2.509732,43.377366],[-2.502606,43.364224],[-2.487495,43.363356],[-2.459739,43.335567],[-2.441423,43.332453],[-2.432442,43.333822],[-2.412604,43.321269],[-2.439005,43.29491],[-2.418061,43.267602],[-2.439006,43.251832],[-2.436581,43.243707],[-2.463253,43.223466],[-2.494117,43.225696],[-2.497945,43.219923],[-2.499481,43.209764],[-2.486883,43.201441],[-2.49248,43.180876],[-2.484113,43.170903],[-2.509717,43.161443],[-2.50068,43.151895],[-2.496216,43.123411],[-2.501815,43.094996],[-2.592472,43.081203],[-2.633051,43.087041],[-2.661674,43.07427],[-2.661133,43.065761],[-2.633697,43.044818],[-2.633624,43.01991],[-2.666882,43.03143],[-2.687014,43.021627],[-2.703991,43.03111],[-2.729727,43.023952],[-2.740275,43.034179],[-2.769752,43.026858],[-2.781178,43.033995],[-2.821942,43.035048],[-2.863801,43.051954],[-2.894164,43.046421],[-2.975483,43.09947],[-2.935813,43.136213],[-2.954166,43.159706],[-2.946394,43.170869],[-2.968472,43.181989],[-2.980044,43.201856],[-3.006464,43.19601],[-3.027015,43.217187],[-3.039718,43.210671],[-3.016627,43.2026],[-3.026614,43.161082],[-3.066104,43.155493],[-3.074642,43.146336],[-3.093699,43.150932],[-3.11168,43.14328],[-3.157973,43.178031],[-3.186173,43.169192],[-3.20813,43.17941],[-3.224093,43.170132],[-3.253273,43.198747],[-3.277767,43.194512],[-3.30984,43.172102],[-3.341183,43.167016],[-3.35021,43.15375],[-3.417608,43.133316],[-3.433359,43.170927],[-3.433004,43.206298],[-3.450147,43.236208]],[[-2.789886,43.442489],[-2.789898,43.442687],[-2.79012,43.442787],[-2.790108,43.442561],[-2.789886,43.442489]],[[-2.79013,43.443552],[-2.790129,43.443822],[-2.790487,43.443751],[-2.790439,43.44358],[-2.79013,43.443552]],[[-3.304535,43.258256],[-3.29266,43.240868],[-3.296815,43.206019],[-3.284818,43.197173],[-3.26939,43.202812],[-3.270769,43.230208],[-3.252016,43.246119],[-3.249176,43.25965],[-3.265165,43.267191],[-3.304535,43.258256]]],[[[-2.419599,43.327526],[-2.419472,43.327886],[-2.419079,43.327731],[-2.41929,43.32757],[-2.419599,43.327526]]],[[[-2.418645,43.326702],[-2.418939,43.32683],[-2.419714,43.327095],[-2.418385,43.326791],[-2.418645,43.326702]]],[[[-2.41907,43.327371],[-2.419193,43.327434],[-2.41918,43.327488],[-2.41902,43.327478],[-2.41907,43.327371]]]]}},{"type":"Feature","properties":{"name":"Burgos","mapcolor":44,"cartodb_id":44},"geometry":{"type":"MultiPolygon","coordinates":[[[[-2.86886,42.740135],[-2.852981,42.747834],[-2.84837,42.763292],[-2.853908,42.767856],[-2.841847,42.776196],[-2.835474,42.79627],[-2.826812,42.78445],[-2.801074,42.792711],[-2.731553,42.794513],[-2.643708,42.764716],[-2.602347,42.770631],[-2.589366,42.750323],[-2.558302,42.762733],[-2.572629,42.725172],[-2.589983,42.710764],[-2.600309,42.715267],[-2.608979,42.695962],[-2.594136,42.690039],[-2.577768,42.668213],[-2.548378,42.668802],[-2.539399,42.68658],[-2.522024,42.684032],[-2.517397,42.646332],[-2.547069,42.637376],[-2.551936,42.649256],[-2.634851,42.647795],[-2.659175,42.672456],[-2.666397,42.666191],[-2.703394,42.67429],[-2.719157,42.661866],[-2.7679,42.666011],[-2.775743,42.67025],[-2.770509,42.676634],[-2.784503,42.698942],[-2.825302,42.708937],[-2.828986,42.719011],[-2.851602,42.725104],[-2.855222,42.728755],[-2.846739,42.730762],[-2.86886,42.740135]]],[[[-4.251332,42.726547],[-4.26315,42.730479],[-4.260633,42.738891],[-4.245059,42.735973],[-4.251332,42.726547]]],[[[-2.945214,42.603886],[-2.9345,42.614075],[-2.922629,42.600829],[-2.939177,42.594292],[-2.945214,42.603886]]],[[[-2.999378,42.600946],[-2.994525,42.615491],[-2.985222,42.61422],[-2.986248,42.607051],[-2.999378,42.600946]]],[[[-3.798221,41.491926],[-3.787641,41.485865],[-3.823878,41.481134],[-3.867947,41.532477],[-3.885782,41.532306],[-3.894554,41.552153],[-3.953048,41.573436],[-3.963827,41.586082],[-3.981631,41.583662],[-3.992859,41.608659],[-4.008734,41.610033],[-4.005927,41.619362],[-4.028714,41.614404],[-4.035283,41.620623],[-4.024746,41.661662],[-4.026038,41.692381],[-4.052942,41.719563],[-4.07636,41.726084],[-4.076701,41.733565],[-4.055787,41.740685],[-4.049584,41.768203],[-4.038996,41.77182],[-4.037998,41.789852],[-4.090067,41.830864],[-4.088048,41.844664],[-4.079319,41.848448],[-4.088825,41.87065],[-4.062771,41.877117],[-4.037575,41.872772],[-3.9807,41.900617],[-3.98134,41.930703],[-3.952183,41.935308],[-3.929142,41.959365],[-3.891981,41.957939],[-3.889748,41.990913],[-3.891469,41.996646],[-3.9102,41.996967],[-3.990702,41.959751],[-4.032977,41.954082],[-4.014775,41.998585],[-3.994778,42.005407],[-3.971074,42.033215],[-3.981677,42.051048],[-3.996313,42.044969],[-4.039248,42.053352],[-4.047884,42.039052],[-4.063679,42.043644],[-4.079887,42.036783],[-4.104106,42.061627],[-4.103036,42.087044],[-4.077486,42.082676],[-4.056207,42.100914],[-4.103779,42.109689],[-4.120216,42.128128],[-4.142083,42.119626],[-4.151114,42.131307],[-4.176773,42.125859],[-4.205013,42.133609],[-4.200778,42.150252],[-4.206102,42.153988],[-4.19148,42.163021],[-4.188644,42.17638],[-4.215285,42.206893],[-4.231439,42.20845],[-4.22693,42.229564],[-4.237398,42.236296],[-4.228764,42.250375],[-4.244106,42.259404],[-4.251886,42.310005],[-4.264226,42.313039],[-4.264936,42.323649],[-4.256777,42.322848],[-4.269703,42.339231],[-4.264823,42.352514],[-4.28052,42.363785],[-4.272729,42.385719],[-4.275952,42.391924],[-4.321588,42.379899],[-4.330933,42.390991],[-4.329529,42.406433],[-4.316406,42.410156],[-4.333252,42.416748],[-4.335327,42.430603],[-4.317094,42.458928],[-4.307029,42.453351],[-4.242594,42.456238],[-4.254393,42.467916],[-4.244854,42.472108],[-4.250818,42.48023],[-4.247042,42.494716],[-4.262646,42.511836],[-4.286204,42.511971],[-4.272148,42.519981],[-4.277691,42.544685],[-4.303331,42.555357],[-4.297637,42.560374],[-4.305346,42.570806],[-4.270812,42.581388],[-4.285435,42.581981],[-4.293898,42.605256],[-4.263873,42.617956],[-4.277193,42.643266],[-4.276033,42.67307],[-4.289395,42.678314],[-4.293171,42.690897],[-4.266693,42.705296],[-4.267641,42.694272],[-4.257042,42.688112],[-4.248922,42.698377],[-4.218572,42.704684],[-4.185385,42.736182],[-4.144969,42.752516],[-4.124779,42.751653],[-4.123985,42.73617],[-4.109554,42.733879],[-4.085259,42.764084],[-4.003094,42.763356],[-3.990663,42.770984],[-3.978885,42.758081],[-3.965694,42.758599],[-3.930589,42.774487],[-3.910953,42.768386],[-3.909665,42.786443],[-3.900475,42.78928],[-3.894446,42.804538],[-3.863375,42.786458],[-3.823556,42.79886],[-3.815941,42.813159],[-3.816993,42.836462],[-3.834885,42.85597],[-3.826191,42.871022],[-3.863823,42.889635],[-3.873814,42.874765],[-3.868239,42.857032],[-3.879958,42.851121],[-3.913958,42.860242],[-3.896927,42.881608],[-3.924106,42.888911],[-3.892205,42.887044],[-3.898743,42.903982],[-3.910945,42.911081],[-3.908671,42.914992],[-3.889806,42.902292],[-3.865617,42.899315],[-3.851673,42.919487],[-3.833377,42.918513],[-3.830667,42.930132],[-3.867095,42.954829],[-3.887383,42.948767],[-3.891277,42.925485],[-3.91149,42.923391],[-3.93401,42.89967],[-3.929642,42.914699],[-3.973274,42.911586],[-3.987854,42.926092],[-3.978156,42.960458],[-3.956088,42.997963],[-3.909261,43.016097],[-3.891051,43.041661],[-3.850786,43.039248],[-3.831769,43.063826],[-3.850718,43.077051],[-3.847013,43.084421],[-3.764569,43.081034],[-3.754882,43.100548],[-3.704677,43.116275],[-3.651753,43.180793],[-3.612449,43.169518],[-3.603544,43.149638],[-3.585262,43.154411],[-3.506328,43.135681],[-3.444756,43.131533],[-3.40979,43.134201],[-3.35021,43.15375],[-3.341183,43.167016],[-3.30984,43.172102],[-3.277767,43.194512],[-3.253273,43.198747],[-3.224093,43.170132],[-3.20813,43.17941],[-3.187551,43.169234],[-3.154181,43.176974],[-3.14184,43.161137],[-3.161848,43.154262],[-3.166773,43.146943],[-3.161475,43.143187],[-3.181786,43.120879],[-3.152058,43.104119],[-3.141492,43.110643],[-3.133941,43.097234],[-3.158187,43.074016],[-3.140312,43.06715],[-3.147677,43.034498],[-3.14186,43.029814],[-3.170249,43.029074],[-3.177802,43.021984],[-3.144789,43.006839],[-3.060367,43.003211],[-3.037102,42.981834],[-3.041868,42.969225],[-3.019195,42.954033],[-2.994762,42.952142],[-2.981419,42.939877],[-3.011953,42.922255],[-3.018906,42.908512],[-3.092102,42.898779],[-3.104663,42.91016],[-3.126531,42.904059],[-3.132847,42.913481],[-3.149273,42.917063],[-3.144732,42.934682],[-3.224729,42.949692],[-3.235556,42.943862],[-3.248545,42.912145],[-3.277239,42.90158],[-3.276403,42.88702],[-3.286767,42.885149],[-3.21697,42.826516],[-3.205533,42.827401],[-3.222176,42.838636],[-3.190686,42.869463],[-3.162823,42.856737],[-3.13872,42.871294],[-3.125697,42.891318],[-3.11494,42.889249],[-3.105053,42.879587],[-3.11315,42.861064],[-3.141187,42.836053],[-3.159229,42.804591],[-3.123255,42.789326],[-3.147913,42.756697],[-3.100398,42.767351],[-3.084836,42.757112],[-3.07996,42.767078],[-3.064465,42.760187],[-3.048035,42.765359],[-3.041666,42.739186],[-3.01666,42.741009],[-3.016109,42.733563],[-3.005384,42.732798],[-3.009023,42.724466],[-2.988944,42.719096],[-2.980602,42.703484],[-2.931358,42.708402],[-2.930317,42.699666],[-2.902502,42.693603],[-2.895055,42.679313],[-2.89651,42.654192],[-2.858067,42.638384],[-2.882144,42.620725],[-2.893995,42.621331],[-2.894631,42.627672],[-2.916008,42.619521],[-2.946451,42.639317],[-2.980569,42.635221],[-3.004756,42.644265],[-3.018013,42.632178],[-3.084152,42.640687],[-3.086403,42.627717],[-3.070457,42.621414],[-3.05983,42.589188],[-3.086196,42.58221],[-3.082359,42.574018],[-3.103745,42.553107],[-3.134271,42.542053],[-3.107456,42.52877],[-3.089302,42.538278],[-3.072572,42.528923],[-3.079292,42.499091],[-3.094695,42.488074],[-3.090422,42.477883],[-3.064209,42.470948],[-3.046004,42.445154],[-3.063299,42.42491],[-3.056881,42.370273],[-3.082652,42.397384],[-3.078179,42.41575],[-3.090355,42.42237],[-3.101347,42.416777],[-3.095738,42.405182],[-3.10527,42.386369],[-3.084811,42.385386],[-3.063462,42.356697],[-3.109668,42.351448],[-3.11069,42.338578],[-3.095863,42.32691],[-3.106665,42.312599],[-3.089621,42.273049],[-3.097719,42.263091],[-3.088589,42.245725],[-3.102061,42.233357],[-3.103786,42.213686],[-3.129063,42.197648],[-3.115323,42.188269],[-3.113352,42.176337],[-3.096572,42.169454],[-3.085678,42.13422],[-3.058955,42.126969],[-3.034373,42.085963],[-2.931176,42.086775],[-2.913624,42.022852],[-2.93217,42.017974],[-2.950525,41.993899],[-2.965802,41.966038],[-2.96008,41.950121],[-2.970792,41.929273],[-2.997495,41.932852],[-3.008072,41.922224],[-3.016771,41.886906],[-3.058633,41.891325],[-3.087734,41.876346],[-3.097165,41.881058],[-3.097159,41.861387],[-3.112597,41.85069],[-3.136198,41.811942],[-3.171351,41.793015],[-3.188588,41.801661],[-3.198218,41.81721],[-3.194496,41.828926],[-3.234389,41.840642],[-3.246807,41.856324],[-3.243342,41.863997],[-3.269499,41.869288],[-3.271033,41.87876],[-3.283758,41.88381],[-3.28957,41.876409],[-3.279036,41.867915],[-3.289007,41.842462],[-3.281141,41.8229],[-3.286579,41.802899],[-3.275383,41.794324],[-3.285863,41.788246],[-3.275454,41.768671],[-3.287062,41.76013],[-3.307223,41.76015],[-3.322897,41.740931],[-3.354385,41.737254],[-3.358397,41.693421],[-3.393397,41.690613],[-3.414644,41.664832],[-3.419062,41.644101],[-3.429753,41.646278],[-3.436546,41.638588],[-3.435354,41.62203],[-3.459682,41.58927],[-3.475361,41.596953],[-3.510008,41.597185],[-3.529154,41.612627],[-3.550438,41.596588],[-3.536136,41.586468],[-3.541567,41.577607],[-3.566514,41.579957],[-3.572622,41.565399],[-3.608802,41.566123],[-3.616836,41.577158],[-3.661048,41.566078],[-3.691547,41.534537],[-3.728305,41.517638],[-3.723719,41.479205],[-3.732406,41.46989],[-3.729095,41.457624],[-3.739483,41.450784],[-3.744138,41.461059],[-3.769752,41.460152],[-3.766189,41.537929],[-3.803788,41.524576],[-3.798221,41.491926]],[[-4.102733,42.13724],[-4.083477,42.14127],[-4.062137,42.13158],[-4.074483,42.156125],[-4.065637,42.163502],[-4.076292,42.167861],[-4.094229,42.157721],[-4.111844,42.158579],[-4.102733,42.13724]],[[-4.037694,42.102587],[-4.027599,42.087853],[-4.031936,42.078636],[-4.024322,42.081073],[-4.033436,42.106975],[-4.037694,42.102587]]]]}},{"type":"Feature","properties":{"name":"Cáceres","mapcolor":43,"cartodb_id":43},"geometry":{"type":"MultiPolygon","coordinates":[[[[-5.810367,39.144581],[-5.819254,39.129862],[-5.816434,39.11975],[-5.83345,39.110329],[-5.872081,39.104284],[-5.924695,39.083183],[-5.937643,39.083785],[-5.925541,39.093846],[-5.926658,39.104638],[-5.942289,39.108514],[-5.981689,39.068865],[-6.009308,39.052525],[-6.018604,39.129119],[-6.078652,39.09373],[-6.142168,39.031486],[-6.158848,39.055934],[-6.202934,39.057079],[-6.230915,39.089736],[-6.29485,39.097798],[-6.31197,39.111041],[-6.307702,39.147257],[-6.324171,39.186571],[-6.353187,39.179171],[-6.371695,39.162351],[-6.4151,39.165773],[-6.438687,39.175844],[-6.491124,39.167924],[-6.540357,39.181695],[-6.539945,39.155262],[-6.574253,39.158357],[-6.574101,39.167693],[-6.5844,39.171115],[-6.580096,39.179795],[-6.633366,39.196843],[-6.659735,39.19907],[-6.681001,39.177152],[-6.75064,39.194041],[-6.767502,39.188372],[-6.792934,39.211864],[-6.800859,39.239419],[-6.761175,39.276611],[-6.746746,39.321751],[-6.797006,39.344511],[-6.790977,39.36836],[-6.80207,39.389497],[-6.883225,39.38276],[-6.946808,39.400774],[-6.995381,39.424565],[-7.049385,39.436673],[-7.067025,39.414297],[-7.009267,39.388485],[-7.032402,39.368005],[-7.030011,39.350859],[-7.048022,39.333508],[-7.045914,39.324927],[-7.079567,39.311394],[-7.082853,39.335568],[-7.101767,39.346052],[-7.103043,39.354562],[-7.098588,39.359124],[-7.079124,39.351415],[-7.062969,39.372272],[-7.099203,39.385265],[-7.125736,39.381174],[-7.161228,39.361337],[-7.177806,39.330788],[-7.168511,39.320152],[-7.159291,39.330678],[-7.152021,39.321481],[-7.203858,39.265698],[-7.267386,39.301406],[-7.310538,39.340952],[-7.306403,39.355947],[-7.323483,39.381934],[-7.302263,39.413324],[-7.308927,39.431575],[-7.296499,39.4589],[-7.343802,39.478626],[-7.347112,39.487904],[-7.3618,39.482112],[-7.381271,39.491807],[-7.378322,39.496853],[-7.389919,39.503637],[-7.391121,39.529879],[-7.429745,39.534507],[-7.460881,39.572631],[-7.495892,39.586444],[-7.509826,39.618204],[-7.527618,39.63318],[-7.530324,39.656766],[-7.545025,39.663485],[-7.452833,39.663218],[-7.402307,39.646633],[-7.374727,39.651324],[-7.332841,39.641171],[-7.28651,39.661589],[-7.25014,39.667197],[-7.149302,39.652901],[-7.126172,39.663993],[-7.068069,39.657598],[-7.015341,39.670792],[-6.999354,39.714204],[-6.986864,39.727738],[-6.992665,39.740516],[-6.976716,39.772703],[-6.989496,39.7945],[-6.986908,39.810098],[-6.970353,39.825373],[-6.948668,39.82769],[-6.928881,39.854923],[-6.903531,39.871307],[-6.900473,39.910119],[-6.90894,39.919155],[-6.885769,39.940442],[-6.888673,39.963185],[-6.879752,39.971833],[-6.885634,39.980407],[-6.874458,40.006558],[-6.864086,40.012452],[-6.87682,40.017871],[-6.880942,40.041184],[-6.896956,40.052012],[-6.892487,40.060168],[-6.916801,40.065589],[-6.92236,40.087474],[-6.943199,40.104541],[-6.940781,40.112471],[-6.986742,40.11916],[-6.993102,40.112371],[-6.993248,40.119333],[-7.013082,40.126357],[-7.008974,40.130127],[-7.021236,40.143975],[-7.014272,40.149338],[-7.021959,40.16729],[-7.016487,40.176464],[-7.029906,40.186374],[-7.018914,40.197292],[-7.012296,40.226094],[-6.979057,40.240654],[-6.96329,40.238224],[-6.951425,40.25757],[-6.907329,40.253897],[-6.876252,40.259986],[-6.864808,40.270449],[-6.834522,40.24758],[-6.806692,40.241521],[-6.800128,40.242043],[-6.802159,40.249559],[-6.783497,40.249388],[-6.755603,40.238923],[-6.751444,40.250217],[-6.718575,40.269201],[-6.690137,40.242662],[-6.671753,40.263232],[-6.587022,40.270721],[-6.556175,40.290777],[-6.564745,40.314613],[-6.56041,40.329049],[-6.536284,40.347244],[-6.467543,40.372322],[-6.438315,40.372773],[-6.439647,40.381577],[-6.418826,40.39929],[-6.370222,40.402421],[-6.361866,40.407087],[-6.36555,40.422372],[-6.344643,40.442776],[-6.275326,40.458516],[-6.239936,40.485859],[-6.199096,40.481837],[-6.180439,40.462196],[-6.154492,40.45454],[-6.147017,40.436118],[-6.116127,40.441585],[-6.129484,40.420788],[-6.064959,40.396605],[-6.085166,40.390492],[-6.072156,40.387001],[-6.086328,40.378031],[-6.082378,40.363212],[-6.105716,40.356795],[-6.052163,40.34155],[-6.016017,40.340292],[-6.019584,40.322644],[-6.005939,40.305805],[-5.937782,40.281067],[-5.917174,40.277697],[-5.884245,40.326604],[-5.854978,40.338374],[-5.847128,40.328047],[-5.82172,40.348414],[-5.799337,40.353751],[-5.781992,40.312456],[-5.802735,40.297633],[-5.793144,40.286705],[-5.764991,40.280779],[-5.737562,40.294123],[-5.692662,40.292106],[-5.656698,40.270401],[-5.660001,40.257768],[-5.649199,40.24972],[-5.622,40.245881],[-5.61452,40.218298],[-5.541145,40.195874],[-5.47091,40.207853],[-5.468071,40.224155],[-5.439772,40.233628],[-5.429097,40.252607],[-5.39565,40.250296],[-5.344409,40.264758],[-5.358747,40.227282],[-5.36967,40.218312],[-5.364095,40.202617],[-5.367995,40.164109],[-5.335977,40.115818],[-5.369011,40.100085],[-5.373858,40.059322],[-5.36238,40.01282],[-5.365144,39.982919],[-5.40611,39.877729],[-5.323613,39.891727],[-5.284049,39.863875],[-5.312588,39.824275],[-5.316224,39.772123],[-5.308079,39.760025],[-5.254823,39.752342],[-5.206465,39.797559],[-5.1669,39.799882],[-5.158459,39.759661],[-5.173964,39.751255],[-5.137794,39.714999],[-5.151855,39.696009],[-5.156403,39.673897],[-5.149123,39.665816],[-5.162423,39.655344],[-5.161765,39.642437],[-5.206625,39.597232],[-5.083894,39.490666],[-5.058893,39.489417],[-5.008583,39.434951],[-4.952513,39.394993],[-4.974638,39.394331],[-4.969092,39.383343],[-4.984182,39.371743],[-5.008885,39.378275],[-5.019602,39.368287],[-5.053835,39.362426],[-5.08987,39.390363],[-5.113585,39.387466],[-5.111857,39.357513],[-5.123546,39.336498],[-5.153427,39.319695],[-5.24762,39.301824],[-5.283088,39.319522],[-5.339904,39.333554],[-5.355377,39.267791],[-5.347155,39.239163],[-5.384314,39.173901],[-5.413807,39.156653],[-5.428601,39.162535],[-5.459841,39.158366],[-5.501106,39.188381],[-5.514578,39.209713],[-5.528145,39.191473],[-5.551013,39.215876],[-5.613244,39.188216],[-5.576561,39.150906],[-5.582233,39.139879],[-5.601119,39.133747],[-5.583623,39.118109],[-5.586929,39.11363],[-5.610094,39.099239],[-5.645936,39.102323],[-5.67092,39.080816],[-5.693003,39.084614],[-5.755177,39.132296],[-5.810367,39.144581]]]]}},{"type":"Feature","properties":{"name":"Cádiz","mapcolor":42,"cartodb_id":42},"geometry":{"type":"MultiPolygon","coordinates":[[[[-5.437399,36.064159],[-5.437532,36.064166],[-5.437334,36.064233],[-5.437399,36.064159]]],[[[-5.437295,36.064387],[-5.437407,36.064411],[-5.437219,36.06446],[-5.437295,36.064387]]],[[[-5.434731,36.064754],[-5.43521,36.064826],[-5.4352,36.065205],[-5.434278,36.065214],[-5.434731,36.064754]]],[[[-5.436464,36.06517],[-5.436598,36.065203],[-5.436537,36.065358],[-5.436467,36.065278],[-5.436464,36.06517]]],[[[-5.436105,36.065402],[-5.436196,36.065464],[-5.436213,36.065653],[-5.436033,36.065602],[-5.436105,36.065402]]],[[[-5.436363,36.065496],[-5.436421,36.065585],[-5.436427,36.065774],[-5.436315,36.065732],[-5.436363,36.065496]]],[[[-5.423467,36.076132],[-5.42383,36.076359],[-5.423902,36.076538],[-5.423416,36.07626],[-5.423467,36.076132]]],[[[-5.42376,36.077001],[-5.423962,36.077069],[-5.424082,36.077355],[-5.423665,36.077156],[-5.42376,36.077001]]],[[[-6.218927,36.383798],[-6.220022,36.384417],[-6.220328,36.386977],[-6.219102,36.386434],[-6.218927,36.383798]]],[[[-6.220472,36.378854],[-6.224241,36.389963],[-6.225345,36.396178],[-6.219029,36.380876],[-6.220472,36.378854]]],[[[-6.22112,36.387244],[-6.221598,36.388836],[-6.221491,36.390046],[-6.220704,36.387977],[-6.22112,36.387244]]],[[[-6.216179,36.382295],[-6.216343,36.38248],[-6.215445,36.383964],[-6.214801,36.383207],[-6.216179,36.382295]]],[[[-5.293988,36.245273],[-5.295034,36.245271],[-5.29542,36.245525],[-5.293093,36.245497],[-5.293988,36.245273]]],[[[-6.005902,36.181253],[-6.006551,36.181371],[-6.006665,36.181432],[-6.005705,36.18133],[-6.005902,36.181253]]],[[[-6.008063,36.18137],[-6.008475,36.181377],[-6.009246,36.181493],[-6.008493,36.181575],[-6.008063,36.18137]]],[[[-6.468499,36.732253],[-6.469117,36.732278],[-6.472066,36.737591],[-6.468579,36.737607],[-6.468499,36.732253]]],[[[-6.458096,36.735407],[-6.457821,36.735847],[-6.457232,36.735864],[-6.457325,36.735559],[-6.458096,36.735407]]],[[[-6.317281,36.527096],[-6.317209,36.529071],[-6.312322,36.527828],[-6.316451,36.527524],[-6.317281,36.527096]]],[[[-5.310686,36.238309],[-5.33527,36.181786],[-5.338852,36.153451],[-5.365104,36.155079],[-5.352989,36.156974],[-5.37051,36.16941],[-5.374323,36.16378],[-5.381778,36.178493],[-5.391811,36.180927],[-5.398542,36.180636],[-5.393829,36.177449],[-5.404096,36.175873],[-5.398702,36.180633],[-5.415639,36.181092],[-5.44085,36.161757],[-5.444539,36.130911],[-5.440684,36.148786],[-5.435561,36.148332],[-5.441603,36.12669],[-5.431657,36.128341],[-5.430205,36.143624],[-5.428226,36.147651],[-5.430075,36.133321],[-5.422826,36.132816],[-5.422296,36.119915],[-5.436015,36.122714],[-5.44287,36.118362],[-5.435214,36.118676],[-5.431163,36.106039],[-5.440187,36.102861],[-5.443451,36.089501],[-5.426564,36.082995],[-5.425425,36.077299],[-5.429763,36.070737],[-5.464588,36.050276],[-5.486897,36.054278],[-5.574188,36.015053],[-5.605625,36.010302],[-5.610233,36.000275],[-5.617477,36.021128],[-5.652501,36.053156],[-5.68929,36.06736],[-5.723817,36.060055],[-5.776339,36.087763],[-5.797244,36.078273],[-5.864761,36.149623],[-5.9149,36.184767],[-5.934817,36.186094],[-5.926082,36.179339],[-5.944717,36.186587],[-5.980791,36.176573],[-6.019786,36.186175],[-6.03417,36.180953],[-6.102765,36.284108],[-6.116103,36.294548],[-6.136757,36.292709],[-6.151094,36.306525],[-6.182209,36.368571],[-6.218753,36.392553],[-6.234013,36.435592],[-6.248756,36.444158],[-6.288834,36.523423],[-6.309601,36.5286],[-6.305054,36.536744],[-6.2905,36.537705],[-6.28729,36.54284],[-6.279357,36.543004],[-6.292294,36.532871],[-6.281106,36.528908],[-6.276838,36.540739],[-6.268631,36.531999],[-6.281934,36.527475],[-6.269844,36.508581],[-6.261436,36.509037],[-6.260006,36.507697],[-6.260329,36.499686],[-6.25502,36.501381],[-6.2571,36.507056],[-6.256429,36.507822],[-6.25435,36.500579],[-6.266702,36.489338],[-6.257597,36.473114],[-6.229836,36.462604],[-6.212433,36.470166],[-6.213192,36.48123],[-6.193668,36.486746],[-6.192098,36.499062],[-6.171428,36.511923],[-6.173244,36.521409],[-6.20053,36.528727],[-6.196361,36.522098],[-6.207867,36.509579],[-6.232292,36.503693],[-6.245627,36.508963],[-6.250212,36.514497],[-6.243612,36.518444],[-6.255665,36.519954],[-6.257973,36.52919],[-6.229118,36.525073],[-6.227164,36.576624],[-6.232142,36.580866],[-6.239299,36.574157],[-6.24234,36.585475],[-6.257799,36.581326],[-6.254093,36.577057],[-6.265936,36.579859],[-6.279814,36.60372],[-6.301575,36.618327],[-6.330416,36.624354],[-6.335032,36.620848],[-6.326131,36.610389],[-6.344133,36.625993],[-6.354443,36.621594],[-6.35216,36.613707],[-6.388794,36.629482],[-6.443727,36.736315],[-6.342357,36.794415],[-6.35392,36.838321],[-6.342236,36.893064],[-6.278289,36.910848],[-6.253793,36.893907],[-6.230994,36.898107],[-6.156153,36.885649],[-6.104447,36.857256],[-5.973123,36.844186],[-5.952848,36.853126],[-5.925351,36.853067],[-5.891055,36.842192],[-5.87652,36.894711],[-5.866721,36.895183],[-5.845508,36.915212],[-5.803935,36.925518],[-5.713768,36.920386],[-5.696177,36.935278],[-5.694611,36.956779],[-5.667948,36.975954],[-5.649665,36.954321],[-5.626144,36.954438],[-5.618088,36.940161],[-5.60628,36.950793],[-5.587108,36.947013],[-5.583404,36.915092],[-5.533822,36.89345],[-5.550854,36.923123],[-5.546116,36.930182],[-5.524788,36.937333],[-5.513889,36.956544],[-5.469732,36.983948],[-5.510986,37.033603],[-5.447907,37.050215],[-5.431317,37.050394],[-5.420085,37.013557],[-5.435238,36.991122],[-5.460037,36.977985],[-5.43895,36.935288],[-5.413658,36.939794],[-5.41336,36.954015],[-5.392391,36.973284],[-5.360757,36.985156],[-5.302105,37.037363],[-5.300224,37.013742],[-5.234533,36.94105],[-5.137839,37.002106],[-5.095581,36.968295],[-5.110115,36.959332],[-5.086769,36.905091],[-5.105079,36.897936],[-5.133292,36.839102],[-5.172264,36.823507],[-5.222013,36.842722],[-5.225375,36.856575],[-5.266305,36.875332],[-5.269776,36.884215],[-5.301583,36.869643],[-5.306291,36.857592],[-5.332508,36.838605],[-5.340714,36.819418],[-5.319819,36.786732],[-5.290935,36.77517],[-5.324626,36.724009],[-5.327621,36.694893],[-5.318714,36.690479],[-5.330397,36.679318],[-5.324029,36.673341],[-5.333824,36.672392],[-5.380718,36.631781],[-5.438503,36.614172],[-5.455914,36.619583],[-5.460816,36.588784],[-5.489554,36.57046],[-5.502058,36.547613],[-5.523325,36.531123],[-5.537065,36.527154],[-5.541642,36.537664],[-5.595123,36.550914],[-5.611777,36.541602],[-5.607916,36.512028],[-5.572156,36.512649],[-5.559803,36.503716],[-5.52303,36.498448],[-5.491415,36.537217],[-5.473718,36.53715],[-5.465509,36.528709],[-5.460322,36.537913],[-5.43158,36.534558],[-5.412904,36.520339],[-5.395548,36.46958],[-5.355787,36.434456],[-5.357284,36.423837],[-5.3351,36.395152],[-5.335121,36.370519],[-5.315156,36.343337],[-5.320085,36.325071],[-5.27783,36.337123],[-5.252352,36.311224],[-5.269078,36.299149],[-5.269708,36.285861],[-5.269762,36.290226],[-5.275063,36.289321],[-5.2739,36.292001],[-5.283054,36.288508],[-5.280342,36.285982],[-5.275653,36.288754],[-5.271688,36.288917],[-5.27063,36.288161],[-5.29624,36.246142],[-5.310686,36.238309]]]]}},{"type":"Feature","properties":{"name":"Cantabria","mapcolor":2,"cartodb_id":2},"geometry":{"type":"MultiPolygon","coordinates":[[[[-3.304535,43.258256],[-3.265165,43.267191],[-3.249176,43.25965],[-3.252016,43.246119],[-3.270769,43.230208],[-3.26939,43.202812],[-3.284818,43.197173],[-3.296815,43.206019],[-3.29266,43.240868],[-3.304535,43.258256]]],[[[-3.218697,43.386524],[-3.219093,43.386667],[-3.217661,43.386742],[-3.218068,43.386606],[-3.218697,43.386524]]],[[[-4.463936,43.393301],[-4.463772,43.393496],[-4.463727,43.393348],[-4.463936,43.393301]]],[[[-4.476151,43.395659],[-4.476397,43.395873],[-4.476118,43.396104],[-4.475772,43.395822],[-4.476151,43.395659]]],[[[-4.499459,43.396158],[-4.500806,43.396176],[-4.501436,43.397186],[-4.499553,43.397454],[-4.499459,43.396158]]],[[[-4.483659,43.395374],[-4.484372,43.395743],[-4.482094,43.396024],[-4.482086,43.395673],[-4.483659,43.395374]]],[[[-3.247045,43.398857],[-3.247219,43.399036],[-3.246848,43.399019],[-3.246872,43.398893],[-3.247045,43.398857]]],[[[-4.021087,43.450554],[-4.022274,43.450606],[-4.022654,43.451188],[-4.021468,43.451181],[-4.021087,43.450554]]],[[[-4.015737,43.452141],[-4.016058,43.452147],[-4.016195,43.4522],[-4.015814,43.452356],[-4.015737,43.452141]]],[[[-4.021697,43.452286],[-4.022142,43.452345],[-4.021031,43.452382],[-4.021363,43.452316],[-4.021697,43.452286]]],[[[-3.791569,43.429851],[-3.792102,43.429982],[-3.79239,43.430277],[-3.791772,43.430228],[-3.791569,43.429851]]],[[[-3.796819,43.433497],[-3.797068,43.433622],[-3.796995,43.433766],[-3.796699,43.433768],[-3.796819,43.433497]]],[[[-4.021701,43.452565],[-4.02624,43.452723],[-4.026444,43.453072],[-4.020964,43.452815],[-4.021701,43.452565]]],[[[-4.013194,43.452353],[-4.013902,43.452545],[-4.013905,43.452716],[-4.013093,43.452957],[-4.013194,43.452353]]],[[[-4.015783,43.452663],[-4.016143,43.452786],[-4.016063,43.453201],[-4.015514,43.452836],[-4.015783,43.452663]]],[[[-3.95231,43.462601],[-3.952437,43.462852],[-3.952053,43.462792],[-3.952261,43.462646],[-3.95231,43.462601]]],[[[-3.947677,43.469942],[-3.947925,43.469985],[-3.947744,43.470248],[-3.94758,43.470051],[-3.947677,43.469942]]],[[[-3.942478,43.470291],[-3.9431,43.470529],[-3.943302,43.470843],[-3.942031,43.470988],[-3.942478,43.470291]]],[[[-3.946324,43.470395],[-3.946598,43.4705],[-3.946432,43.470934],[-3.946095,43.47073],[-3.946324,43.470395]]],[[[-3.938538,43.471341],[-3.938786,43.471438],[-3.938839,43.471618],[-3.938467,43.471585],[-3.938538,43.471341]]],[[[-3.939351,43.471947],[-3.939678,43.472322],[-3.939224,43.47256],[-3.939057,43.472129],[-3.939351,43.471947]]],[[[-3.93345,43.472571],[-3.934139,43.473124],[-3.934021,43.473503],[-3.932868,43.47327],[-3.93345,43.472571]]],[[[-3.932428,43.47285],[-3.932637,43.473551],[-3.931685,43.473558],[-3.932033,43.472871],[-3.932428,43.47285]]],[[[-3.91989,43.473564],[-3.920128,43.473823],[-3.918305,43.474225],[-3.918587,43.47407],[-3.91989,43.473564]]],[[[-3.926173,43.473738],[-3.926575,43.474122],[-3.925537,43.474167],[-3.925608,43.47395],[-3.926173,43.473738]]],[[[-3.924498,43.47413],[-3.924646,43.474156],[-3.9246,43.474372],[-3.924364,43.474284],[-3.924498,43.47413]]],[[[-3.768504,43.464306],[-3.768493,43.464415],[-3.768284,43.464479],[-3.768308,43.464425],[-3.768504,43.464306]]],[[[-3.771602,43.464871],[-3.772014,43.465201],[-3.770143,43.465844],[-3.770827,43.465164],[-3.771602,43.464871]]],[[[-3.50087,43.474859],[-3.500834,43.475021],[-3.500612,43.475076],[-3.500574,43.475004],[-3.50087,43.474859]]],[[[-3.499507,43.476008],[-3.499842,43.476115],[-3.499843,43.476304],[-3.499411,43.476342],[-3.499507,43.476008]]],[[[-3.755424,43.472272],[-3.75537,43.472903],[-3.756688,43.473425],[-3.754683,43.473322],[-3.755424,43.472272]]],[[[-3.730211,43.470058],[-3.731778,43.472866],[-3.729067,43.476674],[-3.727457,43.471345],[-3.730211,43.470058]]],[[[-3.753771,43.473553],[-3.753871,43.47366],[-3.75386,43.473714],[-3.753611,43.47359],[-3.753771,43.473553]]],[[[-3.917775,43.474337],[-3.917216,43.474981],[-3.916608,43.474851],[-3.916876,43.474633],[-3.917775,43.474337]]],[[[-3.916398,43.474853],[-3.91606,43.475405],[-3.914582,43.475795],[-3.914861,43.475423],[-3.916398,43.474853]]],[[[-3.914066,43.476042],[-3.914194,43.476311],[-3.913837,43.476413],[-3.91371,43.476216],[-3.914066,43.476042]]],[[[-3.917686,43.476634],[-3.917729,43.47703],[-3.917122,43.476972],[-3.917575,43.476644],[-3.917686,43.476634]]],[[[-3.675901,43.483662],[-3.675976,43.483743],[-3.675803,43.483735],[-3.675814,43.483672],[-3.675901,43.483662]]],[[[-3.508418,43.478508],[-3.508641,43.478561],[-3.508692,43.478687],[-3.508395,43.478761],[-3.508418,43.478508]]],[[[-3.503164,43.477181],[-3.503399,43.477207],[-3.502855,43.477218],[-3.503164,43.477181]]],[[[-3.509094,43.478001],[-3.509393,43.478234],[-3.509307,43.478351],[-3.50906,43.478343],[-3.509094,43.478001]]],[[[-3.509848,43.478025],[-3.509937,43.478313],[-3.509839,43.478367],[-3.509714,43.478187],[-3.509848,43.478025]]],[[[-3.674922,43.484577],[-3.67517,43.48472],[-3.675221,43.484801],[-3.674726,43.484758],[-3.674922,43.484577]]],[[[-3.779783,43.485761],[-3.779785,43.485878],[-3.779316,43.486007],[-3.779586,43.485789],[-3.779783,43.485761]]],[[[-3.672797,43.485949],[-3.672897,43.486039],[-3.672738,43.486139],[-3.672675,43.486067],[-3.672797,43.485949]]],[[[-3.672454,43.486239],[-3.672604,43.486374],[-3.672295,43.486375],[-3.672454,43.486239]]],[[[-3.829947,43.487759],[-3.829827,43.488039],[-3.829504,43.487897],[-3.829787,43.487778],[-3.829947,43.487759]]],[[[-3.530836,43.492715],[-3.531173,43.493092],[-3.531051,43.493236],[-3.530591,43.493022],[-3.530836,43.492715]]],[[[-3.655377,43.493253],[-3.655416,43.493487],[-3.655081,43.493309],[-3.655377,43.493253]]],[[[-3.525043,43.496443],[-3.525293,43.496739],[-3.524837,43.49693],[-3.524698,43.496588],[-3.525043,43.496443]]],[[[-3.524758,43.497867],[-3.524785,43.498137],[-3.524686,43.498137],[-3.524562,43.498057],[-3.524758,43.497867]]],[[[-3.574016,43.507446],[-3.574005,43.507635],[-3.573746,43.507691],[-3.573892,43.507483],[-3.574016,43.507446]]],[[[-3.655139,43.494173],[-3.655227,43.494308],[-3.655167,43.494443],[-3.655068,43.494417],[-3.655139,43.494173]]],[[[-3.654025,43.494053],[-3.65403,43.494522],[-3.65387,43.494595],[-3.653791,43.494163],[-3.654025,43.494053]]],[[[-3.813316,43.494479],[-3.813281,43.494587],[-3.812899,43.494752],[-3.813069,43.49449],[-3.813316,43.494479]]],[[[-3.521705,43.495233],[-3.521892,43.495403],[-3.521897,43.495953],[-3.521239,43.495695],[-3.521705,43.495233]]],[[[-3.523626,43.495612],[-3.523787,43.495728],[-3.523701,43.4958],[-3.523577,43.495765],[-3.523626,43.495612]]],[[[-3.527568,43.495197],[-3.528884,43.495777],[-3.5292,43.496577],[-3.526735,43.496174],[-3.527568,43.495197]]],[[[-3.450329,43.236002],[-3.433004,43.206298],[-3.433359,43.170927],[-3.417608,43.133316],[-3.492578,43.133823],[-3.585262,43.154411],[-3.603544,43.149638],[-3.612449,43.169518],[-3.651017,43.18104],[-3.704677,43.116275],[-3.754882,43.100548],[-3.757014,43.085046],[-3.764936,43.080887],[-3.847013,43.084421],[-3.850718,43.077051],[-3.831769,43.063826],[-3.850786,43.039248],[-3.890746,43.041826],[-3.909261,43.016097],[-3.956088,42.997963],[-3.978156,42.960458],[-3.987854,42.926092],[-3.973274,42.911586],[-3.929642,42.914699],[-3.937603,42.90481],[-3.933543,42.899602],[-3.91149,42.923391],[-3.891277,42.925485],[-3.887383,42.948767],[-3.867095,42.954829],[-3.840764,42.940645],[-3.830064,42.928574],[-3.833898,42.918074],[-3.851673,42.919487],[-3.867981,42.898862],[-3.908671,42.914992],[-3.892205,42.887044],[-3.924106,42.888911],[-3.896927,42.881608],[-3.913958,42.860242],[-3.879958,42.851121],[-3.868239,42.857032],[-3.873814,42.874765],[-3.863823,42.889635],[-3.834007,42.877194],[-3.825353,42.868633],[-3.834078,42.852492],[-3.816993,42.836462],[-3.815941,42.813159],[-3.823556,42.79886],[-3.85921,42.786778],[-3.894446,42.804538],[-3.900475,42.78928],[-3.909665,42.786443],[-3.910953,42.768386],[-3.930589,42.774487],[-3.965694,42.758599],[-3.999652,42.768979],[-3.996514,42.798959],[-4.003555,42.831407],[-4.02078,42.81935],[-4.014183,42.806377],[-4.03292,42.801257],[-4.029869,42.788343],[-4.0461,42.785783],[-4.046112,42.766801],[-4.054483,42.763395],[-4.081458,42.761623],[-4.085183,42.772282],[-4.094299,42.773393],[-4.098541,42.79129],[-4.150543,42.789409],[-4.182503,42.810434],[-4.184333,42.821832],[-4.158068,42.837482],[-4.140684,42.829105],[-4.126017,42.856681],[-4.145099,42.862319],[-4.150118,42.871438],[-4.199229,42.844336],[-4.213976,42.847313],[-4.225608,42.858696],[-4.23076,42.904754],[-4.222454,42.910745],[-4.237003,42.918121],[-4.238324,42.954155],[-4.262589,42.965338],[-4.347977,42.972391],[-4.373359,42.99504],[-4.398101,43.03501],[-4.447556,43.058366],[-4.462069,43.060989],[-4.475346,43.03868],[-4.521247,43.047533],[-4.559374,43.019227],[-4.606439,43.035426],[-4.639509,43.016364],[-4.690474,43.026472],[-4.724972,43.017854],[-4.743266,43.026589],[-4.733881,43.043105],[-4.740053,43.053168],[-4.766054,43.055284],[-4.766839,43.074691],[-4.833215,43.101904],[-4.836275,43.115745],[-4.851426,43.125945],[-4.834567,43.157463],[-4.851735,43.172872],[-4.848068,43.178136],[-4.778995,43.192082],[-4.754275,43.184],[-4.734722,43.188755],[-4.736467,43.206938],[-4.721011,43.229511],[-4.730945,43.257336],[-4.706041,43.266868],[-4.631567,43.267083],[-4.63654,43.275502],[-4.607565,43.298633],[-4.551763,43.286722],[-4.547374,43.268979],[-4.523513,43.27817],[-4.522483,43.335699],[-4.538596,43.343474],[-4.534335,43.353221],[-4.53992,43.356065],[-4.531428,43.359117],[-4.534378,43.36768],[-4.521152,43.366153],[-4.510502,43.381381],[-4.511499,43.393659],[-4.476687,43.395554],[-4.472411,43.394393],[-4.474335,43.389191],[-4.47245,43.388949],[-4.414677,43.398318],[-4.385033,43.395295],[-4.390687,43.390541],[-4.389356,43.389921],[-4.340665,43.405872],[-4.32802,43.391252],[-4.29333,43.395026],[-4.280254,43.387997],[-4.23295,43.400573],[-4.175226,43.401054],[-4.11136,43.418863],[-4.081232,43.438322],[-4.077355,43.430849],[-4.056397,43.433485],[-4.046293,43.445175],[-4.043922,43.436634],[-4.033108,43.435768],[-4.02118,43.448788],[-4.00175,43.439676],[-3.985015,43.446359],[-3.978686,43.440875],[-3.957098,43.455817],[-3.945545,43.471148],[-3.942847,43.469415],[-3.935899,43.470192],[-3.933297,43.468251],[-3.906439,43.47784],[-3.892071,43.477008],[-3.894935,43.470826],[-3.878778,43.48038],[-3.86274,43.476062],[-3.842707,43.483992],[-3.83866,43.478349],[-3.811566,43.494933],[-3.785204,43.491766],[-3.786776,43.486173],[-3.778433,43.485581],[-3.784885,43.476713],[-3.763286,43.467196],[-3.801748,43.461495],[-3.814332,43.449475],[-3.825338,43.451674],[-3.814838,43.444816],[-3.827672,43.442527],[-3.815154,43.437006],[-3.830686,43.435157],[-3.803718,43.426363],[-3.828945,43.408004],[-3.821486,43.412213],[-3.810126,43.39367],[-3.766542,43.40603],[-3.807126,43.396268],[-3.815315,43.40756],[-3.807393,43.417467],[-3.800372,43.411465],[-3.779137,43.420967],[-3.791279,43.432212],[-3.776041,43.449425],[-3.755927,43.448145],[-3.762513,43.434162],[-3.757217,43.430631],[-3.736434,43.431512],[-3.726493,43.442419],[-3.716769,43.422374],[-3.715698,43.421806],[-3.711845,43.422595],[-3.714169,43.420102],[-3.709374,43.411261],[-3.711659,43.422606],[-3.726206,43.443427],[-3.738773,43.432866],[-3.752471,43.435516],[-3.746308,43.451873],[-3.777179,43.458215],[-3.734618,43.459278],[-3.72328,43.473577],[-3.681143,43.478057],[-3.64481,43.498734],[-3.611801,43.499184],[-3.589367,43.513654],[-3.57846,43.506506],[-3.546344,43.507707],[-3.538622,43.493435],[-3.530104,43.492412],[-3.52608,43.496186],[-3.513071,43.492219],[-3.514628,43.480282],[-3.497832,43.472243],[-3.430884,43.461995],[-3.429784,43.44101],[-3.459078,43.438718],[-3.464968,43.444601],[-3.464781,43.436653],[-3.48355,43.43336],[-3.491682,43.424797],[-3.463569,43.43128],[-3.46472,43.403938],[-3.450051,43.436061],[-3.424932,43.413204],[-3.412139,43.419175],[-3.33738,43.412656],[-3.323271,43.419072],[-3.320764,43.40279],[-3.313689,43.403035],[-3.304374,43.409723],[-3.282729,43.403241],[-3.22248,43.394459],[-3.225775,43.387393],[-3.223076,43.385237],[-3.217364,43.386445],[-3.208827,43.381212],[-3.214133,43.38393],[-3.217305,43.383753],[-3.217919,43.382879],[-3.211891,43.37484],[-3.150759,43.348715],[-3.149635,43.319284],[-3.157327,43.30132],[-3.193209,43.298451],[-3.209449,43.283607],[-3.264495,43.296022],[-3.291122,43.290365],[-3.294944,43.300756],[-3.323688,43.292457],[-3.332405,43.301878],[-3.343128,43.29428],[-3.339234,43.277891],[-3.382992,43.270493],[-3.395945,43.247747],[-3.413582,43.24978],[-3.41253,43.241767],[-3.450329,43.236002]],[[-4.389848,43.394732],[-4.389763,43.394787],[-4.389742,43.39495],[-4.390035,43.394784],[-4.389848,43.394732]],[[-4.389491,43.394755],[-4.389074,43.394904],[-4.389027,43.394994],[-4.389482,43.394908],[-4.389491,43.394755]],[[-3.77718,43.472731],[-3.776946,43.472813],[-3.777551,43.4728],[-3.777502,43.472764],[-3.77718,43.472731]],[[-3.623975,43.4982],[-3.623765,43.498237],[-3.623768,43.498588],[-3.62394,43.498443],[-3.623975,43.4982]],[[-3.631017,43.497369],[-3.630684,43.497524],[-3.6306,43.497723],[-3.630637,43.497741],[-3.631017,43.497369]],[[-3.628606,43.497509],[-3.628298,43.497645],[-3.628324,43.497717],[-3.628459,43.49768],[-3.628606,43.497509]],[[-3.631093,43.497603],[-3.630886,43.49791],[-3.630912,43.498018],[-3.631143,43.497675],[-3.631093,43.497603]],[[-3.630475,43.497651],[-3.630083,43.498032],[-3.630059,43.498095],[-3.630196,43.498148],[-3.630475,43.497651]],[[-4.168628,42.811583],[-4.161589,42.820331],[-4.182981,42.820495],[-4.175207,42.811811],[-4.168628,42.811583]],[[-4.101572,42.793735],[-4.089492,42.800324],[-4.088871,42.818534],[-4.1073,42.827702],[-4.113224,42.816213],[-4.101572,42.793735]],[[-3.419848,43.413988],[-3.419688,43.414043],[-3.419802,43.414402],[-3.419913,43.414393],[-3.419848,43.413988]],[[-3.409336,43.417556],[-3.409163,43.417583],[-3.40982,43.417851],[-3.409596,43.41769],[-3.409336,43.417556]],[[-3.408677,43.416865],[-3.408642,43.417189],[-3.409162,43.417448],[-3.40885,43.416909],[-3.408677,43.416865]],[[-3.405151,43.417326],[-3.404794,43.417676],[-3.405767,43.417361],[-3.405151,43.417326]],[[-3.410154,43.418039],[-3.410304,43.418218],[-3.410232,43.418552],[-3.410502,43.418218],[-3.410154,43.418039]]],[[[-3.247577,43.399135],[-3.247615,43.39927],[-3.247417,43.399207],[-3.247417,43.399162],[-3.247577,43.399135]]],[[[-3.25536,43.402819],[-3.256003,43.402871],[-3.257437,43.403336],[-3.255942,43.403178],[-3.25536,43.402819]]],[[[-3.313575,43.404962],[-3.313864,43.405889],[-3.312979,43.406584],[-3.312234,43.405983],[-3.313575,43.404962]]],[[[-3.315237,43.4062],[-3.315522,43.40637],[-3.315351,43.406731],[-3.315003,43.406417],[-3.315237,43.4062]]],[[[-3.314758,43.406769],[-3.314907,43.406957],[-3.314809,43.407012],[-3.31461,43.406814],[-3.314758,43.406769]]],[[[-3.29306,43.407267],[-3.293308,43.407357],[-3.293383,43.407518],[-3.293049,43.407474],[-3.29306,43.407267]]],[[[-3.33501,43.415176],[-3.335281,43.415202],[-3.334627,43.415294],[-3.334688,43.415195],[-3.33501,43.415176]]],[[[-3.794973,43.417986],[-3.795421,43.41828],[-3.794099,43.418271],[-3.794196,43.418099],[-3.794973,43.417986]]]]}},{"type":"Feature","properties":{"name":"Castelló/Castellón","mapcolor":41,"cartodb_id":41},"geometry":{"type":"MultiPolygon","coordinates":[[[[0.68969,39.895274],[0.689529,39.895114],[0.689022,39.895307],[0.689425,39.895533],[0.68969,39.895274]]],[[[0.689755,39.895276],[0.689444,39.895529],[0.690042,39.896616],[0.690273,39.895554],[0.689755,39.895276]]],[[[0.688552,39.894554],[0.688117,39.895048],[0.688822,39.895248],[0.688851,39.89466],[0.688552,39.894554]]],[[[0.685324,39.893404],[0.683242,39.895099],[0.68303,39.897654],[0.687725,39.900523],[0.685324,39.893404]]],[[[0.678655,39.85034],[0.678652,39.85047],[0.67887,39.850334],[0.67879,39.850302],[0.678655,39.85034]]],[[[0.673476,39.850627],[0.673516,39.850613],[0.673472,39.850497],[0.673389,39.850567],[0.673476,39.850627]]],[[[0.678951,39.850853],[0.6787,39.850879],[0.678739,39.850993],[0.67902,39.851014],[0.678951,39.850853]]],[[[0.674214,39.850779],[0.674224,39.850679],[0.674144,39.850649],[0.674108,39.850739],[0.674214,39.850779]]],[[[0.673266,39.850707],[0.673128,39.850817],[0.673364,39.850929],[0.673419,39.850775],[0.673266,39.850707]]],[[[0.673932,39.85107],[0.674021,39.85105],[0.673917,39.850873],[0.673878,39.851016],[0.673932,39.85107]]],[[[0.673029,39.851063],[0.673032,39.850958],[0.672886,39.850967],[0.672919,39.851038],[0.673029,39.851063]]],[[[0.672198,39.851666],[0.672296,39.851597],[0.672155,39.851548],[0.672131,39.851582],[0.672198,39.851666]]],[[[0.671415,39.852027],[0.671686,39.851936],[0.671558,39.851442],[0.671218,39.851655],[0.671415,39.852027]]],[[[0.672017,39.874321],[0.671879,39.874526],[0.672378,39.87458],[0.672281,39.874455],[0.672017,39.874321]]],[[[0.670834,39.87392],[0.669307,39.875075],[0.671282,39.876123],[0.670814,39.875254],[0.670834,39.87392]]],[[[0.671475,39.874662],[0.670968,39.875155],[0.671678,39.875503],[0.671979,39.875314],[0.671475,39.874662]]],[[[0.670929,39.891961],[0.670888,39.891983],[0.671032,39.892087],[0.671031,39.891995],[0.670929,39.891961]]],[[[0.666779,39.889153],[0.666661,39.88942],[0.666061,39.889401],[0.666944,39.889734],[0.666779,39.889153]]],[[[0.66962,39.890077],[0.669434,39.890096],[0.669298,39.890327],[0.669471,39.890336],[0.66962,39.890077]]],[[[0.667891,39.890852],[0.667251,39.891358],[0.667262,39.892449],[0.669351,39.890613],[0.667891,39.890852]]],[[[0.670246,39.891487],[0.669991,39.891656],[0.670712,39.892102],[0.670412,39.89151],[0.670246,39.891487]]],[[[-0.797695,39.881067],[-0.829987,39.906783],[-0.840423,39.92495],[-0.836907,39.934055],[-0.846297,39.947698],[-0.835738,39.959996],[-0.837795,39.976808],[-0.777646,39.998407],[-0.767287,40.010027],[-0.762271,40.041263],[-0.753621,40.046608],[-0.747579,40.037879],[-0.68294,40.044225],[-0.627222,40.076202],[-0.613589,40.070013],[-0.628533,40.102578],[-0.607407,40.127979],[-0.57864,40.137335],[-0.569258,40.159163],[-0.572161,40.181474],[-0.557889,40.200838],[-0.544187,40.251659],[-0.525899,40.237316],[-0.494515,40.228732],[-0.469974,40.240133],[-0.463814,40.233864],[-0.428072,40.243803],[-0.383626,40.264848],[-0.38291,40.278523],[-0.400408,40.294853],[-0.388637,40.306937],[-0.366273,40.305052],[-0.368988,40.311779],[-0.352982,40.313368],[-0.3498,40.327951],[-0.343155,40.325411],[-0.340617,40.339991],[-0.305194,40.3625],[-0.282026,40.36529],[-0.285244,40.386317],[-0.347355,40.44394],[-0.33261,40.459048],[-0.27264,40.473762],[-0.279738,40.48345],[-0.277638,40.501532],[-0.287604,40.509558],[-0.297693,40.505768],[-0.301837,40.515404],[-0.290112,40.543953],[-0.299868,40.577328],[-0.293286,40.611041],[-0.311577,40.611451],[-0.322441,40.602813],[-0.370483,40.613592],[-0.379692,40.624133],[-0.370797,40.650772],[-0.381126,40.66423],[-0.356168,40.677694],[-0.328818,40.680279],[-0.306998,40.659497],[-0.293627,40.673965],[-0.235991,40.691108],[-0.23839,40.721537],[-0.224034,40.754158],[-0.212835,40.758274],[-0.197176,40.784456],[-0.145306,40.785931],[-0.143841,40.768691],[-0.126841,40.753317],[-0.064699,40.727407],[-0.031415,40.72243],[-0.017716,40.7312],[0.015738,40.72843],[0.028366,40.713184],[0.026438,40.694951],[0.042175,40.691006],[0.072688,40.714308],[0.112501,40.727137],[0.143917,40.718252],[0.170486,40.732936],[0.197313,40.724178],[0.226009,40.732934],[0.22731,40.715849],[0.239644,40.700922],[0.262455,40.705924],[0.292007,40.68775],[0.267707,40.658165],[0.265666,40.644916],[0.278879,40.629893],[0.337929,40.608783],[0.401962,40.602381],[0.420182,40.58546],[0.443944,40.578223],[0.433412,40.565379],[0.437964,40.54706],[0.514702,40.523047],[0.477798,40.458739],[0.475188,40.466428],[0.466398,40.460144],[0.441092,40.428721],[0.435303,40.409484],[0.434322,40.416368],[0.417827,40.400591],[0.40403,40.365287],[0.408446,40.357348],[0.392315,40.351924],[0.329793,40.279508],[0.278363,40.244149],[0.264005,40.208554],[0.231034,40.198041],[0.193657,40.173751],[0.158363,40.119287],[0.147554,40.082915],[0.120658,40.062243],[0.084998,40.05681],[0.050069,40.035688],[0.025552,39.983406],[0.032528,39.96881],[0.02887,39.955649],[0.028444,39.967057],[0.017206,39.974355],[0.019566,39.967686],[0.012526,39.967915],[0.022361,39.967507],[0.013195,39.967382],[0.013297,39.952552],[0.004966,39.954435],[0.020052,39.95034],[0.02412,39.956491],[0.019974,39.949833],[0.013998,39.947867],[0.003299,39.950206],[-0.005156,39.91517],[-0.057944,39.873178],[-0.06699,39.857356],[-0.070698,39.864421],[-0.075248,39.861879],[-0.069021,39.858506],[-0.0774,39.862672],[-0.088872,39.85398],[-0.188272,39.721908],[-0.264177,39.745497],[-0.276528,39.770542],[-0.308568,39.796991],[-0.328259,39.801482],[-0.377919,39.799877],[-0.389383,39.7892],[-0.385561,39.772953],[-0.396095,39.758614],[-0.4096,39.745197],[-0.439084,39.736861],[-0.44552,39.717707],[-0.456176,39.714698],[-0.498251,39.747557],[-0.530898,39.796225],[-0.548405,39.795734],[-0.577049,39.773202],[-0.588138,39.741681],[-0.630815,39.746295],[-0.652429,39.754101],[-0.644708,39.791586],[-0.656151,39.835961],[-0.691111,39.852463],[-0.71255,39.816845],[-0.730456,39.814828],[-0.773562,39.869796],[-0.797695,39.881067]]]]}},{"type":"Feature","properties":{"name":"Ceuta","mapcolor":30,"cartodb_id":30},"geometry":{"type":"MultiPolygon","coordinates":[[[[-5.382061,35.912396],[-5.366949,35.917978],[-5.335732,35.894317],[-5.324916,35.900939],[-5.311227,35.896146],[-5.324713,35.896811],[-5.313521,35.88907],[-5.288411,35.907199],[-5.278295,35.897908],[-5.305538,35.884606],[-5.318719,35.887331],[-5.343486,35.870738],[-5.371843,35.881435],[-5.382061,35.912396]]]]}},{"type":"Feature","properties":{"name":"Ciudad Real","mapcolor":40,"cartodb_id":40},"geometry":{"type":"MultiPolygon","coordinates":[[[[-4.940742,39.395118],[-4.908212,39.49369],[-4.863123,39.556147],[-4.762474,39.514038],[-4.742852,39.487548],[-4.749951,39.468349],[-4.740511,39.456165],[-4.766984,39.43353],[-4.766896,39.424044],[-4.75371,39.425424],[-4.755371,39.415713],[-4.774614,39.397194],[-4.810434,39.39657],[-4.845546,39.379206],[-4.86071,39.379739],[-4.870935,39.368313],[-4.902002,39.374503],[-4.940742,39.395118]]],[[[-2.732242,38.781849],[-2.696283,38.782932],[-2.640156,38.741742],[-2.655556,38.671433],[-2.668855,38.649221],[-2.699823,38.62536],[-2.717585,38.625125],[-2.728246,38.616075],[-2.763691,38.627886],[-2.750097,38.615565],[-2.765499,38.573853],[-2.74679,38.546814],[-2.773368,38.528754],[-2.770159,38.520655],[-2.779955,38.509706],[-2.787405,38.515533],[-2.79242,38.502681],[-2.806595,38.503048],[-2.812968,38.491298],[-2.830832,38.487423],[-2.831064,38.476455],[-2.837581,38.484368],[-2.840108,38.477234],[-2.854264,38.478992],[-2.850707,38.474581],[-2.879742,38.46316],[-2.88149,38.452645],[-2.905788,38.469907],[-2.963586,38.471454],[-2.976935,38.454894],[-2.993509,38.450119],[-2.992227,38.428589],[-3.001713,38.408321],[-3.064966,38.478248],[-3.138288,38.438577],[-3.279424,38.460244],[-3.305258,38.479276],[-3.326492,38.482121],[-3.375012,38.475235],[-3.376684,38.439596],[-3.410396,38.423559],[-3.424824,38.406799],[-3.451698,38.400318],[-3.528443,38.408641],[-3.541888,38.445385],[-3.583076,38.451469],[-3.585846,38.405602],[-3.598236,38.398474],[-3.620472,38.393988],[-3.730008,38.424367],[-3.739064,38.413757],[-3.785612,38.425269],[-3.830056,38.412796],[-3.830561,38.392903],[-3.854284,38.375141],[-3.91512,38.368814],[-4.006447,38.368074],[-4.144925,38.386432],[-4.156557,38.381325],[-4.257784,38.401577],[-4.2768,38.390206],[-4.26887,38.347171],[-4.276385,38.350892],[-4.28693,38.342757],[-4.320526,38.362371],[-4.331998,38.360665],[-4.389366,38.386052],[-4.406449,38.383127],[-4.435173,38.402235],[-4.452988,38.400871],[-4.512691,38.463854],[-4.535309,38.469995],[-4.541488,38.481899],[-4.559138,38.476889],[-4.566297,38.490941],[-4.584416,38.493212],[-4.593691,38.486382],[-4.609017,38.495021],[-4.622779,38.523794],[-4.666036,38.547724],[-4.70395,38.553171],[-4.707366,38.571946],[-4.733406,38.574645],[-4.787545,38.597052],[-4.821208,38.596488],[-4.860171,38.613979],[-4.86888,38.680934],[-4.87697,38.686094],[-4.94087,38.681528],[-5.0046,38.695095],[-5.000435,38.701212],[-5.008025,38.715229],[-5.046948,38.729087],[-4.989994,38.739758],[-4.961241,38.78845],[-4.943484,38.854378],[-4.91494,38.88744],[-4.847319,38.882403],[-4.841711,38.918316],[-4.83113,38.935611],[-4.845253,38.945904],[-4.89113,38.952468],[-4.905072,38.963306],[-4.918221,38.957045],[-4.93367,38.975576],[-4.962504,39.058727],[-4.935134,39.056418],[-4.879987,39.032425],[-4.86099,39.031783],[-4.849172,39.045505],[-4.832793,39.04616],[-4.826935,39.064119],[-4.858416,39.076831],[-4.874404,39.100434],[-4.856872,39.123276],[-4.853171,39.152438],[-4.831559,39.164231],[-4.832222,39.175078],[-4.810273,39.199416],[-4.77364,39.1895],[-4.742549,39.19452],[-4.676547,39.169593],[-4.647893,39.166866],[-4.687949,39.203073],[-4.708229,39.209868],[-4.713548,39.244317],[-4.733681,39.252543],[-4.761096,39.320718],[-4.707083,39.327984],[-4.704262,39.364441],[-4.669667,39.416614],[-4.686937,39.449729],[-4.618132,39.454401],[-4.611593,39.460141],[-4.618426,39.484652],[-4.590283,39.499744],[-4.567921,39.497282],[-4.554627,39.510777],[-4.561444,39.533138],[-4.542684,39.544002],[-4.531089,39.531604],[-4.531453,39.555079],[-4.524951,39.561625],[-4.482188,39.538797],[-4.501669,39.535096],[-4.51122,39.522125],[-4.499887,39.517685],[-4.483268,39.488355],[-4.461586,39.478547],[-4.45308,39.517288],[-4.441906,39.523131],[-4.421745,39.507152],[-4.320652,39.483412],[-4.239447,39.478205],[-4.193234,39.495384],[-4.158731,39.576761],[-4.124345,39.563557],[-4.041778,39.575354],[-4.03008,39.521974],[-4.060076,39.521443],[-4.068245,39.502546],[-4.058829,39.472186],[-4.068131,39.457054],[-4.081321,39.45167],[-4.118073,39.456882],[-4.127899,39.408852],[-4.148074,39.362765],[-4.120539,39.362619],[-4.104449,39.341112],[-4.073373,39.365334],[-3.972202,39.352176],[-3.966255,39.316444],[-3.958679,39.309569],[-3.966856,39.298553],[-3.857356,39.258502],[-3.841675,39.259581],[-3.812176,39.286714],[-3.791212,39.292895],[-3.760319,39.291686],[-3.722522,39.269607],[-3.688138,39.284863],[-3.680186,39.298281],[-3.586596,39.307665],[-3.567113,39.299327],[-3.53259,39.304157],[-3.47688,39.343144],[-3.470483,39.37214],[-3.410278,39.404589],[-3.344985,39.408198],[-3.30873,39.398784],[-3.316336,39.434031],[-3.294251,39.470771],[-3.185165,39.474999],[-3.184139,39.488176],[-3.156795,39.496121],[-3.095882,39.473175],[-3.06988,39.450063],[-3.022699,39.457137],[-3.014854,39.445072],[-2.999403,39.441586],[-2.994784,39.451376],[-2.956792,39.447214],[-2.928518,39.470267],[-2.932413,39.452499],[-2.914812,39.447399],[-2.908116,39.43037],[-2.889775,39.421611],[-2.886323,39.405761],[-2.870322,39.39084],[-2.870857,39.383956],[-2.88601,39.384261],[-2.896789,39.366096],[-2.882466,39.350026],[-2.864269,39.356304],[-2.860028,39.346819],[-2.846226,39.348451],[-2.826424,39.359047],[-2.793153,39.39774],[-2.776032,39.394761],[-2.772084,39.369595],[-2.722186,39.267187],[-2.842657,39.134491],[-2.827264,39.098362],[-2.80501,39.078944],[-2.80881,39.028686],[-2.832264,39.023243],[-2.844591,38.986359],[-2.870966,38.965548],[-2.882888,38.938491],[-2.876219,38.925508],[-2.857664,38.927379],[-2.835805,38.905975],[-2.792464,38.905554],[-2.790649,38.891574],[-2.761871,38.880336],[-2.751145,38.84835],[-2.752679,38.814731],[-2.734518,38.79529],[-2.732242,38.781849]]]]}},{"type":"Feature","properties":{"name":"Córdoba","mapcolor":39,"cartodb_id":39},"geometry":{"type":"MultiPolygon","coordinates":[[[[-5.018149,37.592107],[-5.026597,37.595422],[-5.031007,37.610604],[-5.04791,37.60814],[-5.040405,37.626195],[-5.084973,37.643791],[-5.084322,37.648083],[-5.05379,37.642373],[-5.046795,37.631942],[-5.031191,37.641521],[-5.026496,37.635158],[-5.033857,37.621639],[-5.018149,37.592107]]],[[[-5.411909,37.683508],[-5.38825,37.697795],[-5.38415,37.681315],[-5.37513,37.67792],[-5.36277,37.697164],[-5.343463,37.705678],[-5.327099,37.69162],[-5.319004,37.701512],[-5.307604,37.699239],[-5.304889,37.730949],[-5.318674,37.758236],[-5.309754,37.773586],[-5.349916,37.794266],[-5.339114,37.831977],[-5.344511,37.839872],[-5.414709,37.869461],[-5.422063,37.888882],[-5.413707,37.901444],[-5.422076,37.918428],[-5.416509,37.928356],[-5.424266,37.92725],[-5.415611,37.943674],[-5.474295,37.975353],[-5.493751,37.996946],[-5.489026,38.028935],[-5.495125,38.041844],[-5.539575,38.082152],[-5.538781,38.093811],[-5.581684,38.115474],[-5.585641,38.140355],[-5.539673,38.160685],[-5.538707,38.200605],[-5.520377,38.208442],[-5.525958,38.264124],[-5.544398,38.282332],[-5.555528,38.317734],[-5.575648,38.329106],[-5.566911,38.362546],[-5.559248,38.366885],[-5.585066,38.385843],[-5.584277,38.400971],[-5.572786,38.427587],[-5.552793,38.445621],[-5.519723,38.463289],[-5.50503,38.456824],[-5.491708,38.466374],[-5.4846,38.462952],[-5.479519,38.484254],[-5.410003,38.520224],[-5.416244,38.529547],[-5.403426,38.53628],[-5.406932,38.543695],[-5.383664,38.539846],[-5.39272,38.553483],[-5.383577,38.55595],[-5.389807,38.562175],[-5.375686,38.568265],[-5.371748,38.583572],[-5.308514,38.577619],[-5.310231,38.593578],[-5.292237,38.610808],[-5.254428,38.625725],[-5.253996,38.633194],[-5.244699,38.632327],[-5.247461,38.639843],[-5.239115,38.63675],[-5.222908,38.648349],[-5.223775,38.656712],[-5.214745,38.648567],[-5.208485,38.667697],[-5.199984,38.656567],[-5.196876,38.667303],[-5.184233,38.659728],[-5.179071,38.665726],[-5.185764,38.67417],[-5.167322,38.680469],[-5.184505,38.719695],[-5.166607,38.711667],[-5.119001,38.716144],[-5.09919,38.707653],[-5.046948,38.729087],[-5.025021,38.726541],[-5.002021,38.708178],[-5.0046,38.695095],[-4.94087,38.681528],[-4.87697,38.686094],[-4.86888,38.680934],[-4.860171,38.613979],[-4.821208,38.596488],[-4.787545,38.597052],[-4.733406,38.574645],[-4.707366,38.571946],[-4.70395,38.553171],[-4.666036,38.547724],[-4.622779,38.523794],[-4.609017,38.495021],[-4.593691,38.486382],[-4.584416,38.493212],[-4.566297,38.490941],[-4.559138,38.476889],[-4.541488,38.481899],[-4.535309,38.469995],[-4.512691,38.463854],[-4.452988,38.400871],[-4.435173,38.402235],[-4.406449,38.383127],[-4.389366,38.386052],[-4.331998,38.360665],[-4.320526,38.362371],[-4.28733,38.342761],[-4.275573,38.35091],[-4.255796,38.340192],[-4.237442,38.341541],[-4.238538,38.315107],[-4.226847,38.308254],[-4.228054,38.301176],[-4.210014,38.300859],[-4.214824,38.269646],[-4.208233,38.266515],[-4.216686,38.246953],[-4.196001,38.237847],[-4.201175,38.214084],[-4.167861,38.180787],[-4.161197,38.145003],[-4.174681,38.131873],[-4.194249,38.126999],[-4.203704,38.107977],[-4.21795,38.110768],[-4.22211,38.102993],[-4.214085,38.089477],[-4.228703,38.090776],[-4.221901,38.082934],[-4.232489,38.083328],[-4.226845,38.079918],[-4.236278,38.062534],[-4.246465,38.069735],[-4.251945,38.063522],[-4.251062,38.048463],[-4.241071,38.053399],[-4.240086,38.047029],[-4.250603,38.038897],[-4.268941,38.039764],[-4.259958,38.022232],[-4.282252,38.022812],[-4.28445,38.003835],[-4.264315,37.973448],[-4.258052,37.939322],[-4.262394,37.915077],[-4.27481,37.902794],[-4.286737,37.796543],[-4.20682,37.778913],[-4.20714,37.770188],[-4.229418,37.755363],[-4.238225,37.719461],[-4.18312,37.706476],[-4.164368,37.681506],[-4.227869,37.639781],[-4.218444,37.627621],[-4.221809,37.621951],[-4.207589,37.609825],[-4.187828,37.616562],[-4.172644,37.610611],[-4.163023,37.599372],[-4.170522,37.588475],[-4.161307,37.58788],[-4.160992,37.575157],[-4.120976,37.5543],[-4.122313,37.546833],[-4.099097,37.530666],[-4.098058,37.511531],[-4.059995,37.505813],[-4.087653,37.486075],[-4.07016,37.47212],[-4.048141,37.467973],[-4.000821,37.402091],[-4.085943,37.403746],[-4.127219,37.378258],[-4.15784,37.342252],[-4.204036,37.352913],[-4.236419,37.335851],[-4.236509,37.297219],[-4.248128,37.26912],[-4.263253,37.260378],[-4.25531,37.229565],[-4.328133,37.184071],[-4.331311,37.195187],[-4.322629,37.204523],[-4.371637,37.215205],[-4.382575,37.231545],[-4.379696,37.27523],[-4.407375,37.273787],[-4.419123,37.282199],[-4.43302,37.273911],[-4.445001,37.277587],[-4.456971,37.25844],[-4.468242,37.257544],[-4.465238,37.251506],[-4.477045,37.257362],[-4.485181,37.252483],[-4.477553,37.244728],[-4.491164,37.238582],[-4.498077,37.223334],[-4.499343,37.230349],[-4.534601,37.211889],[-4.561169,37.219311],[-4.575432,37.209262],[-4.602299,37.209237],[-4.596276,37.225055],[-4.61436,37.243215],[-4.613768,37.255084],[-4.64533,37.246855],[-4.662116,37.283744],[-4.681092,37.290046],[-4.67525,37.301783],[-4.660614,37.294445],[-4.665774,37.299267],[-4.659008,37.305076],[-4.68407,37.315357],[-4.681484,37.323379],[-4.668439,37.319805],[-4.679578,37.329994],[-4.671179,37.334493],[-4.685656,37.330268],[-4.686745,37.34114],[-4.718667,37.358499],[-4.722614,37.346428],[-4.73295,37.34278],[-4.726065,37.341826],[-4.729224,37.335327],[-4.748727,37.330912],[-4.767452,37.337727],[-4.782224,37.328502],[-4.822126,37.358195],[-4.823612,37.368761],[-4.814688,37.377532],[-4.826019,37.379079],[-4.84981,37.410659],[-4.837644,37.423241],[-4.840635,37.436019],[-4.88474,37.437983],[-4.875342,37.450453],[-4.904089,37.467405],[-4.910182,37.47978],[-4.904468,37.489489],[-4.915201,37.48416],[-4.916154,37.492679],[-4.90602,37.499837],[-4.924608,37.500383],[-4.933945,37.51985],[-4.947042,37.520536],[-4.948935,37.521947],[-4.932025,37.545909],[-4.937654,37.571844],[-4.930216,37.57585],[-4.931732,37.61659],[-4.940147,37.621243],[-4.974282,37.600157],[-4.958161,37.62164],[-4.953766,37.652443],[-4.982692,37.676293],[-4.999821,37.70659],[-5.047227,37.718294],[-5.072582,37.707695],[-5.089049,37.694662],[-5.091506,37.679948],[-5.076435,37.668904],[-5.076804,37.664662],[-5.070015,37.661834],[-5.069878,37.65935],[-5.097878,37.670291],[-5.093607,37.675648],[-5.108612,37.700667],[-5.12971,37.698747],[-5.113491,37.68873],[-5.10792,37.662578],[-5.135752,37.668566],[-5.150054,37.660917],[-5.176768,37.680577],[-5.273789,37.62549],[-5.323304,37.61425],[-5.35186,37.584288],[-5.358148,37.585136],[-5.359933,37.605448],[-5.381198,37.610906],[-5.414016,37.645275],[-5.393599,37.656018],[-5.411006,37.661548],[-5.411909,37.683508]]]]}},{"type":"Feature","properties":{"name":"Cuenca","mapcolor":7,"cartodb_id":7},"geometry":{"type":"MultiPolygon","coordinates":[[[[-2.66234,39.321949],[-2.742507,39.318253],[-2.772084,39.369595],[-2.776032,39.394761],[-2.789077,39.397525],[-2.826424,39.359047],[-2.847167,39.348074],[-2.860028,39.346819],[-2.864269,39.356304],[-2.882466,39.350026],[-2.893968,39.358551],[-2.887229,39.382707],[-2.870857,39.383956],[-2.870322,39.39084],[-2.886323,39.405761],[-2.889775,39.421611],[-2.908116,39.43037],[-2.914812,39.447399],[-2.932413,39.452499],[-2.92825,39.47006],[-2.935798,39.493817],[-2.935293,39.525677],[-2.920648,39.559141],[-2.925514,39.601798],[-2.913747,39.613728],[-2.91786,39.623057],[-2.908233,39.642332],[-2.997748,39.718866],[-3.015551,39.764908],[-3.040537,39.787581],[-3.059675,39.837471],[-3.076292,39.855707],[-3.096266,39.869109],[-3.127227,39.874683],[-3.106878,39.90314],[-3.097059,39.933467],[-3.096597,39.98694],[-3.142566,39.984965],[-3.170235,40.048139],[-3.161578,40.064929],[-3.118189,40.061429],[-3.089719,40.070125],[-3.060707,40.090564],[-3.052983,40.099388],[-3.056194,40.113743],[-3.077176,40.135559],[-3.093973,40.139548],[-3.097374,40.154352],[-3.086244,40.163902],[-3.068885,40.156588],[-3.063767,40.168251],[-3.015966,40.152708],[-3.012258,40.173971],[-3.021071,40.187493],[-3.005682,40.208865],[-2.946982,40.169609],[-2.911484,40.157083],[-2.873738,40.173574],[-2.863125,40.200112],[-2.821531,40.205182],[-2.802631,40.264026],[-2.816966,40.364024],[-2.805887,40.390971],[-2.80768,40.406794],[-2.799615,40.423627],[-2.786035,40.427243],[-2.790041,40.431682],[-2.780319,40.444764],[-2.76007,40.441993],[-2.769869,40.421401],[-2.760023,40.412335],[-2.7229,40.397117],[-2.728027,40.411427],[-2.716043,40.407875],[-2.717431,40.419825],[-2.705094,40.416001],[-2.690669,40.395134],[-2.685129,40.398002],[-2.68077,40.402711],[-2.70345,40.425375],[-2.685013,40.427732],[-2.676356,40.43578],[-2.685152,40.443291],[-2.673158,40.448609],[-2.663845,40.436051],[-2.641576,40.448849],[-2.599555,40.443368],[-2.586236,40.450259],[-2.546596,40.43502],[-2.542546,40.425445],[-2.515465,40.424281],[-2.504534,40.448649],[-2.523036,40.467015],[-2.544453,40.474633],[-2.528726,40.498381],[-2.546266,40.518956],[-2.538714,40.534025],[-2.527235,40.544275],[-2.513601,40.515769],[-2.49597,40.50881],[-2.448641,40.524531],[-2.426745,40.540748],[-2.411821,40.525628],[-2.383453,40.540867],[-2.383206,40.553622],[-2.417282,40.583447],[-2.412451,40.602116],[-2.399514,40.613509],[-2.359031,40.596841],[-2.35396,40.589524],[-2.359847,40.580639],[-2.343439,40.569384],[-2.29766,40.572845],[-2.286042,40.592223],[-2.294245,40.624651],[-2.274601,40.644754],[-2.213815,40.619176],[-2.169249,40.630233],[-2.156937,40.658692],[-2.091202,40.646365],[-2.035798,40.601566],[-1.985527,40.585434],[-1.965905,40.59198],[-1.964457,40.611525],[-1.954066,40.600152],[-1.926448,40.59407],[-1.904488,40.546461],[-1.909467,40.541652],[-1.899806,40.541038],[-1.882003,40.518823],[-1.888794,40.504083],[-1.874145,40.471032],[-1.861916,40.462471],[-1.866189,40.45036],[-1.85396,40.421844],[-1.845328,40.417272],[-1.836703,40.425987],[-1.810163,40.399447],[-1.777769,40.391878],[-1.741581,40.349679],[-1.697677,40.321292],[-1.70684,40.313603],[-1.720152,40.318507],[-1.72946,40.302908],[-1.72122,40.2787],[-1.712324,40.278295],[-1.707695,40.297126],[-1.690346,40.30966],[-1.540483,40.190804],[-1.510902,40.203715],[-1.474416,40.185042],[-1.439208,40.197014],[-1.442366,40.157597],[-1.456213,40.130954],[-1.407597,40.101404],[-1.420286,40.093514],[-1.383137,40.038966],[-1.37686,40.016499],[-1.335775,40.016673],[-1.249456,39.995103],[-1.168197,40.010585],[-1.147352,39.988596],[-1.144536,39.970173],[-1.208184,39.943806],[-1.208967,39.92816],[-1.19586,39.91393],[-1.200044,39.858706],[-1.215004,39.808774],[-1.275409,39.738641],[-1.261995,39.698907],[-1.272102,39.686039],[-1.291978,39.67254],[-1.312827,39.670484],[-1.368535,39.689615],[-1.417932,39.654936],[-1.462082,39.576621],[-1.504362,39.563902],[-1.502856,39.552232],[-1.520542,39.55027],[-1.502602,39.545616],[-1.507001,39.520643],[-1.501144,39.515504],[-1.507217,39.507861],[-1.499153,39.50045],[-1.50366,39.491498],[-1.512454,39.496269],[-1.505055,39.487705],[-1.512558,39.483233],[-1.503223,39.479347],[-1.512999,39.471246],[-1.513391,39.458268],[-1.528916,39.4546],[-1.518324,39.448378],[-1.52449,39.443086],[-1.515449,39.438718],[-1.521047,39.431744],[-1.496656,39.427025],[-1.622694,39.362683],[-1.739281,39.32116],[-1.763107,39.301494],[-1.769853,39.280508],[-1.845191,39.286118],[-1.887077,39.30479],[-1.989799,39.29368],[-1.995076,39.309809],[-2.028431,39.336808],[-2.020331,39.351824],[-2.095625,39.359425],[-2.073695,39.321121],[-2.077345,39.308238],[-2.050963,39.266677],[-2.168681,39.281074],[-2.18185,39.269309],[-2.218928,39.261517],[-2.288677,39.226661],[-2.30183,39.263612],[-2.321191,39.283739],[-2.34989,39.278542],[-2.361091,39.246553],[-2.374077,39.232784],[-2.511046,39.342153],[-2.548777,39.323455],[-2.593675,39.339417],[-2.619258,39.340143],[-2.634971,39.326759],[-2.66234,39.321949]]]]}},{"type":"Feature","properties":{"name":"Gipuzkoa","mapcolor":15,"cartodb_id":15},"geometry":{"type":"MultiPolygon","coordinates":[[[[-2.357838,43.304189],[-2.357687,43.304512],[-2.357527,43.30452],[-2.357516,43.304403],[-2.357838,43.304189]]],[[[-2.149776,43.296181],[-2.150667,43.296791],[-2.150905,43.297369],[-2.149843,43.296667],[-2.149776,43.296181]]],[[[-2.268899,43.300474],[-2.269034,43.30052],[-2.269155,43.300719],[-2.268762,43.300554],[-2.268899,43.300474]]],[[[-1.99982,43.320337],[-2.000767,43.321966],[-1.997152,43.322051],[-1.999602,43.320821],[-1.99982,43.320337]]],[[[-2.400768,43.322116],[-2.400902,43.322225],[-2.400887,43.322477],[-2.400727,43.322485],[-2.400768,43.322116]]],[[[-2.407493,43.323025],[-2.407441,43.323277],[-2.407427,43.323511],[-2.407355,43.323303],[-2.407493,43.323025]]],[[[-2.409378,43.323188],[-2.409426,43.323323],[-2.409547,43.323567],[-2.409327,43.323431],[-2.409378,43.323188]]],[[[-2.408523,43.323688],[-2.408827,43.32413],[-2.408813,43.324256],[-2.408383,43.324101],[-2.408523,43.323688]]],[[[-2.602684,42.982228],[-2.592775,42.987596],[-2.60094,43.001367],[-2.596533,43.009249],[-2.549582,43.019789],[-2.524851,43.045327],[-2.548119,43.075083],[-2.540995,43.076693],[-2.547262,43.084679],[-2.544312,43.091631],[-2.525779,43.095679],[-2.513682,43.090017],[-2.501144,43.096535],[-2.496216,43.123411],[-2.50068,43.151895],[-2.509717,43.161443],[-2.484113,43.170903],[-2.49248,43.180876],[-2.486883,43.201441],[-2.499481,43.209764],[-2.497945,43.219923],[-2.494117,43.225696],[-2.463253,43.223466],[-2.436581,43.243707],[-2.439006,43.251832],[-2.418061,43.267602],[-2.439005,43.29491],[-2.411725,43.324181],[-2.352928,43.298704],[-2.343138,43.303367],[-2.282781,43.295223],[-2.228462,43.311013],[-2.206303,43.304386],[-2.202446,43.311725],[-2.196534,43.305587],[-2.201599,43.301112],[-2.189571,43.292365],[-2.174289,43.288464],[-2.149594,43.295963],[-2.130502,43.287455],[-2.108959,43.301181],[-2.030468,43.320998],[-2.008439,43.324194],[-1.99094,43.315874],[-1.991751,43.326533],[-1.980191,43.323756],[-1.962396,43.338146],[-1.923781,43.332035],[-1.928108,43.335723],[-1.883361,43.349502],[-1.86497,43.372381],[-1.79126,43.39591],[-1.787898,43.386186],[-1.796946,43.382491],[-1.779009,43.36341],[-1.789238,43.352983],[-1.737382,43.330155],[-1.741662,43.316399],[-1.729369,43.293823],[-1.783243,43.28682],[-1.793912,43.276461],[-1.794975,43.246929],[-1.805719,43.239866],[-1.819264,43.238692],[-1.834445,43.224099],[-1.849358,43.227932],[-1.861392,43.211836],[-1.867524,43.230374],[-1.873357,43.225911],[-1.87667,43.231905],[-1.880657,43.220634],[-1.874028,43.21957],[-1.880793,43.217916],[-1.874934,43.210484],[-1.881908,43.206788],[-1.887243,43.214621],[-1.890171,43.207283],[-1.903257,43.211308],[-1.914152,43.225171],[-1.920688,43.15063],[-1.901952,43.135854],[-1.947525,43.097527],[-1.971583,43.093252],[-1.97515,43.083388],[-2.022824,43.065193],[-2.020441,43.046731],[-2.041395,43.0297],[-2.028306,42.998838],[-2.032759,42.987197],[-2.052576,42.976323],[-2.095235,42.972553],[-2.103729,42.949261],[-2.117632,42.942246],[-2.18096,42.935126],[-2.19236,42.94903],[-2.210258,42.949912],[-2.215511,42.936891],[-2.235566,42.926608],[-2.237758,42.895996],[-2.250781,42.895731],[-2.289543,42.902309],[-2.302321,42.925954],[-2.336352,42.934901],[-2.354798,42.950027],[-2.376676,42.948041],[-2.409897,42.959502],[-2.450937,42.956447],[-2.477767,42.965938],[-2.501204,42.959485],[-2.535304,42.973445],[-2.544306,42.950275],[-2.551159,42.958623],[-2.581024,42.964257],[-2.602684,42.982228]],[[-1.809679,43.38854],[-1.80953,43.388583],[-1.809553,43.388664],[-1.809752,43.388568],[-1.809679,43.38854]],[[-1.799093,43.391932],[-1.798969,43.391957],[-1.798781,43.392073],[-1.799154,43.391986],[-1.799093,43.391932]]]]}},{"type":"Feature","properties":{"name":"Girona","mapcolor":38,"cartodb_id":38},"geometry":{"type":"MultiPolygon","coordinates":[[[[2.815917,41.682216],[2.815951,41.682177],[2.815857,41.68217],[2.815866,41.682194],[2.815917,41.682216]]],[[[2.814246,41.682322],[2.814232,41.682371],[2.814304,41.682368],[2.814311,41.682291],[2.814246,41.682322]]],[[[2.816059,41.682693],[2.816129,41.682679],[2.816121,41.682606],[2.816034,41.682652],[2.816059,41.682693]]],[[[2.816083,41.682857],[2.816069,41.682941],[2.815841,41.682842],[2.816074,41.683031],[2.816313,41.682906],[2.816083,41.682857]]],[[[2.815849,41.682354],[2.815949,41.682347],[2.81592,41.682245],[2.815812,41.682265],[2.815849,41.682354]]],[[[2.816825,41.685742],[2.816745,41.685663],[2.816683,41.685706],[2.816729,41.685776],[2.816825,41.685742]]],[[[2.816883,41.685775],[2.816921,41.68584],[2.817002,41.685838],[2.816924,41.685697],[2.816883,41.685775]]],[[[2.791367,41.670018],[2.791301,41.670062],[2.791314,41.670138],[2.791426,41.670026],[2.791367,41.670018]]],[[[2.791223,41.670209],[2.791258,41.670168],[2.791232,41.670141],[2.791177,41.670201],[2.791223,41.670209]]],[[[2.790787,41.670276],[2.790753,41.670312],[2.790847,41.670304],[2.790823,41.670269],[2.790787,41.670276]]],[[[2.790611,41.670335],[2.790591,41.670393],[2.790633,41.670415],[2.790674,41.670345],[2.790611,41.670335]]],[[[2.792143,41.670484],[2.792354,41.670794],[2.792472,41.670435],[2.792042,41.66997],[2.792143,41.670484]]],[[[2.80436,41.673156],[2.804259,41.673055],[2.804169,41.673149],[2.804284,41.673242],[2.80436,41.673156]]],[[[2.803005,41.673292],[2.802902,41.672965],[2.802751,41.673015],[2.802792,41.673268],[2.803005,41.673292]]],[[[2.803639,41.673157],[2.80324,41.673038],[2.80312,41.673116],[2.803799,41.673231],[2.803639,41.673157]]],[[[2.802001,41.674014],[2.802029,41.673951],[2.801924,41.673967],[2.801932,41.674004],[2.802001,41.674014]]],[[[2.803448,41.674062],[2.803319,41.674077],[2.803448,41.674195],[2.803489,41.674171],[2.803448,41.674062]]],[[[2.80378,41.674246],[2.803767,41.674005],[2.80372,41.673964],[2.803595,41.674094],[2.80378,41.674246]]],[[[2.803704,41.674702],[2.803645,41.674795],[2.803665,41.674826],[2.803786,41.674674],[2.803704,41.674702]]],[[[2.803741,41.675046],[2.803698,41.674929],[2.803639,41.674908],[2.803627,41.675098],[2.803741,41.675046]]],[[[2.806053,41.676265],[2.806106,41.676248],[2.805866,41.67616],[2.805994,41.67626],[2.806053,41.676265]]],[[[2.806263,41.675984],[2.806092,41.675858],[2.806031,41.675951],[2.80619,41.676064],[2.806263,41.675984]]],[[[2.806021,41.676079],[2.805857,41.675985],[2.805815,41.675988],[2.805846,41.676114],[2.806021,41.676079]]],[[[2.806218,41.676311],[2.806146,41.676296],[2.806144,41.676349],[2.806208,41.676343],[2.806218,41.676311]]],[[[2.806458,41.676373],[2.806431,41.676289],[2.806324,41.676403],[2.806452,41.67645],[2.806458,41.676373]]],[[[2.80687,41.67638],[2.806801,41.676384],[2.806794,41.676457],[2.806904,41.67642],[2.80687,41.67638]]],[[[2.809632,41.67672],[2.809677,41.676567],[2.809488,41.67663],[2.809514,41.67672],[2.809632,41.67672]]],[[[2.807312,41.67659],[2.807266,41.676555],[2.807192,41.676603],[2.807251,41.676645],[2.807312,41.67659]]],[[[2.807159,41.676621],[2.807095,41.676621],[2.807039,41.676676],[2.807186,41.676644],[2.807159,41.676621]]],[[[2.811455,41.680251],[2.811448,41.680198],[2.811338,41.680168],[2.811359,41.680266],[2.811455,41.680251]]],[[[2.81128,41.680324],[2.811289,41.680281],[2.811235,41.680256],[2.811253,41.680345],[2.81128,41.680324]]],[[[2.811291,41.680126],[2.811229,41.679982],[2.811131,41.679989],[2.811159,41.680175],[2.811291,41.680126]]],[[[2.811696,41.680989],[2.811723,41.680921],[2.811713,41.680901],[2.811647,41.680945],[2.811696,41.680989]]],[[[2.812205,41.681231],[2.81207,41.681091],[2.811988,41.681201],[2.812106,41.68129],[2.812205,41.681231]]],[[[2.816708,41.681881],[2.816463,41.681795],[2.816349,41.681918],[2.816548,41.681979],[2.816708,41.681881]]],[[[2.814101,41.682058],[2.813905,41.681837],[2.813758,41.681971],[2.813885,41.682143],[2.814101,41.682058]]],[[[2.808187,41.676964],[2.80823,41.677055],[2.808448,41.67698],[2.808286,41.676835],[2.808187,41.676964]]],[[[2.807317,41.676692],[2.807095,41.676691],[2.807046,41.676796],[2.807279,41.676831],[2.807317,41.676692]]],[[[2.80731,41.676905],[2.8078,41.677487],[2.808265,41.677248],[2.807805,41.676823],[2.80731,41.676905]]],[[[2.815561,41.681964],[2.815759,41.682199],[2.816069,41.68189],[2.815903,41.681821],[2.815561,41.681964]]],[[[2.816034,41.682142],[2.816076,41.682111],[2.81606,41.682082],[2.815996,41.682125],[2.816034,41.682142]]],[[[2.816149,41.682217],[2.816152,41.68211],[2.816066,41.682129],[2.816038,41.682221],[2.816149,41.682217]]],[[[2.889755,41.702963],[2.889807,41.703005],[2.889859,41.702975],[2.889814,41.702956],[2.889755,41.702963]]],[[[2.891188,41.703374],[2.89129,41.703441],[2.891323,41.703416],[2.891214,41.703292],[2.891188,41.703374]]],[[[2.890263,41.703449],[2.890336,41.703435],[2.890355,41.70336],[2.890256,41.703357],[2.890263,41.703449]]],[[[2.895959,41.703541],[2.895823,41.703756],[2.896346,41.703887],[2.896138,41.703603],[2.895959,41.703541]]],[[[2.89372,41.703986],[2.893657,41.703909],[2.89358,41.703958],[2.893691,41.704035],[2.89372,41.703986]]],[[[2.893969,41.704129],[2.894104,41.70389],[2.893874,41.703812],[2.893851,41.704075],[2.893969,41.704129]]],[[[2.892512,41.703525],[2.892664,41.703719],[2.893026,41.703767],[2.892902,41.703536],[2.892512,41.703525]]],[[[2.912047,41.707218],[2.911966,41.70751],[2.91153,41.707739],[2.912381,41.707587],[2.912047,41.707218]]],[[[2.940103,41.719763],[2.93964,41.720093],[2.939894,41.720494],[2.940355,41.720155],[2.940103,41.719763]]],[[[2.939861,41.720532],[2.939796,41.720607],[2.939921,41.720655],[2.939959,41.720554],[2.939861,41.720532]]],[[[2.939863,41.720676],[2.939855,41.720721],[2.940004,41.720776],[2.939997,41.720705],[2.939863,41.720676]]],[[[2.972159,41.752714],[2.972049,41.752749],[2.972016,41.752781],[2.972273,41.752792],[2.972159,41.752714]]],[[[2.948365,41.728417],[2.948296,41.728447],[2.948256,41.728539],[2.948317,41.728545],[2.948365,41.728417]]],[[[2.952877,41.731468],[2.952741,41.731556],[2.952795,41.731616],[2.952887,41.731575],[2.952877,41.731468]]],[[[2.959168,41.740727],[2.959108,41.740856],[2.959248,41.740939],[2.959283,41.740802],[2.959168,41.740727]]],[[[2.9652,41.744977],[2.965049,41.745291],[2.965496,41.745321],[2.965472,41.745062],[2.9652,41.744977]]],[[[2.966376,41.746509],[2.966353,41.746654],[2.966629,41.746775],[2.966513,41.746565],[2.966376,41.746509]]],[[[2.967069,41.746851],[2.966846,41.746907],[2.967218,41.747032],[2.967178,41.746863],[2.967069,41.746851]]],[[[2.943103,41.725188],[2.943062,41.725262],[2.943287,41.72535],[2.943251,41.725226],[2.943103,41.725188]]],[[[2.946004,41.725497],[2.945753,41.725771],[2.945889,41.725944],[2.946283,41.725788],[2.946004,41.725497]]],[[[2.945592,41.725851],[2.945653,41.725992],[2.945742,41.725915],[2.945665,41.725856],[2.945592,41.725851]]],[[[2.945399,41.725969],[2.945725,41.726249],[2.945899,41.726186],[2.945829,41.726073],[2.945399,41.725969]]],[[[3.060038,41.792762],[3.060104,41.793082],[3.060252,41.79312],[3.060307,41.793063],[3.060038,41.792762]]],[[[3.059331,41.791647],[3.059279,41.791983],[3.059622,41.792055],[3.059471,41.791721],[3.059331,41.791647]]],[[[3.056215,41.786672],[3.056287,41.78693],[3.054952,41.78718],[3.056937,41.786931],[3.056215,41.786672]]],[[[3.048993,41.782023],[3.04869,41.782129],[3.048597,41.782287],[3.048905,41.782234],[3.048993,41.782023]]],[[[3.040628,41.778126],[3.040443,41.778199],[3.041182,41.778259],[3.041165,41.778205],[3.040628,41.778126]]],[[[3.04411,41.778707],[3.044021,41.778775],[3.043786,41.778841],[3.044344,41.778893],[3.04411,41.778707]]],[[[3.045496,41.779498],[3.045521,41.779641],[3.046259,41.779683],[3.046068,41.779576],[3.045496,41.779498]]],[[[3.044864,41.77981],[3.044776,41.779896],[3.04522,41.780017],[3.045129,41.779814],[3.044864,41.77981]]],[[[3.045628,41.779878],[3.045612,41.779969],[3.045833,41.780011],[3.045788,41.779915],[3.045628,41.779878]]],[[[3.032062,41.771691],[3.032442,41.772535],[3.032597,41.772644],[3.032602,41.772185],[3.032062,41.771691]]],[[[3.028324,41.770556],[3.027998,41.770663],[3.027945,41.770747],[3.028289,41.770819],[3.028324,41.770556]]],[[[3.002051,41.764762],[3.00186,41.764781],[3.001866,41.764844],[3.002119,41.764849],[3.002051,41.764762]]],[[[3.001777,41.765434],[3.001824,41.765557],[3.00204,41.765546],[3.001856,41.765511],[3.001777,41.765434]]],[[[2.981797,41.75752],[2.981995,41.757392],[2.981474,41.757355],[2.981642,41.757487],[2.981797,41.75752]]],[[[2.976127,41.75593],[2.976202,41.755948],[2.976257,41.755925],[2.97608,41.755897],[2.976127,41.75593]]],[[[2.975454,41.75369],[2.975432,41.753697],[2.975145,41.753731],[2.975674,41.753743],[2.975454,41.75369]]],[[[2.975362,41.7545],[2.975217,41.754529],[2.975134,41.754557],[2.975551,41.754497],[2.975362,41.7545]]],[[[2.981452,41.757497],[2.981504,41.757451],[2.981376,41.757409],[2.98138,41.75746],[2.981452,41.757497]]],[[[2.981396,41.757527],[2.981084,41.757595],[2.981068,41.757642],[2.981509,41.757578],[2.981396,41.757527]]],[[[2.980803,41.757987],[2.980929,41.758112],[2.981288,41.757818],[2.980745,41.75777],[2.980803,41.757987]]],[[[2.828679,41.690529],[2.828539,41.690519],[2.828479,41.690702],[2.828722,41.690668],[2.828679,41.690529]]],[[[2.829677,41.690832],[2.829178,41.690784],[2.829037,41.691271],[2.829504,41.69117],[2.829677,41.690832]]],[[[2.829775,41.691202],[2.829846,41.691237],[2.829891,41.691202],[2.829856,41.691173],[2.829775,41.691202]]],[[[2.82721,41.690563],[2.827362,41.690593],[2.82752,41.690374],[2.827153,41.690459],[2.82721,41.690563]]],[[[2.822083,41.688989],[2.82205,41.68896],[2.821949,41.688969],[2.822026,41.68903],[2.822083,41.688989]]],[[[2.821951,41.689051],[2.821904,41.689051],[2.821982,41.689096],[2.82198,41.689068],[2.821951,41.689051]]],[[[2.822379,41.689461],[2.822329,41.689385],[2.82226,41.689405],[2.822309,41.689541],[2.822379,41.689461]]],[[[2.822644,41.689499],[2.822787,41.689655],[2.822975,41.689595],[2.822807,41.689441],[2.822644,41.689499]]],[[[2.827029,41.690151],[2.826787,41.690126],[2.826699,41.690198],[2.827342,41.690136],[2.827029,41.690151]]],[[[2.826285,41.690181],[2.826185,41.690108],[2.826129,41.690126],[2.826176,41.690269],[2.826285,41.690181]]],[[[2.826684,41.690273],[2.826582,41.690222],[2.826508,41.690239],[2.826715,41.690337],[2.826684,41.690273]]],[[[2.824065,41.690413],[2.824124,41.69037],[2.824114,41.690343],[2.824061,41.690342],[2.824065,41.690413]]],[[[2.825504,41.690382],[2.825425,41.690287],[2.825362,41.690277],[2.825497,41.690493],[2.825504,41.690382]]],[[[2.818467,41.686587],[2.818177,41.686472],[2.819119,41.686882],[2.818757,41.686589],[2.818467,41.686587]]],[[[2.818189,41.686758],[2.818317,41.686782],[2.81811,41.686588],[2.818094,41.68663],[2.818189,41.686758]]],[[[2.821188,41.688657],[2.821255,41.688633],[2.82112,41.688635],[2.821139,41.688653],[2.821188,41.688657]]],[[[2.822328,41.688689],[2.822162,41.688617],[2.822122,41.688641],[2.822433,41.688769],[2.822328,41.688689]]],[[[2.81982,41.6888],[2.81975,41.688816],[2.81986,41.688881],[2.819875,41.688839],[2.81982,41.6888]]],[[[2.821842,41.688738],[2.821761,41.688739],[2.82191,41.688799],[2.821909,41.688779],[2.821842,41.688738]]],[[[2.821994,41.688949],[2.822105,41.688916],[2.822129,41.688874],[2.821925,41.688897],[2.821994,41.688949]]],[[[2.83866,41.692638],[2.838918,41.692892],[2.839003,41.692878],[2.838589,41.69246],[2.83866,41.692638]]],[[[2.839128,41.692845],[2.839101,41.692748],[2.838997,41.692787],[2.839047,41.692871],[2.839128,41.692845]]],[[[2.839308,41.693042],[2.839308,41.693081],[2.839355,41.693076],[2.839354,41.693042],[2.839308,41.693042]]],[[[2.842255,41.693517],[2.842439,41.693612],[2.84248,41.69358],[2.842213,41.693323],[2.842255,41.693517]]],[[[2.842126,41.693297],[2.84207,41.693275],[2.842019,41.69338],[2.84209,41.693391],[2.842126,41.693297]]],[[[2.840095,41.693174],[2.839991,41.69324],[2.840022,41.693348],[2.840101,41.693301],[2.840095,41.693174]]],[[[2.843135,41.694462],[2.84317,41.694531],[2.843051,41.694258],[2.843007,41.694432],[2.843135,41.694462]]],[[[2.843221,41.694533],[2.843273,41.694544],[2.843253,41.694449],[2.843227,41.694459],[2.843221,41.694533]]],[[[2.845027,41.694766],[2.845033,41.694816],[2.8451,41.694788],[2.845071,41.694757],[2.845027,41.694766]]],[[[2.845343,41.695034],[2.845418,41.695068],[2.845401,41.694946],[2.845322,41.694967],[2.845343,41.695034]]],[[[2.845366,41.695376],[2.845348,41.695521],[2.845582,41.695421],[2.845537,41.695323],[2.845366,41.695376]]],[[[2.84563,41.695948],[2.845619,41.695907],[2.845587,41.695895],[2.845577,41.695976],[2.84563,41.695948]]],[[[2.845443,41.695994],[2.845489,41.696048],[2.845568,41.696015],[2.845536,41.695954],[2.845443,41.695994]]],[[[2.859983,41.698663],[2.860084,41.698683],[2.860091,41.698568],[2.859988,41.698575],[2.859983,41.698663]]],[[[2.866922,41.698907],[2.866957,41.698878],[2.866933,41.698798],[2.866859,41.698897],[2.866922,41.698907]]],[[[2.862855,41.699034],[2.862913,41.698961],[2.862859,41.698921],[2.86277,41.699004],[2.862855,41.699034]]],[[[2.86059,41.698959],[2.860511,41.698783],[2.860419,41.69877],[2.860411,41.698902],[2.86059,41.698959]]],[[[2.86127,41.69897],[2.861338,41.698974],[2.861344,41.698947],[2.861274,41.698904],[2.86127,41.69897]]],[[[2.865001,41.698953],[2.864893,41.698911],[2.864813,41.698982],[2.865032,41.699027],[2.865001,41.698953]]],[[[2.859027,41.699258],[2.859133,41.699315],[2.859298,41.699168],[2.859047,41.699139],[2.859027,41.699258]]],[[[2.862998,41.699121],[2.863058,41.699114],[2.863013,41.699052],[2.862967,41.699081],[2.862998,41.699121]]],[[[2.861403,41.699086],[2.861353,41.699062],[2.861253,41.699098],[2.861387,41.699134],[2.861403,41.699086]]],[[[2.869116,41.699309],[2.869194,41.699285],[2.869113,41.699212],[2.869079,41.699273],[2.869116,41.699309]]],[[[2.868815,41.699326],[2.868837,41.699251],[2.868696,41.699294],[2.868736,41.699349],[2.868815,41.699326]]],[[[2.863444,41.699235],[2.863564,41.69923],[2.863466,41.69911],[2.863418,41.699152],[2.863444,41.699235]]],[[[2.860933,41.699273],[2.860884,41.699246],[2.860878,41.699325],[2.860921,41.699339],[2.860933,41.699273]]],[[[2.869986,41.699495],[2.87005,41.699553],[2.870215,41.699513],[2.870091,41.699428],[2.869986,41.699495]]],[[[2.857967,41.69976],[2.857996,41.699725],[2.857931,41.699705],[2.857922,41.699752],[2.857967,41.69976]]],[[[2.856338,41.700061],[2.8563,41.700034],[2.856267,41.700066],[2.856312,41.700091],[2.856338,41.700061]]],[[[2.870503,41.700131],[2.870566,41.700151],[2.870596,41.700112],[2.870513,41.700059],[2.870503,41.700131]]],[[[2.856376,41.699942],[2.856447,41.700058],[2.85654,41.700032],[2.856437,41.699917],[2.856376,41.699942]]],[[[2.856753,41.699865],[2.856761,41.699787],[2.856558,41.699785],[2.856624,41.69986],[2.856753,41.699865]]],[[[2.869854,41.699874],[2.869915,41.699847],[2.869821,41.69979],[2.86981,41.699827],[2.869854,41.699874]]],[[[2.872514,41.700211],[2.872529,41.700161],[2.872457,41.700153],[2.872451,41.700199],[2.872514,41.700211]]],[[[2.872252,41.700386],[2.872202,41.700054],[2.871878,41.700129],[2.872104,41.700398],[2.872252,41.700386]]],[[[2.872464,41.700284],[2.872554,41.700328],[2.872586,41.700264],[2.872537,41.700261],[2.872464,41.700284]]],[[[2.874944,41.700897],[2.874974,41.700959],[2.875068,41.700927],[2.874977,41.700853],[2.874944,41.700897]]],[[[2.877946,41.701053],[2.878013,41.700934],[2.877777,41.700844],[2.877851,41.701015],[2.877946,41.701053]]],[[[2.874686,41.700892],[2.874696,41.700804],[2.874552,41.700864],[2.874567,41.70089],[2.874686,41.700892]]],[[[2.872963,41.700931],[2.87313,41.70101],[2.873177,41.70083],[2.872901,41.700735],[2.872963,41.700931]]],[[[2.879723,41.701815],[2.879825,41.701825],[2.87992,41.701886],[2.87988,41.701778],[2.879542,41.701757],[2.879723,41.701815]]],[[[2.889304,41.70216],[2.889205,41.702184],[2.889276,41.702341],[2.889352,41.702262],[2.889304,41.70216]]],[[[2.8859,41.702433],[2.885863,41.702352],[2.88563,41.702329],[2.885725,41.702538],[2.8859,41.702433]]],[[[2.885938,41.701829],[2.88586,41.70201],[2.886021,41.702095],[2.886162,41.701912],[2.885938,41.701829]]],[[[2.887817,41.701358],[2.887659,41.701314],[2.887546,41.701376],[2.887864,41.701452],[2.887817,41.701358]]],[[[2.887514,41.701403],[2.887465,41.701294],[2.887263,41.701319],[2.887683,41.701479],[2.887514,41.701403]]],[[[2.886549,41.701524],[2.886751,41.70146],[2.886903,41.701495],[2.886614,41.701365],[2.886254,41.701366],[2.886549,41.701524]]],[[[2.878694,41.701575],[2.879254,41.701665],[2.879371,41.70154],[2.878988,41.70126],[2.878694,41.701575]]],[[[2.869284,41.699467],[2.869395,41.699557],[2.869504,41.699514],[2.869243,41.699361],[2.869284,41.699467]]],[[[2.85814,41.699636],[2.85819,41.699566],[2.858035,41.699531],[2.858043,41.699596],[2.85814,41.699636]]],[[[2.885167,41.703645],[2.885215,41.703681],[2.885265,41.703639],[2.885205,41.7036],[2.885167,41.703645]]],[[[3.131864,41.841946],[3.131822,41.841951],[3.131822,41.841964],[3.131854,41.841974],[3.131864,41.841946]]],[[[3.131769,41.842003],[3.131798,41.841993],[3.131802,41.841979],[3.131777,41.841964],[3.131769,41.842003]]],[[[3.131851,41.842005],[3.131802,41.841998],[3.131796,41.842005],[3.131836,41.842027],[3.131851,41.842005]]],[[[3.190558,41.887425],[3.19043,41.887477],[3.190656,41.88769],[3.190687,41.887517],[3.190558,41.887425]]],[[[3.190797,41.887781],[3.190706,41.88784],[3.190721,41.887867],[3.190802,41.887835],[3.190797,41.887781]]],[[[3.189913,41.887487],[3.189894,41.887533],[3.190092,41.887838],[3.190096,41.887513],[3.189913,41.887487]]],[[[3.19039,41.887686],[3.190416,41.887829],[3.190523,41.887814],[3.190528,41.887742],[3.19039,41.887686]]],[[[3.189937,41.887729],[3.189894,41.887785],[3.18995,41.887863],[3.190028,41.887805],[3.189937,41.887729]]],[[[3.187568,41.861916],[3.187537,41.861962],[3.187414,41.862068],[3.187685,41.862008],[3.187568,41.861916]]],[[[3.186377,41.862322],[3.186426,41.862319],[3.186417,41.862281],[3.186352,41.86229],[3.186377,41.862322]]],[[[3.187157,41.862271],[3.187038,41.862781],[3.187529,41.862881],[3.187532,41.862413],[3.187157,41.862271]]],[[[3.186187,41.862391],[3.186192,41.862359],[3.186123,41.86235],[3.186177,41.86242],[3.186187,41.862391]]],[[[3.186158,41.862558],[3.186218,41.862597],[3.186276,41.862526],[3.186152,41.862473],[3.186158,41.862558]]],[[[3.186235,41.862466],[3.18628,41.862503],[3.186302,41.862567],[3.186428,41.862521],[3.186235,41.862466]]],[[[3.186429,41.862715],[3.186456,41.862867],[3.186598,41.862841],[3.186565,41.862744],[3.186429,41.862715]]],[[[3.185637,41.862587],[3.185229,41.862769],[3.18616,41.862611],[3.186056,41.862487],[3.185637,41.862587]]],[[[3.18513,41.862653],[3.184954,41.862665],[3.184927,41.862709],[3.185094,41.862797],[3.18513,41.862653]]],[[[3.165696,41.862451],[3.165711,41.86247],[3.165723,41.86242],[3.165702,41.862431],[3.165696,41.862451]]],[[[3.164146,41.861692],[3.164172,41.861697],[3.164178,41.861673],[3.16415,41.86167],[3.164146,41.861692]]],[[[3.165019,41.861792],[3.165031,41.86174],[3.16495,41.861769],[3.164975,41.861793],[3.165019,41.861792]]],[[[3.165448,41.86198],[3.165498,41.862045],[3.165557,41.862004],[3.165484,41.861891],[3.165448,41.86198]]],[[[3.165588,41.862324],[3.165707,41.86239],[3.165685,41.862072],[3.165564,41.862168],[3.165588,41.862324]]],[[[3.165391,41.862251],[3.16541,41.862391],[3.165546,41.862424],[3.165562,41.862328],[3.165391,41.862251]]],[[[3.165728,41.862385],[3.165767,41.862406],[3.165775,41.862394],[3.165746,41.862353],[3.165728,41.862385]]],[[[3.169298,41.862851],[3.169367,41.862797],[3.169379,41.862763],[3.169215,41.862861],[3.169298,41.862851]]],[[[3.169492,41.862723],[3.169503,41.862676],[3.169433,41.862705],[3.169443,41.86272],[3.169492,41.862723]]],[[[3.169668,41.862806],[3.169636,41.86287],[3.16979,41.862729],[3.169731,41.862707],[3.169668,41.862806]]],[[[3.169421,41.862864],[3.169319,41.862916],[3.169345,41.863064],[3.169516,41.862947],[3.169421,41.862864]]],[[[3.167227,41.863192],[3.167383,41.863278],[3.167466,41.863187],[3.167303,41.863096],[3.167227,41.863192]]],[[[3.167744,41.863256],[3.167783,41.863224],[3.167744,41.863145],[3.167725,41.863184],[3.167744,41.863256]]],[[[3.172177,41.86355],[3.172235,41.86353],[3.172108,41.863493],[3.172117,41.863517],[3.172177,41.86355]]],[[[3.172297,41.863805],[3.172355,41.863817],[3.172411,41.863779],[3.172289,41.863749],[3.172297,41.863805]]],[[[3.175633,41.865187],[3.175634,41.865146],[3.175577,41.86515],[3.175574,41.865193],[3.175633,41.865187]]],[[[3.168341,41.863523],[3.168377,41.863556],[3.168405,41.863414],[3.168356,41.863421],[3.168341,41.863523]]],[[[3.175424,41.863029],[3.175307,41.863071],[3.175359,41.863147],[3.17549,41.863086],[3.175424,41.863029]]],[[[3.170727,41.863244],[3.170907,41.863239],[3.170969,41.863137],[3.170754,41.86316],[3.170727,41.863244]]],[[[3.175663,41.865336],[3.175683,41.865309],[3.175649,41.865298],[3.175641,41.865323],[3.175663,41.865336]]],[[[3.174571,41.865434],[3.174663,41.865596],[3.174706,41.865632],[3.1747,41.865493],[3.174571,41.865434]]],[[[3.174586,41.86561],[3.174616,41.865606],[3.174585,41.865578],[3.174573,41.865582],[3.174586,41.86561]]],[[[3.178839,41.867032],[3.178534,41.867364],[3.179301,41.867322],[3.178865,41.867175],[3.178839,41.867032]]],[[[3.178534,41.86749],[3.1785,41.867762],[3.17898,41.86824],[3.179146,41.867718],[3.178534,41.86749]]],[[[3.174794,41.865657],[3.174973,41.865702],[3.175071,41.865586],[3.174863,41.865511],[3.174794,41.865657]]],[[[3.176385,41.86601],[3.176462,41.866037],[3.176541,41.865988],[3.176452,41.86593],[3.176385,41.86601]]],[[[3.178338,41.871191],[3.178354,41.871235],[3.178387,41.871197],[3.178338,41.871191]]],[[[3.178447,41.868584],[3.178389,41.868605],[3.178393,41.868649],[3.178476,41.868627],[3.178447,41.868584]]],[[[3.178506,41.868688],[3.178566,41.868811],[3.178623,41.868781],[3.178567,41.868703],[3.178506,41.868688]]],[[[3.17791,41.869],[3.17788,41.869064],[3.177923,41.869143],[3.177968,41.869105],[3.17791,41.869]]],[[[3.177687,41.869192],[3.177616,41.869205],[3.177626,41.869303],[3.177739,41.869225],[3.177687,41.869192]]],[[[3.179397,41.871926],[3.179352,41.871964],[3.179476,41.872002],[3.179397,41.871926]]],[[[3.178682,41.871262],[3.178703,41.871351],[3.178764,41.871357],[3.178795,41.87131],[3.178682,41.871262]]],[[[3.178455,41.871275],[3.178396,41.871296],[3.178494,41.871434],[3.178605,41.871338],[3.178455,41.871275]]],[[[3.178736,41.871439],[3.178704,41.871486],[3.178754,41.87151],[3.178762,41.871465],[3.178736,41.871439]]],[[[3.17866,41.871659],[3.178615,41.871689],[3.178678,41.871713],[3.17866,41.871659]]],[[[3.17857,41.871466],[3.178525,41.871505],[3.178576,41.871538],[3.178621,41.8715],[3.17857,41.871466]]],[[[3.178779,41.871761],[3.178721,41.871791],[3.178821,41.871822],[3.178779,41.871761]]],[[[3.179138,41.871868],[3.17916,41.871966],[3.179265,41.871933],[3.179248,41.87188],[3.179138,41.871868]]],[[[3.145326,41.850683],[3.145325,41.850715],[3.145388,41.850726],[3.145358,41.850686],[3.145326,41.850683]]],[[[3.148114,41.857895],[3.148139,41.858009],[3.148236,41.85792],[3.148178,41.857841],[3.148114,41.857895]]],[[[3.147817,41.857764],[3.147854,41.857621],[3.147709,41.857643],[3.147715,41.857721],[3.147817,41.857764]]],[[[3.147304,41.857739],[3.147277,41.857775],[3.147365,41.857791],[3.147365,41.857755],[3.147304,41.857739]]],[[[3.148842,41.858177],[3.148944,41.85825],[3.148933,41.858024],[3.148842,41.858094],[3.148842,41.858177]]],[[[3.150605,41.858135],[3.150566,41.858206],[3.150892,41.858281],[3.150693,41.85811],[3.150605,41.858135]]],[[[3.149538,41.85823],[3.149535,41.858331],[3.149716,41.858274],[3.149564,41.858194],[3.149538,41.85823]]],[[[3.150284,41.858533],[3.150312,41.858571],[3.150344,41.858511],[3.150303,41.858506],[3.150284,41.858533]]],[[[3.15898,41.859464],[3.158821,41.859432],[3.158771,41.859523],[3.159038,41.859538],[3.15898,41.859464]]],[[[3.160439,41.860318],[3.160719,41.860479],[3.160775,41.860168],[3.16058,41.860328],[3.160439,41.860318]]],[[[3.151005,41.85938],[3.151006,41.85942],[3.151048,41.859452],[3.151037,41.85939],[3.151005,41.85938]]],[[[3.150474,41.858309],[3.150436,41.858313],[3.150445,41.858365],[3.150523,41.858332],[3.150474,41.858309]]],[[[3.150173,41.858447],[3.150171,41.858344],[3.150013,41.858444],[3.15009,41.858467],[3.150173,41.858447]]],[[[3.150627,41.858451],[3.150622,41.858746],[3.151058,41.858528],[3.150921,41.858337],[3.150627,41.858451]]],[[[3.15809,41.86104],[3.158093,41.861074],[3.158124,41.861075],[3.158121,41.861027],[3.15809,41.86104]]],[[[3.162224,41.861179],[3.162193,41.861114],[3.162121,41.861141],[3.162159,41.861199],[3.162224,41.861179]]],[[[3.157987,41.861151],[3.157929,41.861157],[3.157935,41.861221],[3.158016,41.86119],[3.157987,41.861151]]],[[[3.158009,41.861103],[3.158039,41.86109],[3.158044,41.861079],[3.158005,41.86107],[3.158009,41.861103]]],[[[3.16378,41.861379],[3.163769,41.861361],[3.163725,41.861325],[3.163773,41.861406],[3.16378,41.861379]]],[[[3.163887,41.861536],[3.163875,41.861506],[3.16385,41.861516],[3.163866,41.861549],[3.163887,41.861536]]],[[[3.163417,41.861539],[3.163388,41.861553],[3.163385,41.861581],[3.163423,41.861572],[3.163417,41.861539]]],[[[3.163677,41.861329],[3.163679,41.861298],[3.163637,41.861318],[3.163644,41.861327],[3.163677,41.861329]]],[[[3.162598,41.861234],[3.162636,41.861256],[3.162661,41.861219],[3.162609,41.861196],[3.162598,41.861234]]],[[[3.162399,41.861279],[3.162369,41.861239],[3.162331,41.861237],[3.162353,41.861296],[3.162399,41.861279]]],[[[3.163878,41.861606],[3.163902,41.861639],[3.163986,41.861635],[3.163927,41.861548],[3.163878,41.861606]]],[[[3.183579,41.887263],[3.183572,41.887308],[3.183614,41.887369],[3.183633,41.887323],[3.183579,41.887263]]],[[[3.1866,41.887478],[3.1865,41.887573],[3.186503,41.8876],[3.186588,41.887604],[3.1866,41.887478]]],[[[3.181261,41.880862],[3.181226,41.880873],[3.181325,41.880895],[3.181261,41.880862]]],[[[3.18184,41.881119],[3.181768,41.881123],[3.18183,41.881138],[3.18184,41.881119]]],[[[3.183446,41.881284],[3.183362,41.881415],[3.183473,41.881562],[3.183534,41.88145],[3.183446,41.881284]]],[[[3.183133,41.88104],[3.183344,41.881227],[3.183401,41.881188],[3.183318,41.881084],[3.183133,41.88104]]],[[[3.18306,41.881152],[3.182952,41.881284],[3.183221,41.881323],[3.183163,41.881219],[3.18306,41.881152]]],[[[3.178326,41.872182],[3.17826,41.872248],[3.178409,41.872294],[3.178399,41.872196],[3.178326,41.872182]]],[[[3.180591,41.876929],[3.180564,41.87702],[3.180637,41.877025],[3.18064,41.876935],[3.180591,41.876929]]],[[[3.179845,41.876933],[3.179613,41.877027],[3.180123,41.877071],[3.180095,41.877028],[3.179845,41.876933]]],[[[3.179377,41.877445],[3.179176,41.877491],[3.179133,41.877539],[3.179364,41.877562],[3.179377,41.877445]]],[[[3.179407,41.877758],[3.179232,41.877812],[3.179237,41.877866],[3.17947,41.877908],[3.179407,41.877758]]],[[[3.178968,41.878448],[3.178891,41.878524],[3.178996,41.878491],[3.178968,41.878448]]],[[[3.179078,41.878586],[3.179251,41.878631],[3.179258,41.878585],[3.179078,41.878586]]],[[[3.179391,41.879334],[3.179369,41.879353],[3.179263,41.879386],[3.179412,41.879432],[3.179391,41.879334]]],[[[3.1807,41.880542],[3.180604,41.880547],[3.180667,41.88057],[3.1807,41.880542]]],[[[3.183009,41.883612],[3.182974,41.883623],[3.183052,41.883682],[3.183035,41.883629],[3.183009,41.883612]]],[[[3.182249,41.884967],[3.18223,41.885022],[3.182322,41.884973],[3.182249,41.884967]]],[[[3.18241,41.885634],[3.182419,41.885732],[3.182493,41.885746],[3.182498,41.885674],[3.18241,41.885634]]],[[[3.183312,41.88139],[3.183254,41.881421],[3.183295,41.881463],[3.183354,41.881451],[3.183312,41.88139]]],[[[3.183152,41.881984],[3.183217,41.882026],[3.183265,41.882023],[3.183214,41.881999],[3.183152,41.881984]]],[[[3.183059,41.882016],[3.183024,41.882027],[3.183135,41.882057],[3.183133,41.88203],[3.183059,41.882016]]],[[[3.183095,41.882383],[3.183002,41.882424],[3.183074,41.88242],[3.183095,41.882383]]],[[[3.183082,41.882879],[3.182999,41.882884],[3.182904,41.882907],[3.182979,41.88293],[3.183082,41.882879]]],[[[3.182875,41.883349],[3.182816,41.883362],[3.182879,41.883385],[3.182875,41.883349]]],[[[3.182935,41.883472],[3.182999,41.883505],[3.182984,41.883478],[3.182935,41.883472]]],[[[3.182958,41.883336],[3.182936,41.883355],[3.183044,41.883475],[3.183045,41.883358],[3.182958,41.883336]]],[[[3.183723,41.887624],[3.183687,41.887626],[3.18368,41.88768],[3.183727,41.887669],[3.183723,41.887624]]],[[[3.08653,41.830168],[3.086563,41.830145],[3.086553,41.830124],[3.086501,41.830139],[3.08653,41.830168]]],[[[3.088817,41.831594],[3.088835,41.831654],[3.088965,41.831577],[3.08886,41.83154],[3.088817,41.831594]]],[[[3.088478,41.831816],[3.088513,41.831833],[3.088547,41.831804],[3.0885,41.831785],[3.088478,41.831816]]],[[[3.089395,41.831956],[3.089372,41.832024],[3.089424,41.832038],[3.089439,41.831986],[3.089395,41.831956]]],[[[3.092794,41.831927],[3.092694,41.832117],[3.092757,41.83223],[3.092965,41.832071],[3.092794,41.831927]]],[[[3.093071,41.832168],[3.093106,41.832186],[3.09313,41.832158],[3.09307,41.832144],[3.093071,41.832168]]],[[[3.090225,41.832212],[3.090192,41.832284],[3.090289,41.832305],[3.090306,41.832207],[3.090225,41.832212]]],[[[3.091922,41.832296],[3.091869,41.832262],[3.091814,41.83228],[3.091905,41.832329],[3.091922,41.832296]]],[[[3.091567,41.832018],[3.091549,41.831967],[3.091488,41.831982],[3.091514,41.832041],[3.091567,41.832018]]],[[[3.079002,41.822244],[3.079068,41.822438],[3.07922,41.822394],[3.079101,41.822274],[3.079002,41.822244]]],[[[3.078176,41.822423],[3.0782,41.822547],[3.078329,41.822639],[3.078378,41.82252],[3.078176,41.822423]]],[[[3.079153,41.82346],[3.079173,41.82354],[3.079429,41.82358],[3.079399,41.82351],[3.079153,41.82346]]],[[[3.085964,41.825636],[3.085912,41.825728],[3.08599,41.825817],[3.08605,41.825644],[3.085964,41.825636]]],[[[3.082512,41.82569],[3.08244,41.825703],[3.08241,41.825723],[3.082519,41.825774],[3.082512,41.82569]]],[[[3.080042,41.823818],[3.079959,41.823831],[3.079803,41.823965],[3.08009,41.82395],[3.080042,41.823818]]],[[[3.081182,41.823793],[3.080832,41.823902],[3.080844,41.824162],[3.081456,41.824012],[3.081182,41.823793]]],[[[3.085696,41.828311],[3.085689,41.828364],[3.085749,41.828329],[3.085729,41.828314],[3.085696,41.828311]]],[[[3.08475,41.826032],[3.084546,41.825961],[3.08433,41.825989],[3.084595,41.826147],[3.084949,41.825963],[3.08475,41.826032]]],[[[3.084677,41.827679],[3.084763,41.82756],[3.08463,41.827468],[3.084582,41.827608],[3.084677,41.827679]]],[[[3.084843,41.827606],[3.08481,41.827573],[3.084776,41.827601],[3.084812,41.82763],[3.084843,41.827606]]],[[[3.094236,41.834702],[3.09424,41.834731],[3.094286,41.834743],[3.094269,41.834703],[3.094236,41.834702]]],[[[3.094224,41.834735],[3.094194,41.834715],[3.094133,41.834771],[3.094201,41.834781],[3.094224,41.834735]]],[[[3.093613,41.834865],[3.09361,41.834938],[3.093661,41.834937],[3.093662,41.834916],[3.093613,41.834865]]],[[[3.094632,41.834887],[3.094577,41.834937],[3.094578,41.834939],[3.094652,41.83493],[3.094632,41.834887]]],[[[3.094253,41.834803],[3.094314,41.835041],[3.094623,41.834856],[3.094571,41.834808],[3.094253,41.834803]]],[[[3.09374,41.834884],[3.093715,41.834895],[3.093797,41.835005],[3.093818,41.834915],[3.09374,41.834884]]],[[[3.094446,41.8357],[3.094428,41.835696],[3.094417,41.835701],[3.094429,41.835714],[3.094446,41.8357]]],[[[3.094482,41.835737],[3.094432,41.835773],[3.094576,41.835746],[3.094528,41.83575],[3.094482,41.835737]]],[[[3.093755,41.835789],[3.093748,41.835799],[3.093725,41.835813],[3.09376,41.835823],[3.093755,41.835789]]],[[[3.094087,41.835774],[3.09407,41.835797],[3.094071,41.835837],[3.094142,41.835804],[3.094087,41.835774]]],[[[3.094441,41.835814],[3.094414,41.83581],[3.094362,41.835846],[3.094448,41.835842],[3.094441,41.835814]]],[[[3.093907,41.836041],[3.093887,41.836017],[3.093868,41.836027],[3.093928,41.836069],[3.093907,41.836041]]],[[[3.094096,41.836607],[3.094081,41.83658],[3.094055,41.836591],[3.094076,41.836628],[3.094096,41.836607]]],[[[3.094266,41.836633],[3.094282,41.836623],[3.094212,41.836621],[3.094227,41.836637],[3.094266,41.836633]]],[[[3.093998,41.836934],[3.094044,41.836953],[3.094096,41.836924],[3.094071,41.836901],[3.093998,41.836934]]],[[[3.129769,41.840836],[3.129775,41.840869],[3.12981,41.840812],[3.129771,41.840817],[3.129769,41.840836]]],[[[3.129439,41.841006],[3.129719,41.840918],[3.129683,41.84072],[3.129552,41.840707],[3.129439,41.841006]]],[[[3.094655,41.835882],[3.094702,41.835884],[3.094743,41.83585],[3.094713,41.835847],[3.094655,41.835882]]],[[[3.094691,41.835902],[3.094665,41.835922],[3.094663,41.835931],[3.094713,41.835921],[3.094691,41.835902]]],[[[3.093985,41.835926],[3.093999,41.835936],[3.09403,41.835923],[3.094012,41.835909],[3.093985,41.835926]]],[[[3.094628,41.835969],[3.094455,41.835851],[3.094333,41.835987],[3.094595,41.836017],[3.094628,41.835969]]],[[[3.093108,41.832516],[3.093088,41.832678],[3.093115,41.832708],[3.093222,41.832559],[3.093108,41.832516]]],[[[3.092871,41.833906],[3.092913,41.833907],[3.092961,41.833894],[3.09287,41.833872],[3.092871,41.833906]]],[[[3.129435,41.841101],[3.129483,41.841105],[3.129486,41.841094],[3.129457,41.841061],[3.129435,41.841101]]],[[[3.128863,41.841156],[3.128839,41.841185],[3.128884,41.8412],[3.128891,41.841169],[3.128863,41.841156]]],[[[3.12952,41.841301],[3.129516,41.841323],[3.129539,41.841343],[3.129534,41.841318],[3.12952,41.841301]]],[[[3.129663,41.84146],[3.129636,41.841478],[3.129633,41.841501],[3.129681,41.841493],[3.129663,41.84146]]],[[[3.129644,41.841578],[3.129612,41.841583],[3.129624,41.841606],[3.129655,41.841599],[3.129644,41.841578]]],[[[3.129697,41.841617],[3.129713,41.841607],[3.129699,41.841592],[3.129694,41.841599],[3.129697,41.841617]]],[[[3.129673,41.841716],[3.129691,41.841697],[3.129686,41.841682],[3.129657,41.841694],[3.129673,41.841716]]],[[[3.234713,41.957665],[3.234677,41.957664],[3.234569,41.957703],[3.234697,41.957735],[3.234713,41.957665]]],[[[3.233534,41.962075],[3.233403,41.962111],[3.233375,41.962165],[3.233491,41.962172],[3.233534,41.962075]]],[[[3.234148,41.96227],[3.233846,41.962153],[3.233752,41.962263],[3.234116,41.962299],[3.234148,41.96227]]],[[[3.233539,41.962211],[3.233469,41.962232],[3.233458,41.962302],[3.233543,41.962298],[3.233539,41.962211]]],[[[3.234174,41.962395],[3.234118,41.962389],[3.23406,41.962415],[3.234131,41.962462],[3.234174,41.962395]]],[[[3.233849,41.962313],[3.233736,41.962339],[3.233983,41.962375],[3.233969,41.962331],[3.233849,41.962313]]],[[[3.231545,41.968569],[3.23149,41.968566],[3.231433,41.968583],[3.231515,41.968612],[3.231545,41.968569]]],[[[3.231416,41.968788],[3.231429,41.968875],[3.231533,41.968871],[3.23152,41.968839],[3.231416,41.968788]]],[[[3.231402,41.968903],[3.231351,41.968984],[3.231466,41.969027],[3.231479,41.968965],[3.231402,41.968903]]],[[[3.231675,41.969338],[3.23162,41.969366],[3.231733,41.969399],[3.231724,41.969347],[3.231675,41.969338]]],[[[3.230686,41.969304],[3.230646,41.969306],[3.230626,41.969357],[3.230734,41.969357],[3.230686,41.969304]]],[[[3.23134,41.96934],[3.23131,41.969341],[3.231275,41.969368],[3.231366,41.969399],[3.23134,41.96934]]],[[[3.230913,41.969397],[3.230791,41.969329],[3.230755,41.969389],[3.230881,41.969432],[3.230913,41.969397]]],[[[3.23166,41.968384],[3.231608,41.96839],[3.231588,41.968408],[3.231709,41.968416],[3.23166,41.968384]]],[[[3.231221,41.969382],[3.231182,41.969399],[3.2312,41.969453],[3.231275,41.969419],[3.231221,41.969382]]],[[[3.231633,41.969424],[3.231581,41.96943],[3.231556,41.969459],[3.231624,41.969475],[3.231633,41.969424]]],[[[3.230882,41.969482],[3.230913,41.969533],[3.230954,41.969513],[3.230932,41.969489],[3.230882,41.969482]]],[[[3.23132,41.969462],[3.231263,41.969474],[3.231256,41.969483],[3.231338,41.969501],[3.23132,41.969462]]],[[[3.229817,41.970192],[3.229954,41.970153],[3.229606,41.970198],[3.229639,41.970223],[3.229817,41.970192]]],[[[3.228905,41.969692],[3.228828,41.969715],[3.228814,41.969781],[3.228869,41.969765],[3.228905,41.969692]]],[[[3.228109,41.970025],[3.228052,41.970074],[3.228069,41.970142],[3.228119,41.970116],[3.228109,41.970025]]],[[[3.228247,41.970044],[3.2282,41.970083],[3.228221,41.970144],[3.228269,41.970108],[3.228247,41.970044]]],[[[3.187045,42.099813],[3.186951,42.099836],[3.1869,42.099929],[3.187032,42.099921],[3.187045,42.099813]]],[[[2.016889,42.109013],[2.007622,42.106476],[2.002212,42.125385],[2.02568,42.130463],[2.031945,42.126273],[2.019101,42.120973],[2.016889,42.109013]]],[[[3.123592,42.136732],[3.123537,42.136789],[3.123712,42.136843],[3.123743,42.136787],[3.123592,42.136732]]],[[[3.159149,42.118088],[3.159119,42.118153],[3.159239,42.118146],[3.159198,42.118104],[3.159149,42.118088]]],[[[3.136295,42.127041],[3.136192,42.1271],[3.136148,42.127147],[3.136288,42.127095],[3.136295,42.127041]]],[[[3.131683,42.128494],[3.131391,42.128717],[3.131396,42.129023],[3.131965,42.128659],[3.131683,42.128494]]],[[[3.1249,42.13037],[3.124868,42.130417],[3.124848,42.130715],[3.125007,42.130481],[3.1249,42.13037]]],[[[3.123784,42.132338],[3.123545,42.132495],[3.123704,42.132765],[3.123885,42.13263],[3.123784,42.132338]]],[[[3.122425,42.136417],[3.122306,42.136441],[3.122308,42.136459],[3.12243,42.13647],[3.122425,42.136417]]],[[[3.123891,42.13632],[3.123752,42.136381],[3.123585,42.13666],[3.123847,42.136736],[3.123891,42.13632]]],[[[3.22833,42.04144],[3.227981,42.041945],[3.228915,42.041867],[3.228608,42.041569],[3.22833,42.04144]]],[[[3.227386,42.041789],[3.226931,42.041948],[3.227252,42.042264],[3.22772,42.042112],[3.227386,42.041789]]],[[[3.22683,42.041171],[3.226655,42.041225],[3.226695,42.041394],[3.22702,42.041259],[3.22683,42.041171]]],[[[3.225793,42.042163],[3.22565,42.042189],[3.225609,42.04238],[3.225764,42.042363],[3.225793,42.042163]]],[[[3.223802,42.044522],[3.223799,42.044621],[3.223899,42.044652],[3.223892,42.04458],[3.223802,42.044522]]],[[[3.225439,42.042867],[3.225381,42.042888],[3.225351,42.042953],[3.225459,42.042947],[3.225439,42.042867]]],[[[3.225416,42.043246],[3.225399,42.043319],[3.225484,42.043323],[3.225453,42.043253],[3.225416,42.043246]]],[[[3.225498,42.042728],[3.225416,42.04276],[3.225411,42.042823],[3.225538,42.042771],[3.225498,42.042728]]],[[[3.225254,42.04258],[3.223688,42.044465],[3.227124,42.044782],[3.22715,42.043935],[3.225403,42.043364],[3.225254,42.04258]]],[[[3.222174,42.04516],[3.222121,42.045244],[3.222175,42.045295],[3.222237,42.045192],[3.222174,42.04516]]],[[[3.22163,42.045405],[3.221608,42.045425],[3.221624,42.045469],[3.221657,42.045431],[3.22163,42.045405]]],[[[3.219581,42.047173],[3.219545,42.047175],[3.219646,42.047215],[3.219618,42.04718],[3.219581,42.047173]]],[[[3.220467,42.046351],[3.220444,42.046361],[3.220409,42.046381],[3.220458,42.046387],[3.220467,42.046351]]],[[[3.219518,42.046898],[3.219483,42.046908],[3.219522,42.046942],[3.219546,42.046932],[3.219518,42.046898]]],[[[3.222994,42.044782],[3.219018,42.048077],[3.2246,42.050077],[3.226896,42.047747],[3.222994,42.044782]]],[[[3.221891,42.051638],[3.221711,42.051774],[3.221711,42.052026],[3.222045,42.051738],[3.221891,42.051638]]],[[[3.219074,42.048407],[3.219066,42.048452],[3.219151,42.048448],[3.219137,42.04843],[3.219074,42.048407]]],[[[3.209931,42.05309],[3.209911,42.053136],[3.209972,42.053141],[3.209968,42.053097],[3.209931,42.05309]]],[[[3.210443,42.053143],[3.210424,42.053189],[3.210509,42.053193],[3.210518,42.053166],[3.210443,42.053143]]],[[[3.210693,42.053228],[3.210657,42.05323],[3.210623,42.05325],[3.210698,42.053282],[3.210693,42.053228]]],[[[3.212329,42.053895],[3.212129,42.053951],[3.21205,42.054009],[3.212285,42.054069],[3.212329,42.053895]]],[[[3.21161,42.054447],[3.211543,42.054505],[3.211599,42.054583],[3.211698,42.054488],[3.21161,42.054447]]],[[[3.211474,42.054545],[3.211494,42.054625],[3.21154,42.054604],[3.211549,42.054568],[3.211474,42.054545]]],[[[3.210808,42.053294],[3.210799,42.053321],[3.210872,42.053326],[3.210857,42.0533],[3.210808,42.053294]]],[[[3.211119,42.053502],[3.211099,42.053548],[3.211148,42.053554],[3.211143,42.05351],[3.211119,42.053502]]],[[[3.211542,42.05437],[3.211494,42.054373],[3.211511,42.054426],[3.211558,42.054414],[3.211542,42.05437]]],[[[3.211297,42.054951],[3.211301,42.054995],[3.211337,42.054993],[3.211321,42.054958],[3.211297,42.054951]]],[[[3.211176,42.0552],[3.211143,42.055238],[3.21123,42.05526],[3.211226,42.055215],[3.211176,42.0552]]],[[[3.211298,42.055212],[3.211268,42.055276],[3.211281,42.055284],[3.21135,42.055254],[3.211298,42.055212]]],[[[3.21315,42.058585],[3.212982,42.058594],[3.212962,42.05864],[3.213235,42.058716],[3.21315,42.058585]]],[[[3.212878,42.058645],[3.212818,42.058648],[3.212748,42.05867],[3.212835,42.058701],[3.212878,42.058645]]],[[[3.212978,42.058685],[3.212959,42.058731],[3.213042,42.058717],[3.213004,42.058701],[3.212978,42.058685]]],[[[3.210413,42.062712],[3.21026,42.063],[3.210685,42.062896],[3.21069,42.062823],[3.210413,42.062712]]],[[[3.209649,42.065274],[3.209416,42.065485],[3.209528,42.065641],[3.209671,42.065615],[3.209649,42.065274]]],[[[3.331928,42.319019],[3.331367,42.319824],[3.331588,42.320217],[3.332541,42.320047],[3.331928,42.319019]]],[[[3.323757,42.32183],[3.323526,42.322059],[3.32418,42.32241],[3.324119,42.322044],[3.323757,42.32183]]],[[[3.324048,42.322552],[3.323977,42.322565],[3.323982,42.322619],[3.324122,42.322557],[3.324048,42.322552]]],[[[3.324537,42.322588],[3.324518,42.32276],[3.324414,42.322811],[3.324683,42.322715],[3.324537,42.322588]]],[[[3.309832,42.290259],[3.309617,42.290415],[3.309332,42.290467],[3.309894,42.290517],[3.309832,42.290259]]],[[[3.308882,42.290455],[3.308764,42.290489],[3.30881,42.290585],[3.308905,42.290562],[3.308882,42.290455]]],[[[3.30943,42.290722],[3.30944,42.290821],[3.309718,42.290814],[3.309663,42.290745],[3.30943,42.290722]]],[[[3.309281,42.290685],[3.309065,42.290706],[3.308982,42.290846],[3.309248,42.29084],[3.309281,42.290685]]],[[[3.308792,42.291127],[3.308267,42.291822],[3.308226,42.292499],[3.309375,42.291382],[3.308792,42.291127]]],[[[3.309778,42.291531],[3.309288,42.29172],[3.308828,42.292574],[3.309409,42.292209],[3.309778,42.291531]]],[[[3.301071,42.304469],[3.300976,42.304493],[3.300945,42.304539],[3.301056,42.30456],[3.301071,42.304469]]],[[[3.300952,42.304971],[3.300851,42.305058],[3.301087,42.305108],[3.301103,42.305026],[3.300952,42.304971]]],[[[3.300843,42.305094],[3.300789,42.305286],[3.300601,42.305468],[3.301145,42.305329],[3.300843,42.305094]]],[[[3.283459,42.273557],[3.283268,42.273829],[3.283814,42.273844],[3.283545,42.27357],[3.283459,42.273557]]],[[[3.281735,42.274021],[3.281652,42.274034],[3.281627,42.274153],[3.281771,42.274136],[3.281735,42.274021]]],[[[3.297114,42.284066],[3.297032,42.284097],[3.296798,42.284425],[3.296982,42.284325],[3.297114,42.284066]]],[[[3.297994,42.284386],[3.297948,42.284407],[3.297966,42.284469],[3.298022,42.284421],[3.297994,42.284386]]],[[[3.295027,42.280769],[3.294603,42.280892],[3.294601,42.281],[3.294699,42.281003],[3.295027,42.280769]]],[[[3.279971,42.277475],[3.279745,42.277641],[3.279741,42.277722],[3.279964,42.277647],[3.279971,42.277475]]],[[[3.291022,42.279262],[3.29086,42.279469],[3.290871,42.279576],[3.291051,42.279431],[3.291022,42.279262]]],[[[3.293999,42.280556],[3.294023,42.280789],[3.294226,42.280642],[3.294148,42.280584],[3.293999,42.280556]]],[[[3.291248,42.279348],[3.291146,42.27966],[3.291579,42.279744],[3.291693,42.279432],[3.291248,42.279348]]],[[[3.291939,42.279346],[3.29168,42.279541],[3.291753,42.279789],[3.292081,42.279554],[3.291939,42.279346]]],[[[3.293373,42.27987],[3.291747,42.281184],[3.292167,42.282475],[3.293659,42.28152],[3.293373,42.27987]]],[[[3.286961,42.281078],[3.286663,42.281257],[3.286752,42.281414],[3.287114,42.281277],[3.286961,42.281078]]],[[[3.286082,42.281388],[3.285951,42.28153],[3.285996,42.281618],[3.286194,42.281535],[3.286082,42.281388]]],[[[3.287691,42.282325],[3.287644,42.282337],[3.287663,42.282408],[3.287696,42.282379],[3.287691,42.282325]]],[[[3.297982,42.288384],[3.297913,42.288423],[3.297866,42.288552],[3.297981,42.288492],[3.297982,42.288384]]],[[[3.297816,42.284423],[3.297514,42.284548],[3.297339,42.284863],[3.297869,42.284465],[3.297816,42.284423]]],[[[3.297806,42.284685],[3.297497,42.284864],[3.297467,42.284928],[3.297857,42.284709],[3.297806,42.284685]]],[[[3.296508,42.289887],[3.294765,42.290883],[3.29318,42.292618],[3.294644,42.294283],[3.296508,42.289887]]],[[[3.297069,42.292826],[3.297021,42.292829],[3.296956,42.292914],[3.297134,42.292868],[3.297069,42.292826]]],[[[3.29711,42.293724],[3.297063,42.293736],[3.297009,42.293802],[3.297119,42.293814],[3.29711,42.293724]]],[[[3.2966,42.293833],[3.295315,42.294804],[3.295299,42.295498],[3.296821,42.294469],[3.2966,42.293833]]],[[[3.293671,42.306372],[3.293647,42.306373],[3.293603,42.30642],[3.293641,42.306436],[3.293671,42.306372]]],[[[3.290862,42.29829],[3.290669,42.298544],[3.291335,42.298417],[3.291239,42.298305],[3.290862,42.29829]]],[[[3.292349,42.299459],[3.292099,42.299509],[3.292023,42.299594],[3.292224,42.299547],[3.292349,42.299459]]],[[[3.292578,42.30005],[3.292367,42.300125],[3.292374,42.300196],[3.292495,42.30019],[3.292578,42.30005]]],[[[3.292918,42.301147],[3.292933,42.301183],[3.293006,42.301179],[3.292955,42.301154],[3.292918,42.301147]]],[[[3.293014,42.301862],[3.292979,42.301882],[3.29297,42.30191],[3.293017,42.301898],[3.293014,42.301862]]],[[[3.292424,42.299842],[3.292232,42.299871],[3.292127,42.299904],[3.292334,42.299919],[3.292424,42.299842]]],[[[3.29198,42.302684],[3.291528,42.302889],[3.291514,42.303115],[3.291895,42.303166],[3.29198,42.302684]]],[[[3.289616,42.304021],[3.289493,42.304126],[3.289524,42.304197],[3.289698,42.304115],[3.289616,42.304021]]],[[[3.322199,42.318514],[3.322005,42.318633],[3.321951,42.318582],[3.321708,42.318694],[3.322523,42.318595],[3.322199,42.318514]]],[[[3.321605,42.318394],[3.321562,42.31845],[3.321669,42.318426],[3.321655,42.318409],[3.321605,42.318394]]],[[[3.316749,42.31328],[3.316581,42.313298],[3.316246,42.313461],[3.316624,42.313485],[3.316749,42.31328]]],[[[3.318285,42.315409],[3.318241,42.315457],[3.318435,42.315455],[3.31842,42.315429],[3.318285,42.315409]]],[[[3.316271,42.313594],[3.315987,42.313781],[3.316695,42.313706],[3.316555,42.313642],[3.316271,42.313594]]],[[[3.309254,42.311948],[3.309148,42.311981],[3.308999,42.312187],[3.30931,42.312143],[3.309254,42.311948]]],[[[3.310721,42.311822],[3.310105,42.31209],[3.309805,42.312358],[3.310646,42.312042],[3.310721,42.311822]]],[[[3.311138,42.320809],[3.311082,42.320857],[3.311088,42.32092],[3.311132,42.320872],[3.311138,42.320809]]],[[[3.320832,42.321929],[3.320787,42.322085],[3.321017,42.322081],[3.320904,42.322042],[3.320832,42.321929]]],[[[3.32379,42.321072],[3.321372,42.321512],[3.32151,42.322153],[3.318246,42.32444],[3.32379,42.321072]]],[[[3.32073,42.323807],[3.320695,42.323818],[3.320663,42.323865],[3.320783,42.323858],[3.32073,42.323807]]],[[[3.313014,42.324522],[3.312967,42.324533],[3.31297,42.32456],[3.31302,42.324576],[3.313014,42.324522]]],[[[3.311637,42.325417],[3.311616,42.325454],[3.31174,42.325483],[3.311713,42.325458],[3.311637,42.325417]]],[[[3.311395,42.325187],[3.311372,42.325198],[3.311351,42.325235],[3.311425,42.32524],[3.311395,42.325187]]],[[[3.300191,42.326796],[3.300157,42.326825],[3.300218,42.326831],[3.300217,42.326813],[3.300191,42.326796]]],[[[3.301047,42.326866],[3.300925,42.326981],[3.301254,42.326999],[3.301133,42.326879],[3.301047,42.326866]]],[[[3.30496,42.327064],[3.304025,42.32753],[3.305178,42.328267],[3.306692,42.327761],[3.30496,42.327064]]],[[[3.303866,42.327638],[3.303821,42.327676],[3.303879,42.327772],[3.303914,42.327761],[3.303866,42.327638]]],[[[3.299198,42.327184],[3.29905,42.327273],[3.299053,42.327309],[3.299358,42.327202],[3.299198,42.327184]]],[[[3.298813,42.327331],[3.29863,42.32744],[3.29851,42.327573],[3.298902,42.327614],[3.298813,42.327331]]],[[[3.29896,42.32771],[3.298889,42.327723],[3.29887,42.327778],[3.298975,42.327736],[3.29896,42.32771]]],[[[3.29868,42.327825],[3.298539,42.327985],[3.298823,42.328042],[3.298881,42.327886],[3.29868,42.327825]]],[[[3.298081,42.328137],[3.297828,42.328394],[3.297895,42.328462],[3.298695,42.328337],[3.298081,42.328137]]],[[[3.297651,42.328448],[3.297656,42.328493],[3.297716,42.32849],[3.29769,42.328473],[3.297651,42.328448]]],[[[3.298087,42.330135],[3.29796,42.330196],[3.298126,42.330285],[3.298182,42.330237],[3.298087,42.330135]]],[[[3.296688,42.330464],[3.29667,42.330519],[3.296731,42.330524],[3.296726,42.330471],[3.296688,42.330464]]],[[[3.285588,42.332155],[3.285565,42.332166],[3.285566,42.332175],[3.285591,42.332182],[3.285588,42.332155]]],[[[3.285139,42.332279],[3.284853,42.332331],[3.284742,42.332553],[3.28515,42.332387],[3.285139,42.332279]]],[[[3.286339,42.332141],[3.285593,42.332938],[3.285827,42.333456],[3.287092,42.332757],[3.286339,42.332141]]],[[[3.280005,42.332985],[3.279958,42.332996],[3.279742,42.333143],[3.280096,42.333043],[3.280005,42.332985]]],[[[3.279734,42.33318],[3.27971,42.333181],[3.279664,42.33321],[3.279798,42.333212],[3.279734,42.33318]]],[[[3.175249,42.43494],[3.175032,42.435078],[3.175038,42.435141],[3.175229,42.435113],[3.175249,42.43494]]],[[[3.171294,42.432418],[3.171133,42.432508],[3.171121,42.432634],[3.171353,42.432523],[3.171294,42.432418]]],[[[3.161785,42.41022],[3.161731,42.410286],[3.1619,42.410277],[3.161885,42.410251],[3.161785,42.41022]]],[[[3.165756,42.411446],[3.165613,42.411598],[3.165714,42.411881],[3.165952,42.411589],[3.165756,42.411446]]],[[[3.170968,42.424163],[3.170838,42.424206],[3.170733,42.424491],[3.171157,42.424234],[3.170968,42.424163]]],[[[1.972065,42.484522],[1.97915,42.494991],[1.989632,42.493689],[1.998423,42.485318],[1.987394,42.469595],[2.012777,42.448357],[1.95983,42.453288],[1.963083,42.47871],[1.972065,42.484522]]],[[[3.167646,42.388903],[3.167645,42.389021],[3.167796,42.388949],[3.167792,42.388914],[3.167646,42.388903]]],[[[3.167288,42.389337],[3.167223,42.389664],[3.167362,42.389729],[3.167454,42.389427],[3.167288,42.389337]]],[[[3.166294,42.389976],[3.166275,42.390157],[3.166336,42.390162],[3.166347,42.390027],[3.166294,42.389976]]],[[[3.165309,42.390335],[3.165241,42.390384],[3.165356,42.39044],[3.165388,42.390394],[3.165309,42.390335]]],[[[3.164684,42.399919],[3.164963,42.400165],[3.165252,42.400015],[3.165069,42.400006],[3.164684,42.399919]]],[[[3.165733,42.400583],[3.165137,42.401317],[3.165825,42.401892],[3.166556,42.401168],[3.165733,42.400583]]],[[[3.250801,42.33185],[3.250796,42.331922],[3.250846,42.331929],[3.250856,42.33191],[3.250801,42.33185]]],[[[3.279276,42.337102],[3.27923,42.337123],[3.279208,42.337151],[3.279317,42.337145],[3.279276,42.337102]]],[[[3.277586,42.337303],[3.277352,42.337388],[3.277264,42.337483],[3.277828,42.337425],[3.277586,42.337303]]],[[[3.270724,42.338445],[3.270688,42.338699],[3.271264,42.338632],[3.271095,42.338524],[3.270724,42.338445]]],[[[3.271604,42.338757],[3.271332,42.338826],[3.271334,42.338853],[3.271507,42.338879],[3.271604,42.338757]]],[[[3.261876,42.339633],[3.26183,42.339662],[3.261835,42.339707],[3.261881,42.339687],[3.261876,42.339633]]],[[[3.260602,42.336345],[3.260346,42.336575],[3.260289,42.336731],[3.260851,42.336647],[3.260602,42.336345]]],[[[3.260865,42.340327],[3.260817,42.34033],[3.260795,42.340349],[3.260857,42.340364],[3.260865,42.340327]]],[[[3.192063,42.33865],[3.191917,42.338766],[3.192277,42.33872],[3.192178,42.338707],[3.192063,42.33865]]],[[[3.260924,42.340549],[3.260803,42.340556],[3.260805,42.340574],[3.260832,42.340599],[3.260924,42.340549]]],[[[3.260972,42.34042],[3.2609,42.340433],[3.260857,42.34049],[3.260975,42.340456],[3.260972,42.34042]]],[[[3.190198,42.341272],[3.190149,42.341508],[3.190248,42.34153],[3.190261,42.341295],[3.190198,42.341272]]],[[[3.185943,42.344518],[3.185881,42.34462],[3.186291,42.344598],[3.18624,42.344574],[3.185943,42.344518]]],[[[3.204816,42.347383],[3.204565,42.347423],[3.20457,42.347477],[3.20495,42.347519],[3.204816,42.347383]]],[[[3.234419,42.350154],[3.234383,42.350399],[3.234799,42.350314],[3.234644,42.350214],[3.234419,42.350154]]],[[[3.217855,42.3504],[3.217808,42.350412],[3.217753,42.350469],[3.217914,42.350505],[3.217855,42.3504]]],[[[3.218198,42.350066],[3.217996,42.350104],[3.21829,42.350259],[3.218327,42.35014],[3.218198,42.350066]]],[[[3.188495,42.349726],[3.18834,42.349753],[3.188345,42.349806],[3.188445,42.349837],[3.188495,42.349726]]],[[[3.182562,42.353684],[3.18259,42.353854],[3.182923,42.353908],[3.182621,42.353798],[3.182562,42.353684]]],[[[3.16594,42.361892],[3.165881,42.361913],[3.165886,42.361958],[3.165993,42.361934],[3.16594,42.361892]]],[[[3.16547,42.3618],[3.164944,42.362252],[3.164714,42.362507],[3.165592,42.361938],[3.16547,42.3618]]],[[[3.165483,42.362682],[3.165399,42.362686],[3.165365,42.362715],[3.16544,42.362738],[3.165483,42.362682]]],[[[3.164448,42.362765],[3.164439,42.362801],[3.164293,42.362917],[3.164541,42.36285],[3.164448,42.362765]]],[[[3.164735,42.362722],[3.164673,42.362833],[3.165014,42.362842],[3.165008,42.362788],[3.164735,42.362722]]],[[[3.164445,42.362981],[3.164422,42.363126],[3.16451,42.363148],[3.164512,42.363049],[3.164445,42.362981]]],[[[3.164714,42.363002],[3.16471,42.363209],[3.164921,42.363135],[3.164901,42.363055],[3.164714,42.363002]]],[[[3.163488,42.364491],[3.163519,42.364561],[3.163634,42.364492],[3.163488,42.364491]]],[[[3.164825,42.365499],[3.164754,42.365512],[3.164757,42.365547],[3.164855,42.365551],[3.164825,42.365499]]],[[[3.167005,42.366308],[3.167089,42.36643],[3.167232,42.366404],[3.167151,42.366318],[3.167005,42.366308]]],[[[3.167795,42.368669],[3.167435,42.368715],[3.167309,42.368794],[3.167768,42.368895],[3.167795,42.368669]]],[[[3.166765,42.366591],[3.16667,42.366605],[3.166639,42.366661],[3.166843,42.366641],[3.166765,42.366591]]],[[[3.167536,42.369124],[3.167545,42.369213],[3.167606,42.369219],[3.167627,42.369182],[3.167536,42.369124]]],[[[3.159488,42.37333],[3.159428,42.373342],[3.15935,42.373409],[3.159471,42.373412],[3.159488,42.37333]]],[[[3.156031,42.378197],[3.155987,42.378235],[3.156133,42.378246],[3.156131,42.378219],[3.156031,42.378197]]],[[[3.156253,42.377978],[3.156096,42.378113],[3.156138,42.378173],[3.15629,42.378111],[3.156253,42.377978]]],[[[3.263488,42.237137],[3.263989,42.237541],[3.264355,42.237323],[3.264041,42.237214],[3.263488,42.237137]]],[[[3.193388,42.240328],[3.193517,42.240528],[3.193774,42.240433],[3.193682,42.240357],[3.193388,42.240328]]],[[[3.192639,42.240593],[3.192398,42.240724],[3.192534,42.241004],[3.192831,42.240943],[3.192639,42.240593]]],[[[3.197849,42.241832],[3.197518,42.241913],[3.197497,42.24195],[3.197859,42.24194],[3.197849,42.241832]]],[[[3.192291,42.240999],[3.192174,42.241033],[3.19213,42.24108],[3.192435,42.2411],[3.192291,42.240999]]],[[[3.230169,42.24453],[3.230151,42.244594],[3.230257,42.244561],[3.230206,42.244537],[3.230169,42.24453]]],[[[3.198199,42.241948],[3.197872,42.242065],[3.197764,42.242206],[3.198129,42.242096],[3.198199,42.241948]]],[[[3.197693,42.242831],[3.197635,42.242861],[3.197638,42.242888],[3.1977,42.242902],[3.197693,42.242831]]],[[[3.197896,42.242316],[3.19774,42.242324],[3.197613,42.242511],[3.19807,42.24236],[3.197896,42.242316]]],[[[3.227041,41.944498],[3.226945,41.944512],[3.22687,41.944577],[3.227015,41.944591],[3.227041,41.944498]]],[[[3.227188,41.944535],[3.227082,41.944563],[3.22703,41.944622],[3.22718,41.944607],[3.227188,41.944535]]],[[[3.227249,41.944461],[3.227314,41.944455],[3.227234,41.944423],[3.227089,41.944485],[3.227249,41.944461]]],[[[3.217469,41.924042],[3.217274,41.924143],[3.218326,41.924311],[3.217761,41.924071],[3.217469,41.924042]]],[[[3.217249,41.924504],[3.217003,41.924581],[3.21758,41.924936],[3.218334,41.924877],[3.217249,41.924504]]],[[[3.216563,41.918339],[3.216556,41.918385],[3.216614,41.918364],[3.2166,41.918346],[3.216563,41.918339]]],[[[3.220402,41.935035],[3.220098,41.935069],[3.220094,41.935118],[3.220224,41.935162],[3.220402,41.935035]]],[[[3.219178,41.925255],[3.218908,41.925332],[3.219645,41.925472],[3.219638,41.925401],[3.219178,41.925255]]],[[[3.218799,41.926067],[3.21877,41.926267],[3.219002,41.926173],[3.218848,41.926074],[3.218799,41.926067]]],[[[3.216288,41.928989],[3.216266,41.929],[3.216314,41.929037],[3.216315,41.929017],[3.216288,41.928989]]],[[[3.216381,41.92905],[3.21647,41.929046],[3.216469,41.929036],[3.216333,41.929041],[3.216381,41.92905]]],[[[3.216927,41.93017],[3.216976,41.930133],[3.216863,41.930114],[3.216872,41.930148],[3.216927,41.93017]]],[[[3.218386,41.935558],[3.218324,41.93555],[3.218299,41.935571],[3.218397,41.935624],[3.218386,41.935558]]],[[[3.218188,41.938976],[3.218068,41.938889],[3.21787,41.938956],[3.218103,41.93904],[3.218188,41.938976]]],[[[3.217722,41.938674],[3.217609,41.938626],[3.217544,41.938745],[3.217718,41.938782],[3.217722,41.938674]]],[[[3.214621,41.936647],[3.214597,41.936655],[3.214605,41.936681],[3.214623,41.936653],[3.214621,41.936647]]],[[[3.217984,41.937615],[3.217869,41.937568],[3.217841,41.93763],[3.217975,41.937658],[3.217984,41.937615]]],[[[3.21646,41.937778],[3.216432,41.937775],[3.216457,41.937826],[3.21648,41.937789],[3.21646,41.937778]]],[[[3.216386,41.937843],[3.216252,41.937767],[3.216156,41.937855],[3.216185,41.937862],[3.216386,41.937843]]],[[[3.218108,41.938199],[3.218447,41.937816],[3.217748,41.937753],[3.217912,41.9382],[3.218108,41.938199]]],[[[3.217442,41.937965],[3.217397,41.937989],[3.217426,41.938044],[3.217474,41.938016],[3.217442,41.937965]]],[[[3.209441,41.902866],[3.209389,41.90294],[3.209857,41.90305],[3.209971,41.902981],[3.209441,41.902866]]],[[[3.209483,41.903421],[3.209529,41.903518],[3.209733,41.903507],[3.209652,41.903421],[3.209483,41.903421]]],[[[2.757851,41.679396],[2.774519,41.700289],[2.765857,41.725701],[2.776024,41.734951],[2.74475,41.73498],[2.724803,41.744315],[2.689769,41.741516],[2.688975,41.746389],[2.681748,41.74826],[2.686578,41.741314],[2.680548,41.739597],[2.657596,41.747692],[2.640172,41.743384],[2.629181,41.730989],[2.547515,41.71899],[2.51563,41.748677],[2.515973,41.761903],[2.469147,41.777787],[2.472175,41.789597],[2.455753,41.784187],[2.436529,41.802881],[2.352345,41.808571],[2.344742,41.837369],[2.325317,41.855876],[2.332452,41.863193],[2.323444,41.874531],[2.327962,41.883006],[2.337527,41.889153],[2.355737,41.881106],[2.369694,41.885952],[2.382494,41.87173],[2.407111,41.895422],[2.442507,41.88751],[2.481037,41.916064],[2.471566,41.938345],[2.442383,41.941426],[2.436763,41.947975],[2.441437,41.959912],[2.427285,41.968948],[2.474314,41.969345],[2.472354,41.975308],[2.488023,41.984668],[2.46878,41.993835],[2.476517,42.001288],[2.498901,42.00152],[2.503336,42.009679],[2.495156,42.011684],[2.494036,42.021217],[2.50616,42.032274],[2.482218,42.04925],[2.496141,42.059007],[2.490925,42.068081],[2.458038,42.07928],[2.427293,42.061152],[2.417523,42.064976],[2.394496,42.086764],[2.400174,42.102756],[2.379751,42.103655],[2.365604,42.120936],[2.320731,42.116774],[2.295377,42.102641],[2.303744,42.112338],[2.300037,42.133872],[2.291538,42.129214],[2.26987,42.145011],[2.257535,42.138629],[2.214486,42.141943],[2.205285,42.133608],[2.212977,42.128902],[2.203716,42.131458],[2.200666,42.123902],[2.188732,42.124287],[2.180918,42.135253],[2.14357,42.130919],[2.125669,42.112341],[2.099776,42.124469],[2.101329,42.139837],[2.09225,42.144404],[2.060524,42.135178],[2.027651,42.152817],[2.004092,42.149751],[1.990456,42.171388],[1.991832,42.182134],[1.965545,42.178745],[1.964653,42.198826],[2.007734,42.193636],[1.997669,42.191345],[2.005863,42.182992],[1.995899,42.172007],[2.004655,42.162459],[2.028001,42.166636],[2.037379,42.178664],[2.05778,42.174689],[2.063417,42.191518],[2.052192,42.195421],[2.053105,42.219449],[2.029996,42.215648],[2.017029,42.23218],[2.024795,42.232618],[2.028018,42.252675],[2.042448,42.26934],[2.069317,42.290991],[2.018716,42.310335],[1.983584,42.298016],[1.949508,42.315667],[1.943242,42.308466],[1.939284,42.316469],[1.90312,42.323301],[1.842337,42.306342],[1.833591,42.327285],[1.839392,42.339091],[1.834709,42.355146],[1.845303,42.355081],[1.855058,42.369648],[1.829989,42.381406],[1.806038,42.37009],[1.800048,42.377994],[1.808496,42.393819],[1.807226,42.418082],[1.794622,42.430866],[1.769432,42.428048],[1.731921,42.440383],[1.726241,42.462128],[1.733092,42.473775],[1.725362,42.488357],[1.746364,42.495483],[1.762672,42.486768],[1.804894,42.490211],[1.834689,42.482832],[1.847507,42.467856],[1.879188,42.460691],[1.89107,42.447939],[1.915659,42.446173],[1.936683,42.454414],[1.940786,42.430423],[1.958573,42.423431],[1.95486,42.4115],[1.965429,42.380925],[2.016069,42.347094],[2.023589,42.355787],[2.08495,42.361877],[2.089432,42.373843],[2.116756,42.383301],[2.114834,42.394587],[2.128665,42.412549],[2.148252,42.420429],[2.167684,42.424899],[2.206673,42.417377],[2.256929,42.438736],[2.291047,42.422902],[2.312602,42.428483],[2.361164,42.402764],[2.432719,42.39375],[2.433401,42.377621],[2.466218,42.360698],[2.480908,42.340955],[2.500229,42.343195],[2.53089,42.332929],[2.548544,42.339266],[2.554263,42.353869],[2.571007,42.358059],[2.671646,42.340748],[2.675143,42.357039],[2.660876,42.366011],[2.661447,42.377064],[2.651376,42.386304],[2.670932,42.387171],[2.672087,42.403461],[2.733545,42.424824],[2.75535,42.42596],[2.770494,42.411621],[2.799311,42.418479],[2.803915,42.433044],[2.827303,42.43927],[2.839618,42.459256],[2.861419,42.455276],[2.87033,42.467727],[2.918422,42.456199],[2.947093,42.482119],[2.967415,42.465423],[2.988774,42.474162],[3.01322,42.46637],[3.033237,42.474874],[3.085185,42.42585],[3.098755,42.42509],[3.120936,42.438234],[3.17462,42.435344],[3.160554,42.427984],[3.170075,42.425219],[3.17098,42.416385],[3.15587,42.406885],[3.165024,42.400657],[3.153431,42.391426],[3.163357,42.391727],[3.167137,42.388913],[3.155097,42.378697],[3.159502,42.371619],[3.165128,42.374277],[3.167645,42.367021],[3.166621,42.36722],[3.163456,42.365023],[3.162947,42.36046],[3.1879,42.35182],[3.185431,42.34387],[3.194635,42.33581],[3.203408,42.337179],[3.203475,42.347077],[3.229268,42.351561],[3.238223,42.348983],[3.249758,42.329774],[3.267695,42.340439],[3.286253,42.325458],[3.294301,42.329884],[3.311029,42.320086],[3.322274,42.3195],[3.286913,42.303665],[3.293057,42.301572],[3.286273,42.293259],[3.299292,42.284513],[3.295848,42.285837],[3.290556,42.282006],[3.276202,42.287089],[3.2769,42.279867],[3.287864,42.265727],[3.281537,42.253797],[3.25371,42.252497],[3.264373,42.237871],[3.229516,42.251533],[3.229412,42.240665],[3.218135,42.232323],[3.196613,42.247012],[3.182597,42.245287],[3.180486,42.257742],[3.162617,42.264225],[3.134586,42.247038],[3.111736,42.205902],[3.113519,42.161782],[3.12387,42.128472],[3.136753,42.126656],[3.138103,42.115755],[3.149049,42.121287],[3.176814,42.111536],[3.169537,42.105332],[3.183784,42.103545],[3.212266,42.068804],[3.208945,42.065736],[3.209949,42.062045],[3.214698,42.061192],[3.199,42.049245],[3.195709,42.01377],[3.210304,41.973586],[3.231254,41.969052],[3.233472,41.950375],[3.214263,41.936582],[3.220524,41.934855],[3.219565,41.931825],[3.214922,41.928975],[3.217553,41.922066],[3.220382,41.922273],[3.207427,41.917332],[3.212075,41.909123],[3.203013,41.891638],[3.183329,41.887789],[3.178298,41.878997],[3.176758,41.866333],[3.143778,41.857838],[3.145247,41.850107],[3.132117,41.842061],[3.120348,41.841406],[3.128212,41.842961],[3.122128,41.848153],[3.102193,41.84497],[3.071615,41.819476],[3.056324,41.787567],[3.046203,41.788786],[3.048706,41.782677],[3.043679,41.781655],[3.043633,41.778489],[3.02968,41.779477],[3.030164,41.77081],[3.011126,41.772181],[2.997746,41.762954],[2.977059,41.757485],[2.934871,41.720358],[2.934477,41.71505],[2.85453,41.700008],[2.846219,41.697177],[2.845216,41.69631],[2.845165,41.694865],[2.84466,41.694714],[2.843591,41.69526],[2.842744,41.694322],[2.842729,41.693736],[2.841216,41.693193],[2.840022,41.693378],[2.838447,41.692724],[2.833993,41.694297],[2.819549,41.688919],[2.791502,41.672232],[2.777646,41.650646],[2.757851,41.679396]],[[3.046804,41.783551],[3.046903,41.783582],[3.046945,41.783643],[3.046803,41.783669],[3.046804,41.783551]],[[3.047183,41.783108],[3.047522,41.783126],[3.047723,41.783224],[3.047278,41.78322],[3.047183,41.783108]],[[3.04684,41.783171],[3.047169,41.783217],[3.047324,41.783326],[3.046738,41.783492],[3.04684,41.783171]],[[3.046997,41.784063],[3.047334,41.784073],[3.04757,41.78415],[3.047234,41.784285],[3.046997,41.784063]],[[3.047324,41.784478],[3.047559,41.784538],[3.047563,41.784583],[3.0474,41.784645],[3.047324,41.784478]],[[3.045524,41.786175],[3.045764,41.786298],[3.045768,41.786343],[3.045572,41.786299],[3.045524,41.786175]],[[3.045444,41.786603],[3.045634,41.786701],[3.045646,41.786826],[3.045452,41.786809],[3.045444,41.786603]],[[3.029632,41.777814],[3.029744,41.777853],[3.029424,41.777906],[3.029444,41.77786],[3.029632,41.777814]],[[3.002556,41.766689],[3.002778,41.766759],[3.002781,41.766785],[3.002514,41.766754],[3.002556,41.766689]],[[3.003885,41.767277],[3.003933,41.7674],[3.003752,41.767401],[3.003738,41.767374],[3.003885,41.767277]],[[2.981201,41.759059],[2.981213,41.759103],[2.9811,41.759157],[2.981159,41.759086],[2.981201,41.759059]],[[2.981084,41.759169],[2.981023,41.759199],[2.980994,41.759185],[2.981058,41.759143],[2.981084,41.759169]],[[2.98118,41.758917],[2.981131,41.758903],[2.981128,41.75886],[2.981226,41.758884],[2.98118,41.758917]],[[3.045976,41.787016],[3.046085,41.787019],[3.046151,41.787079],[3.04601,41.787122],[3.045976,41.787016]],[[3.046079,41.787208],[3.046203,41.787247],[3.046173,41.787446],[3.046072,41.787389],[3.046079,41.787208]],[[2.837654,41.693442],[2.837636,41.693568],[2.837504,41.693594],[2.837525,41.693355],[2.837654,41.693442]],[[2.841469,41.693416],[2.841527,41.693357],[2.841582,41.693484],[2.84153,41.693476],[2.841469,41.693416]],[[2.837425,41.69373],[2.837399,41.693829],[2.837293,41.693828],[2.837345,41.693744],[2.837425,41.69373]],[[2.83677,41.694084],[2.836714,41.694114],[2.836652,41.694066],[2.836752,41.693985],[2.83677,41.694084]],[[2.845013,41.694889],[2.844962,41.694919],[2.844934,41.694883],[2.84501,41.694834],[2.845013,41.694889]],[[3.132796,41.843238],[3.132875,41.843169],[3.132975,41.84331],[3.132814,41.843291],[3.132796,41.843238]],[[3.133008,41.843309],[3.133032,41.843273],[3.133056,41.843274],[3.133041,41.843328],[3.133008,41.843309]],[[3.13277,41.842577],[3.13279,41.84261],[3.132757,41.842668],[3.132751,41.842623],[3.13277,41.842577]],[[3.132716,41.842882],[3.132638,41.842881],[3.132675,41.842791],[3.132693,41.842805],[3.132716,41.842882]],[[3.204753,41.896405],[3.204805,41.896438],[3.20478,41.896556],[3.20472,41.896434],[3.204753,41.896405]],[[3.204483,41.895735],[3.204524,41.895778],[3.204496,41.89587],[3.204457,41.895836],[3.204483,41.895735]],[[3.204203,41.896075],[3.204262,41.896188],[3.204079,41.896162],[3.204151,41.896158],[3.204203,41.896075]],[[3.20651,41.899604],[3.206326,41.899821],[3.206155,41.899794],[3.2063,41.899678],[3.20651,41.899604]],[[3.204592,41.897107],[3.204665,41.897112],[3.204659,41.897175],[3.204561,41.897153],[3.204592,41.897107]],[[3.19336,41.890109],[3.193475,41.890184],[3.19328,41.890284],[3.193253,41.89025],[3.19336,41.890109]],[[3.193545,41.890279],[3.193637,41.890364],[3.193654,41.890408],[3.19354,41.890351],[3.193545,41.890279]],[[3.199463,41.891552],[3.199388,41.891655],[3.199274,41.891715],[3.199312,41.891614],[3.199463,41.891552]],[[3.193053,41.891791],[3.193044,41.891828],[3.192983,41.891813],[3.193006,41.891803],[3.193053,41.891791]],[[3.193379,41.892043],[3.193442,41.892076],[3.193437,41.892148],[3.193359,41.89209],[3.193379,41.892043]],[[3.192971,41.892066],[3.193224,41.892061],[3.193284,41.892184],[3.192977,41.892245],[3.192971,41.892066]],[[3.191704,41.889686],[3.191793,41.889735],[3.191777,41.889817],[3.191714,41.889784],[3.191704,41.889686]],[[3.193317,41.889922],[3.193405,41.889954],[3.193408,41.889989],[3.193363,41.890019],[3.193317,41.889922]],[[3.197777,41.892057],[3.197918,41.89214],[3.197776,41.892291],[3.197722,41.892231],[3.197777,41.892057]],[[3.193075,41.892267],[3.193112,41.892274],[3.193143,41.892344],[3.193069,41.89233],[3.193075,41.892267]],[[3.193245,41.892285],[3.193402,41.892285],[3.193447,41.892373],[3.193232,41.892393],[3.193245,41.892285]],[[3.165791,41.863717],[3.165754,41.863686],[3.165843,41.863713],[3.165826,41.863726],[3.165791,41.863717]],[[3.137878,41.847616],[3.137962,41.84763],[3.137986,41.84786],[3.137857,41.847787],[3.137878,41.847616]],[[3.140885,41.84833],[3.140774,41.848247],[3.141042,41.848255],[3.141016,41.84833],[3.140885,41.84833]],[[3.137945,41.847864],[3.137961,41.847946],[3.137849,41.847873],[3.137858,41.847863],[3.137945,41.847864]],[[3.137549,41.847959],[3.13759,41.847945],[3.13761,41.847978],[3.137595,41.847984],[3.137549,41.847959]],[[3.141684,41.848705],[3.141745,41.848661],[3.141799,41.848707],[3.141716,41.848735],[3.141684,41.848705]],[[3.142749,41.849078],[3.142783,41.84905],[3.142853,41.849044],[3.142822,41.849105],[3.142749,41.849078]],[[3.142121,41.849075],[3.142182,41.84897],[3.142281,41.849002],[3.142235,41.849092],[3.142121,41.849075]],[[3.141117,41.849036],[3.141158,41.849027],[3.141167,41.849055],[3.1411,41.849078],[3.141117,41.849036]],[[3.139482,41.848952],[3.139481,41.848926],[3.139491,41.84891],[3.139499,41.848937],[3.139482,41.848952]],[[3.139585,41.849005],[3.13957,41.84898],[3.139585,41.848959],[3.139593,41.848976],[3.139585,41.849005]],[[3.139613,41.848971],[3.139619,41.848931],[3.139626,41.848921],[3.139636,41.848954],[3.139613,41.848971]],[[3.14065,41.849131],[3.140604,41.849112],[3.140633,41.849043],[3.140677,41.849109],[3.14065,41.849131]],[[3.150495,41.860862],[3.150453,41.860828],[3.150599,41.860752],[3.150587,41.860836],[3.150495,41.860862]],[[3.150681,41.860283],[3.150667,41.860152],[3.150911,41.860195],[3.150785,41.860298],[3.150681,41.860283]],[[3.153123,41.861047],[3.153143,41.861087],[3.153052,41.861093],[3.15307,41.861069],[3.153123,41.861047]],[[3.151388,41.861294],[3.151433,41.861297],[3.151456,41.861369],[3.151349,41.861339],[3.151388,41.861294]],[[3.153918,41.861309],[3.153938,41.861329],[3.153929,41.861365],[3.153878,41.861322],[3.153918,41.861309]],[[3.151799,41.8612],[3.151816,41.861083],[3.151951,41.861196],[3.151883,41.86127],[3.151799,41.8612]],[[3.153345,41.861089],[3.153307,41.860902],[3.153659,41.860897],[3.153703,41.861023],[3.153345,41.861089]],[[3.151314,41.861619],[3.151249,41.861635],[3.151246,41.861594],[3.151288,41.861566],[3.151314,41.861619]],[[3.182131,41.886243],[3.182204,41.886248],[3.182137,41.886297],[3.182131,41.886243]],[[3.182238,41.886354],[3.182301,41.886378],[3.182304,41.886405],[3.182232,41.886409],[3.182238,41.886354]],[[3.128013,41.841908],[3.128023,41.84192],[3.128021,41.841949],[3.128007,41.841919],[3.128013,41.841908]],[[3.128254,41.842157],[3.128272,41.842144],[3.128285,41.842184],[3.128261,41.842174],[3.128254,41.842157]],[[3.128123,41.841905],[3.12814,41.841904],[3.12815,41.841944],[3.128143,41.841943],[3.128123,41.841905]],[[3.1281,41.841924],[3.12813,41.841962],[3.128116,41.842028],[3.128096,41.841994],[3.1281,41.841924]],[[3.113639,41.848256],[3.113613,41.84822],[3.113666,41.848202],[3.113678,41.848249],[3.113639,41.848256]],[[3.230131,41.954396],[3.230169,41.954462],[3.230054,41.95447],[3.230072,41.954405],[3.230131,41.954396]],[[3.229922,41.954449],[3.229984,41.954502],[3.229874,41.954536],[3.229871,41.954482],[3.229922,41.954449]],[[3.229949,41.955172],[3.229982,41.955219],[3.229969,41.955243],[3.229916,41.955204],[3.229949,41.955172]],[[3.231282,41.956363],[3.231435,41.95639],[3.231476,41.956442],[3.231194,41.956388],[3.231282,41.956363]],[[3.231534,41.956666],[3.231583,41.956729],[3.231581,41.956746],[3.231501,41.956702],[3.231534,41.956666]],[[3.232113,41.957137],[3.232018,41.957198],[3.2319,41.957077],[3.23204,41.956984],[3.232113,41.957137]],[[3.231227,41.959979],[3.231245,41.960062],[3.23108,41.96008],[3.231148,41.960002],[3.231227,41.959979]],[[3.22944,41.962695],[3.229639,41.962774],[3.229663,41.962807],[3.229606,41.962822],[3.22944,41.962695]],[[3.229471,41.963008],[3.229441,41.962983],[3.229672,41.962975],[3.229641,41.96301],[3.229471,41.963008]],[[3.231043,41.968254],[3.230953,41.968354],[3.230841,41.9683],[3.230959,41.968231],[3.231043,41.968254]],[[3.230348,41.962702],[3.2304,41.962742],[3.230365,41.962802],[3.230286,41.962759],[3.230348,41.962702]],[[3.228721,41.948383],[3.228759,41.94845],[3.228733,41.948467],[3.22867,41.948404],[3.228721,41.948383]],[[3.184946,42.100718],[3.184945,42.100835],[3.184797,42.100799],[3.184829,42.100761],[3.184946,42.100718]],[[3.18447,42.099799],[3.184535,42.09985],[3.184514,42.099887],[3.184439,42.099855],[3.18447,42.099799]],[[3.18454,42.100029],[3.184571,42.1001],[3.184538,42.100128],[3.184485,42.100077],[3.18454,42.100029]],[[3.179362,42.102956],[3.179476,42.103003],[3.179249,42.103151],[3.179306,42.102995],[3.179362,42.102956]],[[3.170695,42.104684],[3.170759,42.104726],[3.170753,42.10478],[3.170641,42.10475],[3.170695,42.104684]],[[3.175718,42.111578],[3.17567,42.111697],[3.17551,42.11167],[3.175587,42.111594],[3.175718,42.111578]],[[3.166484,42.113462],[3.166557,42.113836],[3.166275,42.114041],[3.166174,42.113749],[3.166484,42.113462]],[[3.162074,42.11523],[3.162271,42.115391],[3.162303,42.11547],[3.161826,42.115289],[3.162074,42.11523]],[[3.16246,42.115462],[3.162522,42.115476],[3.162546,42.115484],[3.162402,42.115492],[3.16246,42.115462]],[[3.162437,42.115976],[3.162499,42.11599],[3.162429,42.116012],[3.162437,42.115976]],[[3.159973,42.116496],[3.160023,42.116511],[3.159963,42.116514],[3.159973,42.116496]],[[3.156365,42.117689],[3.156428,42.117713],[3.156376,42.117797],[3.156347,42.117753],[3.156365,42.117689]],[[3.136697,42.125453],[3.136728,42.125523],[3.136552,42.125578],[3.136593,42.125503],[3.136697,42.125453]],[[3.205436,42.073334],[3.206103,42.073361],[3.205839,42.074113],[3.204817,42.074412],[3.205034,42.073419],[3.205813,42.073476],[3.205436,42.073334]],[[3.197458,42.084298],[3.198077,42.084444],[3.197684,42.084997],[3.197308,42.084864],[3.197458,42.084298]],[[3.196496,42.084467],[3.196809,42.084576],[3.196852,42.084646],[3.196552,42.084671],[3.196496,42.084467]],[[3.313018,42.31634],[3.313027,42.316429],[3.31282,42.316548],[3.312787,42.31646],[3.313018,42.31634]],[[3.29062,42.306666],[3.290674,42.306717],[3.290567,42.306741],[3.290621,42.306675],[3.29062,42.306666]],[[3.166077,42.413841],[3.166083,42.413904],[3.165997,42.4139],[3.166029,42.413853],[3.166077,42.413841]],[[3.166136,42.413946],[3.166213,42.413996],[3.166019,42.413998],[3.166103,42.413984],[3.166136,42.413946]],[[3.167185,42.414493],[3.167192,42.414555],[3.166958,42.414649],[3.167113,42.414497],[3.167185,42.414493]],[[3.165324,42.413108],[3.165401,42.413149],[3.165486,42.413144],[3.165397,42.41323],[3.165324,42.413108]],[[3.169911,42.417991],[3.170035,42.41802],[3.169527,42.418165],[3.169583,42.418117],[3.169911,42.417991]],[[3.169845,42.419048],[3.169597,42.419376],[3.169463,42.419366],[3.169681,42.419111],[3.169845,42.419048]],[[3.168917,42.419872],[3.168995,42.419922],[3.168997,42.41994],[3.1689,42.419945],[3.168917,42.419872]],[[3.169229,42.420197],[3.169369,42.420262],[3.169397,42.420305],[3.169054,42.420279],[3.169229,42.420197]],[[3.169464,42.422957],[3.169482,42.423019],[3.169314,42.423037],[3.169368,42.422971],[3.169464,42.422957]],[[3.169707,42.423205],[3.169762,42.423274],[3.169619,42.4233],[3.169648,42.423226],[3.169707,42.423205]],[[3.169638,42.423614],[3.169562,42.423708],[3.169488,42.423694],[3.169577,42.423617],[3.169638,42.423614]],[[3.166602,42.42511],[3.166644,42.425288],[3.166597,42.425308],[3.166557,42.425148],[3.166602,42.42511]],[[3.156996,42.390756],[3.156989,42.390811],[3.156862,42.390881],[3.156879,42.390799],[3.156996,42.390756]],[[3.154773,42.390993],[3.154896,42.391013],[3.154925,42.391057],[3.154739,42.391139],[3.154773,42.390993]],[[3.154144,42.391144],[3.154382,42.391338],[3.154375,42.391393],[3.15406,42.391275],[3.154144,42.391144]],[[3.161204,42.397992],[3.161419,42.398079],[3.161435,42.398123],[3.161211,42.398063],[3.161204,42.397992]],[[3.161698,42.398325],[3.161689,42.398362],[3.161652,42.398355],[3.161662,42.398336],[3.161698,42.398325]],[[3.16149,42.398192],[3.161506,42.398227],[3.161483,42.398238],[3.161466,42.398194],[3.16149,42.398192]],[[3.161383,42.398207],[3.161396,42.398215],[3.161401,42.398269],[3.16135,42.398245],[3.161383,42.398207]],[[3.161504,42.398327],[3.161543,42.39836],[3.161561,42.398413],[3.161474,42.398391],[3.161504,42.398327]],[[3.161881,42.398459],[3.162004,42.398471],[3.162047,42.39854],[3.16181,42.398607],[3.161881,42.398459]],[[3.261053,42.334898],[3.261125,42.335137],[3.260905,42.335239],[3.260962,42.334966],[3.261053,42.334898]],[[3.259153,42.335191],[3.259178,42.335199],[3.259207,42.335251],[3.259182,42.335244],[3.259153,42.335191]],[[3.241817,42.337886],[3.241989,42.337913],[3.241693,42.337983],[3.24147,42.337932],[3.241677,42.337948],[3.241817,42.337886]],[[3.239753,42.340321],[3.239729,42.34044],[3.239622,42.340347],[3.239719,42.340341],[3.239753,42.340321]],[[3.24019,42.339461],[3.240137,42.339544],[3.240075,42.33953],[3.240072,42.339503],[3.24019,42.339461]],[[3.243353,42.339306],[3.242377,42.340106],[3.241774,42.339779],[3.242131,42.339588],[3.243353,42.339306]],[[3.239557,42.340422],[3.23965,42.340498],[3.239639,42.340517],[3.239506,42.340515],[3.239557,42.340422]],[[3.238457,42.344128],[3.238476,42.344199],[3.238378,42.344195],[3.238433,42.344129],[3.238457,42.344128]],[[3.211382,42.345928],[3.211272,42.346042],[3.211104,42.34606],[3.21124,42.345962],[3.211382,42.345928]],[[3.183207,42.352839],[3.183334,42.352895],[3.183059,42.352937],[3.18311,42.352844],[3.183207,42.352839]],[[3.178309,42.353509],[3.178332,42.353616],[3.178144,42.353563],[3.178143,42.353545],[3.178309,42.353509]],[[3.175964,42.354842],[3.176046,42.354928],[3.176005,42.355128],[3.175804,42.354941],[3.175964,42.354842]],[[3.172061,42.356367],[3.172098,42.3565],[3.171992,42.356533],[3.171938,42.356473],[3.172061,42.356367]],[[3.166386,42.369771],[3.166443,42.369858],[3.166397,42.369888],[3.166318,42.369829],[3.166386,42.369771]],[[3.166566,42.369878],[3.166596,42.369931],[3.166504,42.36999],[3.166518,42.369881],[3.166566,42.369878]],[[3.166479,42.370099],[3.166495,42.370143],[3.166423,42.370147],[3.166455,42.370109],[3.166479,42.370099]],[[3.229019,42.243558],[3.229086,42.243626],[3.228927,42.243608],[3.228947,42.243562],[3.229019,42.243558]],[[3.227425,42.249621],[3.227525,42.249652],[3.227529,42.249688],[3.227383,42.249687],[3.227425,42.249621]],[[3.221037,41.943258],[3.221101,41.943283],[3.221099,41.94332],[3.22099,41.943303],[3.221037,41.943258]],[[3.22057,41.943387],[3.22051,41.943444],[3.220472,41.943432],[3.22051,41.943382],[3.22057,41.943387]],[[3.223019,41.944094],[3.223043,41.944184],[3.223025,41.944194],[3.222987,41.944162],[3.223019,41.944094]],[[3.222145,41.944136],[3.222064,41.944204],[3.22199,41.944166],[3.222053,41.944135],[3.222145,41.944136]],[[3.22088,41.943512],[3.220867,41.943536],[3.220805,41.943513],[3.22085,41.943506],[3.22088,41.943512]],[[3.220942,41.943579],[3.22095,41.943605],[3.220909,41.943606],[3.220907,41.94358],[3.220942,41.943579]],[[3.218129,41.92154],[3.218094,41.921677],[3.217791,41.921783],[3.217619,41.921748],[3.217834,41.921727],[3.218129,41.92154]],[[3.216657,41.921152],[3.216817,41.921188],[3.216881,41.921347],[3.216783,41.921334],[3.216657,41.921152]],[[3.215724,41.929822],[3.215398,41.929815],[3.215344,41.929746],[3.215556,41.929723],[3.215724,41.929822]],[[3.216004,41.930015],[3.216043,41.930049],[3.215998,41.930092],[3.215984,41.930049],[3.216004,41.930015]],[[3.217094,41.934233],[3.216955,41.934196],[3.216984,41.934109],[3.217032,41.934111],[3.217094,41.934233]],[[3.216214,41.930223],[3.216047,41.93021],[3.215885,41.930222],[3.216097,41.930162],[3.216214,41.930223]],[[3.219352,41.934947],[3.219386,41.93502],[3.219332,41.935044],[3.219285,41.934943],[3.219352,41.934947]],[[3.216178,41.935428],[3.216166,41.93549],[3.216101,41.935446],[3.216138,41.935429],[3.216178,41.935428]],[[3.219142,41.942783],[3.219071,41.942817],[3.219001,41.942819],[3.21909,41.942785],[3.219142,41.942783]],[[3.215828,41.937873],[3.215846,41.937911],[3.215784,41.937898],[3.215778,41.937881],[3.215828,41.937873]],[[3.215916,41.937978],[3.215919,41.938001],[3.215901,41.938021],[3.215894,41.937978],[3.215916,41.937978]],[[3.215981,41.937863],[3.215997,41.937876],[3.21595,41.93788],[3.215969,41.937862],[3.215981,41.937863]],[[3.206134,41.899949],[3.206232,41.89997],[3.205999,41.900055],[3.206098,41.89995],[3.206134,41.899949]],[[3.209784,41.905151],[3.20985,41.905211],[3.20945,41.905305],[3.209631,41.905187],[3.209784,41.905151]],[[3.20902,41.905598],[3.209154,41.905852],[3.20879,41.905826],[3.208927,41.90563],[3.20902,41.905598]],[[3.208835,41.906661],[3.208779,41.906709],[3.208696,41.906723],[3.208763,41.906665],[3.208835,41.906661]],[[3.20889,41.906739],[3.208951,41.906745],[3.208928,41.906755],[3.20889,41.906739]],[[3.208549,41.906821],[3.208751,41.906918],[3.208385,41.906992],[3.208485,41.906905],[3.208549,41.906821]],[[3.207359,41.908091],[3.207387,41.908135],[3.20728,41.90815],[3.207299,41.908095],[3.207359,41.908091]],[[3.208167,41.908102],[3.207972,41.908202],[3.207765,41.908177],[3.207921,41.908169],[3.208167,41.908102]],[[3.208567,41.908116],[3.208891,41.908107],[3.208918,41.908133],[3.208469,41.908229],[3.208567,41.908116]],[[3.208501,41.912773],[3.208484,41.912846],[3.208412,41.912841],[3.208421,41.912814],[3.208501,41.912773]],[[3.226809,41.946993],[3.226766,41.947001],[3.226729,41.946962],[3.226817,41.946977],[3.226809,41.946993]],[[3.226442,41.946099],[3.226366,41.946196],[3.226156,41.946112],[3.226311,41.946046],[3.226442,41.946099]],[[3.226518,41.945648],[3.226477,41.945688],[3.226398,41.945675],[3.226463,41.945642],[3.226518,41.945648]],[[3.226744,41.946245],[3.22659,41.946348],[3.226466,41.946312],[3.226621,41.946246],[3.226744,41.946245]],[[3.225468,41.944733],[3.225464,41.944776],[3.225313,41.944757],[3.225359,41.944739],[3.225468,41.944733]],[[3.22487,41.944829],[3.224801,41.944839],[3.224782,41.944826],[3.224801,41.944815],[3.22487,41.944829]],[[3.224826,41.945124],[3.224813,41.945146],[3.224772,41.945124],[3.224805,41.945122],[3.224826,41.945124]],[[3.225097,41.945364],[3.225111,41.945371],[3.224987,41.945379],[3.225024,41.945363],[3.225097,41.945364]],[[3.226243,41.945431],[3.226273,41.945502],[3.226193,41.945496],[3.226189,41.945442],[3.226243,41.945431]],[[3.225055,41.945135],[3.22503,41.945164],[3.224998,41.94515],[3.225019,41.945128],[3.225055,41.945135]],[[3.224978,41.945137],[3.224958,41.945171],[3.22488,41.945153],[3.224907,41.945133],[3.224978,41.945137]],[[3.226174,41.945458],[3.226166,41.945513],[3.226139,41.945525],[3.226149,41.94546],[3.226174,41.945458]]],[[[3.226825,41.94544],[3.226781,41.945438],[3.226692,41.94547],[3.226711,41.945485],[3.226825,41.94544]]],[[[3.226587,41.971136],[3.226521,41.971085],[3.226404,41.971099],[3.226437,41.971133],[3.226587,41.971136]]],[[[3.226325,41.971621],[3.226358,41.971545],[3.226233,41.97156],[3.226252,41.971613],[3.226325,41.971621]]],[[[3.225398,41.972911],[3.225476,41.972898],[3.225256,41.972852],[3.225351,41.972978],[3.225398,41.972911]]],[[[3.218423,41.973973],[3.218257,41.973991],[3.21822,41.974132],[3.218425,41.974043],[3.218423,41.973973]]],[[[3.220447,41.974206],[3.220582,41.974383],[3.220771,41.974374],[3.220743,41.974304],[3.220447,41.974206]]],[[[3.212698,41.976417],[3.212782,41.976412],[3.2128,41.976391],[3.212682,41.976328],[3.212698,41.976417]]],[[[3.211454,41.976484],[3.211435,41.97645],[3.211343,41.976476],[3.211399,41.976526],[3.211454,41.976484]]]]}},{"type":"Feature","properties":{"name":"Granada","mapcolor":37,"cartodb_id":37},"geometry":{"type":"MultiPolygon","coordinates":[[[[-3.38975,36.708128],[-3.389797,36.708623],[-3.389573,36.708669],[-3.38947,36.70821],[-3.38975,36.708128]]],[[[-3.465197,36.694888],[-3.482689,36.697284],[-3.52587,36.724126],[-3.514131,36.712447],[-3.53346,36.722073],[-3.550931,36.714574],[-3.579201,36.723165],[-3.60227,36.744677],[-3.657722,36.746555],[-3.676661,36.729572],[-3.720239,36.732029],[-3.727498,36.719175],[-3.750089,36.738083],[-3.767586,36.729227],[-3.77744,36.737917],[-3.782279,36.764452],[-3.766633,36.785377],[-3.768144,36.801955],[-3.826696,36.855325],[-3.86761,36.850679],[-3.890565,36.867547],[-3.918597,36.868082],[-3.929525,36.88288],[-4.045693,36.902864],[-4.061237,36.9199],[-4.089962,36.932149],[-4.099728,36.952721],[-4.166624,36.957017],[-4.215422,36.991767],[-4.231335,37.016941],[-4.251926,37.022981],[-4.27251,37.014902],[-4.287067,37.11952],[-4.328133,37.184071],[-4.25531,37.229565],[-4.263253,37.260378],[-4.248128,37.26912],[-4.236509,37.297219],[-4.236419,37.335851],[-4.204036,37.352913],[-4.15784,37.342252],[-4.127219,37.378258],[-4.085943,37.403746],[-4.000821,37.402091],[-3.982967,37.388008],[-3.950888,37.378347],[-3.842246,37.385751],[-3.825416,37.402428],[-3.826533,37.413516],[-3.802362,37.452801],[-3.808729,37.459257],[-3.791717,37.466186],[-3.785575,37.490898],[-3.775831,37.488258],[-3.776241,37.476484],[-3.730102,37.487522],[-3.68444,37.517649],[-3.627599,37.528456],[-3.53649,37.580256],[-3.536783,37.596684],[-3.506469,37.617277],[-3.461159,37.59842],[-3.436875,37.573896],[-3.399303,37.56405],[-3.296231,37.588257],[-3.262485,37.639208],[-3.215743,37.644187],[-3.172053,37.64287],[-3.132159,37.614077],[-3.088196,37.59554],[-3.057925,37.606636],[-3.050965,37.618357],[-2.978177,37.602752],[-2.984406,37.614255],[-2.97399,37.622906],[-2.977919,37.633984],[-2.902202,37.665706],[-2.884036,37.681318],[-2.901525,37.689293],[-2.903782,37.751169],[-2.880292,37.759944],[-2.873154,37.791491],[-2.828889,37.837165],[-2.819726,37.852924],[-2.819602,37.876132],[-2.80624,37.880932],[-2.784609,37.917641],[-2.773195,37.925929],[-2.767447,37.919347],[-2.759354,37.923982],[-2.722858,37.96245],[-2.702673,37.971522],[-2.689729,37.973813],[-2.669825,37.961429],[-2.605118,37.998147],[-2.597712,38.007207],[-2.595855,38.053186],[-2.606628,38.061442],[-2.565382,38.083541],[-2.432112,38.043334],[-2.422116,38.033362],[-2.373079,38.023279],[-2.341195,38.025869],[-2.298367,38.002802],[-2.28369,37.969413],[-2.247381,37.93422],[-2.207789,37.916248],[-2.250783,37.897178],[-2.265388,37.880948],[-2.288521,37.885137],[-2.29495,37.876316],[-2.289387,37.83148],[-2.301775,37.808284],[-2.276785,37.776219],[-2.307516,37.723273],[-2.306593,37.710216],[-2.313276,37.711373],[-2.323339,37.693874],[-2.325793,37.672012],[-2.310419,37.630011],[-2.316704,37.621837],[-2.345433,37.62922],[-2.359565,37.621266],[-2.39127,37.632485],[-2.388793,37.618005],[-2.37598,37.61226],[-2.367896,37.591576],[-2.374931,37.577832],[-2.367457,37.563046],[-2.374298,37.55735],[-2.355729,37.546993],[-2.358511,37.522293],[-2.38115,37.522918],[-2.397217,37.513384],[-2.411701,37.52494],[-2.423778,37.512877],[-2.456323,37.509426],[-2.457522,37.490827],[-2.514154,37.479528],[-2.568453,37.446388],[-2.577267,37.429033],[-2.635622,37.394209],[-2.643188,37.375943],[-2.635088,37.364723],[-2.637292,37.343331],[-2.654601,37.340607],[-2.650871,37.312329],[-2.665651,37.285329],[-2.660115,37.211994],[-2.692733,37.21723],[-2.733023,37.237321],[-2.739986,37.228755],[-2.759033,37.226714],[-2.778209,37.248998],[-2.779004,37.262656],[-2.814881,37.270893],[-2.819364,37.278328],[-2.845385,37.279221],[-2.874963,37.231455],[-2.880986,37.187103],[-2.8953,37.167051],[-2.929146,37.156566],[-2.930581,37.139801],[-2.946987,37.122205],[-2.948964,37.096552],[-3.000256,37.094977],[-3.015012,37.113284],[-3.029577,37.113254],[-3.005711,37.023341],[-2.982511,37.005969],[-2.976192,36.978591],[-2.990498,36.958185],[-3.029338,36.947527],[-3.031316,36.924586],[-3.057187,36.911542],[-3.071934,36.919287],[-3.069715,36.899637],[-3.032076,36.860946],[-3.029007,36.844441],[-3.037381,36.835398],[-3.073953,36.824684],[-3.139438,36.78845],[-3.128683,36.750871],[-3.143771,36.743993],[-3.258896,36.753406],[-3.304856,36.738233],[-3.338861,36.738285],[-3.364767,36.714382],[-3.403281,36.707244],[-3.41941,36.693964],[-3.465197,36.694888]]]]}},{"type":"Feature","properties":{"name":"Guadalajara","mapcolor":36,"cartodb_id":36},"geometry":{"type":"MultiPolygon","coordinates":[[[[-3.382135,40.630471],[-3.374049,40.640249],[-3.363606,40.638421],[-3.371729,40.625769],[-3.382135,40.630471]]],[[[-1.693285,40.577648],[-1.689639,40.566491],[-1.701892,40.538216],[-1.692512,40.486824],[-1.7486,40.462897],[-1.785434,40.413183],[-1.800643,40.414216],[-1.80583,40.397943],[-1.836703,40.425987],[-1.845328,40.417272],[-1.856718,40.425358],[-1.866189,40.45036],[-1.861916,40.462471],[-1.874145,40.471032],[-1.888794,40.504083],[-1.881459,40.517466],[-1.899806,40.541038],[-1.909467,40.541652],[-1.904488,40.546461],[-1.91649,40.582825],[-1.926448,40.59407],[-1.954546,40.600436],[-1.961785,40.611546],[-1.968119,40.608576],[-1.965905,40.59198],[-1.985527,40.585434],[-2.035798,40.601566],[-2.059269,40.625291],[-2.110118,40.651386],[-2.156937,40.658692],[-2.169249,40.630233],[-2.213815,40.619176],[-2.274601,40.644754],[-2.294784,40.622907],[-2.286042,40.592223],[-2.292773,40.578094],[-2.333514,40.567192],[-2.359847,40.580639],[-2.354391,40.592725],[-2.372573,40.607158],[-2.399039,40.613713],[-2.412451,40.602116],[-2.417282,40.583447],[-2.383206,40.553622],[-2.383453,40.540867],[-2.411821,40.525628],[-2.426745,40.540748],[-2.448641,40.524531],[-2.49597,40.50881],[-2.513601,40.515769],[-2.527235,40.544275],[-2.538714,40.534025],[-2.546266,40.518956],[-2.528726,40.498381],[-2.544453,40.474633],[-2.523036,40.467015],[-2.504534,40.448649],[-2.515465,40.424281],[-2.542546,40.425445],[-2.546596,40.43502],[-2.586236,40.450259],[-2.599555,40.443368],[-2.641576,40.448849],[-2.663845,40.436051],[-2.673158,40.448609],[-2.685152,40.443291],[-2.676356,40.43578],[-2.685013,40.427732],[-2.70345,40.425375],[-2.68077,40.402711],[-2.685129,40.398002],[-2.690669,40.395134],[-2.705094,40.416001],[-2.717431,40.419825],[-2.716043,40.407875],[-2.728027,40.411427],[-2.7229,40.397117],[-2.760023,40.412335],[-2.769869,40.421401],[-2.76007,40.441993],[-2.780946,40.44417],[-2.790041,40.431682],[-2.786035,40.427243],[-2.799615,40.423627],[-2.80768,40.406794],[-2.805887,40.390971],[-2.816966,40.364024],[-2.802631,40.264026],[-2.823757,40.203168],[-2.863125,40.200112],[-2.873738,40.173574],[-2.911484,40.157083],[-2.946982,40.169609],[-3.005071,40.209118],[-3.021071,40.187493],[-3.012258,40.173971],[-3.015966,40.152708],[-3.063767,40.168251],[-3.067845,40.157914],[-3.077753,40.166167],[-3.08823,40.200318],[-3.079456,40.208382],[-3.079704,40.227773],[-3.109443,40.285193],[-3.153718,40.263714],[-3.173397,40.23417],[-3.194449,40.248037],[-3.197205,40.257547],[-3.18421,40.269708],[-3.182857,40.308267],[-3.141212,40.350542],[-3.15343,40.367703],[-3.138288,40.375543],[-3.143344,40.387534],[-3.130558,40.405185],[-3.147365,40.419587],[-3.155515,40.439425],[-3.198597,40.442252],[-3.199955,40.514448],[-3.222857,40.525956],[-3.23141,40.539668],[-3.231186,40.531732],[-3.249915,40.544316],[-3.289323,40.531557],[-3.297127,40.537521],[-3.283102,40.550964],[-3.284069,40.568977],[-3.328275,40.594836],[-3.331416,40.603944],[-3.321644,40.612192],[-3.338516,40.625849],[-3.323675,40.629686],[-3.313857,40.649743],[-3.316497,40.655177],[-3.327171,40.640587],[-3.345598,40.637743],[-3.366318,40.648031],[-3.36232,40.653738],[-3.372924,40.677717],[-3.393354,40.692458],[-3.400701,40.690115],[-3.404734,40.669638],[-3.425587,40.682375],[-3.426734,40.672364],[-3.441704,40.674208],[-3.46855,40.689936],[-3.434945,40.727986],[-3.441882,40.737728],[-3.450416,40.734887],[-3.444343,40.76158],[-3.45901,40.781324],[-3.511572,40.788496],[-3.491938,40.798419],[-3.477387,40.823561],[-3.479192,40.837628],[-3.469748,40.843178],[-3.47633,40.851284],[-3.465813,40.856895],[-3.472668,40.864097],[-3.440487,40.87535],[-3.444834,40.887104],[-3.439592,40.89115],[-3.460599,40.89847],[-3.460577,40.906659],[-3.444062,40.906849],[-3.451287,40.912865],[-3.448855,40.922527],[-3.416233,40.975812],[-3.418296,40.987564],[-3.39445,41.000278],[-3.438935,41.04267],[-3.426005,41.065663],[-3.425805,41.082899],[-3.448389,41.080637],[-3.475154,41.095267],[-3.488751,41.094294],[-3.509262,41.136395],[-3.541098,41.149667],[-3.539722,41.165041],[-3.517212,41.16286],[-3.500341,41.178608],[-3.466516,41.183384],[-3.444154,41.21534],[-3.402486,41.213619],[-3.40631,41.234171],[-3.397988,41.243252],[-3.3995,41.254543],[-3.411523,41.260707],[-3.414585,41.265579],[-3.415641,41.272114],[-3.415147,41.273197],[-3.409779,41.260623],[-3.33635,41.253031],[-3.323621,41.261742],[-3.290168,41.25793],[-3.275759,41.275034],[-3.274265,41.260265],[-3.254264,41.258383],[-3.231245,41.294867],[-3.199755,41.304429],[-3.061901,41.273427],[-3.018015,41.289115],[-3.005988,41.284396],[-2.950131,41.292637],[-2.941191,41.313936],[-2.906668,41.327632],[-2.868988,41.317056],[-2.866888,41.274465],[-2.822245,41.256615],[-2.775511,41.250084],[-2.760946,41.274024],[-2.716772,41.275671],[-2.709546,41.251981],[-2.670256,41.237193],[-2.646015,41.24021],[-2.629198,41.215215],[-2.6239,41.223737],[-2.589486,41.224538],[-2.593741,41.200205],[-2.620008,41.195368],[-2.622066,41.187988],[-2.577493,41.178663],[-2.595314,41.150253],[-2.575577,41.139472],[-2.542529,41.150668],[-2.53651,41.162525],[-2.517357,41.147872],[-2.508851,41.118857],[-2.482261,41.116272],[-2.469466,41.07811],[-2.429744,41.07229],[-2.41891,41.057706],[-2.355329,41.086454],[-2.323407,41.056508],[-2.293581,41.071255],[-2.263544,41.067535],[-2.232147,41.097011],[-2.175298,41.083755],[-2.131855,41.118098],[-2.109418,41.097551],[-2.08146,41.08635],[-2.07169,41.07249],[-2.056434,41.069691],[-2.048179,41.078378],[-2.065622,41.095789],[-2.06272,41.113115],[-2.05059,41.125897],[-2.047617,41.152652],[-1.99204,41.159962],[-1.959017,41.172486],[-1.932447,41.13859],[-1.890571,41.133321],[-1.869252,41.10791],[-1.803291,41.089895],[-1.757752,41.055074],[-1.747134,41.033899],[-1.617449,40.943733],[-1.607904,40.92762],[-1.625974,40.898678],[-1.621392,40.8804],[-1.588781,40.845027],[-1.57049,40.830083],[-1.559269,40.830763],[-1.542334,40.811219],[-1.539908,40.760733],[-1.562017,40.739752],[-1.553336,40.70588],[-1.535638,40.687019],[-1.538992,40.658091],[-1.564856,40.614742],[-1.545515,40.595195],[-1.598749,40.562054],[-1.63425,40.579794],[-1.666461,40.582044],[-1.674331,40.59217],[-1.693285,40.577648]]]]}},{"type":"Feature","properties":{"name":"Huelva","mapcolor":35,"cartodb_id":35},"geometry":{"type":"MultiPolygon","coordinates":[[[[-7.230694,37.203431],[-7.296554,37.197229],[-7.330866,37.18669],[-7.32746,37.180776],[-7.371848,37.170476],[-7.403128,37.174424],[-7.413926,37.226588],[-7.433532,37.249736],[-7.421691,37.273785],[-7.442178,37.3113],[-7.440477,37.391015],[-7.462707,37.408989],[-7.445572,37.418711],[-7.457621,37.429194],[-7.456711,37.452334],[-7.468802,37.468538],[-7.463478,37.48592],[-7.484218,37.4982],[-7.492165,37.522169],[-7.511721,37.524884],[-7.522524,37.556899],[-7.506652,37.557589],[-7.507604,37.566998],[-7.515883,37.569417],[-7.501449,37.578086],[-7.496467,37.59401],[-7.503678,37.604713],[-7.489044,37.603642],[-7.482429,37.623726],[-7.470582,37.624626],[-7.467327,37.649265],[-7.454539,37.646255],[-7.455881,37.661857],[-7.444146,37.664732],[-7.452504,37.678124],[-7.428485,37.740579],[-7.418345,37.744941],[-7.421107,37.759122],[-7.408269,37.767394],[-7.396761,37.764267],[-7.365947,37.792768],[-7.324127,37.815766],[-7.283459,37.869079],[-7.282184,37.897452],[-7.273689,37.899148],[-7.262071,37.924303],[-7.255395,37.922707],[-7.248505,37.954481],[-7.249967,37.966992],[-7.263192,37.979852],[-7.243492,37.99204],[-7.22278,37.989887],[-7.202218,38.003477],[-7.173076,37.993194],[-7.132847,37.999948],[-7.120701,38.005212],[-7.129062,38.010782],[-7.12813,38.029865],[-7.09878,38.043845],[-7.067089,38.033462],[-7.059303,38.017437],[-7.002398,38.02266],[-7.002562,38.043858],[-6.990116,38.055433],[-6.987363,38.103896],[-6.975173,38.104445],[-6.952111,38.152783],[-6.962507,38.154549],[-6.968876,38.166188],[-6.931656,38.208317],[-6.848429,38.177236],[-6.795092,38.178541],[-6.79954,38.143798],[-6.815815,38.120138],[-6.80782,38.11111],[-6.770055,38.112113],[-6.773639,38.104666],[-6.764929,38.105999],[-6.770087,38.099456],[-6.758217,38.092711],[-6.731991,38.090053],[-6.729394,38.099504],[-6.71975,38.10062],[-6.715041,38.092491],[-6.688667,38.100232],[-6.653027,38.096482],[-6.649297,38.090022],[-6.642056,38.097534],[-6.622104,38.097008],[-6.580526,38.052772],[-6.583581,38.021285],[-6.545693,38.028119],[-6.495041,38.019133],[-6.491735,38.009465],[-6.47656,38.007834],[-6.465322,38.011211],[-6.47386,38.024427],[-6.443609,38.046957],[-6.452439,38.055959],[-6.444316,38.059603],[-6.367246,38.048919],[-6.359095,38.016657],[-6.347044,38.00282],[-6.303371,37.978245],[-6.251952,37.971381],[-6.239239,37.95893],[-6.201517,37.962062],[-6.195989,37.948744],[-6.18024,37.941026],[-6.183938,37.92761],[-6.169969,37.909815],[-6.163745,37.917965],[-6.145213,37.920498],[-6.125032,37.904792],[-6.164294,37.86201],[-6.159035,37.854105],[-6.14216,37.855674],[-6.12166,37.816595],[-6.126428,37.797169],[-6.138199,37.79546],[-6.133859,37.790025],[-6.134016,37.787832],[-6.167423,37.792785],[-6.184656,37.809673],[-6.202397,37.805534],[-6.215464,37.791545],[-6.204832,37.76603],[-6.219835,37.755181],[-6.216228,37.744944],[-6.2225,37.739339],[-6.252424,37.74278],[-6.244666,37.747751],[-6.252318,37.763145],[-6.278494,37.75841],[-6.311022,37.764869],[-6.39003,37.747693],[-6.449994,37.718898],[-6.475123,37.725141],[-6.483683,37.719988],[-6.473443,37.709092],[-6.478672,37.711775],[-6.493191,37.688688],[-6.501422,37.688705],[-6.501342,37.667959],[-6.525363,37.664234],[-6.536089,37.650976],[-6.529602,37.636504],[-6.538364,37.625638],[-6.528622,37.615795],[-6.514991,37.625265],[-6.48489,37.615979],[-6.443271,37.623354],[-6.39557,37.611222],[-6.402268,37.598577],[-6.393402,37.585629],[-6.402757,37.580058],[-6.393463,37.556763],[-6.366467,37.535631],[-6.367326,37.517765],[-6.356517,37.496208],[-6.338774,37.485162],[-6.332955,37.464627],[-6.305808,37.435759],[-6.312549,37.418639],[-6.356448,37.412047],[-6.361961,37.37574],[-6.346038,37.365732],[-6.384571,37.337489],[-6.333,37.299104],[-6.342818,37.28115],[-6.337078,37.274744],[-6.349732,37.265169],[-6.359846,37.238096],[-6.345245,37.218283],[-6.353379,37.198943],[-6.350561,37.180562],[-6.336117,37.169617],[-6.359674,37.138426],[-6.34236,37.122977],[-6.360089,37.117286],[-6.356308,37.110644],[-6.378242,37.095893],[-6.38639,37.07629],[-6.353943,36.988492],[-6.363813,36.945803],[-6.378893,36.934706],[-6.331009,36.898803],[-6.345295,36.88913],[-6.352903,36.85738],[-6.345502,36.798722],[-6.371257,36.795058],[-6.397195,36.807276],[-6.449265,36.907787],[-6.515473,36.972552],[-6.598927,37.023816],[-6.772792,37.110878],[-6.87425,37.148339],[-6.91668,37.176301],[-6.921451,37.170179],[-6.889587,37.146396],[-6.852612,37.131719],[-6.838522,37.117979],[-6.833485,37.110759],[-6.832471,37.107889],[-6.851625,37.128194],[-6.945476,37.172238],[-6.948791,37.172154],[-6.947202,37.167927],[-6.94771,37.165577],[-6.948964,37.163941],[-7.01712,37.19967],[-7.059652,37.210794],[-7.230694,37.203431]]]]}},{"type":"Feature","properties":{"name":"Huesca","mapcolor":34,"cartodb_id":34},"geometry":{"type":"MultiPolygon","coordinates":[[[[0.346576,41.48811],[0.339677,41.483332],[0.34281,41.463482],[0.355413,41.452462],[0.335845,41.407457],[0.308875,41.418841],[0.24059,41.428353],[0.219094,41.40357],[0.182643,41.394409],[0.163652,41.406497],[0.124645,41.383545],[0.106298,41.350819],[0.093362,41.34997],[0.009693,41.360431],[-0.002982,41.387916],[-0.0234,41.396993],[-0.029285,41.377818],[-0.007931,41.347806],[-0.04944,41.36046],[-0.072706,41.377157],[-0.104972,41.48548],[-0.133656,41.521304],[-0.156663,41.535295],[-0.157478,41.568376],[-0.167355,41.581111],[-0.156446,41.589974],[-0.205736,41.602261],[-0.244785,41.573115],[-0.302306,41.60792],[-0.312589,41.624102],[-0.359523,41.635224],[-0.36626,41.679914],[-0.374504,41.688118],[-0.428539,41.70548],[-0.444919,41.703684],[-0.489424,41.731666],[-0.51869,41.728817],[-0.500693,41.761317],[-0.511969,41.783906],[-0.516748,41.836776],[-0.527144,41.852867],[-0.555209,41.871329],[-0.603313,41.882827],[-0.595465,41.899594],[-0.630582,41.912906],[-0.657826,41.957495],[-0.778209,41.957397],[-0.884933,42.003579],[-0.850738,42.026152],[-0.848911,42.042013],[-0.857005,42.05099],[-0.812937,42.092503],[-0.804784,42.096445],[-0.804849,42.073878],[-0.793546,42.054398],[-0.77971,42.054716],[-0.763142,42.067479],[-0.760785,42.079501],[-0.770161,42.08723],[-0.754917,42.090598],[-0.762708,42.100449],[-0.753236,42.123787],[-0.760862,42.129853],[-0.752146,42.132042],[-0.758722,42.146958],[-0.747391,42.155922],[-0.7598,42.170232],[-0.751618,42.172926],[-0.759901,42.178672],[-0.750472,42.199407],[-0.761519,42.214465],[-0.759379,42.263648],[-0.75196,42.263619],[-0.748494,42.277537],[-0.728865,42.296322],[-0.744589,42.33868],[-0.735116,42.353343],[-0.744847,42.361676],[-0.736429,42.369876],[-0.777937,42.391257],[-0.77181,42.346714],[-0.806532,42.270548],[-0.813096,42.264487],[-0.843932,42.28283],[-0.857935,42.274745],[-0.876959,42.281646],[-0.891175,42.263041],[-0.890548,42.240029],[-0.918909,42.257316],[-0.889039,42.286705],[-0.892094,42.296919],[-0.879602,42.318888],[-0.855662,42.33992],[-0.842765,42.366344],[-0.844179,42.384642],[-0.821672,42.384559],[-0.815347,42.394966],[-0.835435,42.395527],[-0.842087,42.407387],[-0.884219,42.421059],[-0.905632,42.436456],[-0.896281,42.443804],[-0.903759,42.453244],[-0.896297,42.460392],[-0.8819,42.457056],[-0.877247,42.466615],[-0.89702,42.479083],[-0.89029,42.490369],[-0.89385,42.510453],[-0.933425,42.505879],[-0.916448,42.537324],[-0.898262,42.538964],[-0.895048,42.549063],[-0.899346,42.559984],[-0.918603,42.555284],[-0.921605,42.571241],[-0.934168,42.572648],[-0.92479,42.587968],[-0.908671,42.587125],[-0.904713,42.599048],[-0.914683,42.602327],[-0.904661,42.612942],[-0.927643,42.656242],[-0.893094,42.662347],[-0.879954,42.688138],[-0.901548,42.701872],[-0.922463,42.700804],[-0.904351,42.712189],[-0.906845,42.726606],[-0.896865,42.735662],[-0.900535,42.760466],[-0.87331,42.758982],[-0.847533,42.78592],[-0.860007,42.798562],[-0.851441,42.807587],[-0.856833,42.846885],[-0.818533,42.869367],[-0.813632,42.888201],[-0.819095,42.900669],[-0.783213,42.921725],[-0.724485,42.92023],[-0.736349,42.913019],[-0.731752,42.896071],[-0.698429,42.878955],[-0.678752,42.884536],[-0.655889,42.85874],[-0.602023,42.83215],[-0.60047,42.802429],[-0.569138,42.806856],[-0.570548,42.783032],[-0.551679,42.777605],[-0.543716,42.793184],[-0.523485,42.797079],[-0.525011,42.812159],[-0.505268,42.827426],[-0.441704,42.795371],[-0.408788,42.80766],[-0.394747,42.798967],[-0.364488,42.816392],[-0.34684,42.837784],[-0.324127,42.834752],[-0.313264,42.849373],[-0.255143,42.819333],[-0.243343,42.82365],[-0.238766,42.808592],[-0.188663,42.786941],[-0.176801,42.785938],[-0.159987,42.798029],[-0.146883,42.776146],[-0.149756,42.769194],[-0.122789,42.751645],[-0.106406,42.720616],[-0.06846,42.718074],[-0.05638,42.692308],[0.000265,42.685317],[0.01581,42.701828],[0.058428,42.697563],[0.077985,42.714831],[0.116951,42.711155],[0.136727,42.722437],[0.161789,42.723187],[0.175796,42.737044],[0.226895,42.717315],[0.260005,42.716015],[0.268606,42.700066],[0.263695,42.693237],[0.295266,42.673195],[0.321356,42.682896],[0.325174,42.705025],[0.360231,42.724349],[0.393061,42.713213],[0.395305,42.699523],[0.42209,42.690458],[0.474199,42.70015],[0.516781,42.691347],[0.527314,42.702548],[0.587362,42.694492],[0.597092,42.705522],[0.660068,42.690854],[0.695593,42.658624],[0.703141,42.641758],[0.698645,42.628833],[0.707715,42.621077],[0.767551,42.611225],[0.75794,42.569941],[0.74081,42.545399],[0.752768,42.533949],[0.734741,42.540346],[0.721593,42.524885],[0.7199,42.512831],[0.742156,42.505603],[0.713373,42.487208],[0.70051,42.49552],[0.697784,42.4863],[0.689941,42.486843],[0.708981,42.459223],[0.710142,42.436385],[0.735525,42.414753],[0.725944,42.405233],[0.746097,42.384776],[0.723272,42.36563],[0.771307,42.350643],[0.74036,42.336873],[0.743678,42.326319],[0.764623,42.322481],[0.74483,42.301178],[0.736217,42.252387],[0.714586,42.224327],[0.701842,42.188629],[0.698082,42.171804],[0.713849,42.16282],[0.695498,42.151412],[0.699613,42.105141],[0.669897,42.061835],[0.672047,42.047244],[0.656857,42.040119],[0.651758,42.023967],[0.663869,42.014742],[0.643336,41.98307],[0.638729,41.994613],[0.624013,41.991843],[0.605486,41.960006],[0.586266,41.967133],[0.56188,41.938219],[0.607487,41.919315],[0.594896,41.917955],[0.600985,41.908543],[0.592097,41.884422],[0.608315,41.878503],[0.607478,41.871823],[0.579897,41.863623],[0.580053,41.85091],[0.555211,41.853011],[0.543573,41.820405],[0.515461,41.822354],[0.483232,41.801463],[0.468601,41.764976],[0.398676,41.757811],[0.395436,41.731981],[0.384742,41.740312],[0.369218,41.724667],[0.368658,41.714193],[0.328211,41.681072],[0.326241,41.662199],[0.357982,41.63172],[0.345816,41.621863],[0.349613,41.599464],[0.402023,41.592718],[0.428494,41.602376],[0.43585,41.585685],[0.430329,41.565237],[0.446923,41.542236],[0.397385,41.490573],[0.346576,41.48811]]]]}},{"type":"Feature","properties":{"name":"Illes Balears","mapcolor":9,"cartodb_id":9},"geometry":{"type":"MultiPolygon","coordinates":[[[[1.479072,38.710706],[1.47899,38.710795],[1.47908,38.710895],[1.479186,38.710762],[1.479072,38.710706]]],[[[1.478739,38.711765],[1.478737,38.711882],[1.478864,38.711848],[1.478865,38.711785],[1.478739,38.711765]]],[[[1.459987,38.724333],[1.459502,38.724444],[1.459368,38.724812],[1.45962,38.724851],[1.459987,38.724333]]],[[[1.459327,38.725081],[1.459279,38.725207],[1.459428,38.725191],[1.459442,38.725101],[1.459327,38.725081]]],[[[1.459655,38.72587],[1.459586,38.725878],[1.459561,38.725959],[1.459723,38.725934],[1.459655,38.72587]]],[[[1.456257,38.726104],[1.45603,38.726489],[1.457278,38.726217],[1.457016,38.726087],[1.456257,38.726104]]],[[[1.458888,38.726247],[1.4586,38.726288],[1.458506,38.726368],[1.458909,38.726346],[1.458888,38.726247]]],[[[1.45681,38.728184],[1.456671,38.728245],[1.457073,38.728296],[1.457028,38.728223],[1.45681,38.728184]]],[[[1.45676,38.7284],[1.456744,38.728607],[1.456928,38.728609],[1.45692,38.728429],[1.45676,38.7284]]],[[[1.453017,38.73017],[1.452549,38.730543],[1.452702,38.730932],[1.45329,38.730336],[1.453017,38.73017]]],[[[1.452443,38.731172],[1.45228,38.731269],[1.452312,38.731396],[1.452461,38.731407],[1.452443,38.731172]]],[[[1.431962,38.771855],[1.431868,38.771916],[1.432076,38.771919],[1.432088,38.771874],[1.431962,38.771855]]],[[[1.427162,38.776061],[1.426552,38.776549],[1.425578,38.776896],[1.426812,38.776769],[1.427162,38.776061]]],[[[1.427865,38.77599],[1.427761,38.776033],[1.427875,38.776062],[1.427865,38.77599]]],[[[1.4277,38.776186],[1.427595,38.776238],[1.427606,38.776275],[1.427721,38.776285],[1.4277,38.776186]]],[[[1.428571,38.775296],[1.428441,38.775448],[1.428462,38.775565],[1.428602,38.775459],[1.428571,38.775296]]],[[[1.427854,38.77544],[1.427836,38.775764],[1.427893,38.775765],[1.42799,38.775559],[1.427854,38.77544]]],[[[1.427421,38.775785],[1.427294,38.775802],[1.427292,38.775892],[1.42743,38.775894],[1.427421,38.775785]]],[[[1.416133,38.773488],[1.416379,38.774321],[1.417403,38.774884],[1.417311,38.773838],[1.416133,38.773488]]],[[[1.429662,38.774887],[1.429626,38.774986],[1.429799,38.774961],[1.429754,38.774889],[1.429662,38.774887]]],[[[1.388552,38.640388],[1.380573,38.692641],[1.390354,38.699462],[1.38027,38.719309],[1.396575,38.735483],[1.401634,38.727902],[1.41208,38.730982],[1.407172,38.721967],[1.41925,38.722509],[1.412109,38.731721],[1.428534,38.738152],[1.435274,38.759328],[1.433267,38.771647],[1.446757,38.732917],[1.456482,38.724728],[1.46373,38.722544],[1.472663,38.728131],[1.47773,38.702398],[1.495703,38.688754],[1.530291,38.672812],[1.569056,38.691622],[1.584721,38.66978],[1.572588,38.650988],[1.533686,38.651732],[1.480029,38.680748],[1.447047,38.684973],[1.430148,38.665472],[1.388552,38.640388]],[[1.42249,38.663504],[1.422592,38.663569],[1.422463,38.663693],[1.422374,38.663593],[1.42249,38.663504]],[[1.436219,38.678566],[1.436402,38.678604],[1.436526,38.678696],[1.436103,38.678618],[1.436219,38.678566]],[[1.384948,38.713327],[1.385004,38.7134],[1.38482,38.713407],[1.384832,38.713362],[1.384948,38.713327]],[[1.391997,38.726716],[1.392043,38.726725],[1.391949,38.726832],[1.391928,38.726742],[1.391997,38.726716]]],[[[1.450178,38.731665],[1.450097,38.731673],[1.450061,38.731762],[1.450256,38.731774],[1.450178,38.731665]]],[[[1.431415,38.75004],[1.431068,38.750116],[1.430986,38.750214],[1.431283,38.750299],[1.431415,38.75004]]],[[[1.430971,38.750872],[1.430651,38.751318],[1.431512,38.751411],[1.431487,38.750987],[1.430971,38.750872]]],[[[1.430896,38.753259],[1.430023,38.753707],[1.430267,38.754674],[1.430846,38.754511],[1.430896,38.753259]]],[[[1.430009,38.755392],[1.429878,38.755606],[1.43051,38.75566],[1.430446,38.755434],[1.430009,38.755392]]],[[[1.432222,38.771525],[1.432107,38.771532],[1.432037,38.771567],[1.432243,38.771633],[1.432222,38.771525]]],[[[1.423368,38.797745],[1.423287,38.797762],[1.423273,38.797879],[1.4234,38.797881],[1.423368,38.797745]]],[[[1.419741,38.80559],[1.419591,38.805597],[1.419566,38.805687],[1.41975,38.805689],[1.419741,38.80559]]],[[[1.477867,38.806984],[1.477842,38.807083],[1.478004,38.807076],[1.477959,38.806985],[1.477867,38.806984]]],[[[1.408011,38.810588],[1.407941,38.810623],[1.408007,38.810759],[1.408101,38.81067],[1.408011,38.810588]]],[[[1.411462,38.813804],[1.40953,38.816274],[1.40981,38.81871],[1.411726,38.816943],[1.411462,38.813804]]],[[[1.404015,38.815649],[1.402608,38.815756],[1.402387,38.815852],[1.404517,38.816908],[1.404015,38.815649]]],[[[1.404864,38.813768],[1.402922,38.814066],[1.402827,38.8142],[1.403902,38.814539],[1.404864,38.813768]]],[[[1.423692,38.798236],[1.421311,38.798627],[1.421247,38.798933],[1.422394,38.799615],[1.423692,38.798236]]],[[[1.40179,38.825008],[1.401615,38.825141],[1.40159,38.825221],[1.401786,38.825197],[1.40179,38.825008]]],[[[1.407756,38.826116],[1.407897,38.826488],[1.408164,38.826392],[1.408154,38.826347],[1.407756,38.826116]]],[[[1.407481,38.826572],[1.407073,38.826774],[1.407525,38.827168],[1.407831,38.826865],[1.407481,38.826572]]],[[[1.370951,38.828655],[1.370903,38.828735],[1.371286,38.829119],[1.371189,38.82883],[1.370951,38.828655]]],[[[1.370699,38.829598],[1.370697,38.829688],[1.370671,38.829823],[1.370836,38.829654],[1.370699,38.829598]]],[[[1.432112,38.773938],[1.426489,38.782063],[1.419366,38.779299],[1.421869,38.797355],[1.432112,38.773938]]],[[[1.484814,38.786241],[1.484721,38.786275],[1.48454,38.786643],[1.484948,38.786405],[1.484814,38.786241]]],[[[1.480602,38.787754],[1.480656,38.787935],[1.480772,38.787891],[1.480751,38.787783],[1.480602,38.787754]]],[[[1.484144,38.786863],[1.482747,38.78707],[1.481363,38.787719],[1.483416,38.787547],[1.484144,38.786863]]],[[[1.419178,38.791444],[1.417358,38.79251],[1.416879,38.794927],[1.420086,38.792555],[1.419178,38.791444]]],[[[1.424003,38.797168],[1.42355,38.797333],[1.423467,38.797449],[1.4238,38.797517],[1.424003,38.797168]]],[[[1.481423,38.788143],[1.481364,38.788214],[1.481432,38.788287],[1.481502,38.788225],[1.481423,38.788143]]],[[[1.480253,38.787965],[1.474099,38.797401],[1.47777,38.805054],[1.482408,38.799239],[1.480253,38.787965]]],[[[1.197922,38.870869],[1.197966,38.87096],[1.198129,38.8709],[1.198014,38.870871],[1.197922,38.870869]]],[[[1.195337,38.870983],[1.195602,38.871464],[1.19689,38.872007],[1.19625,38.871366],[1.195337,38.870983]]],[[[1.454168,38.88831],[1.454052,38.888336],[1.453934,38.888479],[1.454094,38.888553],[1.454168,38.88831]]],[[[1.451432,38.890067],[1.451679,38.890359],[1.451935,38.89029],[1.451788,38.890144],[1.451432,38.890067]]],[[[1.218687,38.889542],[1.21843,38.890142],[1.219181,38.890073],[1.219172,38.889973],[1.218687,38.889542]]],[[[1.222456,38.879896],[1.222441,38.880022],[1.222499,38.880031],[1.222523,38.879969],[1.222456,38.879896]]],[[[1.434685,38.883537],[1.434018,38.883951],[1.434631,38.88441],[1.435133,38.884119],[1.434685,38.883537]]],[[[1.435322,38.884969],[1.435241,38.884977],[1.435239,38.885067],[1.435331,38.885077],[1.435322,38.884969]]],[[[1.438502,38.888751],[1.438476,38.888886],[1.438625,38.888888],[1.438559,38.888761],[1.438502,38.888751]]],[[[1.438574,38.887571],[1.437987,38.88805],[1.438872,38.888693],[1.43908,38.888155],[1.438574,38.887571]]],[[[1.435818,38.884966],[1.435804,38.885056],[1.436066,38.885222],[1.436151,38.885025],[1.435818,38.884966]]],[[[1.435203,38.885147],[1.435,38.885433],[1.435496,38.885431],[1.435509,38.885377],[1.435203,38.885147]]],[[[1.438165,38.888872],[1.438266,38.889],[1.438405,38.888957],[1.438383,38.888911],[1.438165,38.888872]]],[[[1.405868,38.871469],[1.405622,38.87161],[1.406582,38.872001],[1.406546,38.871559],[1.405868,38.871469]]],[[[1.426269,38.87362],[1.426412,38.873928],[1.427001,38.873864],[1.426752,38.873662],[1.426269,38.87362]]],[[[1.291635,38.875477],[1.291542,38.87553],[1.291562,38.875656],[1.291724,38.875641],[1.291635,38.875477]]],[[[1.284877,38.876117],[1.284829,38.876206],[1.284932,38.876217],[1.284944,38.876181],[1.284877,38.876117]]],[[[1.285762,38.876229],[1.285656,38.876309],[1.285804,38.876383],[1.285818,38.876284],[1.285762,38.876229]]],[[[1.279665,38.878113],[1.27956,38.878165],[1.279604,38.878247],[1.279709,38.878203],[1.279665,38.878113]]],[[[1.222472,38.879698],[1.222435,38.879787],[1.222527,38.879798],[1.222551,38.879762],[1.222472,38.879698]]],[[[1.235578,38.87231],[1.235519,38.872345],[1.235552,38.872408],[1.235611,38.872346],[1.235578,38.87231]]],[[[1.22495,38.870905],[1.224857,38.870967],[1.22498,38.871113],[1.225016,38.871032],[1.22495,38.870905]]],[[[1.236138,38.871543],[1.236033,38.871596],[1.236044,38.871623],[1.236147,38.871643],[1.236138,38.871543]]],[[[1.225107,38.871106],[1.225083,38.871141],[1.225163,38.871161],[1.225164,38.871107],[1.225107,38.871106]]],[[[1.405397,38.830112],[1.405267,38.830786],[1.406058,38.830455],[1.405566,38.830295],[1.405397,38.830112]]],[[[1.369302,38.834273],[1.369069,38.834378],[1.369574,38.834466],[1.369462,38.83432],[1.369302,38.834273]]],[[[1.243649,38.86051],[1.243551,38.861185],[1.24389,38.86146],[1.243893,38.861352],[1.243649,38.86051]]],[[[1.29748,38.861921],[1.297376,38.861964],[1.297374,38.862018],[1.297477,38.862047],[1.29748,38.861921]]],[[[1.309068,38.864143],[1.309019,38.864242],[1.309041,38.864296],[1.309148,38.864163],[1.309068,38.864143]]],[[[1.204088,38.867207],[1.203903,38.867258],[1.2039,38.867366],[1.204085,38.86736],[1.204088,38.867207]]],[[[1.203217,38.866572],[1.20319,38.866716],[1.203397,38.866737],[1.203366,38.866619],[1.203217,38.866572]]],[[[1.188589,38.862561],[1.195923,38.870163],[1.203369,38.868773],[1.202046,38.864103],[1.188589,38.862561]]],[[[1.304413,38.862616],[1.30432,38.862678],[1.304364,38.862769],[1.30448,38.862725],[1.304413,38.862616]]],[[[1.20332,38.869358],[1.203076,38.869408],[1.203052,38.869444],[1.203259,38.869483],[1.20332,38.869358]]],[[[1.206989,38.868756],[1.206952,38.868846],[1.207055,38.868866],[1.207046,38.868757],[1.206989,38.868756]]],[[[1.20309,38.869805],[1.203007,38.869876],[1.203041,38.869903],[1.203157,38.869869],[1.20309,38.869805]]],[[[1.210577,38.869992],[1.210541,38.870054],[1.210715,38.870003],[1.210577,38.869992]]],[[[1.199331,38.870738],[1.199251,38.870746],[1.19941,38.870838],[1.1994,38.870757],[1.199331,38.870738]]],[[[1.202367,38.8701],[1.202227,38.870197],[1.202317,38.87027],[1.202456,38.870245],[1.202367,38.8701]]],[[[1.201413,38.870473],[1.20125,38.870533],[1.201407,38.870698],[1.201535,38.870646],[1.201413,38.870473]]],[[[1.215163,38.868197],[1.21507,38.868249],[1.215114,38.868331],[1.215253,38.868297],[1.215163,38.868197]]],[[[1.215283,38.868478],[1.215235,38.868531],[1.215327,38.868551],[1.215329,38.868479],[1.215283,38.868478]]],[[[1.24018,38.86891],[1.240064,38.868953],[1.240063,38.868998],[1.240166,38.869027],[1.24018,38.86891]]],[[[1.298315,38.869934],[1.29821,38.869987],[1.298209,38.870032],[1.298312,38.870051],[1.298315,38.869934]]],[[[1.299648,38.870098],[1.299127,38.870667],[1.299056,38.87172],[1.299659,38.871558],[1.299648,38.870098]]],[[[1.29838,38.870088],[1.298229,38.870158],[1.298504,38.870243],[1.298391,38.870143],[1.29838,38.870088]]],[[[1.298215,38.870275],[1.298113,38.870661],[1.298627,38.870371],[1.298397,38.870368],[1.298215,38.870275]]],[[[1.212864,38.865639],[1.213756,38.868247],[1.206632,38.868264],[1.214926,38.869392],[1.212864,38.865639]]],[[[1.157277,38.978468],[1.157297,38.978585],[1.157426,38.978488],[1.15738,38.978469],[1.157277,38.978468]]],[[[1.157817,38.978539],[1.157814,38.978674],[1.157964,38.978659],[1.157977,38.978596],[1.157817,38.978539]]],[[[1.168374,38.984598],[1.168447,38.984888],[1.168632,38.984891],[1.168742,38.984658],[1.168374,38.984598]]],[[[1.215826,38.987685],[1.215497,38.987923],[1.215624,38.988358],[1.216143,38.987933],[1.215826,38.987685]]],[[[1.584719,38.982082],[1.583126,38.983225],[1.584374,38.986042],[1.585143,38.985718],[1.584719,38.982082]]],[[[1.573137,38.98678],[1.572777,38.986883],[1.572808,38.987091],[1.573307,38.98698],[1.573137,38.98678]]],[[[1.293847,39.010341],[1.292995,39.010716],[1.293002,39.011852],[1.293351,39.011758],[1.293847,39.010341]]],[[[1.646318,39.031876],[1.646292,39.032056],[1.646477,39.032067],[1.646503,39.031914],[1.646318,39.031876]]],[[[1.584666,38.999787],[1.584502,38.99992],[1.584768,39.000491],[1.584873,39.000438],[1.584666,38.999787]]],[[[1.586882,39.001012],[1.586365,39.001466],[1.586879,39.002346],[1.587575,39.00157],[1.586882,39.001012]]],[[[1.583299,39.002906],[1.583183,39.002932],[1.582855,39.003189],[1.583401,39.003025],[1.583299,39.002906]]],[[[1.583776,39.003308],[1.583634,39.003496],[1.583794,39.003597],[1.583924,39.003445],[1.583776,39.003308]]],[[[1.599566,39.023016],[1.599438,39.023068],[1.599319,39.023256],[1.59954,39.023178],[1.599566,39.023016]]],[[[1.64862,39.031731],[1.639993,39.034623],[1.636484,39.04106],[1.646232,39.04066],[1.64862,39.031731]]],[[[1.610131,39.040352],[1.609966,39.040513],[1.610087,39.040848],[1.610288,39.040616],[1.610131,39.040352]]],[[[1.314075,39.048974],[1.313886,39.049151],[1.313974,39.049333],[1.314186,39.049183],[1.314075,39.048974]]],[[[1.37344,39.063349],[1.373362,39.063736],[1.373847,39.063788],[1.373682,39.063407],[1.37344,39.063349]]],[[[1.606419,39.046399],[1.606234,39.047037],[1.607021,39.046965],[1.607012,39.04683],[1.606419,39.046399]]],[[[1.31593,39.04873],[1.314808,39.049732],[1.316334,39.050691],[1.315226,39.049657],[1.31593,39.04873]]],[[[1.166347,38.97142],[1.164496,38.972022],[1.164621,38.973439],[1.166684,38.972678],[1.166347,38.97142]]],[[[1.231809,38.976828],[1.231686,38.977141],[1.231926,38.977226],[1.232014,38.976948],[1.231809,38.976828]]],[[[1.160057,38.978971],[1.158655,38.979634],[1.161237,38.981116],[1.160869,38.979281],[1.160057,38.978971]]],[[[1.577578,38.981797],[1.578079,38.98274],[1.579109,38.982608],[1.57898,38.982147],[1.577578,38.981797]]],[[[1.164937,38.967452],[1.16491,38.968532],[1.166479,38.968539],[1.166404,38.968322],[1.164937,38.967452]]],[[[1.165935,38.969053],[1.165258,38.969349],[1.165537,38.969696],[1.165725,38.9696],[1.165935,38.969053]]],[[[1.16144,38.982174],[1.16109,38.982348],[1.161497,38.98267],[1.161558,38.982554],[1.16144,38.982174]]],[[[1.214078,38.975927],[1.206331,38.983755],[1.213638,38.995265],[1.210548,38.984099],[1.218922,38.978398],[1.214078,38.975927]]],[[[2.940273,39.120743],[2.93981,39.120878],[2.93974,39.121067],[2.940515,39.12086],[2.940273,39.120743]]],[[[2.936894,39.12175],[2.935563,39.12184],[2.935389,39.122191],[2.936859,39.12202],[2.936894,39.12175]]],[[[2.944399,39.124638],[2.944399,39.124728],[2.944469,39.124737],[2.944446,39.124638],[2.944399,39.124638]]],[[[2.962231,39.138144],[2.961201,39.138378],[2.960819,39.138549],[2.96274,39.138225],[2.962231,39.138144]]],[[[2.957204,39.146216],[2.957112,39.146234],[2.957077,39.14627],[2.957239,39.146288],[2.957204,39.146216]]],[[[2.917662,39.156044],[2.917604,39.156053],[2.917604,39.156089],[2.917662,39.156089],[2.917662,39.156044]]],[[[2.958906,39.164789],[2.958906,39.164861],[2.958964,39.164843],[2.958964,39.164798],[2.958906,39.164789]]],[[[2.958455,39.124391],[2.958269,39.126229],[2.960445,39.125401],[2.960132,39.124914],[2.958455,39.124391]]],[[[2.937628,39.128347],[2.937466,39.128356],[2.937582,39.128536],[2.937721,39.128482],[2.937628,39.128347]]],[[[2.922977,39.132438],[2.922791,39.132898],[2.923486,39.132853],[2.923474,39.132538],[2.922977,39.132438]]],[[[2.938904,39.124635],[2.939551,39.125969],[2.940338,39.125429],[2.940072,39.124969],[2.938904,39.124635]]],[[[2.943566,39.125241],[2.942351,39.125628],[2.942454,39.126187],[2.944098,39.125439],[2.943566,39.125241]]],[[[2.938035,39.125752],[2.938058,39.126184],[2.939423,39.126104],[2.939377,39.125915],[2.938035,39.125752]]],[[[2.947164,39.125162],[2.930857,39.131578],[2.919452,39.128993],[2.9269,39.131765],[2.914196,39.141236],[2.921415,39.153154],[2.916892,39.161621],[2.930545,39.14322],[2.937325,39.144639],[2.931087,39.156494],[2.949669,39.148412],[2.950733,39.165678],[2.976526,39.158179],[2.969482,39.147761],[2.956683,39.147613],[2.957933,39.126914],[2.947164,39.125162]],[[2.963638,39.147795],[2.963684,39.147831],[2.963626,39.147903],[2.96358,39.147849],[2.963638,39.147795]],[[2.963776,39.147867],[2.964123,39.148273],[2.963556,39.148732],[2.963464,39.148417],[2.963776,39.147867]],[[2.964111,39.149174],[2.96432,39.149264],[2.964065,39.149625],[2.963718,39.149309],[2.964111,39.149174]],[[2.956621,39.134826],[2.956679,39.134835],[2.956737,39.134853],[2.956633,39.13488],[2.956621,39.134826]]],[[[2.977032,39.166353],[2.974682,39.167316],[2.974716,39.169416],[2.978177,39.169516],[2.977032,39.166353]]],[[[2.970535,39.174263],[2.970466,39.174308],[2.970547,39.17438],[2.970581,39.17429],[2.970535,39.174263]]],[[[2.961875,39.175198],[2.961771,39.175243],[2.961725,39.175324],[2.961979,39.175261],[2.961875,39.175198]]],[[[2.962002,39.175387],[2.955838,39.184044],[2.969799,39.190104],[2.972938,39.1866],[2.962002,39.175387]]],[[[2.965663,39.194654],[2.965373,39.194708],[2.964678,39.195501],[2.965512,39.19524],[2.965663,39.194654]]],[[[2.972148,39.195358],[2.971081,39.197755],[2.973374,39.198242],[2.974081,39.195945],[2.972148,39.195358]]],[[[2.973234,39.199648],[2.971335,39.200522],[2.97511,39.200856],[2.973895,39.199621],[2.973234,39.199648]]],[[[2.975168,39.201117],[2.975087,39.201189],[2.97533,39.201298],[2.975353,39.201252],[2.975168,39.201117]]],[[[2.97599,39.201595],[2.976129,39.202658],[2.977391,39.202587],[2.976708,39.202505],[2.97599,39.201595]]],[[[2.97922,39.204659],[2.978699,39.205074],[2.97929,39.205434],[2.97951,39.204867],[2.97922,39.204659]]],[[[2.979313,39.206236],[2.978004,39.206795],[2.978536,39.207777],[2.979787,39.206966],[2.979313,39.206236]]],[[[2.982943,39.327137],[2.982908,39.327335],[2.983384,39.327542],[2.983001,39.327155],[2.982943,39.327137]]],[[[2.987874,39.328939],[2.987827,39.328984],[2.987642,39.329011],[2.987839,39.329084],[2.987874,39.328939]]],[[[2.981865,39.3251],[2.982271,39.325812],[2.984185,39.326407],[2.98364,39.32574],[2.981865,39.3251]]],[[[2.988511,39.333616],[2.988917,39.334004],[2.989857,39.333941],[2.989776,39.333841],[2.988511,39.333616]]],[[[3.006737,39.310693],[3.006679,39.310855],[3.006946,39.310855],[3.006934,39.31081],[3.006737,39.310693]]],[[[2.986554,39.311954],[2.98674,39.312242],[2.987505,39.312296],[2.987343,39.312035],[2.986554,39.311954]]],[[[3.003652,39.312531],[3.003478,39.312946],[3.004081,39.313018],[3.003745,39.312703],[3.003652,39.312531]]],[[[2.982702,39.317612],[2.982655,39.318243],[2.983015,39.318432],[2.983282,39.317747],[2.982702,39.317612]]],[[[3.001529,39.309432],[2.999801,39.310198],[3.000276,39.311063],[3.001923,39.310882],[3.001529,39.309432]]],[[[3.004846,39.311054],[3.004916,39.311225],[3.005322,39.311279],[3.005055,39.311108],[3.004846,39.311054]]],[[[3.036078,39.27896],[3.035754,39.279519],[3.036763,39.279591],[3.036426,39.27915],[3.036078,39.27896]]],[[[3.009809,39.298069],[3.009357,39.29951],[3.009902,39.300033],[3.010366,39.298555],[3.009809,39.298069]]],[[[3.008221,39.303205],[3.008488,39.303457],[3.00887,39.303403],[3.008743,39.303232],[3.008221,39.303205]]],[[[3.013765,39.303313],[3.01373,39.30343],[3.013904,39.303448],[3.013927,39.303403],[3.013765,39.303313]]],[[[3.009404,39.30343],[3.008244,39.304809],[3.01257,39.305223],[3.012037,39.303529],[3.009404,39.30343]]],[[[1.609133,39.080068],[1.609666,39.080606],[1.610288,39.08074],[1.609827,39.080094],[1.609133,39.080068]]],[[[1.61042,39.080462],[1.610826,39.081602],[1.611344,39.081716],[1.611381,39.080978],[1.61042,39.080462]]],[[[1.447008,39.090725],[1.446738,39.090875],[1.446724,39.090992],[1.44712,39.090862],[1.447008,39.090725]]],[[[1.431806,39.091125],[1.431944,39.092731],[1.432724,39.093012],[1.432747,39.091976],[1.431806,39.091125]]],[[[1.592571,39.097944],[1.592221,39.098084],[1.592121,39.099038],[1.593592,39.098317],[1.592571,39.097944]]],[[[1.590478,39.100271],[1.590165,39.100321],[1.590128,39.100402],[1.590416,39.100459],[1.590478,39.100271]]],[[[1.590467,39.100802],[1.590187,39.100934],[1.590253,39.101106],[1.590486,39.101037],[1.590467,39.100802]]],[[[1.49409,39.102651],[1.493739,39.102818],[1.49495,39.1035],[1.494687,39.102812],[1.49409,39.102651]]],[[[1.4784,39.105745],[1.478362,39.105916],[1.478778,39.105921],[1.478733,39.10583],[1.4784,39.105745]]],[[[1.43512,38.900455],[1.434787,38.900901],[1.43485,38.901191],[1.435441,38.90055],[1.43512,38.900455]]],[[[1.423012,38.89576],[1.42303,38.897031],[1.424029,38.897252],[1.424261,38.896633],[1.423012,38.89576]]],[[[1.219632,38.892359],[1.219583,38.89244],[1.219664,38.89245],[1.219677,38.892378],[1.219632,38.892359]]],[[[1.410132,38.890936],[1.403154,38.874757],[1.40593,38.831507],[1.384464,38.842395],[1.371199,38.830416],[1.361267,38.860571],[1.343125,38.871083],[1.320421,38.855783],[1.317028,38.867223],[1.29744,38.862172],[1.305207,38.867052],[1.297408,38.876526],[1.271782,38.879438],[1.24797,38.855809],[1.243234,38.866577],[1.240889,38.869119],[1.235676,38.872536],[1.228848,38.873145],[1.224169,38.870812],[1.225189,38.888191],[1.213497,38.897446],[1.223981,38.913537],[1.220683,38.922758],[1.236481,38.938793],[1.214907,38.958072],[1.229176,38.974544],[1.234556,38.968471],[1.242919,38.972878],[1.244787,38.965932],[1.306531,38.972412],[1.284463,38.993859],[1.298936,39.009532],[1.289951,39.028233],[1.325743,39.052529],[1.341748,39.053019],[1.344683,39.066883],[1.35209,39.064969],[1.358838,39.074065],[1.366083,39.064166],[1.375164,39.062265],[1.389594,39.079332],[1.416884,39.077453],[1.426283,39.092537],[1.440526,39.080511],[1.462697,39.103548],[1.484135,39.100936],[1.488428,39.110543],[1.492376,39.101656],[1.494941,39.101788],[1.498358,39.098778],[1.509058,39.103006],[1.507132,39.113703],[1.515619,39.108856],[1.52024,39.114087],[1.514021,39.116657],[1.532527,39.118387],[1.542264,39.116202],[1.537222,39.106678],[1.557143,39.093312],[1.592121,39.097867],[1.604238,39.090894],[1.598463,39.082418],[1.609911,39.079302],[1.591487,39.075071],[1.587976,39.063324],[1.595457,39.051476],[1.609703,39.043961],[1.608468,39.035016],[1.620092,39.03674],[1.621493,39.027629],[1.606147,39.029681],[1.595457,39.024633],[1.594494,39.015485],[1.585215,39.015724],[1.577885,39.001065],[1.581341,38.989339],[1.55179,38.992463],[1.546105,38.98304],[1.527381,38.982445],[1.532751,38.961635],[1.520043,38.952842],[1.528849,38.94497],[1.510187,38.946797],[1.505213,38.933118],[1.488756,38.927978],[1.476825,38.913018],[1.455067,38.917048],[1.457178,38.903722],[1.450558,38.911699],[1.439539,38.91667],[1.438626,38.90253],[1.423687,38.904861],[1.410132,38.890936]],[[1.262821,38.872052],[1.262878,38.872097],[1.262796,38.872141],[1.262774,38.872087],[1.262821,38.872052]],[[1.261922,38.872047],[1.262001,38.872111],[1.261964,38.872237],[1.261883,38.872227],[1.261922,38.872047]],[[1.262369,38.872144],[1.262461,38.872163],[1.262437,38.872217],[1.26231,38.872197],[1.262369,38.872144]],[[1.262185,38.87215],[1.262264,38.872223],[1.262159,38.872258],[1.262092,38.872185],[1.262185,38.87215]],[[1.262541,38.872201],[1.262642,38.872301],[1.262583,38.872345],[1.262493,38.872254],[1.262541,38.872201]],[[1.225837,38.875136],[1.225893,38.875172],[1.225869,38.875208],[1.225801,38.875171],[1.225837,38.875136]],[[1.26248,38.872317],[1.262525,38.872381],[1.262433,38.872388],[1.262446,38.872325],[1.26248,38.872317]],[[1.262813,38.872367],[1.262882,38.872395],[1.262892,38.872458],[1.262823,38.872457],[1.262813,38.872367]],[[1.321111,38.859253],[1.321178,38.859335],[1.321087,38.859307],[1.321111,38.859253]],[[1.321247,38.859868],[1.32129,38.859968],[1.321217,38.860147],[1.321151,38.860002],[1.321247,38.859868]],[[1.258255,38.867379],[1.258335,38.867416],[1.258288,38.867479],[1.258208,38.867432],[1.258255,38.867379]],[[1.259801,38.868754],[1.259833,38.868844],[1.259752,38.868852],[1.259755,38.868762],[1.259801,38.868754]],[[1.260206,38.869625],[1.260309,38.869653],[1.260273,38.869716],[1.260193,38.869679],[1.260206,38.869625]],[[1.291713,39.028466],[1.291869,39.028693],[1.291681,39.028835],[1.291639,39.028681],[1.291713,39.028466]],[[1.406398,39.076463],[1.406535,39.076555],[1.4066,39.076718],[1.406393,39.076697],[1.406398,39.076463]],[[1.407127,39.076942],[1.40723,39.077006],[1.407286,39.077097],[1.40717,39.077086],[1.407127,39.076942]],[[1.403225,39.077222],[1.403834,39.077374],[1.403868,39.07742],[1.40332,39.07761],[1.403225,39.077222]],[[1.604759,39.079736],[1.604978,39.079766],[1.605402,39.079942],[1.604778,39.079935],[1.604759,39.079736]],[[1.496997,39.099148],[1.497098,39.099293],[1.497034,39.099599],[1.4969,39.099345],[1.496997,39.099148]],[[1.214507,38.897183],[1.214551,38.897246],[1.214459,38.897272],[1.214437,38.897227],[1.214507,38.897183]],[[1.455589,38.907855],[1.455738,38.907929],[1.455482,38.907998],[1.455484,38.907908],[1.455589,38.907855]],[[1.475748,38.915401],[1.475885,38.915475],[1.475697,38.915625],[1.475665,38.91549],[1.475748,38.915401]],[[1.501884,38.932895],[1.502111,38.933051],[1.502166,38.933223],[1.501786,38.933173],[1.501884,38.932895]],[[1.502316,38.933198],[1.502499,38.933264],[1.502486,38.933345],[1.502291,38.933306],[1.502316,38.933198]]],[[[1.441103,38.902626],[1.440333,38.903075],[1.44033,38.903174],[1.441546,38.902965],[1.441103,38.902626]]],[[[1.465835,38.913514],[1.46573,38.913549],[1.465763,38.913639],[1.465879,38.913632],[1.465835,38.913514]]],[[[1.221166,38.919126],[1.221106,38.919206],[1.221256,38.919217],[1.221257,38.919172],[1.221166,38.919126]]],[[[1.221314,38.920128],[1.221298,38.920299],[1.221481,38.920356],[1.221451,38.920166],[1.221314,38.920128]]],[[[1.489476,38.92395],[1.489381,38.924075],[1.489589,38.924078],[1.489613,38.924006],[1.489476,38.92395]]],[[[1.492296,38.928059],[1.492247,38.928167],[1.492524,38.928179],[1.492468,38.928107],[1.492296,38.928059]]],[[[1.508874,38.939536],[1.508793,38.939571],[1.508768,38.939651],[1.508918,38.939653],[1.508874,38.939536]]],[[[1.188077,38.956208],[1.188017,38.956288],[1.18813,38.956389],[1.188237,38.956255],[1.188077,38.956208]]],[[[1.188407,38.956393],[1.188236,38.95676],[1.189818,38.957614],[1.189453,38.956545],[1.188407,38.956393]]],[[[1.21921,38.964139],[1.219307,38.964392],[1.219623,38.964244],[1.219464,38.964143],[1.21921,38.964139]]],[[[1.21743,38.964688],[1.21718,38.964982],[1.218755,38.965258],[1.217643,38.964935],[1.21743,38.964688]]],[[[1.231605,38.973437],[1.231439,38.973587],[1.232042,38.973966],[1.232018,38.973551],[1.231605,38.973437]]],[[[1.218493,38.966506],[1.218383,38.96673],[1.218601,38.966796],[1.218687,38.966572],[1.218493,38.966506]]],[[[1.215935,38.966801],[1.214396,38.968336],[1.215164,38.972655],[1.220151,38.968505],[1.215935,38.966801]]],[[[1.198077,38.956399],[1.195388,38.95779],[1.189767,38.95782],[1.197776,38.960106],[1.198077,38.956399]]],[[[1.201318,38.958296],[1.200983,38.958786],[1.202201,38.958526],[1.201544,38.958489],[1.201318,38.958296]]],[[[1.199787,38.959074],[1.199703,38.959208],[1.199844,38.959102],[1.199787,38.959074]]],[[[1.191655,38.959372],[1.191605,38.959497],[1.191709,38.959499],[1.191712,38.959382],[1.191655,38.959372]]],[[[3.260377,39.40441],[3.26053,39.404914],[3.260948,39.405003],[3.260691,39.404499],[3.260377,39.40441]]],[[[2.334599,39.588945],[2.334864,39.589262],[2.335201,39.589309],[2.334912,39.589163],[2.334599,39.588945]]],[[[2.306048,39.572226],[2.307652,39.581868],[2.338949,39.59817],[2.31866,39.576734],[2.306048,39.572226]]],[[[2.341727,39.585175],[2.34134,39.585524],[2.341917,39.586014],[2.341876,39.585491],[2.341727,39.585175]]],[[[2.348194,39.576057],[2.347013,39.576572],[2.347433,39.577755],[2.349178,39.576702],[2.348194,39.576057]]],[[[2.335591,39.589933],[2.335751,39.59034],[2.335971,39.59044],[2.335869,39.590133],[2.335591,39.589933]]],[[[2.337233,39.598556],[2.337139,39.598592],[2.337185,39.598673],[2.33729,39.598629],[2.337233,39.598556]]],[[[2.415156,39.538488],[2.415073,39.538595],[2.415236,39.53865],[2.415237,39.538551],[2.415156,39.538488]]],[[[3.375702,39.564886],[3.375411,39.564986],[3.375377,39.565113],[3.375924,39.565138],[3.375702,39.564886]]],[[[2.364989,39.534548],[2.364942,39.534683],[2.364988,39.534711],[2.365105,39.534612],[2.364989,39.534548]]],[[[2.422154,39.536522],[2.422068,39.537099],[2.422545,39.537101],[2.422328,39.536604],[2.422154,39.536522]]],[[[2.411224,39.536972],[2.411188,39.537053],[2.411281,39.537099],[2.411282,39.536999],[2.411224,39.536972]]],[[[2.412397,39.537239],[2.412408,39.537321],[2.412616,39.537412],[2.412478,39.537249],[2.412397,39.537239]]],[[[2.413368,39.538019],[2.413216,39.53809],[2.413239,39.538127],[2.413425,39.538065],[2.413368,39.538019]]],[[[2.447791,39.495298],[2.450999,39.499908],[2.455142,39.501045],[2.451979,39.499489],[2.447791,39.495298]]],[[[2.455908,39.504229],[2.455872,39.504463],[2.456266,39.504564],[2.456117,39.504357],[2.455908,39.504229]]],[[[2.455986,39.501797],[2.455159,39.501901],[2.454664,39.502755],[2.456492,39.502457],[2.455986,39.501797]]],[[[2.540514,39.477878],[2.540466,39.47804],[2.541157,39.47907],[2.541034,39.478286],[2.540514,39.477878]]],[[[2.545493,39.502451],[2.545049,39.502738],[2.543068,39.505109],[2.546659,39.503772],[2.545493,39.502451]]],[[[2.573386,39.528769],[2.57258,39.529397],[2.572472,39.52991],[2.573938,39.529852],[2.573386,39.528769]]],[[[2.57504,39.530397],[2.574934,39.530676],[2.575026,39.530784],[2.575213,39.53065],[2.57504,39.530397]]],[[[2.586855,39.527592],[2.585943,39.528445],[2.588881,39.531393],[2.589368,39.529575],[2.586855,39.527592]]],[[[2.577849,39.531533],[2.577768,39.531542],[2.577732,39.53165],[2.577849,39.531633],[2.577849,39.531533]]],[[[2.578116,39.531606],[2.578058,39.531669],[2.578267,39.531742],[2.578233,39.531607],[2.578116,39.531606]]],[[[2.584872,39.532397],[2.584814,39.532406],[2.584709,39.532495],[2.584836,39.532514],[2.584872,39.532397]]],[[[2.584382,39.532593],[2.584416,39.532711],[2.584568,39.532675],[2.584522,39.53263],[2.584382,39.532593]]],[[[2.586126,39.532825],[2.586102,39.532969],[2.586486,39.532943],[2.586266,39.532825],[2.586126,39.532825]]],[[[2.705984,39.534181],[2.706065,39.534361],[2.706286,39.534335],[2.706286,39.534236],[2.705984,39.534181]]],[[[2.706798,39.534453],[2.706599,39.534615],[2.707132,39.53513],[2.707251,39.534598],[2.706798,39.534453]]],[[[2.592883,39.533354],[2.592403,39.533901],[2.591355,39.534123],[2.592377,39.534415],[2.592883,39.533354]]],[[[2.512389,39.690633],[2.512283,39.690795],[2.512341,39.690885],[2.512459,39.690679],[2.512389,39.690633]]],[[[2.512989,39.691528],[2.512872,39.691626],[2.512964,39.691771],[2.513035,39.69169],[2.512989,39.691528]]],[[[2.526825,39.701244],[2.526847,39.701343],[2.527046,39.701371],[2.526895,39.701244],[2.526825,39.701244]]],[[[2.526815,39.700964],[2.526861,39.701073],[2.526978,39.701037],[2.526955,39.700992],[2.526815,39.700964]]],[[[2.552117,39.700659],[2.55207,39.700749],[2.552209,39.700786],[2.552198,39.700695],[2.552117,39.700659]]],[[[2.553374,39.701033],[2.553281,39.701069],[2.55328,39.701141],[2.553444,39.701106],[2.553374,39.701033]]],[[[2.554081,39.701838],[2.554022,39.701901],[2.55408,39.701955],[2.554185,39.701874],[2.554081,39.701838]]],[[[2.553688,39.701215],[2.55363,39.701224],[2.553582,39.701295],[2.553711,39.701305],[2.553688,39.701215]]],[[[2.527789,39.701896],[2.527835,39.701996],[2.528056,39.702051],[2.527986,39.701969],[2.527789,39.701896]]],[[[2.557415,39.702112],[2.557414,39.702202],[2.557543,39.702167],[2.557531,39.70213],[2.557415,39.702112]]],[[[2.558463,39.702359],[2.558428,39.702431],[2.558486,39.702467],[2.558521,39.702387],[2.558463,39.702359]]],[[[2.578255,39.714227],[2.578232,39.71429],[2.578337,39.714317],[2.578349,39.714263],[2.578255,39.714227]]],[[[2.590961,39.72194],[2.590891,39.721985],[2.590903,39.722039],[2.590984,39.722012],[2.590961,39.72194]]],[[[2.59284,39.723848],[2.592805,39.723911],[2.59291,39.723956],[2.59291,39.723884],[2.59284,39.723848]]],[[[2.596984,39.727673],[2.596925,39.727709],[2.596948,39.72779],[2.59703,39.727782],[2.596984,39.727673]]],[[[2.596796,39.727853],[2.59676,39.727952],[2.596819,39.727979],[2.596889,39.72788],[2.596796,39.727853]]],[[[2.598044,39.729867],[2.597939,39.729893],[2.597857,39.729956],[2.598032,39.730011],[2.598044,39.729867]]],[[[2.598252,39.730246],[2.598228,39.730336],[2.598333,39.730435],[2.598369,39.730273],[2.598252,39.730246]]],[[[2.599311,39.732808],[2.599276,39.73288],[2.599404,39.732917],[2.599416,39.732863],[2.599311,39.732808]]],[[[2.603872,39.735229],[2.603708,39.735355],[2.603916,39.735716],[2.604046,39.735356],[2.603872,39.735229]]],[[[2.710362,39.815805],[2.708898,39.816703],[2.709682,39.819146],[2.710859,39.81705],[2.710362,39.815805]]],[[[2.848243,39.868596],[2.848184,39.868605],[2.848125,39.868749],[2.848231,39.868731],[2.848243,39.868596]]],[[[4.285432,39.799288],[4.282602,39.800374],[4.282035,39.801939],[4.29613,39.800458],[4.285432,39.799288]]],[[[4.295415,39.802835],[4.295276,39.802918],[4.295568,39.802897],[4.295532,39.802861],[4.295415,39.802835]]],[[[4.241534,39.81274],[4.24174,39.813179],[4.241834,39.813187],[4.24191,39.81288],[4.241534,39.81274]]],[[[4.241355,39.813201],[4.241429,39.813426],[4.241661,39.813306],[4.241625,39.813261],[4.241355,39.813201]]],[[[4.220498,39.821603],[4.221419,39.824107],[4.222827,39.823795],[4.22138,39.8219],[4.220498,39.821603]]],[[[4.224024,39.823413],[4.223954,39.823423],[4.223429,39.824131],[4.224197,39.823916],[4.224024,39.823413]]],[[[4.21463,39.825403],[4.214001,39.825509],[4.214249,39.826344],[4.214538,39.82617],[4.21463,39.825403]]],[[[4.214403,39.826442],[4.214477,39.827342],[4.215058,39.827147],[4.214476,39.826648],[4.214403,39.826442]]],[[[4.214782,39.827402],[4.214845,39.82769],[4.214962,39.827688],[4.214984,39.827634],[4.214782,39.827402]]],[[[3.475564,39.708313],[3.475309,39.708512],[3.475404,39.708782],[3.475497,39.708746],[3.475564,39.708313]]],[[[3.457614,39.703556],[3.457475,39.703673],[3.457592,39.703799],[3.457639,39.703772],[3.457614,39.703556]]],[[[3.4611,39.72067],[3.460962,39.721031],[3.461126,39.721057],[3.461241,39.720813],[3.4611,39.72067]]],[[[3.459121,39.721398],[3.459146,39.721651],[3.459391,39.721641],[3.459366,39.721443],[3.459121,39.721398]]],[[[2.606565,39.737788],[2.606471,39.737851],[2.606517,39.737896],[2.606623,39.737861],[2.606565,39.737788]]],[[[2.607158,39.738061],[2.607111,39.738097],[2.607123,39.738187],[2.607216,39.738124],[2.607158,39.738061]]],[[[2.615223,39.744377],[2.615094,39.744484],[2.615292,39.74453],[2.615316,39.74444],[2.615223,39.744377]]],[[[2.619796,39.755258],[2.619784,39.75533],[2.619889,39.75533],[2.619855,39.755258],[2.619796,39.755258]]],[[[2.616023,39.745172],[2.615999,39.745325],[2.616093,39.745335],[2.616139,39.745299],[2.616023,39.745172]]],[[[2.631217,39.75889],[2.631147,39.758899],[2.63117,39.759025],[2.631286,39.758998],[2.631217,39.75889]]],[[[2.642665,39.761962],[2.642699,39.762061],[2.64277,39.762016],[2.642758,39.76198],[2.642665,39.761962]]],[[[2.645265,39.76261],[2.64523,39.762673],[2.645311,39.7627],[2.645335,39.762628],[2.645265,39.76261]]],[[[2.649896,39.765669],[2.649861,39.765732],[2.649977,39.765714],[2.649943,39.765669],[2.649896,39.765669]]],[[[2.650361,39.766013],[2.650314,39.766067],[2.650419,39.766094],[2.650431,39.76604],[2.650361,39.766013]]],[[[2.65156,39.766737],[2.651466,39.766971],[2.651547,39.767043],[2.651688,39.766936],[2.65156,39.766737]]],[[[2.651768,39.767287],[2.651674,39.767323],[2.651709,39.767377],[2.651802,39.767369],[2.651768,39.767287]]],[[[2.652175,39.767604],[2.652151,39.767685],[2.652291,39.767658],[2.652256,39.767613],[2.652175,39.767604]]],[[[2.6525,39.767875],[2.652418,39.767938],[2.65264,39.767939],[2.652605,39.767876],[2.6525,39.767875]]],[[[2.654038,39.768637],[2.654119,39.768781],[2.654247,39.768736],[2.654224,39.768664],[2.654038,39.768637]]],[[[3.406154,39.769592],[3.406029,39.770187],[3.406881,39.770076],[3.406915,39.769932],[3.406154,39.769592]]],[[[3.187823,39.754286],[3.18766,39.754673],[3.188175,39.755024],[3.18829,39.754519],[3.187823,39.754286]]],[[[3.188537,39.755077],[3.188362,39.755177],[3.188817,39.755158],[3.188817,39.755113],[3.188537,39.755077]]],[[[3.8287,39.993436],[3.828572,39.9935],[3.828947,39.993497],[3.828934,39.993452],[3.8287,39.993436]]],[[[4.273253,39.96326],[4.273127,39.963396],[4.273168,39.963702],[4.273481,39.963537],[4.273253,39.96326]]],[[[4.251224,40.001465],[4.251203,40.001591],[4.251343,40.00159],[4.251307,40.0015],[4.251224,40.001465]]],[[[4.250165,40.001827],[4.250037,40.001874],[4.250577,40.00194],[4.250553,40.001904],[4.250165,40.001827]]],[[[4.081242,40.089782],[4.080681,40.090634],[4.082842,40.090064],[4.082521,40.089815],[4.081242,40.089782]]],[[[4.076203,40.090811],[4.07292,40.0924],[4.075488,40.094574],[4.077525,40.092069],[4.076203,40.090811]]],[[[4.027008,40.063563],[4.027117,40.063832],[4.027443,40.063676],[4.027313,40.06356],[4.027008,40.063563]]],[[[4.131918,40.063775],[4.130998,40.064108],[4.13091,40.064478],[4.131769,40.06465],[4.131918,40.063775]]],[[[4.033787,40.065259],[4.033992,40.065636],[4.035093,40.065545],[4.034656,40.065342],[4.033787,40.065259]]],[[[4.027219,40.064381],[4.026848,40.06542],[4.028408,40.065415],[4.028001,40.06487],[4.027219,40.064381]]],[[[4.031342,40.066398],[4.030634,40.0669],[4.031379,40.069596],[4.03325,40.068499],[4.031342,40.066398]]],[[[4.078294,40.070917],[4.078202,40.071071],[4.078437,40.071078],[4.078435,40.070943],[4.078294,40.070917]]],[[[4.09484,40.073861],[4.094713,40.073952],[4.094971,40.073977],[4.094934,40.073896],[4.09484,40.073861]]],[[[4.099384,40.084413],[4.099281,40.084549],[4.099608,40.084519],[4.099584,40.084438],[4.099384,40.084413]]],[[[4.081342,40.089439],[4.081486,40.089608],[4.081788,40.089461],[4.081741,40.089453],[4.081342,40.089439]]],[[[4.082153,40.089521],[4.082036,40.089558],[4.081991,40.089658],[4.08226,40.089601],[4.082153,40.089521]]],[[[4.204941,40.013577],[4.204089,40.013766],[4.203807,40.014409],[4.204444,40.014664],[4.204941,40.013577]]],[[[4.201144,40.022266],[4.201122,40.022338],[4.201229,40.022409],[4.201192,40.022292],[4.201144,40.022266]]],[[[4.209303,40.017757],[4.208296,40.019795],[4.208734,40.02207],[4.210646,40.020194],[4.210096,40.018209],[4.209303,40.017757]],[[4.210196,40.019262],[4.210315,40.019323],[4.210315,40.019368],[4.210175,40.019352],[4.210196,40.019262]]],[[[4.204026,40.014875],[4.203866,40.015084],[4.20389,40.015129],[4.204156,40.014928],[4.204026,40.014875]]],[[[4.21236,40.014374],[4.212282,40.014627],[4.213227,40.015032],[4.212842,40.014459],[4.21236,40.014374]]],[[[4.210761,40.01476],[4.21074,40.014904],[4.21094,40.014902],[4.210938,40.014785],[4.210761,40.01476]]],[[[4.212382,40.014977],[4.212349,40.015095],[4.212559,40.015039],[4.212547,40.015003],[4.212382,40.014977]]],[[[4.2083,40.014038],[4.208701,40.016845],[4.212743,40.018172],[4.211995,40.016252],[4.2083,40.014038]]],[[[4.199472,40.006382],[4.198913,40.006577],[4.198686,40.006993],[4.199669,40.006929],[4.199472,40.006382]]],[[[4.194427,40.024822],[4.194453,40.024939],[4.194593,40.024937],[4.194557,40.024848],[4.194427,40.024822]]],[[[4.195971,40.029995],[4.19582,40.030069],[4.195832,40.030105],[4.195984,40.030112],[4.195971,40.029995]]],[[[4.182446,40.032711],[4.182412,40.032747],[4.182483,40.032792],[4.182481,40.03271],[4.182446,40.032711]]],[[[4.183053,40.033218],[4.183019,40.033282],[4.183089,40.033317],[4.183088,40.033227],[4.183053,40.033218]]],[[[4.187595,40.03564],[4.187597,40.035739],[4.187725,40.035711],[4.187642,40.03564],[4.187595,40.03564]]],[[[4.187961,40.035763],[4.187939,40.035862],[4.188056,40.035852],[4.188031,40.03578],[4.187961,40.035763]]],[[[4.170608,40.036786],[4.170574,40.036868],[4.170808,40.036856],[4.170678,40.036785],[4.170608,40.036786]]],[[[4.138731,40.03841],[4.138758,40.038653],[4.139016,40.038623],[4.138896,40.038471],[4.138731,40.03841]]],[[[4.137623,40.043682],[4.137061,40.044418],[4.137362,40.044883],[4.13772,40.044573],[4.137623,40.043682]]],[[[4.137133,40.045255],[4.136015,40.046383],[4.136782,40.048087],[4.137551,40.046413],[4.137133,40.045255]]],[[[4.102986,40.047423],[4.10287,40.047478],[4.102573,40.047949],[4.1029,40.04791],[4.102986,40.047423]]],[[[4.101105,40.049242],[4.100907,40.049343],[4.100884,40.04938],[4.10119,40.049413],[4.101105,40.049242]]],[[[3.915441,40.050525],[3.915125,40.050581],[3.914816,40.051142],[3.915329,40.050967],[3.915441,40.050525]]],[[[3.973758,40.054176],[3.973753,40.054671],[3.974347,40.054423],[3.974063,40.0542],[3.973758,40.054176]]],[[[3.979935,40.054096],[3.979926,40.054268],[3.980089,40.05423],[3.980076,40.054113],[3.979935,40.054096]]],[[[3.894871,40.058992],[3.894896,40.0591],[3.895107,40.059045],[3.895083,40.059027],[3.894871,40.058992]]],[[[4.006644,40.058994],[4.006862,40.059496],[4.007366,40.059447],[4.007243,40.059097],[4.006644,40.058994]]],[[[3.928528,40.060367],[3.928354,40.060495],[3.928449,40.060584],[3.928694,40.060456],[3.928528,40.060367]]],[[[3.928803,40.060734],[3.928667,40.061078],[3.928867,40.061139],[3.929191,40.060839],[3.928803,40.060734]]],[[[3.961438,40.061018],[3.961358,40.061135],[3.961592,40.061151],[3.961579,40.061052],[3.961438,40.061018]]],[[[4.100476,40.052447],[4.100634,40.052796],[4.10129,40.052718],[4.100794,40.052489],[4.100476,40.052447]]],[[[4.044002,40.055366],[4.043729,40.0559],[4.044132,40.056193],[4.044686,40.055648],[4.044002,40.055366]]],[[[4.168008,40.056822],[4.167653,40.057339],[4.168826,40.057381],[4.16881,40.057084],[4.168008,40.056822]]],[[[4.041982,40.057438],[4.043336,40.058588],[4.043817,40.057872],[4.042967,40.057447],[4.041982,40.057438]]],[[[4.095054,40.059381],[4.095093,40.059633],[4.095189,40.05974],[4.095196,40.059452],[4.095054,40.059381]]],[[[4.019497,40.059953],[4.019501,40.060278],[4.019979,40.060093],[4.019884,40.059977],[4.019497,40.059953]]],[[[4.024844,40.062375],[4.024763,40.062439],[4.024951,40.062437],[4.024903,40.062374],[4.024844,40.062375]]],[[[4.311482,39.889129],[4.311674,39.889361],[4.312245,39.889282],[4.312185,39.88922],[4.311482,39.889129]]],[[[4.311245,39.888366],[4.310699,39.888552],[4.311315,39.88895],[4.311535,39.88884],[4.311245,39.888366]]],[[[4.296357,39.904506],[4.296337,39.904696],[4.296759,39.904718],[4.296746,39.904655],[4.296357,39.904506]]],[[[4.295967,39.907997],[4.295828,39.90808],[4.296028,39.908177],[4.296073,39.908068],[4.295967,39.907997]]],[[[4.294043,39.908956],[4.293914,39.908984],[4.293987,39.909137],[4.294127,39.909081],[4.294043,39.908956]]],[[[4.295235,39.902672],[4.295158,39.90297],[4.2953,39.903041],[4.295446,39.902742],[4.295235,39.902672]]],[[[3.169822,39.834629],[3.169767,39.836044],[3.171602,39.835735],[3.171425,39.83505],[3.169822,39.834629]]],[[[3.119059,39.863776],[3.118791,39.864227],[3.118814,39.864344],[3.11906,39.86429],[3.119059,39.863776]]],[[[4.306887,39.871324],[4.301689,39.875923],[4.301553,39.881736],[4.30593,39.87883],[4.306887,39.871324]]],[[[4.298949,39.881314],[4.298264,39.881583],[4.297951,39.882947],[4.299146,39.881826],[4.298949,39.881314]]],[[[4.286997,39.885646],[4.286081,39.88607],[4.286564,39.888146],[4.288796,39.886788],[4.286997,39.885646]]],[[[4.307011,39.898792],[4.30692,39.898928],[4.307145,39.899106],[4.307117,39.898845],[4.307011,39.898792]]],[[[4.308081,39.899104],[4.308047,39.899159],[4.308176,39.899184],[4.308128,39.899104],[4.308081,39.899104]]],[[[4.275346,39.884361],[4.289298,39.883656],[4.303679,39.871117],[4.307555,39.864649],[4.298667,39.863893],[4.30588,39.863227],[4.308741,39.848896],[4.298504,39.840993],[4.303865,39.832139],[4.292623,39.828985],[4.294658,39.821602],[4.269178,39.80908],[4.237388,39.814117],[4.218797,39.829126],[4.211018,39.829342],[4.208193,39.824831],[4.146881,39.864771],[4.117439,39.870347],[4.058611,39.905955],[3.994217,39.925806],[3.989938,39.930933],[3.936814,39.938357],[3.900183,39.922465],[3.89247,39.927769],[3.884051,39.921941],[3.824103,39.921914],[3.824886,39.95201],[3.835586,39.96733],[3.829971,39.972623],[3.839339,39.978394],[3.830726,39.979889],[3.82719,39.992591],[3.833686,39.993121],[3.835352,39.99428],[3.825266,39.996253],[3.835177,40.001074],[3.835955,40.002447],[3.821662,39.99554],[3.799009,39.99778],[3.790786,40.016126],[3.810539,40.026801],[3.807429,40.033399],[3.82913,40.053229],[3.867423,40.05803],[3.878796,40.052548],[3.898611,40.059828],[3.921268,40.045343],[3.919887,40.056841],[3.930972,40.058158],[3.933945,40.062918],[3.978731,40.051097],[3.99465,40.059016],[4.016172,40.055595],[4.032115,40.065563],[4.041056,40.055942],[4.053726,40.051872],[4.059371,40.0591],[4.076225,40.05944],[4.084234,40.075033],[4.089391,40.068975],[4.090167,40.082338],[4.081477,40.089041],[4.092475,40.089496],[4.099393,40.084962],[4.092497,40.074748],[4.092853,40.0596],[4.103361,40.044482],[4.109747,40.054475],[4.133528,40.063246],[4.119901,40.035927],[4.126597,40.02615],[4.140811,40.035921],[4.136546,40.067081],[4.155486,40.067912],[4.17272,40.060189],[4.164484,40.057812],[4.166329,40.044325],[4.158487,40.044971],[4.1608,40.033479],[4.171084,40.036493],[4.16888,40.026866],[4.182234,40.021794],[4.187285,40.033301],[4.195306,40.032209],[4.19319,40.023763],[4.202885,40.018617],[4.194108,40.009843],[4.202096,40.013742],[4.197536,40.006888],[4.205282,39.993033],[4.200496,40.005975],[4.207555,40.013019],[4.220458,39.996694],[4.248746,40.001789],[4.269853,39.996541],[4.25485,39.992858],[4.259293,39.981566],[4.266174,39.981915],[4.254767,39.963939],[4.270044,39.959412],[4.265467,39.949912],[4.280661,39.949908],[4.274343,39.93367],[4.298538,39.897365],[4.308372,39.89902],[4.309713,39.880355],[4.327784,39.876925],[4.310347,39.870041],[4.310279,39.878178],[4.296119,39.89186],[4.256495,39.897107],[4.276299,39.890854],[4.275346,39.884361]],[[4.258371,39.998964],[4.25849,39.999053],[4.258034,39.999121],[4.258068,39.999021],[4.258371,39.998964]],[[4.255659,39.99993],[4.255847,39.999937],[4.255895,39.999982],[4.255543,39.999977],[4.255659,39.99993]],[[4.25219,40.000472],[4.252425,40.000506],[4.252437,40.000542],[4.252074,40.000519],[4.25219,40.000472]],[[4.168961,40.028902],[4.169339,40.029042],[4.169318,40.029204],[4.16886,40.02911],[4.168961,40.028902]],[[4.169326,40.03033],[4.169478,40.030338],[4.169515,40.030437],[4.169246,40.030493],[4.169326,40.03033]],[[3.985827,40.052902],[3.986039,40.053009],[3.985559,40.05304],[3.98564,40.052976],[3.985827,40.052902]],[[3.946801,40.057354],[3.947003,40.05756],[3.946911,40.05766],[3.946722,40.057562],[3.946801,40.057354]],[[3.94894,40.057679],[3.949223,40.057785],[3.949283,40.057892],[3.948849,40.057896],[3.94894,40.057679]],[[4.10817,40.051202],[4.108254,40.051291],[4.108268,40.051471],[4.108043,40.05132],[4.10817,40.051202]],[[4.164975,40.052231],[4.165082,40.052284],[4.165036,40.052356],[4.164895,40.052322],[4.164975,40.052231]],[[4.308696,39.891476],[4.308549,39.891729],[4.308849,39.892141],[4.308353,39.891849],[4.308696,39.891476]],[[4.307541,39.895318],[4.307694,39.895343],[4.307719,39.895424],[4.307544,39.895453],[4.307541,39.895318]],[[4.308192,39.897545],[4.308274,39.897562],[4.308453,39.897722],[4.308194,39.897671],[4.308192,39.897545]],[[4.029894,39.915539],[4.030312,39.916076],[4.030333,39.91667],[4.02991,39.916566],[4.029894,39.915539]]],[[[4.294044,39.915875],[4.293742,39.915996],[4.294538,39.916023],[4.29442,39.915943],[4.294044,39.915875]]],[[[4.291064,39.911719],[4.29109,39.911836],[4.291206,39.911789],[4.291135,39.911718],[4.291064,39.911719]]],[[[4.291676,39.911865],[4.291539,39.912047],[4.291924,39.912007],[4.291793,39.9119],[4.291676,39.911865]]],[[[4.29024,39.911413],[4.289385,39.911981],[4.289588,39.912834],[4.290717,39.912552],[4.29024,39.911413]]],[[[4.287286,39.921725],[4.287206,39.921843],[4.287394,39.921904],[4.287416,39.921796],[4.287286,39.921725]]],[[[4.286689,39.920471],[4.286597,39.920553],[4.286796,39.920578],[4.28683,39.920487],[4.286689,39.920471]]],[[[4.294144,39.916207],[4.293994,39.916317],[4.294089,39.916406],[4.29424,39.91635],[4.294144,39.916207]]],[[[4.289606,39.918168],[4.289502,39.918241],[4.289748,39.918247],[4.2897,39.918176],[4.289606,39.918168]]],[[[4.293327,39.916334],[4.293201,39.916479],[4.293355,39.916559],[4.293435,39.916477],[4.293327,39.916334]]],[[[4.285286,39.923063],[4.285159,39.923109],[4.285313,39.923216],[4.285382,39.923179],[4.285286,39.923063]]],[[[4.287641,39.926334],[4.287507,39.92666],[4.288046,39.92669],[4.28803,39.926501],[4.287641,39.926334]]],[[[3.147204,39.919569],[3.144562,39.920726],[3.144262,39.922888],[3.150107,39.920385],[3.147204,39.919569]]],[[[3.152594,39.923184],[3.152583,39.923265],[3.152782,39.923508],[3.152735,39.92331],[3.152594,39.923184]]],[[[4.281539,39.929168],[4.281638,39.929446],[4.282175,39.929386],[4.281808,39.929174],[4.281539,39.929168]]],[[[4.275467,39.935568],[4.275446,39.935685],[4.275608,39.93562],[4.275608,39.935575],[4.275467,39.935568]]],[[[3.184029,39.937392],[3.183713,39.93759],[3.184381,39.937634],[3.184368,39.937517],[3.184029,39.937392]]],[[[4.281014,39.92929],[4.280935,39.929417],[4.28138,39.929431],[4.281343,39.929323],[4.281014,39.92929]]],[[[3.130143,39.944069],[3.130637,39.94551],[3.132371,39.945914],[3.131771,39.944437],[3.130143,39.944069]]],[[[3.142784,39.94937],[3.14275,39.949541],[3.142878,39.949541],[3.142913,39.949415],[3.142784,39.94937]]],[[[3.174866,39.951704],[3.174784,39.951795],[3.174807,39.951831],[3.174924,39.951794],[3.174866,39.951704]]],[[[3.17523,39.952145],[3.175136,39.952209],[3.175136,39.952245],[3.175253,39.952262],[3.17523,39.952145]]],[[[4.280024,39.950248],[4.27952,39.950821],[4.280452,39.951216],[4.280381,39.950577],[4.280024,39.950248]]],[[[3.177617,39.951619],[3.177546,39.951655],[3.177734,39.951628],[3.177617,39.951619]]],[[[3.175744,39.951838],[3.175674,39.951965],[3.175943,39.952],[3.17599,39.951883],[3.175744,39.951838]]],[[[3.175628,39.952379],[3.175547,39.952469],[3.17557,39.952523],[3.175711,39.952469],[3.175628,39.952379]]],[[[3.176454,39.95481],[3.176443,39.954901],[3.17656,39.954909],[3.176501,39.95481],[3.176454,39.95481]]],[[[3.177041,39.955278],[3.176982,39.955368],[3.177018,39.955386],[3.177064,39.955323],[3.177041,39.955278]]],[[[4.27689,39.956094],[4.27353,39.964293],[4.277908,39.966731],[4.284227,39.960274],[4.27689,39.956094]]],[[[2.435666,39.645578],[2.435686,39.645956],[2.435976,39.646111],[2.43592,39.645804],[2.435666,39.645578]]],[[[2.436279,39.646139],[2.436208,39.646247],[2.436335,39.646338],[2.43636,39.646203],[2.436279,39.646139]]],[[[2.451089,39.649481],[2.451122,39.649787],[2.45132,39.649752],[2.451357,39.649545],[2.451089,39.649481]]],[[[3.029513,39.289779],[3.003014,39.317253],[2.986008,39.315955],[2.990796,39.33677],[2.957525,39.362578],[2.928864,39.364159],[2.913509,39.352417],[2.881941,39.366158],[2.834893,39.360974],[2.83651,39.364085],[2.8361,39.365895],[2.829054,39.356135],[2.805532,39.367173],[2.787342,39.363059],[2.742029,39.406237],[2.747314,39.44147],[2.721996,39.475724],[2.746814,39.502578],[2.745659,39.500368],[2.751164,39.499443],[2.74894,39.509773],[2.72636,39.531113],[2.71106,39.533662],[2.669532,39.562458],[2.645337,39.565685],[2.634474,39.559128],[2.64413,39.567051],[2.632714,39.568431],[2.6245,39.554546],[2.632447,39.552877],[2.619906,39.549557],[2.632183,39.545614],[2.639444,39.55262],[2.632465,39.5452],[2.601066,39.551115],[2.595727,39.546699],[2.59706,39.543514],[2.590316,39.536552],[2.590314,39.531065],[2.588287,39.533463],[2.576091,39.533626],[2.575443,39.53111],[2.564664,39.528025],[2.563441,39.528371],[2.570471,39.529767],[2.571208,39.531086],[2.561592,39.531915],[2.541043,39.524834],[2.537464,39.517026],[2.547216,39.511135],[2.533848,39.504541],[2.536541,39.487882],[2.520771,39.476258],[2.523998,39.471811],[2.519283,39.462637],[2.524377,39.460603],[2.521742,39.456601],[2.500226,39.461727],[2.490287,39.472839],[2.476083,39.466261],[2.479147,39.491937],[2.467644,39.490498],[2.456183,39.504771],[2.479547,39.517799],[2.46687,39.518877],[2.451581,39.536872],[2.41944,39.522894],[2.423618,39.536827],[2.418319,39.538684],[2.413662,39.539012],[2.387614,39.520884],[2.388128,39.533925],[2.363877,39.53147],[2.390511,39.546209],[2.372163,39.544301],[2.346532,39.564559],[2.354417,39.576668],[2.345931,39.58391],[2.347005,39.594836],[2.368981,39.614132],[2.395419,39.617696],[2.421914,39.629968],[2.423124,39.638668],[2.462224,39.652011],[2.527745,39.701491],[2.555445,39.700077],[2.585709,39.716398],[2.62286,39.747934],[2.619828,39.755952],[2.627663,39.753265],[2.635748,39.765301],[2.641413,39.760228],[2.663196,39.772403],[2.66943,39.792225],[2.679924,39.798534],[2.694359,39.791275],[2.689108,39.797937],[2.699459,39.810849],[2.7042,39.808573],[2.742007,39.832972],[2.755005,39.828964],[2.7671,39.842936],[2.775596,39.839854],[2.778374,39.85559],[2.800154,39.851161],[2.804471,39.862359],[2.824864,39.856652],[2.838113,39.865285],[2.845008,39.861744],[2.853656,39.874387],[2.874943,39.877998],[2.902234,39.897494],[2.935881,39.904077],[2.950365,39.920076],[2.982663,39.908246],[3.001113,39.923474],[3.042079,39.937747],[3.037709,39.930216],[3.061082,39.932585],[3.055386,39.922055],[3.060299,39.919836],[3.095624,39.935895],[3.101627,39.935241],[3.097462,39.927875],[3.120499,39.931385],[3.165672,39.959917],[3.179784,39.961157],[3.173134,39.952094],[3.173952,39.951571],[3.179582,39.951067],[3.213591,39.962514],[3.202248,39.94383],[3.180526,39.940587],[3.154396,39.923218],[3.138386,39.928085],[3.131327,39.926868],[3.127353,39.916809],[3.109805,39.911231],[3.110792,39.899265],[3.091471,39.91113],[3.080042,39.902273],[3.083787,39.875484],[3.105639,39.857654],[3.131767,39.869331],[3.144995,39.865486],[3.190364,39.892422],[3.20446,39.888812],[3.188253,39.881623],[3.186589,39.863246],[3.197213,39.861858],[3.178545,39.84058],[3.140775,39.831929],[3.130964,39.840987],[3.120768,39.832087],[3.117949,39.810205],[3.135069,39.782669],[3.177975,39.756085],[3.252588,39.729367],[3.328908,39.7598],[3.335084,39.7841],[3.34812,39.789369],[3.373934,39.768412],[3.40402,39.763995],[3.432189,39.745099],[3.461318,39.748104],[3.452687,39.722487],[3.478529,39.715211],[3.456705,39.705505],[3.457989,39.684426],[3.452354,39.682232],[3.455938,39.656305],[3.441007,39.65648],[3.436287,39.63427],[3.40926,39.637657],[3.396889,39.628311],[3.385017,39.592797],[3.404074,39.579442],[3.379418,39.576074],[3.368317,39.550917],[3.340715,39.537765],[3.338104,39.54171],[3.331861,39.54044],[3.340317,39.534883],[3.31761,39.52372],[3.291845,39.494288],[3.294338,39.487046],[3.287288,39.486298],[3.291231,39.480927],[3.279651,39.466755],[3.274859,39.415928],[3.26711,39.42784],[3.260961,39.424034],[3.25891,39.41601],[3.268132,39.415755],[3.25667,39.410266],[3.263484,39.40925],[3.247689,39.39321],[3.252713,39.392019],[3.244405,39.37744],[3.239315,39.37946],[3.237203,39.36939],[3.222134,39.372871],[3.234701,39.367584],[3.232185,39.361597],[3.220052,39.356908],[3.211011,39.364746],[3.209312,39.355576],[3.215322,39.354926],[3.188004,39.351936],[3.18915,39.337959],[3.177037,39.329291],[3.169331,39.333493],[3.171055,39.326534],[3.146396,39.329974],[3.068761,39.266718],[3.050121,39.265601],[3.029513,39.289779]],[[3.019192,39.301861],[3.019111,39.302086],[3.018821,39.302068],[3.018891,39.301987],[3.019192,39.301861]],[[2.363501,39.553516],[2.363815,39.553518],[2.363872,39.553653],[2.363557,39.553805],[2.363501,39.553516]],[[2.36413,39.553538],[2.364186,39.553781],[2.36394,39.553951],[2.363942,39.553681],[2.36413,39.553538]],[[2.440243,39.533025],[2.440428,39.533134],[2.440357,39.533232],[2.44016,39.533123],[2.440243,39.533025]],[[2.458455,39.5313],[2.458652,39.531427],[2.458615,39.531652],[2.458325,39.531542],[2.458455,39.5313]],[[2.524392,39.698756],[2.524439,39.698801],[2.52438,39.698855],[2.524334,39.698792],[2.524392,39.698756]],[[2.545965,39.699599],[2.545988,39.699689],[2.545906,39.69968],[2.545907,39.699635],[2.545965,39.699599]],[[2.543802,39.700348],[2.543813,39.700465],[2.543732,39.700473],[2.54372,39.700392],[2.543802,39.700348]],[[2.537597,39.700404],[2.537666,39.70044],[2.537538,39.700485],[2.537527,39.700422],[2.537597,39.700404]],[[2.933087,39.902688],[2.933192,39.90285],[2.93311,39.902913],[2.932993,39.902859],[2.933087,39.902688]],[[3.456731,39.704073],[3.456732,39.704217],[3.456545,39.704182],[3.456626,39.704109],[3.456731,39.704073]],[[3.185938,39.86895],[3.186102,39.869076],[3.186091,39.869346],[3.185751,39.869076],[3.185938,39.86895]],[[3.161966,39.873221],[3.162388,39.8734],[3.161886,39.873834],[3.161757,39.873653],[3.161966,39.873221]],[[3.177106,39.881064],[3.177305,39.881154],[3.177282,39.88128],[3.177095,39.881262],[3.177106,39.881064]],[[2.963369,39.912396],[2.963451,39.912531],[2.963275,39.912567],[2.96324,39.912522],[2.963369,39.912396]],[[2.965932,39.91045],[2.965991,39.910549],[2.965815,39.910612],[2.965815,39.910495],[2.965932,39.91045]],[[2.9653,39.910648],[2.965265,39.910774],[2.965101,39.910756],[2.965183,39.910666],[2.9653,39.910648]],[[3.20013,39.956168],[3.200177,39.956222],[3.200143,39.956322],[3.200119,39.956268],[3.20013,39.956168]],[[2.42422,39.638629],[2.424277,39.638755],[2.424137,39.638746],[2.424126,39.638691],[2.42422,39.638629]],[[2.916917,39.356727],[2.916858,39.357006],[2.916533,39.356816],[2.916731,39.356817],[2.916917,39.356727]]],[[[2.471014,39.461679],[2.471947,39.462792],[2.472435,39.462821],[2.471941,39.462116],[2.471014,39.461679]]],[[[2.47262,39.463038],[2.472699,39.463345],[2.472885,39.46331],[2.472678,39.463038],[2.47262,39.463038]]],[[[2.474537,39.464696],[2.474032,39.465405],[2.475284,39.465762],[2.47532,39.465627],[2.474537,39.464696]]],[[[2.475633,39.465773],[2.475456,39.466105],[2.475886,39.46618],[2.47583,39.465846],[2.475633,39.465773]]]]}},{"type":"Feature","properties":{"name":"Jaén","mapcolor":13,"cartodb_id":13},"geometry":{"type":"MultiPolygon","coordinates":[[[[-3.008211,37.607956],[-3.051316,37.61833],[-3.057925,37.606636],[-3.088196,37.59554],[-3.132159,37.614077],[-3.172053,37.64287],[-3.262485,37.639208],[-3.296231,37.588257],[-3.39791,37.564019],[-3.436875,37.573896],[-3.461159,37.59842],[-3.506469,37.617277],[-3.536783,37.596684],[-3.53649,37.580256],[-3.627599,37.528456],[-3.68444,37.517649],[-3.730102,37.487522],[-3.776241,37.476484],[-3.775831,37.488258],[-3.785575,37.490898],[-3.791717,37.466186],[-3.808729,37.459257],[-3.802362,37.452801],[-3.826533,37.413516],[-3.825416,37.402428],[-3.841223,37.386236],[-3.950888,37.378347],[-3.982967,37.388008],[-4.018878,37.419729],[-4.048141,37.467973],[-4.07016,37.47212],[-4.087653,37.486075],[-4.059995,37.505813],[-4.098058,37.511531],[-4.099097,37.530666],[-4.122313,37.546833],[-4.120976,37.5543],[-4.160992,37.575157],[-4.161307,37.58788],[-4.170522,37.588475],[-4.163023,37.599372],[-4.172644,37.610611],[-4.187828,37.616562],[-4.207589,37.609825],[-4.220675,37.619947],[-4.228103,37.639536],[-4.164368,37.681506],[-4.18312,37.706476],[-4.238225,37.719461],[-4.229418,37.755363],[-4.20714,37.770188],[-4.20682,37.778913],[-4.286737,37.796543],[-4.27481,37.902794],[-4.262394,37.915077],[-4.258052,37.939322],[-4.264315,37.973448],[-4.28445,38.003835],[-4.282252,38.022812],[-4.259958,38.022232],[-4.268941,38.039764],[-4.250603,38.038897],[-4.240086,38.047029],[-4.241071,38.053399],[-4.251062,38.048463],[-4.251945,38.063522],[-4.246465,38.069735],[-4.236278,38.062534],[-4.226845,38.079918],[-4.232489,38.083328],[-4.221901,38.082934],[-4.228703,38.090776],[-4.214085,38.089477],[-4.22211,38.102993],[-4.21795,38.110768],[-4.203704,38.107977],[-4.198006,38.123689],[-4.161183,38.145544],[-4.167861,38.180787],[-4.201175,38.214084],[-4.196001,38.237847],[-4.216686,38.246953],[-4.208233,38.266515],[-4.214824,38.269646],[-4.210218,38.301452],[-4.228054,38.301176],[-4.226847,38.308254],[-4.238538,38.315107],[-4.237442,38.341541],[-4.269102,38.347358],[-4.276537,38.390849],[-4.255555,38.401817],[-4.156557,38.381325],[-4.144925,38.386432],[-4.006447,38.368074],[-3.91512,38.368814],[-3.854284,38.375141],[-3.830561,38.392903],[-3.830056,38.412796],[-3.785612,38.425269],[-3.739064,38.413757],[-3.730008,38.424367],[-3.620472,38.393988],[-3.585846,38.405602],[-3.583076,38.451469],[-3.567357,38.452033],[-3.535164,38.439414],[-3.528443,38.408641],[-3.471015,38.397999],[-3.424824,38.406799],[-3.410396,38.423559],[-3.376684,38.439596],[-3.375012,38.475235],[-3.326492,38.482121],[-3.305258,38.479276],[-3.279424,38.460244],[-3.138288,38.438577],[-3.064966,38.478248],[-3.002515,38.408258],[-2.992227,38.428589],[-2.993509,38.450119],[-2.976935,38.454894],[-2.963586,38.471454],[-2.905788,38.469907],[-2.88149,38.452645],[-2.879742,38.46316],[-2.850707,38.474581],[-2.854264,38.478992],[-2.840108,38.477234],[-2.837581,38.484368],[-2.831064,38.476455],[-2.830832,38.487423],[-2.812968,38.491298],[-2.806595,38.503048],[-2.79242,38.502681],[-2.787405,38.515533],[-2.779955,38.509706],[-2.767228,38.533014],[-2.679692,38.496921],[-2.616902,38.512748],[-2.580078,38.503547],[-2.566624,38.490466],[-2.576792,38.477319],[-2.5674,38.460658],[-2.576977,38.434288],[-2.571883,38.414128],[-2.550669,38.403118],[-2.482357,38.396195],[-2.49238,38.371303],[-2.478954,38.348813],[-2.485206,38.300256],[-2.441369,38.285627],[-2.436603,38.27213],[-2.446325,38.244589],[-2.440601,38.232647],[-2.454339,38.215488],[-2.445578,38.204938],[-2.446277,38.185194],[-2.468463,38.172804],[-2.474123,38.155777],[-2.512931,38.12649],[-2.520276,38.107764],[-2.53967,38.09261],[-2.606318,38.061856],[-2.595855,38.053186],[-2.597712,38.007207],[-2.605118,37.998147],[-2.669825,37.961429],[-2.689729,37.973813],[-2.702673,37.971522],[-2.722858,37.96245],[-2.759354,37.923982],[-2.767447,37.919347],[-2.773195,37.925929],[-2.784609,37.917641],[-2.80624,37.880932],[-2.819602,37.876132],[-2.819726,37.852924],[-2.828889,37.837165],[-2.873154,37.791491],[-2.880292,37.759944],[-2.903782,37.751169],[-2.901525,37.689293],[-2.884036,37.681318],[-2.902202,37.665706],[-2.977919,37.633984],[-2.97399,37.622906],[-2.984406,37.614255],[-2.978177,37.602752],[-3.008211,37.607956]]]]}},{"type":"Feature","properties":{"name":"La Rioja","mapcolor":6,"cartodb_id":6},"geometry":{"type":"MultiPolygon","coordinates":[[[[-2.757584,42.032616],[-2.708421,42.086288],[-2.706723,42.105675],[-2.72906,42.123148],[-2.751173,42.117768],[-2.774851,42.123536],[-2.791608,42.108752],[-2.790144,42.094222],[-2.803344,42.080484],[-2.794948,42.063546],[-2.797986,42.046844],[-2.812638,42.036638],[-2.823705,42.041032],[-2.844636,42.03447],[-2.870435,42.014436],[-2.889512,42.010402],[-2.891179,42.017006],[-2.913624,42.022852],[-2.931176,42.086775],[-3.034373,42.085963],[-3.058955,42.126969],[-3.085678,42.13422],[-3.096572,42.169454],[-3.113352,42.176337],[-3.115323,42.188269],[-3.128577,42.19663],[-3.103786,42.213686],[-3.102061,42.233357],[-3.088589,42.245725],[-3.097719,42.263091],[-3.089621,42.273049],[-3.106665,42.312599],[-3.095863,42.32691],[-3.11069,42.338578],[-3.109668,42.351448],[-3.063462,42.356697],[-3.084811,42.385386],[-3.10527,42.386369],[-3.095738,42.405182],[-3.101347,42.416777],[-3.090355,42.42237],[-3.078179,42.41575],[-3.081507,42.395214],[-3.064414,42.37334],[-3.053143,42.373418],[-3.063299,42.42491],[-3.046004,42.445154],[-3.064209,42.470948],[-3.090422,42.477883],[-3.094695,42.488074],[-3.079292,42.499091],[-3.071901,42.528104],[-3.089302,42.538278],[-3.107456,42.52877],[-3.134271,42.542053],[-3.103745,42.553107],[-3.082359,42.574018],[-3.086196,42.58221],[-3.05983,42.589188],[-3.070457,42.621414],[-3.086403,42.627717],[-3.084152,42.640687],[-3.018013,42.632178],[-3.004756,42.644265],[-2.980569,42.635221],[-2.946451,42.639317],[-2.916008,42.619521],[-2.894631,42.627672],[-2.893995,42.621331],[-2.882144,42.620725],[-2.876294,42.631004],[-2.855626,42.637759],[-2.842734,42.629368],[-2.848138,42.617142],[-2.8418,42.608599],[-2.818771,42.612716],[-2.819828,42.591453],[-2.840785,42.581031],[-2.82277,42.554242],[-2.814804,42.569303],[-2.803665,42.564504],[-2.777677,42.582249],[-2.763931,42.622437],[-2.740705,42.622439],[-2.710621,42.601089],[-2.680582,42.594208],[-2.691505,42.5418],[-2.705725,42.516657],[-2.676846,42.526259],[-2.677842,42.50957],[-2.656014,42.503448],[-2.647778,42.483421],[-2.605361,42.503497],[-2.592248,42.491933],[-2.602189,42.481899],[-2.59652,42.472844],[-2.568402,42.494075],[-2.553998,42.483867],[-2.530608,42.483567],[-2.537498,42.495092],[-2.510587,42.519927],[-2.505324,42.511962],[-2.518609,42.497913],[-2.514632,42.490232],[-2.477432,42.486637],[-2.448805,42.496875],[-2.438508,42.489122],[-2.415666,42.490538],[-2.400009,42.471432],[-2.376635,42.472824],[-2.363632,42.461628],[-2.352608,42.465644],[-2.346752,42.451772],[-2.331837,42.454008],[-2.336455,42.46458],[-2.329988,42.468802],[-2.298719,42.457412],[-2.296883,42.468144],[-2.288012,42.46736],[-2.276389,42.44667],[-2.240964,42.44183],[-2.234966,42.426146],[-2.212075,42.421353],[-2.216505,42.415998],[-2.186111,42.41877],[-2.175037,42.407766],[-2.151776,42.418628],[-2.112277,42.420094],[-2.10508,42.41594],[-2.115514,42.399082],[-2.08912,42.384988],[-2.092812,42.375822],[-2.07864,42.368126],[-2.089961,42.346971],[-2.069982,42.342524],[-2.016015,42.369298],[-2.006057,42.360827],[-1.99552,42.363608],[-1.978644,42.349887],[-1.969593,42.352499],[-1.964521,42.33382],[-1.942285,42.335184],[-1.93152,42.322188],[-1.918513,42.326965],[-1.918966,42.316144],[-1.907061,42.308475],[-1.913818,42.300109],[-1.870658,42.288966],[-1.866207,42.275404],[-1.876201,42.258994],[-1.872276,42.252669],[-1.855759,42.249651],[-1.84979,42.259254],[-1.829727,42.244137],[-1.819219,42.248641],[-1.815939,42.228929],[-1.780164,42.224174],[-1.772642,42.214423],[-1.766398,42.22125],[-1.709239,42.20999],[-1.70424,42.192029],[-1.678715,42.189486],[-1.700897,42.173124],[-1.693802,42.158444],[-1.679659,42.151689],[-1.719895,42.13344],[-1.739742,42.149736],[-1.764709,42.150413],[-1.779005,42.137705],[-1.821619,42.153569],[-1.832417,42.148231],[-1.840276,42.128128],[-1.892032,42.085986],[-1.909239,42.059123],[-1.901577,42.02968],[-1.882947,42.02633],[-1.855228,42.002604],[-1.847185,42.007999],[-1.851325,41.998071],[-1.844045,41.987334],[-1.865188,41.977602],[-1.856541,41.966402],[-1.877592,41.952434],[-1.906667,41.945591],[-1.915169,41.932252],[-1.954859,41.927441],[-1.961343,41.920304],[-1.984115,41.920084],[-2.028314,41.953386],[-2.036392,41.939404],[-2.046643,41.950928],[-2.114356,41.961144],[-2.124072,41.995309],[-2.107632,42.002774],[-2.117008,42.021508],[-2.154765,42.047038],[-2.161913,42.066734],[-2.12724,42.080462],[-2.133377,42.101142],[-2.236484,42.102506],[-2.258891,42.087279],[-2.269589,42.088555],[-2.281746,42.108392],[-2.28216,42.131703],[-2.318205,42.145181],[-2.438462,42.137268],[-2.458615,42.115317],[-2.484369,42.106349],[-2.514676,42.114542],[-2.522656,42.082881],[-2.51488,42.068861],[-2.549067,42.05151],[-2.579909,41.996264],[-2.626635,42.006504],[-2.673581,41.998064],[-2.705136,42.015137],[-2.746167,42.008678],[-2.757584,42.032616]],[[-2.999378,42.600946],[-2.986248,42.607051],[-2.985222,42.61422],[-2.994525,42.615491],[-2.999378,42.600946]],[[-2.945214,42.603886],[-2.939177,42.594292],[-2.922629,42.600829],[-2.9345,42.614075],[-2.945214,42.603886]]]]}},{"type":"Feature","properties":{"name":"Las Palmas","mapcolor":53,"cartodb_id":53},"geometry":{"type":"MultiPolygon","coordinates":[[[[-13.526806831,29.312639236],[-13.525972366,29.310417175],[-13.527915955,29.309858322],[-13.527359962,29.312639236],[-13.526806831,29.312639236]]],[[[-14.510692596,28.070972443],[-14.510692596,28.068750381],[-14.513194084,28.067361832],[-14.512915611,28.069583893],[-14.510692596,28.070972443]]],[[[-13.534304619,29.30708313],[-13.533194542,29.304027557],[-13.528751373,29.304027557],[-13.528751373,29.299581528],[-13.530694962,29.297637939],[-13.530694962,29.290416718],[-13.540417671,29.287639618],[-13.539860725,29.289028168],[-13.541249275,29.289306641],[-13.538471222,29.293193817],[-13.538471222,29.296806335],[-13.541526794,29.302639008],[-13.534304619,29.30708313]]],[[[-15.363751411,27.9929142],[-15.362639427,27.990692139],[-15.364860535,27.99041748],[-15.364860535,27.992361069],[-15.363751411,27.9929142]]],[[[-13.812084198,28.767360687],[-13.812084198,28.758472443],[-13.80958271,28.75541687],[-13.814027786,28.744861603],[-13.813471794,28.740695953],[-13.815416336,28.740139008],[-13.814027786,28.739860535],[-13.813471794,28.736528397],[-13.820972443,28.735139847],[-13.824307442,28.738473892],[-13.831805229,28.739027023],[-13.831526756,28.744026184],[-13.836249352,28.749862671],[-13.835970879,28.752916336],[-13.825416565,28.757638931],[-13.82375145,28.762083054],[-13.819862366,28.76125145],[-13.818750381,28.764862061],[-13.812084198,28.767360687]]],[[[-13.469584465,29.241527557],[-13.469028473,29.237638474],[-13.467638016,29.237638474],[-13.467362404,29.228471756],[-13.46625042,29.229030609],[-13.465694427,29.226804733],[-13.461249352,29.225139618],[-13.459860802,29.226804733],[-13.454860687,29.227361679],[-13.45125103,29.223472595],[-13.450972557,29.225973129],[-13.449028969,29.22652626],[-13.447081566,29.224306107],[-13.443194389,29.224027634],[-13.443750381,29.2215271],[-13.439027786,29.223472595],[-13.437915802,29.22013855],[-13.440137863,29.218473434],[-13.435972214,29.216527939],[-13.433193207,29.210695267],[-13.428749084,29.209028244],[-13.42430687,29.210416794],[-13.422917366,29.209028244],[-13.423194885,29.205972672],[-13.420138359,29.204862595],[-13.418193817,29.202083588],[-13.419859886,29.199306488],[-13.41847229,29.195138931],[-13.420972824,29.195695877],[-13.419028282,29.19291687],[-13.420695305,29.188194275],[-13.418749809,29.184860229],[-13.421251297,29.17930603],[-13.420695305,29.176805496],[-13.425139427,29.173471451],[-13.424583435,29.16986084],[-13.426804543,29.16847229],[-13.422082901,29.166805267],[-13.422082901,29.164863586],[-13.426527023,29.163751602],[-13.427916527,29.154027939],[-13.434306145,29.152915955],[-13.442359924,29.147361755],[-13.445137978,29.147361755],[-13.445137978,29.143749237],[-13.449860573,29.142915726],[-13.450695038,29.139862061],[-13.454860687,29.137916565],[-13.456805229,29.132638931],[-13.459860802,29.131526947],[-13.460693359,29.12902832],[-13.464305878,29.128194809],[-13.464305878,29.123193741],[-13.462362289,29.120695114],[-13.463472366,29.115695953],[-13.455972672,29.108194351],[-13.453748703,29.108472824],[-13.454583168,29.104028702],[-13.449304581,29.102638245],[-13.448195457,29.100973129],[-13.446806908,29.089027405],[-13.450972557,29.082082748],[-13.452917099,29.073194504],[-13.458748817,29.065694809],[-13.460970879,29.057638168],[-13.465694427,29.05569458],[-13.465138435,29.0526371],[-13.463195801,29.051250458],[-13.462639809,29.045139313],[-13.467638016,29.039583206],[-13.468471527,29.033472061],[-13.462916374,29.024583817],[-13.464305878,29.018749237],[-13.468471527,29.014583588],[-13.475973129,29.013471603],[-13.474860191,29.005695343],[-13.478470802,29.00402832],[-13.480417252,28.999584198],[-13.482639313,28.997915268],[-13.488192558,28.999027252],[-13.487083435,28.99597168],[-13.485417366,28.99597168],[-13.485138893,28.992080688],[-13.495140076,28.992361069],[-13.501804352,28.987083435],[-13.507638931,28.985971451],[-13.510416985,28.983472824],[-13.510416985,28.981250763],[-13.51513958,28.980138779],[-13.51652813,28.976251602],[-13.519862175,28.974306107],[-13.524581909,28.974859238],[-13.526806831,28.966249466],[-13.527915955,28.971250534],[-13.531806946,28.965974808],[-13.52986145,28.972919464],[-13.531806946,28.972637177],[-13.538748741,28.966527939],[-13.540139198,28.963472366],[-13.538748741,28.963193893],[-13.53791523,28.966249466],[-13.535972595,28.966527939],[-13.535416603,28.965139389],[-13.541526794,28.957361221],[-13.54347229,28.95652771],[-13.545417786,28.957639694],[-13.545140266,28.95930481],[-13.546527863,28.958749771],[-13.547362328,28.954305649],[-13.542915344,28.954584122],[-13.544305801,28.951805115],[-13.550415993,28.952362061],[-13.548472404,28.954305649],[-13.550138474,28.955417633],[-13.549305916,28.957361221],[-13.552638054,28.956806183],[-13.55180645,28.95375061],[-13.553194046,28.953472137],[-13.558751106,28.954584122],[-13.555417061,28.956249237],[-13.557916641,28.957361221],[-13.567917824,28.953193665],[-13.575139999,28.954305649],[-13.575694084,28.952083588],[-13.580971718,28.952638626],[-13.582084656,28.954305649],[-13.582917213,28.951528549],[-13.584583282,28.950138092],[-13.587917328,28.950973511],[-13.589860916,28.947359085],[-13.593474388,28.947359085],[-13.596805573,28.949581146],[-13.598194122,28.946527481],[-13.602359772,28.945417404],[-13.601805687,28.944026947],[-13.608472824,28.936252594],[-13.608472824,28.933748245],[-13.611527443,28.933748245],[-13.612916946,28.930973053],[-13.615695,28.929861069],[-13.619860649,28.930973053],[-13.620139122,28.929582596],[-13.621805191,28.93069458],[-13.627083778,28.926250458],[-13.629859924,28.926805496],[-13.62930584,28.928472519],[-13.633472443,28.929027557],[-13.639305115,28.923751831],[-13.639026642,28.920972824],[-13.642083168,28.919027328],[-13.654306412,28.917915344],[-13.657084465,28.920137405],[-13.664306641,28.91986084],[-13.66597271,28.917638779],[-13.6754179,28.921251297],[-13.686249733,28.918750763],[-13.691250801,28.919584274],[-13.700139046,28.917360306],[-13.70069313,28.91569519],[-13.710971832,28.915138245],[-13.713193893,28.912916183],[-13.721248627,28.910694122],[-13.728749275,28.905416489],[-13.735972404,28.90653038],[-13.73930645,28.904306412],[-13.738750458,28.901805878],[-13.740971565,28.902082443],[-13.742360115,28.899860382],[-13.744860649,28.891805649],[-13.744306564,28.888750076],[-13.74902916,28.884027481],[-13.749304771,28.880138397],[-13.747638702,28.877916336],[-13.74902916,28.877361298],[-13.748473167,28.874027252],[-13.752361298,28.873750687],[-13.757362366,28.869861603],[-13.757914543,28.867082596],[-13.760137558,28.867082596],[-13.760137558,28.8651371],[-13.765693665,28.860971451],[-13.765972137,28.859027863],[-13.770973206,28.85625267],[-13.770973206,28.85319519],[-13.774305344,28.851249695],[-13.773751259,28.847639084],[-13.778470993,28.845693588],[-13.777916908,28.843751907],[-13.784028053,28.841806412],[-13.785415649,28.838193893],[-13.789859772,28.839027405],[-13.788749695,28.844863892],[-13.79208374,28.852300644],[-13.798194885,28.854089737],[-13.798750877,28.857362747],[-13.800695419,28.857915878],[-13.809305191,28.856527328],[-13.811528206,28.854305267],[-13.814306259,28.858472824],[-13.81652832,28.858472824],[-13.819027901,28.860971451],[-13.829583168,28.862083435],[-13.833748817,28.857639313],[-13.835693359,28.858194351],[-13.83986187,28.85458374],[-13.847082138,28.860694885],[-13.854861259,28.861249924],[-13.864027023,28.859861374],[-13.867637634,28.857362747],[-13.868749619,28.85458374],[-13.872362137,28.854030609],[-13.874305725,28.855417252],[-13.87791729,28.862083435],[-13.877637863,28.865972519],[-13.875694275,28.867916107],[-13.875694275,28.876806259],[-13.881251335,28.881526947],[-13.882361412,28.886528015],[-13.872362137,28.894859314],[-13.858470917,28.897363663],[-13.856527328,28.900695801],[-13.85736084,28.904582977],[-13.851806641,28.907640457],[-13.851250648,28.911527634],[-13.848194122,28.913194656],[-13.84763813,28.916250229],[-13.840417862,28.91847229],[-13.829583168,28.930416107],[-13.829860687,28.934858322],[-13.834583282,28.937084198],[-13.833194733,28.94708252],[-13.831805229,28.948472977],[-13.833194733,28.948194504],[-13.835139275,28.950973511],[-13.833748817,28.952083588],[-13.834860802,28.953472137],[-13.83402729,28.957639694],[-13.830416679,28.960138321],[-13.834583282,28.963752747],[-13.833748817,28.965694427],[-13.835416794,28.970693588],[-13.83402729,28.970972061],[-13.831805229,28.977083206],[-13.830416679,28.975973129],[-13.828473091,28.976528168],[-13.832917213,28.981805801],[-13.83430481,28.990694046],[-13.831251144,28.995138168],[-13.832361221,28.998472214],[-13.829860687,29.004583359],[-13.83013916,29.008472443],[-13.817915916,29.025417328],[-13.81680584,29.033472061],[-13.80958271,29.034305573],[-13.807916641,29.038194656],[-13.799860954,29.042640686],[-13.794582367,29.051525116],[-13.784028053,29.056528091],[-13.778470993,29.063749313],[-13.772083282,29.063194275],[-13.769304276,29.067638397],[-13.767638206,29.065139771],[-13.762361526,29.067361832],[-13.759584427,29.070970535],[-13.76069355,29.072639465],[-13.758749962,29.073749542],[-13.758472443,29.076528549],[-13.755693436,29.078472137],[-13.748473167,29.079584122],[-13.746526718,29.077915192],[-13.744029045,29.080972672],[-13.735972404,29.080415726],[-13.731805801,29.083194733],[-13.727360725,29.081806183],[-13.72402668,29.08597374],[-13.720973015,29.085695267],[-13.714585304,29.08152771],[-13.711806297,29.08291626],[-13.707637787,29.079637527],[-13.706806183,29.083194733],[-13.700139046,29.09236145],[-13.694028854,29.090417862],[-13.692083359,29.091249466],[-13.691806793,29.093471527],[-13.688194275,29.092916489],[-13.682084084,29.097084045],[-13.680972099,29.105138779],[-13.679027557,29.10597229],[-13.677362442,29.10458374],[-13.67624855,29.106805801],[-13.665139198,29.110969543],[-13.663194656,29.114027023],[-13.66013813,29.114027023],[-13.662917137,29.116804123],[-13.663194656,29.119304657],[-13.658472061,29.125415802],[-13.654027939,29.124862671],[-13.654583931,29.123470306],[-13.652917862,29.122083664],[-13.652084351,29.124862671],[-13.649583817,29.124305725],[-13.648470879,29.125694275],[-13.640138626,29.124862671],[-13.639026642,29.123470306],[-13.639861107,29.120138168],[-13.637916565,29.11819458],[-13.630971909,29.117082596],[-13.622362137,29.127361298],[-13.612639427,29.128749847],[-13.611250877,29.132083893],[-13.603750229,29.136529922],[-13.596528053,29.136804581],[-13.584583282,29.13458252],[-13.579582214,29.129583359],[-13.570972443,29.125415802],[-13.570972443,29.123470306],[-13.568749428,29.123193741],[-13.568193436,29.121248245],[-13.566248894,29.121805191],[-13.563195229,29.119861603],[-13.562639236,29.116249084],[-13.551250458,29.117082596],[-13.544861794,29.119861603],[-13.538471222,29.124862671],[-13.531806946,29.13458252],[-13.525137901,29.140972137],[-13.522640228,29.150140762],[-13.523194313,29.169027328],[-13.521249771,29.171806335],[-13.517361641,29.172637939],[-13.517084122,29.176527023],[-13.513474464,29.17791748],[-13.514305115,29.180973053],[-13.509583473,29.190141678],[-13.510971069,29.195417404],[-13.507361412,29.196250916],[-13.507917404,29.200695038],[-13.506251335,29.20347023],[-13.502084732,29.20791626],[-13.498472214,29.206249237],[-13.496527672,29.208194733],[-13.497083664,29.219028473],[-13.487361908,29.222639084],[-13.479861259,29.22819519],[-13.477083206,29.22819519],[-13.475973129,29.231527328],[-13.47263813,29.233194351],[-13.470693588,29.237083435],[-13.470972061,29.240972519],[-13.469584465,29.241527557]]],[[[-13.537082672,29.138473511],[-13.537361145,29.136249542],[-13.540693283,29.136249542],[-13.539583206,29.138473511],[-13.537082672,29.138473511]]],[[[-13.886804581,28.757638931],[-13.883750916,28.754583359],[-13.877637863,28.753194809],[-13.872637749,28.749027252],[-13.872637749,28.745136261],[-13.867083549,28.747083664],[-13.86430645,28.746248245],[-13.863196373,28.741527557],[-13.860417366,28.741249084],[-13.860417366,28.739860535],[-13.864583969,28.74041748],[-13.866527557,28.738193512],[-13.86430645,28.736804962],[-13.865693092,28.73402977],[-13.863471031,28.73402977],[-13.862360954,28.731527328],[-13.85736084,28.734861374],[-13.854028702,28.733472824],[-13.853751183,28.729028702],[-13.848471642,28.727916718],[-13.845693588,28.729305267],[-13.840417862,28.727638245],[-13.84125042,28.722084045],[-13.835693359,28.712917328],[-13.835970879,28.71097374],[-13.838749886,28.70930481],[-13.829860687,28.694583893],[-13.831251144,28.690139771],[-13.829860687,28.686805725],[-13.831805229,28.684305191],[-13.830972672,28.680137634],[-13.833194733,28.674303055],[-13.829860687,28.66402626],[-13.831526756,28.661804199],[-13.829860687,28.656251907],[-13.830695152,28.650972366],[-13.829029083,28.634860992],[-13.827361107,28.632360458],[-13.828473091,28.629304886],[-13.825416565,28.625972748],[-13.825972557,28.62097168],[-13.823472977,28.620693207],[-13.824860573,28.615972519],[-13.822916031,28.610139847],[-13.824307442,28.606250763],[-13.826526642,28.60736084],[-13.826526642,28.603471756],[-13.824028969,28.597360611],[-13.822360039,28.596805573],[-13.822085381,28.59375],[-13.822916031,28.589305878],[-13.827917099,28.582361221],[-13.829583168,28.575138092],[-13.829304695,28.571807861],[-13.825695038,28.569026947],[-13.828748703,28.559305191],[-13.824307442,28.556249619],[-13.82375145,28.552639008],[-13.827917099,28.551527023],[-13.830416679,28.545415878],[-13.837083817,28.541528702],[-13.838195801,28.535694122],[-13.835416794,28.536806107],[-13.832361221,28.535694122],[-13.834860802,28.531526566],[-13.83430481,28.525138855],[-13.838749886,28.52180481],[-13.839028358,28.517637253],[-13.842915535,28.512083054],[-13.842915535,28.510416031],[-13.84125042,28.5098629],[-13.843194008,28.507917404],[-13.842083931,28.503194809],[-13.846528053,28.501249313],[-13.846805573,28.499582291],[-13.854028702,28.498472214],[-13.855417252,28.493747711],[-13.856527328,28.498193741],[-13.862083435,28.494028091],[-13.867083549,28.480417252],[-13.865414619,28.475139618],[-13.858751297,28.468194962],[-13.858751297,28.463750839],[-13.856529236,28.462083817],[-13.855973244,28.45652771],[-13.858470917,28.451526642],[-13.855973244,28.443750381],[-13.861527443,28.439029694],[-13.861804962,28.435693741],[-13.860417366,28.431249619],[-13.857639313,28.429582596],[-13.858195305,28.426528931],[-13.851529121,28.424304962],[-13.849584579,28.42124939],[-13.850973129,28.417638779],[-13.848750114,28.414028168],[-13.848471642,28.408472061],[-13.852083206,28.402639389],[-13.849304199,28.401527405],[-13.849304199,28.400140762],[-13.851806641,28.400140762],[-13.852916718,28.398195267],[-13.852639198,28.39125061],[-13.856248856,28.390972137],[-13.855694771,28.394861221],[-13.859305382,28.39263916],[-13.85736084,28.390972137],[-13.860417366,28.385694504],[-13.8629179,28.384307861],[-13.865971565,28.371805191],[-13.868472099,28.36958313],[-13.868193626,28.364582062],[-13.869305611,28.362638474],[-13.871250153,28.363473892],[-13.875694275,28.355415344],[-13.877637863,28.355138779],[-13.876250267,28.353471756],[-13.875971794,28.346805573],[-13.878750801,28.342918396],[-13.877637863,28.342082977],[-13.878750801,28.337638855],[-13.885416985,28.331806183],[-13.882917404,28.329860687],[-13.885416985,28.328193665],[-13.885695457,28.324581146],[-13.895137787,28.323749542],[-13.89541626,28.319860458],[-13.892361641,28.317361832],[-13.893194199,28.314304352],[-13.89791584,28.311805725],[-13.899862289,28.303747177],[-13.902915955,28.302360535],[-13.902638435,28.297361374],[-13.898194313,28.295139313],[-13.896249771,28.287082672],[-13.900972366,28.279029846],[-13.900693893,28.274305344],[-13.903751373,28.275138855],[-13.904859543,28.273750305],[-13.909583092,28.273750305],[-13.909029007,28.270694733],[-13.910695076,28.270139694],[-13.912082672,28.265417099],[-13.914027214,28.264862061],[-13.913473129,28.259027481],[-13.917639732,28.254304886],[-13.916526794,28.252361298],[-13.92097187,28.249860764],[-13.921806335,28.250694275],[-13.921806335,28.247638702],[-13.924860001,28.246250153],[-13.926527977,28.242082596],[-13.931250572,28.239305496],[-13.935138702,28.233194351],[-13.938195229,28.232639313],[-13.93847084,28.231250763],[-13.940694809,28.232082367],[-13.942083359,28.229860306],[-13.943196297,28.23097229],[-13.94819355,28.227083206],[-13.958473206,28.226804733],[-13.966526985,28.228750229],[-13.978194237,28.228471756],[-13.982638359,28.226528168],[-13.987639427,28.227361679],[-13.990139008,28.224861145],[-13.990973473,28.220972061],[-13.995139122,28.21736145],[-14.002362251,28.215415955],[-14.007637978,28.209306717],[-14.0120821,28.207082748],[-14.016804695,28.211250305],[-14.020694733,28.211528778],[-14.022360802,28.207082748],[-14.024582863,28.207361221],[-14.025695801,28.205417633],[-14.033193588,28.206804276],[-14.042638779,28.202083588],[-14.04874897,28.201805115],[-14.051527023,28.203193665],[-14.064584732,28.201250076],[-14.068195343,28.199029922],[-14.071805,28.201250076],[-14.075139046,28.201250076],[-14.076805115,28.197360992],[-14.08152771,28.197639465],[-14.093750954,28.192638397],[-14.100417137,28.194307327],[-14.102360725,28.192638397],[-14.105971336,28.192638397],[-14.110416412,28.188472748],[-14.11430645,28.188749313],[-14.116250038,28.19152832],[-14.123748779,28.191249847],[-14.128473282,28.186805725],[-14.130970955,28.187915802],[-14.136805534,28.187084198],[-14.139583588,28.182918549],[-14.147082329,28.180973053],[-14.151804924,28.182918549],[-14.156526566,28.179582596],[-14.15763855,28.176527023],[-14.164305687,28.176805496],[-14.16708374,28.174028397],[-14.171527863,28.175138474],[-14.181527138,28.173471451],[-14.18458271,28.174861908],[-14.188750267,28.172639847],[-14.19569397,28.174304962],[-14.201528549,28.172639847],[-14.205416679,28.167085648],[-14.213195801,28.163749695],[-14.219028473,28.165416718],[-14.225693703,28.160139084],[-14.230417252,28.149305344],[-14.237639427,28.142917633],[-14.237639427,28.139862061],[-14.247637749,28.134305954],[-14.250694275,28.125415802],[-14.258473396,28.120416641],[-14.260972977,28.112916946],[-14.267361641,28.10874939],[-14.273471832,28.097360611],[-14.283473015,28.089860916],[-14.285695076,28.084028244],[-14.290139198,28.08291626],[-14.297083855,28.077638626],[-14.305416107,28.070138931],[-14.305416107,28.067638397],[-14.312360764,28.061807632],[-14.316527367,28.055416107],[-14.319582939,28.05430603],[-14.325694084,28.047639847],[-14.330971718,28.045694351],[-14.339583397,28.045974731],[-14.348749161,28.049028397],[-14.362360001,28.047361374],[-14.364583015,28.049583435],[-14.360972404,28.048196793],[-14.360137939,28.049583435],[-14.364304543,28.050418854],[-14.365139008,28.05291748],[-14.368748665,28.054582596],[-14.377362251,28.051528931],[-14.381527901,28.052083969],[-14.384584427,28.054582596],[-14.399026871,28.058193207],[-14.40874958,28.057916641],[-14.425695419,28.064582825],[-14.429862022,28.064861298],[-14.433805466,28.067638397],[-14.438194275,28.066804886],[-14.439027786,28.069583893],[-14.476248741,28.077083588],[-14.502361298,28.07208252],[-14.506526947,28.065139771],[-14.510692596,28.06652832],[-14.509584427,28.069583893],[-14.506251335,28.070972443],[-14.506526947,28.073196411],[-14.503473282,28.074861526],[-14.501251221,28.081806183],[-14.49902916,28.083749771],[-14.493193626,28.084028244],[-14.493472099,28.095970154],[-14.499860764,28.100139618],[-14.499860764,28.10152626],[-14.496804237,28.104305267],[-14.494582176,28.104305267],[-14.494582176,28.106805801],[-14.491527557,28.111249924],[-14.486805916,28.109861374],[-14.486249924,28.105693817],[-14.482083321,28.104028702],[-14.480694771,28.101806641],[-14.475138664,28.105693817],[-14.471247673,28.104028702],[-14.46625042,28.104305267],[-14.465694427,28.102083206],[-14.463749886,28.102083206],[-14.455140114,28.106250763],[-14.449860573,28.100973129],[-14.422361374,28.10458374],[-14.420972824,28.106527328],[-14.416251183,28.10736084],[-14.414306641,28.106250763],[-14.399861336,28.108194351],[-14.369304657,28.117082596],[-14.359027863,28.122083664],[-14.357084274,28.124582291],[-14.344582558,28.128196716],[-14.310138702,28.147361755],[-14.303194046,28.152914047],[-14.299028397,28.160417557],[-14.292361259,28.162361145],[-14.290970802,28.164583206],[-14.287361145,28.165138245],[-14.274581909,28.173471451],[-14.263749123,28.182918549],[-14.247083664,28.193750381],[-14.242636681,28.200971603],[-14.234861374,28.205692291],[-14.232083321,28.209861755],[-14.22819519,28.210136414],[-14.223194122,28.214582443],[-14.223471642,28.216527939],[-14.221528053,28.217916489],[-14.22263813,28.219303131],[-14.219584465,28.220415115],[-14.218471527,28.224306107],[-14.215417862,28.225973129],[-14.214584351,28.242639542],[-14.212915421,28.243471146],[-14.21486187,28.247360229],[-14.209860802,28.25541687],[-14.209029198,28.259860992],[-14.213195801,28.264583588],[-14.209583282,28.269582748],[-14.20930481,28.275138855],[-14.212361336,28.282083511],[-14.212082863,28.285417557],[-14.215417862,28.288196564],[-14.212082863,28.289304733],[-14.212915421,28.292358398],[-14.212638855,28.295139313],[-14.210695267,28.29624939],[-14.211526871,28.298749924],[-14.207638741,28.301250458],[-14.210139275,28.309860229],[-14.20902729,28.314582825],[-14.205416679,28.31930542],[-14.20513916,28.328193665],[-14.199863434,28.33430481],[-14.192640305,28.336250305],[-14.190972328,28.338472366],[-14.189027786,28.338472366],[-14.187361717,28.341804504],[-14.182639122,28.342918396],[-14.181527138,28.3465271],[-14.177916527,28.3465271],[-14.177639008,28.350416183],[-14.17236042,28.356525421],[-14.17236042,28.362361908],[-14.164028168,28.367361069],[-14.162083626,28.37097168],[-14.164028168,28.375139236],[-14.162362099,28.392360687],[-14.161806107,28.393472672],[-14.158471107,28.39263916],[-14.155693054,28.395414352],[-14.157361031,28.397636414],[-14.155973434,28.399583817],[-14.158194542,28.400972366],[-14.155417442,28.405138016],[-14.158748627,28.40625],[-14.159304619,28.408750534],[-14.157917023,28.410415649],[-14.159304619,28.411247253],[-14.149861336,28.421804428],[-14.151804924,28.423749924],[-14.152083397,28.430139542],[-14.147082329,28.434028625],[-14.147359848,28.439582825],[-14.141249657,28.442638397],[-14.140418053,28.445972443],[-14.136528015,28.447360992],[-14.132914543,28.452640533],[-14.130970955,28.452640533],[-14.126526833,28.45791626],[-14.123194695,28.458749771],[-14.118749619,28.462915421],[-14.115694046,28.462915421],[-14.098472595,28.479030609],[-14.092359543,28.493747711],[-14.090694427,28.494861603],[-14.087637901,28.506250381],[-14.084028244,28.507917404],[-14.082362175,28.514303207],[-14.074860573,28.523750305],[-14.074583054,28.5284729],[-14.071805,28.52986145],[-14.069861412,28.540971756],[-14.065137863,28.54347229],[-14.066806793,28.551805496],[-14.063471794,28.555139542],[-14.060416222,28.554582596],[-14.05847168,28.556249619],[-14.059027672,28.56014061],[-14.056805611,28.565694809],[-14.047638893,28.574029922],[-14.043473244,28.580694199],[-14.04097271,28.581804276],[-14.039306641,28.584583282],[-14.039859772,28.587917328],[-14.03374958,28.592916489],[-14.034305573,28.600694656],[-14.037360191,28.604028702],[-14.039306641,28.615140915],[-14.034582138,28.623472214],[-14.032361984,28.623750687],[-14.033472061,28.628194809],[-14.031528473,28.629861832],[-14.034028053,28.631526947],[-14.030971527,28.635139465],[-14.028471947,28.635139465],[-14.025971413,28.646528244],[-14.022639275,28.64680481],[-14.019861221,28.650415421],[-14.019861221,28.656251907],[-14.014861107,28.662361145],[-14.011249542,28.671527863],[-14.008472443,28.673749924],[-14.010416031,28.675416946],[-14.009860039,28.678194046],[-14.014025688,28.681528091],[-14.013195038,28.684860229],[-14.015694618,28.685693741],[-14.015417099,28.690694809],[-14.019582748,28.692083359],[-14.020973206,28.695972443],[-14.018472672,28.696805954],[-14.019582748,28.699583054],[-14.018195152,28.700416565],[-14.020973206,28.701528549],[-14.019582748,28.705137253],[-14.020694733,28.708194733],[-14.016804695,28.707082748],[-14.014861107,28.708194733],[-14.019861221,28.70930481],[-14.01763916,28.711526871],[-14.01763916,28.715139389],[-14.0120821,28.717636108],[-14.011249542,28.714305878],[-14.006250381,28.712360382],[-14.009028435,28.714027405],[-14.003193855,28.716527939],[-14.000417709,28.724861145],[-13.99847126,28.725694656],[-13.993748665,28.724027634],[-13.992638588,28.725973129],[-13.990695,28.725973129],[-13.989860535,28.724582672],[-13.987360954,28.728471756],[-13.982359886,28.730415344],[-13.980693817,28.732915878],[-13.978750229,28.732637405],[-13.977640152,28.736251831],[-13.970971107,28.732084274],[-13.9715271,28.734861374],[-13.969026566,28.736528397],[-13.968473434,28.735139847],[-13.963748932,28.73402977],[-13.961805344,28.737638474],[-13.959306717,28.738750458],[-13.955971718,28.736251831],[-13.955138206,28.739305496],[-13.952083588,28.739860535],[-13.953193665,28.742082596],[-13.950415611,28.742082596],[-13.94819355,28.745416641],[-13.943749428,28.744304657],[-13.940973282,28.747358322],[-13.939305305,28.746248245],[-13.939026833,28.742361069],[-13.935973167,28.742639542],[-13.935138702,28.74764061],[-13.931806564,28.750972748],[-13.928750038,28.750415802],[-13.924584389,28.752916336],[-13.921250343,28.751806259],[-13.921806335,28.750415802],[-13.919305801,28.747917175],[-13.915693283,28.74764061],[-13.915970802,28.749862671],[-13.913194656,28.750415802],[-13.90763855,28.748750687],[-13.904303551,28.749584198],[-13.902084351,28.753749847],[-13.895972252,28.753194809],[-13.893471718,28.757083893],[-13.886804581,28.757638931]]],[[[-15.407360077,28.147638321],[-15.406805992,28.136528015],[-15.408193588,28.136528015],[-15.409028053,28.142917633],[-15.407360077,28.147638321]]],[[[-13.504027367,29.417360306],[-13.502638817,29.416805267],[-13.503750801,29.41569519],[-13.502638817,29.413194656],[-13.500138283,29.414861679],[-13.49597168,29.412639618],[-13.490415573,29.405416489],[-13.485417366,29.404027939],[-13.48624897,29.401805878],[-13.488471031,29.402639389],[-13.49180603,29.39541626],[-13.49597168,29.392082214],[-13.500415802,29.391252518],[-13.506251335,29.383750916],[-13.515695572,29.385694504],[-13.51902771,29.3820858],[-13.523471832,29.3820858],[-13.530417442,29.385139465],[-13.531250954,29.400693893],[-13.5284729,29.405416489],[-13.525416374,29.407917023],[-13.523750305,29.407363892],[-13.524862289,29.410139084],[-13.523750305,29.412082672],[-13.518194199,29.412639618],[-13.517361641,29.411527634],[-13.517084122,29.413473129],[-13.514862061,29.413194656],[-13.511527061,29.415971756],[-13.508194923,29.415416718],[-13.504027367,29.417360306]]],[[[-15.407360077,28.13319397],[-15.404306412,28.130971909],[-15.404306412,28.125415802],[-15.405694008,28.130418777],[-15.408193588,28.132083893],[-15.407360077,28.13319397]]],[[[-15.419304848,28.18208313],[-15.41569519,28.179027557],[-15.414860725,28.1804142],[-15.411804199,28.1804142],[-15.410972595,28.179027557],[-15.407084465,28.178749084],[-15.401249886,28.171806335],[-15.401805878,28.170139313],[-15.404862404,28.169307709],[-15.402915955,28.16847229],[-15.40375042,28.16680336],[-15.401249886,28.165971756],[-15.40625,28.160694122],[-15.406528473,28.148471832],[-15.407916069,28.148471832],[-15.406805992,28.150138855],[-15.407916069,28.15763855],[-15.409863472,28.150138855],[-15.412917137,28.150417328],[-15.414304733,28.148195267],[-15.410694122,28.142917633],[-15.412084579,28.14263916],[-15.415970802,28.146528244],[-15.411804199,28.140415192],[-15.41569519,28.142084122],[-15.414860725,28.130418777],[-15.416805267,28.128471375],[-15.417917252,28.145694733],[-15.419583321,28.145971298],[-15.419583321,28.141807556],[-15.420970917,28.14125061],[-15.421805382,28.14680481],[-15.423471451,28.14263916],[-15.4254179,28.142917633],[-15.425971985,28.145971298],[-15.427639961,28.146249771],[-15.426527977,28.142360687],[-15.422638893,28.14125061],[-15.422917366,28.139583588],[-15.427639961,28.139862061],[-15.428471565,28.137081146],[-15.425971985,28.137361526],[-15.425136566,28.139583588],[-15.424304962,28.135416031],[-15.429027557,28.132083893],[-15.42930603,28.129583359],[-15.424304962,28.129861832],[-15.425692558,28.126804352],[-15.423195839,28.129306793],[-15.424027443,28.121528625],[-15.422917366,28.122360229],[-15.421251297,28.12097168],[-15.41569519,28.113471985],[-15.410694122,28.103471756],[-15.411528587,28.091249466],[-15.415970802,28.085693359],[-15.41569519,28.08291626],[-15.413194656,28.08152771],[-15.414304733,28.078472137],[-15.412084579,28.075418472],[-15.413750648,28.075418472],[-15.416251183,28.071250916],[-15.41569519,28.069026947],[-15.417917252,28.065971375],[-15.416251183,28.062360764],[-15.419304848,28.062639236],[-15.420139313,28.060693741],[-15.416251183,28.054027557],[-15.414029121,28.05569458],[-15.412361145,28.052640915],[-15.415416718,28.047361374],[-15.412084579,28.044027328],[-15.409582138,28.045139313],[-15.408472061,28.043750763],[-15.409582138,28.042360306],[-15.401249886,28.035417557],[-15.390694618,28.02958107],[-15.38625145,28.030416489],[-15.386804581,28.0284729],[-15.384306908,28.027360916],[-15.386804581,28.025972366],[-15.384860039,28.024305344],[-15.385139465,28.016805649],[-15.372916222,28.008750916],[-15.377362251,28.006803513],[-15.373749733,28.003194809],[-15.373749733,27.998193741],[-15.37514019,27.996528625],[-15.369860649,27.997083664],[-15.369304657,27.994026184],[-15.366249084,27.991804123],[-15.370140076,27.987916946],[-15.377637863,27.987361908],[-15.37514019,27.986249924],[-15.375694275,27.98402977],[-15.378472328,27.983472824],[-15.375415802,27.977081299],[-15.377083778,27.974582672],[-15.378749847,27.976249695],[-15.382916451,27.973194122],[-15.382360458,27.964582443],[-15.37930584,27.965696335],[-15.377362251,27.962917328],[-15.379859924,27.961526871],[-15.380971909,27.957639694],[-15.377362251,27.955694199],[-15.376806259,27.953193665],[-15.380694389,27.95069313],[-15.377637863,27.94708252],[-15.374028206,27.948194504],[-15.371249199,27.944860458],[-15.367917061,27.94569397],[-15.367082596,27.944028854],[-15.368748665,27.940414429],[-15.360694885,27.937360764],[-15.358472824,27.935138702],[-15.357638359,27.93069458],[-15.36180687,27.92791748],[-15.362639427,27.929861069],[-15.374305725,27.935417175],[-15.377916336,27.934305191],[-15.379859924,27.930416107],[-15.384029388,27.927085876],[-15.383472443,27.921527863],[-15.385972977,27.915136337],[-15.384581566,27.910972595],[-15.387083054,27.911249161],[-15.384581566,27.908750534],[-15.385139465,27.905416489],[-15.389026642,27.895139694],[-15.392916679,27.891527176],[-15.393195152,27.887914658],[-15.389861107,27.880971909],[-15.379859924,27.876249313],[-15.382081985,27.873750687],[-15.382360458,27.870693207],[-15.386247635,27.870693207],[-15.384581566,27.868749619],[-15.385972977,27.865972519],[-15.38319397,27.864860535],[-15.383472443,27.861249924],[-15.385972977,27.860971451],[-15.384860039,27.857082367],[-15.390138626,27.855138779],[-15.394582748,27.854860306],[-15.398193359,27.856527328],[-15.399027824,27.85319519],[-15.401805878,27.850973129],[-15.400139809,27.845693588],[-15.40375042,27.848472595],[-15.40625,27.847085953],[-15.412084579,27.847917557],[-15.417082787,27.84236145],[-15.418748856,27.838472366],[-15.417361259,27.834583282],[-15.420139313,27.833471298],[-15.422361374,27.83013916],[-15.421526909,27.826250076],[-15.422917366,27.821807861],[-15.420416832,27.819303513],[-15.420139313,27.815971375],[-15.423195839,27.807916641],[-15.42680645,27.804582596],[-15.432638168,27.802360535],[-15.432084084,27.799861908],[-15.43347168,27.799028397],[-15.435972214,27.801250458],[-15.445138931,27.798194885],[-15.459584236,27.797361374],[-15.462360382,27.795972824],[-15.462360382,27.794307709],[-15.464582443,27.794584274],[-15.463193893,27.795734406],[-15.464026451,27.79624939],[-15.475417137,27.792360306],[-15.479306221,27.79347229],[-15.487638474,27.792360306],[-15.495139122,27.789581299],[-15.501251221,27.785139084],[-15.502638817,27.782361984],[-15.508472443,27.77986145],[-15.514027596,27.781528473],[-15.519028664,27.780971527],[-15.528195381,27.775972366],[-15.529582977,27.773471832],[-15.532917976,27.772083282],[-15.533472061,27.769582748],[-15.53958416,27.770139694],[-15.544582367,27.766525269],[-15.550416946,27.767084122],[-15.551804543,27.76625061],[-15.550972939,27.764862061],[-15.558193207,27.762361526],[-15.559306145,27.76319313],[-15.563194275,27.760416031],[-15.567640305,27.752361298],[-15.569027901,27.736803055],[-15.57375145,27.735139847],[-15.581805229,27.734582901],[-15.588472366,27.735971451],[-15.600138664,27.734027863],[-15.607083321,27.738750458],[-15.611804962,27.744304657],[-15.619584084,27.748470306],[-15.621250153,27.748470306],[-15.621527672,27.745138168],[-15.628473282,27.74458313],[-15.634026527,27.746528625],[-15.634026527,27.748470306],[-15.637360573,27.748193741],[-15.63819313,27.750692368],[-15.640695572,27.749582291],[-15.647640228,27.750692368],[-15.652638435,27.755138397],[-15.659304619,27.756528854],[-15.669861794,27.754306793],[-15.671250343,27.750202179],[-15.669305801,27.747917175],[-15.674584389,27.748750687],[-15.679306984,27.755138397],[-15.686248779,27.756250381],[-15.68652916,27.759027481],[-15.685138702,27.757638931],[-15.685417175,27.758750916],[-15.682360649,27.759305954],[-15.68458271,27.75958252],[-15.687360764,27.76319313],[-15.690138817,27.770971298],[-15.695972443,27.772638321],[-15.695139885,27.771528244],[-15.696528435,27.769306183],[-15.700694084,27.77041626],[-15.701250076,27.773750305],[-15.70402813,27.776527405],[-15.725693703,27.787916183],[-15.723750114,27.789863586],[-15.724862099,27.790971756],[-15.72708416,27.789863586],[-15.728471756,27.791528702],[-15.729027748,27.794307709],[-15.727640152,27.795417786],[-15.731528282,27.798194885],[-15.73680687,27.797361374],[-15.741526604,27.800138474],[-15.746249199,27.806528091],[-15.749584198,27.806528091],[-15.75402832,27.814306259],[-15.76125145,27.816804886],[-15.766804695,27.815139771],[-15.767916679,27.817638397],[-15.774026871,27.82208252],[-15.779027939,27.83013916],[-15.780971527,27.829305649],[-15.788194656,27.834306717],[-15.791526794,27.840694427],[-15.792082787,27.846525192],[-15.795970917,27.847917557],[-15.796251297,27.851249695],[-15.799027443,27.852916718],[-15.799583435,27.85874939],[-15.807915688,27.874307632],[-15.812915802,27.87902832],[-15.812638283,27.882638931],[-15.81791687,27.889583588],[-15.81791687,27.89263916],[-15.831806183,27.909305573],[-15.83152771,27.913749695],[-15.833193779,27.916805267],[-15.831806183,27.920139313],[-15.833193779,27.922082901],[-15.831806183,27.923194885],[-15.830971718,27.921806335],[-15.829584122,27.924863815],[-15.832083702,27.928472519],[-15.829305649,27.93069458],[-15.830415726,27.933750153],[-15.828749657,27.936527252],[-15.830694199,27.938474655],[-15.828471184,27.941249847],[-15.828195572,27.949028015],[-15.831250191,27.951803207],[-15.830140114,27.957361221],[-15.833193779,27.959028244],[-15.834028244,27.970693588],[-15.822916985,27.986804962],[-15.820973396,27.993749619],[-15.821249008,28.000415802],[-15.819582939,28.000694275],[-15.817639351,28.00541687],[-15.823471069,28.012638092],[-15.822916985,28.014028549],[-15.813471794,28.018192291],[-15.797917366,28.017915726],[-15.786528587,28.021806717],[-15.768751144,28.036806107],[-15.767360687,28.045974731],[-15.758472443,28.046527863],[-15.746526718,28.052360535],[-15.745139122,28.051805496],[-15.742917061,28.054027557],[-15.740139008,28.053472519],[-15.738195419,28.055139542],[-15.735138893,28.064582825],[-15.72958374,28.065416336],[-15.721805573,28.070417404],[-15.718474388,28.076250076],[-15.715139389,28.077917099],[-15.710972786,28.083471298],[-15.707360268,28.094305038],[-15.708473206,28.099304199],[-15.711251259,28.099582672],[-15.711251259,28.097082138],[-15.714027405,28.099304199],[-15.714027405,28.103471756],[-15.711805344,28.107082367],[-15.707360268,28.108194351],[-15.706251144,28.114307404],[-15.707360268,28.116807938],[-15.704859734,28.117916107],[-15.70902729,28.119028091],[-15.709306717,28.120695114],[-15.705694199,28.125692368],[-15.704582214,28.130695343],[-15.700694084,28.132360458],[-15.699305534,28.1348629],[-15.702083588,28.14125061],[-15.704859734,28.14263916],[-15.696528435,28.150693893],[-15.696805954,28.152082443],[-15.706528664,28.156806946],[-15.709583282,28.161249161],[-15.710139275,28.165138245],[-15.705971718,28.166250229],[-15.69819355,28.164028168],[-15.690694809,28.167085648],[-15.69041729,28.170417786],[-15.683472633,28.17124939],[-15.679860115,28.167915344],[-15.680973053,28.164028168],[-15.67680645,28.162082672],[-15.677362442,28.160139084],[-15.674028397,28.162639618],[-15.669305801,28.159584045],[-15.656250954,28.164304733],[-15.654028893,28.167360306],[-15.651249886,28.165693283],[-15.643194199,28.167085648],[-15.637360573,28.172639847],[-15.626804352,28.165693283],[-15.621527672,28.15486145],[-15.617918015,28.15486145],[-15.612640381,28.147361755],[-15.60736084,28.149305344],[-15.604861259,28.147083282],[-15.602360725,28.148195267],[-15.599028587,28.144582748],[-15.587639809,28.147638321],[-15.58013916,28.144582748],[-15.576805115,28.145971298],[-15.568750381,28.145139694],[-15.565416336,28.147361755],[-15.563194275,28.145971298],[-15.560695648,28.147916794],[-15.55708313,28.146249771],[-15.545972824,28.14680481],[-15.543193817,28.147638321],[-15.538193703,28.152639389],[-15.53374958,28.152360916],[-15.52986145,28.155971527],[-15.526248932,28.155971527],[-15.525138855,28.154304504],[-15.52180481,28.154027939],[-15.515416145,28.147083282],[-15.513471603,28.148471832],[-15.507916451,28.148195267],[-15.498194695,28.14263916],[-15.495972633,28.147361755],[-15.495416641,28.143194199],[-15.489027977,28.14125061],[-15.485416412,28.135416031],[-15.481528282,28.137361526],[-15.477083206,28.137081146],[-15.476248741,28.134305954],[-15.474305153,28.134027481],[-15.474861145,28.132640839],[-15.472916603,28.132917404],[-15.469861031,28.127639771],[-15.46736145,28.126249313],[-15.464582443,28.127082825],[-15.463749886,28.129583359],[-15.458193779,28.128196716],[-15.45791626,28.129861832],[-15.45652771,28.13013649],[-15.456806183,28.128749847],[-15.455694199,28.129861832],[-15.453749657,28.128471375],[-15.450139046,28.132640839],[-15.447083473,28.13013649],[-15.437638283,28.137361526],[-15.43735981,28.140138626],[-15.431249619,28.145139694],[-15.430693626,28.147361755],[-15.43347168,28.147361755],[-15.432638168,28.151250839],[-15.434583664,28.153749466],[-15.432638168,28.154582977],[-15.43347168,28.157361984],[-15.44291687,28.162082672],[-15.441806793,28.165138245],[-15.444026947,28.166528702],[-15.440694809,28.167360306],[-15.439584732,28.16986084],[-15.432915688,28.17152977],[-15.429027557,28.176805496],[-15.4254179,28.176527023],[-15.423195839,28.180973053],[-15.419304848,28.18208313]]],[[[-13.508193016,29.291250229],[-13.497637749,29.284862518],[-13.495415688,29.28263855],[-13.495415688,29.279306412],[-13.490694046,29.280694962],[-13.481248856,29.279582977],[-13.471805573,29.269306183],[-13.470693588,29.265693665],[-13.476804733,29.259584427],[-13.482916832,29.259584427],[-13.486804962,29.255695343],[-13.488471031,29.244028091],[-13.490971565,29.24319458],[-13.496250153,29.23374939],[-13.500138283,29.23208046],[-13.500972748,29.226249695],[-13.503194809,29.22652626],[-13.504027367,29.224306107],[-13.514026642,29.226249695],[-13.522640228,29.217638016],[-13.52986145,29.22013855],[-13.532361031,29.21708107],[-13.535972595,29.2159729],[-13.538471222,29.22013855],[-13.541249275,29.220691681],[-13.544305801,29.217916489],[-13.548193932,29.221805573],[-13.548749924,29.228748322],[-13.544861794,29.23374939],[-13.533748627,29.237916946],[-13.530694962,29.241247177],[-13.527359962,29.241527557],[-13.5284729,29.247360229],[-13.527082443,29.249860764],[-13.529582977,29.252082825],[-13.525416374,29.253194809],[-13.521528244,29.257360458],[-13.524862289,29.267637253],[-13.519583702,29.274026871],[-13.515418053,29.274585724],[-13.514862061,29.278749466],[-13.517640114,29.280971527],[-13.515972137,29.286249161],[-13.513749123,29.286527634],[-13.514583588,29.287916183],[-13.511527061,29.291250229],[-13.508193016,29.291250229]]],[[[-13.338193893,29.274860382],[-13.339859962,29.274585724],[-13.339026451,29.276527405],[-13.334584236,29.277917862],[-13.338193893,29.274860382]]]]}},{"type":"Feature","properties":{"name":"León","mapcolor":33,"cartodb_id":33},"geometry":{"type":"MultiPolygon","coordinates":[[[[-4.984205,42.337874],[-4.942497,42.346549],[-4.953448,42.297156],[-4.973503,42.288689],[-5.03835,42.297127],[-5.041604,42.267558],[-5.053271,42.257929],[-5.068192,42.261191],[-5.06219,42.277888],[-5.07515,42.278888],[-5.093754,42.309295],[-5.112002,42.311842],[-5.144316,42.28155],[-5.18272,42.26421],[-5.197905,42.260543],[-5.220314,42.277924],[-5.228452,42.262465],[-5.230299,42.27565],[-5.236499,42.273349],[-5.254001,42.239775],[-5.225994,42.226724],[-5.241483,42.214517],[-5.265644,42.210899],[-5.286925,42.229928],[-5.301874,42.222154],[-5.307462,42.199266],[-5.361234,42.225152],[-5.388102,42.221443],[-5.388511,42.205287],[-5.380226,42.197886],[-5.388875,42.172544],[-5.379594,42.163335],[-5.371524,42.130064],[-5.38048,42.109814],[-5.376394,42.099515],[-5.390117,42.08981],[-5.371192,42.051433],[-5.376294,42.041466],[-5.420277,42.029226],[-5.480923,42.052425],[-5.477093,42.056461],[-5.498463,42.083672],[-5.527004,42.1043],[-5.543363,42.099381],[-5.549454,42.07033],[-5.560698,42.055968],[-5.577722,42.065448],[-5.586607,42.050911],[-5.588502,42.077326],[-5.635043,42.081994],[-5.620137,42.106659],[-5.643393,42.131044],[-5.667556,42.142065],[-5.687177,42.137924],[-5.676768,42.120336],[-5.742948,42.113342],[-5.755193,42.136625],[-5.776707,42.135809],[-5.805334,42.124585],[-5.806493,42.130554],[-5.844851,42.110716],[-5.869266,42.122174],[-5.884824,42.138453],[-5.880997,42.145321],[-5.897426,42.156101],[-5.911601,42.140585],[-5.948121,42.141921],[-5.953468,42.123683],[-5.99567,42.146191],[-6.049305,42.159861],[-6.124709,42.158866],[-6.137271,42.164718],[-6.143407,42.158823],[-6.160213,42.165772],[-6.212395,42.148077],[-6.225819,42.161955],[-6.254124,42.167044],[-6.251963,42.173058],[-6.293732,42.178033],[-6.312585,42.206585],[-6.40984,42.195682],[-6.427895,42.201942],[-6.442214,42.193534],[-6.459861,42.197145],[-6.478248,42.182225],[-6.497561,42.182025],[-6.526001,42.203359],[-6.613266,42.203215],[-6.638648,42.217296],[-6.719699,42.213351],[-6.733289,42.22402],[-6.734845,42.235603],[-6.759091,42.238664],[-6.784372,42.253727],[-6.766997,42.257458],[-6.765035,42.27274],[-6.741146,42.298663],[-6.733953,42.359111],[-6.766542,42.365049],[-6.778646,42.380993],[-6.820804,42.385644],[-6.843513,42.405846],[-6.831285,42.408354],[-6.820961,42.421413],[-6.824807,42.425895],[-6.814273,42.427354],[-6.821781,42.433298],[-6.822768,42.452913],[-6.808315,42.468612],[-6.823246,42.491282],[-6.837039,42.495488],[-6.84918,42.486724],[-6.860562,42.489088],[-6.932196,42.520544],[-6.960089,42.517763],[-6.978542,42.493253],[-7.000956,42.505699],[-7.028685,42.497865],[-7.045751,42.507779],[-7.059877,42.506604],[-7.073818,42.506711],[-7.077069,42.508],[-7.059433,42.530583],[-7.070822,42.537717],[-7.063917,42.548564],[-7.069519,42.554015],[-7.057143,42.557614],[-7.056212,42.566527],[-7.033562,42.58409],[-7.050169,42.597937],[-7.047005,42.6327],[-7.017826,42.645218],[-7.004357,42.642872],[-7.02148,42.651942],[-7.012635,42.657799],[-7.015513,42.664595],[-7.045192,42.694765],[-7.010888,42.723661],[-6.990194,42.726609],[-6.98374,42.718694],[-6.972884,42.725005],[-6.972818,42.737919],[-6.959483,42.75503],[-6.946894,42.741509],[-6.935603,42.740863],[-6.86743,42.787174],[-6.867325,42.803519],[-6.840321,42.823365],[-6.871279,42.873841],[-6.833742,42.882057],[-6.840324,42.878179],[-6.834567,42.873297],[-6.815722,42.869768],[-6.841977,42.906357],[-6.824189,42.915061],[-6.770671,42.898624],[-6.771515,42.882551],[-6.756669,42.883058],[-6.723192,42.917378],[-6.689905,42.922464],[-6.612926,42.924554],[-6.606503,42.916104],[-6.546567,42.912153],[-6.510576,42.928733],[-6.48977,42.920249],[-6.478587,42.933565],[-6.433102,42.939757],[-6.441611,42.947308],[-6.433638,42.96416],[-6.473011,42.967752],[-6.478136,42.991205],[-6.446439,42.98217],[-6.437099,42.993031],[-6.424127,42.987624],[-6.407367,42.999423],[-6.411107,43.016932],[-6.394352,43.016612],[-6.397047,43.038322],[-6.373546,43.041107],[-6.359088,43.059577],[-6.333156,43.046488],[-6.326493,43.03133],[-6.295166,43.026907],[-6.285191,43.036369],[-6.263701,43.016077],[-6.226808,43.008913],[-6.229842,43.023031],[-6.21556,43.0472],[-6.178401,43.047798],[-6.136667,43.020993],[-6.096901,43.03064],[-6.089816,43.038152],[-6.091851,43.06692],[-6.081288,43.075895],[-6.020928,43.053785],[-5.996326,43.057918],[-5.988945,43.067222],[-5.97384,43.065307],[-5.962159,43.052944],[-5.969657,43.040835],[-5.956529,43.017633],[-5.933448,43.010722],[-5.907918,42.990604],[-5.887186,42.994087],[-5.888485,42.979193],[-5.861732,42.981685],[-5.842979,42.964258],[-5.768259,42.968544],[-5.760285,42.97267],[-5.766223,42.986251],[-5.728263,43.042491],[-5.693101,43.056341],[-5.636704,43.035005],[-5.574772,43.0321],[-5.569781,43.022076],[-5.540187,43.018353],[-5.506292,43.028574],[-5.493802,43.021242],[-5.478523,43.054909],[-5.390451,43.049337],[-5.383104,43.087237],[-5.369136,43.094577],[-5.343686,43.09385],[-5.341447,43.083784],[-5.326939,43.079569],[-5.311499,43.084159],[-5.282121,43.077428],[-5.268504,43.087559],[-5.216597,43.084488],[-5.147803,43.115119],[-5.140679,43.102916],[-5.101736,43.101847],[-5.093901,43.142985],[-5.075361,43.166896],[-5.076627,43.178951],[-5.059471,43.174333],[-5.040895,43.184682],[-5.02146,43.183514],[-4.99762,43.17026],[-4.996414,43.185325],[-4.963064,43.212669],[-4.894788,43.238166],[-4.87101,43.228017],[-4.860824,43.205317],[-4.839552,43.189662],[-4.851778,43.17307],[-4.834567,43.157463],[-4.851426,43.125945],[-4.836275,43.115745],[-4.833496,43.102154],[-4.773748,43.079179],[-4.766839,43.074691],[-4.766054,43.055284],[-4.743349,43.055407],[-4.733881,43.043105],[-4.743324,43.026843],[-4.738585,43.018558],[-4.756987,43.015504],[-4.766932,43.001565],[-4.794815,42.986651],[-4.79567,42.973869],[-4.80725,42.967707],[-4.802648,42.949509],[-4.809234,42.930341],[-4.837858,42.906733],[-4.838389,42.895315],[-4.855501,42.891707],[-4.865585,42.860548],[-4.880486,42.865941],[-4.900319,42.859994],[-4.888557,42.841134],[-4.90286,42.809974],[-4.895878,42.785172],[-4.909089,42.779432],[-4.920622,42.757465],[-4.93556,42.756457],[-4.93636,42.744467],[-4.918463,42.734232],[-4.915892,42.72056],[-4.890558,42.723259],[-4.871669,42.70799],[-4.890575,42.69283],[-4.900295,42.67012],[-4.894656,42.623864],[-4.904804,42.603136],[-4.902514,42.57796],[-4.915952,42.554754],[-4.910454,42.541437],[-4.887987,42.537028],[-4.899999,42.450682],[-4.923985,42.436143],[-4.909924,42.433911],[-4.904985,42.424555],[-4.914827,42.414449],[-4.914315,42.401192],[-4.90324,42.386527],[-4.968769,42.377296],[-4.984205,42.337874]],[[-5.306439,42.271585],[-5.345342,42.267769],[-5.341317,42.232747],[-5.303324,42.251997],[-5.306439,42.271585]]]]}},{"type":"Feature","properties":{"name":"Lleida","mapcolor":32,"cartodb_id":32},"geometry":{"type":"MultiPolygon","coordinates":[[[[1.706254,41.889414],[1.711636,41.889329],[1.708943,41.89713],[1.724909,41.893029],[1.71875,41.882398],[1.706254,41.889414]]],[[[1.046409,41.440651],[1.027716,41.409259],[1.002538,41.404245],[0.99197,41.388981],[0.981957,41.391747],[0.962064,41.367471],[0.964352,41.355262],[0.945232,41.349754],[0.863269,41.338111],[0.840065,41.36181],[0.82913,41.35725],[0.815259,41.326946],[0.762477,41.334247],[0.751522,41.317837],[0.669737,41.309856],[0.628188,41.29086],[0.597061,41.293449],[0.580855,41.319885],[0.554427,41.326666],[0.525808,41.290455],[0.503274,41.28973],[0.479888,41.323445],[0.461622,41.335074],[0.434443,41.320209],[0.43315,41.276041],[0.425675,41.274174],[0.385558,41.278613],[0.376659,41.287633],[0.365648,41.303972],[0.368746,41.318017],[0.348455,41.32809],[0.373968,41.351539],[0.358289,41.371994],[0.320036,41.394183],[0.341841,41.413816],[0.355181,41.45109],[0.342979,41.462877],[0.339677,41.483332],[0.397385,41.490573],[0.446923,41.542236],[0.430329,41.565237],[0.43585,41.585685],[0.428494,41.602376],[0.402023,41.592718],[0.349613,41.599464],[0.345816,41.621863],[0.357982,41.63172],[0.326241,41.662199],[0.328211,41.681072],[0.368658,41.714193],[0.369218,41.724667],[0.384742,41.740312],[0.395436,41.731981],[0.398676,41.757811],[0.468601,41.764976],[0.483232,41.801463],[0.515461,41.822354],[0.543573,41.820405],[0.555211,41.853011],[0.580053,41.85091],[0.579897,41.863623],[0.607478,41.871823],[0.608315,41.878503],[0.592097,41.884422],[0.600985,41.908543],[0.594896,41.917955],[0.607487,41.919315],[0.56188,41.938219],[0.586266,41.967133],[0.605486,41.960006],[0.616827,41.98716],[0.638729,41.994613],[0.642086,41.982184],[0.646769,41.996331],[0.658219,42.002582],[0.663845,42.015124],[0.651825,42.026202],[0.656857,42.040119],[0.672047,42.047244],[0.669897,42.061835],[0.699613,42.105141],[0.695498,42.151412],[0.713849,42.16282],[0.698082,42.171804],[0.701987,42.189075],[0.714586,42.224327],[0.736217,42.252387],[0.74483,42.301178],[0.764623,42.322481],[0.743678,42.326319],[0.74036,42.336873],[0.771307,42.350643],[0.722224,42.36742],[0.746097,42.384776],[0.725944,42.405233],[0.735525,42.414753],[0.710142,42.436385],[0.708981,42.459223],[0.6899,42.483722],[0.69895,42.494952],[0.713373,42.487208],[0.742156,42.505603],[0.7199,42.512831],[0.721593,42.524885],[0.734741,42.540346],[0.752768,42.533949],[0.74081,42.545399],[0.75794,42.569941],[0.767551,42.611225],[0.737846,42.61236],[0.698645,42.628833],[0.703141,42.641758],[0.695593,42.658624],[0.659879,42.688427],[0.676163,42.690869],[0.682549,42.708887],[0.673149,42.717986],[0.680164,42.723252],[0.660898,42.751873],[0.647315,42.751446],[0.63928,42.754865],[0.667223,42.775112],[0.644822,42.782984],[0.66985,42.802287],[0.664916,42.8137],[0.670109,42.824283],[0.659083,42.837838],[0.678291,42.847747],[0.677955,42.855267],[0.709237,42.86145],[0.777465,42.836148],[0.81085,42.838724],[0.858291,42.825726],[0.926413,42.789312],[0.960161,42.805903],[0.983896,42.786703],[1.005628,42.790824],[1.04787,42.780983],[1.078887,42.788336],[1.128209,42.755587],[1.133197,42.72827],[1.170095,42.708115],[1.229105,42.727756],[1.252718,42.714465],[1.332372,42.72473],[1.357325,42.719722],[1.351079,42.702718],[1.389244,42.687025],[1.38744,42.668691],[1.413659,42.655599],[1.42043,42.625012],[1.443022,42.602761],[1.426482,42.582802],[1.444947,42.568013],[1.424234,42.557084],[1.413606,42.536624],[1.450545,42.539892],[1.468366,42.510016],[1.419193,42.484195],[1.441192,42.475357],[1.444393,42.441424],[1.511627,42.429095],[1.551675,42.432514],[1.561074,42.458646],[1.579195,42.449719],[1.59737,42.466323],[1.657021,42.468216],[1.669978,42.504189],[1.679475,42.494681],[1.70361,42.489802],[1.725622,42.504373],[1.731921,42.440383],[1.801545,42.424921],[1.811012,42.411135],[1.800048,42.377994],[1.806038,42.37009],[1.829989,42.381406],[1.855058,42.369648],[1.845303,42.355081],[1.834709,42.355146],[1.839392,42.339091],[1.833591,42.327285],[1.842486,42.306309],[1.833421,42.300535],[1.804693,42.301959],[1.794281,42.294],[1.740727,42.290596],[1.734327,42.284],[1.670307,42.281697],[1.69014,42.277105],[1.695058,42.263839],[1.68461,42.256439],[1.70457,42.238819],[1.680397,42.224362],[1.680354,42.20624],[1.707175,42.189923],[1.72157,42.196096],[1.738045,42.189421],[1.738336,42.163422],[1.723972,42.152621],[1.713795,42.154716],[1.69849,42.134596],[1.712296,42.119027],[1.70445,42.105981],[1.722873,42.10008],[1.722147,42.091284],[1.707628,42.082435],[1.691181,42.08679],[1.691133,42.075403],[1.674626,42.058649],[1.672126,42.04077],[1.679466,42.038219],[1.682822,42.048428],[1.692696,42.045551],[1.6997,42.028875],[1.669975,42.015662],[1.666338,42.003008],[1.664404,42.021622],[1.658354,42.021889],[1.647082,41.999831],[1.652032,41.991976],[1.657698,42.002914],[1.66219,41.991124],[1.684766,41.995132],[1.69743,41.985676],[1.69009,42.005107],[1.698667,42.013805],[1.717431,41.999954],[1.712448,41.992533],[1.719306,41.985005],[1.682405,41.967652],[1.667778,41.970307],[1.674341,41.982744],[1.648835,41.979664],[1.644101,41.963922],[1.650187,41.944852],[1.642412,41.940528],[1.651206,41.926677],[1.63753,41.926778],[1.585955,41.888277],[1.576026,41.891019],[1.568535,41.879799],[1.583142,41.87347],[1.601335,41.884288],[1.619045,41.881571],[1.630307,41.85878],[1.631457,41.844715],[1.610008,41.836126],[1.611457,41.817772],[1.58881,41.804725],[1.599827,41.789032],[1.593595,41.777928],[1.572577,41.782151],[1.530718,41.752592],[1.532671,41.763758],[1.510865,41.770802],[1.501138,41.789552],[1.482803,41.791069],[1.484199,41.771836],[1.468897,41.77076],[1.460869,41.776485],[1.473054,41.782561],[1.47133,41.800584],[1.427206,41.801971],[1.416583,41.794947],[1.402884,41.74556],[1.424467,41.732671],[1.381901,41.706848],[1.400211,41.704323],[1.395814,41.695651],[1.403928,41.694477],[1.404224,41.686162],[1.42331,41.684084],[1.4155,41.674695],[1.450802,41.639875],[1.430568,41.629816],[1.3915,41.634326],[1.360397,41.613612],[1.407334,41.600335],[1.407774,41.590739],[1.392269,41.5788],[1.403191,41.557879],[1.304242,41.57146],[1.219686,41.569715],[1.210751,41.548728],[1.163887,41.534463],[1.173936,41.531306],[1.163621,41.513195],[1.178244,41.487359],[1.108068,41.467172],[1.104585,41.475347],[1.039453,41.501375],[1.048506,41.487542],[1.037457,41.47999],[1.075498,41.459966],[1.046409,41.440651]],[[1.644495,42.111473],[1.678828,42.103274],[1.695511,42.108157],[1.681687,42.11428],[1.644495,42.111473]],[[1.689197,42.101918],[1.68916,42.102047],[1.688943,42.101937],[1.689102,42.101905],[1.689197,42.101918]]]]}},{"type":"Feature","properties":{"name":"Lugo","mapcolor":31,"cartodb_id":31},"geometry":{"type":"MultiPolygon","coordinates":[[[[-7.048476,43.555288],[-7.049664,43.5562],[-7.050048,43.557501],[-7.048293,43.556798],[-7.048476,43.555288]]],[[[-7.041201,43.555717],[-7.042386,43.556215],[-7.042896,43.557179],[-7.041052,43.556812],[-7.041201,43.555717]]],[[[-7.054973,43.55765],[-7.0552,43.557903],[-7.055182,43.558003],[-7.054812,43.557836],[-7.054973,43.55765]]],[[[-7.063417,43.558953],[-7.063776,43.559138],[-7.063623,43.55963],[-7.063354,43.559486],[-7.063417,43.558953]]],[[[-7.060573,43.559369],[-7.060909,43.559393],[-7.061031,43.559551],[-7.060528,43.559632],[-7.060573,43.559369]]],[[[-7.31838,43.625632],[-7.318396,43.625863],[-7.318117,43.625854],[-7.318077,43.625772],[-7.31838,43.625632]]],[[[-7.345742,43.663421],[-7.346052,43.663478],[-7.346002,43.663628],[-7.34563,43.663662],[-7.345742,43.663421]]],[[[-7.380061,43.677256],[-7.380394,43.677396],[-7.380474,43.677636],[-7.380062,43.677436],[-7.380061,43.677256]]],[[[-7.609534,43.675984],[-7.60977,43.676313],[-7.609032,43.676627],[-7.609012,43.676185],[-7.609534,43.675984]]],[[[-7.604735,43.697324],[-7.605237,43.697718],[-7.604334,43.698249],[-7.604244,43.697713],[-7.604735,43.697324]]],[[[-7.441468,43.700152],[-7.444031,43.700241],[-7.444424,43.701189],[-7.442441,43.701734],[-7.441468,43.700152]]],[[[-7.583707,43.698189],[-7.584341,43.698199],[-7.584897,43.698816],[-7.58348,43.698783],[-7.583707,43.698189]]],[[[-7.632644,43.756529],[-7.634502,43.758875],[-7.629129,43.761191],[-7.627986,43.758609],[-7.632644,43.756529]]],[[[-7.604184,43.711984],[-7.603716,43.713327],[-7.603043,43.713606],[-7.603455,43.712356],[-7.604184,43.711984]]],[[[-7.438772,43.714715],[-7.441028,43.714672],[-7.441657,43.714954],[-7.436981,43.714992],[-7.438772,43.714715]]],[[[-7.441357,43.716433],[-7.44236,43.71724],[-7.437831,43.718596],[-7.439743,43.717099],[-7.441357,43.716433]]],[[[-7.436772,43.718709],[-7.437046,43.718726],[-7.436482,43.719495],[-7.436287,43.719205],[-7.436772,43.718709]]],[[[-7.513124,43.724689],[-7.513326,43.725059],[-7.512692,43.725219],[-7.513085,43.724997],[-7.513124,43.724689]]],[[[-7.491051,43.728153],[-7.491376,43.728176],[-7.491986,43.728864],[-7.490393,43.72898],[-7.491051,43.728153]]],[[[-7.517189,43.7302],[-7.517577,43.731076],[-7.516776,43.731477],[-7.516516,43.730335],[-7.517189,43.7302]]],[[[-7.490427,43.7296],[-7.493419,43.73059],[-7.494178,43.731442],[-7.490205,43.732769],[-7.490427,43.7296]]],[[[-7.546918,43.733259],[-7.547237,43.733372],[-7.547138,43.733862],[-7.546779,43.733715],[-7.546918,43.733259]]],[[[-7.547717,43.734631],[-7.547969,43.734675],[-7.548008,43.734863],[-7.547592,43.734781],[-7.547717,43.734631]]],[[[-7.163259,43.555525],[-7.163429,43.555653],[-7.163137,43.555736],[-7.163103,43.555593],[-7.163259,43.555525]]],[[[-7.119388,43.556073],[-7.119517,43.556149],[-7.119546,43.55622],[-7.119374,43.556235],[-7.119388,43.556073]]],[[[-7.145312,43.556286],[-7.145488,43.556334],[-7.145542,43.556395],[-7.145163,43.556463],[-7.145312,43.556286]]],[[[-7.139153,43.557095],[-7.139031,43.558018],[-7.138581,43.558142],[-7.138552,43.55754],[-7.139153,43.557095]]],[[[-7.118207,43.561445],[-7.118401,43.561564],[-7.117725,43.562192],[-7.117798,43.561631],[-7.118207,43.561445]]],[[[-7.062776,42.553255],[-7.069519,42.554015],[-7.063917,42.548564],[-7.070869,42.537913],[-7.05947,42.530421],[-7.077069,42.508],[-7.076188,42.49675],[-7.100275,42.46786],[-7.099742,42.458785],[-7.149269,42.436156],[-7.146876,42.421827],[-7.166201,42.40445],[-7.171853,42.379231],[-7.190516,42.364044],[-7.202672,42.3257],[-7.230933,42.359144],[-7.229654,42.376614],[-7.220066,42.387188],[-7.247808,42.389907],[-7.269427,42.414925],[-7.290826,42.414584],[-7.30449,42.428873],[-7.344236,42.429631],[-7.369901,42.42136],[-7.399246,42.43556],[-7.446931,42.407092],[-7.465828,42.407157],[-7.507581,42.386783],[-7.541965,42.384441],[-7.576121,42.404868],[-7.616651,42.384224],[-7.631413,42.407055],[-7.662145,42.42303],[-7.697873,42.429545],[-7.713175,42.452378],[-7.739174,42.456634],[-7.752731,42.451029],[-7.788899,42.465996],[-7.788352,42.473483],[-7.74831,42.479987],[-7.765027,42.493958],[-7.802712,42.480272],[-7.818792,42.49166],[-7.842085,42.490514],[-7.861497,42.504113],[-7.877892,42.502622],[-7.875414,42.510948],[-7.913179,42.508386],[-7.901601,42.521361],[-7.924006,42.525044],[-7.888733,42.538127],[-7.890042,42.550198],[-7.911557,42.556073],[-7.930749,42.5786],[-7.912738,42.591674],[-7.892552,42.629632],[-7.889713,42.683709],[-7.861428,42.706199],[-7.866392,42.720636],[-7.93537,42.739743],[-7.978411,42.778704],[-7.980484,42.811339],[-7.956408,42.839746],[-7.968876,42.849675],[-7.983101,42.84233],[-7.999732,42.848895],[-7.977889,42.877425],[-7.956175,42.884465],[-7.93551,42.903456],[-7.943322,42.917351],[-7.916304,42.932301],[-7.908171,42.95126],[-7.905313,42.985396],[-7.942985,43.067624],[-7.916828,43.088271],[-7.937071,43.111799],[-7.950246,43.17726],[-7.961389,43.189835],[-7.921855,43.26946],[-7.947113,43.286022],[-7.886953,43.337176],[-7.88514,43.375368],[-7.898186,43.391134],[-7.881939,43.407532],[-7.821658,43.401678],[-7.805373,43.426609],[-7.807274,43.437342],[-7.78008,43.448909],[-7.768275,43.487594],[-7.757124,43.49816],[-7.758777,43.508472],[-7.744426,43.511896],[-7.749668,43.519421],[-7.744496,43.530439],[-7.75522,43.531802],[-7.747971,43.541899],[-7.760311,43.548029],[-7.743809,43.570188],[-7.74625,43.580755],[-7.717799,43.584015],[-7.720512,43.59873],[-7.730421,43.602497],[-7.722326,43.608117],[-7.735484,43.622138],[-7.719548,43.631792],[-7.716793,43.645986],[-7.70184,43.64374],[-7.691004,43.654053],[-7.719266,43.686647],[-7.702594,43.686355],[-7.698595,43.695657],[-7.707626,43.709869],[-7.693454,43.71608],[-7.697775,43.738129],[-7.683098,43.730018],[-7.673766,43.735325],[-7.672481,43.746712],[-7.654366,43.743555],[-7.647289,43.751738],[-7.633409,43.750836],[-7.62959,43.722128],[-7.606092,43.717768],[-7.614642,43.702883],[-7.6052,43.69708],[-7.614371,43.68127],[-7.608869,43.67213],[-7.596679,43.67426],[-7.599745,43.665167],[-7.596669,43.66265],[-7.59432,43.679423],[-7.600666,43.681787],[-7.576276,43.692995],[-7.584852,43.711386],[-7.558297,43.711288],[-7.549292,43.724774],[-7.55688,43.730053],[-7.533196,43.728944],[-7.523992,43.736781],[-7.514528,43.718926],[-7.510388,43.726436],[-7.468237,43.724206],[-7.459113,43.716524],[-7.472926,43.719161],[-7.478408,43.70879],[-7.469115,43.702988],[-7.459863,43.712749],[-7.462495,43.703076],[-7.442968,43.697456],[-7.448941,43.692649],[-7.436426,43.701104],[-7.434807,43.692291],[-7.416123,43.692313],[-7.405519,43.681875],[-7.356953,43.671109],[-7.346117,43.656749],[-7.355845,43.660438],[-7.354541,43.65442],[-7.335323,43.638434],[-7.337545,43.631264],[-7.309859,43.617288],[-7.294399,43.592338],[-7.245526,43.575171],[-7.257821,43.560417],[-7.271097,43.562576],[-7.251681,43.556198],[-7.261475,43.551184],[-7.255753,43.54689],[-7.241867,43.551315],[-7.248371,43.566162],[-7.236101,43.569148],[-7.176785,43.563691],[-7.175958,43.556924],[-7.161375,43.553874],[-7.119024,43.554375],[-7.115953,43.561625],[-7.072114,43.552998],[-7.05736,43.558907],[-7.046671,43.551625],[-7.034506,43.550003],[-7.031971,43.534802],[-7.046469,43.510451],[-7.047325,43.477444],[-7.090225,43.455272],[-7.086247,43.443581],[-7.10036,43.440904],[-7.102686,43.427006],[-7.172839,43.430228],[-7.176412,43.414198],[-7.168762,43.404776],[-7.182489,43.392459],[-7.159557,43.374723],[-7.138438,43.383396],[-7.127533,43.372599],[-7.131208,43.331348],[-7.11523,43.326172],[-7.100933,43.30381],[-7.059785,43.305335],[-7.071508,43.271218],[-7.061591,43.244048],[-7.020053,43.21324],[-7.009583,43.222882],[-7.001445,43.207276],[-6.971019,43.20425],[-6.964901,43.187545],[-6.980773,43.166546],[-6.957078,43.134896],[-6.941373,43.131717],[-6.937313,43.139657],[-6.885878,43.156827],[-6.887383,43.166172],[-6.867425,43.190093],[-6.869898,43.179976],[-6.861983,43.182038],[-6.838912,43.166143],[-6.822125,43.143332],[-6.827607,43.12315],[-6.871651,43.09102],[-6.894289,43.091729],[-6.915549,43.073259],[-6.938689,43.086512],[-6.968854,43.056879],[-6.962089,43.052254],[-6.965074,43.034773],[-6.972543,43.030383],[-6.982174,43.041413],[-6.996904,43.01957],[-6.962212,42.990512],[-6.956044,42.996031],[-6.964755,43.026662],[-6.956775,43.036557],[-6.946857,43.032558],[-6.940825,43.011524],[-6.910002,42.989896],[-6.88086,42.991303],[-6.864558,42.98378],[-6.835781,42.957705],[-6.841829,42.928446],[-6.835764,42.916343],[-6.824189,42.915061],[-6.841977,42.906357],[-6.82516,42.876881],[-6.814053,42.871692],[-6.830685,42.871168],[-6.840324,42.878179],[-6.833742,42.882057],[-6.871279,42.873841],[-6.840321,42.823365],[-6.867325,42.803519],[-6.86743,42.787174],[-6.935603,42.740863],[-6.946894,42.741509],[-6.959483,42.75503],[-6.972818,42.737919],[-6.972884,42.725005],[-6.98374,42.718694],[-6.990194,42.726609],[-7.010888,42.723661],[-7.045192,42.694765],[-7.015513,42.664595],[-7.012635,42.657799],[-7.02148,42.651942],[-7.004357,42.642872],[-7.017826,42.645218],[-7.047005,42.6327],[-7.050169,42.597937],[-7.033562,42.58409],[-7.062776,42.553255]],[[-7.435609,43.69442],[-7.435386,43.694591],[-7.436065,43.694537],[-7.435994,43.694423],[-7.435609,43.69442]],[[-7.179155,43.562155],[-7.178877,43.562255],[-7.178792,43.562465],[-7.179064,43.562455],[-7.179155,43.562155]]]]}},{"type":"Feature","properties":{"name":"Madrid","mapcolor":27,"cartodb_id":27},"geometry":{"type":"MultiPolygon","coordinates":[[[[-4.319506,40.647663],[-4.324122,40.658029],[-4.289967,40.680562],[-4.267443,40.674546],[-4.253876,40.661891],[-4.256039,40.651461],[-4.319506,40.647663]]],[[[-4.579076,40.217196],[-4.560907,40.222794],[-4.568788,40.258712],[-4.529379,40.293125],[-4.546225,40.341825],[-4.526787,40.344873],[-4.504883,40.315341],[-4.455761,40.319352],[-4.460596,40.341381],[-4.438642,40.352721],[-4.443729,40.3857],[-4.42173,40.406229],[-4.321089,40.410309],[-4.323497,40.423465],[-4.341252,40.428678],[-4.332225,40.448767],[-4.319704,40.45198],[-4.325241,40.460101],[-4.315679,40.464766],[-4.327372,40.507225],[-4.320127,40.530595],[-4.328218,40.533757],[-4.323704,40.549582],[-4.289262,40.564194],[-4.278572,40.603172],[-4.290061,40.607677],[-4.290709,40.627823],[-4.271102,40.629023],[-4.262141,40.60518],[-4.245439,40.602447],[-4.161183,40.623465],[-4.172853,40.630362],[-4.166574,40.652663],[-4.171567,40.680626],[-4.144371,40.695842],[-4.120763,40.735673],[-4.096991,40.747739],[-4.09625,40.765273],[-4.0767,40.788881],[-4.070092,40.793915],[-4.032392,40.781612],[-4.00364,40.788716],[-3.979676,40.784555],[-3.979959,40.799386],[-3.962122,40.823447],[-3.965506,40.837992],[-3.947105,40.862974],[-3.942355,40.88897],[-3.952276,40.893632],[-3.937059,40.91568],[-3.937949,40.92718],[-3.921761,40.929929],[-3.907197,40.955303],[-3.879039,40.975202],[-3.869957,40.971079],[-3.781366,41.000312],[-3.740455,41.05364],[-3.69768,41.081876],[-3.676065,41.086696],[-3.633485,41.126338],[-3.632776,41.136343],[-3.582721,41.16142],[-3.543905,41.165845],[-3.536705,41.160576],[-3.541098,41.149667],[-3.502301,41.127594],[-3.488751,41.094294],[-3.475154,41.095267],[-3.448389,41.080637],[-3.425805,41.082899],[-3.426005,41.065663],[-3.438935,41.04267],[-3.39445,41.000278],[-3.418296,40.987564],[-3.416233,40.975812],[-3.448855,40.922527],[-3.451287,40.912865],[-3.444062,40.906849],[-3.460577,40.906659],[-3.460599,40.89847],[-3.439592,40.89115],[-3.444834,40.887104],[-3.440487,40.87535],[-3.472668,40.864097],[-3.465813,40.856895],[-3.47633,40.851284],[-3.469748,40.843178],[-3.479192,40.837628],[-3.477387,40.823561],[-3.491938,40.798419],[-3.511572,40.788496],[-3.45901,40.781324],[-3.444343,40.76158],[-3.450416,40.734887],[-3.441882,40.737728],[-3.434945,40.727986],[-3.46855,40.689936],[-3.441704,40.674208],[-3.426734,40.672364],[-3.425587,40.682375],[-3.404734,40.669638],[-3.400701,40.690115],[-3.393354,40.692458],[-3.372924,40.677717],[-3.36232,40.653738],[-3.366318,40.648031],[-3.345598,40.637743],[-3.327171,40.640587],[-3.316497,40.655177],[-3.323675,40.629686],[-3.338516,40.625849],[-3.321644,40.612192],[-3.331416,40.603944],[-3.328275,40.594836],[-3.284069,40.568977],[-3.283102,40.550964],[-3.297127,40.537521],[-3.289323,40.531557],[-3.249915,40.544316],[-3.231186,40.531732],[-3.23141,40.539668],[-3.222857,40.525956],[-3.199955,40.514448],[-3.198597,40.442252],[-3.155515,40.439425],[-3.147365,40.419587],[-3.130558,40.405185],[-3.143344,40.387534],[-3.138288,40.375543],[-3.15343,40.367703],[-3.141212,40.350542],[-3.182857,40.308267],[-3.18421,40.269708],[-3.197205,40.257547],[-3.194449,40.248037],[-3.173397,40.23417],[-3.153718,40.263714],[-3.112674,40.285478],[-3.101528,40.278092],[-3.079704,40.227773],[-3.085759,40.186145],[-3.067845,40.157914],[-3.089276,40.16297],[-3.096755,40.142389],[-3.072374,40.131137],[-3.052983,40.099388],[-3.088802,40.070594],[-3.118189,40.061429],[-3.161601,40.064879],[-3.166082,40.090748],[-3.17795,40.092231],[-3.207454,40.06383],[-3.200956,40.060488],[-3.243622,40.05342],[-3.254339,40.057994],[-3.257705,40.050395],[-3.264781,40.057102],[-3.274866,40.047353],[-3.302494,40.053314],[-3.31179,40.068255],[-3.334418,40.081052],[-3.377707,40.074768],[-3.375782,40.051256],[-3.39153,40.04841],[-3.393005,40.036534],[-3.401072,40.034181],[-3.424419,40.046868],[-3.430351,40.038357],[-3.445967,40.037229],[-3.448329,40.049764],[-3.470068,40.040702],[-3.506863,40.048674],[-3.517274,40.040137],[-3.519711,40.021095],[-3.590015,40.013221],[-3.595343,40.001141],[-3.637992,39.988376],[-3.634499,39.965892],[-3.661597,39.96582],[-3.697589,39.946718],[-3.711106,39.954709],[-3.74387,39.940802],[-3.756583,39.921112],[-3.778797,39.910854],[-3.804398,39.884719],[-3.834548,39.899934],[-3.868326,39.904859],[-3.875427,39.910685],[-3.867448,39.917037],[-3.87519,39.928736],[-3.840044,39.941956],[-3.832042,39.93156],[-3.824384,39.947291],[-3.809548,39.953965],[-3.783347,39.944796],[-3.786328,39.954737],[-3.763602,39.967518],[-3.757973,39.958336],[-3.770682,39.950608],[-3.754494,39.9504],[-3.758876,39.968868],[-3.727936,39.964545],[-3.723709,39.970617],[-3.738041,39.968713],[-3.746615,39.980748],[-3.73408,39.975502],[-3.734882,39.985096],[-3.720088,39.984441],[-3.722394,40.000417],[-3.699891,40.019543],[-3.679487,40.016119],[-3.666166,40.035209],[-3.65066,40.031747],[-3.647259,40.041628],[-3.636088,40.041626],[-3.639657,40.05002],[-3.621906,40.054871],[-3.616566,40.068807],[-3.628954,40.078266],[-3.610364,40.08187],[-3.603739,40.092786],[-3.616325,40.094864],[-3.607628,40.108967],[-3.656331,40.12534],[-3.667312,40.143291],[-3.683723,40.13227],[-3.722216,40.147713],[-3.744375,40.132225],[-3.770452,40.139399],[-3.783242,40.161612],[-3.804602,40.176841],[-3.834186,40.161352],[-3.876322,40.191223],[-3.911711,40.190088],[-3.931143,40.203977],[-3.949996,40.189122],[-3.956297,40.199085],[-3.952866,40.212797],[-3.991001,40.209479],[-4.026159,40.235611],[-4.023985,40.248949],[-4.052085,40.251529],[-4.072894,40.265451],[-4.080455,40.26694],[-4.104272,40.241834],[-4.145769,40.245177],[-4.150725,40.249233],[-4.143991,40.264621],[-4.16451,40.270594],[-4.172485,40.2881],[-4.190871,40.297355],[-4.203809,40.287301],[-4.20323,40.268818],[-4.226318,40.269878],[-4.23148,40.276667],[-4.24925,40.272749],[-4.269771,40.235874],[-4.295189,40.218881],[-4.306597,40.222034],[-4.307989,40.233882],[-4.32152,40.226301],[-4.333844,40.238421],[-4.348488,40.236747],[-4.345375,40.253794],[-4.35842,40.276662],[-4.356386,40.308621],[-4.380109,40.318342],[-4.387173,40.30117],[-4.383482,40.28905],[-4.427173,40.257557],[-4.435245,40.259127],[-4.437426,40.236697],[-4.509789,40.21919],[-4.527911,40.200093],[-4.574906,40.206581],[-4.579076,40.217196]],[[-3.382135,40.630471],[-3.371729,40.625769],[-3.363606,40.638421],[-3.374049,40.640249],[-3.382135,40.630471]]]]}},{"type":"Feature","properties":{"name":"Málaga","mapcolor":26,"cartodb_id":26},"geometry":{"type":"MultiPolygon","coordinates":[[[[-4.589892,36.571323],[-4.611154,36.555425],[-4.636722,36.507875],[-4.675839,36.503506],[-4.694715,36.490055],[-4.743283,36.482752],[-4.856128,36.506763],[-4.912179,36.505565],[-5.005891,36.459531],[-5.081658,36.450388],[-5.108386,36.433776],[-5.140348,36.425991],[-5.156491,36.411874],[-5.17343,36.415965],[-5.220041,36.375407],[-5.250298,36.310281],[-5.27783,36.337123],[-5.320085,36.325071],[-5.315156,36.343337],[-5.335121,36.370519],[-5.334969,36.394875],[-5.347157,36.418647],[-5.395548,36.46958],[-5.412904,36.520339],[-5.428896,36.533592],[-5.456508,36.538465],[-5.465509,36.528709],[-5.473718,36.53715],[-5.491415,36.537217],[-5.52303,36.498448],[-5.559803,36.503716],[-5.572156,36.512649],[-5.607916,36.512028],[-5.611777,36.541602],[-5.595123,36.550914],[-5.541642,36.537664],[-5.537065,36.527154],[-5.523325,36.531123],[-5.502058,36.547613],[-5.489554,36.57046],[-5.460816,36.588784],[-5.455914,36.619583],[-5.438503,36.614172],[-5.380718,36.631781],[-5.333824,36.672392],[-5.324029,36.673341],[-5.330397,36.679318],[-5.318714,36.690479],[-5.327621,36.694893],[-5.324626,36.724009],[-5.290935,36.77517],[-5.319819,36.786732],[-5.340714,36.819418],[-5.332508,36.838605],[-5.306291,36.857592],[-5.301583,36.869643],[-5.269776,36.884215],[-5.266305,36.875332],[-5.225375,36.856575],[-5.222013,36.842722],[-5.172264,36.823507],[-5.134073,36.838565],[-5.105079,36.897936],[-5.086769,36.905091],[-5.110115,36.959332],[-5.095581,36.968295],[-5.142383,37.003862],[-5.12284,37.027691],[-5.112227,37.019111],[-5.083307,37.031465],[-5.053089,37.030604],[-5.033579,37.048929],[-5.024079,37.045983],[-5.026715,37.051679],[-4.980079,37.068835],[-4.952266,37.094362],[-4.921453,37.104331],[-4.908278,37.115279],[-4.902843,37.137595],[-4.942665,37.157588],[-4.939603,37.175699],[-4.92516,37.170663],[-4.905113,37.181865],[-4.897618,37.156029],[-4.880445,37.163269],[-4.8755,37.158193],[-4.856699,37.173567],[-4.853864,37.198585],[-4.825906,37.200705],[-4.819344,37.192055],[-4.827422,37.186946],[-4.799217,37.172309],[-4.80112,37.159959],[-4.794188,37.153494],[-4.760014,37.17726],[-4.708606,37.197696],[-4.711269,37.206869],[-4.727209,37.211108],[-4.732308,37.226148],[-4.717945,37.239894],[-4.735745,37.244835],[-4.719691,37.259696],[-4.714034,37.252839],[-4.691034,37.251854],[-4.658759,37.257735],[-4.644605,37.246703],[-4.614192,37.255421],[-4.61436,37.243215],[-4.596276,37.225055],[-4.602299,37.209237],[-4.576208,37.209162],[-4.561169,37.219311],[-4.539468,37.211303],[-4.499343,37.230349],[-4.498077,37.223334],[-4.491164,37.238582],[-4.477553,37.244728],[-4.485723,37.251981],[-4.477045,37.257362],[-4.464144,37.252078],[-4.468242,37.257544],[-4.456971,37.25844],[-4.444038,37.27795],[-4.43302,37.273911],[-4.419123,37.282199],[-4.407375,37.273787],[-4.380371,37.275718],[-4.376064,37.257219],[-4.382575,37.231545],[-4.371637,37.215205],[-4.322629,37.204523],[-4.332209,37.191157],[-4.287067,37.11952],[-4.27251,37.014902],[-4.251926,37.022981],[-4.231335,37.016941],[-4.215422,36.991767],[-4.166624,36.957017],[-4.099728,36.952721],[-4.089962,36.932149],[-4.061237,36.9199],[-4.045693,36.902864],[-3.929525,36.88288],[-3.918597,36.868082],[-3.890565,36.867547],[-3.86761,36.850679],[-3.827169,36.855529],[-3.768144,36.801955],[-3.766633,36.785377],[-3.782279,36.764452],[-3.778098,36.737651],[-3.792312,36.746356],[-3.844715,36.75355],[-3.884215,36.740715],[-3.920294,36.740811],[-3.957264,36.726087],[-4.004954,36.741127],[-4.072035,36.748633],[-4.107938,36.725674],[-4.177256,36.715178],[-4.327291,36.711395],[-4.395194,36.722216],[-4.412327,36.714324],[-4.414534,36.698689],[-4.413228,36.717768],[-4.418457,36.717174],[-4.418236,36.701075],[-4.427537,36.701306],[-4.42562,36.704818],[-4.425698,36.71002],[-4.433609,36.701577],[-4.4414,36.68107],[-4.481787,36.639383],[-4.504709,36.607357],[-4.507711,36.597489],[-4.511988,36.592816],[-4.508882,36.596596],[-4.514017,36.597696],[-4.538798,36.578591],[-4.589892,36.571323]]]]}},{"type":"Feature","properties":{"name":"Melilla","mapcolor":29,"cartodb_id":29},"geometry":{"type":"MultiPolygon","coordinates":[[[[-2.952638,35.3203],[-2.935639,35.294792],[-2.924853,35.293176],[-2.923167,35.288852],[-2.935791,35.292082],[-2.935018,35.277882],[-2.924164,35.28007],[-2.927581,35.273533],[-2.950542,35.265489],[-2.970296,35.288678],[-2.952638,35.3203]]]]}},{"type":"Feature","properties":{"name":"Murcia","mapcolor":5,"cartodb_id":5},"geometry":{"type":"MultiPolygon","coordinates":[[[[-1.54751,37.407404],[-1.54731,37.409601],[-1.543663,37.408889],[-1.545845,37.407618],[-1.54751,37.407404]]],[[[-0.653606,37.65195],[-0.653515,37.652308],[-0.653167,37.652211],[-0.653202,37.652167],[-0.653606,37.65195]]],[[[-0.649453,37.654958],[-0.649067,37.65605],[-0.648078,37.656526],[-0.648208,37.655969],[-0.649453,37.654958]]],[[[-0.698128,37.731416],[-0.698328,37.731897],[-0.697608,37.731721],[-0.697609,37.731685],[-0.698128,37.731416]]],[[[-0.74425,37.778473],[-0.744188,37.77867],[-0.743905,37.778638],[-0.743942,37.778522],[-0.74425,37.778473]]],[[[-0.744446,37.779513],[-0.744471,37.780181],[-0.744315,37.780448],[-0.74406,37.779876],[-0.744446,37.779513]]],[[[-1.494869,37.422157],[-1.49497,37.422186],[-1.495059,37.42225],[-1.494889,37.422311],[-1.494869,37.422157]]],[[[-1.529293,37.42205],[-1.529718,37.422308],[-1.529738,37.422407],[-1.529107,37.422345],[-1.529293,37.42205]]],[[[-1.46847,37.470434],[-1.468514,37.471047],[-1.467879,37.471652],[-1.467799,37.471155],[-1.46847,37.470434]]],[[[-1.468363,37.472866],[-1.468487,37.472895],[-1.468496,37.473003],[-1.468248,37.472964],[-1.468363,37.472866]]],[[[-0.688827,37.632018],[-0.688824,37.63209],[-0.688675,37.632151],[-0.688712,37.632052],[-0.688827,37.632018]]],[[[-0.688662,37.632204],[-0.688693,37.632295],[-0.688636,37.63233],[-0.688593,37.632248],[-0.688662,37.632204]]],[[[-0.687909,37.632748],[-0.68782,37.633044],[-0.687571,37.633057],[-0.687555,37.632814],[-0.687909,37.632748]]],[[[-0.686961,37.633361],[-0.687014,37.633461],[-0.686876,37.633539],[-0.686903,37.633386],[-0.686961,37.633361]]],[[[-0.6884,37.632244],[-0.68833,37.632324],[-0.688275,37.632269],[-0.6884,37.632244]]],[[[-0.688055,37.633157],[-0.688128,37.633338],[-0.687968,37.63338],[-0.687949,37.633272],[-0.688055,37.633157]]],[[[-0.689308,37.631839],[-0.689349,37.631993],[-0.689101,37.631952],[-0.689091,37.631897],[-0.689308,37.631839]]],[[[-0.708595,37.618139],[-0.708645,37.618347],[-0.708505,37.618498],[-0.708377,37.618216],[-0.708595,37.618139]]],[[[-0.708728,37.61898],[-0.709317,37.619334],[-0.70916,37.619646],[-0.708414,37.619226],[-0.708728,37.61898]]],[[[-0.705605,37.623632],[-0.705761,37.623734],[-0.705867,37.623961],[-0.705503,37.623999],[-0.705605,37.623632]]],[[[-0.70178,37.623855],[-0.701905,37.623857],[-0.702062,37.623914],[-0.701822,37.623982],[-0.70178,37.623855]]],[[[-0.701966,37.624057],[-0.702065,37.624158],[-0.701971,37.624264],[-0.70185,37.624145],[-0.701966,37.624057]]],[[[-0.702984,37.624113],[-0.7032,37.624477],[-0.702565,37.624492],[-0.702721,37.624207],[-0.702984,37.624113]]],[[[-0.702827,37.625551],[-0.702901,37.625715],[-0.702635,37.625899],[-0.702581,37.625817],[-0.702827,37.625551]]],[[[-0.694396,37.629271],[-0.69452,37.629661],[-0.69406,37.629877],[-0.694211,37.629375],[-0.694396,37.629271]]],[[[-0.6934,37.629576],[-0.693471,37.629856],[-0.693114,37.630048],[-0.693045,37.629722],[-0.6934,37.629576]]],[[[-0.689759,37.63119],[-0.68964,37.631367],[-0.68948,37.631391],[-0.689656,37.631224],[-0.689759,37.63119]]],[[[-0.689708,37.63209],[-0.689809,37.632128],[-0.689749,37.632244],[-0.689716,37.632207],[-0.689708,37.63209]]],[[[-0.690845,37.631247],[-0.690889,37.631284],[-0.69092,37.631366],[-0.690821,37.631291],[-0.690845,37.631247]]],[[[-0.689377,37.631434],[-0.689488,37.631518],[-0.689226,37.631558],[-0.689227,37.631513],[-0.689377,37.631434]]],[[[-0.690979,37.631664],[-0.691091,37.631693],[-0.691135,37.631739],[-0.690918,37.631816],[-0.690979,37.631664]]],[[[-0.68961,37.631971],[-0.68955,37.632069],[-0.689438,37.63203],[-0.689495,37.632004],[-0.68961,37.631971]]],[[[-0.96773,37.558552],[-0.969641,37.558648],[-0.97175,37.559342],[-0.967778,37.560112],[-0.96773,37.558552]]],[[[-1.2667,37.554734],[-1.269952,37.555061],[-1.26916,37.557032],[-1.266588,37.557589],[-1.2667,37.554734]]],[[[-1.327943,37.556284],[-1.32839,37.556543],[-1.327956,37.557186],[-1.327737,37.556858],[-1.327943,37.556284]]],[[[-1.094416,37.569804],[-1.094481,37.569941],[-1.094233,37.569892],[-1.094256,37.569856],[-1.094416,37.569804]]],[[[-1.041883,37.569692],[-1.042049,37.569839],[-1.041396,37.570144],[-1.041422,37.570009],[-1.041883,37.569692]]],[[[-1.041895,37.570107],[-1.042519,37.570919],[-1.040853,37.570973],[-1.040677,37.570339],[-1.041895,37.570107]]],[[[-1.208232,37.570705],[-1.208829,37.5713],[-1.207943,37.57235],[-1.207443,37.571026],[-1.208232,37.570705]]],[[[-1.022486,37.573172],[-1.022543,37.573173],[-1.022565,37.573209],[-1.022462,37.573234],[-1.022486,37.573172]]],[[[-1.022549,37.57293],[-1.022614,37.573048],[-1.022375,37.573107],[-1.022365,37.573035],[-1.022549,37.57293]]],[[[-1.022647,37.573093],[-1.022781,37.573159],[-1.022643,37.573247],[-1.022577,37.573164],[-1.022647,37.573093]]],[[[-1.021981,37.573452],[-1.022049,37.573453],[-1.02208,37.573535],[-1.021978,37.573569],[-1.021981,37.573452]]],[[[-1.014737,37.574204],[-1.014767,37.57434],[-1.014675,37.574401],[-1.014634,37.574239],[-1.014737,37.574204]]],[[[-0.972005,37.574982],[-0.972114,37.575128],[-0.971932,37.57517],[-0.9719,37.575098],[-0.972005,37.574982]]],[[[-1.011758,37.576371],[-1.011857,37.576481],[-1.011798,37.576561],[-1.011619,37.576486],[-1.011758,37.576371]]],[[[-0.978018,37.581241],[-0.978084,37.581314],[-0.978003,37.581385],[-0.977892,37.581293],[-0.978018,37.581241]]],[[[-0.977342,37.580716],[-0.977429,37.580834],[-0.977247,37.580849],[-0.97725,37.580759],[-0.977342,37.580716]]],[[[-0.976503,37.580737],[-0.976535,37.580828],[-0.976421,37.580844],[-0.9764,37.580799],[-0.976503,37.580737]]],[[[-0.977752,37.581029],[-0.977865,37.58104],[-0.977864,37.581085],[-0.977739,37.581092],[-0.977752,37.581029]]],[[[-0.687378,37.633414],[-0.68734,37.633548],[-0.687236,37.633609],[-0.687286,37.633457],[-0.687378,37.633414]]],[[[-0.688591,37.633771],[-0.688668,37.633854],[-0.688462,37.633922],[-0.688533,37.633797],[-0.688591,37.633771]]],[[[-0.688213,37.635737],[-0.688206,37.635953],[-0.687854,37.635982],[-0.687951,37.635759],[-0.688213,37.635737]]],[[[-0.688861,37.636381],[-0.689098,37.636421],[-0.689061,37.63652],[-0.68879,37.636496],[-0.688861,37.636381]]],[[[-0.688547,37.636663],[-0.688671,37.636665],[-0.688657,37.636746],[-0.688555,37.636744],[-0.688547,37.636663]]],[[[-0.718836,37.664431],[-0.718722,37.664844],[-0.71824,37.665024],[-0.718332,37.66462],[-0.718836,37.664431]]],[[[-0.74092,37.668506],[-0.740384,37.670487],[-0.738977,37.669388],[-0.739274,37.668934],[-0.74092,37.668506]]],[[[-0.749216,37.664844],[-0.749414,37.666155],[-0.747648,37.665688],[-0.748794,37.664908],[-0.749216,37.664844]]],[[[-0.708055,37.725193],[-0.709271,37.730281],[-0.706123,37.730445],[-0.704773,37.728229],[-0.708055,37.725193]]],[[[-0.75846,37.779242],[-0.758782,37.779389],[-0.758953,37.779827],[-0.758066,37.779434],[-0.75846,37.779242]]],[[[-0.744366,37.780647],[-0.744703,37.78078],[-0.744751,37.781051],[-0.744295,37.781124],[-0.744366,37.780647]]],[[[-0.757264,37.780272],[-0.759075,37.780847],[-0.759498,37.782261],[-0.757267,37.782417],[-0.757264,37.780272]]],[[[-1.848386,37.460978],[-1.953783,37.587953],[-1.955279,37.600864],[-1.976807,37.618728],[-1.983069,37.638944],[-2.011923,37.672537],[-2.007654,37.719792],[-1.995832,37.728047],[-2.008836,37.774951],[-1.995277,37.841385],[-1.974224,37.868472],[-1.994972,37.880281],[-2.021563,37.868201],[-2.057087,37.880851],[-2.097268,37.876895],[-2.124892,37.900277],[-2.172147,37.888651],[-2.194674,37.909751],[-2.247381,37.93422],[-2.28369,37.969413],[-2.298367,38.002802],[-2.341195,38.025869],[-2.329883,38.066235],[-2.265667,38.108837],[-2.2118,38.203339],[-2.168307,38.226411],[-2.112884,38.237684],[-2.082429,38.265704],[-2.063262,38.29749],[-2.048573,38.305694],[-1.982581,38.281182],[-1.90745,38.2977],[-1.850996,38.333365],[-1.826326,38.333465],[-1.811249,38.35129],[-1.784083,38.35585],[-1.79501,38.369026],[-1.770492,38.364232],[-1.770617,38.378941],[-1.754831,38.37251],[-1.74421,38.380836],[-1.719392,38.36313],[-1.70384,38.374741],[-1.687883,38.365595],[-1.681465,38.349533],[-1.692011,38.347034],[-1.693312,38.337641],[-1.669826,38.311827],[-1.58958,38.309948],[-1.558565,38.325125],[-1.541763,38.343063],[-1.478565,38.376302],[-1.47992,38.47986],[-1.498755,38.53213],[-1.487754,38.563232],[-1.4521,38.581507],[-1.443342,38.63697],[-1.447639,38.649634],[-1.421737,38.67706],[-1.3665,38.70401],[-1.343075,38.677406],[-1.283828,38.70721],[-1.249665,38.738609],[-1.183618,38.755096],[-1.119644,38.737741],[-1.115778,38.711409],[-1.026104,38.655672],[-1.001454,38.572635],[-1.025995,38.522821],[-1.013958,38.496727],[-1.059371,38.455754],[-1.094124,38.437952],[-1.077206,38.43147],[-1.085366,38.429153],[-1.087764,38.406872],[-1.084302,38.346203],[-1.028223,38.338452],[-0.98899,38.320678],[-0.96765,38.275661],[-0.988873,38.199263],[-1.036746,38.137715],[-1.022599,38.07569],[-0.90018,37.923129],[-0.830324,37.864377],[-0.803779,37.859294],[-0.781216,37.844678],[-0.762335,37.84663],[-0.757775,37.823465],[-0.751689,37.822961],[-0.750861,37.82181],[-0.758274,37.817842],[-0.75221,37.788205],[-0.775764,37.819111],[-0.796275,37.810504],[-0.803156,37.797178],[-0.798016,37.78479],[-0.826981,37.755338],[-0.844831,37.748042],[-0.859825,37.722759],[-0.857033,37.713363],[-0.802771,37.658204],[-0.750535,37.641782],[-0.744222,37.633217],[-0.727675,37.634792],[-0.71979,37.648824],[-0.72615,37.660265],[-0.740274,37.659518],[-0.729917,37.662005],[-0.745737,37.705987],[-0.73901,37.737326],[-0.743667,37.742777],[-0.745623,37.748248],[-0.741646,37.74318],[-0.733543,37.746539],[-0.745476,37.748967],[-0.749989,37.780566],[-0.753717,37.775933],[-0.757946,37.77987],[-0.755285,37.778892],[-0.753837,37.779477],[-0.753472,37.783273],[-0.746475,37.780751],[-0.740123,37.772339],[-0.745064,37.758799],[-0.727828,37.750087],[-0.721418,37.740033],[-0.727193,37.746741],[-0.733055,37.746917],[-0.729451,37.738602],[-0.738242,37.734608],[-0.740922,37.709887],[-0.731456,37.678489],[-0.709719,37.641311],[-0.688294,37.632756],[-0.702217,37.630262],[-0.717764,37.606899],[-0.731849,37.601503],[-0.782376,37.59465],[-0.820005,37.575021],[-0.850041,37.582102],[-0.877148,37.577107],[-0.879031,37.570006],[-0.919224,37.554043],[-0.933981,37.559023],[-0.9523,37.557799],[-0.96747,37.560514],[-0.971759,37.559653],[-0.979417,37.566932],[-0.973261,37.561386],[-0.966599,37.562508],[-0.970994,37.569213],[-0.961357,37.563523],[-0.950482,37.568313],[-0.975823,37.577257],[-0.975306,37.588519],[-0.983535,37.589083],[-0.973111,37.597205],[-0.989738,37.601409],[-0.993522,37.59549],[-0.984038,37.584288],[-1.001457,37.589694],[-0.999246,37.584217],[-1.009911,37.585844],[-1.0053,37.58364],[-1.017936,37.572839],[-1.074017,37.584151],[-1.091156,37.575252],[-1.095787,37.568842],[-1.108654,37.569368],[-1.127145,37.552126],[-1.111056,37.534081],[-1.166469,37.542075],[-1.174152,37.563124],[-1.213481,37.575346],[-1.24623,37.576088],[-1.257485,37.566386],[-1.254471,37.56453],[-1.255754,37.557583],[-1.326179,37.56273],[-1.390851,37.52474],[-1.401591,37.507221],[-1.427956,37.503736],[-1.45968,37.48657],[-1.459979,37.481941],[-1.465082,37.481241],[-1.481519,37.452549],[-1.484197,37.43527],[-1.476521,37.431413],[-1.48622,37.422921],[-1.51901,37.431782],[-1.54718,37.410455],[-1.559638,37.411302],[-1.559133,37.404662],[-1.590804,37.402097],[-1.62676,37.373903],[-1.737075,37.442633],[-1.811756,37.451556],[-1.808563,37.433533],[-1.848386,37.460978]],[[-1.623249,37.378126],[-1.623068,37.378178],[-1.623233,37.378378],[-1.623337,37.378298],[-1.623249,37.378126]],[[-1.502113,37.429505],[-1.502022,37.42954],[-1.501985,37.42972],[-1.502075,37.429712],[-1.502113,37.429505]],[[-1.118795,37.561661],[-1.118578,37.561712],[-1.118498,37.561773],[-1.118927,37.561807],[-1.118795,37.561661]]],[[[-0.770052,37.690184],[-0.776148,37.695679],[-0.77194,37.702899],[-0.764605,37.693712],[-0.770052,37.690184]]],[[[-0.79755,37.696009],[-0.804298,37.701389],[-0.803337,37.702813],[-0.796623,37.702029],[-0.79755,37.696009]]],[[[-0.755676,37.722019],[-0.755678,37.722204],[-0.75531,37.722192],[-0.755407,37.722023],[-0.755676,37.722019]]],[[[-0.745008,37.781182],[-0.745661,37.781384],[-0.745656,37.781537],[-0.744642,37.781635],[-0.745008,37.781182]]],[[[-0.745707,37.781727],[-0.746158,37.781835],[-0.745537,37.782824],[-0.745114,37.782176],[-0.745707,37.781727]]],[[[-0.745661,37.783249],[-0.746157,37.783746],[-0.7459,37.784326],[-0.745351,37.783721],[-0.745661,37.783249]]],[[[-0.746365,37.78548],[-0.746478,37.785509],[-0.746476,37.785581],[-0.746338,37.785614],[-0.746365,37.78548]]],[[[-0.747076,37.785998],[-0.747213,37.786334],[-0.746598,37.786403],[-0.746779,37.786046],[-0.747076,37.785998]]],[[[-0.747833,37.787256],[-0.747815,37.787463],[-0.747474,37.787484],[-0.747605,37.787288],[-0.747833,37.787256]]],[[[-0.75957,37.782488],[-0.760518,37.784551],[-0.757677,37.784272],[-0.757955,37.78371],[-0.75957,37.782488]]],[[[-0.757187,37.785092],[-0.758494,37.785801],[-0.758383,37.78607],[-0.757264,37.785535],[-0.757187,37.785092]]],[[[-0.755504,37.782897],[-0.756138,37.78746],[-0.759709,37.787681],[-0.758837,37.78871],[-0.756043,37.78762],[-0.753621,37.783591],[-0.755504,37.782897]]],[[[-0.759309,37.786241],[-0.759399,37.786278],[-0.759375,37.786323],[-0.759241,37.786257],[-0.759309,37.786241]]],[[[-0.758684,37.786256],[-0.758738,37.786347],[-0.758545,37.786343],[-0.75858,37.786308],[-0.758684,37.786256]]],[[[-0.759137,37.7863],[-0.759348,37.786467],[-0.758747,37.786437],[-0.758793,37.786411],[-0.759137,37.7863]]],[[[-0.75862,37.786489],[-0.759264,37.786609],[-0.759194,37.78704],[-0.758824,37.786898],[-0.75862,37.786489]]],[[[-0.758134,37.786416],[-0.758712,37.787211],[-0.75915,37.787373],[-0.758189,37.787247],[-0.758134,37.786416]]],[[[-0.757847,37.787285],[-0.757949,37.787287],[-0.757891,37.787313],[-0.757847,37.787285]]],[[[-0.747848,37.787887],[-0.748369,37.788276],[-0.747996,37.78935],[-0.747508,37.788223],[-0.747848,37.787887]]],[[[-0.759491,37.784739],[-0.760511,37.784795],[-0.760082,37.788463],[-0.761636,37.788538],[-0.759186,37.788806],[-0.759897,37.788568],[-0.759871,37.786071],[-0.757341,37.78486],[-0.759491,37.784739]]],[[[-0.761472,37.788706],[-0.762492,37.790645],[-0.759048,37.790372],[-0.759077,37.790156],[-0.761472,37.788706]]],[[[-0.756788,37.791509],[-0.756775,37.791554],[-0.756719,37.791544],[-0.756788,37.791509]]],[[[-0.756876,37.791592],[-0.757237,37.79168],[-0.757259,37.791717],[-0.756939,37.791774],[-0.756876,37.791592]]],[[[-0.761473,37.79168],[-0.761806,37.791929],[-0.761968,37.792194],[-0.761319,37.791893],[-0.761473,37.79168]]],[[[-0.757601,37.792038],[-0.757657,37.792058],[-0.757677,37.792157],[-0.757563,37.792164],[-0.757601,37.792038]]],[[[-0.762392,37.793202],[-0.762468,37.793681],[-0.762344,37.79403],[-0.762187,37.793604],[-0.762392,37.793202]]],[[[-0.760486,37.845462],[-0.760742,37.845545],[-0.760842,37.846094],[-0.760603,37.84607],[-0.760486,37.845462]]],[[[-0.760864,37.846998],[-0.760971,37.847137],[-0.760768,37.84704],[-0.760864,37.846998]]],[[[-0.762232,37.792469],[-0.762413,37.792869],[-0.762442,37.79305],[-0.762268,37.792794],[-0.762232,37.792469]]],[[[-0.757867,37.792251],[-0.758092,37.792309],[-0.75818,37.792419],[-0.757918,37.792441],[-0.757867,37.792251]]],[[[-0.759391,37.79219],[-0.759391,37.79255],[-0.759208,37.79261],[-0.759178,37.792474],[-0.759391,37.79219]]],[[[-0.758317,37.792386],[-0.758353,37.792693],[-0.75854,37.792912],[-0.757789,37.792592],[-0.758317,37.792386]]]]}},{"type":"Feature","properties":{"name":"Navarra","mapcolor":25,"cartodb_id":25},"geometry":{"type":"MultiPolygon","coordinates":[[[[-1.182821,42.423898],[-1.154032,42.441484],[-1.144975,42.441869],[-1.15877,42.409663],[-1.185961,42.401857],[-1.182821,42.423898]]],[[[-1.129364,42.446722],[-1.102851,42.484334],[-1.091664,42.485733],[-1.050963,42.44192],[-1.058406,42.433978],[-1.129364,42.446722]]],[[[-1.909239,42.059123],[-1.892032,42.085986],[-1.840276,42.128128],[-1.832417,42.148231],[-1.821619,42.153569],[-1.779005,42.137705],[-1.764709,42.150413],[-1.739742,42.149736],[-1.719895,42.13344],[-1.679659,42.151689],[-1.693802,42.158444],[-1.700897,42.173124],[-1.679528,42.191144],[-1.70424,42.192029],[-1.709239,42.20999],[-1.802326,42.223429],[-1.819552,42.232082],[-1.819219,42.248641],[-1.829727,42.244137],[-1.84979,42.259254],[-1.855759,42.249651],[-1.872276,42.252669],[-1.876201,42.258994],[-1.866207,42.275404],[-1.870658,42.288966],[-1.913818,42.300109],[-1.907061,42.308475],[-1.918966,42.316144],[-1.918513,42.326965],[-1.93152,42.322188],[-1.942285,42.335184],[-1.964521,42.33382],[-1.969593,42.352499],[-1.978644,42.349887],[-1.99552,42.363608],[-2.006057,42.360827],[-2.016015,42.369298],[-2.069982,42.342524],[-2.089961,42.346971],[-2.07864,42.368126],[-2.092812,42.375822],[-2.08912,42.384988],[-2.115514,42.399082],[-2.10508,42.41594],[-2.111902,42.419956],[-2.151776,42.418628],[-2.175037,42.407766],[-2.186111,42.41877],[-2.216505,42.415998],[-2.212075,42.421353],[-2.234966,42.426146],[-2.240964,42.44183],[-2.276389,42.44667],[-2.288012,42.46736],[-2.296883,42.468144],[-2.298719,42.457412],[-2.329988,42.468802],[-2.336455,42.46458],[-2.331837,42.454008],[-2.344234,42.451536],[-2.352608,42.465644],[-2.363632,42.461628],[-2.376635,42.472824],[-2.400009,42.471432],[-2.420582,42.489234],[-2.423751,42.509632],[-2.392202,42.516952],[-2.401053,42.538505],[-2.389954,42.549064],[-2.396754,42.5991],[-2.421121,42.607124],[-2.453242,42.567108],[-2.462205,42.587386],[-2.490631,42.585355],[-2.500083,42.616476],[-2.483072,42.612158],[-2.454587,42.634864],[-2.450075,42.647253],[-2.415797,42.66268],[-2.37626,42.65071],[-2.381661,42.647371],[-2.372125,42.643384],[-2.381949,42.634296],[-2.344893,42.634513],[-2.332181,42.646183],[-2.288481,42.655069],[-2.293578,42.677939],[-2.3093,42.671155],[-2.316864,42.682502],[-2.312852,42.708684],[-2.324008,42.723772],[-2.31685,42.739345],[-2.304392,42.735758],[-2.262167,42.748461],[-2.281011,42.785134],[-2.268696,42.794719],[-2.267693,42.813407],[-2.233707,42.840506],[-2.240984,42.885635],[-2.25307,42.892774],[-2.237758,42.895996],[-2.235566,42.926608],[-2.215511,42.936891],[-2.210258,42.949912],[-2.19236,42.94903],[-2.18096,42.935126],[-2.117632,42.942246],[-2.103729,42.949261],[-2.095235,42.972553],[-2.038338,42.980994],[-2.028306,42.998838],[-2.041395,43.0297],[-2.020441,43.046731],[-2.022824,43.065193],[-1.97515,43.083388],[-1.971583,43.093252],[-1.947525,43.097527],[-1.901952,43.135854],[-1.920688,43.15063],[-1.914152,43.225171],[-1.903257,43.211308],[-1.890171,43.207283],[-1.887243,43.214621],[-1.881908,43.206788],[-1.873867,43.220307],[-1.880657,43.220634],[-1.880927,43.228777],[-1.867694,43.230502],[-1.860575,43.212089],[-1.849358,43.227932],[-1.833664,43.224352],[-1.819264,43.238692],[-1.794975,43.246929],[-1.793912,43.276461],[-1.783243,43.28682],[-1.729369,43.293823],[-1.694387,43.312124],[-1.668014,43.314792],[-1.625182,43.306722],[-1.621423,43.300104],[-1.630021,43.285035],[-1.60871,43.251993],[-1.575656,43.249939],[-1.55636,43.279376],[-1.564076,43.288783],[-1.535321,43.294667],[-1.505979,43.293353],[-1.492409,43.280794],[-1.437833,43.266861],[-1.413653,43.273668],[-1.382189,43.25005],[-1.377794,43.230438],[-1.386663,43.194869],[-1.381409,43.18968],[-1.402231,43.177898],[-1.402187,43.156025],[-1.416146,43.149403],[-1.409994,43.142879],[-1.414084,43.128303],[-1.47135,43.091776],[-1.472243,43.081559],[-1.441208,43.046354],[-1.354169,43.028124],[-1.34256,43.054448],[-1.344649,43.094541],[-1.319636,43.112789],[-1.272984,43.118765],[-1.299638,43.09243],[-1.308971,43.071173],[-1.269615,43.055122],[-1.262745,43.044023],[-1.247789,43.042858],[-1.229225,43.055692],[-1.212593,43.051687],[-1.181171,43.032245],[-1.174368,43.037306],[-1.145597,43.025821],[-1.141858,43.007372],[-1.114678,43.023929],[-1.08317,43.010645],[-1.081273,43.000636],[-1.01212,42.992575],[-0.998208,42.976034],[-0.945101,42.953445],[-0.908514,42.964479],[-0.896149,42.955311],[-0.86477,42.950948],[-0.809582,42.951372],[-0.767512,42.968992],[-0.751873,42.967128],[-0.743564,42.950603],[-0.730795,42.945164],[-0.733615,42.930767],[-0.724485,42.92023],[-0.783213,42.921725],[-0.819095,42.900669],[-0.813632,42.888201],[-0.818533,42.869367],[-0.856833,42.846885],[-0.851441,42.807587],[-0.860007,42.798562],[-0.847533,42.78592],[-0.864838,42.763354],[-0.900535,42.760466],[-0.900499,42.743086],[-0.922985,42.744001],[-0.948676,42.711452],[-1.027981,42.70006],[-1.039186,42.691635],[-1.03249,42.675599],[-1.036808,42.651638],[-1.051926,42.642594],[-1.152046,42.647884],[-1.157116,42.610891],[-1.171918,42.617063],[-1.179775,42.610624],[-1.158035,42.599154],[-1.20192,42.578239],[-1.202791,42.54966],[-1.226166,42.542244],[-1.264769,42.556803],[-1.288137,42.52279],[-1.293476,42.510955],[-1.286731,42.498526],[-1.275112,42.495758],[-1.27278,42.481899],[-1.281361,42.464449],[-1.315207,42.44922],[-1.341508,42.423938],[-1.359905,42.378039],[-1.350615,42.370071],[-1.336221,42.372006],[-1.329083,42.355385],[-1.399082,42.2913],[-1.391371,42.272117],[-1.41753,42.212368],[-1.391906,42.181418],[-1.398881,42.126219],[-1.36676,42.106961],[-1.352277,42.07307],[-1.310593,42.072313],[-1.304822,42.042949],[-1.33952,42.018014],[-1.374353,41.962],[-1.385985,41.957247],[-1.382235,41.943342],[-1.403552,41.935076],[-1.410756,41.918955],[-1.421778,41.913073],[-1.501761,41.924277],[-1.506118,41.915859],[-1.534447,41.910469],[-1.596252,41.927093],[-1.614824,41.950528],[-1.654146,41.965351],[-1.663635,41.959986],[-1.675465,41.966752],[-1.686818,41.95285],[-1.715221,41.956963],[-1.74136,41.968367],[-1.766896,41.995789],[-1.792344,41.989692],[-1.810345,41.998022],[-1.833703,41.995065],[-1.8464,42.008009],[-1.855228,42.002604],[-1.882947,42.02633],[-1.901577,42.02968],[-1.909239,42.059123]]]]}},{"type":"Feature","properties":{"name":"Ourense","mapcolor":24,"cartodb_id":24},"geometry":{"type":"MultiPolygon","coordinates":[[[[-7.034043,42.071554],[-7.011832,42.052416],[-6.974792,42.055157],[-6.973101,42.039106],[-6.961098,42.027906],[-6.991108,41.988344],[-6.985758,41.970979],[-7.006244,41.950573],[-7.073433,41.950004],[-7.087501,41.97348],[-7.141449,41.99076],[-7.158374,41.976267],[-7.178168,41.980062],[-7.187075,41.969512],[-7.182128,41.952139],[-7.189563,41.941865],[-7.173432,41.919049],[-7.19673,41.879982],[-7.315008,41.842827],[-7.356437,41.840533],[-7.36578,41.852791],[-7.390417,41.842378],[-7.397588,41.826373],[-7.428244,41.807233],[-7.425844,41.830225],[-7.443743,41.839374],[-7.452492,41.865086],[-7.485264,41.861295],[-7.491285,41.871248],[-7.502217,41.869388],[-7.513304,41.862122],[-7.505482,41.850764],[-7.521278,41.841752],[-7.611432,41.829189],[-7.611576,41.846732],[-7.601762,41.866675],[-7.584075,41.875684],[-7.585861,41.881863],[-7.653865,41.881204],[-7.700844,41.907671],[-7.733347,41.892283],[-7.763499,41.899011],[-7.786924,41.884101],[-7.845182,41.881285],[-7.841513,41.866482],[-7.866312,41.858883],[-7.872804,41.844863],[-7.892207,41.859518],[-7.883476,41.918686],[-7.892667,41.927261],[-7.908969,41.922881],[-7.920975,41.879024],[-7.94824,41.870953],[-7.980862,41.872366],[-8.013264,41.828817],[-8.037014,41.830494],[-8.057539,41.816166],[-8.093866,41.808948],[-8.16511,41.818272],[-8.161699,41.860641],[-8.170605,41.879047],[-8.199723,41.874019],[-8.217023,41.913629],[-8.198345,41.93974],[-8.175242,41.955066],[-8.163476,41.982705],[-8.140594,41.988786],[-8.127596,42.005422],[-8.085462,42.01698],[-8.084291,42.047372],[-8.096892,42.071813],[-8.118517,42.082111],[-8.149105,42.079874],[-8.176338,42.066581],[-8.187301,42.074629],[-8.188887,42.143726],[-8.199042,42.15441],[-8.181661,42.157737],[-8.161167,42.179154],[-8.176045,42.185702],[-8.179686,42.209917],[-8.192264,42.209122],[-8.164606,42.221438],[-8.172672,42.23519],[-8.161844,42.244115],[-8.203448,42.244516],[-8.22946,42.232931],[-8.264581,42.252863],[-8.272903,42.282413],[-8.261955,42.31538],[-8.284805,42.317658],[-8.305233,42.339984],[-8.324701,42.345047],[-8.31746,42.356295],[-8.324501,42.36921],[-8.314704,42.380983],[-8.338262,42.433432],[-8.34202,42.465702],[-8.366344,42.487348],[-8.352621,42.480762],[-8.34049,42.492403],[-8.302728,42.49021],[-8.274763,42.508393],[-8.263733,42.525683],[-8.23886,42.538511],[-8.217581,42.533858],[-8.17386,42.571974],[-8.146835,42.548671],[-8.090496,42.557758],[-8.059378,42.548687],[-8.048435,42.554906],[-8.018629,42.54222],[-7.992487,42.572498],[-7.967006,42.566397],[-7.928003,42.578529],[-7.911557,42.556073],[-7.890042,42.550198],[-7.888733,42.538127],[-7.924006,42.525044],[-7.901601,42.521361],[-7.913179,42.508386],[-7.875414,42.510948],[-7.877892,42.502622],[-7.861497,42.504113],[-7.842085,42.490514],[-7.818792,42.49166],[-7.801307,42.480025],[-7.765027,42.493958],[-7.74831,42.479987],[-7.788352,42.473483],[-7.788899,42.465996],[-7.752731,42.451029],[-7.739174,42.456634],[-7.713175,42.452378],[-7.697873,42.429545],[-7.662145,42.42303],[-7.631413,42.407055],[-7.619068,42.384892],[-7.576121,42.404868],[-7.541965,42.384441],[-7.507581,42.386783],[-7.465828,42.407157],[-7.446931,42.407092],[-7.399246,42.43556],[-7.369901,42.42136],[-7.306936,42.429447],[-7.290826,42.414584],[-7.269427,42.414925],[-7.247808,42.389907],[-7.220066,42.387188],[-7.229654,42.376614],[-7.230933,42.359144],[-7.202672,42.3257],[-7.190516,42.364044],[-7.171853,42.379231],[-7.166201,42.40445],[-7.146876,42.421827],[-7.149269,42.436156],[-7.099742,42.458785],[-7.100275,42.46786],[-7.076188,42.49675],[-7.077069,42.508],[-7.045751,42.507779],[-7.028685,42.497865],[-7.000956,42.505699],[-6.978542,42.493253],[-6.960089,42.517763],[-6.932196,42.520544],[-6.860562,42.489088],[-6.84918,42.486724],[-6.837039,42.495488],[-6.823246,42.491282],[-6.808315,42.468612],[-6.822768,42.452913],[-6.821781,42.433298],[-6.814273,42.427354],[-6.824807,42.425895],[-6.820961,42.421413],[-6.831285,42.408354],[-6.843513,42.405846],[-6.820804,42.385644],[-6.778646,42.380993],[-6.766542,42.365049],[-6.733953,42.359111],[-6.741146,42.298663],[-6.765035,42.27274],[-6.766997,42.257458],[-6.790776,42.252956],[-6.80308,42.239044],[-6.786991,42.215911],[-6.796638,42.208972],[-6.802495,42.218748],[-6.843645,42.228305],[-6.886561,42.214542],[-6.900848,42.189468],[-6.943847,42.171861],[-6.948655,42.135592],[-6.989479,42.121539],[-6.989729,42.101486],[-7.00252,42.097112],[-7.002121,42.0846],[-7.019725,42.083292],[-7.034043,42.071554]]]]}},{"type":"Feature","properties":{"name":"Palencia","mapcolor":23,"cartodb_id":23},"geometry":{"type":"MultiPolygon","coordinates":[[[[-4.102733,42.13724],[-4.111844,42.158579],[-4.094229,42.157721],[-4.076292,42.167861],[-4.065637,42.163502],[-4.074483,42.156125],[-4.062137,42.13158],[-4.083477,42.14127],[-4.102733,42.13724]]],[[[-4.037694,42.102587],[-4.033436,42.106975],[-4.024322,42.081073],[-4.031936,42.078636],[-4.027599,42.087853],[-4.037694,42.102587]]],[[[-4.046112,42.766801],[-4.04936,42.781223],[-4.043754,42.788794],[-4.029869,42.788343],[-4.03292,42.801257],[-4.014183,42.806377],[-4.02078,42.81935],[-4.002299,42.830914],[-3.995943,42.786221],[-4.003094,42.763356],[-4.046112,42.766801]]],[[[-4.101572,42.793735],[-4.113224,42.816213],[-4.1073,42.827702],[-4.088871,42.818534],[-4.089492,42.800324],[-4.101572,42.793735]]],[[[-4.168628,42.811583],[-4.175207,42.811811],[-4.182981,42.820495],[-4.161589,42.820331],[-4.168628,42.811583]]],[[[-4.029091,41.976562],[-4.032977,41.954082],[-4.024218,41.954116],[-3.990702,41.959751],[-3.9102,41.996967],[-3.891469,41.996646],[-3.889748,41.990913],[-3.891981,41.957939],[-3.929142,41.959365],[-3.952183,41.935308],[-3.98134,41.930703],[-3.9807,41.900617],[-4.037575,41.872772],[-4.062771,41.877117],[-4.088825,41.87065],[-4.079319,41.848448],[-4.088048,41.844664],[-4.090067,41.830864],[-4.037998,41.789852],[-4.040877,41.768354],[-4.089093,41.779625],[-4.100272,41.774709],[-4.123195,41.807308],[-4.153863,41.796215],[-4.178827,41.803518],[-4.213947,41.799406],[-4.236025,41.813969],[-4.247441,41.802929],[-4.260234,41.805257],[-4.28658,41.774883],[-4.30679,41.775925],[-4.31764,41.763444],[-4.389297,41.787774],[-4.433979,41.761781],[-4.454238,41.759166],[-4.501184,41.771406],[-4.4924,41.778654],[-4.487341,41.820096],[-4.461148,41.82036],[-4.478314,41.828589],[-4.473298,41.843028],[-4.50859,41.832312],[-4.512124,41.823304],[-4.549155,41.831015],[-4.548071,41.818988],[-4.566083,41.812574],[-4.631897,41.861727],[-4.637305,41.888111],[-4.669678,41.900506],[-4.728247,41.868828],[-4.72644,41.854517],[-4.758421,41.825787],[-4.789248,41.818024],[-4.838268,41.898533],[-4.867696,41.917602],[-4.869085,41.931728],[-4.889777,41.932785],[-4.911797,41.915659],[-4.927936,41.915029],[-4.932447,41.926652],[-4.949587,41.933828],[-4.983683,41.910026],[-5.00485,41.937947],[-4.994073,41.962569],[-4.976109,41.973615],[-4.975494,41.993547],[-4.965539,42.007057],[-4.936006,42.017916],[-4.947625,42.054312],[-4.927747,42.073497],[-4.904177,42.078394],[-4.917825,42.090794],[-4.912133,42.091294],[-4.928707,42.118314],[-4.927498,42.150215],[-4.962444,42.149605],[-4.966398,42.15576],[-4.994307,42.144903],[-5.015027,42.156798],[-5.026966,42.153912],[-5.031895,42.173629],[-5.012394,42.18976],[-5.024667,42.219894],[-5.009161,42.231027],[-5.018808,42.253859],[-5.00866,42.261458],[-5.002141,42.289129],[-4.973503,42.288689],[-4.953448,42.297156],[-4.942433,42.327503],[-4.942497,42.346549],[-4.984205,42.337874],[-4.972553,42.374385],[-4.90324,42.386527],[-4.914315,42.401192],[-4.914827,42.414449],[-4.904985,42.424555],[-4.909924,42.433911],[-4.923985,42.436143],[-4.899999,42.450682],[-4.887987,42.537028],[-4.910454,42.541437],[-4.915952,42.554754],[-4.902514,42.57796],[-4.904804,42.603136],[-4.894656,42.623864],[-4.900295,42.67012],[-4.890575,42.69283],[-4.871669,42.70799],[-4.890558,42.723259],[-4.915892,42.72056],[-4.918463,42.734232],[-4.93636,42.744467],[-4.93556,42.756457],[-4.920622,42.757465],[-4.909089,42.779432],[-4.895878,42.785172],[-4.90286,42.809974],[-4.888557,42.841134],[-4.900808,42.851594],[-4.898371,42.863134],[-4.865585,42.860548],[-4.855501,42.891707],[-4.838389,42.895315],[-4.837858,42.906733],[-4.809234,42.930341],[-4.802648,42.949509],[-4.80725,42.967707],[-4.79567,42.973869],[-4.794815,42.986651],[-4.766932,43.001565],[-4.756987,43.015504],[-4.690474,43.026472],[-4.639509,43.016364],[-4.606439,43.035426],[-4.559374,43.019227],[-4.521247,43.047533],[-4.475346,43.03868],[-4.462069,43.060989],[-4.447556,43.058366],[-4.398101,43.03501],[-4.373359,42.99504],[-4.347977,42.972391],[-4.262589,42.965338],[-4.238324,42.954155],[-4.237003,42.918121],[-4.222454,42.910745],[-4.23076,42.904754],[-4.225608,42.858696],[-4.213976,42.847313],[-4.199229,42.844336],[-4.150118,42.871438],[-4.145099,42.862319],[-4.126017,42.856681],[-4.140684,42.829105],[-4.158068,42.837482],[-4.178731,42.826129],[-4.18587,42.817184],[-4.150543,42.789409],[-4.098541,42.79129],[-4.094299,42.773393],[-4.085183,42.772282],[-4.081458,42.761623],[-4.109554,42.733879],[-4.123985,42.73617],[-4.124779,42.751653],[-4.144969,42.752516],[-4.185385,42.736182],[-4.218572,42.704684],[-4.248922,42.698377],[-4.257042,42.688112],[-4.267641,42.694272],[-4.266693,42.705296],[-4.293171,42.690897],[-4.289395,42.678314],[-4.276033,42.67307],[-4.277193,42.643266],[-4.263873,42.617956],[-4.293898,42.605256],[-4.285435,42.581981],[-4.270812,42.581388],[-4.305346,42.570806],[-4.297637,42.560374],[-4.303331,42.555357],[-4.277691,42.544685],[-4.272148,42.519981],[-4.286204,42.511971],[-4.262646,42.511836],[-4.247042,42.494716],[-4.250818,42.48023],[-4.244854,42.472108],[-4.254393,42.467916],[-4.242594,42.456238],[-4.307029,42.453351],[-4.317094,42.458928],[-4.335022,42.420044],[-4.316406,42.410156],[-4.329834,42.405518],[-4.330933,42.390991],[-4.321588,42.379899],[-4.275952,42.391924],[-4.272729,42.385719],[-4.28052,42.363785],[-4.264823,42.352514],[-4.269703,42.339231],[-4.256777,42.322848],[-4.264936,42.323649],[-4.264226,42.313039],[-4.251886,42.310005],[-4.244106,42.259404],[-4.228764,42.250375],[-4.237398,42.236296],[-4.22693,42.229564],[-4.231439,42.20845],[-4.215285,42.206893],[-4.188644,42.17638],[-4.19148,42.163021],[-4.206102,42.153988],[-4.200778,42.150252],[-4.205013,42.133609],[-4.176773,42.125859],[-4.151114,42.131307],[-4.142083,42.119626],[-4.120216,42.128128],[-4.103779,42.109689],[-4.056207,42.100914],[-4.077486,42.082676],[-4.103036,42.087044],[-4.104106,42.061627],[-4.079887,42.036783],[-4.063679,42.043644],[-4.047884,42.039052],[-4.039248,42.053352],[-3.996313,42.044969],[-3.981677,42.051048],[-3.971074,42.033215],[-3.994778,42.005407],[-4.014775,41.998585],[-4.029091,41.976562]],[[-4.251332,42.726547],[-4.245059,42.735973],[-4.260633,42.738891],[-4.26315,42.730479],[-4.251332,42.726547]]]]}},{"type":"Feature","properties":{"name":"Pontevedra","mapcolor":3,"cartodb_id":3},"geometry":{"type":"MultiPolygon","coordinates":[[[[-8.875292,41.865079],[-8.875723,41.865192],[-8.875712,41.865328],[-8.875396,41.865299],[-8.875292,41.865079]]],[[[-8.884798,41.882405],[-8.885446,41.882633],[-8.885242,41.883301],[-8.884792,41.882991],[-8.884798,41.882405]]],[[[-8.882163,41.879813],[-8.882161,41.880056],[-8.88179,41.880084],[-8.881782,41.87986],[-8.882163,41.879813]]],[[[-8.882969,41.880069],[-8.883125,41.880196],[-8.882813,41.880203],[-8.882793,41.880123],[-8.882969,41.880069]]],[[[-8.88529,41.881336],[-8.885411,41.881474],[-8.885136,41.881497],[-8.885127,41.881398],[-8.88529,41.881336]]],[[[-8.884968,41.881631],[-8.885344,41.881792],[-8.885393,41.881934],[-8.885048,41.881843],[-8.884968,41.881631]]],[[[-8.875506,41.868849],[-8.875923,41.869071],[-8.875195,41.870188],[-8.87491,41.869969],[-8.875506,41.868849]]],[[[-8.876146,41.872408],[-8.876256,41.872555],[-8.876035,41.872647],[-8.875917,41.872537],[-8.876146,41.872408]]],[[[-8.879915,41.87568],[-8.87983,41.876323],[-8.879241,41.876201],[-8.879251,41.876056],[-8.879915,41.87568]]],[[[-8.877362,41.87411],[-8.877536,41.87456],[-8.878101,41.874945],[-8.877516,41.874867],[-8.877362,41.87411]]],[[[-8.877502,41.874976],[-8.877889,41.875253],[-8.877758,41.875665],[-8.87741,41.875421],[-8.877502,41.874976]]],[[[-8.877304,41.873609],[-8.877133,41.873581],[-8.877073,41.873458],[-8.877353,41.873489],[-8.877304,41.873609]]],[[[-8.877304,41.873609],[-8.877316,41.873608],[-8.877281,41.873619],[-8.877304,41.873609]]],[[[-8.887843,41.9349],[-8.887951,41.93503],[-8.887716,41.935087],[-8.887772,41.934913],[-8.887843,41.9349]]],[[[-8.887175,41.943729],[-8.887351,41.943801],[-8.88736,41.9439],[-8.887078,41.943851],[-8.887175,41.943729]]],[[[-8.887024,41.94705],[-8.887067,41.947255],[-8.886855,41.947184],[-8.886846,41.947086],[-8.887024,41.94705]]],[[[-8.89179,42.043547],[-8.89218,42.04359],[-8.892289,42.043855],[-8.891744,42.043838],[-8.89179,42.043547]]],[[[-8.889175,41.979994],[-8.889362,41.980056],[-8.889411,41.980198],[-8.889064,41.980225],[-8.889175,41.979994]]],[[[-8.888672,41.982504],[-8.888854,41.982522],[-8.888949,41.982634],[-8.888747,41.982671],[-8.888672,41.982504]]],[[[-8.887738,41.985712],[-8.887913,41.985784],[-8.887964,41.985943],[-8.887665,41.985842],[-8.887738,41.985712]]],[[[-8.888679,41.965752],[-8.888934,41.965765],[-8.888987,41.965952],[-8.888661,41.96595],[-8.888679,41.965752]]],[[[-8.889782,41.970763],[-8.889817,41.971148],[-8.889275,41.971023],[-8.88926,41.970862],[-8.889782,41.970763]]],[[[-8.891144,42.025766],[-8.891259,42.026228],[-8.890765,42.026371],[-8.890886,42.025977],[-8.891144,42.025766]]],[[[-8.881321,41.998276],[-8.881459,41.998332],[-8.881451,41.998377],[-8.881356,41.998391],[-8.881321,41.998276]]],[[[-8.880484,41.998355],[-8.880582,41.998377],[-8.880703,41.998767],[-8.880357,41.998676],[-8.880484,41.998355]]],[[[-8.884382,42.003708],[-8.884655,42.003784],[-8.884915,42.003987],[-8.884359,42.003854],[-8.884382,42.003708]]],[[[-8.885327,42.006621],[-8.885801,42.006912],[-8.88582,42.006992],[-8.885274,42.006957],[-8.885327,42.006621]]],[[[-8.884866,42.00985],[-8.885075,42.010028],[-8.884662,42.010256],[-8.884583,42.009927],[-8.884866,42.00985]]],[[[-8.887929,42.021692],[-8.888093,42.021764],[-8.888014,42.021957],[-8.887709,42.021793],[-8.887929,42.021692]]],[[[-8.889854,42.026571],[-8.890735,42.026831],[-8.890774,42.027117],[-8.889959,42.027186],[-8.889854,42.026571]]],[[[-8.8859,42.035506],[-8.886094,42.035775],[-8.885473,42.036239],[-8.885295,42.036014],[-8.8859,42.035506]]],[[[-8.890223,42.042017],[-8.891374,42.042453],[-8.888246,42.042704],[-8.888294,42.04244],[-8.890223,42.042017]]],[[[-8.889877,42.045716],[-8.890391,42.045915],[-8.890335,42.046098],[-8.889763,42.045911],[-8.889877,42.045716]]],[[[-8.88782,42.046975],[-8.887934,42.047032],[-8.88801,42.047199],[-8.887767,42.047184],[-8.88782,42.046975]]],[[[-8.887532,42.047647],[-8.887599,42.04785],[-8.887397,42.047888],[-8.887345,42.04771],[-8.887532,42.047647]]],[[[-8.887123,42.048703],[-8.887399,42.048815],[-8.887404,42.048868],[-8.886998,42.048916],[-8.887123,42.048703]]],[[[-8.904572,42.109835],[-8.904804,42.109859],[-8.904862,42.110099],[-8.904397,42.110033],[-8.904572,42.109835]]],[[[-8.902011,42.104143],[-8.902372,42.10426],[-8.902484,42.104425],[-8.902103,42.104489],[-8.902011,42.104143]]],[[[-8.900783,42.094331],[-8.900876,42.094417],[-8.900676,42.094481],[-8.900667,42.094382],[-8.900783,42.094331]]],[[[-8.900609,42.104279],[-8.901044,42.104409],[-8.901225,42.104796],[-8.900801,42.104782],[-8.900609,42.104279]]],[[[-8.899971,42.099765],[-8.900179,42.100052],[-8.899836,42.100124],[-8.899736,42.099958],[-8.899971,42.099765]]],[[[-8.895613,42.083562],[-8.895698,42.083566],[-8.895698,42.083701],[-8.895502,42.083676],[-8.895613,42.083562]]],[[[-8.891465,42.056977],[-8.89195,42.056997],[-8.892257,42.057179],[-8.891831,42.057408],[-8.891465,42.056977]]],[[[-8.894103,42.058975],[-8.894856,42.059413],[-8.895053,42.059709],[-8.893804,42.059269],[-8.894103,42.058975]]],[[[-8.898707,42.084996],[-8.898813,42.085098],[-8.898701,42.085194],[-8.898635,42.085008],[-8.898707,42.084996]]],[[[-8.897435,42.086916],[-8.897606,42.086934],[-8.897624,42.087131],[-8.897401,42.08707],[-8.897435,42.086916]]],[[[-8.89734,42.087713],[-8.898103,42.087997],[-8.897574,42.088799],[-8.89715,42.088659],[-8.89734,42.087713]]],[[[-8.895004,42.084682],[-8.895059,42.084761],[-8.895022,42.08488],[-8.894944,42.084821],[-8.895004,42.084682]]],[[[-8.895966,42.093347],[-8.896164,42.093391],[-8.896239,42.093549],[-8.895784,42.093473],[-8.895966,42.093347]]],[[[-8.899876,42.09445],[-8.900038,42.094892],[-8.899304,42.095056],[-8.899301,42.094768],[-8.899876,42.09445]]],[[[-8.897547,42.094877],[-8.897558,42.095128],[-8.897224,42.095307],[-8.897208,42.095137],[-8.897547,42.094877]]],[[[-8.896943,42.095664],[-8.897039,42.095785],[-8.896899,42.095846],[-8.896849,42.095696],[-8.896943,42.095664]]],[[[-8.896263,42.097319],[-8.896423,42.097356],[-8.896426,42.097509],[-8.896254,42.097482],[-8.896263,42.097319]]],[[[-8.898269,42.100303],[-8.898334,42.100489],[-8.898037,42.100405],[-8.898069,42.100359],[-8.898269,42.100303]]],[[[-8.898855,42.102182],[-8.898965,42.102329],[-8.898908,42.102629],[-8.898739,42.102494],[-8.898855,42.102182]]],[[[-8.898465,42.102409],[-8.898619,42.102509],[-8.89863,42.102625],[-8.898318,42.102524],[-8.898465,42.102409]]],[[[-8.900822,42.108777],[-8.900994,42.108805],[-8.901038,42.108892],[-8.900715,42.108927],[-8.900822,42.108777]]],[[[-8.901533,42.109794],[-8.901696,42.109849],[-8.901798,42.110041],[-8.901516,42.110002],[-8.901533,42.109794]]],[[[-8.900332,42.109874],[-8.900541,42.109908],[-8.90058,42.110068],[-8.900186,42.10999],[-8.900332,42.109874]]],[[[-8.905685,42.12049],[-8.905779,42.120593],[-8.90562,42.1207],[-8.905549,42.120587],[-8.905685,42.12049]]],[[[-8.903303,42.112565],[-8.903363,42.112697],[-8.903182,42.112824],[-8.903146,42.112699],[-8.903303,42.112565]]],[[[-8.903401,42.115441],[-8.903483,42.115545],[-8.903359,42.115893],[-8.903156,42.115669],[-8.903401,42.115441]]],[[[-8.903033,42.116027],[-8.903058,42.11617],[-8.902964,42.116201],[-8.902894,42.116097],[-8.903033,42.116027]]],[[[-8.903759,42.118114],[-8.904071,42.118215],[-8.904079,42.118565],[-8.903655,42.118299],[-8.903759,42.118114]]],[[[-8.903897,42.11609],[-8.904335,42.116635],[-8.903706,42.117675],[-8.903584,42.116881],[-8.903897,42.11609]]],[[[-8.90494,42.116901],[-8.905618,42.116911],[-8.905811,42.117432],[-8.905323,42.117511],[-8.90494,42.116901]]],[[[-8.904452,42.117502],[-8.904903,42.117542],[-8.905469,42.118305],[-8.904775,42.118115],[-8.904452,42.117502]]],[[[-8.900863,42.11],[-8.901074,42.110052],[-8.901139,42.110237],[-8.900764,42.110104],[-8.900863,42.11]]],[[[-8.901367,42.110991],[-8.901554,42.111053],[-8.901798,42.111338],[-8.901291,42.111346],[-8.901367,42.110991]]],[[[-8.879375,42.111241],[-8.879456,42.111336],[-8.879154,42.111334],[-8.879163,42.111297],[-8.879375,42.111241]]],[[[-8.8785,42.111322],[-8.87872,42.111347],[-8.878751,42.111418],[-8.878575,42.111481],[-8.8785,42.111322]]],[[[-8.87907,42.111473],[-8.879145,42.111496],[-8.879164,42.111576],[-8.879017,42.111548],[-8.87907,42.111473]]],[[[-8.901795,42.111959],[-8.902387,42.112081],[-8.902466,42.112284],[-8.901717,42.112152],[-8.901795,42.111959]]],[[[-8.877053,42.112666],[-8.877307,42.112671],[-8.877351,42.112885],[-8.876965,42.112887],[-8.877053,42.112666]]],[[[-8.90167,42.112686],[-8.901878,42.11272],[-8.901944,42.112905],[-8.901448,42.112904],[-8.90167,42.112686]]],[[[-8.885572,42.113146],[-8.885677,42.113231],[-8.88544,42.113279],[-8.885479,42.113178],[-8.885572,42.113146]]],[[[-8.885946,42.113136],[-8.886237,42.1134],[-8.886271,42.113506],[-8.885976,42.113584],[-8.885946,42.113136]]],[[[-8.876115,42.113506],[-8.876286,42.113525],[-8.876296,42.113632],[-8.876165,42.113657],[-8.876115,42.113506]]],[[[-8.889422,42.113587],[-8.889634,42.113657],[-8.889615,42.113973],[-8.889439,42.113901],[-8.889422,42.113587]]],[[[-8.901513,42.114125],[-8.901655,42.114352],[-8.901282,42.114362],[-8.901319,42.114243],[-8.901513,42.114125]]],[[[-8.874922,42.115107],[-8.875273,42.115251],[-8.875267,42.11544],[-8.874754,42.11526],[-8.874922,42.115107]]],[[[-8.898657,42.115127],[-8.898845,42.115334],[-8.898328,42.115495],[-8.898539,42.115161],[-8.898657,42.115127]]],[[[-8.875756,42.11537],[-8.875954,42.115414],[-8.87593,42.115685],[-8.875748,42.115677],[-8.875756,42.11537]]],[[[-8.901903,42.115455],[-8.902025,42.115467],[-8.902076,42.115617],[-8.901808,42.115604],[-8.901903,42.115455]]],[[[-8.901886,42.114493],[-8.902016,42.11472],[-8.901556,42.114708],[-8.901606,42.114597],[-8.901886,42.114493]]],[[[-8.875292,42.114539],[-8.875342,42.114815],[-8.874907,42.114685],[-8.874995,42.11459],[-8.875292,42.114539]]],[[[-8.89897,42.114859],[-8.899108,42.114906],[-8.899105,42.115005],[-8.898863,42.115009],[-8.89897,42.114859]]],[[[-8.898566,42.113629],[-8.899459,42.114267],[-8.898177,42.114774],[-8.897861,42.114106],[-8.898566,42.113629]]],[[[-8.899416,42.11471],[-8.89987,42.115038],[-8.899765,42.11534],[-8.899347,42.115272],[-8.899416,42.11471]]],[[[-8.902174,42.114982],[-8.902294,42.114976],[-8.902386,42.115052],[-8.902094,42.115166],[-8.902174,42.114982]]],[[[-8.90036,42.114725],[-8.901006,42.114781],[-8.900973,42.11598],[-8.900693,42.115833],[-8.90036,42.114725]]],[[[-8.901782,42.116235],[-8.903433,42.117077],[-8.903344,42.117424],[-8.902216,42.117122],[-8.901782,42.116235]]],[[[-8.86795,42.118688],[-8.868297,42.118778],[-8.868424,42.118969],[-8.867857,42.118855],[-8.86795,42.118688]]],[[[-8.862455,42.12176],[-8.862729,42.121845],[-8.862765,42.121969],[-8.862418,42.121879],[-8.862455,42.12176]]],[[[-8.856081,42.122528],[-8.856325,42.122677],[-8.855882,42.122862],[-8.855839,42.122657],[-8.856081,42.122528]]],[[[-8.874404,42.115521],[-8.874363,42.11573],[-8.873799,42.115912],[-8.873802,42.115813],[-8.874404,42.115521]]],[[[-8.875769,42.115775],[-8.875757,42.116036],[-8.87541,42.115937],[-8.875473,42.115835],[-8.875769,42.115775]]],[[[-8.828482,42.122732],[-8.829399,42.122973],[-8.829694,42.123552],[-8.828442,42.123481],[-8.828482,42.122732]]],[[[-8.825777,42.141837],[-8.826056,42.141984],[-8.826049,42.142039],[-8.825834,42.142068],[-8.825777,42.141837]]],[[[-8.852919,42.145105],[-8.853086,42.145213],[-8.853031,42.14527],[-8.852881,42.145215],[-8.852919,42.145105]]],[[[-8.877976,42.145953],[-8.878212,42.146013],[-8.878205,42.146202],[-8.877983,42.146159],[-8.877976,42.145953]]],[[[-8.866536,42.146117],[-8.866834,42.146201],[-8.86689,42.146279],[-8.86658,42.146331],[-8.866536,42.146117]]],[[[-8.867839,42.14569],[-8.868036,42.145851],[-8.867667,42.14605],[-8.867537,42.145823],[-8.867839,42.14569]]],[[[-8.85526,42.144391],[-8.857504,42.146679],[-8.857091,42.148357],[-8.853687,42.14674],[-8.85526,42.144391]]],[[[-8.877034,42.1461],[-8.87821,42.146643],[-8.878051,42.147407],[-8.875926,42.147057],[-8.877034,42.1461]]],[[[-8.868531,42.145844],[-8.868889,42.14605],[-8.868037,42.146643],[-8.867937,42.146216],[-8.868531,42.145844]]],[[[-8.86592,42.144951],[-8.866417,42.14705],[-8.862354,42.146539],[-8.862903,42.145286],[-8.86592,42.144951]]],[[[-8.875476,42.146909],[-8.875661,42.146945],[-8.875743,42.147049],[-8.875504,42.147079],[-8.875476,42.146909]]],[[[-8.859091,42.147093],[-8.859224,42.147095],[-8.859328,42.14718],[-8.859074,42.147301],[-8.859091,42.147093]]],[[[-8.868397,42.147138],[-8.868583,42.147191],[-8.868646,42.14735],[-8.868515,42.147366],[-8.868397,42.147138]]],[[[-8.873585,42.14725],[-8.873715,42.147351],[-8.873557,42.147476],[-8.87349,42.147398],[-8.873585,42.14725]]],[[[-8.874744,42.147226],[-8.875594,42.147263],[-8.8758,42.147532],[-8.875076,42.147938],[-8.874744,42.147226]]],[[[-8.874566,42.147784],[-8.874773,42.147801],[-8.874659,42.148005],[-8.874512,42.147985],[-8.874566,42.147784]]],[[[-8.859722,42.147637],[-8.859756,42.147743],[-8.859634,42.14774],[-8.859604,42.14767],[-8.859722,42.147637]]],[[[-8.873918,42.147457],[-8.873949,42.147915],[-8.873481,42.147957],[-8.873521,42.147739],[-8.873918,42.147457]]],[[[-8.873523,42.14854],[-8.873783,42.148734],[-8.873776,42.148788],[-8.873604,42.148761],[-8.873523,42.14854]]],[[[-8.868812,42.148224],[-8.868918,42.148326],[-8.868691,42.148356],[-8.868709,42.148283],[-8.868812,42.148224]]],[[[-8.8477,42.148585],[-8.847827,42.148651],[-8.847629,42.148724],[-8.847586,42.148654],[-8.8477,42.148585]]],[[[-8.850183,42.153463],[-8.850322,42.153519],[-8.850339,42.153572],[-8.850197,42.153616],[-8.850183,42.153463]]],[[[-8.850276,42.153945],[-8.850437,42.153981],[-8.850378,42.154264],[-8.850216,42.154083],[-8.850276,42.153945]]],[[[-8.850078,42.156907],[-8.850189,42.156929],[-8.850245,42.157007],[-8.850079,42.157051],[-8.850078,42.156907]]],[[[-8.849712,42.157394],[-8.849824,42.157425],[-8.849837,42.157568],[-8.849594,42.157427],[-8.849712,42.157394]]],[[[-8.849853,42.157738],[-8.84989,42.15788],[-8.849674,42.1579],[-8.849642,42.157821],[-8.849853,42.157738]]],[[[-8.842553,42.157958],[-8.842721,42.158076],[-8.842681,42.158168],[-8.842548,42.158031],[-8.842553,42.157958]]],[[[-8.841857,42.158147],[-8.842069,42.158217],[-8.842022,42.158499],[-8.841836,42.158445],[-8.841857,42.158147]]],[[[-8.816344,42.172537],[-8.81653,42.172581],[-8.816573,42.172651],[-8.816338,42.172735],[-8.816344,42.172537]]],[[[-8.816626,42.172837],[-8.816672,42.172943],[-8.816331,42.17305],[-8.816318,42.172907],[-8.816626,42.172837]]],[[[-8.818286,42.168252],[-8.818523,42.16833],[-8.818559,42.168463],[-8.818452,42.168477],[-8.818286,42.168252]]],[[[-8.81814,42.169168],[-8.818205,42.169345],[-8.81808,42.169433],[-8.817989,42.16923],[-8.81814,42.169168]]],[[[-8.815781,42.171413],[-8.816049,42.171435],[-8.81608,42.171506],[-8.815895,42.171596],[-8.815781,42.171413]]],[[[-8.839079,42.158721],[-8.839133,42.158781],[-8.839078,42.158847],[-8.838985,42.158753],[-8.839079,42.158721]]],[[[-8.842027,42.158678],[-8.842139,42.158718],[-8.842208,42.158939],[-8.842114,42.158971],[-8.842027,42.158678]]],[[[-8.918908,42.250261],[-8.919138,42.250384],[-8.919159,42.250743],[-8.918641,42.250518],[-8.918908,42.250261]]],[[[-8.918227,42.248036],[-8.918583,42.248216],[-8.918633,42.248366],[-8.918162,42.248373],[-8.918227,42.248036]]],[[[-8.948555,42.366276],[-8.949311,42.366704],[-8.949304,42.36765],[-8.947762,42.367523],[-8.948555,42.366276]]],[[[-8.83327,42.286287],[-8.833417,42.286307],[-8.833425,42.286396],[-8.833209,42.286416],[-8.83327,42.286287]]],[[[-8.834818,42.287036],[-8.834873,42.287232],[-8.834672,42.287287],[-8.834667,42.287107],[-8.834818,42.287036]]],[[[-8.833723,42.28621],[-8.834235,42.286238],[-8.834345,42.286376],[-8.833559,42.286398],[-8.833723,42.28621]]],[[[-8.83657,42.291421],[-8.836706,42.29145],[-8.836709,42.291486],[-8.836504,42.291496],[-8.83657,42.291421]]],[[[-8.836924,42.291448],[-8.836944,42.291537],[-8.836836,42.291542],[-8.836818,42.29148],[-8.836924,42.291448]]],[[[-8.838332,42.292906],[-8.838405,42.292902],[-8.838465,42.292899],[-8.838242,42.292983],[-8.838332,42.292906]]],[[[-8.838586,42.293028],[-8.838569,42.293101],[-8.838466,42.293043],[-8.838586,42.293028]]],[[[-8.836822,42.29166],[-8.836871,42.291657],[-8.83689,42.291737],[-8.836806,42.291742],[-8.836822,42.29166]]],[[[-8.836581,42.291672],[-8.836603,42.291779],[-8.836458,42.291787],[-8.836478,42.291732],[-8.836581,42.291672]]],[[[-8.860679,42.293572],[-8.860734,42.293767],[-8.860445,42.293791],[-8.860515,42.293625],[-8.860679,42.293572]]],[[[-8.860816,42.294258],[-8.861011,42.294266],[-8.860997,42.294384],[-8.860779,42.294386],[-8.860816,42.294258]]],[[[-8.860249,42.295853],[-8.860292,42.295923],[-8.860109,42.295914],[-8.860129,42.295868],[-8.860249,42.295853]]],[[[-8.8237,42.297253],[-8.823872,42.297281],[-8.823856,42.297633],[-8.823646,42.297589],[-8.8237,42.297253]]],[[[-8.822971,42.301044],[-8.82305,42.301112],[-8.822949,42.301207],[-8.822911,42.301182],[-8.822971,42.301044]]],[[[-8.824602,42.299935],[-8.824814,42.299996],[-8.824824,42.30023],[-8.824625,42.300186],[-8.824602,42.299935]]],[[[-8.626309,42.304367],[-8.62662,42.30446],[-8.626412,42.304974],[-8.626086,42.30472],[-8.626309,42.304367]]],[[[-8.862207,42.30543],[-8.862392,42.305456],[-8.862429,42.305725],[-8.86211,42.305687],[-8.862207,42.30543]]],[[[-8.822584,42.302234],[-8.822975,42.302268],[-8.822965,42.302557],[-8.822633,42.302502],[-8.822584,42.302234]]],[[[-8.826644,42.303918],[-8.826754,42.303921],[-8.826849,42.304033],[-8.82656,42.304057],[-8.826644,42.303918]]],[[[-8.826344,42.303825],[-8.826415,42.30393],[-8.826287,42.30399],[-8.826281,42.303927],[-8.826344,42.303825]]],[[[-8.828496,42.305588],[-8.828669,42.305615],[-8.828701,42.305703],[-8.828424,42.305726],[-8.828496,42.305588]]],[[[-8.863658,42.307336],[-8.863879,42.307361],[-8.863914,42.307485],[-8.863721,42.307486],[-8.863658,42.307336]]],[[[-8.863762,42.306106],[-8.863754,42.306278],[-8.863521,42.306254],[-8.863594,42.306124],[-8.863762,42.306106]]],[[[-8.862787,42.306318],[-8.862963,42.306381],[-8.862932,42.306572],[-8.862756,42.3065],[-8.862787,42.306318]]],[[[-8.864082,42.306684],[-8.864445,42.306674],[-8.864533,42.306832],[-8.863777,42.306925],[-8.864082,42.306684]]],[[[-8.858212,42.306805],[-8.858504,42.306817],[-8.8585,42.306907],[-8.858068,42.306947],[-8.858212,42.306805]]],[[[-8.859007,42.307664],[-8.859164,42.307782],[-8.858792,42.307828],[-8.858818,42.307719],[-8.859007,42.307664]]],[[[-8.861393,42.305805],[-8.861587,42.30593],[-8.8616,42.306199],[-8.861299,42.306098],[-8.861393,42.305805]]],[[[-8.629384,42.308924],[-8.63008,42.309106],[-8.630074,42.309988],[-8.629147,42.3098],[-8.629384,42.308924]]],[[[-8.631454,42.31037],[-8.631692,42.310458],[-8.6317,42.310547],[-8.631452,42.310479],[-8.631454,42.31037]]],[[[-8.856517,42.309439],[-8.85681,42.309469],[-8.856867,42.309556],[-8.856406,42.309688],[-8.856517,42.309439]]],[[[-8.824149,42.313785],[-8.824321,42.313812],[-8.824291,42.314138],[-8.824082,42.314113],[-8.824149,42.313785]]],[[[-8.824112,42.3143],[-8.824343,42.314567],[-8.82429,42.314651],[-8.82407,42.314635],[-8.824112,42.3143]]],[[[-8.628628,42.306027],[-8.629602,42.307014],[-8.628722,42.30857],[-8.627688,42.30772],[-8.628628,42.306027]]],[[[-8.858299,42.307737],[-8.858384,42.307876],[-8.858254,42.30791],[-8.858203,42.307877],[-8.858299,42.307737]]],[[[-8.647666,42.316952],[-8.647957,42.317487],[-8.647056,42.317721],[-8.647469,42.317322],[-8.647666,42.316952]]],[[[-8.829748,42.322511],[-8.829825,42.322561],[-8.829673,42.322613],[-8.829701,42.322522],[-8.829748,42.322511]]],[[[-8.828883,42.322996],[-8.829043,42.323024],[-8.829038,42.323096],[-8.828862,42.323159],[-8.828883,42.322996]]],[[[-8.829118,42.323038],[-8.829427,42.323103],[-8.829432,42.323157],[-8.829189,42.323151],[-8.829118,42.323038]]],[[[-8.828136,42.322782],[-8.828565,42.322967],[-8.827646,42.323914],[-8.827458,42.323195],[-8.828136,42.322782]]],[[[-8.827882,42.3241],[-8.827944,42.324511],[-8.827475,42.324292],[-8.827482,42.324238],[-8.827882,42.3241]]],[[[-8.827289,42.324778],[-8.827485,42.324795],[-8.827492,42.324867],[-8.827302,42.324913],[-8.827289,42.324778]]],[[[-8.828332,42.327525],[-8.828456,42.327555],[-8.82855,42.327649],[-8.82815,42.327651],[-8.828332,42.327525]]],[[[-8.827306,42.332294],[-8.827381,42.332317],[-8.82739,42.332416],[-8.827268,42.332413],[-8.827306,42.332294]]],[[[-8.827174,42.332436],[-8.827286,42.332466],[-8.82727,42.332566],[-8.82716,42.332554],[-8.827174,42.332436]]],[[[-8.827035,42.324917],[-8.82711,42.325067],[-8.826872,42.325124],[-8.826869,42.324953],[-8.827035,42.324917]]],[[[-8.827047,42.325178],[-8.827132,42.325174],[-8.82716,42.325217],[-8.827006,42.325261],[-8.827047,42.325178]]],[[[-8.826974,42.325308],[-8.827111,42.325472],[-8.826801,42.325532],[-8.826789,42.325398],[-8.826974,42.325308]]],[[[-8.826324,42.325494],[-8.826385,42.325626],[-8.826172,42.325682],[-8.826137,42.325566],[-8.826324,42.325494]]],[[[-8.768404,42.336273],[-8.768565,42.33631],[-8.768529,42.336572],[-8.76839,42.336516],[-8.768404,42.336273]]],[[[-8.797724,42.336733],[-8.797752,42.336903],[-8.797537,42.336941],[-8.797544,42.336752],[-8.797724,42.336733]]],[[[-8.797405,42.336561],[-8.797517,42.3366],[-8.797478,42.336701],[-8.797377,42.336652],[-8.797405,42.336561]]],[[[-8.915977,42.216151],[-8.916615,42.216235],[-8.917318,42.217018],[-8.916116,42.217242],[-8.915977,42.216151]]],[[[-8.913388,42.203881],[-8.913485,42.204011],[-8.913332,42.204064],[-8.91327,42.203914],[-8.913388,42.203881]]],[[[-8.913277,42.204121],[-8.913738,42.204394],[-8.913785,42.204634],[-8.913542,42.20462],[-8.913277,42.204121]]],[[[-8.912884,42.193969],[-8.913116,42.194119],[-8.912758,42.194308],[-8.912735,42.194058],[-8.912884,42.193969]]],[[[-8.911949,42.194584],[-8.912031,42.194688],[-8.9118,42.194799],[-8.91174,42.194685],[-8.911949,42.194584]]],[[[-8.816999,42.18742],[-8.817145,42.187565],[-8.816962,42.187809],[-8.816795,42.1877],[-8.816999,42.18742]]],[[[-8.81746,42.189007],[-8.817613,42.189099],[-8.817744,42.189596],[-8.817108,42.189259],[-8.81746,42.189007]]],[[[-8.817926,42.189605],[-8.818222,42.189662],[-8.818226,42.189707],[-8.817951,42.189748],[-8.817926,42.189605]]],[[[-8.81022,42.191239],[-8.810238,42.191562],[-8.810194,42.191609],[-8.810033,42.191438],[-8.81022,42.191239]]],[[[-8.810715,42.191358],[-8.810882,42.191592],[-8.81082,42.191704],[-8.810714,42.191601],[-8.810715,42.191358]]],[[[-8.810359,42.19143],[-8.81039,42.1915],[-8.810335,42.191566],[-8.810313,42.191459],[-8.810359,42.19143]]],[[[-8.810483,42.19146],[-8.810575,42.191545],[-8.810549,42.191654],[-8.810511,42.191638],[-8.810483,42.19146]]],[[[-8.810508,42.196473],[-8.810535,42.196642],[-8.810444,42.196701],[-8.810439,42.196521],[-8.810508,42.196473]]],[[[-8.810815,42.196655],[-8.810859,42.196869],[-8.810567,42.196992],[-8.810622,42.196791],[-8.810815,42.196655]]],[[[-8.810144,42.191729],[-8.810259,42.191795],[-8.81011,42.191884],[-8.810065,42.191787],[-8.810144,42.191729]]],[[[-8.810588,42.191814],[-8.810692,42.19189],[-8.810618,42.192011],[-8.810567,42.191987],[-8.810588,42.191814]]],[[[-8.809161,42.193021],[-8.809542,42.193209],[-8.80956,42.193271],[-8.809153,42.193328],[-8.809161,42.193021]]],[[[-8.810334,42.191944],[-8.810411,42.191994],[-8.810207,42.192149],[-8.810189,42.192087],[-8.810334,42.191944]]],[[[-8.807386,42.195569],[-8.807451,42.195755],[-8.807337,42.195823],[-8.807312,42.19569],[-8.807386,42.195569]]],[[[-8.80758,42.195577],[-8.807673,42.195662],[-8.807616,42.195836],[-8.807531,42.195832],[-8.80758,42.195577]]],[[[-8.910913,42.178327],[-8.911015,42.178375],[-8.910925,42.178452],[-8.910862,42.178428],[-8.910913,42.178327]]],[[[-8.9106,42.178217],[-8.910634,42.178449],[-8.910602,42.178496],[-8.910489,42.178448],[-8.9106,42.178217]]],[[[-8.911413,42.179012],[-8.911424,42.179128],[-8.911299,42.17909],[-8.911413,42.179012]]],[[[-8.910019,42.177824],[-8.910238,42.177839],[-8.910284,42.177945],[-8.910002,42.177897],[-8.910019,42.177824]]],[[[-8.906416,42.177866],[-8.906625,42.1779],[-8.906577,42.178164],[-8.906198,42.17812],[-8.906416,42.177866]]],[[[-8.910136,42.17933],[-8.910386,42.179416],[-8.91054,42.179516],[-8.909916,42.17944],[-8.910136,42.17933]]],[[[-8.909841,42.178121],[-8.910223,42.178587],[-8.909875,42.179127],[-8.909279,42.178843],[-8.909841,42.178121]]],[[[-8.907253,42.179047],[-8.907408,42.179147],[-8.906979,42.179223],[-8.907037,42.179067],[-8.907253,42.179047]]],[[[-8.91039,42.178948],[-8.910623,42.178981],[-8.910647,42.179106],[-8.910282,42.179088],[-8.91039,42.178948]]],[[[-8.911184,42.179546],[-8.911276,42.179622],[-8.911069,42.179606],[-8.911102,42.179568],[-8.911184,42.179546]]],[[[-8.778497,42.217107],[-8.778569,42.217239],[-8.778441,42.21729],[-8.778358,42.217177],[-8.778497,42.217107]]],[[[-8.898218,42.213621],[-8.89892,42.214909],[-8.898864,42.215344],[-8.897667,42.214847],[-8.898218,42.213621]]],[[[-8.803865,42.199286],[-8.804048,42.199294],[-8.803945,42.199497],[-8.803786,42.199344],[-8.803865,42.199286]]],[[[-8.892492,42.190647],[-8.91268,42.195546],[-8.91249,42.205935],[-8.892017,42.196334],[-8.892492,42.190647]],[[-8.912281,42.196449],[-8.9121,42.196719],[-8.912479,42.196762],[-8.912474,42.196448],[-8.912281,42.196449]],[[-8.911842,42.196543],[-8.911747,42.196701],[-8.911816,42.196788],[-8.911986,42.196662],[-8.911842,42.196543]],[[-8.911229,42.196467],[-8.911248,42.196664],[-8.911572,42.196503],[-8.91146,42.196473],[-8.911229,42.196467]],[[-8.910212,42.196979],[-8.910126,42.1971],[-8.910197,42.197213],[-8.910331,42.19709],[-8.910212,42.196979]],[[-8.910898,42.196682],[-8.910868,42.196882],[-8.911,42.196866],[-8.911037,42.196738],[-8.910898,42.196682]],[[-8.911238,42.200571],[-8.911036,42.200618],[-8.911023,42.200736],[-8.911304,42.200757],[-8.911238,42.200571]]],[[[-8.804302,42.199425],[-8.804364,42.199575],[-8.804195,42.199575],[-8.804184,42.199458],[-8.804302,42.199425]]],[[[-8.802511,42.199174],[-8.804842,42.200298],[-8.799045,42.202699],[-8.799462,42.200778],[-8.802511,42.199174]]],[[[-8.912938,42.20205],[-8.91319,42.202415],[-8.912792,42.203471],[-8.912665,42.203144],[-8.912938,42.20205]]],[[[-8.911754,42.206351],[-8.911908,42.206442],[-8.911954,42.2068],[-8.911622,42.206619],[-8.911754,42.206351]]],[[[-8.897745,42.237987],[-8.897978,42.23802],[-8.897983,42.238074],[-8.897621,42.238083],[-8.897745,42.237987]]],[[[-8.897984,42.238218],[-8.898123,42.238408],[-8.897924,42.238482],[-8.897833,42.238279],[-8.897984,42.238218]]],[[[-8.911759,42.243276],[-8.911988,42.243642],[-8.911437,42.24359],[-8.91149,42.24338],[-8.911759,42.243276]]],[[[-8.902329,42.239983],[-8.902364,42.240098],[-8.902136,42.240128],[-8.902152,42.240037],[-8.902329,42.239983]]],[[[-8.90901,42.218564],[-8.909136,42.218621],[-8.909107,42.218694],[-8.90898,42.218638],[-8.90901,42.218564]]],[[[-8.780396,42.219073],[-8.78042,42.219468],[-8.779871,42.219414],[-8.779896,42.219296],[-8.780396,42.219073]]],[[[-8.779003,42.21854],[-8.7791,42.21867],[-8.778736,42.218923],[-8.778714,42.218816],[-8.779003,42.21854]]],[[[-8.779119,42.218876],[-8.779236,42.218969],[-8.779087,42.219058],[-8.779024,42.219034],[-8.779119,42.218876]]],[[[-8.777506,42.220974],[-8.777974,42.221059],[-8.777983,42.221688],[-8.777282,42.221562],[-8.777506,42.220974]]],[[[-8.776851,42.220827],[-8.77699,42.221018],[-8.776937,42.221102],[-8.776769,42.220993],[-8.776851,42.220827]]],[[[-8.77465,42.222586],[-8.774969,42.222633],[-8.775015,42.222738],[-8.774556,42.222879],[-8.77465,42.222586]]],[[[-8.774236,42.222697],[-8.774357,42.222952],[-8.774227,42.222994],[-8.774156,42.222872],[-8.774236,42.222697]]],[[[-8.777838,42.22328],[-8.778315,42.223589],[-8.777978,42.224146],[-8.777217,42.223896],[-8.777838,42.22328]]],[[[-8.772824,42.223803],[-8.773005,42.223803],[-8.773061,42.223881],[-8.772904,42.223889],[-8.772824,42.223803]]],[[[-8.772978,42.223507],[-8.773054,42.22354],[-8.773018,42.223676],[-8.772905,42.223628],[-8.772978,42.223507]]],[[[-8.77161,42.224306],[-8.772114,42.224523],[-8.772175,42.224655],[-8.771946,42.224667],[-8.77161,42.224306]]],[[[-8.772942,42.22404],[-8.772953,42.224157],[-8.772807,42.224146],[-8.772823,42.224055],[-8.772942,42.22404]]],[[[-8.764648,42.225125],[-8.764793,42.225253],[-8.764476,42.225233],[-8.764472,42.225188],[-8.764648,42.225125]]],[[[-8.765163,42.225198],[-8.765185,42.225431],[-8.764948,42.225497],[-8.764902,42.225382],[-8.765163,42.225198]]],[[[-8.765317,42.225686],[-8.765297,42.226137],[-8.764999,42.226053],[-8.765082,42.225769],[-8.765317,42.225686]]],[[[-8.76631,42.226347],[-8.766459,42.226924],[-8.766086,42.227213],[-8.765961,42.226634],[-8.76631,42.226347]]],[[[-8.778447,42.228344],[-8.778584,42.228382],[-8.778558,42.228492],[-8.778373,42.228456],[-8.778447,42.228344]]],[[[-8.913796,42.211349],[-8.903507,42.22434],[-8.914132,42.251525],[-8.895472,42.227401],[-8.901927,42.224799],[-8.899222,42.217107],[-8.913796,42.211349]],[[-8.90676,42.237494],[-8.906685,42.237597],[-8.906759,42.237746],[-8.906921,42.237666],[-8.90676,42.237494]],[[-8.909034,42.239402],[-8.908864,42.239519],[-8.909406,42.239617],[-8.909397,42.239527],[-8.909034,42.239402]],[[-8.910231,42.242743],[-8.910094,42.242831],[-8.910323,42.242945],[-8.910355,42.242899],[-8.910231,42.242743]]],[[[-8.777652,42.226143],[-8.777789,42.226181],[-8.777786,42.22628],[-8.777605,42.226289],[-8.777652,42.226143]]],[[[-8.903926,42.243852],[-8.904004,42.244037],[-8.903836,42.244055],[-8.903801,42.243939],[-8.903926,42.243852]]],[[[-8.910158,42.249588],[-8.910193,42.249703],[-8.910129,42.249797],[-8.910092,42.249664],[-8.910158,42.249588]]],[[[-8.792352,42.241018],[-8.792418,42.241203],[-8.792125,42.241182],[-8.792117,42.241093],[-8.792352,42.241018]]],[[[-8.74821,42.268064],[-8.748331,42.268058],[-8.748351,42.268147],[-8.74823,42.268153],[-8.74821,42.268064]]],[[[-8.74821,42.267668],[-8.748416,42.267658],[-8.748421,42.267721],[-8.748259,42.267801],[-8.74821,42.267668]]],[[[-8.740094,42.269841],[-8.740335,42.269954],[-8.740331,42.270054],[-8.740085,42.270138],[-8.740094,42.269841]]],[[[-8.742906,42.269978],[-8.743024,42.270071],[-8.74288,42.270223],[-8.742823,42.270001],[-8.742906,42.269978]]],[[[-8.74035,42.270386],[-8.740461,42.270407],[-8.740519,42.270512],[-8.740315,42.270541],[-8.74035,42.270386]]],[[[-8.708709,42.274608],[-8.708912,42.274841],[-8.708711,42.275301],[-8.708581,42.274668],[-8.708709,42.274608]]],[[[-8.704372,42.259089],[-8.704431,42.259203],[-8.704212,42.259196],[-8.704252,42.259104],[-8.704372,42.259089]]],[[[-8.746391,42.263934],[-8.746557,42.264025],[-8.746276,42.264129],[-8.746249,42.263968],[-8.746391,42.263934]]],[[[-8.794483,42.246023],[-8.794595,42.246053],[-8.794569,42.246162],[-8.794417,42.246089],[-8.794483,42.246023]]],[[[-8.863508,42.246041],[-8.863798,42.246296],[-8.863108,42.246817],[-8.863347,42.24613],[-8.863508,42.246041]]],[[[-8.828353,42.249765],[-8.828517,42.250486],[-8.827955,42.250703],[-8.827682,42.250105],[-8.828353,42.249765]]],[[[-8.831671,42.251054],[-8.831819,42.251082],[-8.831762,42.251247],[-8.831486,42.251153],[-8.831671,42.251054]]],[[[-8.763176,42.254906],[-8.763372,42.254932],[-8.763392,42.255021],[-8.76315,42.255024],[-8.763176,42.254906]]],[[[-8.761562,42.256077],[-8.76208,42.256177],[-8.762088,42.256392],[-8.761857,42.256386],[-8.761562,42.256077]]],[[[-8.76012,42.257797],[-8.760267,42.257951],[-8.760151,42.258137],[-8.760041,42.257999],[-8.76012,42.257797]]],[[[-8.765667,42.257895],[-8.765882,42.258001],[-8.765794,42.258231],[-8.76564,42.25814],[-8.765667,42.257895]]],[[[-8.763947,42.258045],[-8.764057,42.258048],[-8.764149,42.258125],[-8.76402,42.258176],[-8.763947,42.258045]]],[[[-8.763424,42.257891],[-8.763512,42.258058],[-8.763251,42.258512],[-8.763102,42.258205],[-8.763424,42.257891]]],[[[-8.764377,42.257312],[-8.7644,42.257698],[-8.763945,42.257883],[-8.763858,42.257734],[-8.764377,42.257312]]],[[[-8.760213,42.258161],[-8.760522,42.258488],[-8.760311,42.258831],[-8.759933,42.258544],[-8.760213,42.258161]]],[[[-8.813101,42.258202],[-8.813449,42.258824],[-8.813174,42.259],[-8.812944,42.25848],[-8.813101,42.258202]]],[[[-8.821355,42.280143],[-8.821503,42.280307],[-8.821132,42.280749],[-8.820995,42.28045],[-8.821355,42.280143]]],[[[-8.921319,42.399791],[-8.921382,42.400076],[-8.920899,42.399975],[-8.920918,42.39992],[-8.921319,42.399791]]],[[[-8.920941,42.400162],[-8.921319,42.400439],[-8.921164,42.401113],[-8.9204,42.400478],[-8.920941,42.400162]]],[[[-8.920597,42.401278],[-8.92075,42.40136],[-8.920664,42.401607],[-8.920459,42.401492],[-8.920597,42.401278]]],[[[-8.921542,42.401643],[-8.92171,42.401751],[-8.921624,42.401863],[-8.921461,42.401809],[-8.921542,42.401643]]],[[[-8.859803,42.402918],[-8.860473,42.403585],[-8.860195,42.403996],[-8.85942,42.403243],[-8.859803,42.402918]]],[[[-8.860654,42.403702],[-8.860627,42.403812],[-8.860567,42.403815],[-8.860534,42.403726],[-8.860654,42.403702]]],[[[-8.861032,42.403719],[-8.861161,42.403802],[-8.860834,42.403945],[-8.860822,42.403811],[-8.861032,42.403719]]],[[[-8.861252,42.403996],[-8.861219,42.404159],[-8.861003,42.404062],[-8.861073,42.404032],[-8.861252,42.403996]]],[[[-8.890801,42.404357],[-8.890938,42.404395],[-8.891072,42.404523],[-8.890725,42.404577],[-8.890801,42.404357]]],[[[-8.861376,42.404286],[-8.8615,42.404442],[-8.861263,42.404508],[-8.861224,42.404348],[-8.861376,42.404286]]],[[[-8.938902,42.45504],[-8.939013,42.455187],[-8.938842,42.455304],[-8.938782,42.455055],[-8.938902,42.45504]]],[[[-8.939337,42.455143],[-8.939424,42.455292],[-8.939234,42.455338],[-8.939174,42.455215],[-8.939337,42.455143]]],[[[-8.941929,42.460293],[-8.942021,42.460495],[-8.941809,42.460569],[-8.941751,42.460338],[-8.941929,42.460293]]],[[[-8.940174,42.459997],[-8.940282,42.460108],[-8.939901,42.460191],[-8.939996,42.460033],[-8.940174,42.459997]]],[[[-8.939923,42.459524],[-8.940127,42.459621],[-8.940068,42.459768],[-8.939969,42.459755],[-8.939923,42.459524]]],[[[-8.937363,42.456119],[-8.937564,42.456181],[-8.93755,42.45629],[-8.937332,42.456301],[-8.937363,42.456119]]],[[[-8.939135,42.455442],[-8.939172,42.455584],[-8.938996,42.455647],[-8.93903,42.455492],[-8.939135,42.455442]]],[[[-8.938748,42.455471],[-8.93879,42.455658],[-8.938618,42.45564],[-8.938613,42.455586],[-8.938748,42.455471]]],[[[-8.939444,42.455624],[-8.939559,42.455816],[-8.939173,42.455971],[-8.939212,42.455744],[-8.939444,42.455624]]],[[[-8.938404,42.456452],[-8.938377,42.456679],[-8.938142,42.456772],[-8.93812,42.456539],[-8.938404,42.456452]]],[[[-8.938982,42.456908],[-8.939105,42.456929],[-8.939112,42.457126],[-8.938857,42.457005],[-8.938982,42.456908]]],[[[-8.937672,42.456688],[-8.937903,42.456685],[-8.937911,42.456892],[-8.937714,42.456875],[-8.937672,42.456688]]],[[[-8.939438,42.45954],[-8.939708,42.459688],[-8.939592,42.460135],[-8.939407,42.459983],[-8.939438,42.45954]]],[[[-8.94401,42.46608],[-8.944089,42.466148],[-8.943849,42.466179],[-8.94389,42.466096],[-8.94401,42.46608]]],[[[-8.939539,42.468167],[-8.939651,42.468189],[-8.939714,42.468347],[-8.939384,42.46832],[-8.939539,42.468167]]],[[[-8.939795,42.467533],[-8.939853,42.467629],[-8.93972,42.467636],[-8.939725,42.467564],[-8.939795,42.467533]]],[[[-8.940339,42.467496],[-8.940549,42.467656],[-8.940599,42.467932],[-8.940219,42.467898],[-8.940339,42.467496]]],[[[-8.939978,42.467667],[-8.940073,42.467771],[-8.939958,42.46784],[-8.939894,42.467807],[-8.939978,42.467667]]],[[[-8.94001,42.467873],[-8.940075,42.467923],[-8.939961,42.468001],[-8.939929,42.467922],[-8.94001,42.467873]]],[[[-8.939973,42.474788],[-8.940103,42.474871],[-8.939957,42.475005],[-8.939814,42.474904],[-8.939973,42.474788]]],[[[-8.943003,42.475711],[-8.943142,42.475892],[-8.942868,42.476078],[-8.942815,42.475901],[-8.943003,42.475711]]],[[[-8.942812,42.460499],[-8.942911,42.460647],[-8.942563,42.460701],[-8.942569,42.460637],[-8.942812,42.460499]]],[[[-8.941258,42.460787],[-8.941476,42.460775],[-8.941596,42.460886],[-8.941212,42.460942],[-8.941258,42.460787]]],[[[-8.942074,42.461563],[-8.942201,42.462133],[-8.941992,42.462243],[-8.941779,42.461786],[-8.942074,42.461563]]],[[[-8.942882,42.462646],[-8.944193,42.463397],[-8.943966,42.464462],[-8.942172,42.464133],[-8.942882,42.462646]]],[[[-8.943417,42.465463],[-8.94362,42.465561],[-8.943465,42.465974],[-8.943216,42.465654],[-8.943417,42.465463]]],[[[-8.942848,42.465241],[-8.942807,42.465702],[-8.942429,42.465686],[-8.942602,42.465335],[-8.942848,42.465241]]],[[[-8.941569,42.465721],[-8.941716,42.465867],[-8.941591,42.465954],[-8.941502,42.465788],[-8.941569,42.465721]]],[[[-8.943085,42.466075],[-8.943362,42.466168],[-8.943365,42.46633],[-8.943163,42.466377],[-8.943085,42.466075]]],[[[-8.944798,42.476301],[-8.945428,42.476908],[-8.944546,42.478511],[-8.943849,42.477575],[-8.944798,42.476301]]],[[[-8.939916,42.476879],[-8.939932,42.47705],[-8.939676,42.477036],[-8.939694,42.476972],[-8.939916,42.476879]]],[[[-8.942726,42.476877],[-8.942929,42.477071],[-8.942689,42.477181],[-8.94255,42.476964],[-8.942726,42.476877]]],[[[-8.940008,42.476443],[-8.940325,42.47657],[-8.940411,42.476836],[-8.939827,42.476704],[-8.940008,42.476443]]],[[[-8.939639,42.47639],[-8.939693,42.476576],[-8.939526,42.476612],[-8.939537,42.476467],[-8.939639,42.47639]]],[[[-8.939151,42.476253],[-8.939232,42.47633],[-8.939076,42.476482],[-8.939047,42.47643],[-8.939151,42.476253]]],[[[-8.939386,42.476295],[-8.939451,42.476463],[-8.939322,42.476514],[-8.939298,42.476389],[-8.939386,42.476295]]],[[[-8.938531,42.478554],[-8.938642,42.478575],[-8.938676,42.478672],[-8.938523,42.478725],[-8.938531,42.478554]]],[[[-8.937928,42.478864],[-8.938148,42.47888],[-8.938154,42.478942],[-8.937915,42.478982],[-8.937928,42.478864]]],[[[-8.937884,42.477507],[-8.937944,42.47763],[-8.937746,42.477712],[-8.937734,42.477587],[-8.937884,42.477507]]],[[[-8.937928,42.477838],[-8.937949,42.477936],[-8.937771,42.477981],[-8.937762,42.477883],[-8.937928,42.477838]]],[[[-8.938341,42.478096],[-8.938521,42.478194],[-8.938425,42.478334],[-8.938348,42.478293],[-8.938341,42.478096]]],[[[-8.937397,42.47801],[-8.937507,42.478022],[-8.937542,42.478128],[-8.937398,42.478154],[-8.937397,42.47801]]],[[[-8.938223,42.478255],[-8.938291,42.478332],[-8.938182,42.478464],[-8.938074,42.478353],[-8.938223,42.478255]]],[[[-8.937983,42.47842],[-8.937985,42.478573],[-8.937903,42.478604],[-8.937889,42.478452],[-8.937983,42.47842]]],[[[-8.803563,42.609718],[-8.803686,42.60973],[-8.803702,42.609774],[-8.80356,42.609817],[-8.803563,42.609718]]],[[[-8.803153,42.609901],[-8.803215,42.609907],[-8.803249,42.610013],[-8.803137,42.609992],[-8.803153,42.609901]]],[[[-8.797377,42.60951],[-8.797277,42.611451],[-8.796421,42.611413],[-8.795732,42.61017],[-8.797377,42.60951]]],[[[-8.802353,42.609681],[-8.802533,42.609789],[-8.802495,42.609899],[-8.802237,42.609876],[-8.802353,42.609681]]],[[[-8.802926,42.609949],[-8.803053,42.610131],[-8.803051,42.610239],[-8.802938,42.610209],[-8.802926,42.609949]]],[[[-8.80272,42.614145],[-8.802963,42.614268],[-8.803036,42.614786],[-8.802444,42.614582],[-8.80272,42.614145]]],[[[-8.790904,42.610802],[-8.791589,42.611091],[-8.791636,42.611332],[-8.79097,42.611384],[-8.790904,42.610802]]],[[[-8.792587,42.611338],[-8.793073,42.611583],[-8.793827,42.612751],[-8.792456,42.612416],[-8.792587,42.611338]]],[[[-8.786777,42.614],[-8.788691,42.620168],[-8.780287,42.62234],[-8.778294,42.618724],[-8.786777,42.614]]],[[[-8.737902,42.663304],[-8.737153,42.664305],[-8.736129,42.664446],[-8.736183,42.664102],[-8.737902,42.663304]]],[[[-8.733238,42.665897],[-8.731579,42.667358],[-8.730679,42.668834],[-8.731023,42.667007],[-8.733238,42.665897]]],[[[-8.909033,42.532402],[-8.909492,42.533783],[-8.907087,42.534609],[-8.907272,42.533087],[-8.909033,42.532402]]],[[[-8.8659,42.518432],[-8.866117,42.519186],[-8.864938,42.519462],[-8.86574,42.5188],[-8.8659,42.518432]]],[[[-8.870361,42.521227],[-8.870332,42.521823],[-8.869597,42.521509],[-8.869659,42.521398],[-8.870361,42.521227]]],[[[-8.868507,42.520143],[-8.868729,42.520303],[-8.868576,42.520617],[-8.868303,42.520298],[-8.868507,42.520143]]],[[[-8.877514,42.527151],[-8.878155,42.527623],[-8.877761,42.528219],[-8.877125,42.52754],[-8.877514,42.527151]]],[[[-8.819968,42.52305],[-8.820051,42.523289],[-8.819698,42.52355],[-8.819696,42.523271],[-8.819968,42.52305]]],[[[-8.827595,42.530442],[-8.827945,42.531853],[-8.827273,42.532078],[-8.827242,42.531397],[-8.827595,42.530442]]],[[[-8.90292,42.535977],[-8.903116,42.536381],[-8.902583,42.536534],[-8.902803,42.536028],[-8.90292,42.535977]]],[[[-8.902217,42.536013],[-8.902409,42.536111],[-8.902336,42.536232],[-8.902095,42.536137],[-8.902217,42.536013]]],[[[-8.905777,42.539934],[-8.906927,42.541531],[-8.905845,42.542199],[-8.905431,42.541167],[-8.905777,42.539934]]],[[[-8.906616,42.542627],[-8.906858,42.542867],[-8.906593,42.54315],[-8.906513,42.542696],[-8.906616,42.542627]]],[[[-8.914874,42.543694],[-8.915184,42.543759],[-8.915441,42.54416],[-8.914755,42.544366],[-8.914874,42.543694]]],[[[-8.901254,42.537278],[-8.904445,42.540777],[-8.897238,42.543481],[-8.901405,42.539521],[-8.901254,42.537278]]],[[[-8.914059,42.543574],[-8.914603,42.544563],[-8.917052,42.54549],[-8.916636,42.547518],[-8.913354,42.545645],[-8.914059,42.543574]]],[[[-8.912083,42.543794],[-8.912835,42.544151],[-8.912618,42.545584],[-8.911802,42.545329],[-8.912083,42.543794]]],[[[-8.906992,42.543634],[-8.907975,42.544888],[-8.907902,42.546819],[-8.906109,42.545885],[-8.906992,42.543634]]],[[[-8.829375,42.536613],[-8.830069,42.53701],[-8.829494,42.538543],[-8.828836,42.537496],[-8.829375,42.536613]]],[[[-8.827684,42.533495],[-8.827998,42.534514],[-8.827214,42.535238],[-8.82724,42.533689],[-8.827684,42.533495]]],[[[-8.871644,42.53488],[-8.87197,42.535367],[-8.871609,42.535665],[-8.871108,42.535259],[-8.871644,42.53488]]],[[[-8.874736,42.534883],[-8.875277,42.535845],[-8.874245,42.536258],[-8.874299,42.535157],[-8.874736,42.534883]]],[[[-8.877288,42.535877],[-8.877528,42.536612],[-8.877208,42.537483],[-8.876841,42.536809],[-8.877288,42.535877]]],[[[-8.831591,42.541181],[-8.832808,42.54183],[-8.832317,42.542566],[-8.831316,42.54241],[-8.831591,42.541181]]],[[[-8.888258,42.544169],[-8.888567,42.544469],[-8.888425,42.544773],[-8.888165,42.544597],[-8.888258,42.544169]]],[[[-8.833312,42.543839],[-8.833807,42.544579],[-8.832987,42.544792],[-8.833174,42.543927],[-8.833312,42.543839]]],[[[-8.865247,42.543742],[-8.865384,42.544041],[-8.864813,42.543927],[-8.864888,42.543815],[-8.865247,42.543742]]],[[[-8.823748,42.554202],[-8.8246,42.554978],[-8.82467,42.555856],[-8.822685,42.554679],[-8.823748,42.554202]]],[[[-8.833812,42.550367],[-8.833907,42.550596],[-8.833605,42.550629],[-8.833608,42.550521],[-8.833812,42.550367]]],[[[-8.836262,42.549872],[-8.836615,42.549998],[-8.836552,42.550632],[-8.835984,42.550283],[-8.836262,42.549872]]],[[[-8.837922,42.550175],[-8.839508,42.550868],[-8.837951,42.552703],[-8.837509,42.550844],[-8.837922,42.550175]]],[[[-8.877851,42.554392],[-8.877999,42.554933],[-8.877867,42.555084],[-8.877427,42.554674],[-8.877851,42.554392]]],[[[-8.873437,42.553944],[-8.874699,42.554545],[-8.87457,42.555632],[-8.873315,42.554328],[-8.873437,42.553944]]],[[[-8.839872,42.546951],[-8.840381,42.547177],[-8.840427,42.547418],[-8.839475,42.547386],[-8.839872,42.546951]]],[[[-8.873956,42.547679],[-8.874388,42.548386],[-8.873987,42.548532],[-8.873825,42.548225],[-8.873956,42.547679]]],[[[-8.874702,42.547586],[-8.875024,42.547777],[-8.874853,42.548155],[-8.874641,42.548102],[-8.874702,42.547586]]],[[[-8.887537,42.54427],[-8.887934,42.5446],[-8.887339,42.545396],[-8.887282,42.544535],[-8.887537,42.54427]]],[[[-8.887808,42.545327],[-8.888157,42.545417],[-8.888202,42.54564],[-8.887797,42.545606],[-8.887808,42.545327]]],[[[-8.871754,42.524135],[-8.875341,42.529793],[-8.881804,42.530189],[-8.871077,42.532082],[-8.871887,42.533058],[-8.870835,42.535336],[-8.871661,42.537255],[-8.879857,42.540272],[-8.871665,42.544943],[-8.870013,42.560907],[-8.874479,42.563324],[-8.880742,42.557681],[-8.891915,42.568466],[-8.876652,42.574887],[-8.870823,42.564079],[-8.855878,42.56599],[-8.862913,42.551694],[-8.856026,42.546799],[-8.868,42.543376],[-8.863809,42.526362],[-8.871754,42.524135]]],[[[-8.889508,42.564251],[-8.889868,42.564457],[-8.889987,42.564811],[-8.889533,42.564772],[-8.889508,42.564251]]],[[[-8.890333,42.565901],[-8.890655,42.565956],[-8.890653,42.566064],[-8.890303,42.566091],[-8.890333,42.565901]]],[[[-8.891094,42.566735],[-8.891481,42.566832],[-8.891517,42.566956],[-8.891188,42.56709],[-8.891094,42.566735]]],[[[-8.85809,42.567236],[-8.858265,42.567542],[-8.857984,42.567664],[-8.857949,42.567297],[-8.85809,42.567236]]],[[[-8.832681,42.569661],[-8.832911,42.56965],[-8.832989,42.5697],[-8.832632,42.56979],[-8.832681,42.569661]]],[[[-8.834492,42.570667],[-8.834498,42.570856],[-8.834229,42.570843],[-8.83422,42.570753],[-8.834492,42.570667]]],[[[-8.872932,42.555302],[-8.873189,42.555703],[-8.872873,42.555836],[-8.872663,42.555415],[-8.872932,42.555302]]],[[[-8.882328,42.557456],[-8.882775,42.557676],[-8.882842,42.558005],[-8.88227,42.557621],[-8.882328,42.557456]]],[[[-8.877577,42.55743],[-8.877712,42.557441],[-8.877737,42.557584],[-8.877543,42.557594],[-8.877577,42.55743]]],[[[-8.872066,42.559811],[-8.872765,42.560648],[-8.872242,42.561035],[-8.871752,42.56062],[-8.872066,42.559811]]],[[[-8.875907,42.558452],[-8.876158,42.558656],[-8.875933,42.558856],[-8.875737,42.558713],[-8.875907,42.558452]]],[[[-8.823306,42.557294],[-8.823641,42.558402],[-8.823031,42.559046],[-8.822591,42.557853],[-8.823306,42.557294]]],[[[-8.823672,42.578952],[-8.823761,42.578993],[-8.823682,42.57906],[-8.823644,42.579044],[-8.823672,42.578952]]],[[[-8.824241,42.579571],[-8.824354,42.57961],[-8.824329,42.579729],[-8.824228,42.579689],[-8.824241,42.579571]]],[[[-8.826353,42.580661],[-8.826851,42.58104],[-8.826904,42.581218],[-8.826167,42.581021],[-8.826353,42.580661]]],[[[-8.826609,42.581188],[-8.8267,42.581255],[-8.826646,42.581321],[-8.826521,42.581291],[-8.826609,42.581188]]],[[[-8.824086,42.579345],[-8.824179,42.57943],[-8.824157,42.579585],[-8.82408,42.579543],[-8.824086,42.579345]]],[[[-8.823891,42.579607],[-8.824088,42.579633],[-8.824136,42.579757],[-8.823713,42.579661],[-8.823891,42.579607]]],[[[-8.808519,42.583136],[-8.808638,42.583499],[-8.807898,42.583662],[-8.807975,42.583442],[-8.808519,42.583136]]],[[[-8.688488,42.432334],[-8.688773,42.432536],[-8.688693,42.43272],[-8.688225,42.432653],[-8.688488,42.432334]]],[[[-8.688706,42.433133],[-8.688914,42.433411],[-8.688303,42.433784],[-8.688303,42.433514],[-8.688706,42.433133]]],[[[-8.708175,42.407641],[-8.712571,42.411499],[-8.708606,42.414785],[-8.705284,42.411647],[-8.708175,42.407641]]],[[[-8.874505,42.437864],[-8.8747,42.437872],[-8.874827,42.438064],[-8.874568,42.438149],[-8.874505,42.437864]]],[[[-8.87331,42.437818],[-8.873589,42.437947],[-8.873687,42.438212],[-8.873086,42.438027],[-8.87331,42.437818]]],[[[-8.877875,42.436737],[-8.878185,42.437063],[-8.877516,42.437313],[-8.877424,42.436985],[-8.877875,42.436737]]],[[[-8.8741,42.4373],[-8.874271,42.437444],[-8.874076,42.437562],[-8.873966,42.437433],[-8.8741,42.4373]]],[[[-8.881164,42.423218],[-8.881794,42.423464],[-8.881824,42.423517],[-8.881233,42.423826],[-8.881164,42.423218]]],[[[-8.879979,42.429373],[-8.880386,42.430081],[-8.879033,42.430043],[-8.879118,42.429651],[-8.879979,42.429373]]],[[[-8.928476,42.447246],[-8.928644,42.447354],[-8.928609,42.4475],[-8.928385,42.447314],[-8.928476,42.447246]]],[[[-8.928295,42.447643],[-8.928297,42.447795],[-8.928087,42.447887],[-8.928046,42.447718],[-8.928295,42.447643]]],[[[-8.926466,42.448098],[-8.926645,42.448196],[-8.926313,42.448277],[-8.926334,42.448122],[-8.926466,42.448098]]],[[[-8.929643,42.449301],[-8.929815,42.44958],[-8.929239,42.449916],[-8.929059,42.44943],[-8.929643,42.449301]]],[[[-8.925992,42.449508],[-8.926123,42.449619],[-8.926061,42.449982],[-8.925841,42.449714],[-8.925992,42.449508]]],[[[-8.930524,42.45065],[-8.930832,42.450949],[-8.930577,42.451341],[-8.930323,42.451093],[-8.930524,42.45065]]],[[[-8.925505,42.447067],[-8.925655,42.447104],[-8.925602,42.447323],[-8.925302,42.447231],[-8.925505,42.447067]]],[[[-8.925872,42.447984],[-8.925963,42.448565],[-8.925704,42.44865],[-8.925621,42.448285],[-8.925872,42.447984]]],[[[-8.917597,42.449557],[-8.917695,42.449561],[-8.917759,42.449602],[-8.917485,42.449661],[-8.917597,42.449557]]],[[[-8.917812,42.450158],[-8.917833,42.450382],[-8.917611,42.450474],[-8.917615,42.450267],[-8.917812,42.450158]]],[[[-8.917247,42.450232],[-8.917384,42.450261],[-8.917425,42.450439],[-8.917229,42.450422],[-8.917247,42.450232]]],[[[-8.916926,42.450429],[-8.917124,42.450598],[-8.917142,42.45066],[-8.916694,42.450549],[-8.916926,42.450429]]],[[[-8.919213,42.450967],[-8.919125,42.451197],[-8.918933,42.451216],[-8.91893,42.451063],[-8.919213,42.450967]]],[[[-8.921481,42.450787],[-8.921579,42.45079],[-8.921592,42.450934],[-8.921392,42.450872],[-8.921481,42.450787]]],[[[-8.922305,42.450627],[-8.922704,42.450858],[-8.922622,42.451412],[-8.922207,42.450749],[-8.922305,42.450627]]],[[[-8.917421,42.449881],[-8.917582,42.449908],[-8.917714,42.450028],[-8.91755,42.45009],[-8.917421,42.449881]]],[[[-8.925766,42.450078],[-8.92595,42.450231],[-8.92566,42.450372],[-8.92557,42.450187],[-8.925766,42.450078]]],[[[-8.936952,42.452171],[-8.937055,42.452355],[-8.936814,42.452376],[-8.936813,42.452241],[-8.936952,42.452171]]],[[[-8.930741,42.452304],[-8.930929,42.452484],[-8.930595,42.452555],[-8.930614,42.452374],[-8.930741,42.452304]]],[[[-8.921622,42.452922],[-8.921835,42.453109],[-8.921447,42.453255],[-8.92136,42.453106],[-8.921622,42.452922]]],[[[-8.935232,42.453511],[-8.935402,42.453638],[-8.935345,42.453812],[-8.935206,42.453756],[-8.935232,42.453511]]],[[[-8.929005,42.451044],[-8.929155,42.451217],[-8.928882,42.451285],[-8.928838,42.451197],[-8.929005,42.451044]]],[[[-8.935974,42.451592],[-8.936183,42.451743],[-8.935586,42.451738],[-8.935603,42.451656],[-8.935974,42.451592]]],[[[-8.9201,42.451866],[-8.920244,42.451976],[-8.920008,42.452051],[-8.91996,42.451928],[-8.9201,42.451866]]],[[[-8.919639,42.451998],[-8.919802,42.452053],[-8.919804,42.452206],[-8.919532,42.452157],[-8.919639,42.451998]]],[[[-8.920952,42.451228],[-8.921122,42.451354],[-8.920714,42.451285],[-8.920736,42.451257],[-8.920952,42.451228]]],[[[-8.936239,42.451317],[-8.936473,42.45135],[-8.93654,42.451409],[-8.936082,42.451451],[-8.936239,42.451317]]],[[[-8.923583,42.451164],[-8.92381,42.451242],[-8.923833,42.451367],[-8.923527,42.451338],[-8.923583,42.451164]]],[[[-8.923176,42.451356],[-8.923603,42.452018],[-8.923569,42.452173],[-8.92301,42.45204],[-8.923176,42.451356]]],[[[-8.933995,42.452135],[-8.934312,42.452398],[-8.933563,42.452572],[-8.933603,42.452354],[-8.933995,42.452135]]],[[[-8.918402,42.454349],[-8.918469,42.454408],[-8.918508,42.454568],[-8.918387,42.454575],[-8.918402,42.454349]]],[[[-8.918088,42.454365],[-8.918252,42.454564],[-8.918248,42.454645],[-8.917909,42.454527],[-8.918088,42.454365]]],[[[-8.935318,42.454416],[-8.935544,42.454494],[-8.935498,42.45465],[-8.935274,42.454472],[-8.935318,42.454416]]],[[[-8.919873,42.45448],[-8.919877,42.45465],[-8.919656,42.454626],[-8.919649,42.454545],[-8.919873,42.45448]]],[[[-8.918861,42.454577],[-8.918948,42.454726],[-8.918654,42.454696],[-8.918659,42.454624],[-8.918861,42.454577]]],[[[-8.918178,42.454802],[-8.918412,42.454843],[-8.918418,42.454906],[-8.918214,42.454935],[-8.918178,42.454802]]],[[[-8.918679,42.454839],[-8.918766,42.454852],[-8.918815,42.454985],[-8.918683,42.455009],[-8.918679,42.454839]]],[[[-8.936077,42.454989],[-8.93616,42.455093],[-8.935937,42.455176],[-8.935923,42.455033],[-8.936077,42.454989]]],[[[-8.891817,42.455894],[-8.891905,42.456061],[-8.891835,42.456091],[-8.891705,42.455999],[-8.891817,42.455894]]],[[[-8.919789,42.455645],[-8.919942,42.455718],[-8.919862,42.455902],[-8.919695,42.455812],[-8.919789,42.455645]]],[[[-8.854502,42.455436],[-8.855114,42.457169],[-8.850784,42.457796],[-8.853898,42.456908],[-8.854502,42.455436]]],[[[-8.891921,42.456231],[-8.892046,42.456261],[-8.892132,42.4564],[-8.891892,42.45644],[-8.891921,42.456231]]],[[[-8.892396,42.456495],[-8.892471,42.456644],[-8.892314,42.456661],[-8.892256,42.456556],[-8.892396,42.456495]]],[[[-8.893498,42.456708],[-8.893658,42.456727],[-8.893653,42.456808],[-8.893414,42.456847],[-8.893498,42.456708]]],[[[-8.892502,42.456723],[-8.892673,42.456723],[-8.89269,42.456776],[-8.892513,42.45684],[-8.892502,42.456723]]],[[[-8.894147,42.456764],[-8.894305,42.456765],[-8.894313,42.456846],[-8.894137,42.456918],[-8.894147,42.456764]]],[[[-8.893064,42.456883],[-8.893309,42.456898],[-8.893405,42.45701],[-8.893163,42.457022],[-8.893064,42.456883]]],[[[-8.894483,42.456972],[-8.894486,42.457134],[-8.89433,42.457151],[-8.894288,42.457099],[-8.894483,42.456972]]],[[[-8.893966,42.457035],[-8.894063,42.45703],[-8.894078,42.457065],[-8.893901,42.457119],[-8.893966,42.457035]]],[[[-8.894106,42.457225],[-8.894206,42.457256],[-8.893982,42.457331],[-8.893966,42.457287],[-8.894106,42.457225]]],[[[-8.902038,42.458328],[-8.902208,42.458319],[-8.902274,42.458379],[-8.902076,42.45847],[-8.902038,42.458328]]],[[[-8.903093,42.458553],[-8.903224,42.458654],[-8.903142,42.45882],[-8.902991,42.458765],[-8.903093,42.458553]]],[[[-8.903837,42.458712],[-8.903986,42.458741],[-8.903974,42.458876],[-8.9038,42.458831],[-8.903837,42.458712]]],[[[-8.904693,42.458506],[-8.904803,42.458509],[-8.904845,42.45857],[-8.904655,42.458616],[-8.904693,42.458506]]],[[[-8.90518,42.459417],[-8.905254,42.459422],[-8.905298,42.459501],[-8.905124,42.459465],[-8.90518,42.459417]]],[[[-8.915183,42.460034],[-8.915382,42.460077],[-8.915324,42.460242],[-8.915079,42.460219],[-8.915183,42.460034]]],[[[-8.904338,42.458992],[-8.904487,42.45903],[-8.904509,42.459128],[-8.904339,42.459136],[-8.904338,42.458992]]],[[[-8.91613,42.458994],[-8.916296,42.459076],[-8.916284,42.459202],[-8.916053,42.459205],[-8.91613,42.458994]]],[[[-8.903326,42.458964],[-8.904043,42.459215],[-8.903981,42.459722],[-8.903223,42.459545],[-8.903326,42.458964]]],[[[-8.916813,42.458113],[-8.916928,42.45817],[-8.916921,42.458233],[-8.916779,42.458268],[-8.916813,42.458113]]],[[[-8.902903,42.457959],[-8.903212,42.458015],[-8.903285,42.458138],[-8.902871,42.458006],[-8.902903,42.457959]]],[[[-8.918716,42.457924],[-8.918771,42.458119],[-8.918503,42.45825],[-8.918506,42.458151],[-8.918716,42.457924]]],[[[-8.90156,42.458155],[-8.901753,42.458271],[-8.901678,42.458374],[-8.901457,42.458349],[-8.90156,42.458155]]],[[[-8.917105,42.458242],[-8.917202,42.458372],[-8.917014,42.458444],[-8.91694,42.458304],[-8.917105,42.458242]]],[[[-8.902848,42.458151],[-8.902947,42.458425],[-8.902678,42.458538],[-8.902625,42.458361],[-8.902848,42.458151]]],[[[-8.825235,42.461236],[-8.825557,42.461435],[-8.825053,42.461641],[-8.825038,42.461345],[-8.825235,42.461236]]],[[[-8.831249,42.469949],[-8.832078,42.469969],[-8.832201,42.470377],[-8.830691,42.470481],[-8.831249,42.469949]]],[[[-8.833194,42.470065],[-8.833585,42.470216],[-8.833055,42.47054],[-8.832933,42.470403],[-8.833194,42.470065]]],[[[-8.851936,42.471159],[-8.852563,42.471361],[-8.852032,42.472054],[-8.851736,42.471881],[-8.851936,42.471159]]],[[[-8.912156,42.47561],[-8.912333,42.475817],[-8.911792,42.475881],[-8.911815,42.475736],[-8.912156,42.47561]]],[[[-8.910705,42.475956],[-8.910878,42.475992],[-8.910871,42.476172],[-8.910735,42.476143],[-8.910705,42.475956]]],[[[-8.905742,42.460477],[-8.905936,42.460467],[-8.907176,42.460853],[-8.906232,42.461028],[-8.905742,42.460477]]],[[[-8.914817,42.460539],[-8.91499,42.460566],[-8.915038,42.460689],[-8.914744,42.46066],[-8.914817,42.460539]]],[[[-8.856836,42.461672],[-8.860851,42.464563],[-8.860594,42.465971],[-8.856958,42.464141],[-8.856836,42.461672]]],[[[-8.839965,42.465227],[-8.840189,42.465549],[-8.839669,42.465837],[-8.839611,42.46548],[-8.839965,42.465227]]],[[[-8.850626,42.463647],[-8.851607,42.465559],[-8.851279,42.466089],[-8.849472,42.464957],[-8.850626,42.463647]]],[[[-8.848391,42.465237],[-8.849093,42.466759],[-8.851884,42.466967],[-8.849152,42.467008],[-8.848391,42.465237]]],[[[-8.913678,42.476018],[-8.914042,42.476395],[-8.914072,42.476591],[-8.913732,42.476465],[-8.913678,42.476018]]],[[[-8.913836,42.476667],[-8.913944,42.476778],[-8.913744,42.476851],[-8.913713,42.476772],[-8.913836,42.476667]]],[[[-8.914404,42.47688],[-8.914501,42.47701],[-8.914275,42.477058],[-8.914268,42.476986],[-8.914404,42.47688]]],[[[-8.915832,42.477319],[-8.915881,42.477452],[-8.915689,42.477489],[-8.915655,42.477383],[-8.915832,42.477319]]],[[[-8.914653,42.477074],[-8.914778,42.477104],[-8.914791,42.477247],[-8.914596,42.477239],[-8.914653,42.477074]]],[[[-8.914343,42.47637],[-8.914719,42.476486],[-8.914735,42.47653],[-8.914409,42.476547],[-8.914343,42.47637]]],[[[-8.915606,42.476476],[-8.915778,42.476494],[-8.915827,42.476762],[-8.915585,42.476774],[-8.915606,42.476476]]],[[[-8.915257,42.476521],[-8.915384,42.476703],[-8.915063,42.476783],[-8.915094,42.476592],[-8.915257,42.476521]]],[[[-8.916223,42.476705],[-8.916352,42.476779],[-8.916034,42.476886],[-8.916038,42.476805],[-8.916223,42.476705]]],[[[-8.914462,42.478525],[-8.914579,42.478735],[-8.914066,42.478716],[-8.914118,42.478614],[-8.914462,42.478525]]],[[[-8.933539,42.479137],[-8.933736,42.479163],[-8.933788,42.479322],[-8.933437,42.479341],[-8.933539,42.479137]]],[[[-8.916184,42.477319],[-8.91632,42.477474],[-8.916045,42.477515],[-8.91602,42.477382],[-8.916184,42.477319]]],[[[-8.916178,42.477635],[-8.916384,42.477633],[-8.916456,42.477746],[-8.916128,42.477754],[-8.916178,42.477635]]],[[[-8.915442,42.478213],[-8.915582,42.478287],[-8.915644,42.478427],[-8.915472,42.478409],[-8.915442,42.478213]]],[[[-8.928777,42.478286],[-8.9289,42.478307],[-8.92894,42.478467],[-8.928677,42.478391],[-8.928777,42.478286]]],[[[-8.928128,42.478365],[-8.928274,42.478367],[-8.928331,42.478463],[-8.928127,42.478491],[-8.928128,42.478365]]],[[[-8.923004,42.478451],[-8.923093,42.478617],[-8.922804,42.478524],[-8.922896,42.478466],[-8.923004,42.478451]]],[[[-8.928506,42.478382],[-8.928606,42.478412],[-8.92864,42.47851],[-8.928486,42.478554],[-8.928506,42.478382]]],[[[-8.934147,42.479385],[-8.934238,42.479578],[-8.934085,42.479631],[-8.933998,42.479483],[-8.934147,42.479385]]],[[[-8.926426,42.479012],[-8.926714,42.479105],[-8.927135,42.47983],[-8.926109,42.479397],[-8.926426,42.479012]]],[[[-8.932662,42.479507],[-8.93293,42.479511],[-8.932936,42.479574],[-8.932676,42.47965],[-8.932662,42.479507]]],[[[-8.92457,42.479837],[-8.924677,42.480066],[-8.924437,42.480105],[-8.924345,42.479903],[-8.92457,42.479837]]],[[[-8.934253,42.479991],[-8.934449,42.480008],[-8.934455,42.480071],[-8.934247,42.480064],[-8.934253,42.479991]]],[[[-8.936695,42.480738],[-8.936817,42.48074],[-8.936869,42.480783],[-8.936612,42.480886],[-8.936695,42.480738]]],[[[-8.936268,42.480211],[-8.936529,42.480404],[-8.936348,42.480666],[-8.936222,42.480492],[-8.936268,42.480211]]],[[[-8.935274,42.479992],[-8.935918,42.480364],[-8.935641,42.480783],[-8.935519,42.480772],[-8.935274,42.479992]]],[[[-8.933124,42.480014],[-8.933209,42.48001],[-8.933432,42.480061],[-8.933209,42.480145],[-8.933124,42.480014]]],[[[-8.92607,42.480263],[-8.926256,42.480299],[-8.92635,42.480393],[-8.926109,42.480423],[-8.92607,42.480263]]],[[[-8.925826,42.480519],[-8.926274,42.480496],[-8.926302,42.48053],[-8.925927,42.480685],[-8.925826,42.480519]]],[[[-8.933464,42.480527],[-8.933598,42.480656],[-8.933334,42.480687],[-8.933303,42.480617],[-8.933464,42.480527]]],[[[-8.936852,42.480982],[-8.937022,42.480982],[-8.937076,42.481042],[-8.936804,42.481119],[-8.936852,42.480982]]],[[[-8.933876,42.480893],[-8.933948,42.481006],[-8.93352,42.481245],[-8.933587,42.481052],[-8.933876,42.480893]]],[[[-8.934903,42.481848],[-8.934999,42.48196],[-8.934888,42.482074],[-8.934826,42.481933],[-8.934903,42.481848]]],[[[-8.818256,42.511723],[-8.818537,42.512384],[-8.817701,42.512948],[-8.817576,42.512649],[-8.818256,42.511723]]],[[[-8.899979,42.480984],[-8.900126,42.48112],[-8.900098,42.481338],[-8.899823,42.481136],[-8.899979,42.480984]]],[[[-8.836787,42.480567],[-8.838003,42.482656],[-8.838708,42.482908],[-8.835745,42.482826],[-8.836787,42.480567]]],[[[-8.887993,42.486716],[-8.888646,42.486934],[-8.888649,42.487096],[-8.888363,42.487165],[-8.887993,42.486716]]],[[[-8.889058,42.487696],[-8.889134,42.487863],[-8.888771,42.488008],[-8.888811,42.48779],[-8.889058,42.487696]]],[[[-8.844622,42.482948],[-8.844817,42.483604],[-8.844611,42.483741],[-8.844093,42.483272],[-8.844622,42.482948]]],[[[-8.817693,42.493118],[-8.817926,42.493529],[-8.817707,42.493792],[-8.817503,42.493424],[-8.817693,42.493118]]],[[[-8.816532,42.494761],[-8.816969,42.494883],[-8.816959,42.495162],[-8.81649,42.495222],[-8.816532,42.494761]]],[[[-8.812935,42.495979],[-8.812787,42.496482],[-8.812491,42.496569],[-8.812798,42.496067],[-8.812935,42.495979]]],[[[-8.813024,42.496407],[-8.81319,42.496497],[-8.81307,42.496639],[-8.812919,42.496592],[-8.813024,42.496407]]],[[[-8.825083,42.494757],[-8.825648,42.495332],[-8.824925,42.495801],[-8.824731,42.495414],[-8.825083,42.494757]]],[[[-8.896542,42.489677],[-8.896677,42.489688],[-8.896681,42.489859],[-8.896467,42.48978],[-8.896542,42.489677]]],[[[-8.896234,42.490926],[-8.896356,42.490929],[-8.896428,42.491042],[-8.89619,42.491109],[-8.896234,42.490926]]],[[[-8.891571,42.491779],[-8.891799,42.49201],[-8.891581,42.492274],[-8.891226,42.491995],[-8.891571,42.491779]]],[[[-8.89221,42.490432],[-8.892606,42.490501],[-8.892604,42.490736],[-8.892175,42.490704],[-8.89221,42.490432]]],[[[-8.892378,42.489757],[-8.892717,42.489749],[-8.892951,42.489908],[-8.891948,42.490103],[-8.892378,42.489757]]],[[[-8.896501,42.490147],[-8.896664,42.490193],[-8.896625,42.490303],[-8.896399,42.490225],[-8.896501,42.490147]]],[[[-8.895538,42.490125],[-8.895813,42.490588],[-8.895033,42.491213],[-8.895083,42.490581],[-8.895538,42.490125]]],[[[-8.847039,42.48187],[-8.853145,42.488768],[-8.84195,42.500827],[-8.841891,42.489911],[-8.847039,42.48187]]],[[[-8.893584,42.491972],[-8.89378,42.492115],[-8.893412,42.492215],[-8.893376,42.492091],[-8.893584,42.491972]]],[[[-8.896639,42.493669],[-8.896784,42.493797],[-8.896633,42.493867],[-8.896564,42.493781],[-8.896639,42.493669]]],[[[-8.896009,42.492927],[-8.896198,42.49299],[-8.896202,42.493295],[-8.896071,42.493329],[-8.896009,42.492927]]],[[[-8.837538,42.49305],[-8.837801,42.493136],[-8.837691,42.494429],[-8.83692,42.493469],[-8.837538,42.49305]]],[[[-8.894493,42.494518],[-8.894603,42.494656],[-8.894315,42.494698],[-8.894295,42.494618],[-8.894493,42.494518]]],[[[-8.892667,42.494765],[-8.892808,42.494839],[-8.892565,42.494969],[-8.892537,42.494808],[-8.892667,42.494765]]],[[[-8.83403,42.48935],[-8.836964,42.489893],[-8.833716,42.497197],[-8.834495,42.492504],[-8.83403,42.48935]]],[[[-8.849197,42.494803],[-8.849363,42.495155],[-8.849013,42.495308],[-8.849087,42.494935],[-8.849197,42.494803]]],[[[-8.89164,42.495871],[-8.891769,42.495946],[-8.891507,42.496013],[-8.89149,42.49596],[-8.89164,42.495871]]],[[[-8.892226,42.496282],[-8.892367,42.496356],[-8.892342,42.496483],[-8.892081,42.496425],[-8.892226,42.496282]]],[[[-8.891231,42.495532],[-8.89131,42.495726],[-8.890947,42.495871],[-8.890874,42.495749],[-8.891231,42.495532]]],[[[-8.887538,42.496488],[-8.887046,42.498107],[-8.886542,42.498187],[-8.886648,42.497119],[-8.887538,42.496488]]],[[[-8.888371,42.498362],[-8.888533,42.498399],[-8.888199,42.498731],[-8.888278,42.498403],[-8.888371,42.498362]]],[[[-8.868553,42.499247],[-8.868874,42.499294],[-8.86893,42.499372],[-8.868442,42.499487],[-8.868553,42.499247]]],[[[-8.866404,42.499295],[-8.866529,42.499333],[-8.86649,42.499434],[-8.866405,42.49943],[-8.866404,42.499295]]],[[[-8.865189,42.499699],[-8.865312,42.499711],[-8.86544,42.499776],[-8.865028,42.499798],[-8.865189,42.499699]]],[[[-8.864596,42.499343],[-8.864842,42.499366],[-8.864836,42.499438],[-8.864668,42.499465],[-8.864596,42.499343]]],[[[-8.815908,42.4959],[-8.815815,42.497642],[-8.81417,42.496961],[-8.814511,42.496439],[-8.815908,42.4959]]],[[[-8.841478,42.49825],[-8.841605,42.498433],[-8.841226,42.498542],[-8.841203,42.498426],[-8.841478,42.49825]]],[[[-8.820312,42.496558],[-8.820565,42.49758],[-8.818758,42.498554],[-8.818721,42.497242],[-8.820312,42.496558]]],[[[-8.864603,42.498901],[-8.864871,42.498905],[-8.864904,42.498994],[-8.864694,42.499086],[-8.864603,42.498901]]],[[[-8.865167,42.498683],[-8.865219,42.498852],[-8.864973,42.498819],[-8.864999,42.49871],[-8.865167,42.498683]]],[[[-8.864185,42.498977],[-8.86431,42.499141],[-8.864168,42.49932],[-8.864004,42.49913],[-8.864185,42.498977]]],[[[-8.878551,42.500264],[-8.878639,42.500295],[-8.878679,42.500464],[-8.878541,42.500417],[-8.878551,42.500264]]],[[[-8.878323,42.500554],[-8.87852,42.500589],[-8.878307,42.500906],[-8.878221,42.500767],[-8.878323,42.500554]]],[[[-8.875985,42.500666],[-8.876224,42.500878],[-8.87581,42.501647],[-8.875605,42.501405],[-8.875985,42.500666]]],[[[-8.945541,42.35482],[-8.945898,42.355009],[-8.945896,42.355243],[-8.945329,42.355281],[-8.945541,42.35482]]],[[[-8.94489,42.354737],[-8.945003,42.354785],[-8.944814,42.355605],[-8.944668,42.355091],[-8.94489,42.354737]]],[[[-8.939925,42.369371],[-8.940228,42.36949],[-8.939971,42.369855],[-8.939813,42.369719],[-8.939925,42.369371]]],[[[-8.946338,42.379534],[-8.946693,42.379821],[-8.946542,42.380153],[-8.946257,42.3797],[-8.946338,42.379534]]],[[[-8.943905,42.374349],[-8.943984,42.374678],[-8.943795,42.374733],[-8.943806,42.374462],[-8.943905,42.374349]]],[[[-8.937575,42.342308],[-8.937103,42.342972],[-8.936169,42.343227],[-8.936756,42.342503],[-8.937575,42.342308]]],[[[-8.937789,42.342909],[-8.937517,42.348765],[-8.933139,42.348795],[-8.933676,42.343816],[-8.935482,42.344181],[-8.937789,42.342909]]],[[[-8.938104,42.341614],[-8.938331,42.341963],[-8.938034,42.342158],[-8.937826,42.34189],[-8.938104,42.341614]]],[[[-8.936788,42.341305],[-8.936911,42.341451],[-8.936839,42.34159],[-8.936631,42.341439],[-8.936788,42.341305]]],[[[-8.932804,42.367878],[-8.933011,42.368011],[-8.932679,42.368226],[-8.932693,42.367983],[-8.932804,42.367878]]],[[[-8.931035,42.373308],[-8.931301,42.373429],[-8.931349,42.373678],[-8.930782,42.373456],[-8.931035,42.373308]]],[[[-8.738594,42.375375],[-8.738809,42.375742],[-8.73854,42.375981],[-8.738231,42.375654],[-8.738594,42.375375]]],[[[-8.738401,42.37606],[-8.738613,42.376121],[-8.738617,42.376166],[-8.738448,42.376175],[-8.738401,42.37606]]],[[[-8.929961,42.376469],[-8.930227,42.376581],[-8.930244,42.37676],[-8.929866,42.376744],[-8.929961,42.376469]]],[[[-8.938958,42.355154],[-8.948298,42.361257],[-8.938178,42.370659],[-8.945113,42.380317],[-8.932115,42.398241],[-8.9211,42.399658],[-8.938958,42.355154]],[[-8.930371,42.377339],[-8.930147,42.377405],[-8.930146,42.377522],[-8.930364,42.377519],[-8.930371,42.377339]],[[-8.929892,42.377922],[-8.92985,42.378122],[-8.930014,42.378186],[-8.930069,42.377994],[-8.929892,42.377922]],[[-8.934184,42.389419],[-8.934094,42.389622],[-8.934358,42.38959],[-8.934346,42.389465],[-8.934184,42.389419]],[[-8.93431,42.38998],[-8.934123,42.390449],[-8.934661,42.390745],[-8.934721,42.39022],[-8.93431,42.38998]]],[[[-8.623127,42.339218],[-8.623738,42.339945],[-8.623419,42.340311],[-8.62298,42.339739],[-8.623127,42.339218]]],[[[-8.62504,42.340259],[-8.625481,42.34057],[-8.625122,42.341443],[-8.624734,42.341039],[-8.62504,42.340259]]],[[[-8.840105,42.338428],[-8.840276,42.338447],[-8.840291,42.338473],[-8.840129,42.338562],[-8.840105,42.338428]]],[[[-8.840113,42.338779],[-8.840379,42.338765],[-8.840481,42.338823],[-8.8402,42.338928],[-8.840113,42.338779]]],[[[-8.839518,42.33799],[-8.839715,42.338025],[-8.839676,42.338252],[-8.839365,42.338169],[-8.839518,42.33799]]],[[[-8.800414,42.338667],[-8.800536,42.338679],[-8.800546,42.338787],[-8.800264,42.338756],[-8.800414,42.338667]]],[[[-8.807498,42.339046],[-8.807681,42.339055],[-8.807656,42.339173],[-8.807498,42.339172],[-8.807498,42.339046]]],[[[-8.800682,42.338816],[-8.800806,42.338846],[-8.800755,42.338947],[-8.800596,42.338928],[-8.800682,42.338816]]],[[[-8.767531,42.336677],[-8.767962,42.337015],[-8.767943,42.337196],[-8.767338,42.337083],[-8.767531,42.336677]]],[[[-8.798265,42.337732],[-8.798474,42.338028],[-8.798099,42.338173],[-8.797961,42.337856],[-8.798265,42.337732]]],[[[-8.798249,42.33848],[-8.798386,42.338518],[-8.798373,42.338645],[-8.79824,42.338643],[-8.798249,42.33848]]],[[[-8.800048,42.338515],[-8.800017,42.338706],[-8.799907,42.338693],[-8.799919,42.338567],[-8.800048,42.338515]]],[[[-8.830284,42.344664],[-8.830347,42.344688],[-8.830303,42.344735],[-8.830254,42.344729],[-8.830284,42.344664]]],[[[-8.752267,42.347817],[-8.752459,42.347933],[-8.752299,42.348166],[-8.752137,42.347994],[-8.752267,42.347817]]],[[[-8.7549,42.350069],[-8.754964,42.350102],[-8.754884,42.350286],[-8.754831,42.350109],[-8.7549,42.350069]]],[[[-8.754312,42.348947],[-8.75431,42.350522],[-8.753346,42.350589],[-8.753085,42.34999],[-8.754312,42.348947]]],[[[-8.754761,42.350536],[-8.754797,42.350669],[-8.754601,42.350652],[-8.754594,42.350571],[-8.754761,42.350536]]],[[[-8.825655,42.342371],[-8.825776,42.342364],[-8.825803,42.342399],[-8.825637,42.342435],[-8.825655,42.342371]]],[[[-8.826024,42.342163],[-8.826151,42.342228],[-8.826184,42.342317],[-8.825928,42.342303],[-8.826024,42.342163]]],[[[-8.833608,42.342424],[-8.833587,42.342587],[-8.833462,42.342557],[-8.833494,42.342502],[-8.833608,42.342424]]],[[[-8.808292,42.339492],[-8.808452,42.339654],[-8.808157,42.339741],[-8.808105,42.339573],[-8.808292,42.339492]]],[[[-8.808498,42.339751],[-8.808634,42.33978],[-8.808607,42.339881],[-8.808509,42.339868],[-8.808498,42.339751]]],[[[-8.838497,42.340716],[-8.839011,42.340762],[-8.839032,42.34086],[-8.838608,42.340863],[-8.838497,42.340716]]],[[[-8.82715,42.340566],[-8.827275,42.340605],[-8.827222,42.340823],[-8.826953,42.340666],[-8.82715,42.340566]]],[[[-8.829308,42.340807],[-8.829344,42.340805],[-8.829447,42.340863],[-8.829241,42.340873],[-8.829308,42.340807]]],[[[-8.838965,42.340269],[-8.839104,42.340325],[-8.839131,42.340486],[-8.838861,42.340454],[-8.838965,42.340269]]],[[[-8.802836,42.341776],[-8.802924,42.341808],[-8.802872,42.342035],[-8.802724,42.341881],[-8.802836,42.341776]]],[[[-8.834566,42.341502],[-8.834664,42.341515],[-8.834652,42.34165],[-8.834455,42.341616],[-8.834566,42.341502]]],[[[-8.826238,42.341072],[-8.826387,42.341109],[-8.826425,42.341251],[-8.82618,42.341228],[-8.826238,42.341072]]],[[[-8.835862,42.34122],[-8.835986,42.341249],[-8.835972,42.341358],[-8.835839,42.341365],[-8.835862,42.34122]]],[[[-8.835594,42.341341],[-8.835743,42.34137],[-8.835717,42.341488],[-8.835548,42.341497],[-8.835594,42.341341]]],[[[-8.82623,42.341369],[-8.826638,42.341456],[-8.826646,42.341546],[-8.826346,42.341579],[-8.82623,42.341369]]],[[[-8.826463,42.341789],[-8.826804,42.341934],[-8.825946,42.341978],[-8.826399,42.341892],[-8.826463,42.341789]]],[[[-8.821999,42.342071],[-8.822109,42.342074],[-8.822117,42.342164],[-8.821911,42.342174],[-8.821999,42.342071]]],[[[-8.751153,42.351293],[-8.751674,42.35142],[-8.751505,42.352221],[-8.750912,42.352107],[-8.751153,42.351293]]],[[[-8.830477,41.900678],[-8.839155,41.886336],[-8.869151,41.866828],[-8.881871,41.881088],[-8.880584,41.899824],[-8.874162,41.899047],[-8.881912,41.900638],[-8.87649,41.909937],[-8.88542,41.916868],[-8.884134,41.952978],[-8.888557,41.977478],[-8.876821,42.002342],[-8.88978,42.02616],[-8.88396,42.038288],[-8.885952,42.05041],[-8.896751,42.066814],[-8.891587,42.082248],[-8.900677,42.112287],[-8.88061,42.110224],[-8.852088,42.122624],[-8.851643,42.128282],[-8.841134,42.114641],[-8.826037,42.115079],[-8.820134,42.141377],[-8.847469,42.148705],[-8.850199,42.156514],[-8.82251,42.157081],[-8.818668,42.161355],[-8.812039,42.180344],[-8.81595,42.187464],[-8.797041,42.197876],[-8.779419,42.203621],[-8.777824,42.219941],[-8.775227,42.222134],[-8.756748,42.224164],[-8.763234,42.230733],[-8.751393,42.234912],[-8.739823,42.232631],[-8.753101,42.230658],[-8.750961,42.225247],[-8.740458,42.226297],[-8.733633,42.240638],[-8.712736,42.241054],[-8.706951,42.25652],[-8.676793,42.264368],[-8.661195,42.284884],[-8.610865,42.287513],[-8.620984,42.290496],[-8.614263,42.299162],[-8.623732,42.309868],[-8.611527,42.326429],[-8.611868,42.345208],[-8.636779,42.347494],[-8.645279,42.337271],[-8.636246,42.326509],[-8.65525,42.321709],[-8.662269,42.311135],[-8.651857,42.297697],[-8.689669,42.280004],[-8.712471,42.275725],[-8.717198,42.288551],[-8.719014,42.281304],[-8.731481,42.286692],[-8.737409,42.27111],[-8.74257,42.270814],[-8.75144,42.267992],[-8.765902,42.258351],[-8.784131,42.262877],[-8.792562,42.246345],[-8.813845,42.259443],[-8.828928,42.25087],[-8.855193,42.26141],[-8.863819,42.24652],[-8.873022,42.249981],[-8.855847,42.309798],[-8.831602,42.27809],[-8.816868,42.278688],[-8.823231,42.286673],[-8.818436,42.313518],[-8.82694,42.333717],[-8.839162,42.339125],[-8.800331,42.338555],[-8.791129,42.32704],[-8.755015,42.339918],[-8.73686,42.376605],[-8.705173,42.39902],[-8.696814,42.393603],[-8.690916,42.400368],[-8.69835,42.402688],[-8.684712,42.404467],[-8.655549,42.423905],[-8.652814,42.432688],[-8.676648,42.420482],[-8.68538,42.424189],[-8.68742,42.437708],[-8.695183,42.437681],[-8.704897,42.433983],[-8.70359,42.426963],[-8.741388,42.413646],[-8.748743,42.40323],[-8.757262,42.402351],[-8.76167,42.394396],[-8.770386,42.394362],[-8.774713,42.387662],[-8.781738,42.395642],[-8.813316,42.40117],[-8.838902,42.384274],[-8.864771,42.411242],[-8.880938,42.414848],[-8.871187,42.435262],[-8.882574,42.454813],[-8.897305,42.460868],[-8.912273,42.462435],[-8.933298,42.452991],[-8.941667,42.46343],[-8.936079,42.469121],[-8.937474,42.479203],[-8.921639,42.477262],[-8.918144,42.478244],[-8.917654,42.476658],[-8.914553,42.47563],[-8.908766,42.475381],[-8.890834,42.486542],[-8.889838,42.480994],[-8.882927,42.488723],[-8.891793,42.488716],[-8.890161,42.491141],[-8.891114,42.494809],[-8.884301,42.496862],[-8.881921,42.49937],[-8.87162,42.501205],[-8.871733,42.495798],[-8.868162,42.498844],[-8.858552,42.498069],[-8.855513,42.472749],[-8.872745,42.461611],[-8.869431,42.448054],[-8.855926,42.450763],[-8.848103,42.460328],[-8.819644,42.45177],[-8.830887,42.484334],[-8.824771,42.494539],[-8.818659,42.489774],[-8.80532,42.500797],[-8.813178,42.497677],[-8.81833,42.502186],[-8.815447,42.517096],[-8.818272,42.519473],[-8.825127,42.516513],[-8.825539,42.515582],[-8.826294,42.515328],[-8.825347,42.516528],[-8.82105,42.518467],[-8.821931,42.519565],[-8.818451,42.519824],[-8.817459,42.519109],[-8.816415,42.520179],[-8.81347,42.528944],[-8.828922,42.518453],[-8.825504,42.538836],[-8.836354,42.558671],[-8.825757,42.552767],[-8.822881,42.553391],[-8.818596,42.559272],[-8.834868,42.564788],[-8.825843,42.577941],[-8.795175,42.580069],[-8.785293,42.599591],[-8.772215,42.59324],[-8.768588,42.606576],[-8.779003,42.614151],[-8.728266,42.667668],[-8.725044,42.69904],[-8.71737,42.706365],[-8.678182,42.711634],[-8.65499,42.7205],[-8.650944,42.729153],[-8.623963,42.714254],[-8.606636,42.715152],[-8.59993,42.743118],[-8.556279,42.745989],[-8.55978,42.757107],[-8.553449,42.761304],[-8.533773,42.751799],[-8.493704,42.756597],[-8.470355,42.743683],[-8.407329,42.754023],[-8.414658,42.766603],[-8.399634,42.780683],[-8.391439,42.776677],[-8.392079,42.789359],[-8.354719,42.778819],[-8.331633,42.794429],[-8.330444,42.827317],[-8.342663,42.828457],[-8.345634,42.835943],[-8.33017,42.842301],[-8.324571,42.831408],[-8.316125,42.845846],[-8.310324,42.830442],[-8.293448,42.829615],[-8.299587,42.818905],[-8.280583,42.810873],[-8.274162,42.812997],[-8.276879,42.82164],[-8.254569,42.836704],[-8.245748,42.827603],[-8.235184,42.83285],[-8.207272,42.82516],[-8.205995,42.832222],[-8.2208,42.844294],[-8.205508,42.843291],[-8.183273,42.860138],[-8.139064,42.843114],[-8.120614,42.850488],[-8.116846,42.841186],[-8.075085,42.853313],[-8.060439,42.843304],[-8.064154,42.836837],[-8.046824,42.831482],[-8.013591,42.850205],[-7.983101,42.84233],[-7.968876,42.849675],[-7.956408,42.839746],[-7.980484,42.811339],[-7.978411,42.778704],[-7.93537,42.739743],[-7.866392,42.720636],[-7.861428,42.706199],[-7.892605,42.677661],[-7.887517,42.660881],[-7.892552,42.629632],[-7.919274,42.584325],[-7.964892,42.566615],[-7.992487,42.572498],[-8.018629,42.54222],[-8.048435,42.554906],[-8.059378,42.548687],[-8.090496,42.557758],[-8.146835,42.548671],[-8.17386,42.571974],[-8.217581,42.533858],[-8.23886,42.538511],[-8.263733,42.525683],[-8.274763,42.508393],[-8.302728,42.49021],[-8.34049,42.492403],[-8.352621,42.480762],[-8.366344,42.487348],[-8.34202,42.465702],[-8.338262,42.433432],[-8.314704,42.380983],[-8.324501,42.36921],[-8.31746,42.356295],[-8.324701,42.345047],[-8.305233,42.339984],[-8.284805,42.317658],[-8.261955,42.31538],[-8.272903,42.282413],[-8.264581,42.252863],[-8.22946,42.232931],[-8.203448,42.244516],[-8.162127,42.244471],[-8.172672,42.23519],[-8.164606,42.221438],[-8.192264,42.209122],[-8.174777,42.203792],[-8.176841,42.18744],[-8.161672,42.181337],[-8.165367,42.173671],[-8.223138,42.133362],[-8.24631,42.13918],[-8.256269,42.135139],[-8.259222,42.121022],[-8.27437,42.123296],[-8.30024,42.105544],[-8.322425,42.101948],[-8.331899,42.084204],[-8.363492,42.090244],[-8.381042,42.077275],[-8.404403,42.080441],[-8.428294,42.072234],[-8.44336,42.082933],[-8.523552,42.07845],[-8.525503,42.064483],[-8.556736,42.051402],[-8.63017,42.049981],[-8.65774,42.030662],[-8.663502,42.002209],[-8.737277,41.969627],[-8.747187,41.961937],[-8.745898,41.948175],[-8.755365,41.934817],[-8.830477,41.900678]],[[-8.861797,42.283819],[-8.86179,42.284009],[-8.86196,42.284009],[-8.861982,42.283855],[-8.861797,42.283819]],[[-8.861001,42.285039],[-8.860861,42.285101],[-8.860907,42.285206],[-8.861028,42.2852],[-8.861001,42.285039]],[[-8.860402,42.290723],[-8.860378,42.290851],[-8.860555,42.290805],[-8.860523,42.290717],[-8.860402,42.290723]],[[-8.860094,42.290802],[-8.860054,42.290894],[-8.860188,42.290896],[-8.86017,42.290834],[-8.860094,42.290802]],[[-8.860424,42.290956],[-8.860445,42.291054],[-8.860627,42.291054],[-8.860594,42.290957],[-8.860424,42.290956]],[[-8.860304,42.291097],[-8.860291,42.291224],[-8.860459,42.291206],[-8.860453,42.291144],[-8.860304,42.291097]],[[-8.860146,42.291232],[-8.860059,42.291335],[-8.860196,42.291373],[-8.860208,42.291237],[-8.860146,42.291232]],[[-8.859389,42.294565],[-8.859412,42.294807],[-8.859564,42.294745],[-8.859613,42.294626],[-8.859389,42.294565]],[[-8.859074,42.296652],[-8.859096,42.29675],[-8.859299,42.296721],[-8.859232,42.296653],[-8.859074,42.296652]],[[-8.859093,42.297119],[-8.859059,42.297274],[-8.859321,42.29735],[-8.859338,42.297142],[-8.859093,42.297119]],[[-8.858948,42.297378],[-8.858818,42.297421],[-8.858924,42.297641],[-8.85903,42.297608],[-8.858948,42.297378]],[[-8.858909,42.293572],[-8.858818,42.293631],[-8.858849,42.293711],[-8.85894,42.293643],[-8.858909,42.293572]],[[-8.858628,42.298637],[-8.858592,42.298765],[-8.858824,42.29878],[-8.858836,42.298653],[-8.858628,42.298637]],[[-8.858376,42.298794],[-8.858309,42.298986],[-8.858574,42.298964],[-8.858524,42.298822],[-8.858376,42.298794]],[[-8.858303,42.299833],[-8.858217,42.299954],[-8.858365,42.299974],[-8.858403,42.299864],[-8.858303,42.299833]],[[-8.858311,42.300175],[-8.858236,42.300286],[-8.858362,42.300334],[-8.858384,42.30018],[-8.858311,42.300175]],[[-8.858009,42.300055],[-8.857968,42.300138],[-8.858093,42.300186],[-8.858145,42.300084],[-8.858009,42.300055]],[[-8.819271,42.304708],[-8.819164,42.304731],[-8.819182,42.304793],[-8.819267,42.304789],[-8.819271,42.304708]],[[-8.819174,42.304965],[-8.819042,42.30498],[-8.819089,42.305095],[-8.819207,42.305062],[-8.819174,42.304965]],[[-8.798717,42.335927],[-8.798603,42.33614],[-8.799075,42.336125],[-8.798938,42.335952],[-8.798717,42.335927]],[[-8.807019,42.190781],[-8.806893,42.190859],[-8.807103,42.191172],[-8.807209,42.191005],[-8.807019,42.190781]],[[-8.807489,42.190757],[-8.807362,42.190826],[-8.807462,42.190992],[-8.807585,42.190878],[-8.807489,42.190757]],[[-8.806257,42.191314],[-8.806072,42.191414],[-8.806203,42.191785],[-8.806389,42.191434],[-8.806257,42.191314]],[[-8.777028,42.214418],[-8.776938,42.214494],[-8.777156,42.214627],[-8.777211,42.214562],[-8.777028,42.214418]],[[-8.777591,42.213687],[-8.777107,42.213964],[-8.777133,42.214242],[-8.777716,42.214131],[-8.777591,42.213687]],[[-8.776887,42.214596],[-8.776782,42.214646],[-8.776842,42.214769],[-8.777006,42.214707],[-8.776887,42.214596]],[[-8.866982,42.26086],[-8.866883,42.260973],[-8.867068,42.261008],[-8.867097,42.260926],[-8.866982,42.26086]],[[-8.867057,42.261144],[-8.866957,42.261248],[-8.86721,42.261226],[-8.867205,42.261172],[-8.867057,42.261144]],[[-8.867297,42.261509],[-8.867306,42.261734],[-8.867429,42.261755],[-8.867451,42.261601],[-8.867297,42.261509]],[[-8.865846,42.264285],[-8.865707,42.264346],[-8.865847,42.264555],[-8.866038,42.264392],[-8.865846,42.264285]],[[-8.836949,42.257023],[-8.836788,42.257121],[-8.836802,42.257274],[-8.837125,42.257095],[-8.836949,42.257023]],[[-8.842466,42.258244],[-8.842095,42.258416],[-8.842362,42.258943],[-8.842766,42.258733],[-8.842466,42.258244]],[[-8.862645,42.282777],[-8.862623,42.282931],[-8.862791,42.282913],[-8.862781,42.282797],[-8.862645,42.282777]],[[-8.726366,42.678566],[-8.726315,42.678802],[-8.726797,42.678877],[-8.726697,42.678585],[-8.726366,42.678566]],[[-8.813689,42.578624],[-8.813566,42.578738],[-8.813813,42.57877],[-8.813828,42.578671],[-8.813689,42.578624]],[[-8.900904,42.479703],[-8.900802,42.479906],[-8.900959,42.480024],[-8.901095,42.479792],[-8.900904,42.479703]],[[-8.807678,42.500667],[-8.807491,42.500748],[-8.806779,42.501334],[-8.807714,42.5008],[-8.807678,42.500667]],[[-8.878705,42.498797],[-8.878638,42.498864],[-8.878659,42.498953],[-8.878788,42.49891],[-8.878705,42.498797]],[[-8.614625,42.345929],[-8.614191,42.346094],[-8.613888,42.34637],[-8.614904,42.346329],[-8.614625,42.345929]],[[-8.812996,42.338397],[-8.812917,42.338464],[-8.813033,42.338539],[-8.813085,42.338447],[-8.812996,42.338397]]],[[[-8.947452,42.37989],[-8.947557,42.3801],[-8.947396,42.38019],[-8.947396,42.379938],[-8.947452,42.37989]]],[[[-8.947086,42.381538],[-8.947236,42.381584],[-8.947052,42.382071],[-8.946969,42.381715],[-8.947086,42.381538]]],[[[-8.945677,42.382683],[-8.94574,42.382841],[-8.9456,42.382894],[-8.945558,42.382707],[-8.945677,42.382683]]],[[[-8.94612,42.38275],[-8.946195,42.382773],[-8.946162,42.382936],[-8.945986,42.382874],[-8.94612,42.38275]]],[[[-8.945433,42.383956],[-8.945545,42.384112],[-8.945369,42.384175],[-8.94532,42.384042],[-8.945433,42.383956]]],[[[-8.945567,42.37934],[-8.94579,42.380417],[-8.944905,42.38094],[-8.945401,42.38041],[-8.945567,42.37934]]],[[[-8.94555,42.381474],[-8.945902,42.381465],[-8.945956,42.381525],[-8.945317,42.381702],[-8.94555,42.381474]]],[[[-8.945567,42.384345],[-8.945532,42.384481],[-8.945387,42.384489],[-8.945487,42.384394],[-8.945567,42.384345]]],[[[-8.945274,42.385098],[-8.945294,42.385304],[-8.945123,42.385295],[-8.945167,42.385122],[-8.945274,42.385098]]],[[[-8.827208,42.385834],[-8.827532,42.386051],[-8.827514,42.386376],[-8.82721,42.386374],[-8.827208,42.385834]]],[[[-8.776165,42.387732],[-8.776227,42.387747],[-8.776131,42.387896],[-8.776049,42.387792],[-8.776165,42.387732]]],[[[-8.774144,42.388078],[-8.774301,42.388196],[-8.774112,42.388394],[-8.773987,42.38822],[-8.774144,42.388078]]],[[[-8.772342,42.388952],[-8.772403,42.388949],[-8.772388,42.389048],[-8.77232,42.388971],[-8.772342,42.388952]]],[[[-8.772088,42.388965],[-8.77215,42.388979],[-8.772145,42.389052],[-8.772032,42.389012],[-8.772088,42.388965]]],[[[-8.772805,42.388838],[-8.772867,42.388853],[-8.772831,42.388981],[-8.77273,42.388941],[-8.772805,42.388838]]],[[[-8.772512,42.388952],[-8.772598,42.388957],[-8.772536,42.389077],[-8.772485,42.389053],[-8.772512,42.388952]]],[[[-8.912631,42.394723],[-8.912672,42.394901],[-8.912482,42.394946],[-8.912458,42.394822],[-8.912631,42.394723]]],[[[-8.782237,42.395122],[-8.782294,42.395218],[-8.782263,42.395274],[-8.782144,42.395172],[-8.782237,42.395122]]],[[[-8.793019,42.396412],[-8.793192,42.396583],[-8.793131,42.396704],[-8.792942,42.396506],[-8.793019,42.396412]]]]}},{"type":"Feature","properties":{"name":"Salamanca","mapcolor":21,"cartodb_id":21},"geometry":{"type":"MultiPolygon","coordinates":[[[[-5.573156,40.448075],[-5.559945,40.462817],[-5.560924,40.477099],[-5.622764,40.465759],[-5.656555,40.436802],[-5.691189,40.421994],[-5.67844,40.387016],[-5.687014,40.375711],[-5.686359,40.355369],[-5.673031,40.348535],[-5.714319,40.325306],[-5.744384,40.288863],[-5.764991,40.280779],[-5.793144,40.286705],[-5.802243,40.296546],[-5.781992,40.312456],[-5.799337,40.353751],[-5.82172,40.348414],[-5.847128,40.328047],[-5.854978,40.338374],[-5.885048,40.326134],[-5.917174,40.277697],[-6.00532,40.305371],[-6.019584,40.322644],[-6.016017,40.340292],[-6.052163,40.34155],[-6.105716,40.356795],[-6.082378,40.363212],[-6.086328,40.378031],[-6.072156,40.387001],[-6.085166,40.390492],[-6.065559,40.397373],[-6.129484,40.420788],[-6.116127,40.441585],[-6.147017,40.436118],[-6.154492,40.45454],[-6.180439,40.462196],[-6.199096,40.481837],[-6.239936,40.485859],[-6.275326,40.458516],[-6.344643,40.442776],[-6.36555,40.422372],[-6.361866,40.407087],[-6.370222,40.402421],[-6.418826,40.39929],[-6.439647,40.381577],[-6.438315,40.372773],[-6.467543,40.372322],[-6.536284,40.347244],[-6.56041,40.329049],[-6.564745,40.314613],[-6.556175,40.290777],[-6.587022,40.270721],[-6.671753,40.263232],[-6.690137,40.242662],[-6.718225,40.269239],[-6.751444,40.250217],[-6.755603,40.238923],[-6.783497,40.249388],[-6.802159,40.249559],[-6.800128,40.242043],[-6.806692,40.241521],[-6.837188,40.24859],[-6.864808,40.270449],[-6.863925,40.296184],[-6.824387,40.322635],[-6.794182,40.328793],[-6.793466,40.356086],[-6.780997,40.364672],[-6.834799,40.408152],[-6.849694,40.452576],[-6.814727,40.501629],[-6.795028,40.511915],[-6.804865,40.536005],[-6.80083,40.550628],[-6.84482,40.565876],[-6.837563,40.594224],[-6.807873,40.62952],[-6.793894,40.66168],[-6.80548,40.668683],[-6.811012,40.71732],[-6.824622,40.729675],[-6.831198,40.752637],[-6.816975,40.801171],[-6.826117,40.843239],[-6.800304,40.848273],[-6.808754,40.882044],[-6.830119,40.88482],[-6.84848,40.900832],[-6.849004,40.924553],[-6.860172,40.9489],[-6.908576,40.998949],[-6.921567,41.003334],[-6.931165,41.016803],[-6.930088,41.030068],[-6.915107,41.038927],[-6.865954,41.026837],[-6.80836,41.036476],[-6.809159,41.043915],[-6.779998,41.067256],[-6.753989,41.102779],[-6.770338,41.124443],[-6.767418,41.13521],[-6.701317,41.180394],[-6.689144,41.19921],[-6.691946,41.208324],[-6.652805,41.235645],[-6.647766,41.247566],[-6.599115,41.244237],[-6.591391,41.255456],[-6.584941,41.241834],[-6.571258,41.239027],[-6.551946,41.245253],[-6.546726,41.258149],[-6.521825,41.275998],[-6.509862,41.263729],[-6.481149,41.272977],[-6.491794,41.285676],[-6.479707,41.294346],[-6.477556,41.287576],[-6.454308,41.292077],[-6.44535,41.283854],[-6.418177,41.283179],[-6.414732,41.275978],[-6.372276,41.2863],[-6.347201,41.272497],[-6.317682,41.270894],[-6.296745,41.256439],[-6.268168,41.255607],[-6.225181,41.227731],[-6.134499,41.190387],[-6.10931,41.212613],[-6.074042,41.211319],[-6.06201,41.221051],[-6.04672,41.209011],[-6.008835,41.200498],[-6.027501,41.179123],[-6.021826,41.155262],[-6.002567,41.153136],[-5.979218,41.174574],[-5.953245,41.1401],[-5.933868,41.151458],[-5.937122,41.158418],[-5.925041,41.174549],[-5.913134,41.178337],[-5.92133,41.218153],[-5.897674,41.238592],[-5.835221,41.220343],[-5.808702,41.22447],[-5.767308,41.215701],[-5.75125,41.225858],[-5.67894,41.23187],[-5.662791,41.245809],[-5.634451,41.231871],[-5.628325,41.214457],[-5.58793,41.20244],[-5.565067,41.217038],[-5.518079,41.194866],[-5.50641,41.180277],[-5.485255,41.178854],[-5.48434,41.145503],[-5.46983,41.157948],[-5.476878,41.178323],[-5.418103,41.187661],[-5.407594,41.185593],[-5.396578,41.163045],[-5.401552,41.1478],[-5.386963,41.135854],[-5.357781,41.141031],[-5.331849,41.117979],[-5.316047,41.119099],[-5.296325,41.129402],[-5.290595,41.146837],[-5.298622,41.162763],[-5.287961,41.177324],[-5.288467,41.195616],[-5.252968,41.199775],[-5.229602,41.190529],[-5.21822,41.159585],[-5.20792,41.166818],[-5.179658,41.167293],[-5.13617,41.144006],[-5.124929,41.132045],[-5.129166,41.105378],[-5.1514,41.085337],[-5.148328,41.048023],[-5.140792,41.037246],[-5.106605,41.029499],[-5.089841,40.996629],[-5.099639,40.989569],[-5.096471,40.978485],[-5.104841,40.960254],[-5.127601,40.954116],[-5.111272,40.915558],[-5.115045,40.902806],[-5.130054,40.900323],[-5.163809,40.868384],[-5.168958,40.839994],[-5.157471,40.824113],[-5.161507,40.814003],[-5.17763,40.805269],[-5.184412,40.788692],[-5.218992,40.772972],[-5.214437,40.757827],[-5.249944,40.742881],[-5.292844,40.710266],[-5.328755,40.705422],[-5.337162,40.689272],[-5.385457,40.671449],[-5.385807,40.663344],[-5.365892,40.648774],[-5.378418,40.64549],[-5.373167,40.638806],[-5.382954,40.62076],[-5.419372,40.607897],[-5.44765,40.579593],[-5.499658,40.581587],[-5.50086,40.597351],[-5.516222,40.585379],[-5.516295,40.567795],[-5.529178,40.552327],[-5.526175,40.541259],[-5.431076,40.567234],[-5.425556,40.55664],[-5.43345,40.532973],[-5.446992,40.520022],[-5.452361,40.494092],[-5.461954,40.491186],[-5.467128,40.464007],[-5.482555,40.456678],[-5.509831,40.463664],[-5.517919,40.452877],[-5.509709,40.438526],[-5.513591,40.423759],[-5.544753,40.423095],[-5.573156,40.448075]]]]}},{"type":"Feature","properties":{"name":"Santa Cruz De Tenerife","mapcolor":54,"cartodb_id":54},"geometry":{"type":"MultiPolygon","coordinates":[[[[-17.920139313,28.858472824],[-17.91708374,28.85458374],[-17.912916183,28.858194351],[-17.905971527,28.855417252],[-17.902915955,28.851804733],[-17.902639389,28.8465271],[-17.899583817,28.847085953],[-17.895694733,28.842916489],[-17.891527176,28.84208107],[-17.889862061,28.840137482],[-17.886806488,28.840694427],[-17.885416031,28.84346962],[-17.882083893,28.839027405],[-17.870695114,28.836526871],[-17.862916946,28.836805344],[-17.861251831,28.834583282],[-17.857084274,28.833471298],[-17.852638245,28.833471298],[-17.848472595,28.835695267],[-17.837083817,28.835416794],[-17.831529617,28.837638855],[-17.826528549,28.837638855],[-17.82208252,28.840415955],[-17.814861298,28.839305878],[-17.810972214,28.8409729],[-17.808195114,28.844863892],[-17.803472519,28.841806412],[-17.796806335,28.84346962],[-17.794862747,28.841529846],[-17.788194656,28.843751907],[-17.786527634,28.840415955],[-17.777360916,28.839027405],[-17.776250839,28.83291626],[-17.774026871,28.830694199],[-17.774026871,28.825971603],[-17.769306183,28.824583054],[-17.76902771,28.818195343],[-17.765693665,28.815141678],[-17.764862061,28.811805725],[-17.762361526,28.811527252],[-17.762916565,28.810138702],[-17.759304047,28.805139542],[-17.75680542,28.789583206],[-17.751247406,28.780971527],[-17.752916336,28.778749466],[-17.747915268,28.771249771],[-17.748193741,28.769304276],[-17.743749619,28.766805649],[-17.740140915,28.759859085],[-17.736249924,28.760694504],[-17.735971451,28.759307861],[-17.734304428,28.75958252],[-17.734861374,28.757360458],[-17.732639313,28.75680542],[-17.733472824,28.752361298],[-17.730138779,28.750694275],[-17.72958374,28.744861603],[-17.727638245,28.74319458],[-17.724029541,28.743473053],[-17.723472595,28.738195419],[-17.72819519,28.730415344],[-17.731250763,28.728750229],[-17.730138779,28.725694656],[-17.73236084,28.724306107],[-17.73236084,28.720140457],[-17.734861374,28.719026566],[-17.734304428,28.717636108],[-17.736804962,28.715139389],[-17.74319458,28.713472366],[-17.747360229,28.708751678],[-17.751806259,28.706529617],[-17.752082825,28.70375061],[-17.755695343,28.701805115],[-17.759304047,28.69708252],[-17.75958252,28.687360764],[-17.764583588,28.681528091],[-17.765140533,28.675695419],[-17.766527176,28.678747177],[-17.768472672,28.677360535],[-17.768749237,28.667917252],[-17.766805649,28.664861679],[-17.761249542,28.662361145],[-17.760972977,28.659305573],[-17.759027481,28.658193588],[-17.759860992,28.65486145],[-17.757360458,28.653194427],[-17.754583359,28.647638321],[-17.75680542,28.639583588],[-17.754304886,28.637916565],[-17.752916336,28.628751755],[-17.750137329,28.626529694],[-17.749860764,28.624305725],[-17.751529694,28.615972519],[-17.75541687,28.612640381],[-17.755695343,28.607639313],[-17.753751755,28.606527328],[-17.755973816,28.595415115],[-17.754861832,28.592084885],[-17.757360458,28.588472366],[-17.755695343,28.587083817],[-17.755973816,28.584861755],[-17.760139465,28.582361221],[-17.759860992,28.569026947],[-17.765417099,28.565416336],[-17.76625061,28.562084198],[-17.772083282,28.554861069],[-17.774583817,28.554582596],[-17.775693893,28.551250458],[-17.7840271,28.54652977],[-17.787361145,28.542915344],[-17.79069519,28.534860611],[-17.789861679,28.530971527],[-17.792917252,28.5284729],[-17.793193817,28.524330139],[-17.79624939,28.521528244],[-17.79624939,28.518194199],[-17.800416946,28.517360687],[-17.800695419,28.513750076],[-17.803194046,28.512083054],[-17.810138702,28.500139236],[-17.817361832,28.494028091],[-17.824861526,28.474027634],[-17.831529617,28.462638855],[-17.832641602,28.456806183],[-17.839860916,28.452690125],[-17.842916489,28.452640533],[-17.851804733,28.458749771],[-17.857082367,28.459861755],[-17.858194351,28.463193893],[-17.860694885,28.464025497],[-17.86819458,28.472360611],[-17.868473053,28.477918625],[-17.87097168,28.480140686],[-17.86958313,28.484027863],[-17.875139236,28.490972519],[-17.875139236,28.497638702],[-17.877084732,28.500972748],[-17.877361298,28.507640839],[-17.875139236,28.509305954],[-17.874862671,28.511806488],[-17.876527786,28.512638092],[-17.875139236,28.515693665],[-17.877084732,28.516525269],[-17.875415802,28.52180481],[-17.880695343,28.524305344],[-17.877916336,28.526527405],[-17.879304886,28.532640457],[-17.880971909,28.533472061],[-17.880138397,28.540138245],[-17.884027481,28.541528702],[-17.884859085,28.548751831],[-17.893194199,28.55569458],[-17.895694733,28.563472748],[-17.898471832,28.566249847],[-17.899026871,28.570972443],[-17.904584885,28.572637558],[-17.906806946,28.575138092],[-17.907915115,28.58013916],[-17.910694122,28.58152771],[-17.911529541,28.586248398],[-17.927083969,28.596250534],[-17.923749924,28.607084274],[-17.925970078,28.614858627],[-17.932638168,28.623750687],[-17.935138702,28.630695343],[-17.937915802,28.632917404],[-17.939029694,28.640417099],[-17.942363739,28.643194199],[-17.946250916,28.643194199],[-17.945972443,28.647361755],[-17.947914124,28.651250839],[-17.950416565,28.651250839],[-17.956249237,28.658193588],[-17.95791626,28.663194656],[-17.964860916,28.667917252],[-17.963472366,28.670415878],[-17.963750839,28.675416946],[-17.969583511,28.682638168],[-17.976249695,28.699028015],[-17.979858398,28.71097374],[-17.977361679,28.713193893],[-17.98125267,28.71736145],[-17.980140686,28.722362518],[-17.981805801,28.723749161],[-17.982084274,28.729305267],[-17.985137939,28.72958374],[-17.98680687,28.732637405],[-17.989583969,28.732915878],[-17.9901371,28.736251831],[-17.992359161,28.736528397],[-17.991527557,28.740695953],[-17.993473053,28.739860535],[-17.996250153,28.74458313],[-18.000415802,28.7429142],[-18.0098629,28.749027252],[-18.0098629,28.774305344],[-18.007358551,28.774305344],[-18.007083893,28.777082443],[-18.009027481,28.778749466],[-18.007358551,28.782915115],[-17.996250153,28.791528702],[-17.996805191,28.794027328],[-17.995138168,28.796527863],[-17.989025116,28.795415878],[-17.987916946,28.798471451],[-17.984027863,28.799026489],[-17.977916718,28.80430603],[-17.977361679,28.808750153],[-17.97958374,28.812360764],[-17.975139618,28.812084198],[-17.9715271,28.815694809],[-17.970972061,28.820138931],[-17.96846962,28.820695877],[-17.968751907,28.826530457],[-17.961805344,28.827083588],[-17.962360382,28.83013916],[-17.960138321,28.82847023],[-17.95347023,28.831806183],[-17.949026108,28.839582443],[-17.945417404,28.842639923],[-17.938194275,28.841806412],[-17.929861069,28.84513855],[-17.924026489,28.849582672],[-17.925418854,28.85319519],[-17.920139313,28.858472824]]],[[[-16.158193588,28.589027405],[-16.137359619,28.583471298],[-16.13458252,28.58152771],[-16.134859085,28.577083588],[-16.132917404,28.574861526],[-16.125694275,28.571807861],[-16.125694275,28.564861298],[-16.11958313,28.556526184],[-16.119861603,28.552360535],[-16.126249313,28.547639847],[-16.126527786,28.541805267],[-16.12902832,28.537916183],[-16.124862671,28.532361984],[-16.127639771,28.532083511],[-16.13041687,28.535139084],[-16.132917404,28.534584045],[-16.137916565,28.531526566],[-16.137359619,28.528194427],[-16.138750076,28.525972366],[-16.142360687,28.524860382],[-16.142917633,28.520694733],[-16.150417328,28.523195267],[-16.157915115,28.521528244],[-16.172916412,28.515138626],[-16.179584503,28.50819397],[-16.180973053,28.50819397],[-16.180139542,28.510139465],[-16.181249619,28.510971069],[-16.184860229,28.510139465],[-16.19430542,28.500415802],[-16.210416794,28.492639542],[-16.211526871,28.493747711],[-16.210138321,28.494861603],[-16.212360382,28.494304657],[-16.218194962,28.490972519],[-16.219028473,28.487916946],[-16.224861145,28.483472824],[-16.227916718,28.482915878],[-16.22013855,28.489025116],[-16.225416183,28.489860535],[-16.230138779,28.485139847],[-16.235416412,28.485694885],[-16.238750458,28.482915878],[-16.24041748,28.477918625],[-16.245695114,28.473472595],[-16.245973587,28.469860077],[-16.244304657,28.468471527],[-16.237916946,28.47819519],[-16.235971451,28.479030609],[-16.243749619,28.466806412],[-16.245695114,28.466247559],[-16.246528625,28.459861755],[-16.249027252,28.45791626],[-16.249860764,28.454860687],[-16.253749847,28.453193665],[-16.25402832,28.450971603],[-16.260139465,28.451526642],[-16.267084122,28.449583054],[-16.278194427,28.435693741],[-16.291250229,28.426805496],[-16.298194885,28.417116165],[-16.30569458,28.410694122],[-16.317361832,28.40458107],[-16.320417404,28.400140762],[-16.33013916,28.402362823],[-16.333749771,28.399583817],[-16.334583282,28.396526337],[-16.338752747,28.39569664],[-16.347360611,28.386806488],[-16.355417252,28.38319397],[-16.356805801,28.379861832],[-16.359861374,28.379861832],[-16.359582901,28.377082825],[-16.361528397,28.375694275],[-16.361249924,28.3679142],[-16.369028091,28.355693817],[-16.36680603,28.341527939],[-16.362638474,28.33291626],[-16.363470078,28.326250076],[-16.359861374,28.320140839],[-16.361804962,28.305416107],[-16.365140915,28.301250458],[-16.370138168,28.299303055],[-16.372083664,28.295694351],[-16.376806259,28.293193817],[-16.379304886,28.288749695],[-16.383195877,28.285972595],[-16.384027481,28.2784729],[-16.382360458,28.277360916],[-16.383472443,28.272361755],[-16.386526108,28.269861221],[-16.387361526,28.264862061],[-16.39402771,28.257638931],[-16.396528244,28.250694275],[-16.400693893,28.246250153],[-16.402082443,28.240140915],[-16.407081604,28.235137939],[-16.410417557,28.222917557],[-16.42430687,28.20375061],[-16.424028397,28.200971603],[-16.42124939,28.198749542],[-16.42124939,28.195138931],[-16.4276371,28.188194275],[-16.425416946,28.180696487],[-16.42791748,28.179861069],[-16.429859161,28.173471451],[-16.425695419,28.16986084],[-16.425416946,28.166250229],[-16.426250458,28.164583206],[-16.431249619,28.164583206],[-16.434585571,28.157361984],[-16.432638168,28.153194427],[-16.427083969,28.152639389],[-16.425138474,28.150138855],[-16.433750153,28.140415192],[-16.438472748,28.14374733],[-16.439861298,28.143194199],[-16.442638397,28.140138626],[-16.442083359,28.135139465],[-16.448194504,28.1348629],[-16.450138092,28.128471375],[-16.462085724,28.12097168],[-16.464027405,28.118749619],[-16.461526871,28.114585876],[-16.463472366,28.111528397],[-16.468194962,28.111528397],[-16.469583511,28.10874939],[-16.472639084,28.108194351],[-16.472639084,28.104860306],[-16.480417252,28.099304199],[-16.48097229,28.095417023],[-16.490695953,28.089025497],[-16.489027023,28.085138321],[-16.492361069,28.079027176],[-16.502639771,28.077362061],[-16.505971909,28.071804047],[-16.506528854,28.067083359],[-16.511806488,28.065694809],[-16.515695572,28.060415268],[-16.519861221,28.059303284],[-16.522083282,28.05569458],[-16.52180481,28.052640915],[-16.528474808,28.049028397],[-16.530138016,28.051528931],[-16.531806946,28.051250458],[-16.5340271,28.048471451],[-16.534305573,28.042638779],[-16.536527634,28.043750763],[-16.541528702,28.042360306],[-16.542917252,28.038473129],[-16.540138245,28.03125],[-16.545972824,28.024860382],[-16.550970078,28.025693893],[-16.552360535,28.031528473],[-16.55569458,28.03263855],[-16.560138702,28.032083511],[-16.563749313,28.029306412],[-16.567638397,28.029306412],[-16.569860458,28.031528473],[-16.576805115,28.029027939],[-16.595972061,28.028749466],[-16.617639542,28.01902771],[-16.625417709,28.018472672],[-16.626527786,28.015693665],[-16.630971909,28.013195038],[-16.632360458,28.008750916],[-16.637638092,28.009025574],[-16.639583588,28.004861832],[-16.645971298,28.003471375],[-16.650138855,28.007917404],[-16.655139923,28.005693436],[-16.659582138,28.009025574],[-16.665971756,28.008750916],[-16.66708374,28.003471375],[-16.671806335,28.004304886],[-16.678195953,27.997917175],[-16.694028854,27.999027252],[-16.695972443,28.001527786],[-16.703195572,28.005138397],[-16.707361221,28.010417938],[-16.705972672,28.016527176],[-16.707082748,28.020414352],[-16.704860687,28.027082443],[-16.709583282,28.032363892],[-16.710138321,28.036806107],[-16.708749771,28.039304733],[-16.711526871,28.047637939],[-16.715974808,28.050971985],[-16.720972061,28.050138474],[-16.724027634,28.05291748],[-16.729585648,28.052083969],[-16.736804962,28.05569458],[-16.736249924,28.059860229],[-16.732917786,28.063194275],[-16.732639313,28.067361832],[-16.734027863,28.074026108],[-16.738193512,28.078193665],[-16.735971451,28.081806183],[-16.737083435,28.086250305],[-16.741804123,28.090694427],[-16.748193741,28.092639923],[-16.752361298,28.098192215],[-16.759027481,28.100973129],[-16.759027481,28.104028702],[-16.761249542,28.105140686],[-16.760972977,28.107915878],[-16.762638092,28.109861374],[-16.76902771,28.109582901],[-16.768474579,28.113471985],[-16.773471832,28.113193512],[-16.774583817,28.117639542],[-16.776527405,28.117361069],[-16.78125,28.123193741],[-16.782085419,28.126804352],[-16.783750534,28.126249313],[-16.787082672,28.13013649],[-16.787639618,28.135416031],[-16.793193817,28.139862061],[-16.795139313,28.14541626],[-16.798196793,28.147083282],[-16.798749924,28.152082443],[-16.804027557,28.157361984],[-16.80569458,28.162639618],[-16.80569458,28.171806335],[-16.813194275,28.180139542],[-16.819860458,28.1804142],[-16.821527481,28.187360764],[-16.827638626,28.193471909],[-16.829584122,28.200695038],[-16.834028244,28.202638626],[-16.837638855,28.207639694],[-16.836526871,28.216249466],[-16.839582443,28.220415115],[-16.839582443,28.226249695],[-16.843194962,28.227916718],[-16.841806412,28.22958374],[-16.84236145,28.234027863],[-16.845970154,28.237636566],[-16.845970154,28.239860535],[-16.842916489,28.242082596],[-16.843471527,28.248193741],[-16.840417862,28.248193741],[-16.837085724,28.25402832],[-16.837638855,28.260414124],[-16.839307785,28.260974884],[-16.839307785,28.263196945],[-16.840694427,28.262918472],[-16.840417862,28.265138626],[-16.850414276,28.26902771],[-16.848749161,28.272361755],[-16.849861145,28.274026871],[-16.856250763,28.274026871],[-16.860137939,28.276525497],[-16.864025116,28.289304733],[-16.87097168,28.29624939],[-16.87097168,28.299583435],[-16.875974655,28.299861908],[-16.880695343,28.302915573],[-16.88180542,28.305139542],[-16.880138397,28.309583664],[-16.880971909,28.313194275],[-16.886249542,28.317083359],[-16.889585495,28.317361832],[-16.890972137,28.320417404],[-16.893194199,28.320417404],[-16.896249771,28.330694199],[-16.900417328,28.332361221],[-16.905136108,28.338472366],[-16.90791893,28.339582443],[-16.912082672,28.339582443],[-16.917917252,28.342918396],[-16.924304962,28.341249466],[-16.921806335,28.342636108],[-16.924304962,28.349861145],[-16.923749924,28.354305267],[-16.917917252,28.360694885],[-16.90486145,28.365139008],[-16.894582748,28.362916946],[-16.885971069,28.366804123],[-16.885416031,28.369026184],[-16.882917404,28.367639542],[-16.876527786,28.371248245],[-16.874860764,28.370136261],[-16.871528625,28.371528625],[-16.87097168,28.375694275],[-16.860971451,28.375972748],[-16.860416412,28.379583359],[-16.857084274,28.380693436],[-16.849861145,28.387916565],[-16.84236145,28.387361526],[-16.841249466,28.390693665],[-16.833194733,28.393472672],[-16.826250076,28.39263916],[-16.824861526,28.387361526],[-16.822914124,28.387638092],[-16.82208252,28.385417938],[-16.818195343,28.384029388],[-16.81791687,28.382360458],[-16.810138702,28.376806259],[-16.807361603,28.376527786],[-16.804859161,28.37902832],[-16.803472519,28.377082825],[-16.795415878,28.377082825],[-16.791528702,28.373193741],[-16.789028168,28.375972748],[-16.782085419,28.375415802],[-16.780416489,28.373193741],[-16.778749466,28.374584198],[-16.772361755,28.374584198],[-16.769584656,28.372917175],[-16.763195038,28.375694275],[-16.757360458,28.374860764],[-16.755693436,28.372358322],[-16.751249313,28.37097168],[-16.741249084,28.380138397],[-16.736249924,28.380138397],[-16.734027863,28.382915497],[-16.730695724,28.378194809],[-16.724859238,28.377361298],[-16.725416183,28.38041687],[-16.723472595,28.381526947],[-16.724582672,28.383472443],[-16.720972061,28.384859085],[-16.72013855,28.387916565],[-16.712360382,28.384307861],[-16.711526871,28.385139465],[-16.710416794,28.383472443],[-16.700416565,28.384029388],[-16.699028015,28.386529922],[-16.695138931,28.387083054],[-16.694583893,28.395414352],[-16.693750381,28.393749237],[-16.68069458,28.39125061],[-16.676525116,28.393472672],[-16.677639008,28.397361755],[-16.676803589,28.399305344],[-16.674303055,28.398471832],[-16.675416946,28.401527405],[-16.67124939,28.399583817],[-16.668193817,28.401805878],[-16.663473129,28.399305344],[-16.6590271,28.401527405],[-16.654582977,28.39680481],[-16.650972366,28.396249771],[-16.643749237,28.398750305],[-16.637361526,28.394582748],[-16.632638931,28.396526337],[-16.622085571,28.396526337],[-16.619028091,28.394582748],[-16.604028702,28.394304276],[-16.599306107,28.397083282],[-16.598194122,28.400693893],[-16.595695496,28.400693893],[-16.593471527,28.398195267],[-16.587638855,28.398471832],[-16.578752518,28.405971527],[-16.572639465,28.405138016],[-16.570972443,28.408193588],[-16.567363739,28.410137177],[-16.566804886,28.413194656],[-16.562639236,28.411529541],[-16.554861069,28.419305801],[-16.54624939,28.418193817],[-16.544582367,28.421527863],[-16.542917252,28.421527863],[-16.540416718,28.41708374],[-16.534305573,28.416805267],[-16.528749466,28.41847229],[-16.520139694,28.418193817],[-16.51902771,28.41986084],[-16.513473511,28.419305801],[-16.507360458,28.423749924],[-16.503471375,28.424583435],[-16.503196716,28.42791748],[-16.501527786,28.427640915],[-16.499027252,28.430139542],[-16.497638702,28.437084198],[-16.494028091,28.440694809],[-16.487638474,28.438194275],[-16.484027863,28.440971375],[-16.474861145,28.441804886],[-16.474584579,28.444860458],[-16.471805573,28.445138931],[-16.47013855,28.449308395],[-16.473474503,28.450418472],[-16.475139618,28.45375061],[-16.472082138,28.455972672],[-16.468471527,28.455415726],[-16.466806412,28.460138321],[-16.461250305,28.458194733],[-16.456806183,28.45930481],[-16.455415726,28.462083817],[-16.457641602,28.468194962],[-16.451250076,28.473749161],[-16.450138092,28.472917557],[-16.452083588,28.477083206],[-16.449583054,28.474861145],[-16.446805954,28.476249695],[-16.446252823,28.474027634],[-16.444860458,28.474304199],[-16.44291687,28.47652626],[-16.443471909,28.479858398],[-16.435972214,28.482639313],[-16.427083969,28.491247177],[-16.426250458,28.504304886],[-16.423749924,28.50958252],[-16.420692444,28.512083054],[-16.421527863,28.517637253],[-16.412082672,28.524860382],[-16.411249161,28.527639389],[-16.4034729,28.530971527],[-16.402915955,28.5340271],[-16.399583817,28.533472061],[-16.39541626,28.541250229],[-16.392362595,28.541805267],[-16.389305115,28.54486084],[-16.387361526,28.544307709],[-16.386249542,28.546806335],[-16.384027481,28.545972824],[-16.37735939,28.547916412],[-16.365970612,28.54652977],[-16.364305496,28.548471451],[-16.355138779,28.550416946],[-16.354305267,28.553472519],[-16.349859238,28.553472519],[-16.345693588,28.556804657],[-16.335138321,28.557361603],[-16.332639694,28.564861298],[-16.334028244,28.57208252],[-16.329860687,28.577360153],[-16.321527481,28.579582214],[-16.31930542,28.57875061],[-16.315139771,28.571807861],[-16.306804657,28.574861526],[-16.303472519,28.570972443],[-16.300973892,28.571807861],[-16.296527863,28.569860458],[-16.29486084,28.571807861],[-16.291250229,28.570138931],[-16.284862518,28.577360153],[-16.281528473,28.575971603],[-16.278749466,28.571807861],[-16.274860382,28.572359085],[-16.274026871,28.577917099],[-16.272363663,28.577917099],[-16.268472672,28.574583054],[-16.262916565,28.574029922],[-16.257083893,28.57069397],[-16.244581223,28.572359085],[-16.234584808,28.567638397],[-16.222360611,28.566249847],[-16.210416794,28.569583893],[-16.207084656,28.568750381],[-16.201248169,28.572637558],[-16.193195343,28.572637558],[-16.191251755,28.575416565],[-16.181249619,28.578472137],[-16.18069458,28.581249237],[-16.174583435,28.582639694],[-16.173194885,28.585136414],[-16.16847229,28.584026337],[-16.158193588,28.589027405]]],[[[-16.243471146,28.464860916],[-16.244028091,28.460416794],[-16.246528625,28.456249237],[-16.247638702,28.455694199],[-16.243471146,28.464860916]]],[[[-16.159584045,28.594861984],[-16.157915115,28.592638016],[-16.158472061,28.591249466],[-16.161806107,28.591806412],[-16.161527634,28.594028473],[-16.159584045,28.594861984]]],[[[-17.25958252,28.217916489],[-17.2598629,28.214027405],[-17.252361298,28.209583282],[-17.252082825,28.202917099],[-17.245138168,28.204582214],[-17.244861603,28.200695038],[-17.242361069,28.203193665],[-17.24041748,28.202360153],[-17.239860535,28.20375061],[-17.236249924,28.204027176],[-17.231805801,28.201528549],[-17.229305267,28.203193665],[-17.227361679,28.201528549],[-17.216806412,28.201805115],[-17.2159729,28.200695038],[-17.210971832,28.203193665],[-17.206806183,28.197639465],[-17.201250076,28.200971603],[-17.196250916,28.199861526],[-17.193195343,28.197639465],[-17.192638397,28.193471909],[-17.184860229,28.187915802],[-17.182916641,28.179582596],[-17.175971985,28.177639008],[-17.168193817,28.181526184],[-17.166250229,28.178192139],[-17.164028168,28.178472519],[-17.164861679,28.172361374],[-17.161527634,28.173751831],[-17.155416489,28.173194885],[-17.154306412,28.172082901],[-17.155693054,28.167085648],[-17.151527405,28.165693283],[-17.149860382,28.163194656],[-17.136529922,28.160417557],[-17.132638931,28.15763855],[-17.1320858,28.155414581],[-17.12902832,28.155414581],[-17.126806259,28.153194427],[-17.118749619,28.152914047],[-17.117082596,28.150972366],[-17.116527557,28.144861221],[-17.115139008,28.14374733],[-17.112083435,28.144582748],[-17.110416412,28.14263916],[-17.113193512,28.1348629],[-17.10902977,28.130971909],[-17.103750229,28.130971909],[-17.102361679,28.128471375],[-17.105695724,28.122917175],[-17.104028702,28.120695114],[-17.104028702,28.1151371],[-17.102081299,28.112916946],[-17.10597229,28.111249924],[-17.103750229,28.110694885],[-17.104028702,28.103750229],[-17.100694656,28.102636337],[-17.101249695,28.098472595],[-17.099306107,28.097917557],[-17.098472595,28.09513855],[-17.10597229,28.0909729],[-17.107084274,28.086250305],[-17.110139847,28.088750839],[-17.113470078,28.087085724],[-17.113193512,28.081249237],[-17.118473053,28.074583054],[-17.122083664,28.072360992],[-17.129304886,28.072914124],[-17.1320858,28.069026947],[-17.143192291,28.062639236],[-17.144304276,28.060415268],[-17.143192291,28.057916641],[-17.14569664,28.053472519],[-17.152915955,28.054861069],[-17.155971527,28.048749924],[-17.160417557,28.047914505],[-17.163749695,28.04208374],[-17.167360306,28.042638779],[-17.167917252,28.039897919],[-17.166250229,28.036527634],[-17.168193817,28.034860611],[-17.170694351,28.035139084],[-17.17430687,28.039304733],[-17.180139542,28.037639618],[-17.181249619,28.034585953],[-17.183193207,28.03430748],[-17.184303284,28.02958107],[-17.19708252,28.028194427],[-17.196250916,28.026250839],[-17.198196411,28.023750305],[-17.208471298,28.023750305],[-17.211526871,28.027082443],[-17.214582443,28.027360916],[-17.219305038,28.024860382],[-17.228471756,28.026250839],[-17.234306335,28.024860382],[-17.234582901,28.021806717],[-17.237083435,28.022361755],[-17.24458313,28.019582748],[-17.249305725,28.021528244],[-17.251249313,28.025140762],[-17.257917404,28.025972366],[-17.270139694,28.024583817],[-17.273195267,28.026805878],[-17.275138855,28.031528473],[-17.273471832,28.035694122],[-17.277082443,28.035139084],[-17.277639389,28.036806107],[-17.279027939,28.035972595],[-17.281528473,28.038194656],[-17.289583206,28.037639618],[-17.29180336,28.046527863],[-17.295417786,28.04624939],[-17.298471451,28.04930687],[-17.302639008,28.048749924],[-17.305696487,28.051528931],[-17.310693741,28.051528931],[-17.313749313,28.05430603],[-17.315971375,28.059585571],[-17.320415497,28.057081223],[-17.319307327,28.061525345],[-17.321250916,28.065139771],[-17.319307327,28.069583893],[-17.321250916,28.075696945],[-17.325416565,28.079860687],[-17.33152771,28.079584122],[-17.337640762,28.082639694],[-17.340415955,28.087638855],[-17.339582443,28.090694427],[-17.3409729,28.093471527],[-17.344861984,28.094028473],[-17.349029541,28.097639084],[-17.347085953,28.10458374],[-17.348472595,28.10874939],[-17.348194122,28.117639542],[-17.345693588,28.12097168],[-17.34680748,28.123193741],[-17.34208107,28.130695343],[-17.342916489,28.139028549],[-17.34680748,28.14263916],[-17.347085953,28.148195267],[-17.345693588,28.152360916],[-17.342638016,28.153749466],[-17.334861755,28.163471222],[-17.337083817,28.164861679],[-17.337360382,28.173471451],[-17.333471298,28.176527023],[-17.332361221,28.182636261],[-17.329860687,28.184028625],[-17.329027176,28.187915802],[-17.324861526,28.188749313],[-17.322917938,28.191249847],[-17.32208252,28.195415497],[-17.323194504,28.197917938],[-17.321525574,28.200416565],[-17.319026947,28.201805115],[-17.318193436,28.204582214],[-17.30847168,28.202638626],[-17.300138474,28.209583282],[-17.29486084,28.207361221],[-17.289028168,28.210971832],[-17.288194656,28.213193893],[-17.284584045,28.211250305],[-17.282361984,28.211805344],[-17.277639389,28.217638016],[-17.274583817,28.21736145],[-17.274860382,28.215139389],[-17.272361755,28.214862823],[-17.271528244,28.21736145],[-17.25958252,28.217916489]]],[[[-17.92791748,27.849582672],[-17.918193817,27.848472595],[-17.914861679,27.845415115],[-17.901252747,27.84208107],[-17.903749466,27.840139389],[-17.903194427,27.837638855],[-17.897918701,27.837360382],[-17.898748398,27.834583282],[-17.89402771,27.832082748],[-17.893472672,27.827360153],[-17.89125061,27.826528549],[-17.893472672,27.823749542],[-17.88458252,27.817363739],[-17.885137558,27.815694809],[-17.882638931,27.810972214],[-17.882638931,27.80291748],[-17.884307861,27.800138474],[-17.888750076,27.798749924],[-17.89263916,27.790971756],[-17.89402771,27.791528702],[-17.894861221,27.786806107],[-17.897636414,27.785417557],[-17.899305344,27.786249161],[-17.899583817,27.784860611],[-17.902080536,27.785972595],[-17.908750534,27.772916794],[-17.914028168,27.77041626],[-17.912359238,27.76763916],[-17.910137177,27.76763916],[-17.909305573,27.764303207],[-17.912359238,27.76319313],[-17.912082672,27.761528015],[-17.913473129,27.761806488],[-17.91708374,27.757360458],[-17.924583435,27.743749619],[-17.926805496,27.732915878],[-17.929861069,27.728750229],[-17.940141678,27.72819519],[-17.94291687,27.730138779],[-17.948472977,27.728471756],[-17.956249237,27.720970154],[-17.958471298,27.715417862],[-17.95652771,27.71097374],[-17.95930481,27.703193665],[-17.958194733,27.69430542],[-17.959028244,27.691804886],[-17.962360382,27.691249847],[-17.964305878,27.689027786],[-17.9659729,27.678749084],[-17.972639084,27.670974731],[-17.970972061,27.668193817],[-17.97013855,27.655971527],[-17.971250534,27.651527405],[-17.969863892,27.647361755],[-17.972085953,27.646528244],[-17.974582672,27.64125061],[-17.978471756,27.638471603],[-17.982639313,27.638195038],[-17.979858398,27.640417099],[-17.987083435,27.637361526],[-17.992359161,27.638471603],[-17.996528625,27.640693665],[-17.997917175,27.645971298],[-18.009580612,27.649028778],[-18.019582748,27.660139084],[-18.019859314,27.66569519],[-18.021528244,27.667638779],[-18.029027939,27.671527863],[-18.029306412,27.678749084],[-18.03153038,27.67930603],[-18.036806107,27.685695648],[-18.049863815,27.690694809],[-18.051250458,27.692638397],[-18.070138931,27.695417404],[-18.071527481,27.696804047],[-18.082082748,27.696252823],[-18.091249466,27.697914124],[-18.097919464,27.700971603],[-18.107639313,27.700416565],[-18.125137329,27.704860687],[-18.129583359,27.70513916],[-18.135972977,27.702638626],[-18.147361755,27.703472137],[-18.160417557,27.714307785],[-18.161527634,27.719305038],[-18.160139084,27.719583511],[-18.160694122,27.725414276],[-18.159305573,27.730417252],[-18.154859543,27.730138779],[-18.152637482,27.73236084],[-18.151805878,27.747917175],[-18.155973434,27.750692368],[-18.153749466,27.757917404],[-18.152082443,27.758750916],[-18.152915955,27.760971069],[-18.150138855,27.759859085],[-18.141252518,27.763750076],[-18.141252518,27.766807556],[-18.135694504,27.767917633],[-18.13458252,27.77180481],[-18.129304886,27.772361755],[-18.124584198,27.769861221],[-18.12097168,27.770694733],[-18.120695114,27.76625061],[-18.118473053,27.762916565],[-18.109306335,27.758472443],[-18.08152771,27.753749847],[-18.070138931,27.753471375],[-18.05569458,27.75958252],[-18.051527023,27.759027481],[-18.049583435,27.761804581],[-18.047637939,27.760694504],[-18.036249161,27.76319313],[-18.028194427,27.771249771],[-18.019306183,27.774860382],[-18.014583588,27.7840271],[-18.006526947,27.789581299],[-17.997917175,27.79180336],[-17.989583969,27.799861908],[-17.98680687,27.805973053],[-17.98680687,27.810417175],[-17.991527557,27.820417404],[-17.997360229,27.822639465],[-17.997083664,27.825138092],[-17.995138168,27.825416565],[-17.990694046,27.822360992],[-17.985694885,27.82208252],[-17.983472824,27.825416565],[-17.973749161,27.826805115],[-17.972360611,27.83013916],[-17.964027405,27.836250305],[-17.963750839,27.840139389],[-17.960138321,27.839582443],[-17.960138321,27.841527939],[-17.956806183,27.842638016],[-17.945972443,27.8409729],[-17.94291687,27.84680748],[-17.92791748,27.849582672]]]]}},{"type":"Feature","properties":{"name":"Segovia","mapcolor":20,"cartodb_id":20},"geometry":{"type":"MultiPolygon","coordinates":[[[[-3.94497,40.903329],[-3.952276,40.893632],[-3.942355,40.88897],[-3.947105,40.862974],[-3.965506,40.837992],[-3.962122,40.823447],[-3.979959,40.799386],[-3.979676,40.784555],[-4.00364,40.788716],[-4.032392,40.781612],[-4.070092,40.793915],[-4.09625,40.765273],[-4.096991,40.747739],[-4.120763,40.735673],[-4.147113,40.693966],[-4.160234,40.689823],[-4.183312,40.69805],[-4.252903,40.689533],[-4.316194,40.666749],[-4.324122,40.658029],[-4.319506,40.647663],[-4.328137,40.647263],[-4.332631,40.637131],[-4.419623,40.633428],[-4.422107,40.675259],[-4.434684,40.706172],[-4.426887,40.729618],[-4.431127,40.742384],[-4.473838,40.774654],[-4.472655,40.782777],[-4.48156,40.788365],[-4.473178,40.800048],[-4.493773,40.833518],[-4.546388,40.825547],[-4.556708,40.836334],[-4.549858,40.853353],[-4.531567,40.858642],[-4.535313,40.872374],[-4.559565,40.885849],[-4.55245,40.907465],[-4.566352,40.956199],[-4.606748,40.970803],[-4.617248,41.003652],[-4.638289,41.031306],[-4.680136,41.050917],[-4.703247,41.052433],[-4.71272,41.062102],[-4.716513,41.071585],[-4.70715,41.088776],[-4.717885,41.090003],[-4.710029,41.099272],[-4.724561,41.122655],[-4.716721,41.132644],[-4.721657,41.156017],[-4.680561,41.185737],[-4.643694,41.168101],[-4.627752,41.170795],[-4.636352,41.190607],[-4.650625,41.200104],[-4.650863,41.221421],[-4.615171,41.241365],[-4.598674,41.264168],[-4.573882,41.275201],[-4.576526,41.284865],[-4.601978,41.302654],[-4.60515,41.31314],[-4.596849,41.320587],[-4.55954,41.302166],[-4.528628,41.321099],[-4.505379,41.311291],[-4.500064,41.300912],[-4.467786,41.295887],[-4.470551,41.31846],[-4.49391,41.32641],[-4.504473,41.347196],[-4.496688,41.349613],[-4.495904,41.363926],[-4.484001,41.366801],[-4.515278,41.39409],[-4.514958,41.409659],[-4.468159,41.413076],[-4.410616,41.441647],[-4.364915,41.436002],[-4.362393,41.449931],[-4.327857,41.444786],[-4.313497,41.455112],[-4.270132,41.461274],[-4.2611,41.450591],[-4.248235,41.46209],[-4.233495,41.455737],[-4.158318,41.4821],[-4.142485,41.469936],[-4.13455,41.477779],[-4.058035,41.497316],[-4.027399,41.517797],[-3.999904,41.516103],[-3.993863,41.556012],[-3.980667,41.583373],[-3.963827,41.586082],[-3.953048,41.573436],[-3.894034,41.551797],[-3.885782,41.532306],[-3.867947,41.532477],[-3.823878,41.481134],[-3.787641,41.485865],[-3.798221,41.491926],[-3.803788,41.524576],[-3.766189,41.537929],[-3.769752,41.460152],[-3.744138,41.461059],[-3.739483,41.450784],[-3.729095,41.457624],[-3.732406,41.46989],[-3.723719,41.479205],[-3.728305,41.517638],[-3.691547,41.534537],[-3.671723,41.560433],[-3.616836,41.577158],[-3.608802,41.566123],[-3.572622,41.565399],[-3.566514,41.579957],[-3.546423,41.580088],[-3.53833,41.552016],[-3.50194,41.529183],[-3.479678,41.52091],[-3.458061,41.536849],[-3.423675,41.516282],[-3.424032,41.482729],[-3.413305,41.47612],[-3.381094,41.464799],[-3.365077,41.46776],[-3.348311,41.456498],[-3.330375,41.460721],[-3.339927,41.451091],[-3.350532,41.39487],[-3.329218,41.376268],[-3.272127,41.352735],[-3.269332,41.341544],[-3.236292,41.330284],[-3.236859,41.318528],[-3.206929,41.30675],[-3.238935,41.287943],[-3.254264,41.258383],[-3.274265,41.260265],[-3.275759,41.275034],[-3.290168,41.25793],[-3.323621,41.261742],[-3.33635,41.253031],[-3.409779,41.260623],[-3.415147,41.273197],[-3.411523,41.260707],[-3.3995,41.254543],[-3.397988,41.243252],[-3.40631,41.234171],[-3.402486,41.213619],[-3.444154,41.21534],[-3.466516,41.183384],[-3.500341,41.178608],[-3.51711,41.162891],[-3.582721,41.16142],[-3.613703,41.149053],[-3.676065,41.086696],[-3.69768,41.081876],[-3.740455,41.05364],[-3.781366,41.000312],[-3.890455,40.969029],[-3.921761,40.929929],[-3.937949,40.92718],[-3.94497,40.903329]]]]}},{"type":"Feature","properties":{"name":"Sevilla","mapcolor":19,"cartodb_id":19},"geometry":{"type":"MultiPolygon","coordinates":[[[[-5.941342,36.851924],[-5.973123,36.844186],[-6.104447,36.857256],[-6.156153,36.885649],[-6.230994,36.898107],[-6.253793,36.893907],[-6.278289,36.910848],[-6.331009,36.898803],[-6.378893,36.934706],[-6.363813,36.945803],[-6.353943,36.988492],[-6.386145,37.080387],[-6.37663,37.097588],[-6.356308,37.110644],[-6.360089,37.117286],[-6.34236,37.122977],[-6.359674,37.138426],[-6.336117,37.169617],[-6.350561,37.180562],[-6.353379,37.198943],[-6.345245,37.218283],[-6.359846,37.238096],[-6.349732,37.265169],[-6.337078,37.274744],[-6.342818,37.28115],[-6.333,37.299104],[-6.384571,37.337489],[-6.346038,37.365732],[-6.361961,37.37574],[-6.356448,37.412047],[-6.312549,37.418639],[-6.305808,37.435759],[-6.332955,37.464627],[-6.338774,37.485162],[-6.356517,37.496208],[-6.367326,37.517765],[-6.366467,37.535631],[-6.393463,37.556763],[-6.402757,37.580058],[-6.393402,37.585629],[-6.402268,37.598577],[-6.39557,37.611222],[-6.443271,37.623354],[-6.48489,37.615979],[-6.514991,37.625265],[-6.528622,37.615795],[-6.538364,37.625638],[-6.529602,37.636504],[-6.536089,37.650976],[-6.525363,37.664234],[-6.501342,37.667959],[-6.501422,37.688705],[-6.493191,37.688688],[-6.478672,37.711775],[-6.473443,37.709092],[-6.483683,37.719988],[-6.475123,37.725141],[-6.449994,37.718898],[-6.39003,37.747693],[-6.311022,37.764869],[-6.278494,37.75841],[-6.252318,37.763145],[-6.244666,37.747751],[-6.252424,37.74278],[-6.2225,37.739339],[-6.216228,37.744944],[-6.219835,37.755181],[-6.204832,37.76603],[-6.215464,37.791545],[-6.202397,37.805534],[-6.184656,37.809673],[-6.167423,37.792785],[-6.134016,37.787832],[-6.138199,37.79546],[-6.126428,37.797169],[-6.12166,37.816595],[-6.14216,37.855674],[-6.159035,37.854105],[-6.164294,37.86201],[-6.124902,37.904417],[-6.145213,37.920498],[-6.163745,37.917965],[-6.166839,37.908971],[-6.174994,37.915094],[-6.184066,37.928994],[-6.167815,37.955822],[-6.116498,37.981402],[-6.077851,37.984628],[-6.051709,37.996842],[-6.017102,37.991122],[-5.993503,37.999546],[-5.953688,37.995346],[-5.932761,38.030765],[-5.934224,38.046875],[-5.919278,38.049797],[-5.908982,38.062846],[-5.91081,38.078199],[-5.929304,38.089209],[-5.926378,38.105013],[-5.912519,38.122972],[-5.880665,38.132281],[-5.874684,38.15834],[-5.856236,38.161664],[-5.851523,38.171906],[-5.799433,38.174584],[-5.781704,38.18588],[-5.75728,38.180564],[-5.728162,38.197417],[-5.713496,38.185855],[-5.69473,38.186521],[-5.697868,38.179674],[-5.688612,38.181877],[-5.684062,38.157978],[-5.695006,38.17109],[-5.705786,38.169382],[-5.695258,38.149712],[-5.715412,38.133831],[-5.738816,38.132819],[-5.7349,38.086255],[-5.693631,38.08374],[-5.632501,38.138557],[-5.584789,38.131706],[-5.581684,38.115474],[-5.538781,38.093811],[-5.539575,38.082152],[-5.495125,38.041844],[-5.489026,38.028935],[-5.493153,37.99576],[-5.468937,37.970717],[-5.415611,37.943674],[-5.424266,37.92725],[-5.416509,37.928356],[-5.422076,37.918428],[-5.413707,37.901444],[-5.422063,37.888882],[-5.414709,37.869461],[-5.339317,37.833009],[-5.350044,37.794714],[-5.329393,37.778255],[-5.310035,37.77423],[-5.318674,37.758236],[-5.304889,37.730949],[-5.307065,37.70016],[-5.319004,37.701512],[-5.327099,37.69162],[-5.336862,37.705674],[-5.344837,37.705344],[-5.36277,37.697164],[-5.376343,37.677562],[-5.389077,37.697778],[-5.408038,37.69003],[-5.414201,37.674459],[-5.409629,37.659981],[-5.397215,37.662397],[-5.393599,37.656018],[-5.414016,37.645275],[-5.381198,37.610906],[-5.359933,37.605448],[-5.357958,37.584843],[-5.345027,37.586308],[-5.323304,37.61425],[-5.273789,37.62549],[-5.176768,37.680577],[-5.150054,37.660917],[-5.135752,37.668566],[-5.10792,37.662578],[-5.113491,37.68873],[-5.12971,37.698747],[-5.108612,37.700667],[-5.093607,37.675648],[-5.097878,37.670291],[-5.069878,37.65935],[-5.091506,37.679948],[-5.089049,37.694662],[-5.072582,37.707695],[-5.047227,37.718294],[-4.999821,37.70659],[-4.982692,37.676293],[-4.953766,37.652443],[-4.958161,37.62164],[-4.974282,37.600157],[-4.940147,37.621243],[-4.931732,37.61659],[-4.930216,37.57585],[-4.937654,37.571844],[-4.932025,37.545909],[-4.948935,37.521947],[-4.933945,37.51985],[-4.924608,37.500383],[-4.90602,37.499837],[-4.916154,37.492679],[-4.915201,37.48416],[-4.904468,37.489489],[-4.910182,37.47978],[-4.904089,37.467405],[-4.875342,37.450453],[-4.88474,37.437983],[-4.840635,37.436019],[-4.837644,37.423241],[-4.84981,37.410659],[-4.826019,37.379079],[-4.814688,37.377532],[-4.823612,37.368761],[-4.822126,37.358195],[-4.782224,37.328502],[-4.767452,37.337727],[-4.748727,37.330912],[-4.729224,37.335327],[-4.726065,37.341826],[-4.73295,37.34278],[-4.722614,37.346428],[-4.718667,37.358499],[-4.686745,37.34114],[-4.685656,37.330268],[-4.671179,37.334493],[-4.679578,37.329994],[-4.668439,37.319805],[-4.681484,37.323379],[-4.68407,37.315357],[-4.659008,37.305076],[-4.665774,37.299267],[-4.660614,37.294445],[-4.67525,37.301783],[-4.681092,37.290046],[-4.662116,37.283744],[-4.65335,37.255828],[-4.714034,37.252839],[-4.719691,37.259696],[-4.730035,37.253462],[-4.735745,37.244835],[-4.717945,37.239894],[-4.732308,37.226148],[-4.727209,37.211108],[-4.711269,37.206869],[-4.708606,37.197696],[-4.760014,37.17726],[-4.792632,37.153851],[-4.80112,37.159959],[-4.799217,37.172309],[-4.822653,37.180215],[-4.827422,37.186946],[-4.819216,37.1975],[-4.825906,37.200705],[-4.853864,37.198585],[-4.856699,37.173567],[-4.8755,37.158193],[-4.880445,37.163269],[-4.897618,37.156029],[-4.905113,37.181865],[-4.92516,37.170663],[-4.939603,37.175699],[-4.942665,37.157588],[-4.902843,37.137595],[-4.908278,37.115279],[-4.921453,37.104331],[-4.952266,37.094362],[-4.980079,37.068835],[-5.026715,37.051679],[-5.024079,37.045983],[-5.033579,37.048929],[-5.053089,37.030604],[-5.083307,37.031465],[-5.112227,37.019111],[-5.12284,37.027691],[-5.162637,36.981423],[-5.206682,36.962254],[-5.2259,36.941843],[-5.237224,36.943225],[-5.300224,37.013742],[-5.302105,37.037363],[-5.360757,36.985156],[-5.392391,36.973284],[-5.41336,36.954015],[-5.413658,36.939794],[-5.43895,36.935288],[-5.460287,36.975303],[-5.435238,36.991122],[-5.420108,37.013214],[-5.435513,37.052228],[-5.510986,37.033603],[-5.469732,36.983948],[-5.513889,36.956544],[-5.524788,36.937333],[-5.546116,36.930182],[-5.550854,36.923123],[-5.533822,36.89345],[-5.583404,36.915092],[-5.587108,36.947013],[-5.60628,36.950793],[-5.618088,36.940161],[-5.626144,36.954438],[-5.649665,36.954321],[-5.667948,36.975954],[-5.694611,36.956779],[-5.696177,36.935278],[-5.708736,36.922501],[-5.736306,36.91822],[-5.803935,36.925518],[-5.845508,36.915212],[-5.866721,36.895183],[-5.87652,36.894711],[-5.893584,36.851583],[-5.888787,36.843301],[-5.941342,36.851924]],[[-5.018149,37.592107],[-5.033857,37.621639],[-5.026496,37.635158],[-5.031191,37.641521],[-5.046795,37.631942],[-5.05379,37.642373],[-5.084322,37.648083],[-5.040405,37.626195],[-5.04791,37.60814],[-5.031007,37.610604],[-5.026597,37.595422],[-5.018149,37.592107]]]]}},{"type":"Feature","properties":{"name":"Soria","mapcolor":0,"cartodb_id":1},"geometry":{"type":"MultiPolygon","coordinates":[[[[-1.993686,41.577087],[-1.967335,41.546067],[-1.978395,41.525863],[-1.981112,41.486435],[-1.953276,41.462451],[-1.953686,41.424263],[-1.936524,41.419899],[-1.937295,41.407854],[-1.981877,41.402321],[-2.009655,41.385837],[-2.02927,41.384158],[-2.041907,41.388587],[-2.043575,41.397149],[-2.034771,41.404417],[-2.035623,41.426889],[-2.10152,41.445789],[-2.116767,41.424947],[-2.116033,41.382047],[-2.149211,41.356148],[-2.163137,41.35535],[-2.157113,41.333967],[-2.169285,41.322219],[-2.173078,41.295359],[-2.156448,41.25864],[-2.146242,41.184395],[-2.079896,41.170984],[-2.051693,41.146849],[-2.05059,41.125897],[-2.06272,41.113115],[-2.065622,41.095789],[-2.048179,41.078378],[-2.056434,41.069691],[-2.07169,41.07249],[-2.08146,41.08635],[-2.109418,41.097551],[-2.131855,41.118098],[-2.175298,41.083755],[-2.232147,41.097011],[-2.263544,41.067535],[-2.293581,41.071255],[-2.323407,41.056508],[-2.355329,41.086454],[-2.41891,41.057706],[-2.429744,41.07229],[-2.469466,41.07811],[-2.482261,41.116272],[-2.508851,41.118857],[-2.517357,41.147872],[-2.53651,41.162525],[-2.542529,41.150668],[-2.575577,41.139472],[-2.595314,41.150253],[-2.577493,41.178663],[-2.622066,41.187988],[-2.620008,41.195368],[-2.593741,41.200205],[-2.589486,41.224538],[-2.6239,41.223737],[-2.629198,41.215215],[-2.646015,41.24021],[-2.670256,41.237193],[-2.709546,41.251981],[-2.716772,41.275671],[-2.760946,41.274024],[-2.775511,41.250084],[-2.822245,41.256615],[-2.866888,41.274465],[-2.864103,41.287352],[-2.873038,41.298505],[-2.866846,41.313072],[-2.888425,41.325238],[-2.906668,41.327632],[-2.941191,41.313936],[-2.950131,41.292637],[-3.005988,41.284396],[-3.018015,41.289115],[-3.061901,41.273427],[-3.207351,41.304236],[-3.236859,41.318528],[-3.236292,41.330284],[-3.269332,41.341544],[-3.272127,41.352735],[-3.329218,41.376268],[-3.350532,41.39487],[-3.339927,41.451091],[-3.330375,41.460721],[-3.348311,41.456498],[-3.365077,41.46776],[-3.381094,41.464799],[-3.413305,41.47612],[-3.424032,41.482729],[-3.421406,41.513867],[-3.458061,41.536849],[-3.479678,41.52091],[-3.534909,41.548663],[-3.543908,41.572075],[-3.536136,41.586468],[-3.550438,41.596588],[-3.529154,41.612627],[-3.510008,41.597185],[-3.475361,41.596953],[-3.459682,41.58927],[-3.435354,41.62203],[-3.436546,41.638588],[-3.429753,41.646278],[-3.419062,41.644101],[-3.414644,41.664832],[-3.393397,41.690613],[-3.358397,41.693421],[-3.354385,41.737254],[-3.322897,41.740931],[-3.307223,41.76015],[-3.287062,41.76013],[-3.275454,41.768671],[-3.285863,41.788246],[-3.275383,41.794324],[-3.286579,41.802899],[-3.281141,41.8229],[-3.289007,41.842462],[-3.279036,41.867915],[-3.28957,41.876409],[-3.283758,41.88381],[-3.271033,41.87876],[-3.269499,41.869288],[-3.243342,41.863997],[-3.246807,41.856324],[-3.234389,41.840642],[-3.194496,41.828926],[-3.198218,41.81721],[-3.188588,41.801661],[-3.171351,41.793015],[-3.159438,41.798626],[-3.136198,41.811942],[-3.112597,41.85069],[-3.100465,41.856809],[-3.097165,41.881058],[-3.087734,41.876346],[-3.058633,41.891325],[-3.016771,41.886906],[-2.999437,41.931817],[-2.970792,41.929273],[-2.96008,41.950121],[-2.965802,41.966038],[-2.93217,42.017974],[-2.912211,42.022842],[-2.883826,42.009487],[-2.854212,42.030461],[-2.825252,42.040846],[-2.812638,42.036638],[-2.797986,42.046844],[-2.794948,42.063546],[-2.803344,42.080484],[-2.790144,42.094222],[-2.791608,42.108752],[-2.774851,42.123536],[-2.751173,42.117768],[-2.734666,42.124954],[-2.705947,42.103556],[-2.708421,42.086288],[-2.757584,42.032616],[-2.746167,42.008678],[-2.705136,42.015137],[-2.673581,41.998064],[-2.626635,42.006504],[-2.579909,41.996264],[-2.549067,42.05151],[-2.51488,42.068861],[-2.522656,42.082881],[-2.514676,42.114542],[-2.484369,42.106349],[-2.458615,42.115317],[-2.440499,42.136783],[-2.348191,42.146706],[-2.318205,42.145181],[-2.28216,42.131703],[-2.281746,42.108392],[-2.269589,42.088555],[-2.258891,42.087279],[-2.237842,42.102218],[-2.22408,42.098154],[-2.208883,42.104661],[-2.148111,42.10445],[-2.127324,42.097169],[-2.12724,42.080462],[-2.161913,42.066734],[-2.154765,42.047038],[-2.117008,42.021508],[-2.107632,42.002774],[-2.124072,41.995309],[-2.109961,41.957868],[-2.046643,41.950928],[-2.036392,41.939404],[-2.028314,41.953386],[-1.984115,41.920084],[-1.970298,41.919142],[-1.915169,41.932252],[-1.906667,41.945591],[-1.855916,41.966297],[-1.857281,41.909515],[-1.838783,41.88902],[-1.835059,41.866492],[-1.822595,41.865438],[-1.817601,41.85338],[-1.819054,41.828753],[-1.852714,41.788878],[-1.825323,41.778369],[-1.805853,41.755084],[-1.809213,41.736664],[-1.775372,41.724789],[-1.784993,41.716992],[-1.786862,41.699431],[-1.812074,41.686454],[-1.806224,41.664263],[-1.858991,41.66153],[-1.873982,41.637981],[-1.897898,41.632412],[-1.9231,41.598335],[-1.984508,41.607072],[-1.993238,41.60051],[-1.993686,41.577087]]]]}},{"type":"Feature","properties":{"name":"Tarragona","mapcolor":18,"cartodb_id":18},"geometry":{"type":"MultiPolygon","coordinates":[[[[0.707592,40.635224],[0.707276,40.635288],[0.707528,40.635569],[0.70764,40.635457],[0.707592,40.635224]]],[[[0.646949,40.57817],[0.645506,40.578567],[0.645381,40.579301],[0.646608,40.578847],[0.646949,40.57817]]],[[[0.644208,40.578149],[0.643624,40.578492],[0.642927,40.57936],[0.643469,40.579334],[0.644208,40.578149]]],[[[0.648617,40.574083],[0.647481,40.574263],[0.647166,40.574768],[0.648424,40.574881],[0.648617,40.574083]]],[[[0.615359,40.576517],[0.614651,40.576972],[0.615839,40.577304],[0.615903,40.576743],[0.615359,40.576517]]],[[[0.642895,40.575074],[0.641265,40.576585],[0.641629,40.577204],[0.642145,40.576926],[0.642895,40.575074]]],[[[0.646476,40.574024],[0.645683,40.574212],[0.64454,40.575139],[0.645564,40.575278],[0.646476,40.574024]]],[[[0.64667,40.574334],[0.646313,40.574498],[0.646134,40.575341],[0.646586,40.57475],[0.64667,40.574334]]],[[[0.649027,40.574889],[0.648328,40.575074],[0.647628,40.576095],[0.648574,40.576345],[0.649027,40.574889]]],[[[0.649804,40.575937],[0.649054,40.576266],[0.64898,40.577061],[0.649956,40.576994],[0.649804,40.575937]]],[[[0.647376,40.575599],[0.644871,40.575795],[0.643932,40.576554],[0.645956,40.576851],[0.647376,40.575599]]],[[[0.640233,40.576951],[0.639986,40.576967],[0.639723,40.577336],[0.640069,40.577181],[0.640233,40.576951]]],[[[0.643342,40.576123],[0.642585,40.576759],[0.641871,40.578619],[0.643711,40.576616],[0.643342,40.576123]]],[[[0.648879,40.578469],[0.648197,40.579184],[0.648126,40.580267],[0.64933,40.580031],[0.648879,40.578469]]],[[[0.638385,40.579242],[0.638027,40.579398],[0.637971,40.580093],[0.638524,40.579841],[0.638385,40.579242]]],[[[0.634883,40.577389],[0.633496,40.57991],[0.635602,40.581293],[0.634162,40.578907],[0.634883,40.577389]]],[[[0.643231,40.579729],[0.642678,40.579773],[0.642392,40.580809],[0.64312,40.580092],[0.643231,40.579729]]],[[[0.644848,40.580371],[0.644698,40.580655],[0.644597,40.581181],[0.644826,40.581038],[0.644848,40.580371]]],[[[0.633083,40.581013],[0.633043,40.58159],[0.633906,40.581806],[0.63391,40.58123],[0.633083,40.581013]]],[[[0.641966,40.581246],[0.64166,40.581255],[0.641046,40.581914],[0.641789,40.581458],[0.641966,40.581246]]],[[[0.635456,40.58164],[0.63506,40.581743],[0.634373,40.582575],[0.635776,40.582315],[0.635456,40.58164]]],[[[0.642245,40.581597],[0.641407,40.582479],[0.641716,40.582938],[0.642455,40.58241],[0.642245,40.581597]]],[[[0.636932,40.581414],[0.636695,40.581628],[0.636603,40.582108],[0.636926,40.581963],[0.636932,40.581414]]],[[[0.6388,40.581238],[0.638116,40.581682],[0.638571,40.582461],[0.639191,40.582126],[0.6388,40.581238]]],[[[0.64951,40.582907],[0.649336,40.583399],[0.650005,40.583108],[0.649971,40.582902],[0.64951,40.582907]]],[[[0.65573,40.581296],[0.652488,40.584236],[0.648988,40.584824],[0.653597,40.584849],[0.65573,40.581296]]],[[[0.644253,40.583767],[0.644103,40.584042],[0.645108,40.584271],[0.645088,40.583903],[0.644253,40.583767]]],[[[0.643372,40.582759],[0.642782,40.583219],[0.64272,40.583599],[0.643725,40.583604],[0.643372,40.582759]]],[[[0.645592,40.582104],[0.644889,40.582648],[0.645162,40.583315],[0.646386,40.582592],[0.645592,40.582104]]],[[[0.647983,40.58328],[0.645868,40.583698],[0.64611,40.584672],[0.648215,40.584723],[0.647983,40.58328]]],[[[1.633235,41.313491],[1.640908,41.31256],[1.6425,41.312955],[1.637479,41.309682],[1.628974,41.310655],[1.633235,41.313491]]],[[[0.580278,40.60392],[0.547795,40.574229],[0.556362,40.571408],[0.537918,40.567229],[0.514702,40.523047],[0.476925,40.531996],[0.436958,40.547928],[0.433412,40.565379],[0.443944,40.578223],[0.420182,40.58546],[0.401962,40.602381],[0.337929,40.608783],[0.278879,40.629893],[0.265666,40.644916],[0.267707,40.658165],[0.292007,40.68775],[0.262455,40.705924],[0.239644,40.700922],[0.22731,40.715849],[0.226009,40.732934],[0.197313,40.724178],[0.163837,40.740339],[0.15907,40.750368],[0.17472,40.74118],[0.175475,40.754903],[0.189984,40.750479],[0.212132,40.76755],[0.229921,40.767395],[0.23357,40.786993],[0.279564,40.82081],[0.255512,40.845505],[0.255494,40.873955],[0.238635,40.884548],[0.250345,40.895491],[0.253842,40.91965],[0.274272,40.936624],[0.271369,40.944227],[0.293501,40.970561],[0.281542,40.974046],[0.281087,40.987163],[0.268469,40.998302],[0.274244,41.007136],[0.258635,41.01463],[0.279053,41.021133],[0.245185,41.041667],[0.23209,41.034994],[0.232942,41.047219],[0.218509,41.042775],[0.230328,41.056936],[0.218889,41.061233],[0.219896,41.082984],[0.20067,41.084803],[0.209288,41.116867],[0.20183,41.127552],[0.218634,41.130711],[0.214077,41.136946],[0.249787,41.12961],[0.25299,41.150153],[0.273011,41.14881],[0.303318,41.16438],[0.32112,41.223986],[0.340307,41.231062],[0.360863,41.22552],[0.364605,41.238676],[0.381311,41.23643],[0.373513,41.248658],[0.385558,41.278613],[0.43315,41.276041],[0.434443,41.320209],[0.461622,41.335074],[0.479888,41.323445],[0.503274,41.28973],[0.525808,41.290455],[0.554427,41.326666],[0.580855,41.319885],[0.597061,41.293449],[0.628188,41.29086],[0.669737,41.309856],[0.751522,41.317837],[0.762477,41.334247],[0.815259,41.326946],[0.82913,41.35725],[0.840065,41.36181],[0.863269,41.338111],[0.945232,41.349754],[0.964352,41.355262],[0.962064,41.367471],[0.981957,41.391747],[0.99197,41.388981],[1.002538,41.404245],[1.027716,41.409259],[1.046409,41.440651],[1.074937,41.458395],[1.037457,41.47999],[1.048506,41.487542],[1.039453,41.501375],[1.111655,41.467295],[1.179784,41.488431],[1.163621,41.513195],[1.173936,41.531306],[1.169387,41.53104],[1.163887,41.534463],[1.210751,41.548728],[1.219686,41.569715],[1.304242,41.57146],[1.371728,41.565259],[1.385565,41.555857],[1.403191,41.557879],[1.392478,41.575176],[1.410561,41.575484],[1.416082,41.582583],[1.454483,41.569186],[1.431028,41.555661],[1.446723,41.552388],[1.448583,41.537072],[1.408723,41.534928],[1.396347,41.512893],[1.446045,41.494815],[1.451955,41.486357],[1.473933,41.486259],[1.484562,41.474922],[1.483178,41.457833],[1.468484,41.443963],[1.47566,41.436093],[1.495201,41.435609],[1.475096,41.429452],[1.490165,41.401483],[1.482457,41.398606],[1.47304,41.380758],[1.509289,41.394439],[1.537017,41.385343],[1.552157,41.368112],[1.57796,41.362457],[1.578186,41.353429],[1.559079,41.343324],[1.57475,41.315151],[1.595505,41.308848],[1.588222,41.293562],[1.612056,41.285162],[1.616365,41.29311],[1.636791,41.295952],[1.627781,41.294659],[1.629184,41.28278],[1.620006,41.277063],[1.627458,41.269524],[1.619705,41.2537],[1.605966,41.250389],[1.594303,41.258969],[1.570156,41.260734],[1.583106,41.236078],[1.624011,41.222941],[1.640979,41.235366],[1.653151,41.207412],[1.641238,41.211748],[1.644751,41.193412],[1.60754,41.183651],[1.608305,41.185438],[1.607288,41.189063],[1.591484,41.188497],[1.51333,41.17799],[1.464196,41.16525],[1.394896,41.131624],[1.297918,41.127772],[1.255523,41.111693],[1.246465,41.100552],[1.213533,41.078604],[1.249096,41.10864],[1.225877,41.105257],[1.222729,41.096116],[1.222305,41.105765],[1.212614,41.099103],[1.21629,41.09029],[1.204819,41.095714],[1.214201,41.087103],[1.198866,41.094019],[1.19072,41.086841],[1.196062,41.082739],[1.186812,41.081376],[1.170341,41.054633],[1.143449,41.07194],[1.123944,41.074758],[1.08364,41.061707],[1.049143,41.064116],[0.985362,41.039968],[0.943631,41.008744],[0.930849,40.988325],[0.914922,40.987103],[0.862229,40.947079],[0.850786,40.926164],[0.833604,40.916111],[0.792109,40.866485],[0.749342,40.843778],[0.741336,40.823325],[0.699996,40.803401],[0.729313,40.769796],[0.762471,40.761757],[0.782132,40.768721],[0.72517,40.787775],[0.76772,40.791801],[0.828928,40.733581],[0.858399,40.737461],[0.873567,40.730156],[0.864285,40.692537],[0.75626,40.639904],[0.702068,40.580439],[0.661356,40.557333],[0.617641,40.553552],[0.602577,40.561742],[0.594986,40.578091],[0.618351,40.571983],[0.61787,40.585841],[0.634147,40.576449],[0.648944,40.572938],[0.652903,40.575802],[0.649596,40.581013],[0.657041,40.578256],[0.660325,40.591471],[0.708682,40.59089],[0.745234,40.636115],[0.692719,40.639813],[0.664733,40.626287],[0.608173,40.623177],[0.608292,40.617257],[0.604828,40.623174],[0.598299,40.619784],[0.608523,40.616511],[0.593279,40.616311],[0.604591,40.609105],[0.592447,40.613582],[0.580278,40.60392]]]]}},{"type":"Feature","properties":{"name":"Teruel","mapcolor":16,"cartodb_id":16},"geometry":{"type":"MultiPolygon","coordinates":[[[[0.141346,40.718466],[0.112501,40.727137],[0.072688,40.714308],[0.042175,40.691006],[0.026438,40.694951],[0.028366,40.713184],[0.015738,40.72843],[-0.017716,40.7312],[-0.031415,40.72243],[-0.064699,40.727407],[-0.126841,40.753317],[-0.143841,40.768691],[-0.144533,40.785443],[-0.164957,40.788631],[-0.197176,40.784456],[-0.212835,40.758274],[-0.224034,40.754158],[-0.239085,40.719329],[-0.235991,40.691108],[-0.293627,40.673965],[-0.306998,40.659497],[-0.328818,40.680279],[-0.377957,40.667536],[-0.381514,40.661582],[-0.370797,40.650772],[-0.379668,40.623529],[-0.370483,40.613592],[-0.322441,40.602813],[-0.311577,40.611451],[-0.293286,40.611041],[-0.299868,40.577328],[-0.290112,40.543953],[-0.301837,40.515404],[-0.297693,40.505768],[-0.287604,40.509558],[-0.277638,40.501532],[-0.279738,40.48345],[-0.27264,40.473762],[-0.33261,40.459048],[-0.347355,40.44394],[-0.28539,40.386492],[-0.281762,40.365698],[-0.305194,40.3625],[-0.340617,40.339991],[-0.343155,40.325411],[-0.3498,40.327951],[-0.352982,40.313368],[-0.368988,40.311779],[-0.366273,40.305052],[-0.388637,40.306937],[-0.400408,40.294853],[-0.38291,40.278523],[-0.383626,40.264848],[-0.428072,40.243803],[-0.463814,40.233864],[-0.469974,40.240133],[-0.494515,40.228732],[-0.525899,40.237316],[-0.544187,40.251659],[-0.557889,40.200838],[-0.572161,40.181474],[-0.569258,40.159163],[-0.57864,40.137335],[-0.607407,40.127979],[-0.628533,40.102578],[-0.613589,40.070013],[-0.627222,40.076202],[-0.68294,40.044225],[-0.747579,40.037879],[-0.753621,40.046608],[-0.762271,40.041263],[-0.767287,40.010027],[-0.777646,39.998407],[-0.837795,39.976808],[-0.835738,39.959996],[-0.846297,39.947698],[-0.836907,39.934055],[-0.840423,39.92495],[-0.829987,39.906783],[-0.797695,39.881067],[-0.828737,39.871149],[-0.863555,39.84741],[-0.888574,39.852111],[-0.912564,39.872355],[-0.900242,39.891835],[-0.909615,39.898607],[-0.913821,39.918007],[-0.902659,39.93185],[-0.920454,39.964404],[-0.931886,39.956077],[-0.989381,39.981827],[-1.025694,39.974596],[-1.072756,39.979524],[-1.092147,39.9678],[-1.105015,39.974975],[-1.123483,39.966348],[-1.121748,39.960851],[-1.142395,39.971841],[-1.165188,40.010096],[-1.084228,40.036208],[-1.072129,40.060484],[-1.111861,40.092805],[-1.133447,40.097407],[-1.148034,40.114497],[-1.207251,40.110132],[-1.244592,40.115803],[-1.250614,40.123921],[-1.244296,40.145969],[-1.252418,40.143299],[-1.284342,40.171497],[-1.296742,40.199229],[-1.293083,40.206923],[-1.297785,40.211533],[-1.314993,40.20137],[-1.32299,40.184856],[-1.316589,40.149656],[-1.354597,40.129473],[-1.362304,40.130132],[-1.363661,40.13861],[-1.393564,40.134363],[-1.44555,40.143595],[-1.439208,40.197014],[-1.474416,40.185042],[-1.510902,40.203715],[-1.540483,40.190804],[-1.690346,40.30966],[-1.707695,40.297126],[-1.712324,40.278295],[-1.72122,40.2787],[-1.72946,40.302908],[-1.720152,40.318507],[-1.70684,40.313603],[-1.697677,40.321292],[-1.741581,40.349679],[-1.777769,40.391878],[-1.805664,40.397995],[-1.800643,40.414216],[-1.785434,40.413183],[-1.7486,40.462897],[-1.692512,40.486824],[-1.701624,40.541096],[-1.689639,40.566491],[-1.693285,40.577648],[-1.678101,40.590952],[-1.598749,40.562054],[-1.545515,40.595195],[-1.564856,40.614742],[-1.538992,40.658091],[-1.535638,40.687019],[-1.553336,40.70588],[-1.562017,40.739752],[-1.539908,40.760733],[-1.542334,40.811219],[-1.559269,40.830763],[-1.57049,40.830083],[-1.588781,40.845027],[-1.621392,40.8804],[-1.625974,40.898678],[-1.607904,40.92762],[-1.617449,40.943733],[-1.56163,40.938618],[-1.505343,40.964124],[-1.472993,40.948801],[-1.446599,40.98456],[-1.459348,41.006764],[-1.476401,41.014936],[-1.417523,41.029753],[-1.41115,41.035097],[-1.416795,41.043768],[-1.404827,41.050629],[-1.410018,41.057906],[-1.405221,41.066307],[-1.355799,41.088528],[-1.352351,41.081669],[-1.360125,41.071592],[-1.354168,41.057527],[-1.287431,41.048862],[-1.270928,41.054777],[-1.253303,41.077327],[-1.271371,41.10328],[-1.254404,41.122939],[-1.209983,41.138804],[-1.173991,41.123692],[-1.121604,41.134928],[-1.105675,41.167589],[-1.068064,41.155164],[-1.039309,41.134718],[-1.000861,41.134011],[-0.972419,41.153456],[-1.000561,41.114838],[-0.998597,41.095231],[-0.952918,41.075441],[-0.912547,41.093009],[-0.915306,41.105156],[-0.890548,41.125629],[-0.891495,41.145147],[-0.883264,41.148761],[-0.883661,41.130114],[-0.859887,41.108012],[-0.828532,41.096419],[-0.792815,41.105603],[-0.783436,41.118204],[-0.780857,41.146995],[-0.761414,41.169658],[-0.693969,41.112294],[-0.640824,41.17097],[-0.609902,41.191678],[-0.669215,41.236848],[-0.64278,41.238363],[-0.625457,41.248175],[-0.629719,41.311761],[-0.605262,41.323314],[-0.548492,41.267744],[-0.531578,41.227807],[-0.509694,41.238278],[-0.506184,41.250253],[-0.527151,41.288218],[-0.544849,41.300594],[-0.566107,41.303487],[-0.581807,41.321427],[-0.581787,41.348122],[-0.56773,41.353914],[-0.550666,41.345499],[-0.51054,41.354085],[-0.489076,41.350268],[-0.479932,41.345934],[-0.470164,41.318249],[-0.421499,41.312349],[-0.427545,41.291977],[-0.405859,41.272359],[-0.368861,41.260855],[-0.348138,41.241283],[-0.324823,41.245342],[-0.324883,41.253908],[-0.316076,41.256861],[-0.271373,41.216284],[-0.246413,41.211921],[-0.224188,41.189484],[-0.180954,41.188145],[-0.122401,41.156641],[-0.079693,41.150963],[-0.025785,41.128084],[-0.012229,41.120248],[-0.000655,41.090406],[0.036919,41.046569],[0.051827,41.05482],[0.057536,41.07505],[0.078635,41.080342],[0.118258,41.076826],[0.145855,41.063043],[0.168033,41.070918],[0.218738,41.072069],[0.219524,41.06024],[0.230697,41.054808],[0.21754,41.047507],[0.219826,41.041606],[0.232942,41.047219],[0.23209,41.034994],[0.245185,41.041667],[0.279053,41.021133],[0.258635,41.01463],[0.274244,41.007136],[0.268469,40.998302],[0.281087,40.987163],[0.281542,40.974046],[0.293404,40.970041],[0.271668,40.94475],[0.274272,40.936624],[0.253842,40.91965],[0.250345,40.895491],[0.238635,40.884548],[0.255494,40.873955],[0.255512,40.845505],[0.279564,40.82081],[0.23357,40.786993],[0.229921,40.767395],[0.212132,40.76755],[0.189984,40.750479],[0.175475,40.754903],[0.17472,40.74118],[0.15907,40.750368],[0.170202,40.73232],[0.161843,40.722598],[0.141346,40.718466]]]]}},{"type":"Feature","properties":{"name":"Toledo","mapcolor":14,"cartodb_id":14},"geometry":{"type":"MultiPolygon","coordinates":[[[[-5.40611,39.877729],[-5.365144,39.982919],[-5.36238,40.01282],[-5.373858,40.059322],[-5.369011,40.100085],[-5.359445,40.108406],[-5.337458,40.115905],[-5.314062,40.106916],[-5.216372,40.108007],[-5.203518,40.083434],[-5.171616,40.08482],[-5.141411,40.091751],[-5.101133,40.127225],[-5.087772,40.124323],[-5.066985,40.150919],[-5.018542,40.159053],[-5.006672,40.129936],[-5.013344,40.111056],[-4.954546,40.121126],[-4.956293,40.133348],[-4.925454,40.136036],[-4.91796,40.153781],[-4.924675,40.169984],[-4.878345,40.190294],[-4.863934,40.204508],[-4.835411,40.212505],[-4.821063,40.223019],[-4.822141,40.229912],[-4.807675,40.235319],[-4.818245,40.254774],[-4.803469,40.275265],[-4.76159,40.260902],[-4.742627,40.275279],[-4.728604,40.270516],[-4.698141,40.282192],[-4.694147,40.266387],[-4.702889,40.261385],[-4.687204,40.249606],[-4.693681,40.24107],[-4.686567,40.235778],[-4.687258,40.212002],[-4.654296,40.198048],[-4.61675,40.199999],[-4.579076,40.217196],[-4.574906,40.206581],[-4.527911,40.200093],[-4.509789,40.21919],[-4.437426,40.236697],[-4.435245,40.259127],[-4.427173,40.257557],[-4.383482,40.28905],[-4.387173,40.30117],[-4.380109,40.318342],[-4.356386,40.308621],[-4.35842,40.276662],[-4.345375,40.253794],[-4.348488,40.236747],[-4.333844,40.238421],[-4.32152,40.226301],[-4.307989,40.233882],[-4.30611,40.221778],[-4.295189,40.218881],[-4.269961,40.235685],[-4.247999,40.273481],[-4.20323,40.268818],[-4.203809,40.287301],[-4.190871,40.297355],[-4.172485,40.2881],[-4.16451,40.270594],[-4.143991,40.264621],[-4.150725,40.249233],[-4.145769,40.245177],[-4.104272,40.241834],[-4.080455,40.26694],[-4.072894,40.265451],[-4.052085,40.251529],[-4.023985,40.248949],[-4.026159,40.235611],[-3.991001,40.209479],[-3.952866,40.212797],[-3.956297,40.199085],[-3.949996,40.189122],[-3.931143,40.203977],[-3.911711,40.190088],[-3.876322,40.191223],[-3.834186,40.161352],[-3.804602,40.176841],[-3.783242,40.161612],[-3.770452,40.139399],[-3.744375,40.132225],[-3.722216,40.147713],[-3.683723,40.13227],[-3.667312,40.143291],[-3.656331,40.12534],[-3.607628,40.108967],[-3.616325,40.094864],[-3.603739,40.092786],[-3.610364,40.08187],[-3.628954,40.078266],[-3.616566,40.068807],[-3.621906,40.054871],[-3.639657,40.05002],[-3.636088,40.041626],[-3.647259,40.041628],[-3.65066,40.031747],[-3.666166,40.035209],[-3.679487,40.016119],[-3.699891,40.019543],[-3.722394,40.000417],[-3.720088,39.984441],[-3.734882,39.985096],[-3.73408,39.975502],[-3.746615,39.980748],[-3.738041,39.968713],[-3.723709,39.970617],[-3.727936,39.964545],[-3.758876,39.968868],[-3.754494,39.9504],[-3.770682,39.950608],[-3.757973,39.958336],[-3.763602,39.967518],[-3.786328,39.954737],[-3.783347,39.944796],[-3.809548,39.953965],[-3.824384,39.947291],[-3.832042,39.93156],[-3.840044,39.941956],[-3.87519,39.928736],[-3.868938,39.905244],[-3.834548,39.899934],[-3.814894,39.885742],[-3.804398,39.884719],[-3.778797,39.910854],[-3.756583,39.921112],[-3.74387,39.940802],[-3.711106,39.954709],[-3.697589,39.946718],[-3.661597,39.96582],[-3.634499,39.965892],[-3.637992,39.988376],[-3.595343,40.001141],[-3.590015,40.013221],[-3.519711,40.021095],[-3.517274,40.040137],[-3.506863,40.048674],[-3.470068,40.040702],[-3.448329,40.049764],[-3.445967,40.037229],[-3.430351,40.038357],[-3.424419,40.046868],[-3.401072,40.034181],[-3.393005,40.036534],[-3.39153,40.04841],[-3.375782,40.051256],[-3.377707,40.074768],[-3.334418,40.081052],[-3.31179,40.068255],[-3.302494,40.053314],[-3.275165,40.047314],[-3.264781,40.057102],[-3.257705,40.050395],[-3.254339,40.057994],[-3.243622,40.05342],[-3.200956,40.060488],[-3.207454,40.06383],[-3.176378,40.086818],[-3.17959,40.091374],[-3.166446,40.09111],[-3.161381,40.061846],[-3.170235,40.048139],[-3.142566,39.984965],[-3.096597,39.98694],[-3.097059,39.933467],[-3.106878,39.90314],[-3.127227,39.874683],[-3.096266,39.869109],[-3.076292,39.855707],[-3.059675,39.837471],[-3.040537,39.787581],[-3.015551,39.764908],[-2.997748,39.718866],[-2.908233,39.642332],[-2.91786,39.623057],[-2.913747,39.613728],[-2.925514,39.601798],[-2.920648,39.559141],[-2.936378,39.511203],[-2.931283,39.470873],[-2.956792,39.447214],[-2.994784,39.451376],[-2.999403,39.441586],[-3.014854,39.445072],[-3.022699,39.457137],[-3.06988,39.450063],[-3.095882,39.473175],[-3.14332,39.495558],[-3.184139,39.488176],[-3.185165,39.474999],[-3.294251,39.470771],[-3.316336,39.434031],[-3.30873,39.398784],[-3.344985,39.408198],[-3.410278,39.404589],[-3.470483,39.37214],[-3.47688,39.343144],[-3.53259,39.304157],[-3.567113,39.299327],[-3.586596,39.307665],[-3.680186,39.298281],[-3.688138,39.284863],[-3.722522,39.269607],[-3.760319,39.291686],[-3.791212,39.292895],[-3.812176,39.286714],[-3.841675,39.259581],[-3.857356,39.258502],[-3.966856,39.298553],[-3.958679,39.309569],[-3.966255,39.316444],[-3.972202,39.352176],[-4.073373,39.365334],[-4.104449,39.341112],[-4.120539,39.362619],[-4.148074,39.362765],[-4.127899,39.408852],[-4.118073,39.456882],[-4.081321,39.45167],[-4.068131,39.457054],[-4.058829,39.472186],[-4.068245,39.502546],[-4.060076,39.521443],[-4.03008,39.521974],[-4.041778,39.575354],[-4.124345,39.563557],[-4.158731,39.576761],[-4.193234,39.495384],[-4.242092,39.477898],[-4.37721,39.495983],[-4.421745,39.507152],[-4.441906,39.523131],[-4.45308,39.517288],[-4.461586,39.478547],[-4.483268,39.488355],[-4.499887,39.517685],[-4.51122,39.522125],[-4.501669,39.535096],[-4.482188,39.538797],[-4.524951,39.561625],[-4.531453,39.555079],[-4.531089,39.531604],[-4.542684,39.544002],[-4.561444,39.533138],[-4.554627,39.510777],[-4.567921,39.497282],[-4.590283,39.499744],[-4.618426,39.484652],[-4.611593,39.460141],[-4.618132,39.454401],[-4.690277,39.451789],[-4.755371,39.415713],[-4.75371,39.425424],[-4.766896,39.424044],[-4.768101,39.429918],[-4.740511,39.456165],[-4.749951,39.468349],[-4.742852,39.487548],[-4.75171,39.50183],[-4.762474,39.514038],[-4.863123,39.556147],[-4.902996,39.503696],[-4.940742,39.395118],[-4.949674,39.393112],[-5.008583,39.434951],[-5.058893,39.489417],[-5.082888,39.49008],[-5.123788,39.521594],[-5.146612,39.549915],[-5.206625,39.597232],[-5.161765,39.642437],[-5.162423,39.655344],[-5.149123,39.665816],[-5.156403,39.673897],[-5.151855,39.696009],[-5.137794,39.714999],[-5.173964,39.751255],[-5.158459,39.759661],[-5.1669,39.799882],[-5.206465,39.797559],[-5.254823,39.752342],[-5.308079,39.760025],[-5.316224,39.772123],[-5.312588,39.824275],[-5.284049,39.863875],[-5.323613,39.891727],[-5.40611,39.877729]]]]}},{"type":"Feature","properties":{"name":"València/Valencia","mapcolor":52,"cartodb_id":52},"geometry":{"type":"MultiPolygon","coordinates":[[[[-1.207147,40.001835],[-1.250975,39.995234],[-1.335775,40.016673],[-1.37686,40.016499],[-1.383137,40.038966],[-1.420286,40.093514],[-1.407597,40.101404],[-1.442811,40.118045],[-1.457235,40.135057],[-1.448856,40.145342],[-1.393564,40.134363],[-1.363661,40.13861],[-1.362304,40.130132],[-1.354597,40.129473],[-1.316589,40.149656],[-1.32299,40.184856],[-1.314993,40.20137],[-1.298228,40.211683],[-1.284342,40.171497],[-1.252418,40.143299],[-1.244296,40.145969],[-1.250614,40.123921],[-1.244592,40.115803],[-1.207251,40.110132],[-1.148034,40.114497],[-1.133447,40.097407],[-1.111861,40.092805],[-1.072129,40.060484],[-1.084228,40.036208],[-1.136196,40.015093],[-1.207147,40.001835]]],[[[-0.230314,39.159764],[-0.231053,39.159791],[-0.231051,39.159916],[-0.230477,39.160074],[-0.230314,39.159764]]],[[[-0.447456,38.819693],[-0.474493,38.803856],[-0.535306,38.810363],[-0.595217,38.795097],[-0.584261,38.768364],[-0.565642,38.755427],[-0.529627,38.767095],[-0.520884,38.756692],[-0.50747,38.755263],[-0.507115,38.742975],[-0.618051,38.686653],[-0.6287,38.686554],[-0.642469,38.70414],[-0.644026,38.728138],[-0.677571,38.729107],[-0.688785,38.741268],[-0.707189,38.733819],[-0.717193,38.750576],[-0.733289,38.751701],[-0.734931,38.759445],[-0.834622,38.732431],[-0.861693,38.77089],[-0.904989,38.76708],[-0.913225,38.769606],[-0.914907,38.781412],[-0.928938,38.783834],[-0.932796,38.811267],[-0.924879,38.823362],[-0.935697,38.855937],[-0.924537,38.891753],[-0.956524,38.920123],[-0.95941,38.944582],[-0.999333,38.949454],[-1.034595,38.934448],[-1.146654,38.929353],[-1.160889,38.954816],[-1.226538,39.024673],[-1.263903,39.045094],[-1.265701,39.075468],[-1.255815,39.084024],[-1.25572,39.10617],[-1.24051,39.113735],[-1.226997,39.151707],[-1.197092,39.176728],[-1.180826,39.211822],[-1.174816,39.279279],[-1.164587,39.310076],[-1.196637,39.313956],[-1.207624,39.326587],[-1.223102,39.31594],[-1.244271,39.321487],[-1.247187,39.328748],[-1.25077,39.322738],[-1.275009,39.333831],[-1.297627,39.330254],[-1.312128,39.342872],[-1.333454,39.340458],[-1.336281,39.333804],[-1.365858,39.355109],[-1.384263,39.353663],[-1.384208,39.36661],[-1.407709,39.366312],[-1.395831,39.374555],[-1.408365,39.372168],[-1.413364,39.38058],[-1.424998,39.380558],[-1.424548,39.36391],[-1.430958,39.364817],[-1.42801,39.375166],[-1.432161,39.377429],[-1.443798,39.362079],[-1.45415,39.361091],[-1.448286,39.37851],[-1.467511,39.382802],[-1.452481,39.383585],[-1.457745,39.3887],[-1.451771,39.397883],[-1.461154,39.400531],[-1.473523,39.391431],[-1.475223,39.398157],[-1.466219,39.402571],[-1.474463,39.409067],[-1.487423,39.400542],[-1.483279,39.422419],[-1.504804,39.417039],[-1.496891,39.429055],[-1.521047,39.431744],[-1.515449,39.438718],[-1.52449,39.443086],[-1.518324,39.448378],[-1.528945,39.454871],[-1.513391,39.458268],[-1.512999,39.471246],[-1.503223,39.479347],[-1.512558,39.483233],[-1.505055,39.487705],[-1.512454,39.496269],[-1.50366,39.491498],[-1.499153,39.50045],[-1.507217,39.507861],[-1.501144,39.515504],[-1.507001,39.520643],[-1.502602,39.545616],[-1.520542,39.55027],[-1.502856,39.552232],[-1.504362,39.563902],[-1.461796,39.576906],[-1.417932,39.654936],[-1.368535,39.689615],[-1.307852,39.670817],[-1.27958,39.677889],[-1.261995,39.698907],[-1.275409,39.738641],[-1.215004,39.808774],[-1.200044,39.858706],[-1.19586,39.91393],[-1.208967,39.92816],[-1.203978,39.949344],[-1.142395,39.971841],[-1.121748,39.960851],[-1.123483,39.966348],[-1.105015,39.974975],[-1.092147,39.9678],[-1.072756,39.979524],[-1.025694,39.974596],[-0.98845,39.981631],[-0.931886,39.956077],[-0.918505,39.962675],[-0.902659,39.93185],[-0.913821,39.918007],[-0.909615,39.898607],[-0.900242,39.891835],[-0.912788,39.873053],[-0.888574,39.852111],[-0.863555,39.84741],[-0.828737,39.871149],[-0.793766,39.881434],[-0.773562,39.869796],[-0.730456,39.814828],[-0.71255,39.816845],[-0.691111,39.852463],[-0.656151,39.835961],[-0.644708,39.791586],[-0.652429,39.754101],[-0.636034,39.747975],[-0.588138,39.741681],[-0.577049,39.773202],[-0.548405,39.795734],[-0.530898,39.796225],[-0.498251,39.747557],[-0.456176,39.714698],[-0.44552,39.717707],[-0.439084,39.736861],[-0.4096,39.745197],[-0.396095,39.758614],[-0.385561,39.772953],[-0.389383,39.7892],[-0.377919,39.799877],[-0.328259,39.801482],[-0.308568,39.796991],[-0.276528,39.770542],[-0.264177,39.745497],[-0.188502,39.721938],[-0.207934,39.663147],[-0.205609,39.642524],[-0.215793,39.655151],[-0.212346,39.642818],[-0.22419,39.640006],[-0.211345,39.637866],[-0.215586,39.62919],[-0.230679,39.638839],[-0.253182,39.622502],[-0.283361,39.558174],[-0.282795,39.563633],[-0.31662,39.521841],[-0.322768,39.47631],[-0.319903,39.463046],[-0.312475,39.462672],[-0.310497,39.461095],[-0.316554,39.462519],[-0.331419,39.459809],[-0.314939,39.457252],[-0.307788,39.462848],[-0.285739,39.455022],[-0.29145,39.444081],[-0.286309,39.455012],[-0.309343,39.457489],[-0.301949,39.444818],[-0.295192,39.451152],[-0.302884,39.433581],[-0.305011,39.444468],[-0.308849,39.44505],[-0.310502,39.442086],[-0.312697,39.441903],[-0.308171,39.450202],[-0.314464,39.446151],[-0.323627,39.45834],[-0.325091,39.44628],[-0.316248,39.442929],[-0.330287,39.435189],[-0.309153,39.429735],[-0.317385,39.420581],[-0.332441,39.431775],[-0.3235,39.423768],[-0.336931,39.425199],[-0.329861,39.422481],[-0.332006,39.409856],[-0.312028,39.350609],[-0.272536,39.278703],[-0.278467,39.279224],[-0.278519,39.278478],[-0.216281,39.186341],[-0.238317,39.176713],[-0.239493,39.154336],[-0.233374,39.151326],[-0.239482,39.146921],[-0.203461,39.065999],[-0.156281,38.998452],[-0.144286,38.995276],[-0.156294,38.99811],[-0.161136,38.992367],[-0.146779,38.994427],[-0.148364,38.985142],[-0.107072,38.942107],[-0.037515,38.886932],[-0.024796,38.872552],[-0.027136,38.862026],[-0.042151,38.856452],[-0.070616,38.885721],[-0.089786,38.879236],[-0.092083,38.871527],[-0.102095,38.875029],[-0.148077,38.858431],[-0.155093,38.860476],[-0.160832,38.887391],[-0.188691,38.873417],[-0.196317,38.859438],[-0.23054,38.85349],[-0.310809,38.881511],[-0.323668,38.863491],[-0.348262,38.861557],[-0.381436,38.834899],[-0.40339,38.839714],[-0.404067,38.833125],[-0.447456,38.819693]]]]}},{"type":"Feature","properties":{"name":"Valladolid","mapcolor":51,"cartodb_id":51},"geometry":{"type":"MultiPolygon","coordinates":[[[[-5.488406,41.995537],[-5.471416,42.010097],[-5.492706,42.033294],[-5.486506,42.038805],[-5.507744,42.057506],[-5.501584,42.06652],[-5.520891,42.09714],[-5.498463,42.083672],[-5.477093,42.056461],[-5.480923,42.052425],[-5.438676,42.031502],[-5.421588,42.030675],[-5.447437,42.013655],[-5.431455,42.004323],[-5.438279,41.96739],[-5.484804,41.984565],[-5.488406,41.995537]]],[[[-5.337114,42.230825],[-5.345342,42.267769],[-5.328505,42.274146],[-5.320319,42.267189],[-5.301758,42.269238],[-5.303324,42.251997],[-5.316763,42.249556],[-5.316442,42.241124],[-5.332836,42.23872],[-5.337114,42.230825]]],[[[-4.596849,41.320587],[-4.60515,41.31314],[-4.601978,41.302654],[-4.576526,41.284865],[-4.573882,41.275201],[-4.598674,41.264168],[-4.615171,41.241365],[-4.650863,41.221421],[-4.650625,41.200104],[-4.636352,41.190607],[-4.627752,41.170795],[-4.643694,41.168101],[-4.680561,41.185737],[-4.70234,41.174509],[-4.722102,41.149318],[-4.778756,41.144998],[-4.805844,41.135164],[-4.817723,41.11489],[-4.814966,41.103449],[-4.827958,41.099154],[-4.855556,41.100731],[-4.863677,41.094015],[-4.950809,41.140709],[-4.962969,41.140115],[-4.96761,41.152304],[-4.984543,41.152238],[-4.989735,41.160805],[-5.013857,41.16425],[-5.021776,41.153555],[-5.059862,41.138622],[-5.100129,41.1471],[-5.124929,41.132045],[-5.179658,41.167293],[-5.20792,41.166818],[-5.21822,41.159585],[-5.229602,41.190529],[-5.252968,41.199775],[-5.288467,41.195616],[-5.288744,41.181992],[-5.332508,41.178267],[-5.32781,41.181596],[-5.340297,41.194105],[-5.307618,41.224794],[-5.293652,41.226253],[-5.302207,41.259272],[-5.29174,41.26919],[-5.30351,41.315979],[-5.32212,41.326332],[-5.334624,41.370644],[-5.307537,41.414053],[-5.339238,41.425599],[-5.324791,41.455343],[-5.337492,41.461291],[-5.344736,41.479256],[-5.332499,41.47565],[-5.296239,41.501166],[-5.261883,41.503685],[-5.241675,41.519788],[-5.233839,41.517725],[-5.228873,41.528431],[-5.247786,41.54677],[-5.272651,41.550181],[-5.272619,41.559188],[-5.293073,41.574372],[-5.267954,41.590047],[-5.270539,41.601137],[-5.328894,41.615919],[-5.319512,41.63677],[-5.327354,41.680527],[-5.342877,41.70043],[-5.358136,41.699695],[-5.360161,41.727132],[-5.375196,41.719788],[-5.390692,41.752573],[-5.391384,41.760511],[-5.370177,41.777846],[-5.322652,41.788211],[-5.278611,41.814796],[-5.276815,41.822892],[-5.287148,41.827685],[-5.330429,41.831796],[-5.306474,41.857838],[-5.311063,41.89159],[-5.293733,41.919938],[-5.320875,41.937512],[-5.335215,41.937473],[-5.28531,41.974114],[-5.254401,41.98094],[-5.280649,41.9788],[-5.303229,41.991101],[-5.325519,42.020398],[-5.348946,42.022586],[-5.376395,42.039645],[-5.373137,42.064064],[-5.390117,42.08981],[-5.376394,42.099515],[-5.38048,42.109814],[-5.371524,42.130064],[-5.379594,42.163335],[-5.388875,42.172544],[-5.380226,42.197886],[-5.388511,42.205287],[-5.388102,42.221443],[-5.361234,42.225152],[-5.307462,42.199266],[-5.301874,42.222154],[-5.286925,42.229928],[-5.265644,42.210899],[-5.241483,42.214517],[-5.225994,42.226724],[-5.254001,42.239775],[-5.236499,42.273349],[-5.230299,42.27565],[-5.228452,42.262465],[-5.220314,42.277924],[-5.197905,42.260543],[-5.18272,42.26421],[-5.144316,42.28155],[-5.112002,42.311842],[-5.093754,42.309295],[-5.07515,42.278888],[-5.06219,42.277888],[-5.068192,42.261191],[-5.054809,42.257524],[-5.041604,42.267558],[-5.03835,42.297127],[-5.003137,42.289931],[-5.00866,42.261458],[-5.018808,42.253859],[-5.009161,42.231027],[-5.024899,42.217296],[-5.012394,42.18976],[-5.031895,42.173629],[-5.026966,42.153912],[-5.015027,42.156798],[-4.988482,42.144383],[-4.966398,42.15576],[-4.962444,42.149605],[-4.927498,42.150215],[-4.928707,42.118314],[-4.912133,42.091294],[-4.917825,42.090794],[-4.904177,42.078394],[-4.927747,42.073497],[-4.947625,42.054312],[-4.936006,42.017916],[-4.965539,42.007057],[-4.975494,41.993547],[-4.976109,41.973615],[-4.994073,41.962569],[-5.00485,41.937947],[-4.983683,41.910026],[-4.949587,41.933828],[-4.932447,41.926652],[-4.927936,41.915029],[-4.911797,41.915659],[-4.889777,41.932785],[-4.869085,41.931728],[-4.867696,41.917602],[-4.838268,41.898533],[-4.789248,41.818024],[-4.758421,41.825787],[-4.72644,41.854517],[-4.728247,41.868828],[-4.669678,41.900506],[-4.637305,41.888111],[-4.631897,41.861727],[-4.566083,41.812574],[-4.548071,41.818988],[-4.549155,41.831015],[-4.512124,41.823304],[-4.50859,41.832312],[-4.473298,41.843028],[-4.478314,41.828589],[-4.461148,41.82036],[-4.487341,41.820096],[-4.4924,41.778654],[-4.501184,41.771406],[-4.454238,41.759166],[-4.433979,41.761781],[-4.389297,41.787774],[-4.31764,41.763444],[-4.30679,41.775925],[-4.28658,41.774883],[-4.260234,41.805257],[-4.247441,41.802929],[-4.236025,41.813969],[-4.213947,41.799406],[-4.178827,41.803518],[-4.153863,41.796215],[-4.123195,41.807308],[-4.100272,41.774709],[-4.089093,41.779625],[-4.040877,41.768354],[-4.049584,41.768203],[-4.055787,41.740685],[-4.069095,41.741165],[-4.07636,41.726084],[-4.052942,41.719563],[-4.026038,41.692381],[-4.024746,41.661662],[-4.035283,41.620623],[-4.028714,41.614404],[-4.005927,41.619362],[-4.008734,41.610033],[-3.992859,41.608659],[-3.984408,41.597491],[-3.980713,41.574527],[-3.993863,41.556012],[-3.999122,41.516686],[-4.027399,41.517797],[-4.058035,41.497316],[-4.13455,41.477779],[-4.142485,41.469936],[-4.158318,41.4821],[-4.233495,41.455737],[-4.248235,41.46209],[-4.2611,41.450591],[-4.270132,41.461274],[-4.313497,41.455112],[-4.327857,41.444786],[-4.362393,41.449931],[-4.364915,41.436002],[-4.410616,41.441647],[-4.468159,41.413076],[-4.514958,41.409659],[-4.515278,41.39409],[-4.484001,41.366801],[-4.495904,41.363926],[-4.496688,41.349613],[-4.504473,41.347196],[-4.49391,41.32641],[-4.470551,41.31846],[-4.471463,41.291562],[-4.528628,41.321099],[-4.55954,41.302166],[-4.596849,41.320587]]]]}},{"type":"Feature","properties":{"name":"Zamora","mapcolor":49,"cartodb_id":49},"geometry":{"type":"MultiPolygon","coordinates":[[[[-6.10931,41.212613],[-6.134499,41.190387],[-6.225181,41.227731],[-6.268168,41.255607],[-6.296745,41.256439],[-6.317682,41.270894],[-6.347201,41.272497],[-6.372276,41.2863],[-6.414732,41.275978],[-6.416925,41.282766],[-6.44535,41.283854],[-6.454308,41.292077],[-6.479068,41.288386],[-6.470114,41.300787],[-6.451559,41.298356],[-6.437568,41.30571],[-6.434769,41.319266],[-6.418698,41.326725],[-6.427171,41.33428],[-6.416153,41.347964],[-6.379573,41.357232],[-6.377657,41.362935],[-6.393979,41.370847],[-6.389928,41.385367],[-6.366695,41.393948],[-6.352683,41.378228],[-6.31766,41.385742],[-6.317218,41.397146],[-6.333269,41.410327],[-6.300123,41.428738],[-6.29486,41.436266],[-6.305415,41.449672],[-6.286012,41.466518],[-6.284041,41.479017],[-6.262086,41.48695],[-6.26579,41.498246],[-6.2511,41.500195],[-6.257751,41.514111],[-6.236943,41.521357],[-6.211814,41.559155],[-6.18917,41.574827],[-6.201458,41.594559],[-6.235802,41.607052],[-6.254452,41.632995],[-6.302291,41.661809],[-6.354662,41.676402],[-6.444265,41.684836],[-6.457357,41.666593],[-6.499561,41.657096],[-6.548269,41.685593],[-6.554964,41.698612],[-6.542486,41.701154],[-6.554963,41.720965],[-6.548807,41.725525],[-6.568974,41.743783],[-6.543543,41.778493],[-6.547064,41.794964],[-6.535855,41.818071],[-6.527417,41.820785],[-6.532466,41.834653],[-6.515514,41.871658],[-6.57117,41.883494],[-6.54585,41.935933],[-6.583224,41.965379],[-6.588473,41.967754],[-6.599365,41.948205],[-6.621213,41.939953],[-6.699273,41.933328],[-6.750622,41.943393],[-6.768704,41.983897],[-6.811337,41.992523],[-6.810006,41.969542],[-6.821596,41.946006],[-6.830537,41.943494],[-6.941508,41.943884],[-6.957796,41.96894],[-6.98576,41.971039],[-6.991108,41.988344],[-6.961098,42.027906],[-6.973101,42.039106],[-6.974792,42.055157],[-7.011832,42.052416],[-7.031006,42.063296],[-7.033848,42.073244],[-7.002121,42.0846],[-7.00252,42.097112],[-6.989729,42.101486],[-6.986158,42.124028],[-6.948655,42.135592],[-6.938581,42.176837],[-6.900848,42.189468],[-6.886561,42.214542],[-6.855581,42.226872],[-6.802495,42.218748],[-6.796638,42.208972],[-6.786991,42.215911],[-6.80308,42.239044],[-6.787227,42.254193],[-6.759091,42.238664],[-6.742991,42.240173],[-6.72114,42.213961],[-6.703792,42.209373],[-6.638648,42.217296],[-6.613266,42.203215],[-6.526001,42.203359],[-6.497561,42.182025],[-6.478248,42.182225],[-6.459861,42.197145],[-6.442214,42.193534],[-6.427895,42.201942],[-6.40984,42.195682],[-6.312585,42.206585],[-6.293732,42.178033],[-6.251963,42.173058],[-6.254124,42.167044],[-6.225819,42.161955],[-6.212395,42.148077],[-6.160213,42.165772],[-6.143407,42.158823],[-6.137271,42.164718],[-6.124709,42.158866],[-6.049305,42.159861],[-5.99567,42.146191],[-5.953468,42.123683],[-5.948121,42.141921],[-5.911601,42.140585],[-5.897426,42.156101],[-5.880997,42.145321],[-5.884824,42.138453],[-5.869266,42.122174],[-5.844851,42.110716],[-5.806493,42.130554],[-5.805334,42.124585],[-5.776707,42.135809],[-5.755193,42.136625],[-5.742948,42.113342],[-5.676768,42.120336],[-5.687177,42.137924],[-5.667556,42.142065],[-5.643393,42.131044],[-5.620137,42.106659],[-5.635043,42.081994],[-5.588502,42.077326],[-5.586607,42.050911],[-5.577722,42.065448],[-5.560698,42.055968],[-5.549454,42.07033],[-5.543363,42.099381],[-5.526088,42.10377],[-5.501584,42.06652],[-5.507744,42.057506],[-5.486506,42.038805],[-5.492706,42.033294],[-5.471416,42.010097],[-5.488406,41.995537],[-5.48565,41.985826],[-5.463124,41.97546],[-5.438279,41.96739],[-5.431455,42.004323],[-5.447437,42.013655],[-5.384412,42.042108],[-5.348946,42.022586],[-5.325519,42.020398],[-5.303229,41.991101],[-5.280649,41.9788],[-5.260505,41.984611],[-5.254679,41.981646],[-5.28531,41.974114],[-5.335215,41.937473],[-5.320875,41.937512],[-5.293733,41.919938],[-5.311063,41.89159],[-5.306474,41.857838],[-5.330429,41.831796],[-5.287148,41.827685],[-5.276815,41.822892],[-5.278611,41.814796],[-5.322652,41.788211],[-5.370177,41.777846],[-5.391384,41.760511],[-5.375196,41.719788],[-5.361691,41.728847],[-5.358136,41.699695],[-5.342877,41.70043],[-5.327354,41.680527],[-5.319512,41.63677],[-5.328894,41.615919],[-5.270539,41.601137],[-5.267954,41.590047],[-5.293073,41.574372],[-5.272619,41.559188],[-5.272651,41.550181],[-5.247786,41.54677],[-5.228873,41.528431],[-5.233839,41.517725],[-5.241675,41.519788],[-5.261883,41.503685],[-5.296239,41.501166],[-5.332499,41.47565],[-5.344736,41.479256],[-5.337492,41.461291],[-5.324791,41.455343],[-5.339238,41.425599],[-5.307537,41.414053],[-5.334624,41.370644],[-5.32212,41.326332],[-5.30351,41.315979],[-5.29174,41.26919],[-5.302207,41.259272],[-5.293652,41.226253],[-5.307618,41.224794],[-5.340297,41.194105],[-5.330268,41.177619],[-5.288744,41.181992],[-5.298622,41.162763],[-5.290595,41.146837],[-5.297858,41.125877],[-5.32895,41.117173],[-5.356987,41.140822],[-5.386963,41.135854],[-5.401552,41.1478],[-5.396578,41.163045],[-5.407594,41.185593],[-5.418103,41.187661],[-5.476878,41.178323],[-5.46983,41.157948],[-5.48434,41.145503],[-5.485255,41.178854],[-5.50641,41.180277],[-5.518079,41.194866],[-5.565067,41.217038],[-5.58793,41.20244],[-5.628325,41.214457],[-5.634451,41.231871],[-5.656957,41.245548],[-5.67894,41.23187],[-5.75125,41.225858],[-5.767308,41.215701],[-5.808702,41.22447],[-5.835221,41.220343],[-5.897674,41.238592],[-5.92133,41.218153],[-5.913134,41.178337],[-5.925041,41.174549],[-5.937122,41.158418],[-5.933868,41.151458],[-5.953245,41.1401],[-5.976809,41.174024],[-6.002567,41.153136],[-6.023889,41.157369],[-6.027501,41.179123],[-6.008835,41.200498],[-6.04672,41.209011],[-6.06201,41.221051],[-6.074042,41.211319],[-6.10931,41.212613]]]]}},{"type":"Feature","properties":{"name":"Zaragoza","mapcolor":48,"cartodb_id":48},"geometry":{"type":"MultiPolygon","coordinates":[[[[0.322404,41.225241],[0.303318,41.16438],[0.273011,41.14881],[0.25299,41.150153],[0.249787,41.12961],[0.214077,41.136946],[0.218634,41.130711],[0.200884,41.126497],[0.209288,41.116867],[0.20067,41.084803],[0.219516,41.083328],[0.220846,41.071381],[0.168033,41.070918],[0.145855,41.063043],[0.118258,41.076826],[0.078635,41.080342],[0.057536,41.07505],[0.051827,41.05482],[0.036919,41.046569],[-0.000655,41.090406],[-0.012229,41.120248],[-0.025785,41.128084],[-0.079693,41.150963],[-0.122401,41.156641],[-0.180954,41.188145],[-0.224188,41.189484],[-0.246413,41.211921],[-0.271373,41.216284],[-0.316076,41.256861],[-0.324883,41.253908],[-0.324823,41.245342],[-0.348138,41.241283],[-0.368861,41.260855],[-0.405859,41.272359],[-0.427545,41.291977],[-0.421499,41.312349],[-0.470164,41.318249],[-0.479932,41.345934],[-0.489076,41.350268],[-0.51054,41.354085],[-0.550666,41.345499],[-0.56773,41.353914],[-0.581787,41.348122],[-0.581807,41.321427],[-0.566107,41.303487],[-0.544849,41.300594],[-0.527151,41.288218],[-0.506184,41.250253],[-0.509694,41.238278],[-0.531578,41.227807],[-0.548492,41.267744],[-0.605262,41.323314],[-0.629719,41.311761],[-0.625457,41.248175],[-0.64278,41.238363],[-0.669215,41.236848],[-0.609902,41.191678],[-0.640824,41.17097],[-0.690695,41.113625],[-0.712184,41.121746],[-0.727749,41.143905],[-0.761414,41.169658],[-0.780857,41.146995],[-0.783436,41.118204],[-0.792815,41.105603],[-0.828532,41.096419],[-0.859887,41.108012],[-0.883661,41.130114],[-0.883264,41.148761],[-0.891495,41.145147],[-0.890548,41.125629],[-0.915306,41.105156],[-0.912547,41.093009],[-0.952918,41.075441],[-0.998597,41.095231],[-1.000561,41.114838],[-0.972419,41.153456],[-1.000861,41.134011],[-1.039309,41.134718],[-1.068064,41.155164],[-1.105675,41.167589],[-1.121604,41.134928],[-1.173991,41.123692],[-1.209983,41.138804],[-1.254404,41.122939],[-1.271371,41.10328],[-1.253303,41.077327],[-1.270928,41.054777],[-1.287431,41.048862],[-1.354168,41.057527],[-1.360125,41.071592],[-1.352351,41.081669],[-1.355799,41.088528],[-1.405221,41.066307],[-1.410018,41.057906],[-1.404827,41.050629],[-1.416795,41.043768],[-1.41115,41.035097],[-1.417523,41.029753],[-1.476401,41.014936],[-1.459348,41.006764],[-1.446599,40.98456],[-1.472993,40.948801],[-1.505343,40.964124],[-1.557394,40.939493],[-1.589561,40.936216],[-1.635001,40.952716],[-1.661014,40.978324],[-1.747134,41.033899],[-1.757752,41.055074],[-1.803291,41.089895],[-1.869252,41.10791],[-1.890571,41.133321],[-1.932447,41.13859],[-1.950694,41.168889],[-1.959017,41.172486],[-2.051693,41.146849],[-2.079896,41.170984],[-2.146242,41.184395],[-2.156448,41.25864],[-2.163511,41.283192],[-2.173671,41.288085],[-2.169285,41.322219],[-2.157113,41.333967],[-2.163137,41.35535],[-2.149211,41.356148],[-2.116033,41.382047],[-2.116767,41.424947],[-2.10152,41.445789],[-2.035623,41.426889],[-2.034771,41.404417],[-2.043575,41.397149],[-2.041907,41.388587],[-2.02927,41.384158],[-2.009655,41.385837],[-1.981877,41.402321],[-1.937295,41.407854],[-1.936524,41.419899],[-1.953686,41.424263],[-1.953276,41.462451],[-1.981112,41.486435],[-1.978395,41.525863],[-1.967335,41.546067],[-1.993686,41.577087],[-1.993238,41.60051],[-1.984508,41.607072],[-1.9231,41.598335],[-1.897898,41.632412],[-1.873982,41.637981],[-1.858991,41.66153],[-1.806224,41.664263],[-1.812074,41.686454],[-1.786862,41.699431],[-1.784993,41.716992],[-1.775372,41.724789],[-1.809213,41.736664],[-1.805853,41.755084],[-1.825323,41.778369],[-1.852918,41.789564],[-1.819054,41.828753],[-1.817601,41.85338],[-1.822595,41.865438],[-1.835059,41.866492],[-1.838783,41.88902],[-1.857281,41.909515],[-1.854752,41.959152],[-1.865188,41.977602],[-1.844045,41.987334],[-1.851325,41.998071],[-1.847185,42.007999],[-1.833703,41.995065],[-1.810345,41.998022],[-1.791391,41.989628],[-1.766896,41.995789],[-1.74136,41.968367],[-1.715221,41.956963],[-1.686818,41.95285],[-1.675465,41.966752],[-1.663635,41.959986],[-1.654146,41.965351],[-1.614824,41.950528],[-1.596252,41.927093],[-1.559256,41.913944],[-1.523307,41.909894],[-1.501761,41.924277],[-1.421778,41.913073],[-1.410756,41.918955],[-1.403552,41.935076],[-1.382235,41.943342],[-1.385985,41.957247],[-1.374353,41.962],[-1.33952,42.018014],[-1.304822,42.042949],[-1.310593,42.072313],[-1.352277,42.07307],[-1.36676,42.106961],[-1.398881,42.126219],[-1.391906,42.181418],[-1.41753,42.212368],[-1.391371,42.272117],[-1.399082,42.2913],[-1.329083,42.355385],[-1.336221,42.372006],[-1.350615,42.370071],[-1.359905,42.378039],[-1.341508,42.423938],[-1.315207,42.44922],[-1.281361,42.464449],[-1.27278,42.481899],[-1.275112,42.495758],[-1.286731,42.498526],[-1.293476,42.510955],[-1.288137,42.52279],[-1.264769,42.556803],[-1.226166,42.542244],[-1.202791,42.54966],[-1.20192,42.578239],[-1.158035,42.599154],[-1.179775,42.610624],[-1.171918,42.617063],[-1.157116,42.610891],[-1.152046,42.647884],[-1.051926,42.642594],[-1.036808,42.651638],[-1.03249,42.675599],[-1.039186,42.691635],[-1.027981,42.70006],[-0.969211,42.703705],[-0.948676,42.711452],[-0.922985,42.744001],[-0.909105,42.744036],[-0.896865,42.735662],[-0.906845,42.726606],[-0.904351,42.712189],[-0.922463,42.700804],[-0.901548,42.701872],[-0.879954,42.688138],[-0.893094,42.662347],[-0.927643,42.656242],[-0.904661,42.612942],[-0.914683,42.602327],[-0.904713,42.599048],[-0.908671,42.587125],[-0.92479,42.587968],[-0.934168,42.572648],[-0.921605,42.571241],[-0.918603,42.555284],[-0.899346,42.559984],[-0.895048,42.549063],[-0.898262,42.538964],[-0.916448,42.537324],[-0.933425,42.505879],[-0.892994,42.509852],[-0.89029,42.490369],[-0.89702,42.479083],[-0.877719,42.461643],[-0.903759,42.453244],[-0.896281,42.443804],[-0.904413,42.434759],[-0.842087,42.407387],[-0.835435,42.395527],[-0.815314,42.395226],[-0.821672,42.384559],[-0.844179,42.384642],[-0.842765,42.366344],[-0.855662,42.33992],[-0.879602,42.318888],[-0.892094,42.296919],[-0.889039,42.286705],[-0.918909,42.257316],[-0.890548,42.240029],[-0.891175,42.263041],[-0.876959,42.281646],[-0.857935,42.274745],[-0.843932,42.28283],[-0.813096,42.264487],[-0.806532,42.270548],[-0.77181,42.346714],[-0.777937,42.391257],[-0.736429,42.369876],[-0.744847,42.361676],[-0.735116,42.353343],[-0.744589,42.33868],[-0.728865,42.296322],[-0.748494,42.277537],[-0.75196,42.263619],[-0.759379,42.263648],[-0.761519,42.214465],[-0.750472,42.199407],[-0.759901,42.178672],[-0.751618,42.172926],[-0.7598,42.170232],[-0.747391,42.155922],[-0.758722,42.146958],[-0.752146,42.132042],[-0.760862,42.129853],[-0.753236,42.123787],[-0.762708,42.100449],[-0.754917,42.090598],[-0.770161,42.08723],[-0.760785,42.079501],[-0.763142,42.067479],[-0.77971,42.054716],[-0.793546,42.054398],[-0.804849,42.073878],[-0.804784,42.096445],[-0.812937,42.092503],[-0.857005,42.05099],[-0.848911,42.042013],[-0.850738,42.026152],[-0.884933,42.003579],[-0.778209,41.957397],[-0.657826,41.957495],[-0.630582,41.912906],[-0.595465,41.899594],[-0.603313,41.882827],[-0.555209,41.871329],[-0.527144,41.852867],[-0.516748,41.836776],[-0.511969,41.783906],[-0.500693,41.761317],[-0.51869,41.728817],[-0.489424,41.731666],[-0.444919,41.703684],[-0.428539,41.70548],[-0.374504,41.688118],[-0.36626,41.679914],[-0.359523,41.635224],[-0.312589,41.624102],[-0.302306,41.60792],[-0.244785,41.573115],[-0.205736,41.602261],[-0.156446,41.589974],[-0.167355,41.581111],[-0.157478,41.568376],[-0.156663,41.535295],[-0.133656,41.521304],[-0.104972,41.48548],[-0.072706,41.377157],[-0.04944,41.36046],[-0.007931,41.347806],[-0.029285,41.377818],[-0.0234,41.396993],[-0.002982,41.387916],[0.009693,41.360431],[0.093362,41.34997],[0.106298,41.350819],[0.124645,41.383545],[0.163652,41.406497],[0.182643,41.394409],[0.219094,41.40357],[0.24059,41.428353],[0.333709,41.409423],[0.320036,41.394183],[0.358289,41.371994],[0.372909,41.353479],[0.348455,41.32809],[0.367803,41.319363],[0.366749,41.300832],[0.385558,41.278613],[0.373513,41.248658],[0.381311,41.23643],[0.364605,41.238676],[0.360863,41.22552],[0.340307,41.231062],[0.332155,41.223005],[0.322404,41.225241]],[[-1.102082,42.482799],[-1.129364,42.446722],[-1.067276,42.434524],[-1.052862,42.437918],[-1.069373,42.466376],[-1.088238,42.475581],[-1.085141,42.483364],[-1.102082,42.482799]],[[-1.182821,42.423898],[-1.185961,42.401857],[-1.15877,42.409663],[-1.144975,42.441869],[-1.182821,42.423898]]]]}}]}