{"type":"FeatureCollection","name":"africa_countries","crs":{"type":"name","properties":{"name":"urn:ogc:def:crs:OGC:1.3:CRS84"}},"features":[{"type":"Feature","properties":{"cartodb_id":63,"name":"Algeria","mapcolor":5},"geometry":{"type":"MultiPolygon","coordinates":[[[[8.576563,36.937207],[8.597656,36.883887],[8.60127,36.833936],[8.506738,36.7875],[8.444238,36.760742],[8.369629,36.63252],[8.230762,36.545264],[8.207617,36.518945],[8.208789,36.495117],[8.302734,36.455615],[8.333984,36.418164],[8.34873,36.367969],[8.306738,36.18877],[8.280273,36.050977],[8.245703,35.870557],[8.24707,35.801807],[8.28291,35.719287],[8.318066,35.654932],[8.329004,35.582227],[8.316406,35.403125],[8.359863,35.299609],[8.394238,35.203857],[8.312109,35.084619],[8.276855,34.979492],[8.254688,34.828955],[8.245605,34.734082],[8.192773,34.646289],[8.123438,34.563916],[8.045605,34.512695],[7.949414,34.468701],[7.838281,34.410303],[7.748535,34.254492],[7.554492,34.125],[7.513867,34.080518],[7.495605,33.976514],[7.500195,33.832471],[7.534375,33.71792],[7.627539,33.548633],[7.70918,33.362305],[7.731348,33.268506],[7.762695,33.233105],[7.877246,33.172119],[8.075586,33.089062],[8.1125,33.055322],[8.210938,32.926709],[8.304199,32.696289],[8.333398,32.543604],[8.515137,32.422314],[8.68291,32.310449],[8.844043,32.212109],[9.018945,32.105371],[9.044043,32.072363],[9.102344,31.846143],[9.160254,31.621338],[9.224023,31.373682],[9.287891,31.125342],[9.363281,30.83291],[9.406055,30.666797],[9.458008,30.465381],[9.51875,30.229395],[9.420996,30.179297],[9.310254,30.115234],[9.391016,29.993652],[9.546191,29.795947],[9.640137,29.636426],[9.672656,29.566992],[9.745898,29.368945],[9.805273,29.176953],[9.820703,29.114795],[9.842578,28.966992],[9.815625,28.560205],[9.858203,28.043311],[9.916016,27.785693],[9.825293,27.552979],[9.747559,27.330859],[9.752539,27.219336],[9.79541,27.044775],[9.837109,26.91582],[9.894434,26.847949],[9.883203,26.630811],[9.859375,26.551953],[9.684961,26.438232],[9.491406,26.33374],[9.437891,26.245508],[9.422363,26.14707],[9.448242,26.067139],[9.58125,25.890137],[9.781055,25.624268],[10.000684,25.33208],[10.019043,25.258545],[10.028125,25.051025],[10.119531,24.790234],[10.218652,24.676221],[10.255859,24.591016],[10.325781,24.530225],[10.395898,24.485596],[10.438965,24.480225],[10.686133,24.551367],[11.108203,24.434033],[11.507617,24.314355],[11.536914,24.29082],[11.624219,24.139697],[11.766992,23.892578],[11.873047,23.694824],[11.967871,23.517871],[11.45,23.212598],[10.932227,22.907275],[10.414355,22.602002],[9.896484,22.296729],[9.378711,21.991406],[8.860938,21.686133],[8.343066,21.380859],[7.825195,21.075586],[7.481738,20.873096],[7.263379,20.694482],[6.989355,20.470508],[6.730664,20.248047],[6.527051,20.072949],[6.263379,19.846143],[6.130664,19.731982],[5.836621,19.47915],[5.74834,19.434229],[5.358691,19.359521],[5.001367,19.291064],[4.671289,19.227783],[4.445703,19.184521],[4.227637,19.142773],[3.910156,19.08374],[3.683496,19.041602],[3.43877,18.996143],[3.400879,18.988428],[3.356445,18.986621],[3.323438,18.988379],[3.255957,19.013281],[3.174219,19.0729],[3.119727,19.103174],[3.106055,19.150098],[3.137891,19.212158],[3.177246,19.268164],[3.192383,19.312061],[3.219629,19.34541],[3.254395,19.372607],[3.255859,19.410938],[3.227051,19.473584],[3.20166,19.5604],[3.202734,19.718311],[3.203418,19.770752],[3.203711,19.789697],[3.130273,19.850195],[2.99248,19.916602],[2.865723,19.955957],[2.80791,19.969434],[2.667773,19.99292],[2.474219,20.03501],[2.406152,20.063867],[2.280859,20.210303],[2.219336,20.247803],[1.928809,20.272705],[1.832422,20.296875],[1.753223,20.331592],[1.685449,20.378369],[1.647363,20.458838],[1.636035,20.524365],[1.610645,20.555566],[1.290234,20.713574],[1.208887,20.767285],[1.165723,20.817432],[1.164062,20.891309],[1.172754,20.981982],[1.15918,21.0625],[1.145508,21.102246],[0.999414,21.197754],[0.671875,21.411865],[0.344434,21.625977],[0.016992,21.840137],[-0.310547,22.054199],[-0.637988,22.268311],[-0.965479,22.482471],[-1.292969,22.696533],[-1.62041,22.910645],[-1.9479,23.124805],[-2.275391,23.338867],[-2.60293,23.553027],[-2.930371,23.767139],[-3.257861,23.98125],[-3.585352,24.195361],[-3.912793,24.409473],[-4.240332,24.623535],[-4.516992,24.804492],[-4.822607,24.995605],[-5.049512,25.135449],[-5.275,25.274512],[-5.516943,25.423779],[-5.674512,25.516406],[-5.862549,25.627002],[-6.050586,25.737598],[-6.238672,25.848193],[-6.426709,25.958789],[-6.614746,26.069434],[-6.802832,26.17998],[-6.990869,26.290576],[-7.178906,26.401172],[-7.366992,26.511768],[-7.555078,26.622363],[-7.743115,26.732959],[-7.931152,26.843555],[-8.119238,26.95415],[-8.307275,27.064746],[-8.495312,27.175342],[-8.68335,27.285937],[-8.68335,27.490234],[-8.68335,27.656445],[-8.68335,27.900391],[-8.68335,28.112012],[-8.68335,28.323682],[-8.68335,28.469238],[-8.68335,28.620752],[-8.678418,28.689404],[-8.659912,28.718604],[-8.55835,28.767871],[-8.399316,28.880176],[-8.340479,28.930176],[-8.265186,28.980518],[-7.998926,29.132422],[-7.943848,29.174756],[-7.685156,29.349512],[-7.624609,29.375195],[-7.485742,29.392236],[-7.427686,29.425],[-7.349756,29.494727],[-7.234912,29.574902],[-7.160205,29.612646],[-7.142432,29.61958],[-7.094922,29.625195],[-6.855566,29.601611],[-6.755127,29.583838],[-6.635352,29.568799],[-6.597754,29.578955],[-6.565674,29.603857],[-6.520557,29.659863],[-6.510693,29.726025],[-6.50791,29.783789],[-6.500879,29.809131],[-6.479736,29.820361],[-6.427637,29.816113],[-6.357617,29.808301],[-6.214795,29.810693],[-6.166504,29.818945],[-6.004297,29.83125],[-5.775,29.869043],[-5.593311,29.917969],[-5.448779,29.956934],[-5.293652,30.058643],[-5.180127,30.166162],[-5.061914,30.326416],[-4.968262,30.465381],[-4.778516,30.552393],[-4.619629,30.604785],[-4.52915,30.625537],[-4.322852,30.698877],[-4.148779,30.80957],[-3.985352,30.913525],[-3.860059,30.927246],[-3.702002,30.944482],[-3.666797,30.964014],[-3.626904,31.000928],[-3.624512,31.065771],[-3.67251,31.111377],[-3.730176,31.1354],[-3.770996,31.161816],[-3.811816,31.166602],[-3.833398,31.197803],[-3.821387,31.255469],[-3.815137,31.308838],[-3.78916,31.361816],[-3.796436,31.437109],[-3.837109,31.512354],[-3.849561,31.566406],[-3.84668,31.619873],[-3.826758,31.661914],[-3.768164,31.689551],[-3.700244,31.700098],[-3.60459,31.686768],[-3.439795,31.704541],[-3.017383,31.834277],[-2.988232,31.874219],[-2.961133,31.963965],[-2.930859,32.042529],[-2.887207,32.068848],[-2.863428,32.074707],[-2.722607,32.095752],[-2.523242,32.125684],[-2.448389,32.12998],[-2.23125,32.121338],[-2.072803,32.115039],[-1.816992,32.104785],[-1.635156,32.099561],[-1.477051,32.094873],[-1.275342,32.089014],[-1.225928,32.107227],[-1.225928,32.164551],[-1.262109,32.271143],[-1.240332,32.337598],[-1.162598,32.39917],[-1.065527,32.468311],[-1.111035,32.552295],[-1.188232,32.608496],[-1.296387,32.675684],[-1.352148,32.703369],[-1.45,32.784814],[-1.51001,32.877637],[-1.550732,33.073584],[-1.625098,33.18335],[-1.679199,33.318652],[-1.63125,33.566748],[-1.702979,33.716846],[-1.714111,33.781836],[-1.714697,33.858203],[-1.692676,33.990283],[-1.706934,34.176074],[-1.791797,34.36792],[-1.751855,34.433252],[-1.733301,34.467041],[-1.739453,34.496094],[-1.816602,34.55708],[-1.849658,34.607324],[-1.832422,34.654639],[-1.792187,34.723193],[-1.795605,34.751904],[-1.920898,34.835547],[-2.131787,34.97085],[-2.190771,35.029785],[-2.219629,35.104199],[-2.017773,35.085059],[-1.913281,35.094238],[-1.673633,35.183105],[-1.48374,35.303076],[-1.33584,35.364258],[-1.205371,35.495752],[-1.087695,35.578857],[-0.91748,35.668408],[-0.426123,35.861523],[-0.350781,35.863184],[-0.18916,35.819092],[-0.048242,35.832812],[0.047949,35.900537],[0.15166,36.063135],[0.312207,36.162354],[0.514941,36.261816],[0.79082,36.356543],[0.97168,36.443945],[1.257227,36.51958],[1.974512,36.567578],[2.342871,36.610303],[2.593359,36.600684],[2.846484,36.738867],[2.972852,36.784473],[3.520508,36.795117],[3.779004,36.896191],[4.758105,36.896338],[4.877832,36.862402],[4.99541,36.808057],[5.195605,36.676807],[5.29541,36.648242],[5.424609,36.675439],[5.725488,36.799609],[6.064746,36.864258],[6.249121,36.93833],[6.327832,37.046045],[6.486523,37.085742],[6.575879,37.003027],[6.927539,36.919434],[7.143457,36.943359],[7.238477,36.968506],[7.204297,37.092383],[7.432422,37.059277],[7.607715,36.999756],[7.791602,36.880273],[7.910449,36.856348],[8.127148,36.910352],[8.576563,36.937207]]]]}},{"type":"Feature","properties":{"cartodb_id":3,"name":"Angola","mapcolor":3},"geometry":{"type":"MultiPolygon","coordinates":[[[[14.19082,-5.875977],[14.398633,-5.892676],[14.65791,-5.888867],[14.749414,-5.880078],[15.089355,-5.874512],[15.425,-5.868848],[15.726953,-5.863867],[16.060156,-5.864941],[16.315234,-5.865625],[16.431445,-5.900195],[16.537109,-5.96582],[16.585156,-6.025293],[16.608008,-6.051562],[16.639551,-6.114551],[16.697266,-6.164258],[16.717773,-6.241406],[16.700977,-6.345996],[16.709375,-6.47168],[16.742969,-6.618457],[16.813086,-6.772559],[16.919434,-6.933984],[16.96582,-7.062109],[16.952051,-7.157031],[16.984766,-7.257422],[17.06377,-7.363086],[17.121582,-7.419043],[17.155078,-7.461328],[17.24502,-7.62334],[17.411328,-7.881934],[17.536035,-8.075879],[17.57959,-8.099023],[17.643359,-8.090723],[17.778809,-8.071387],[17.913086,-8.067676],[18.008789,-8.107617],[18.047168,-8.100781],[18.191504,-8.023828],[18.334863,-8.000293],[18.484668,-7.968555],[18.562695,-7.935938],[18.653418,-7.936035],[18.89834,-7.998145],[18.944434,-8.001465],[19.142676,-8.001465],[19.34082,-7.966602],[19.369922,-7.706543],[19.37168,-7.655078],[19.419336,-7.557324],[19.479883,-7.472168],[19.487402,-7.390723],[19.483789,-7.279492],[19.527637,-7.144434],[19.660352,-7.037109],[19.875195,-6.986328],[19.997461,-6.976465],[20.190039,-6.946289],[20.482227,-6.91582],[20.590039,-6.919922],[20.59873,-6.935156],[20.536914,-7.121777],[20.53584,-7.182812],[20.558398,-7.244434],[20.607813,-7.277734],[20.910938,-7.281445],[21.190332,-7.284961],[21.51084,-7.29668],[21.751074,-7.305469],[21.781641,-7.314648],[21.806055,-7.328613],[21.841602,-7.420996],[21.833594,-7.60166],[21.780078,-7.86543],[21.800879,-8.111914],[21.895898,-8.341113],[21.905371,-8.693359],[21.871875,-8.903516],[21.829492,-9.168457],[21.813184,-9.46875],[21.856641,-9.594238],[21.948633,-9.725586],[22.08916,-9.862793],[22.197754,-10.040625],[22.274512,-10.259082],[22.302441,-10.39668],[22.281641,-10.45332],[22.283203,-10.551562],[22.307031,-10.691309],[22.280469,-10.783984],[22.203516,-10.829492],[22.17793,-10.892285],[22.216699,-11.012695],[22.226172,-11.121973],[22.256641,-11.163672],[22.278809,-11.194141],[22.314941,-11.198633],[22.392969,-11.159473],[22.486133,-11.086719],[22.561035,-11.055859],[22.666504,-11.059766],[22.814746,-11.080273],[23.07627,-11.087891],[23.156738,-11.074805],[23.400195,-10.976465],[23.463965,-10.969336],[23.559961,-10.978613],[23.696387,-11.007617],[23.833887,-11.013672],[23.901172,-10.983203],[23.907324,-10.943457],[23.928711,-10.891504],[23.966504,-10.871777],[23.988281,-11.002832],[24.010059,-11.184766],[24.025586,-11.315625],[24.041406,-11.374121],[24.04668,-11.405371],[24.029297,-11.43916],[24.014648,-11.517676],[23.986816,-11.587207],[23.970996,-11.63584],[23.983887,-11.725],[23.973438,-11.85293],[23.962305,-11.987891],[23.958887,-12.117773],[23.996484,-12.350684],[23.991309,-12.422168],[23.944727,-12.54375],[23.909375,-12.636133],[23.886523,-12.743262],[23.882422,-12.799023],[23.968066,-12.956934],[23.962988,-12.988477],[23.897461,-12.998242],[23.843164,-13.000977],[23.63584,-13.000977],[23.338672,-13.000977],[23.041504,-13.000977],[22.744336,-13.000977],[22.470996,-13.000977],[22.20957,-13.000977],[21.978906,-13.000977],[21.979004,-13.156836],[21.979102,-13.477734],[21.979102,-13.79873],[21.979297,-14.119629],[21.979395,-14.440527],[21.979492,-14.761426],[21.97959,-15.082324],[21.979688,-15.403223],[21.979785,-15.724121],[21.979785,-15.955566],[22.040234,-16.262793],[22.150684,-16.597168],[22.193945,-16.628125],[22.305078,-16.689551],[22.459473,-16.815137],[22.545996,-16.910254],[22.721973,-17.075293],[22.955859,-17.285742],[23.181641,-17.474414],[23.380664,-17.640625],[23.068262,-17.698828],[22.624023,-17.781641],[22.324219,-17.8375],[21.96084,-17.905176],[21.718457,-17.947754],[21.416895,-18.000684],[21.36875,-17.999512],[21.287891,-17.962988],[21.113477,-17.955762],[20.908301,-18.006055],[20.745508,-18.019727],[20.625098,-17.99668],[20.507617,-17.952539],[20.392969,-17.887402],[20.194336,-17.863672],[19.911816,-17.881348],[19.639355,-17.868652],[19.377148,-17.825488],[19.189453,-17.808496],[19.076465,-17.817676],[18.955273,-17.803516],[18.825977,-17.766309],[18.718066,-17.703223],[18.588184,-17.57002],[18.486621,-17.442773],[18.460352,-17.424609],[18.428223,-17.405176],[18.396387,-17.399414],[18.108789,-17.395996],[17.835352,-17.392773],[17.678809,-17.392578],[17.296289,-17.391992],[16.913672,-17.391406],[16.531055,-17.39082],[16.148438,-17.390234],[15.76582,-17.389648],[15.383203,-17.38916],[15.000586,-17.388574],[14.617969,-17.387988],[14.414746,-17.387695],[14.225879,-17.397754],[14.01748,-17.408887],[13.987402,-17.404199],[13.937988,-17.38877],[13.904199,-17.360742],[13.791992,-17.288379],[13.694336,-17.233496],[13.561719,-17.141211],[13.475977,-17.040039],[13.403711,-17.007812],[13.275684,-16.989551],[13.179492,-16.97168],[13.101172,-16.967676],[12.963184,-17.01543],[12.859277,-17.062598],[12.785156,-17.108203],[12.656543,-17.160547],[12.548145,-17.212695],[12.359277,-17.205859],[12.318457,-17.213379],[12.213379,-17.209961],[12.114355,-17.164551],[12.013965,-17.168555],[11.902539,-17.226562],[11.743066,-17.249219],[11.780078,-16.871289],[11.818945,-16.704102],[11.819922,-16.504297],[11.796973,-15.986426],[11.769434,-15.915332],[11.750879,-15.831934],[11.849707,-15.768359],[11.899902,-15.719824],[11.967871,-15.633984],[12.016113,-15.513672],[12.073242,-15.248242],[12.280469,-14.6375],[12.378906,-14.039063],[12.503711,-13.755469],[12.550488,-13.437793],[12.897656,-13.027734],[12.983203,-12.775684],[13.162695,-12.652148],[13.416992,-12.52041],[13.597949,-12.286133],[13.685547,-12.123828],[13.785352,-11.812793],[13.784277,-11.487988],[13.847461,-11.054395],[13.833594,-10.929688],[13.738965,-10.757129],[13.721387,-10.633594],[13.633496,-10.512305],[13.539453,-10.420703],[13.49541,-10.257129],[13.332227,-9.998926],[13.2875,-9.826758],[13.209375,-9.703223],[13.196875,-9.550684],[13.155664,-9.389648],[13.075977,-9.230371],[12.998535,-9.048047],[12.998535,-8.991016],[13.046777,-8.922266],[13.092773,-8.899707],[13.077246,-8.934277],[13.046582,-8.975195],[13.053809,-9.006836],[13.358984,-8.687207],[13.37832,-8.624707],[13.368066,-8.554785],[13.366406,-8.469238],[13.378516,-8.369727],[13.09082,-7.780176],[12.862305,-7.231836],[12.823438,-6.954785],[12.521289,-6.590332],[12.402148,-6.353418],[12.334277,-6.187305],[12.283301,-6.124316],[12.302539,-6.092578],[12.380371,-6.084277],[12.553516,-6.045898],[12.790625,-6.003906],[13.009766,-5.907617],[13.068164,-5.864844],[13.184375,-5.85625],[13.302637,-5.881836],[13.346484,-5.863379],[13.371484,-5.861816],[13.649023,-5.861719],[13.764551,-5.855176],[13.978516,-5.857227],[14.11377,-5.865137],[14.19082,-5.875977]]],[[[12.255273,-5.746484],[12.213672,-5.758691],[12.199023,-5.731934],[12.155469,-5.632715],[12.180078,-5.538672],[12.206543,-5.468262],[12.177148,-5.324805],[12.110547,-5.197168],[12.039941,-5.035156],[12.018359,-5.004297],[12.077539,-4.952148],[12.16709,-4.837695],[12.204297,-4.778613],[12.30791,-4.765527],[12.34668,-4.724121],[12.374023,-4.657715],[12.38457,-4.619141],[12.501465,-4.5875],[12.641699,-4.531152],[12.719434,-4.469727],[12.798242,-4.430566],[12.848145,-4.428906],[12.881055,-4.445117],[12.971387,-4.551758],[13.048047,-4.619238],[13.072754,-4.634766],[13.057324,-4.651074],[12.947461,-4.695312],[12.829687,-4.736621],[12.674805,-4.905371],[12.596191,-4.978418],[12.573535,-4.996582],[12.502734,-5.036914],[12.451465,-5.071484],[12.453223,-5.090625],[12.487402,-5.112695],[12.522363,-5.148926],[12.518945,-5.424609],[12.503711,-5.695801],[12.48457,-5.71875],[12.386035,-5.727734],[12.255273,-5.746484]]]]}},{"type":"Feature","properties":{"cartodb_id":21,"name":"Benin","mapcolor":1},"geometry":{"type":"MultiPolygon","coordinates":[[[[3.59541,11.696289],[3.553906,11.631885],[3.490527,11.499219],[3.487793,11.39541],[3.638867,11.176855],[3.65625,11.15459],[3.695312,11.120312],[3.716406,11.07959],[3.73418,10.971924],[3.744922,10.850439],[3.756836,10.76875],[3.829688,10.65376],[3.834473,10.607422],[3.783789,10.435889],[3.771777,10.417627],[3.758496,10.412695],[3.680273,10.427783],[3.646582,10.408984],[3.604102,10.350684],[3.57793,10.29248],[3.576563,10.268359],[3.645898,10.160156],[3.602051,10.004541],[3.557227,9.907324],[3.476758,9.851904],[3.404785,9.838623],[3.354492,9.812793],[3.325195,9.778467],[3.329492,9.667041],[3.223438,9.565625],[3.164648,9.494678],[3.136133,9.451611],[3.148047,9.320605],[3.110449,9.188281],[3.044922,9.083838],[2.898047,9.061377],[2.774805,9.048535],[2.73291,8.78252],[2.734668,8.614014],[2.723633,8.441895],[2.703125,8.371826],[2.711523,8.272998],[2.702344,8.049805],[2.686035,7.87373],[2.707715,7.826611],[2.72041,7.723096],[2.719336,7.61626],[2.750977,7.541895],[2.785156,7.476855],[2.783984,7.443408],[2.76582,7.42251],[2.750488,7.395068],[2.750586,7.143213],[2.756738,7.06792],[2.747754,7.019824],[2.721387,6.980273],[2.731738,6.852832],[2.75293,6.771631],[2.774609,6.711719],[2.753711,6.661768],[2.735645,6.595703],[2.708008,6.427686],[2.706445,6.369238],[2.286914,6.328076],[1.818164,6.260645],[1.622656,6.216797],[1.610938,6.25083],[1.77793,6.294629],[1.743164,6.42627],[1.639258,6.581543],[1.598535,6.610205],[1.577539,6.687402],[1.60293,6.738086],[1.59082,6.772266],[1.582031,6.877002],[1.530957,6.992432],[1.624707,6.997314],[1.624707,7.369189],[1.624609,7.725879],[1.624609,8.030225],[1.624609,8.270996],[1.606641,8.559277],[1.603809,8.770996],[1.600195,9.050049],[1.566309,9.137256],[1.424316,9.28501],[1.385742,9.36167],[1.378906,9.462988],[1.34707,9.567529],[1.345117,9.750195],[1.342871,9.962939],[1.330078,9.996973],[1.176172,10.098389],[0.958301,10.242041],[0.792188,10.351562],[0.77998,10.35957],[0.763379,10.38667],[0.7875,10.710254],[0.821875,10.752588],[0.874805,10.885742],[0.900488,10.993262],[0.924609,10.992822],[0.958008,11.027783],[0.985059,11.079004],[1.013867,11.068115],[1.062305,11.058203],[1.08457,11.076367],[1.081543,11.116016],[1.097559,11.156348],[1.135547,11.174365],[1.145508,11.2104],[1.145801,11.251904],[1.178711,11.262744],[1.234668,11.261035],[1.280469,11.273975],[1.317383,11.295264],[1.364844,11.378906],[1.391504,11.408008],[1.399707,11.428711],[1.426758,11.447119],[1.501367,11.455566],[1.561426,11.449121],[1.6,11.400635],[1.857617,11.443359],[1.980371,11.418408],[2.230859,11.62915],[2.287207,11.69126],[2.363281,11.840088],[2.38916,11.89707],[2.412695,11.999316],[2.363281,12.188428],[2.366016,12.221924],[2.469336,12.262793],[2.598438,12.294336],[2.648438,12.296777],[2.681348,12.312793],[2.728516,12.353613],[2.805273,12.383838],[2.850195,12.373682],[2.878125,12.367725],[3.149609,12.118066],[3.267383,11.991895],[3.299121,11.927148],[3.359961,11.880469],[3.449805,11.851953],[3.531738,11.787451],[3.59541,11.696289]]]]}},{"type":"Feature","properties":{"cartodb_id":37,"name":"Botswana","mapcolor":6},"geometry":{"type":"MultiPolygon","coordinates":[[[[25.258789,-17.793555],[25.239063,-17.843066],[25.224023,-17.915234],[25.242285,-17.969043],[25.282422,-18.041211],[25.340234,-18.104492],[25.384375,-18.141992],[25.436719,-18.234961],[25.489258,-18.35127],[25.558301,-18.441797],[25.76123,-18.649219],[25.783691,-18.723535],[25.811914,-18.79707],[25.939355,-18.938672],[25.95918,-18.985645],[25.950684,-19.081738],[26.081934,-19.369922],[26.168066,-19.538281],[26.241016,-19.569336],[26.474609,-19.748633],[26.678223,-19.892773],[26.916699,-19.990137],[27.091797,-20.054199],[27.178223,-20.100977],[27.221484,-20.145801],[27.256738,-20.232031],[27.274609,-20.381836],[27.280762,-20.478711],[27.468945,-20.474805],[27.624609,-20.483594],[27.679297,-20.503027],[27.699609,-20.530664],[27.694824,-20.594531],[27.696973,-20.689746],[27.704297,-20.766406],[27.688086,-20.84834],[27.676953,-20.944824],[27.669434,-21.064258],[27.693457,-21.111035],[27.844141,-21.261523],[27.907422,-21.359082],[27.974609,-21.506738],[28.014063,-21.554199],[28.045605,-21.573047],[28.181641,-21.589355],[28.532031,-21.65127],[28.747754,-21.707617],[28.919336,-21.766016],[28.990723,-21.781445],[29.025586,-21.796875],[29.037305,-21.811328],[29.01582,-21.939941],[29.02334,-21.98125],[29.042383,-22.018359],[29.071484,-22.047461],[29.106836,-22.065723],[29.237207,-22.079492],[29.315234,-22.157715],[29.364844,-22.193945],[29.129883,-22.213281],[29.013477,-22.278418],[28.945801,-22.395117],[28.839844,-22.480859],[28.695508,-22.535449],[28.542871,-22.572949],[28.381738,-22.593359],[28.210156,-22.693652],[28.02793,-22.87373],[27.935059,-22.987012],[27.931348,-23.033594],[27.890527,-23.073926],[27.812598,-23.108008],[27.768555,-23.148926],[27.758301,-23.196777],[27.716797,-23.219629],[27.643848,-23.217676],[27.592676,-23.252637],[27.563184,-23.324609],[27.49873,-23.368359],[27.399219,-23.383594],[27.313379,-23.424219],[27.241211,-23.490039],[27.185547,-23.523438],[27.146387,-23.524414],[27.085547,-23.57793],[26.987012,-23.70459],[26.970605,-23.763477],[26.835059,-24.24082],[26.761133,-24.297168],[26.617773,-24.395508],[26.501563,-24.513281],[26.451758,-24.582715],[26.397168,-24.613574],[26.130859,-24.671484],[26.031836,-24.702441],[25.912109,-24.747461],[25.881836,-24.787988],[25.852441,-24.935254],[25.769922,-25.146484],[25.702637,-25.302344],[25.65918,-25.437891],[25.583789,-25.60625],[25.518164,-25.662793],[25.443652,-25.714453],[25.346191,-25.739941],[25.213379,-25.75625],[25.09248,-25.751465],[24.998926,-25.754004],[24.869238,-25.813477],[24.748145,-25.817383],[24.555859,-25.783105],[24.400195,-25.749805],[24.330566,-25.742871],[24.192969,-25.63291],[24.104492,-25.634863],[23.969531,-25.626074],[23.89375,-25.600879],[23.823438,-25.544629],[23.670703,-25.433984],[23.521484,-25.344434],[23.389258,-25.291406],[23.266016,-25.266602],[23.14873,-25.288672],[23.05752,-25.312305],[23.02207,-25.324121],[22.95127,-25.370313],[22.878809,-25.45791],[22.818945,-25.595117],[22.796094,-25.679102],[22.729004,-25.857324],[22.640234,-26.071191],[22.597656,-26.132715],[22.548633,-26.178418],[22.470898,-26.219043],[22.217578,-26.388867],[22.090918,-26.580176],[22.010938,-26.63584],[21.914551,-26.661914],[21.833203,-26.67832],[21.788281,-26.710059],[21.738086,-26.806836],[21.694727,-26.840918],[21.646289,-26.854199],[21.501367,-26.842676],[21.45498,-26.832813],[21.070996,-26.851758],[20.953906,-26.821094],[20.870898,-26.808789],[20.739844,-26.848828],[20.685059,-26.822461],[20.641406,-26.742187],[20.619922,-26.580859],[20.626758,-26.443848],[20.697852,-26.340137],[20.757031,-26.26416],[20.815039,-26.164941],[20.822656,-26.120605],[20.811035,-26.080566],[20.799414,-25.999023],[20.793164,-25.915625],[20.710742,-25.733203],[20.609277,-25.491211],[20.473145,-25.221289],[20.430664,-25.14707],[20.345215,-25.029883],[20.028613,-24.807031],[19.980469,-24.776758],[19.980469,-24.751953],[19.980176,-24.535742],[19.979883,-24.249023],[19.97959,-23.962402],[19.979297,-23.675781],[19.978906,-23.38916],[19.978516,-23.102539],[19.978223,-22.815918],[19.97793,-22.529297],[19.977637,-22.242578],[19.977344,-22.000195],[20.205371,-22.000195],[20.4875,-22.000195],[20.822754,-22.000195],[20.970996,-22.000195],[20.979492,-21.961914],[20.979297,-21.784082],[20.978711,-21.376074],[20.978125,-20.968164],[20.977441,-20.560254],[20.976855,-20.152344],[20.976172,-19.744336],[20.975586,-19.336426],[20.975,-18.928516],[20.974316,-18.520508],[20.974121,-18.318848],[21.23252,-18.306836],[21.529688,-18.265625],[22.011426,-18.198633],[22.460059,-18.115723],[22.752734,-18.067188],[23.099902,-18.00957],[23.219336,-17.999707],[23.251563,-18.00752],[23.298633,-18.027344],[23.459766,-18.231055],[23.560156,-18.386426],[23.580566,-18.45293],[23.599707,-18.459961],[23.647168,-18.449414],[23.700488,-18.424316],[23.864258,-18.269531],[23.89834,-18.229199],[24.002637,-18.154102],[24.129297,-18.077539],[24.243945,-18.023438],[24.358984,-17.978223],[24.412207,-17.989453],[24.474902,-18.028516],[24.530566,-18.052734],[24.792188,-17.864648],[24.909082,-17.821387],[25.216016,-17.787598],[25.258789,-17.793555]]]]}},{"type":"Feature","properties":{"cartodb_id":22,"name":"Burkina Faso","mapcolor":2},"geometry":{"type":"MultiPolygon","coordinates":[[[[0.21748,14.911475],[0.203809,14.865039],[0.202734,14.782812],[0.185059,14.65293],[0.163867,14.497217],[0.250586,14.396436],[0.35459,14.288037],[0.38252,14.245801],[0.354883,14.139014],[0.374023,14.076367],[0.429199,13.972119],[0.522363,13.839746],[0.618164,13.703418],[0.68457,13.6854],[0.747754,13.674512],[0.786035,13.650049],[0.842285,13.626416],[0.897949,13.610937],[0.946582,13.581152],[0.977734,13.551953],[1.017871,13.467871],[1.125977,13.412354],[1.201172,13.35752],[1.170898,13.32959],[1.076855,13.340771],[0.988477,13.364844],[0.976758,13.324512],[0.973047,13.170361],[0.987305,13.041895],[1.00791,13.024805],[1.096777,13.001123],[1.308691,12.834277],[1.500488,12.676465],[1.564941,12.6354],[1.671094,12.619824],[1.789844,12.613281],[1.840918,12.627881],[1.956152,12.707422],[2.017383,12.716211],[2.073828,12.713965],[2.10459,12.70127],[2.159766,12.636426],[2.211523,12.538428],[2.22627,12.466064],[2.221387,12.427246],[2.203809,12.412598],[2.109375,12.393848],[2.068555,12.37915],[2.058398,12.357959],[2.072949,12.309375],[2.091406,12.277979],[2.194434,12.136475],[2.343359,11.945996],[2.38916,11.89707],[2.363281,11.840088],[2.287207,11.69126],[2.230859,11.62915],[1.980371,11.418408],[1.857617,11.443359],[1.6,11.400635],[1.561426,11.449121],[1.501367,11.455566],[1.426758,11.447119],[1.399707,11.428711],[1.391504,11.408008],[1.364844,11.378906],[1.317383,11.295264],[1.280469,11.273975],[1.234668,11.261035],[1.178711,11.262744],[1.145801,11.251904],[1.145508,11.2104],[1.135547,11.174365],[1.097559,11.156348],[1.081543,11.116016],[1.08457,11.076367],[1.062305,11.058203],[1.013867,11.068115],[0.985059,11.079004],[0.958008,11.027783],[0.924609,10.992822],[0.900488,10.993262],[0.642969,10.983057],[0.549121,10.95542],[0.492676,10.95498],[0.490723,10.978174],[0.48418,10.991992],[0.159277,11.069629],[-0.068604,11.115625],[-0.299463,11.166895],[-0.312549,11.118896],[-0.345752,11.087939],[-0.395605,11.085693],[-0.430322,11.093262],[-0.453516,11.056299],[-0.491699,11.007617],[-0.545215,10.983691],[-0.597656,10.953662],[-0.627148,10.927393],[-0.648535,10.926758],[-0.701416,10.988965],[-0.771582,10.995264],[-0.90293,10.984717],[-0.961816,11.001709],[-1.04248,11.010059],[-1.232617,10.997217],[-1.536768,11.022656],[-1.586475,11.008887],[-1.599658,10.997656],[-1.900635,10.994678],[-2.231934,10.991406],[-2.50918,10.988721],[-2.75166,10.986377],[-2.7521,10.996973],[-2.829932,10.998389],[-2.838574,10.97749],[-2.907324,10.727979],[-2.914893,10.592334],[-2.878418,10.507959],[-2.837207,10.454639],[-2.791162,10.432422],[-2.786621,10.401904],[-2.823437,10.362939],[-2.820312,10.322852],[-2.7771,10.281592],[-2.766504,10.238184],[-2.788477,10.192578],[-2.783203,10.083105],[-2.750732,9.909668],[-2.749805,9.797217],[-2.780518,9.74585],[-2.765967,9.658057],[-2.706201,9.533936],[-2.69585,9.481348],[-2.717187,9.457129],[-2.766602,9.424707],[-2.816748,9.42583],[-2.875146,9.500928],[-2.900879,9.534619],[-2.948145,9.610742],[-2.988281,9.687354],[-3.042627,9.720898],[-3.095801,9.7521],[-3.160693,9.84917],[-3.223535,9.895459],[-3.289697,9.882227],[-3.386279,9.900293],[-3.581152,9.924316],[-3.790625,9.917187],[-3.877637,9.894922],[-3.963477,9.859619],[-4.181152,9.781738],[-4.267187,9.743262],[-4.332227,9.645703],[-4.406201,9.647998],[-4.480273,9.679248],[-4.526611,9.723486],[-4.62583,9.713574],[-4.721777,9.756543],[-4.814453,9.841162],[-4.882715,9.868945],[-4.969922,9.930078],[-4.994043,10.046484],[-5.049316,10.12832],[-5.099854,10.241602],[-5.175293,10.292627],[-5.262305,10.319678],[-5.382275,10.314014],[-5.461279,10.35957],[-5.523535,10.426025],[-5.507031,10.483447],[-5.479004,10.565088],[-5.475684,10.643945],[-5.45708,10.771387],[-5.468555,10.931055],[-5.490479,11.042383],[-5.424219,11.088721],[-5.347412,11.130273],[-5.299854,11.205957],[-5.250244,11.375781],[-5.229395,11.522461],[-5.244775,11.576758],[-5.270312,11.619873],[-5.290527,11.683301],[-5.302002,11.760449],[-5.288135,11.82793],[-5.230176,11.890283],[-5.15752,11.942383],[-5.105908,11.967529],[-4.968994,11.993311],[-4.797949,12.032129],[-4.699316,12.076172],[-4.627246,12.120215],[-4.586914,12.155029],[-4.546045,12.226465],[-4.479883,12.281787],[-4.428711,12.337598],[-4.421582,12.493066],[-4.421924,12.581592],[-4.459863,12.630371],[-4.480615,12.672217],[-4.2271,12.793701],[-4.225244,12.879492],[-4.260645,12.975342],[-4.310254,13.05249],[-4.328711,13.119043],[-4.258691,13.197314],[-4.196191,13.256152],[-4.151025,13.306201],[-4.051172,13.382422],[-3.947314,13.402197],[-3.853467,13.373535],[-3.575781,13.194189],[-3.527637,13.182715],[-3.469922,13.196387],[-3.396729,13.243701],[-3.301758,13.280762],[-3.266748,13.400781],[-3.270166,13.577441],[-3.248633,13.65835],[-3.198437,13.672852],[-3.038672,13.639111],[-2.997217,13.637109],[-2.95083,13.648438],[-2.91709,13.679492],[-2.918506,13.736377],[-2.925879,13.786768],[-2.873926,13.950732],[-2.778857,14.07373],[-2.586719,14.227588],[-2.526904,14.258301],[-2.457227,14.274121],[-2.113232,14.168457],[-2.057129,14.194629],[-1.973047,14.456543],[-1.879785,14.481494],[-1.767773,14.486035],[-1.695068,14.508496],[-1.657324,14.526807],[-1.493652,14.626074],[-1.20498,14.761523],[-1.049561,14.819531],[-1.019189,14.841357],[-0.907959,14.937402],[-0.760449,15.047754],[-0.666455,15.069775],[-0.536523,15.077881],[-0.454492,15.059668],[-0.432275,15.028516],[-0.40542,15.0125],[-0.235889,15.059424],[0.007324,14.984814],[0.21748,14.911475]]]]}},{"type":"Feature","properties":{"cartodb_id":19,"name":"Burundi","mapcolor":2},"geometry":{"type":"MultiPolygon","coordinates":[[[[30.553613,-2.400098],[30.533691,-2.42627],[30.441992,-2.613477],[30.424219,-2.641602],[30.434375,-2.658887],[30.47334,-2.694336],[30.450488,-2.753223],[30.441309,-2.769043],[30.424023,-2.824023],[30.433496,-2.874512],[30.455566,-2.893164],[30.515039,-2.917578],[30.604297,-2.935254],[30.709473,-2.977246],[30.780273,-2.984863],[30.796875,-3.015137],[30.793555,-3.069336],[30.811133,-3.116406],[30.811426,-3.200586],[30.790234,-3.274609],[30.681836,-3.309375],[30.626074,-3.347363],[30.610938,-3.366406],[30.624609,-3.388672],[30.631934,-3.418652],[30.529883,-3.49248],[30.425,-3.588867],[30.4,-3.653906],[30.379102,-3.730762],[30.348438,-3.779785],[30.268555,-3.850488],[30.187109,-3.992871],[30.147168,-4.085352],[29.947266,-4.307324],[29.769531,-4.418066],[29.717773,-4.455859],[29.403223,-4.449316],[29.379199,-4.299707],[29.331348,-4.09541],[29.223242,-3.91084],[29.211816,-3.833789],[29.216797,-3.684961],[29.217188,-3.475684],[29.210059,-3.363281],[29.212305,-3.28125],[29.226074,-3.138672],[29.224414,-3.053516],[29.153223,-2.955273],[29.064746,-2.850781],[29.016602,-2.799609],[29.01416,-2.758301],[29.014355,-2.720215],[29.028613,-2.664551],[29.063184,-2.602539],[29.102051,-2.595703],[29.197559,-2.620313],[29.29707,-2.673047],[29.349805,-2.791504],[29.390234,-2.808594],[29.463672,-2.808398],[29.651367,-2.792773],[29.698047,-2.794727],[29.783398,-2.766406],[29.868164,-2.716406],[29.892578,-2.664648],[29.912402,-2.548633],[29.930176,-2.339551],[29.973438,-2.337109],[30.091895,-2.411523],[30.117285,-2.416602],[30.142285,-2.413965],[30.183301,-2.377051],[30.233789,-2.34707],[30.270996,-2.347852],[30.408496,-2.312988],[30.482227,-2.376074],[30.528906,-2.395605],[30.553613,-2.400098]]]]}},{"type":"Feature","properties":{"cartodb_id":44,"name":"Cameroon","mapcolor":1},"geometry":{"type":"MultiPolygon","coordinates":[[[[15.480078,7.523779],[15.379102,7.358154],[15.245898,7.263574],[15.206738,7.206152],[15.18584,7.134912],[15.157129,7.063574],[15.086328,6.909912],[15.03457,6.784424],[14.982715,6.745312],[14.861914,6.555713],[14.780371,6.365723],[14.764063,6.316357],[14.739258,6.279785],[14.699512,6.250244],[14.559375,6.191211],[14.512109,6.161914],[14.475,6.126807],[14.440723,6.086719],[14.431152,6.038721],[14.463867,5.970703],[14.503125,5.916895],[14.54248,5.913574],[14.577246,5.916016],[14.598828,5.883984],[14.616895,5.865137],[14.616895,5.495508],[14.583594,5.439648],[14.584375,5.414746],[14.568066,5.351074],[14.562988,5.279932],[14.573535,5.251709],[14.601758,5.228809],[14.640625,5.179053],[14.661719,5.065527],[14.708984,4.665576],[14.73125,4.602393],[14.77041,4.558105],[14.893555,4.471875],[15.022754,4.358545],[15.063574,4.284863],[15.0875,4.163965],[15.136914,4.069141],[15.13584,4.036914],[15.11543,4.024463],[15.067383,4.022949],[15.034863,4.016357],[15.062109,3.947217],[15.128711,3.826904],[15.239844,3.702148],[15.360156,3.567139],[15.458398,3.456836],[15.580859,3.329297],[15.676563,3.229687],[15.775,3.127197],[15.849316,3.103076],[15.904883,3.09585],[15.928711,3.075781],[15.958008,3.028711],[16.008203,2.97666],[16.063477,2.908594],[16.082422,2.839111],[16.059277,2.772998],[16.082129,2.678174],[16.083496,2.67002],[16.101855,2.632666],[16.095508,2.599219],[16.106738,2.473486],[16.136133,2.36377],[16.183398,2.270068],[16.182617,2.262451],[16.176563,2.204785],[16.115723,2.167822],[16.080078,2.106787],[16.069629,2.02168],[16.087891,1.918066],[16.134961,1.795947],[16.136133,1.724219],[16.119531,1.714111],[16.090332,1.69126],[16.059375,1.676221],[15.975195,1.76001],[15.881641,1.816602],[15.741602,1.91499],[15.600293,1.950391],[15.41748,1.956738],[15.33877,1.944727],[15.282422,1.981738],[15.203516,2.024463],[15.160059,2.035596],[15.099609,2.002344],[15.057813,2.000879],[15.006445,2.01377],[14.902441,2.012305],[14.892773,2.069336],[14.875,2.080469],[14.762891,2.075195],[14.72832,2.122412],[14.713281,2.117139],[14.669141,2.13208],[14.578906,2.199121],[14.484082,2.154736],[14.287012,2.160352],[14.034375,2.158887],[13.772754,2.157422],[13.533496,2.159521],[13.293555,2.161572],[13.269922,2.224219],[13.220313,2.256445],[13.130859,2.259424],[12.86748,2.246777],[12.665723,2.256787],[12.601367,2.265039],[12.529785,2.281348],[12.361328,2.295996],[12.153418,2.284375],[12.106152,2.2875],[11.939746,2.285156],[11.558984,2.302197],[11.348438,2.299707],[11.35332,2.261426],[11.339941,2.233838],[11.328711,2.167432],[11.096582,2.16748],[10.790918,2.167578],[10.502246,2.167627],[10.307031,2.167725],[9.979883,2.167773],[9.870117,2.213281],[9.836914,2.242383],[9.830371,2.275488],[9.826172,2.297803],[9.800781,2.304443],[9.821777,2.539258],[9.867578,2.734961],[9.885449,2.916553],[9.948438,3.079053],[9.915039,3.239648],[9.876172,3.309766],[9.67207,3.537598],[9.765723,3.623828],[9.642383,3.611768],[9.615918,3.696484],[9.556152,3.798047],[9.592773,3.814307],[9.628125,3.87002],[9.739648,3.85293],[9.736133,3.880127],[9.639941,3.965332],[9.649219,4.00835],[9.688867,4.056396],[9.669531,4.07666],[9.600391,4.026904],[9.550586,4.028418],[9.511816,4.060645],[9.483691,4.066113],[9.500781,4.000732],[9.462012,3.942529],[9.425293,3.922314],[9.362305,3.925732],[9.310938,3.940381],[9.297363,3.972949],[9.249121,3.997852],[9.113867,4.041064],[9.000098,4.091602],[8.977051,4.23042],[8.932031,4.290234],[8.913574,4.357812],[8.902832,4.435156],[8.918262,4.55376],[8.889453,4.572754],[8.856445,4.579248],[8.807129,4.573437],[8.761914,4.580029],[8.70791,4.645703],[8.660352,4.670996],[8.689648,4.550244],[8.65625,4.516357],[8.574414,4.526221],[8.539551,4.571875],[8.532813,4.605859],[8.570508,4.7521],[8.555859,4.755225],[8.585156,4.832812],[8.640527,4.927002],[8.715625,5.046875],[8.800977,5.197461],[8.85918,5.46377],[8.898828,5.629687],[8.935059,5.781006],[8.997168,5.917725],[9.060156,6.009082],[9.23877,6.186133],[9.37334,6.319629],[9.442188,6.373389],[9.490234,6.418652],[9.574023,6.47041],[9.659961,6.531982],[9.725586,6.65],[9.779883,6.760156],[9.820703,6.783936],[9.874219,6.803271],[10.038867,6.921387],[10.143555,6.996436],[10.167773,6.95918],[10.185547,6.912793],[10.205469,6.891602],[10.293066,6.876758],[10.413184,6.877734],[10.482324,6.89126],[10.519043,6.930469],[10.556348,7.037451],[10.578125,7.057715],[10.60625,7.063086],[10.737598,6.988281],[10.846484,6.881787],[10.954199,6.776562],[11.008691,6.739111],[11.03252,6.6979],[11.079688,6.505518],[11.106445,6.457715],[11.15332,6.437939],[11.237305,6.450537],[11.324609,6.484668],[11.401758,6.533936],[11.477539,6.597412],[11.529102,6.655029],[11.55166,6.697266],[11.562988,6.854639],[11.580078,6.888867],[11.65752,6.951562],[11.787012,7.056201],[11.861426,7.116406],[11.854785,7.137988],[11.808594,7.201953],[11.767383,7.272266],[11.80918,7.345068],[11.852441,7.400732],[12.016016,7.589746],[12.016602,7.652002],[12.025195,7.727783],[12.155957,7.94248],[12.231152,8.227393],[12.233398,8.282324],[12.311328,8.419727],[12.403516,8.595557],[12.582715,8.624121],[12.651563,8.667773],[12.731152,8.745654],[12.782227,8.817871],[12.806543,8.886621],[12.824414,9.019434],[12.855957,9.170752],[12.875684,9.303516],[12.929492,9.42627],[13.019434,9.48833],[13.175488,9.539648],[13.19873,9.56377],[13.221191,9.645166],[13.23877,9.814014],[13.24375,9.915918],[13.249805,9.960059],[13.269922,10.036182],[13.414551,10.171436],[13.478516,10.383252],[13.535352,10.605078],[13.699902,10.873145],[13.89209,11.140088],[13.981445,11.211865],[14.056738,11.24502],[14.143262,11.248535],[14.202344,11.268164],[14.409473,11.401172],[14.496094,11.446143],[14.559766,11.492285],[14.575391,11.532422],[14.581641,11.591162],[14.561816,11.728711],[14.597363,11.829834],[14.618164,11.986621],[14.627148,12.108691],[14.619727,12.150977],[14.587012,12.209424],[14.580957,12.22207],[14.518945,12.298242],[14.41543,12.344141],[14.272852,12.356494],[14.197461,12.383789],[14.184863,12.447217],[14.177637,12.484082],[14.170313,12.524072],[14.160059,12.612793],[14.063965,13.078516],[14.244824,13.077344],[14.461719,13.021777],[14.516211,12.979736],[14.544727,12.820215],[14.623242,12.729932],[14.76123,12.655615],[14.84707,12.5021],[14.880664,12.269385],[14.956738,12.130371],[14.973828,12.10835],[15.059863,11.907129],[15.08125,11.845508],[15.087695,11.724365],[15.078027,11.642578],[15.121973,11.54126],[15.055469,11.368555],[15.035742,11.2625],[15.029883,11.113672],[15.068652,10.851074],[15.132227,10.648486],[15.200977,10.484521],[15.276074,10.357373],[15.399902,10.216895],[15.531934,10.088477],[15.654883,10.007812],[15.540918,9.960303],[15.32002,9.954297],[15.193164,9.981494],[15.132715,9.982861],[15.071582,9.965967],[14.83584,9.941699],[14.597949,9.953076],[14.377246,9.985059],[14.243262,9.979736],[14.139746,9.901807],[14.055957,9.784375],[13.977246,9.691553],[14.00498,9.588721],[14.06416,9.531738],[14.17793,9.406494],[14.280078,9.285059],[14.332324,9.203516],[14.536133,9.025244],[14.732813,8.865674],[14.771289,8.83916],[14.82627,8.810303],[14.860742,8.798633],[14.967969,8.707275],[15.116211,8.557324],[15.252344,8.322363],[15.349023,8.083838],[15.442969,7.851855],[15.484473,7.812744],[15.549805,7.787891],[15.557813,7.738037],[15.552637,7.664502],[15.532422,7.604395],[15.480078,7.523779]]]]}},{"type":"Feature","properties":{"cartodb_id":43,"name":"Ivory Coast","mapcolor":4},"geometry":{"type":"MultiPolygon","coordinates":[[[[-3.086719,5.12832],[-3.114014,5.088672],[-3.246387,5.114062],[-3.214893,5.147217],[-3.086719,5.12832]]],[[[-6.230664,10.59751],[-6.239746,10.558105],[-6.217773,10.47627],[-6.190674,10.400293],[-6.192627,10.369434],[-6.21499,10.322363],[-6.241309,10.279199],[-6.238379,10.261621],[-6.196875,10.232129],[-6.117187,10.201904],[-6.03457,10.194824],[-5.988672,10.239111],[-5.940674,10.275098],[-5.907568,10.307227],[-5.896191,10.354736],[-5.843848,10.389551],[-5.694287,10.433203],[-5.556592,10.439941],[-5.523535,10.426025],[-5.461279,10.35957],[-5.382275,10.314014],[-5.262305,10.319678],[-5.175293,10.292627],[-5.099854,10.241602],[-5.049316,10.12832],[-4.994043,10.046484],[-4.969922,9.930078],[-4.882715,9.868945],[-4.814453,9.841162],[-4.721777,9.756543],[-4.62583,9.713574],[-4.526611,9.723486],[-4.480273,9.679248],[-4.406201,9.647998],[-4.332227,9.645703],[-4.267187,9.743262],[-4.181152,9.781738],[-3.963477,9.859619],[-3.877637,9.894922],[-3.790625,9.917187],[-3.581152,9.924316],[-3.386279,9.900293],[-3.289697,9.882227],[-3.223535,9.895459],[-3.160693,9.84917],[-3.095801,9.7521],[-3.042627,9.720898],[-2.988281,9.687354],[-2.948145,9.610742],[-2.900879,9.534619],[-2.875146,9.500928],[-2.816748,9.42583],[-2.766602,9.424707],[-2.717187,9.457129],[-2.69585,9.481348],[-2.686133,9.431738],[-2.705762,9.351367],[-2.701807,9.30166],[-2.674219,9.282617],[-2.689209,9.218604],[-2.74668,9.109619],[-2.746924,9.045117],[-2.689893,9.025098],[-2.649219,8.956592],[-2.624902,8.8396],[-2.600391,8.800439],[-2.597998,8.776367],[-2.556885,8.493018],[-2.505859,8.20874],[-2.538281,8.171631],[-2.582764,8.160791],[-2.611719,8.147559],[-2.619971,8.121094],[-2.600977,8.082227],[-2.613379,8.04668],[-2.668848,8.022217],[-2.789746,7.931934],[-2.798145,7.895996],[-2.830127,7.819043],[-2.856885,7.77207],[-2.896338,7.68501],[-2.959082,7.454541],[-2.982324,7.263623],[-2.985791,7.204883],[-3.010156,7.16377],[-3.037695,7.10459],[-3.168896,6.940967],[-3.235791,6.807227],[-3.227148,6.749121],[-3.224121,6.690771],[-3.243896,6.648682],[-3.240283,6.535645],[-3.224023,6.441064],[-3.200586,6.348242],[-3.105566,6.085645],[-3.056152,5.92627],[-3.025293,5.797754],[-2.998291,5.711328],[-2.972803,5.67627],[-2.962256,5.643018],[-2.821191,5.619189],[-2.793652,5.600098],[-2.75498,5.43252],[-2.761914,5.356934],[-2.7896,5.328223],[-2.788672,5.264111],[-2.795215,5.184521],[-2.815674,5.153027],[-2.894727,5.149023],[-2.94834,5.118848],[-3.019141,5.130811],[-3.025879,5.150537],[-3.063965,5.157715],[-3.168701,5.203027],[-3.151416,5.348291],[-3.199951,5.354492],[-3.237598,5.3354],[-3.312012,5.160791],[-3.347559,5.130664],[-3.870605,5.220703],[-3.98418,5.293164],[-4.120166,5.309717],[-4.357275,5.301416],[-4.552832,5.279883],[-4.608887,5.235889],[-4.115186,5.261621],[-4.062061,5.256641],[-4.037207,5.230127],[-4.661523,5.172559],[-4.899707,5.13833],[-4.970117,5.147754],[-5.023682,5.203613],[-5.282373,5.210254],[-5.335449,5.191992],[-5.367529,5.150781],[-5.265771,5.159717],[-5.104883,5.162158],[-5.061816,5.130664],[-5.564746,5.089453],[-5.91377,5.010937],[-6.061719,4.952832],[-6.548438,4.761768],[-6.845166,4.671484],[-6.9229,4.63833],[-7.057959,4.544727],[-7.231396,4.485986],[-7.426074,4.376025],[-7.544971,4.351318],[-7.571582,4.386426],[-7.574658,4.572314],[-7.591211,4.821533],[-7.585059,4.916748],[-7.569336,5.006445],[-7.568896,5.080664],[-7.509766,5.108496],[-7.494141,5.139795],[-7.485205,5.236426],[-7.429834,5.324512],[-7.428906,5.477881],[-7.412451,5.509912],[-7.399902,5.550586],[-7.42373,5.651318],[-7.454395,5.841309],[-7.469434,5.853711],[-7.482813,5.845508],[-7.513916,5.842041],[-7.636133,5.907715],[-7.730371,5.919043],[-7.796533,5.975098],[-7.800928,6.038916],[-7.833252,6.076367],[-7.855518,6.150146],[-7.888623,6.234863],[-7.981592,6.286133],[-8.068945,6.298389],[-8.131006,6.287549],[-8.203857,6.290723],[-8.287109,6.319043],[-8.344873,6.35127],[-8.399316,6.413184],[-8.449902,6.4625],[-8.490332,6.456396],[-8.539551,6.468066],[-8.587891,6.490527],[-8.603564,6.507813],[-8.401221,6.705127],[-8.332568,6.801563],[-8.325098,6.8604],[-8.324512,6.92002],[-8.302344,6.980957],[-8.296631,7.074023],[-8.40874,7.411816],[-8.437158,7.516406],[-8.467285,7.547021],[-8.486426,7.558496],[-8.42998,7.601855],[-8.351758,7.590576],[-8.231885,7.556738],[-8.205957,7.590234],[-8.11543,7.760742],[-8.117822,7.824023],[-8.126855,7.867725],[-8.073828,7.984424],[-8.031738,8.029736],[-8.009863,8.078516],[-8.016748,8.144922],[-8.048584,8.169727],[-8.090527,8.165137],[-8.140625,8.181445],[-8.217139,8.219678],[-8.256104,8.253711],[-8.244141,8.40791],[-8.236963,8.455664],[-8.209961,8.483252],[-8.167773,8.490674],[-8.049121,8.495313],[-7.953125,8.477734],[-7.86875,8.467529],[-7.823584,8.467676],[-7.787402,8.421973],[-7.738965,8.375244],[-7.696094,8.375586],[-7.681201,8.410352],[-7.690967,8.5625],[-7.71958,8.643018],[-7.784033,8.720605],[-7.950977,8.786816],[-7.95498,8.879443],[-7.938184,8.979785],[-7.9021,9.01709],[-7.777979,9.080859],[-7.799805,9.115039],[-7.839404,9.151611],[-7.918066,9.188525],[-7.9,9.308691],[-7.896191,9.415869],[-7.962695,9.403857],[-8.031006,9.397656],[-8.088672,9.430664],[-8.136963,9.495703],[-8.146045,9.674805],[-8.14585,9.881738],[-8.155176,9.973193],[-8.136621,10.02207],[-8.077832,10.06709],[-8.013525,10.125293],[-7.990625,10.1625],[-7.960937,10.163477],[-7.884082,10.185742],[-7.814209,10.236572],[-7.749072,10.342285],[-7.661133,10.427441],[-7.562109,10.42124],[-7.532812,10.436816],[-7.497949,10.439795],[-7.456543,10.383936],[-7.414795,10.341309],[-7.385059,10.340137],[-7.363184,10.259375],[-7.182324,10.225684],[-7.104883,10.203516],[-7.039746,10.144775],[-7.01709,10.143262],[-6.989453,10.155664],[-6.968164,10.176221],[-6.963818,10.19873],[-6.991748,10.251855],[-6.979492,10.299561],[-6.950342,10.342334],[-6.903809,10.345068],[-6.833643,10.356982],[-6.753223,10.357129],[-6.693262,10.349463],[-6.669336,10.392188],[-6.691992,10.512012],[-6.686133,10.578027],[-6.676367,10.633789],[-6.65415,10.656445],[-6.5646,10.586426],[-6.482617,10.56123],[-6.423926,10.559131],[-6.40752,10.572363],[-6.432617,10.64873],[-6.425879,10.671777],[-6.40415,10.685107],[-6.365625,10.692822],[-6.261133,10.724072],[-6.250244,10.71792],[-6.230664,10.59751]]]]}},{"type":"Feature","properties":{"cartodb_id":38,"name":"Central African Rep.","mapcolor":5},"geometry":{"type":"MultiPolygon","coordinates":[[[[22.860059,10.919678],[22.930762,10.795312],[22.964355,10.751807],[23.255859,10.457812],[23.312305,10.387939],[23.456641,10.174268],[23.54502,10.030078],[23.646289,9.8229],[23.65625,9.710352],[23.642773,9.613916],[23.622656,9.340625],[23.596094,9.261914],[23.468262,9.114746],[23.462793,9.048486],[23.489063,8.993311],[23.528027,8.970605],[23.551855,8.943213],[23.537305,8.81582],[23.583203,8.76582],[23.679297,8.732471],[23.921973,8.709717],[24.048145,8.691309],[24.147363,8.665625],[24.194824,8.653369],[24.220898,8.608252],[24.17998,8.461133],[24.208398,8.369141],[24.291406,8.291406],[24.375488,8.258447],[24.456055,8.239453],[24.736719,8.191553],[24.85332,8.137549],[25.007227,7.964844],[25.200391,7.80791],[25.247363,7.724561],[25.238672,7.648975],[25.181348,7.557227],[25.190137,7.519336],[25.278906,7.42749],[25.380664,7.333398],[25.566602,7.228711],[25.888965,7.064941],[26.036523,6.955225],[26.086914,6.872119],[26.169336,6.781738],[26.28457,6.699023],[26.361816,6.635303],[26.308594,6.455322],[26.324609,6.39624],[26.35332,6.344922],[26.420508,6.27417],[26.447461,6.183008],[26.514258,6.069238],[26.593652,6.017529],[26.726367,5.998242],[26.796484,5.945508],[26.942285,5.854932],[27.083398,5.776855],[27.143945,5.722949],[27.18125,5.675146],[27.213379,5.618799],[27.229102,5.5625],[27.23252,5.440771],[27.256738,5.289648],[27.332422,5.186328],[27.40332,5.10918],[27.114941,5.197852],[27.071875,5.199756],[27.020605,5.184375],[26.870117,5.075684],[26.82207,5.062402],[26.767578,5.071924],[26.632617,5.085205],[26.173535,5.171143],[25.819922,5.253711],[25.713867,5.283691],[25.525098,5.312109],[25.400195,5.255908],[25.283105,5.062695],[25.249316,5.024561],[25.065234,4.967432],[24.978418,4.982959],[24.765527,4.930078],[24.437109,5.009961],[24.319824,4.994141],[24.227734,4.953857],[23.991699,4.86626],[23.848438,4.816357],[23.681836,4.770801],[23.523633,4.70127],[23.417188,4.663135],[23.312891,4.663525],[23.218848,4.702979],[23.115918,4.736914],[22.992871,4.743848],[22.864551,4.723877],[22.755762,4.64668],[22.711719,4.591748],[22.617187,4.445557],[22.505664,4.207666],[22.461816,4.159766],[22.449707,4.155127],[22.422168,4.134961],[21.908203,4.253906],[21.687012,4.281396],[21.537598,4.244824],[21.350195,4.311377],[21.268359,4.323096],[21.229785,4.302197],[21.125586,4.332178],[20.955762,4.413135],[20.792969,4.447314],[20.647461,4.435645],[20.558105,4.462695],[20.486523,4.541553],[20.393555,4.686182],[20.226367,4.829639],[20.002344,4.944727],[19.8625,5.031299],[19.806543,5.089307],[19.686035,5.121387],[19.500977,5.12749],[19.323438,5.070752],[19.068555,4.891406],[18.831738,4.523438],[18.699902,4.382617],[18.594141,4.34624],[18.56748,4.257568],[18.619922,4.116602],[18.633691,3.954297],[18.59668,3.678711],[18.610352,3.478418],[18.553809,3.510205],[18.499805,3.604102],[18.474414,3.622998],[18.318164,3.580811],[18.237109,3.542676],[18.193945,3.50542],[18.160938,3.499805],[18.111328,3.551074],[18.072266,3.560303],[18.010742,3.55083],[17.947949,3.551758],[17.907129,3.558398],[17.880371,3.553857],[17.806641,3.58418],[17.537695,3.661621],[17.491602,3.687305],[17.437988,3.684619],[17.298438,3.617188],[17.224707,3.598437],[17.002539,3.556689],[16.764355,3.536279],[16.67334,3.535205],[16.610742,3.505371],[16.57041,3.463086],[16.543066,3.369531],[16.496289,3.208838],[16.476758,3.165137],[16.480078,3.100977],[16.466211,2.993213],[16.45957,2.896533],[16.468555,2.831738],[16.40127,2.701025],[16.319629,2.542773],[16.251758,2.406787],[16.183398,2.270068],[16.136133,2.36377],[16.106738,2.473486],[16.095508,2.599219],[16.101855,2.632666],[16.083496,2.67002],[16.082129,2.678174],[16.059277,2.772998],[16.082422,2.839111],[16.063477,2.908594],[16.008203,2.97666],[15.958008,3.028711],[15.928711,3.075781],[15.904883,3.09585],[15.849316,3.103076],[15.775,3.127197],[15.676563,3.229687],[15.580859,3.329297],[15.458398,3.456836],[15.360156,3.567139],[15.239844,3.702148],[15.128711,3.826904],[15.062109,3.947217],[15.034863,4.016357],[15.067383,4.022949],[15.11543,4.024463],[15.13584,4.036914],[15.136914,4.069141],[15.0875,4.163965],[15.063574,4.284863],[15.022754,4.358545],[14.893555,4.471875],[14.77041,4.558105],[14.73125,4.602393],[14.708984,4.665576],[14.661719,5.065527],[14.640625,5.179053],[14.601758,5.228809],[14.573535,5.251709],[14.562988,5.279932],[14.568066,5.351074],[14.584375,5.414746],[14.583594,5.439648],[14.616895,5.495508],[14.616895,5.865137],[14.598828,5.883984],[14.577246,5.916016],[14.54248,5.913574],[14.503125,5.916895],[14.463867,5.970703],[14.431152,6.038721],[14.440723,6.086719],[14.475,6.126807],[14.512109,6.161914],[14.559375,6.191211],[14.699512,6.250244],[14.739258,6.279785],[14.764063,6.316357],[14.780371,6.365723],[14.861914,6.555713],[14.982715,6.745312],[15.03457,6.784424],[15.086328,6.909912],[15.157129,7.063574],[15.18584,7.134912],[15.206738,7.206152],[15.245898,7.263574],[15.379102,7.358154],[15.480078,7.523779],[15.589258,7.515039],[15.70127,7.488428],[15.84502,7.475293],[15.957617,7.507568],[16.030664,7.572119],[16.191113,7.623437],[16.378906,7.683545],[16.404395,7.772363],[16.459375,7.818994],[16.523242,7.859961],[16.545313,7.865479],[16.550195,7.835889],[16.588965,7.743359],[16.668359,7.651758],[16.784766,7.550977],[16.818164,7.557324],[16.890332,7.633691],[17.071973,7.680811],[17.117969,7.701904],[17.246973,7.812988],[17.402148,7.88457],[17.436426,7.890918],[17.492676,7.909814],[17.649414,7.983594],[17.76084,7.973828],[17.940137,7.985449],[18.238867,8.020361],[18.455078,8.032031],[18.56416,8.045898],[18.591602,8.060791],[18.633594,8.167725],[18.666211,8.197705],[18.747461,8.243799],[18.906445,8.405078],[19.01084,8.541211],[19.039844,8.586914],[19.042383,8.590283],[19.063867,8.598828],[19.108691,8.656152],[19.06416,8.71543],[18.886035,8.836035],[18.888574,8.85249],[18.87832,8.873193],[18.888281,8.889746],[18.95625,8.938867],[19.047852,8.99502],[19.145508,9.015967],[19.400293,9.011621],[19.61748,9.023584],[19.668359,9.020898],[19.837695,9.049365],[19.953516,9.075146],[20.072656,9.133203],[20.34209,9.1271],[20.566895,9.274951],[20.631445,9.301367],[20.659668,9.324512],[20.668164,9.347119],[20.773242,9.405664],[20.891016,9.527148],[20.98418,9.636279],[21.009473,9.713232],[21.263867,9.974609],[21.352441,9.969141],[21.395996,10.001367],[21.496875,10.175684],[21.528027,10.207812],[21.575781,10.218555],[21.632715,10.238281],[21.682715,10.289844],[21.725781,10.366553],[21.726172,10.461621],[21.706543,10.537891],[21.706543,10.574805],[21.730664,10.608691],[21.771484,10.642822],[21.964844,10.73667],[22.01377,10.782031],[22.043164,10.822705],[22.097168,10.830078],[22.15625,10.826074],[22.193652,10.851367],[22.235938,10.894141],[22.369824,10.951514],[22.493848,10.99624],[22.624023,10.977344],[22.730176,10.954053],[22.817383,10.927197],[22.860059,10.919678]]]]}},{"type":"Feature","properties":{"cartodb_id":212,"name":"Chad","mapcolor":6},"geometry":{"type":"MultiPolygon","coordinates":[[[[23.980273,19.496631],[23.980664,19.050586],[23.981055,18.604541],[23.981445,18.158496],[23.981836,17.712402],[23.982227,17.266357],[23.98252,16.820264],[23.98291,16.374219],[23.983301,15.928125],[23.983398,15.780176],[23.970801,15.721533],[23.965234,15.713428],[23.945996,15.703516],[23.708203,15.744971],[23.604004,15.745996],[23.458008,15.713965],[23.243457,15.697217],[23.105176,15.702539],[23.00918,15.62583],[22.933887,15.533105],[22.969531,15.311328],[22.961328,15.238135],[22.932324,15.162109],[22.867188,15.096631],[22.802148,15.044434],[22.763281,14.998682],[22.714941,14.898389],[22.679199,14.851465],[22.682422,14.788623],[22.670898,14.722461],[22.631836,14.688086],[22.532031,14.662744],[22.467773,14.63335],[22.416211,14.585205],[22.381543,14.550488],[22.399707,14.504199],[22.425,14.441211],[22.439355,14.342139],[22.449316,14.284229],[22.49834,14.237061],[22.528223,14.203223],[22.538574,14.161865],[22.509961,14.127441],[22.388184,14.055518],[22.339355,14.028857],[22.283496,13.992334],[22.262109,13.978711],[22.173145,13.910596],[22.128223,13.850146],[22.106445,13.799805],[22.107617,13.730322],[22.15293,13.626416],[22.202344,13.538086],[22.221387,13.471631],[22.232617,13.398779],[22.228125,13.32959],[22.202637,13.269336],[22.158008,13.215039],[21.990234,13.113086],[21.907715,13.000977],[21.841797,12.864746],[21.825293,12.790527],[21.843359,12.741211],[21.878125,12.699365],[21.928125,12.678125],[22.000684,12.671875],[22.121191,12.69458],[22.233398,12.709473],[22.352344,12.660449],[22.414453,12.546387],[22.390234,12.462988],[22.435254,12.311914],[22.475488,12.129248],[22.472461,12.067773],[22.489844,12.044727],[22.564355,12.032959],[22.580957,11.990137],[22.556348,11.669531],[22.591113,11.579883],[22.641016,11.515918],[22.697363,11.482666],[22.754004,11.439844],[22.783398,11.409961],[22.849023,11.403271],[22.922656,11.344873],[22.942773,11.267187],[22.937695,11.192041],[22.894824,11.029004],[22.860059,10.919678],[22.817383,10.927197],[22.730176,10.954053],[22.624023,10.977344],[22.493848,10.99624],[22.369824,10.951514],[22.235938,10.894141],[22.193652,10.851367],[22.15625,10.826074],[22.097168,10.830078],[22.043164,10.822705],[22.01377,10.782031],[21.964844,10.73667],[21.771484,10.642822],[21.730664,10.608691],[21.706543,10.574805],[21.706543,10.537891],[21.726172,10.461621],[21.725781,10.366553],[21.682715,10.289844],[21.632715,10.238281],[21.575781,10.218555],[21.528027,10.207812],[21.496875,10.175684],[21.395996,10.001367],[21.352441,9.969141],[21.263867,9.974609],[21.009473,9.713232],[20.98418,9.636279],[20.891016,9.527148],[20.773242,9.405664],[20.668164,9.347119],[20.659668,9.324512],[20.631445,9.301367],[20.566895,9.274951],[20.34209,9.1271],[20.072656,9.133203],[19.953516,9.075146],[19.837695,9.049365],[19.668359,9.020898],[19.61748,9.023584],[19.400293,9.011621],[19.145508,9.015967],[19.047852,8.99502],[18.95625,8.938867],[18.888281,8.889746],[18.87832,8.873193],[18.888574,8.85249],[18.886035,8.836035],[19.06416,8.71543],[19.108691,8.656152],[19.063867,8.598828],[19.042383,8.590283],[19.039844,8.586914],[19.01084,8.541211],[18.906445,8.405078],[18.747461,8.243799],[18.666211,8.197705],[18.633594,8.167725],[18.591602,8.060791],[18.56416,8.045898],[18.455078,8.032031],[18.238867,8.020361],[17.940137,7.985449],[17.76084,7.973828],[17.649414,7.983594],[17.492676,7.909814],[17.436426,7.890918],[17.402148,7.88457],[17.246973,7.812988],[17.117969,7.701904],[17.071973,7.680811],[16.890332,7.633691],[16.818164,7.557324],[16.784766,7.550977],[16.668359,7.651758],[16.588965,7.743359],[16.550195,7.835889],[16.545313,7.865479],[16.523242,7.859961],[16.459375,7.818994],[16.404395,7.772363],[16.378906,7.683545],[16.191113,7.623437],[16.030664,7.572119],[15.957617,7.507568],[15.84502,7.475293],[15.70127,7.488428],[15.589258,7.515039],[15.480078,7.523779],[15.532422,7.604395],[15.552637,7.664502],[15.557813,7.738037],[15.549805,7.787891],[15.484473,7.812744],[15.442969,7.851855],[15.349023,8.083838],[15.252344,8.322363],[15.116211,8.557324],[14.967969,8.707275],[14.860742,8.798633],[14.82627,8.810303],[14.771289,8.83916],[14.732813,8.865674],[14.536133,9.025244],[14.332324,9.203516],[14.280078,9.285059],[14.17793,9.406494],[14.06416,9.531738],[14.00498,9.588721],[13.977246,9.691553],[14.055957,9.784375],[14.139746,9.901807],[14.243262,9.979736],[14.377246,9.985059],[14.597949,9.953076],[14.83584,9.941699],[15.071582,9.965967],[15.132715,9.982861],[15.193164,9.981494],[15.32002,9.954297],[15.540918,9.960303],[15.654883,10.007812],[15.531934,10.088477],[15.399902,10.216895],[15.276074,10.357373],[15.200977,10.484521],[15.132227,10.648486],[15.068652,10.851074],[15.029883,11.113672],[15.035742,11.2625],[15.055469,11.368555],[15.121973,11.54126],[15.078027,11.642578],[15.087695,11.724365],[15.08125,11.845508],[15.059863,11.907129],[14.973828,12.10835],[14.956738,12.130371],[14.880664,12.269385],[14.84707,12.5021],[14.76123,12.655615],[14.623242,12.729932],[14.544727,12.820215],[14.516211,12.979736],[14.461719,13.021777],[14.244824,13.077344],[14.063965,13.078516],[13.932324,13.258496],[13.763477,13.489551],[13.606348,13.70459],[13.505762,14.134424],[13.448242,14.380664],[13.513672,14.455518],[13.642383,14.630762],[13.807129,14.966113],[14.178223,15.484766],[14.367969,15.750146],[14.74668,16.146631],[15.212109,16.633887],[15.474316,16.908398],[15.516699,17.408496],[15.561523,17.937256],[15.595508,18.337061],[15.637598,18.81084],[15.672949,19.206787],[15.698633,19.495215],[15.735059,19.904053],[15.766211,19.982568],[15.948828,20.303174],[15.963184,20.346191],[15.929297,20.399854],[15.668457,20.672363],[15.587109,20.733301],[15.540332,20.874902],[15.607324,20.954395],[15.293652,21.411523],[15.21582,21.467432],[15.181836,21.523389],[15.177832,21.605811],[15.172266,21.92207],[15.088965,22.418359],[14.979004,22.996191],[15.347461,23.160693],[15.627148,23.285742],[15.984082,23.445215],[16.315039,23.281836],[16.794141,23.045264],[17.273242,22.808691],[17.752246,22.572119],[18.231348,22.335547],[18.710449,22.098975],[19.189453,21.862402],[19.668555,21.62583],[20.147656,21.389258],[20.626758,21.152637],[21.105859,20.916113],[21.584961,20.679492],[22.064063,20.44292],[22.543066,20.206348],[23.022168,19.969775],[23.50127,19.733203],[23.980273,19.496631]]]]}},{"type":"Feature","properties":{"cartodb_id":46,"name":"Republic of the Congo","mapcolor":2},"geometry":{"type":"MultiPolygon","coordinates":[[[[18.610352,3.478418],[18.622168,3.304053],[18.54707,3.087012],[18.490918,2.924414],[18.343457,2.65542],[18.211621,2.414941],[18.072168,2.013281],[18.072852,1.719385],[18.057813,1.534863],[18.011719,1.422119],[17.902441,1.118066],[17.885742,0.856885],[17.925195,0.537305],[17.887695,0.234131],[17.773145,-0.052393],[17.724121,-0.277539],[17.752832,-0.549023],[17.542871,-0.775],[17.278809,-0.999609],[17.107617,-1.064453],[16.974707,-1.139941],[16.879883,-1.225879],[16.849121,-1.272461],[16.780078,-1.376367],[16.622461,-1.698926],[16.540723,-1.840137],[16.433594,-1.96084],[16.273926,-2.108203],[16.215332,-2.177832],[16.191602,-2.279102],[16.201855,-2.464746],[16.217383,-3.030273],[16.190625,-3.194434],[16.146777,-3.46416],[15.990039,-3.766211],[15.872461,-3.934277],[15.75459,-3.985547],[15.600098,-4.030957],[15.525977,-4.087988],[15.480957,-4.171777],[15.394629,-4.244922],[15.267188,-4.307617],[15.10625,-4.461035],[14.912109,-4.705566],[14.779297,-4.845703],[14.70791,-4.881738],[14.633984,-4.885059],[14.557617,-4.855762],[14.493945,-4.85166],[14.461621,-4.864941],[14.440918,-4.854102],[14.410742,-4.83125],[14.411914,-4.775],[14.40293,-4.681641],[14.36543,-4.585547],[14.409961,-4.508105],[14.449805,-4.449512],[14.442773,-4.419043],[14.40293,-4.369727],[14.358301,-4.299414],[14.316211,-4.304102],[14.227051,-4.358105],[14.133887,-4.4],[14.046875,-4.41748],[13.978418,-4.46123],[13.940918,-4.484668],[13.882324,-4.484668],[13.849512,-4.458887],[13.778027,-4.433887],[13.739063,-4.44248],[13.71709,-4.454492],[13.707617,-4.543262],[13.699414,-4.618359],[13.685352,-4.688672],[13.65957,-4.721484],[13.55166,-4.756738],[13.478418,-4.80498],[13.414941,-4.837402],[13.375781,-4.829395],[13.297266,-4.765234],[13.219629,-4.705859],[13.176465,-4.655859],[13.152344,-4.620313],[13.136621,-4.604297],[13.087402,-4.601953],[13.072754,-4.634766],[13.048047,-4.619238],[12.971387,-4.551758],[12.881055,-4.445117],[12.848145,-4.428906],[12.798242,-4.430566],[12.719434,-4.469727],[12.641699,-4.531152],[12.501465,-4.5875],[12.38457,-4.619141],[12.374023,-4.657715],[12.34668,-4.724121],[12.30791,-4.765527],[12.204297,-4.778613],[12.16709,-4.837695],[12.077539,-4.952148],[12.018359,-5.004297],[12.002734,-4.982031],[11.966797,-4.954395],[11.893262,-4.865723],[11.820703,-4.755469],[11.80127,-4.705176],[11.780859,-4.676563],[11.777539,-4.56582],[11.668066,-4.434277],[11.393848,-4.200293],[11.364453,-4.130566],[11.130176,-3.916309],[11.190039,-3.762012],[11.234473,-3.69082],[11.288281,-3.641113],[11.504297,-3.520313],[11.536816,-3.525],[11.685742,-3.682031],[11.733398,-3.694531],[11.786426,-3.690234],[11.849121,-3.69668],[11.879883,-3.665918],[11.884766,-3.625391],[11.839453,-3.580078],[11.83291,-3.531445],[11.864746,-3.478613],[11.882812,-3.420215],[11.929297,-3.350977],[11.93418,-3.318555],[11.885059,-3.283203],[11.784375,-3.229102],[11.71543,-3.176953],[11.689063,-3.126953],[11.708008,-3.063086],[11.763477,-3.01123],[11.760156,-2.983105],[11.711328,-2.936523],[11.675684,-2.886621],[11.639063,-2.855371],[11.537793,-2.836719],[11.557129,-2.769629],[11.594531,-2.670996],[11.603418,-2.59541],[11.575195,-2.39707],[11.577734,-2.360938],[11.605469,-2.342578],[11.665918,-2.364551],[11.726758,-2.394727],[11.892383,-2.351465],[11.950293,-2.344824],[11.998242,-2.382812],[12.064453,-2.412598],[12.446387,-2.32998],[12.453809,-2.245605],[12.475684,-2.169238],[12.478516,-2.112012],[12.462598,-2.075293],[12.44375,-2.047559],[12.432422,-1.990332],[12.432129,-1.928906],[12.468652,-1.9],[12.59043,-1.826855],[12.628418,-1.82959],[12.713672,-1.869434],[12.793555,-1.931836],[12.864453,-2.063281],[12.913574,-2.17627],[12.991992,-2.313379],[13.158594,-2.369141],[13.357324,-2.404785],[13.464941,-2.39541],[13.618555,-2.278613],[13.705566,-2.1875],[13.733789,-2.138477],[13.784375,-2.16377],[13.841602,-2.283691],[13.878516,-2.330176],[13.887695,-2.374512],[13.861816,-2.429883],[13.886914,-2.46543],[13.993848,-2.490625],[14.087402,-2.466895],[14.129785,-2.417969],[14.199805,-2.354199],[14.200391,-2.300586],[14.162891,-2.265527],[14.162891,-2.217578],[14.201758,-2.179883],[14.239648,-2.076758],[14.251465,-2.001465],[14.288379,-1.953516],[14.358594,-1.920215],[14.383984,-1.890039],[14.423242,-1.711523],[14.40293,-1.646973],[14.40293,-1.593359],[14.447266,-1.525098],[14.455566,-1.413184],[14.436914,-1.229785],[14.424023,-1.103906],[14.410645,-0.97207],[14.444922,-0.798828],[14.480566,-0.618359],[14.474121,-0.573438],[14.424707,-0.518652],[14.36377,-0.468555],[14.206738,-0.427344],[14.14834,-0.361914],[14.102832,-0.292383],[14.069434,-0.270117],[13.898047,-0.242578],[13.860059,-0.20332],[13.875488,-0.09082],[13.890625,0.075293],[13.88457,0.19082],[13.915137,0.283984],[13.949609,0.353809],[14.025293,0.427734],[14.065527,0.51499],[14.0875,0.536572],[14.230957,0.551123],[14.283105,0.587451],[14.324219,0.624219],[14.341504,0.673828],[14.390625,0.755713],[14.434473,0.811475],[14.43916,0.849121],[14.429883,0.901465],[14.386426,1.004443],[14.334473,1.090234],[14.303027,1.12085],[14.239746,1.322559],[14.180859,1.370215],[14.066211,1.395898],[13.851367,1.41875],[13.721191,1.382275],[13.52334,1.3146],[13.372363,1.267773],[13.274121,1.241016],[13.216309,1.248437],[13.190137,1.279248],[13.22832,1.30542],[13.247363,1.366699],[13.222754,1.45459],[13.18457,1.535059],[13.162695,1.648096],[13.172168,1.788574],[13.209473,1.92041],[13.288672,2.091699],[13.293555,2.161572],[13.533496,2.159521],[13.772754,2.157422],[14.034375,2.158887],[14.287012,2.160352],[14.484082,2.154736],[14.578906,2.199121],[14.669141,2.13208],[14.713281,2.117139],[14.72832,2.122412],[14.762891,2.075195],[14.875,2.080469],[14.892773,2.069336],[14.902441,2.012305],[15.006445,2.01377],[15.057813,2.000879],[15.099609,2.002344],[15.160059,2.035596],[15.203516,2.024463],[15.282422,1.981738],[15.33877,1.944727],[15.41748,1.956738],[15.600293,1.950391],[15.741602,1.91499],[15.881641,1.816602],[15.975195,1.76001],[16.059375,1.676221],[16.090332,1.69126],[16.119531,1.714111],[16.136133,1.724219],[16.134961,1.795947],[16.087891,1.918066],[16.069629,2.02168],[16.080078,2.106787],[16.115723,2.167822],[16.176563,2.204785],[16.182617,2.262451],[16.183398,2.270068],[16.251758,2.406787],[16.319629,2.542773],[16.40127,2.701025],[16.468555,2.831738],[16.45957,2.896533],[16.466211,2.993213],[16.480078,3.100977],[16.476758,3.165137],[16.496289,3.208838],[16.543066,3.369531],[16.57041,3.463086],[16.610742,3.505371],[16.67334,3.535205],[16.764355,3.536279],[17.002539,3.556689],[17.224707,3.598437],[17.298438,3.617188],[17.437988,3.684619],[17.491602,3.687305],[17.537695,3.661621],[17.806641,3.58418],[17.880371,3.553857],[17.907129,3.558398],[17.947949,3.551758],[18.010742,3.55083],[18.072266,3.560303],[18.111328,3.551074],[18.160938,3.499805],[18.193945,3.50542],[18.237109,3.542676],[18.318164,3.580811],[18.474414,3.622998],[18.499805,3.604102],[18.553809,3.510205],[18.610352,3.478418]]]]}},{"type":"Feature","properties":{"cartodb_id":45,"name":"Democratic Republic of the Congo","mapcolor":4},"geometry":{"type":"MultiPolygon","coordinates":[[[[27.40332,5.10918],[27.439258,5.039209],[27.491016,4.967578],[27.66416,4.845996],[27.719238,4.77832],[27.761426,4.703223],[27.788086,4.644678],[27.841602,4.597754],[27.916602,4.56792],[27.980664,4.53208],[28.019824,4.479395],[28.078613,4.424805],[28.19209,4.350244],[28.247266,4.348535],[28.311035,4.338037],[28.367188,4.318652],[28.427539,4.32417],[28.524805,4.372852],[28.639551,4.454492],[28.727051,4.50498],[28.939355,4.487061],[29.057422,4.445947],[29.151465,4.388184],[29.224902,4.391895],[29.384863,4.498389],[29.469629,4.611816],[29.552051,4.636035],[29.676855,4.586914],[29.779883,4.480957],[29.870215,4.327148],[29.933984,4.268506],[30.021387,4.177637],[30.194922,3.981934],[30.420703,3.883887],[30.508301,3.835693],[30.536914,3.787207],[30.553516,3.722949],[30.559375,3.652783],[30.586719,3.624219],[30.647656,3.634131],[30.699902,3.644092],[30.757227,3.624219],[30.796973,3.573145],[30.816895,3.53335],[30.838574,3.490723],[30.895313,3.463672],[30.906445,3.408936],[30.867578,3.342139],[30.827832,3.282617],[30.779297,3.163379],[30.754004,3.041797],[30.786523,3.001367],[30.821387,2.967578],[30.839941,2.933496],[30.850781,2.893652],[30.84668,2.847021],[30.769531,2.677979],[30.729883,2.530273],[30.728613,2.455371],[30.830078,2.400439],[30.961914,2.403271],[31.003613,2.369385],[31.045313,2.315527],[31.082129,2.288086],[31.137598,2.288867],[31.176367,2.270068],[31.191406,2.232275],[31.236328,2.191357],[31.274023,2.146289],[31.256055,2.088477],[31.252734,2.04458],[31.158789,1.922021],[30.942578,1.682812],[30.478125,1.239062],[30.477832,1.238818],[30.321094,1.185303],[30.240137,1.102783],[30.18291,0.973486],[30.047363,0.863525],[29.942871,0.819238],[29.931641,0.792871],[29.923828,0.673926],[29.934473,0.499023],[29.885449,0.418945],[29.814648,0.263623],[29.777832,0.166357],[29.749707,0.147217],[29.717676,0.09834],[29.697852,-0.060205],[29.684375,-0.113574],[29.633203,-0.441699],[29.647852,-0.535254],[29.608203,-0.691309],[29.606445,-0.783105],[29.590039,-0.887109],[29.561914,-0.977344],[29.564063,-1.121387],[29.57998,-1.356738],[29.576953,-1.387891],[29.537793,-1.409766],[29.467969,-1.468066],[29.401953,-1.507422],[29.35166,-1.517578],[29.268164,-1.621582],[29.196582,-1.719922],[29.143262,-1.816016],[29.129395,-1.860254],[29.140625,-1.98457],[29.148047,-2.131836],[29.131543,-2.195117],[29.106445,-2.233203],[28.989551,-2.312793],[28.912695,-2.370313],[28.876367,-2.400293],[28.857617,-2.44668],[28.891406,-2.555566],[28.893945,-2.635059],[28.921777,-2.682031],[29.014355,-2.720215],[29.01416,-2.758301],[29.016602,-2.799609],[29.064746,-2.850781],[29.153223,-2.955273],[29.224414,-3.053516],[29.226074,-3.138672],[29.212305,-3.28125],[29.210059,-3.363281],[29.217188,-3.475684],[29.216797,-3.684961],[29.211816,-3.833789],[29.223242,-3.91084],[29.331348,-4.09541],[29.379199,-4.299707],[29.403223,-4.449316],[29.404199,-4.49668],[29.367578,-4.668848],[29.325684,-4.835645],[29.323438,-4.898828],[29.342773,-4.983105],[29.420117,-5.176172],[29.476465,-5.316602],[29.503711,-5.400977],[29.542383,-5.499805],[29.594141,-5.650781],[29.607031,-5.722656],[29.596387,-5.775977],[29.49082,-5.96543],[29.480078,-6.025],[29.50625,-6.17207],[29.54082,-6.313867],[29.590625,-6.394434],[29.709668,-6.616895],[29.798145,-6.691895],[29.961816,-6.803125],[30.10625,-6.915039],[30.161816,-6.973047],[30.212695,-7.037891],[30.313184,-7.203711],[30.374512,-7.338672],[30.406738,-7.460645],[30.485645,-7.627148],[30.558887,-7.781934],[30.653809,-7.970898],[30.720898,-8.104395],[30.751172,-8.193652],[30.57793,-8.22002],[30.327539,-8.258203],[30.051367,-8.300293],[29.766211,-8.34375],[29.483789,-8.386914],[29.215625,-8.427832],[28.972266,-8.464941],[28.898145,-8.485449],[28.934473,-8.590234],[28.917773,-8.700586],[28.869531,-8.78584],[28.793555,-8.891016],[28.758789,-8.932617],[28.68125,-9.014648],[28.616504,-9.072266],[28.484277,-9.169434],[28.400684,-9.224805],[28.400195,-9.275],[28.540527,-9.510059],[28.604199,-9.678809],[28.630078,-9.83125],[28.628906,-9.91875],[28.623535,-10.098828],[28.617188,-10.312988],[28.607422,-10.397363],[28.645508,-10.550195],[28.638867,-10.669238],[28.544238,-10.802344],[28.517969,-10.933203],[28.470313,-11.10957],[28.404199,-11.354395],[28.357227,-11.483008],[28.383398,-11.566699],[28.407031,-11.622852],[28.431836,-11.69834],[28.48252,-11.812109],[28.541602,-11.879199],[28.574609,-11.908105],[28.769434,-12.05127],[28.85,-12.120508],[28.973438,-12.257812],[29.064355,-12.348828],[29.191211,-12.370215],[29.34375,-12.404785],[29.427539,-12.43125],[29.485547,-12.418457],[29.504883,-12.386133],[29.502246,-12.317578],[29.491992,-12.266895],[29.508203,-12.228223],[29.559766,-12.202441],[29.691992,-12.19834],[29.749609,-12.164062],[29.795117,-12.155469],[29.795313,-12.306152],[29.795508,-12.450586],[29.795605,-12.625879],[29.795801,-12.827051],[29.796094,-12.99209],[29.796289,-13.16748],[29.796484,-13.369727],[29.795313,-13.392773],[29.775195,-13.438086],[29.722656,-13.453809],[29.651758,-13.414355],[29.647656,-13.372949],[29.630273,-13.298535],[29.597168,-13.260547],[29.554199,-13.248926],[29.481445,-13.267969],[29.381836,-13.322852],[29.253711,-13.370801],[29.201855,-13.39834],[29.111621,-13.395117],[29.014258,-13.368848],[28.942285,-13.307129],[28.92168,-13.214648],[28.858789,-13.119434],[28.773145,-12.981934],[28.730078,-12.925488],[28.672949,-12.861328],[28.61543,-12.854102],[28.550879,-12.836133],[28.51123,-12.742188],[28.474414,-12.62334],[28.451465,-12.577441],[28.412891,-12.518066],[28.357715,-12.482031],[28.237305,-12.43457],[28.068848,-12.368164],[27.857422,-12.284863],[27.756836,-12.280859],[27.644336,-12.266797],[27.573828,-12.227051],[27.533398,-12.195312],[27.487012,-12.079688],[27.423633,-11.944531],[27.238086,-11.783496],[27.196387,-11.605078],[27.15918,-11.579199],[27.09541,-11.59375],[27.046094,-11.615918],[27.02666,-11.66377],[26.976855,-11.824609],[26.949609,-11.898828],[26.930859,-11.919336],[26.89043,-11.943555],[26.824023,-11.965234],[26.729688,-11.975977],[26.596387,-11.97207],[26.429688,-11.947852],[26.339648,-11.929883],[26.096387,-11.903223],[26.025977,-11.890137],[25.926563,-11.855273],[25.854883,-11.820117],[25.618848,-11.744141],[25.511914,-11.753418],[25.459961,-11.699805],[25.413379,-11.673535],[25.349414,-11.623047],[25.320703,-11.553516],[25.282617,-11.40498],[25.291797,-11.325488],[25.319336,-11.236914],[25.28877,-11.212402],[25.245996,-11.212402],[25.184863,-11.242969],[25.075977,-11.260059],[24.876855,-11.299121],[24.806348,-11.321191],[24.728125,-11.337793],[24.668262,-11.35293],[24.518555,-11.438477],[24.466602,-11.447656],[24.37793,-11.41709],[24.335156,-11.371289],[24.37793,-11.319336],[24.396289,-11.255176],[24.365723,-11.129883],[24.319922,-11.071777],[24.187207,-11.02998],[24.136523,-11.025977],[24.115137,-10.955664],[24.078418,-10.891504],[24.002734,-10.879102],[23.966504,-10.871777],[23.928711,-10.891504],[23.907324,-10.943457],[23.901172,-10.983203],[23.833887,-11.013672],[23.696387,-11.007617],[23.559961,-10.978613],[23.463965,-10.969336],[23.400195,-10.976465],[23.156738,-11.074805],[23.07627,-11.087891],[22.814746,-11.080273],[22.666504,-11.059766],[22.561035,-11.055859],[22.486133,-11.086719],[22.392969,-11.159473],[22.314941,-11.198633],[22.278809,-11.194141],[22.256641,-11.163672],[22.226172,-11.121973],[22.216699,-11.012695],[22.17793,-10.892285],[22.203516,-10.829492],[22.280469,-10.783984],[22.307031,-10.691309],[22.283203,-10.551563],[22.281641,-10.45332],[22.302441,-10.39668],[22.274512,-10.259082],[22.197754,-10.040625],[22.08916,-9.862793],[21.948633,-9.725586],[21.856641,-9.594238],[21.813184,-9.46875],[21.829492,-9.168457],[21.871875,-8.903516],[21.905371,-8.693359],[21.895898,-8.341113],[21.800879,-8.111914],[21.780078,-7.86543],[21.833594,-7.60166],[21.841602,-7.420996],[21.806055,-7.328613],[21.781641,-7.314648],[21.751074,-7.305469],[21.51084,-7.29668],[21.190332,-7.284961],[20.910938,-7.281445],[20.607813,-7.277734],[20.558398,-7.244434],[20.53584,-7.182813],[20.536914,-7.121777],[20.59873,-6.935156],[20.590039,-6.919922],[20.482227,-6.91582],[20.190039,-6.946289],[19.997461,-6.976465],[19.875195,-6.986328],[19.660352,-7.037109],[19.527637,-7.144434],[19.483789,-7.279492],[19.487402,-7.390723],[19.479883,-7.472168],[19.419336,-7.557324],[19.37168,-7.655078],[19.369922,-7.706543],[19.34082,-7.966602],[19.142676,-8.001465],[18.944434,-8.001465],[18.89834,-7.998145],[18.653418,-7.936035],[18.562695,-7.935938],[18.484668,-7.968555],[18.334863,-8.000293],[18.191504,-8.023828],[18.047168,-8.100781],[18.008789,-8.107617],[17.913086,-8.067676],[17.778809,-8.071387],[17.643359,-8.090723],[17.57959,-8.099023],[17.536035,-8.075879],[17.411328,-7.881934],[17.24502,-7.62334],[17.155078,-7.461328],[17.121582,-7.419043],[17.06377,-7.363086],[16.984766,-7.257422],[16.952051,-7.157031],[16.96582,-7.062109],[16.919434,-6.933984],[16.813086,-6.772559],[16.742969,-6.618457],[16.709375,-6.47168],[16.700977,-6.345996],[16.717773,-6.241406],[16.697266,-6.164258],[16.639551,-6.114551],[16.608008,-6.051563],[16.585156,-6.025293],[16.537109,-5.96582],[16.431445,-5.900195],[16.315234,-5.865625],[16.060156,-5.864941],[15.726953,-5.863867],[15.425,-5.868848],[15.089355,-5.874512],[14.749414,-5.880078],[14.65791,-5.888867],[14.398633,-5.892676],[14.19082,-5.875977],[14.11377,-5.865137],[13.978516,-5.857227],[13.764551,-5.855176],[13.649023,-5.861719],[13.371484,-5.861816],[13.346484,-5.863379],[13.302637,-5.881836],[13.184375,-5.85625],[13.068164,-5.864844],[13.00332,-5.836133],[12.86084,-5.854102],[12.791602,-5.877734],[12.680664,-5.96084],[12.514551,-6.004199],[12.45293,-6.000488],[12.411719,-5.986328],[12.315039,-5.895313],[12.24043,-5.807324],[12.213672,-5.758691],[12.255273,-5.746484],[12.386035,-5.727734],[12.48457,-5.71875],[12.503711,-5.695801],[12.518945,-5.424609],[12.522363,-5.148926],[12.487402,-5.112695],[12.453223,-5.090625],[12.451465,-5.071484],[12.502734,-5.036914],[12.573535,-4.996582],[12.596191,-4.978418],[12.674805,-4.905371],[12.829688,-4.736621],[12.947461,-4.695312],[13.057324,-4.651074],[13.072754,-4.634766],[13.087402,-4.601953],[13.136621,-4.604297],[13.152344,-4.620313],[13.176465,-4.655859],[13.219629,-4.705859],[13.297266,-4.765234],[13.375781,-4.829395],[13.414941,-4.837402],[13.478418,-4.80498],[13.55166,-4.756738],[13.65957,-4.721484],[13.685352,-4.688672],[13.699414,-4.618359],[13.707617,-4.543262],[13.71709,-4.454492],[13.739063,-4.44248],[13.778027,-4.433887],[13.849512,-4.458887],[13.882324,-4.484668],[13.940918,-4.484668],[13.978418,-4.46123],[14.046875,-4.41748],[14.133887,-4.4],[14.227051,-4.358105],[14.316211,-4.304102],[14.358301,-4.299414],[14.40293,-4.369727],[14.442773,-4.419043],[14.449805,-4.449512],[14.409961,-4.508105],[14.36543,-4.585547],[14.40293,-4.681641],[14.411914,-4.775],[14.410742,-4.83125],[14.440918,-4.854102],[14.461621,-4.864941],[14.493945,-4.85166],[14.557617,-4.855762],[14.633984,-4.885059],[14.70791,-4.881738],[14.779297,-4.845703],[14.912109,-4.705566],[15.10625,-4.461035],[15.267188,-4.307617],[15.394629,-4.244922],[15.480957,-4.171777],[15.525977,-4.087988],[15.600098,-4.030957],[15.75459,-3.985547],[15.872461,-3.934277],[15.990039,-3.766211],[16.146777,-3.46416],[16.190625,-3.194434],[16.217383,-3.030273],[16.201855,-2.464746],[16.191602,-2.279102],[16.215332,-2.177832],[16.273926,-2.108203],[16.433594,-1.96084],[16.540723,-1.840137],[16.622461,-1.698926],[16.780078,-1.376367],[16.849121,-1.272461],[16.879883,-1.225879],[16.974707,-1.139941],[17.107617,-1.064453],[17.278809,-0.999609],[17.542871,-0.775],[17.752832,-0.549023],[17.724121,-0.277539],[17.773145,-0.052393],[17.887695,0.234131],[17.925195,0.537305],[17.885742,0.856885],[17.902441,1.118066],[18.011719,1.422119],[18.057813,1.534863],[18.072852,1.719385],[18.072168,2.013281],[18.211621,2.414941],[18.343457,2.65542],[18.490918,2.924414],[18.54707,3.087012],[18.622168,3.304053],[18.610352,3.478418],[18.59668,3.678711],[18.633691,3.954297],[18.619922,4.116602],[18.56748,4.257568],[18.594141,4.34624],[18.699902,4.382617],[18.831738,4.523438],[19.068555,4.891406],[19.323438,5.070752],[19.500977,5.12749],[19.686035,5.121387],[19.806543,5.089307],[19.8625,5.031299],[20.002344,4.944727],[20.226367,4.829639],[20.393555,4.686182],[20.486523,4.541553],[20.558105,4.462695],[20.647461,4.435645],[20.792969,4.447314],[20.955762,4.413135],[21.125586,4.332178],[21.229785,4.302197],[21.268359,4.323096],[21.350195,4.311377],[21.537598,4.244824],[21.687012,4.281396],[21.908203,4.253906],[22.422168,4.134961],[22.449707,4.155127],[22.461816,4.159766],[22.505664,4.207666],[22.617187,4.445557],[22.711719,4.591748],[22.755762,4.64668],[22.864551,4.723877],[22.992871,4.743848],[23.115918,4.736914],[23.218848,4.702979],[23.312891,4.663525],[23.417188,4.663135],[23.523633,4.70127],[23.681836,4.770801],[23.848438,4.816357],[23.991699,4.86626],[24.227734,4.953857],[24.319824,4.994141],[24.437109,5.009961],[24.765527,4.930078],[24.978418,4.982959],[25.065234,4.967432],[25.249316,5.024561],[25.283105,5.062695],[25.400195,5.255908],[25.525098,5.312109],[25.713867,5.283691],[25.819922,5.253711],[26.173535,5.171143],[26.632617,5.085205],[26.767578,5.071924],[26.82207,5.062402],[26.870117,5.075684],[27.020605,5.184375],[27.071875,5.199756],[27.114941,5.197852],[27.40332,5.10918]]]]}},{"type":"Feature","properties":{"cartodb_id":59,"name":"Djibouti","mapcolor":1},"geometry":{"type":"MultiPolygon","coordinates":[[[[43.245996,11.499805],[43.159375,11.365723],[43.048633,11.194336],[42.922754,10.999316],[42.844141,10.997949],[42.783008,11.009277],[42.741211,11.042383],[42.65498,11.07832],[42.557715,11.080762],[42.465137,11.04707],[42.308105,11.005225],[42.166211,10.991602],[42.052148,10.968359],[41.957422,10.941016],[41.872168,10.955811],[41.798242,10.980469],[41.782031,11.187793],[41.764648,11.412891],[41.766504,11.589111],[41.792676,11.686035],[41.815625,11.723779],[41.949609,11.857861],[41.995898,11.912354],[42.149121,12.134131],[42.280371,12.324268],[42.378516,12.466406],[42.408594,12.494385],[42.45,12.521338],[42.479395,12.513623],[42.670117,12.376562],[42.703711,12.380322],[42.76748,12.422852],[42.825293,12.569336],[42.865918,12.622803],[42.883301,12.621289],[43.005664,12.662305],[43.116699,12.708594],[43.130859,12.660449],[43.298633,12.463867],[43.353516,12.367041],[43.409766,12.189941],[43.380273,12.09126],[43.336719,12.027002],[43.27207,11.969531],[43.048047,11.829053],[42.799023,11.739404],[42.640039,11.560107],[42.521777,11.572168],[42.539746,11.504297],[42.583789,11.496777],[42.652734,11.50957],[42.789746,11.561719],[42.911523,11.586621],[43.042773,11.588477],[43.161719,11.566016],[43.245996,11.499805]]]]}},{"type":"Feature","properties":{"cartodb_id":65,"name":"Egypt","mapcolor":4},"geometry":{"type":"MultiPolygon","coordinates":[[[[34.198145,31.322607],[34.2125,31.292285],[34.245313,31.208301],[34.328516,30.99502],[34.400977,30.827832],[34.489941,30.596289],[34.517773,30.507373],[34.529688,30.446045],[34.658594,30.191455],[34.735059,29.982031],[34.791113,29.812109],[34.869824,29.563916],[34.904297,29.477344],[34.848535,29.432129],[34.736426,29.270605],[34.617188,28.75791],[34.446484,28.357324],[34.427148,28.106494],[34.399707,28.016016],[34.318555,27.888965],[34.220117,27.764307],[34.045117,27.828857],[33.760254,28.047656],[33.594141,28.255566],[33.416113,28.389844],[33.247754,28.567725],[33.201953,28.695703],[33.203711,28.777783],[33.130176,28.978271],[33.075781,29.073047],[32.870605,29.28623],[32.811719,29.4],[32.766699,29.45],[32.721484,29.521777],[32.647168,29.798437],[32.565723,29.973975],[32.473047,29.925439],[32.489453,29.851514],[32.408594,29.749316],[32.359766,29.630664],[32.397266,29.533789],[32.565039,29.386328],[32.599023,29.321924],[32.638086,29.182178],[32.631836,28.992236],[32.658887,28.927734],[32.784473,28.786621],[32.829492,28.702881],[32.856543,28.630615],[32.898242,28.565234],[33.022852,28.442285],[33.202148,28.208301],[33.372266,28.050586],[33.494922,27.974463],[33.54707,27.898145],[33.558789,27.701221],[33.549805,27.607373],[33.657422,27.430566],[33.697266,27.341113],[33.80166,27.268164],[33.849316,27.184912],[33.893066,27.049463],[33.959082,26.649023],[34.049512,26.550732],[34.329297,26.024365],[34.565137,25.691162],[34.679297,25.442529],[34.853223,25.139795],[35.194141,24.475146],[35.39707,24.269971],[35.477832,24.154785],[35.624707,24.066016],[35.783887,23.937793],[35.632031,23.950342],[35.593848,23.942578],[35.54082,23.920654],[35.515234,23.842871],[35.504395,23.779297],[35.522754,23.442529],[35.564355,23.271094],[35.697852,22.946191],[35.797363,22.84873],[35.845801,22.785693],[35.913379,22.739648],[36.229688,22.628809],[36.414551,22.394189],[36.829688,22.097656],[36.87041,22.015771],[36.871387,21.996729],[36.543262,21.996631],[36.215234,21.996582],[35.887012,21.996533],[35.558984,21.996484],[35.230859,21.996436],[34.902734,21.996387],[34.574609,21.996338],[34.246484,21.996289],[33.918457,21.99624],[33.590332,21.996191],[33.262207,21.996143],[32.934082,21.996094],[32.606055,21.995996],[32.277832,21.995996],[31.949805,21.995898],[31.62168,21.99585],[31.434473,21.99585],[31.466406,22.084668],[31.486133,22.147803],[31.464258,22.191504],[31.400293,22.202441],[31.358496,22.188623],[31.260645,22.002295],[31.20918,21.994873],[31.092676,21.994873],[30.710645,21.994922],[30.328613,21.99502],[29.94668,21.995117],[29.564551,21.995117],[29.18252,21.995215],[28.800586,21.995264],[28.418555,21.995312],[28.036426,21.995361],[27.654492,21.995459],[27.272461,21.995508],[26.89043,21.995557],[26.508398,21.995605],[26.126367,21.995654],[25.744336,21.995752],[25.362305,21.995801],[24.980273,21.99585],[24.980273,22.22041],[24.980273,22.444971],[24.980273,22.669531],[24.980273,22.894092],[24.980273,23.118652],[24.980273,23.343213],[24.980273,23.567822],[24.980273,23.792383],[24.980273,24.016943],[24.980273,24.241504],[24.980273,24.466064],[24.980273,24.690625],[24.980273,24.915186],[24.980273,25.139746],[24.980273,25.364307],[24.980273,25.588867],[24.980273,25.813428],[24.980273,26.037988],[24.980273,26.262549],[24.980273,26.487109],[24.980273,26.71167],[24.980273,26.93623],[24.980273,27.16084],[24.980273,27.3854],[24.980273,27.609961],[24.980273,27.834521],[24.980273,28.059082],[24.980273,28.283643],[24.980273,28.508203],[24.980273,28.732764],[24.980273,28.957324],[24.980273,29.181885],[24.97168,29.223828],[24.916113,29.37627],[24.865918,29.570264],[24.81084,29.80874],[24.803711,29.886035],[24.711621,30.131543],[24.703223,30.201074],[24.726465,30.250586],[24.877539,30.45752],[24.923047,30.558008],[24.961426,30.678516],[24.973926,30.776562],[24.929492,30.926465],[24.877539,31.06123],[24.859961,31.19917],[24.852734,31.334814],[24.92998,31.42749],[25.022656,31.514014],[25.057227,31.567187],[25.112012,31.626904],[25.150488,31.65498],[25.225488,31.533789],[25.382227,31.512793],[25.893262,31.620898],[26.457324,31.512109],[26.768652,31.470361],[27.248047,31.377881],[27.540039,31.212695],[27.620117,31.191748],[27.82998,31.19502],[27.967578,31.097412],[28.514844,31.050439],[28.806934,30.942676],[28.972754,30.856738],[29.07207,30.830273],[29.159961,30.83457],[29.278906,30.866943],[29.428516,30.927441],[29.591602,31.011523],[29.929785,31.22749],[30.049414,31.26543],[30.127539,31.255664],[30.222656,31.258398],[30.262305,31.316846],[30.312305,31.357031],[30.34375,31.402734],[30.395117,31.457617],[30.570996,31.472998],[30.923535,31.566846],[30.88418,31.522363],[30.562988,31.416992],[30.700488,31.403857],[30.841406,31.439893],[31.001758,31.462793],[31.030859,31.507568],[31.051953,31.591553],[31.08291,31.60332],[31.193945,31.587598],[31.524414,31.458252],[31.606543,31.455762],[31.839258,31.526318],[31.888965,31.541406],[31.964258,31.5021],[32.136035,31.341064],[32.076074,31.344482],[31.892188,31.482471],[31.875879,31.413721],[31.771094,31.292578],[31.902051,31.240186],[32.008496,31.220508],[32.065625,31.152979],[32.101758,31.092822],[32.206543,31.119043],[32.281836,31.200879],[32.242773,31.246533],[32.216211,31.29375],[32.250586,31.294922],[32.323535,31.256055],[32.532813,31.100732],[32.60332,31.06875],[32.68457,31.074023],[32.854492,31.117725],[32.901563,31.110937],[33.129883,31.168164],[33.156738,31.126221],[33.194336,31.084521],[33.37793,31.130957],[33.666504,31.13042],[33.902539,31.180957],[34.17627,31.303906],[34.198145,31.322607]]]]}},{"type":"Feature","properties":{"cartodb_id":84,"name":"Equatorial Guinea","mapcolor":4},"geometry":{"type":"MultiPolygon","coordinates":[[[[11.334668,1.120752],[11.335352,0.999707],[11.130664,1.000391],[10.858887,1.00127],[10.587207,1.002148],[10.31543,1.003076],[10.178906,1.003564],[10.028516,1.004004],[9.979785,0.997705],[9.94668,0.967139],[9.906738,0.960107],[9.860352,0.98623],[9.803906,0.99873],[9.788672,1.025684],[9.760547,1.074707],[9.70459,1.07998],[9.676465,1.074707],[9.636133,1.04668],[9.59082,1.031982],[9.599414,1.054443],[9.509863,1.114795],[9.445312,1.120654],[9.385938,1.139258],[9.434082,1.296387],[9.494238,1.435303],[9.584277,1.540234],[9.632129,1.565527],[9.647656,1.617578],[9.718848,1.788672],[9.807031,1.92749],[9.779688,2.068213],[9.800781,2.304443],[9.826172,2.297803],[9.830371,2.275488],[9.836914,2.242383],[9.870117,2.213281],[9.979883,2.167773],[10.307031,2.167725],[10.502246,2.167627],[10.790918,2.167578],[11.096582,2.16748],[11.328711,2.167432],[11.330078,1.935889],[11.331152,1.740186],[11.332324,1.528369],[11.333594,1.307617],[11.334668,1.120752]]],[[[8.735742,3.758301],[8.760449,3.754346],[8.910059,3.758203],[8.950684,3.705322],[8.946094,3.627539],[8.792188,3.400391],[8.763477,3.304639],[8.704004,3.223633],[8.652344,3.21709],[8.474902,3.264648],[8.444922,3.293506],[8.434277,3.332422],[8.451758,3.4229],[8.464648,3.450586],[8.549805,3.467627],[8.577246,3.482373],[8.622754,3.57998],[8.637695,3.668848],[8.675879,3.735938],[8.735742,3.758301]]]]}},{"type":"Feature","properties":{"cartodb_id":66,"name":"Eritrea","mapcolor":3},"geometry":{"type":"MultiPolygon","coordinates":[[[[40.141211,15.696143],[40.18252,15.64292],[40.211426,15.648145],[40.234082,15.665869],[40.250098,15.703467],[40.408203,15.629199],[40.399023,15.579883],[40.304687,15.577344],[40.195801,15.598145],[40.095117,15.590918],[39.975195,15.612451],[39.947461,15.696143],[40.023926,15.655615],[40.063477,15.665869],[40.070508,15.676611],[40.016309,15.733252],[39.939941,15.744531],[39.945215,15.789063],[39.979395,15.806592],[40.000488,15.828271],[39.956738,15.889404],[40.042578,15.875488],[40.096777,15.838477],[40.132422,15.795264],[40.141211,15.696143]]],[[[40.076465,16.082422],[40.110059,15.985742],[40.012402,16.022656],[39.996094,16.042676],[40.039062,16.080957],[40.048145,16.104492],[40.076465,16.082422]]],[[[38.609473,18.005078],[38.911719,17.427148],[39.034473,17.085547],[39.142578,16.72915],[39.222559,16.193701],[39.298926,15.921094],[39.422266,15.78667],[39.506543,15.532129],[39.578809,15.52251],[39.63125,15.452539],[39.720801,15.213672],[39.785547,15.124854],[39.819434,15.20127],[39.815625,15.245313],[39.790332,15.318848],[39.813477,15.413574],[39.86377,15.470313],[39.97832,15.393115],[40.041016,15.334521],[40.057813,15.21709],[40.084082,15.151953],[40.204102,15.014111],[40.305273,14.974023],[40.436523,14.963965],[40.546289,14.933594],[40.634375,14.883008],[40.799316,14.743018],[41.176465,14.620313],[41.479688,14.243896],[41.658203,13.983057],[42.245117,13.587646],[42.346484,13.398096],[42.399316,13.212598],[42.522852,13.221484],[42.734473,13.018604],[42.796191,12.864258],[42.969531,12.80835],[42.999023,12.899512],[43.08291,12.824609],[43.116699,12.708594],[43.005664,12.662305],[42.883301,12.621289],[42.865918,12.622803],[42.825293,12.569336],[42.76748,12.422852],[42.703711,12.380322],[42.670117,12.376562],[42.479395,12.513623],[42.45,12.521338],[42.408594,12.494385],[42.378516,12.466406],[42.289941,12.570215],[42.225,12.661963],[42.134277,12.771436],[42.046582,12.820605],[41.952148,12.882324],[41.85957,13.025879],[41.765039,13.183936],[41.625,13.313232],[41.362891,13.499805],[41.122363,13.736133],[40.938574,13.983105],[40.820117,14.11167],[40.769531,14.144482],[40.524414,14.225195],[40.353125,14.338086],[40.221484,14.431152],[40.140625,14.456055],[40.062109,14.459131],[39.895117,14.440674],[39.756152,14.499023],[39.697949,14.499023],[39.604883,14.516064],[39.531836,14.536719],[39.446094,14.511865],[39.270117,14.470313],[39.198047,14.479395],[39.158594,14.5375],[39.135449,14.581885],[39.074219,14.628223],[39.023828,14.628223],[38.995703,14.586865],[38.812012,14.482324],[38.504395,14.424414],[38.431445,14.428613],[38.376953,14.47041],[38.221484,14.649658],[38.177051,14.678809],[38.141992,14.681494],[38.069922,14.702734],[38.002539,14.737109],[37.943457,14.810547],[37.88418,14.852295],[37.820313,14.708496],[37.708398,14.457227],[37.648438,14.322559],[37.571191,14.149072],[37.546777,14.143848],[37.507227,14.156396],[37.353711,14.372461],[37.257227,14.45376],[37.185156,14.445996],[37.132617,14.406055],[37.099414,14.333984],[37.063477,14.289258],[37.024512,14.271973],[36.940723,14.280566],[36.811914,14.315039],[36.679102,14.307568],[36.542383,14.258203],[36.524316,14.256836],[36.492285,14.544336],[36.470801,14.736475],[36.448145,14.940088],[36.426758,15.13208],[36.521777,15.250146],[36.566016,15.362109],[36.679199,15.726367],[36.724512,15.798877],[36.813477,15.993945],[36.825879,16.050293],[36.91377,16.296191],[36.905469,16.459521],[36.887793,16.624658],[36.935742,16.722363],[36.978711,16.800586],[36.975781,16.866553],[36.995215,17.020557],[37.008984,17.058887],[37.061523,17.061279],[37.169531,17.041406],[37.248828,17.056885],[37.34043,17.05708],[37.411035,17.061719],[37.45293,17.108691],[37.510156,17.288135],[37.547461,17.324121],[37.575977,17.33501],[37.656738,17.368262],[37.725977,17.420508],[37.782422,17.458008],[37.80332,17.465527],[37.862988,17.470264],[37.922559,17.492334],[37.950098,17.517676],[38.025293,17.537793],[38.098926,17.526465],[38.148535,17.548535],[38.181543,17.562842],[38.219043,17.563965],[38.253516,17.584766],[38.267285,17.616699],[38.289844,17.637012],[38.347363,17.683594],[38.37373,17.717334],[38.385547,17.75127],[38.397168,17.778369],[38.422461,17.823926],[38.522852,17.938525],[38.609473,18.005078]]]]}},{"type":"Feature","properties":{"cartodb_id":69,"name":"Ethiopia","mapcolor":4},"geometry":{"type":"MultiPolygon","coordinates":[[[[38.431445,14.428613],[38.504395,14.424414],[38.812012,14.482324],[38.995703,14.586865],[39.023828,14.628223],[39.074219,14.628223],[39.135449,14.581885],[39.158594,14.5375],[39.198047,14.479395],[39.270117,14.470312],[39.446094,14.511865],[39.531836,14.536719],[39.604883,14.516064],[39.697949,14.499023],[39.756152,14.499023],[39.895117,14.440674],[40.062109,14.459131],[40.140625,14.456055],[40.221484,14.431152],[40.353125,14.338086],[40.524414,14.225195],[40.769531,14.144482],[40.820117,14.11167],[40.938574,13.983105],[41.122363,13.736133],[41.362891,13.499805],[41.625,13.313232],[41.765039,13.183936],[41.85957,13.025879],[41.952148,12.882324],[42.046582,12.820605],[42.134277,12.771436],[42.225,12.661963],[42.289941,12.570215],[42.378516,12.466406],[42.280371,12.324268],[42.149121,12.134131],[41.995898,11.912354],[41.949609,11.857861],[41.815625,11.723779],[41.792676,11.686035],[41.766504,11.589111],[41.764648,11.412891],[41.782031,11.187793],[41.798242,10.980469],[41.872168,10.955811],[41.957422,10.941016],[42.052148,10.968359],[42.166211,10.991602],[42.308105,11.005225],[42.465137,11.04707],[42.557715,11.080762],[42.65498,11.07832],[42.741211,11.042383],[42.783008,11.009277],[42.844141,10.997949],[42.922754,10.999316],[42.906152,10.960254],[42.862891,10.903223],[42.809766,10.845996],[42.763086,10.786914],[42.65957,10.621387],[42.656445,10.6],[42.669238,10.567578],[42.725195,10.491748],[42.783691,10.369629],[42.816406,10.257373],[42.841602,10.203076],[42.9125,10.14082],[43.014746,10.012598],[43.068945,9.926221],[43.181641,9.87998],[43.218457,9.770166],[43.303125,9.609082],[43.394336,9.480273],[43.48252,9.379492],[43.581055,9.340723],[43.620508,9.337402],[43.826758,9.150781],[43.983789,9.008838],[44.022852,8.986035],[44.30625,8.893066],[44.632031,8.786084],[44.893555,8.700195],[45.226953,8.59082],[45.555469,8.483008],[45.863281,8.379883],[46.295996,8.234961],[46.644727,8.118164],[46.919531,8.026123],[46.978223,7.99707],[47.305664,7.99707],[47.637695,7.99707],[47.978223,7.99707],[47.731641,7.759326],[47.452832,7.490479],[47.159766,7.207861],[46.971191,7.026025],[46.671777,6.737256],[46.422949,6.497266],[46.166797,6.234668],[45.934961,5.997217],[45.633594,5.668262],[45.438477,5.45542],[45.132812,5.12168],[44.940527,4.912012],[44.911621,4.899902],[44.636621,4.915771],[44.369531,4.931201],[44.028125,4.950977],[43.988867,4.950537],[43.889453,4.930762],[43.829199,4.911426],[43.583496,4.85498],[43.538281,4.840332],[43.333984,4.750391],[43.125684,4.644482],[43.016016,4.56333],[42.930957,4.445312],[42.894727,4.361084],[42.856641,4.324219],[42.791602,4.291992],[42.355176,4.212256],[42.228418,4.20166],[42.024121,4.137939],[41.915332,4.031299],[41.883984,3.977734],[41.737695,3.979053],[41.481934,3.963281],[41.372461,3.946191],[41.318945,3.943066],[41.220898,3.943555],[41.14043,3.962988],[41.087207,3.991943],[41.020801,4.057471],[40.872656,4.190332],[40.765234,4.273047],[40.528711,4.177637],[40.316016,4.082715],[40.01416,3.947949],[39.842188,3.851465],[39.790332,3.754248],[39.65752,3.577832],[39.538867,3.469189],[39.494434,3.456104],[39.225488,3.47876],[39.12832,3.500879],[38.967773,3.520605],[38.752734,3.558984],[38.608008,3.600098],[38.451563,3.604834],[38.225293,3.618994],[38.086133,3.648828],[37.944922,3.746729],[37.762891,3.864648],[37.575488,3.985937],[37.38252,4.11084],[37.15459,4.254541],[36.905566,4.411475],[36.848242,4.427344],[36.823633,4.430127],[36.553027,4.437256],[36.271875,4.444727],[36.081934,4.449707],[36.021973,4.468115],[35.978711,4.503809],[35.919824,4.619824],[35.845605,4.702637],[35.763086,4.808008],[35.756152,4.950488],[35.779297,5.105566],[35.800293,5.156934],[35.788477,5.208105],[35.791406,5.278564],[35.74502,5.343994],[35.468652,5.419092],[35.424023,5.413281],[35.37793,5.385156],[35.325293,5.364893],[35.287598,5.384082],[35.264648,5.412061],[35.263867,5.45791],[35.268359,5.492285],[35.252441,5.511035],[35.164453,5.581201],[35.081934,5.673145],[35.031934,5.774902],[34.983594,5.858301],[34.958984,6.045068],[34.897852,6.159814],[34.838086,6.300146],[34.749219,6.567871],[34.710645,6.660303],[34.63877,6.722168],[34.562793,6.779834],[34.484375,6.898389],[34.279297,7.002832],[34.200391,7.08457],[34.064258,7.225732],[34.030176,7.296973],[34.02041,7.367969],[33.97793,7.43457],[33.902441,7.509521],[33.666113,7.670996],[33.600977,7.69043],[33.516309,7.707764],[33.392285,7.72373],[33.225977,7.760645],[33.080762,7.82373],[33.014648,7.868555],[32.998926,7.899512],[33.012598,7.951514],[33.065234,8.040479],[33.165234,8.251074],[33.234277,8.396387],[33.281055,8.437256],[33.409375,8.447754],[33.545313,8.443408],[33.644824,8.432568],[33.785059,8.431104],[33.95332,8.443506],[34.019727,8.49209],[34.072754,8.545264],[34.094531,8.582227],[34.101758,8.676367],[34.101562,8.751855],[34.091016,9.04126],[34.08457,9.218506],[34.077148,9.420996],[34.078125,9.461523],[34.079297,9.513477],[34.120313,9.729687],[34.159082,9.853418],[34.185254,9.918555],[34.291504,10.124756],[34.31123,10.190869],[34.314844,10.251562],[34.275684,10.528125],[34.343945,10.658643],[34.431445,10.787842],[34.508008,10.842871],[34.571875,10.880176],[34.601758,10.864551],[34.675,10.804932],[34.771289,10.746191],[34.816211,10.75918],[34.882324,10.810547],[34.931445,10.864795],[34.924902,10.962109],[34.969141,11.161768],[34.960742,11.276758],[35.00791,11.419873],[35.059668,11.621045],[35.082715,11.748291],[35.112305,11.816553],[35.252441,11.957031],[35.372754,12.155566],[35.449609,12.300586],[35.596094,12.537305],[35.670215,12.62373],[35.730566,12.661035],[35.820605,12.684863],[35.987598,12.706299],[36.10752,12.726465],[36.125195,12.757031],[36.135352,12.805322],[36.137109,12.911133],[36.160156,13.093311],[36.212207,13.271094],[36.273535,13.405762],[36.306836,13.466846],[36.346289,13.52627],[36.390625,13.626074],[36.44707,13.842041],[36.443945,13.988428],[36.524316,14.256836],[36.542383,14.258203],[36.679102,14.307568],[36.811914,14.315039],[36.940723,14.280566],[37.024512,14.271973],[37.063477,14.289258],[37.099414,14.333984],[37.132617,14.406055],[37.185156,14.445996],[37.257227,14.45376],[37.353711,14.372461],[37.507227,14.156396],[37.546777,14.143848],[37.571191,14.149072],[37.648438,14.322559],[37.708398,14.457227],[37.820312,14.708496],[37.88418,14.852295],[37.943457,14.810547],[38.002539,14.737109],[38.069922,14.702734],[38.141992,14.681494],[38.177051,14.678809],[38.221484,14.649658],[38.376953,14.47041],[38.431445,14.428613]]]]}},{"type":"Feature","properties":{"cartodb_id":76,"name":"Gabon","mapcolor":6},"geometry":{"type":"MultiPolygon","coordinates":[[[[13.293555,2.161572],[13.288672,2.091699],[13.209473,1.92041],[13.172168,1.788574],[13.162695,1.648096],[13.18457,1.535059],[13.222754,1.45459],[13.247363,1.366699],[13.22832,1.30542],[13.190137,1.279248],[13.216309,1.248437],[13.274121,1.241016],[13.372363,1.267773],[13.52334,1.3146],[13.721191,1.382275],[13.851367,1.41875],[14.066211,1.395898],[14.180859,1.370215],[14.239746,1.322559],[14.303027,1.12085],[14.334473,1.090234],[14.386426,1.004443],[14.429883,0.901465],[14.43916,0.849121],[14.434473,0.811475],[14.390625,0.755713],[14.341504,0.673828],[14.324219,0.624219],[14.283105,0.587451],[14.230957,0.551123],[14.0875,0.536572],[14.065527,0.51499],[14.025293,0.427734],[13.949609,0.353809],[13.915137,0.283984],[13.88457,0.19082],[13.890625,0.075293],[13.875488,-0.09082],[13.860059,-0.20332],[13.898047,-0.242578],[14.069434,-0.270117],[14.102832,-0.292383],[14.14834,-0.361914],[14.206738,-0.427344],[14.36377,-0.468555],[14.424707,-0.518652],[14.474121,-0.573438],[14.480566,-0.618359],[14.444922,-0.798828],[14.410645,-0.97207],[14.424023,-1.103906],[14.436914,-1.229785],[14.455566,-1.413184],[14.447266,-1.525098],[14.40293,-1.593359],[14.40293,-1.646973],[14.423242,-1.711523],[14.383984,-1.890039],[14.358594,-1.920215],[14.288379,-1.953516],[14.251465,-2.001465],[14.239648,-2.076758],[14.201758,-2.179883],[14.162891,-2.217578],[14.162891,-2.265527],[14.200391,-2.300586],[14.199805,-2.354199],[14.129785,-2.417969],[14.087402,-2.466895],[13.993848,-2.490625],[13.886914,-2.46543],[13.861816,-2.429883],[13.887695,-2.374512],[13.878516,-2.330176],[13.841602,-2.283691],[13.784375,-2.16377],[13.733789,-2.138477],[13.705566,-2.1875],[13.618555,-2.278613],[13.464941,-2.39541],[13.357324,-2.404785],[13.158594,-2.369141],[12.991992,-2.313379],[12.913574,-2.17627],[12.864453,-2.063281],[12.793555,-1.931836],[12.713672,-1.869434],[12.628418,-1.82959],[12.59043,-1.826855],[12.468652,-1.9],[12.432129,-1.928906],[12.432422,-1.990332],[12.44375,-2.047559],[12.462598,-2.075293],[12.478516,-2.112012],[12.475684,-2.169238],[12.453809,-2.245605],[12.446387,-2.32998],[12.064453,-2.412598],[11.998242,-2.382812],[11.950293,-2.344824],[11.892383,-2.351465],[11.726758,-2.394727],[11.665918,-2.364551],[11.605469,-2.342578],[11.577734,-2.360938],[11.575195,-2.39707],[11.603418,-2.59541],[11.594531,-2.670996],[11.557129,-2.769629],[11.537793,-2.836719],[11.639063,-2.855371],[11.675684,-2.886621],[11.711328,-2.936523],[11.760156,-2.983105],[11.763477,-3.01123],[11.708008,-3.063086],[11.689063,-3.126953],[11.71543,-3.176953],[11.784375,-3.229102],[11.885059,-3.283203],[11.93418,-3.318555],[11.929297,-3.350977],[11.882812,-3.420215],[11.864746,-3.478613],[11.83291,-3.531445],[11.839453,-3.580078],[11.884766,-3.625391],[11.879883,-3.665918],[11.849121,-3.69668],[11.786426,-3.690234],[11.733398,-3.694531],[11.685742,-3.682031],[11.536816,-3.525],[11.504297,-3.520313],[11.288281,-3.641113],[11.234473,-3.69082],[11.190039,-3.762012],[11.130176,-3.916309],[11.032031,-3.826465],[10.947266,-3.662109],[10.848535,-3.561328],[10.640723,-3.398047],[10.585449,-3.278027],[10.347656,-3.013086],[10.006152,-2.74834],[9.759473,-2.518555],[9.72207,-2.467578],[9.763672,-2.473828],[10.001953,-2.588379],[10.034473,-2.575586],[10.062012,-2.549902],[9.959082,-2.489844],[9.86084,-2.442578],[9.768652,-2.413086],[9.676367,-2.415625],[9.624609,-2.36709],[9.591016,-2.293164],[9.574023,-2.22998],[9.533203,-2.163867],[9.402246,-2.027637],[9.370508,-1.975],[9.298926,-1.903027],[9.34248,-1.893652],[9.482813,-1.962305],[9.495313,-1.934961],[9.483203,-1.894629],[9.342188,-1.829395],[9.265625,-1.825098],[9.247949,-1.779297],[9.258398,-1.72627],[9.15752,-1.527734],[9.052832,-1.379102],[9.036328,-1.308887],[9.318848,-1.632031],[9.356641,-1.637598],[9.406348,-1.63457],[9.52334,-1.59834],[9.501074,-1.555176],[9.44834,-1.508887],[9.397168,-1.530176],[9.330664,-1.53457],[9.295801,-1.515234],[9.280176,-1.481934],[9.34668,-1.325],[9.317871,-1.33291],[9.29668,-1.360938],[9.260156,-1.374219],[9.203809,-1.382422],[9.064648,-1.29834],[8.941895,-1.071484],[8.909375,-1.025],[8.876563,-0.946094],[8.844238,-0.913574],[8.703125,-0.591016],[8.757227,-0.614941],[8.821387,-0.708398],[8.946387,-0.68877],[8.995215,-0.634668],[9.037891,-0.636719],[9.081543,-0.624316],[9.136523,-0.57334],[9.29668,-0.35127],[9.339063,-0.058252],[9.325293,0.11582],[9.301855,0.288525],[9.354883,0.343604],[9.375781,0.307227],[9.386133,0.245898],[9.411133,0.200439],[9.468164,0.159766],[9.574316,0.148926],[9.738379,0.084961],[9.796777,0.044238],[9.812695,0.125586],[10.001465,0.194971],[9.944434,0.219873],[9.77666,0.19248],[9.546484,0.295947],[9.470117,0.361914],[9.398828,0.486719],[9.324805,0.5521],[9.32998,0.61084],[9.495313,0.664844],[9.538965,0.658691],[9.556641,0.594189],[9.601074,0.567725],[9.617969,0.576514],[9.625293,0.631641],[9.625879,0.779443],[9.575391,0.991309],[9.59082,1.031982],[9.636133,1.04668],[9.676465,1.074707],[9.70459,1.07998],[9.760547,1.074707],[9.788672,1.025684],[9.803906,0.99873],[9.860352,0.98623],[9.906738,0.960107],[9.94668,0.967139],[9.979785,0.997705],[10.028516,1.004004],[10.178906,1.003564],[10.31543,1.003076],[10.587207,1.002148],[10.858887,1.00127],[11.130664,1.000391],[11.335352,0.999707],[11.334668,1.120752],[11.333594,1.307617],[11.332324,1.528369],[11.331152,1.740186],[11.330078,1.935889],[11.328711,2.167432],[11.339941,2.233838],[11.35332,2.261426],[11.348438,2.299707],[11.558984,2.302197],[11.939746,2.285156],[12.106152,2.2875],[12.153418,2.284375],[12.361328,2.295996],[12.529785,2.281348],[12.601367,2.265039],[12.665723,2.256787],[12.86748,2.246777],[13.130859,2.259424],[13.220313,2.256445],[13.269922,2.224219],[13.293555,2.161572]]]]}},{"type":"Feature","properties":{"cartodb_id":82,"name":"Gambia","mapcolor":1},"geometry":{"type":"MultiPolygon","coordinates":[[[[-16.76333,13.06416],[-16.769336,13.148486],[-16.824805,13.341064],[-16.750391,13.425391],[-16.669336,13.475],[-16.614795,13.435303],[-16.59834,13.356836],[-16.556445,13.303223],[-16.413379,13.269727],[-16.27168,13.293799],[-16.185059,13.282715],[-16.187891,13.326172],[-16.158398,13.384033],[-15.986426,13.408838],[-15.804492,13.425391],[-15.617676,13.460107],[-15.471289,13.458643],[-15.42749,13.468359],[-15.438135,13.483203],[-15.569531,13.499854],[-15.849902,13.459961],[-16.135449,13.448242],[-16.351807,13.343359],[-16.440527,13.353174],[-16.530078,13.457959],[-16.562305,13.587305],[-16.30874,13.596875],[-16.001611,13.592773],[-15.667187,13.588281],[-15.509668,13.58623],[-15.426855,13.727002],[-15.269531,13.789111],[-15.10835,13.812109],[-15.024463,13.806006],[-14.935791,13.785205],[-14.766016,13.669092],[-14.660156,13.642627],[-14.57085,13.616162],[-14.506982,13.559717],[-14.405469,13.503711],[-14.325537,13.488574],[-14.278027,13.497168],[-14.199023,13.51875],[-14.146973,13.536133],[-13.977393,13.543457],[-13.852832,13.478564],[-13.826709,13.407812],[-13.84751,13.335303],[-14.014893,13.296387],[-14.246777,13.23584],[-14.438574,13.268896],[-14.671924,13.351709],[-14.808252,13.411133],[-14.865039,13.434863],[-14.950293,13.472607],[-15.024609,13.51333],[-15.096387,13.539648],[-15.151123,13.556494],[-15.191602,13.535254],[-15.212109,13.485059],[-15.244531,13.429102],[-15.28623,13.395996],[-15.481836,13.376367],[-15.657324,13.355811],[-15.751562,13.338379],[-15.814404,13.325146],[-15.834277,13.156445],[-16.033057,13.15835],[-16.22832,13.160303],[-16.430859,13.157324],[-16.648779,13.15415],[-16.704541,13.119727],[-16.76333,13.06416]]]]}},{"type":"Feature","properties":{"cartodb_id":80,"name":"Ghana","mapcolor":5},"geometry":{"type":"MultiPolygon","coordinates":[[[[-0.068604,11.115625],[-0.004736,11.055566],[0.009424,11.020996],[-0.013867,10.891357],[-0.060596,10.800586],[-0.090186,10.715527],[-0.086328,10.673047],[-0.057715,10.630615],[0.039453,10.563867],[0.089258,10.520605],[0.148242,10.454785],[0.216016,10.390527],[0.331836,10.306934],[0.380859,10.291846],[0.378613,10.268555],[0.362695,10.236475],[0.351855,9.924902],[0.343066,9.84458],[0.33457,9.803955],[0.323926,9.687598],[0.311719,9.670996],[0.289648,9.672314],[0.269531,9.66792],[0.264551,9.644727],[0.272754,9.620947],[0.342578,9.60415],[0.327344,9.586572],[0.275488,9.570605],[0.251563,9.535645],[0.261914,9.495605],[0.233398,9.463525],[0.241504,9.441895],[0.259961,9.426025],[0.289355,9.431836],[0.370996,9.485547],[0.405273,9.491455],[0.447559,9.480273],[0.525684,9.398486],[0.529004,9.358301],[0.497168,9.22124],[0.466113,9.115332],[0.460352,8.974219],[0.493262,8.894922],[0.48877,8.851465],[0.453125,8.81377],[0.372559,8.759277],[0.378613,8.722021],[0.415332,8.652734],[0.483301,8.575293],[0.616211,8.479639],[0.686328,8.354883],[0.688086,8.304248],[0.64707,8.253467],[0.599219,8.20957],[0.583594,8.145801],[0.605176,7.728223],[0.5,7.546875],[0.498926,7.495117],[0.50957,7.435107],[0.537305,7.39873],[0.591016,7.388818],[0.634766,7.353662],[0.619531,7.226562],[0.596191,7.096631],[0.59248,7.033984],[0.579492,7.004102],[0.538086,6.979687],[0.523047,6.938867],[0.533398,6.88833],[0.525586,6.850928],[0.548047,6.80249],[0.595703,6.742188],[0.672754,6.592529],[0.702246,6.580762],[0.71543,6.549316],[0.707227,6.51875],[0.736914,6.452588],[0.822461,6.386377],[0.912207,6.328564],[0.984961,6.320312],[1.002148,6.268555],[1.049902,6.202637],[1.084473,6.173779],[1.139648,6.155029],[1.185059,6.14502],[1.187207,6.089404],[1.105566,6.051367],[1.050293,5.993994],[1.008008,5.906396],[0.949707,5.810254],[0.748828,5.760107],[0.671875,5.759717],[0.259668,5.757324],[-0.126514,5.568164],[-0.34873,5.500781],[-0.485449,5.394238],[-0.669434,5.318555],[-0.797705,5.226709],[-1.064307,5.182666],[-1.50166,5.037988],[-1.638477,4.980859],[-1.776855,4.880371],[-2.001855,4.762451],[-2.090186,4.764062],[-2.266406,4.874072],[-2.398926,4.929346],[-2.723047,5.013721],[-2.96499,5.046289],[-3.081885,5.082471],[-3.114014,5.088672],[-3.086719,5.12832],[-3.019141,5.130811],[-2.94834,5.118848],[-2.894727,5.149023],[-2.815674,5.153027],[-2.795215,5.184521],[-2.788672,5.264111],[-2.7896,5.328223],[-2.761914,5.356934],[-2.75498,5.43252],[-2.793652,5.600098],[-2.821191,5.619189],[-2.962256,5.643018],[-2.972803,5.67627],[-2.998291,5.711328],[-3.025293,5.797754],[-3.056152,5.92627],[-3.105566,6.085645],[-3.200586,6.348242],[-3.224023,6.441064],[-3.240283,6.535645],[-3.243896,6.648682],[-3.224121,6.690771],[-3.227148,6.749121],[-3.235791,6.807227],[-3.168896,6.940967],[-3.037695,7.10459],[-3.010156,7.16377],[-2.985791,7.204883],[-2.982324,7.263623],[-2.959082,7.454541],[-2.896338,7.68501],[-2.856885,7.77207],[-2.830127,7.819043],[-2.798145,7.895996],[-2.789746,7.931934],[-2.668848,8.022217],[-2.613379,8.04668],[-2.600977,8.082227],[-2.619971,8.121094],[-2.611719,8.147559],[-2.582764,8.160791],[-2.538281,8.171631],[-2.505859,8.20874],[-2.556885,8.493018],[-2.597998,8.776367],[-2.600391,8.800439],[-2.624902,8.8396],[-2.649219,8.956592],[-2.689893,9.025098],[-2.746924,9.045117],[-2.74668,9.109619],[-2.689209,9.218604],[-2.674219,9.282617],[-2.701807,9.30166],[-2.705762,9.351367],[-2.686133,9.431738],[-2.69585,9.481348],[-2.706201,9.533936],[-2.765967,9.658057],[-2.780518,9.74585],[-2.749805,9.797217],[-2.750732,9.909668],[-2.783203,10.083105],[-2.788477,10.192578],[-2.766504,10.238184],[-2.7771,10.281592],[-2.820312,10.322852],[-2.823437,10.362939],[-2.786621,10.401904],[-2.791162,10.432422],[-2.837207,10.454639],[-2.878418,10.507959],[-2.914893,10.592334],[-2.907324,10.727979],[-2.838574,10.97749],[-2.829932,10.998389],[-2.7521,10.996973],[-2.75166,10.986377],[-2.50918,10.988721],[-2.231934,10.991406],[-1.900635,10.994678],[-1.599658,10.997656],[-1.586475,11.008887],[-1.536768,11.022656],[-1.232617,10.997217],[-1.04248,11.010059],[-0.961816,11.001709],[-0.90293,10.984717],[-0.771582,10.995264],[-0.701416,10.988965],[-0.648535,10.926758],[-0.627148,10.927393],[-0.597656,10.953662],[-0.545215,10.983691],[-0.491699,11.007617],[-0.453516,11.056299],[-0.430322,11.093262],[-0.395605,11.085693],[-0.345752,11.087939],[-0.312549,11.118896],[-0.299463,11.166895],[-0.068604,11.115625]]]]}},{"type":"Feature","properties":{"cartodb_id":81,"name":"Guinea","mapcolor":6},"geometry":{"type":"MultiPolygon","coordinates":[[[[-11.389404,12.404395],[-11.418066,12.377686],[-11.447559,12.319238],[-11.474561,12.247168],[-11.502197,12.198633],[-11.492432,12.166943],[-11.414648,12.104004],[-11.305176,12.01543],[-11.260693,12.004053],[-11.209668,12.024854],[-11.129248,12.09502],[-11.06582,12.170801],[-11.004541,12.20752],[-10.933203,12.205176],[-10.876172,12.151855],[-10.806494,12.034277],[-10.743018,11.927246],[-10.734912,11.916455],[-10.709229,11.89873],[-10.677344,11.899414],[-10.643701,11.925537],[-10.618994,11.941211],[-10.589502,11.990283],[-10.46582,12.138672],[-10.372754,12.179541],[-10.339893,12.190283],[-10.274854,12.212646],[-10.16709,12.177441],[-10.010645,12.116455],[-9.820703,12.04248],[-9.754004,12.029932],[-9.714746,12.04248],[-9.658301,12.143115],[-9.587744,12.182471],[-9.486816,12.228662],[-9.40498,12.252441],[-9.358105,12.25542],[-9.340186,12.282764],[-9.331543,12.32373],[-9.34082,12.366016],[-9.393652,12.442236],[-9.395361,12.464648],[-9.365186,12.479297],[-9.3,12.490283],[-9.215527,12.482861],[-9.120459,12.449951],[-9.043066,12.402344],[-8.998926,12.345898],[-8.95083,12.225586],[-8.913867,12.108545],[-8.818311,11.92251],[-8.820068,11.807129],[-8.822021,11.673242],[-8.779736,11.648242],[-8.733105,11.6375],[-8.711426,11.617773],[-8.664941,11.51499],[-8.621143,11.485107],[-8.56875,11.478076],[-8.470703,11.412207],[-8.407471,11.386279],[-8.398535,11.366553],[-8.400684,11.339404],[-8.425293,11.304736],[-8.463525,11.280713],[-8.520312,11.235937],[-8.567285,11.177002],[-8.663916,11.03584],[-8.666699,11.009473],[-8.646191,10.990479],[-8.606201,10.986963],[-8.563525,10.99668],[-8.474707,11.048389],[-8.404492,11.029932],[-8.337402,10.990625],[-8.312744,10.949756],[-8.306348,10.896094],[-8.32168,10.826953],[-8.324121,10.749512],[-8.301562,10.617578],[-8.26665,10.485986],[-8.231494,10.437988],[-8.007275,10.321875],[-7.985693,10.278418],[-7.974463,10.229541],[-7.990625,10.1625],[-8.013525,10.125293],[-8.077832,10.06709],[-8.136621,10.02207],[-8.155176,9.973193],[-8.14585,9.881738],[-8.146045,9.674805],[-8.136963,9.495703],[-8.088672,9.430664],[-8.031006,9.397656],[-7.962695,9.403857],[-7.896191,9.415869],[-7.9,9.308691],[-7.918066,9.188525],[-7.839404,9.151611],[-7.799805,9.115039],[-7.777979,9.080859],[-7.9021,9.01709],[-7.938184,8.979785],[-7.95498,8.879443],[-7.950977,8.786816],[-7.784033,8.720605],[-7.71958,8.643018],[-7.690967,8.5625],[-7.681201,8.410352],[-7.696094,8.375586],[-7.738965,8.375244],[-7.787402,8.421973],[-7.823584,8.467676],[-7.86875,8.467529],[-7.953125,8.477734],[-8.049121,8.495312],[-8.167773,8.490674],[-8.209961,8.483252],[-8.236963,8.455664],[-8.244141,8.40791],[-8.256104,8.253711],[-8.217139,8.219678],[-8.140625,8.181445],[-8.090527,8.165137],[-8.048584,8.169727],[-8.016748,8.144922],[-8.009863,8.078516],[-8.031738,8.029736],[-8.073828,7.984424],[-8.126855,7.867725],[-8.117822,7.824023],[-8.11543,7.760742],[-8.205957,7.590234],[-8.231885,7.556738],[-8.351758,7.590576],[-8.42998,7.601855],[-8.486426,7.558496],[-8.522266,7.585547],[-8.564404,7.625098],[-8.578857,7.677051],[-8.607324,7.687939],[-8.659766,7.688379],[-8.708301,7.658887],[-8.729443,7.605273],[-8.732617,7.543555],[-8.740234,7.495703],[-8.769141,7.466797],[-8.82793,7.391943],[-8.855518,7.322803],[-8.889648,7.262695],[-8.938428,7.266162],[-8.960986,7.274609],[-8.976562,7.258887],[-9.052344,7.225488],[-9.117578,7.215918],[-9.134814,7.250586],[-9.172852,7.278418],[-9.215186,7.333301],[-9.263281,7.377734],[-9.355322,7.408691],[-9.39165,7.394922],[-9.435107,7.398437],[-9.463818,7.415869],[-9.459766,7.442529],[-9.411475,7.509961],[-9.383984,7.571875],[-9.368945,7.639551],[-9.369141,7.703809],[-9.394922,7.794629],[-9.436328,7.866699],[-9.446387,7.908496],[-9.441553,7.96792],[-9.451123,8.023242],[-9.464551,8.0521],[-9.471143,8.106982],[-9.484131,8.156982],[-9.508496,8.17627],[-9.522217,8.26001],[-9.518262,8.346094],[-9.553906,8.378613],[-9.610156,8.402344],[-9.643213,8.436035],[-9.663574,8.473535],[-9.683887,8.484424],[-9.701172,8.482178],[-9.716895,8.458887],[-9.735596,8.453955],[-9.768262,8.53457],[-9.781982,8.537695],[-9.804736,8.519189],[-10.064355,8.429883],[-10.075684,8.4646],[-10.097656,8.505859],[-10.147412,8.519727],[-10.233057,8.488818],[-10.283203,8.485156],[-10.360059,8.495508],[-10.394434,8.480957],[-10.496436,8.362109],[-10.557715,8.315674],[-10.604004,8.319482],[-10.652637,8.330273],[-10.686963,8.32168],[-10.712109,8.335254],[-10.702148,8.364209],[-10.677344,8.400586],[-10.628467,8.52998],[-10.503125,8.660303],[-10.500537,8.687549],[-10.551758,8.76377],[-10.605615,8.867578],[-10.605762,8.978809],[-10.615967,9.05918],[-10.726855,9.081689],[-10.747021,9.095264],[-10.749951,9.122363],[-10.72124,9.194482],[-10.687646,9.261133],[-10.682715,9.289355],[-10.690527,9.314258],[-10.758594,9.385352],[-10.864795,9.516455],[-10.963086,9.661621],[-11.047461,9.786328],[-11.115674,9.843164],[-11.180859,9.925342],[-11.205664,9.977734],[-11.273633,9.996533],[-11.471924,9.995459],[-11.710059,9.994189],[-11.911084,9.993018],[-11.922754,9.922754],[-12.142334,9.875391],[-12.277734,9.929785],[-12.427979,9.898145],[-12.501465,9.862158],[-12.524365,9.787207],[-12.557861,9.70498],[-12.589844,9.671143],[-12.603613,9.634229],[-12.622168,9.600635],[-12.65166,9.561914],[-12.684424,9.48418],[-12.755859,9.373584],[-12.831104,9.302246],[-12.958789,9.26333],[-12.998633,9.146924],[-13.028027,9.103564],[-13.077295,9.069629],[-13.129883,9.047559],[-13.178369,9.060889],[-13.234229,9.070117],[-13.292676,9.049219],[-13.302637,9.078369],[-13.269482,9.170557],[-13.295898,9.218506],[-13.396094,9.314307],[-13.405566,9.360645],[-13.436279,9.420312],[-13.568262,9.543408],[-13.691357,9.535791],[-13.657129,9.639111],[-13.658691,9.776367],[-13.700488,9.85127],[-13.689795,9.927783],[-13.712646,9.922949],[-13.753711,9.870264],[-13.820117,9.887207],[-13.954639,9.968701],[-14.021875,10.047852],[-14.029932,10.115137],[-14.04502,10.14126],[-14.086279,10.127246],[-14.17041,10.128613],[-14.426904,10.24834],[-14.60957,10.549854],[-14.613623,10.617822],[-14.587402,10.734912],[-14.593506,10.766699],[-14.677344,10.688965],[-14.693359,10.741016],[-14.757373,10.862061],[-14.775928,10.931641],[-14.837451,10.962549],[-14.886719,10.968066],[-14.924805,10.944922],[-14.975,10.803418],[-15.012402,10.804346],[-15.051221,10.83457],[-15.043018,10.940137],[-14.999023,10.992187],[-14.944434,11.072168],[-14.779297,11.405518],[-14.720264,11.481934],[-14.682959,11.508496],[-14.604785,11.511621],[-14.452441,11.556201],[-14.327832,11.629785],[-14.265576,11.659912],[-14.122314,11.651953],[-13.953223,11.6646],[-13.732764,11.736035],[-13.728564,11.834131],[-13.730664,11.959863],[-13.737988,12.009668],[-13.816309,12.054492],[-13.861914,12.093311],[-13.901172,12.142871],[-13.948877,12.178174],[-13.947314,12.215234],[-13.8875,12.246875],[-13.849463,12.262988],[-13.759766,12.262354],[-13.730078,12.280811],[-13.70791,12.312695],[-13.682373,12.393408],[-13.673535,12.478516],[-13.732617,12.592822],[-13.729248,12.673926],[-13.405762,12.662256],[-13.372559,12.653613],[-13.228076,12.6396],[-13.138477,12.639746],[-13.08291,12.633545],[-13.059766,12.615039],[-13.064404,12.581055],[-13.079834,12.536279],[-13.061279,12.48999],[-13.011914,12.477637],[-12.985645,12.49165],[-12.960547,12.514355],[-12.930713,12.532275],[-12.888184,12.52002],[-12.797314,12.451904],[-12.713037,12.433154],[-12.620801,12.396191],[-12.534229,12.375781],[-12.457373,12.378369],[-12.399072,12.340088],[-12.291211,12.328027],[-12.151953,12.376611],[-12.042383,12.398047],[-11.888574,12.40332],[-11.808105,12.387305],[-11.573682,12.426318],[-11.456738,12.417578],[-11.389404,12.404395]]]]}},{"type":"Feature","properties":{"cartodb_id":83,"name":"Guinea-Bissau","mapcolor":3},"geometry":{"type":"MultiPolygon","coordinates":[[[[-15.895898,11.082471],[-15.905176,11.054736],[-15.963965,11.058984],[-15.950635,11.087109],[-15.963477,11.095313],[-15.946484,11.179736],[-15.937695,11.192773],[-15.909131,11.161328],[-15.905273,11.14834],[-15.895898,11.082471]]],[[[-16.114502,11.059424],[-16.194531,11.04458],[-16.231006,11.094238],[-16.236426,11.113428],[-16.194629,11.130127],[-16.175879,11.130811],[-16.144043,11.166846],[-16.104785,11.191016],[-16.087451,11.198779],[-16.067334,11.197217],[-16.052783,11.117529],[-16.072217,11.084082],[-16.114502,11.059424]]],[[[-15.725146,11.215479],[-15.725146,11.174512],[-15.76748,11.182275],[-15.779785,11.194531],[-15.754687,11.268701],[-15.71748,11.301758],[-15.671924,11.296484],[-15.65835,11.286475],[-15.667187,11.257861],[-15.687109,11.234326],[-15.725146,11.215479]]],[[[-15.901807,11.46582],[-15.94873,11.434424],[-15.997217,11.44917],[-16.023193,11.477148],[-16.019336,11.527295],[-15.964551,11.598291],[-15.915332,11.589111],[-15.901807,11.46582]]],[[[-15.553418,11.537012],[-15.562793,11.51377],[-15.619629,11.533496],[-15.536572,11.617627],[-15.482471,11.632324],[-15.484424,11.567529],[-15.526221,11.553857],[-15.553418,11.537012]]],[[[-15.986426,11.882031],[-16.03833,11.759717],[-16.102441,11.773193],[-16.147363,11.845996],[-16.152441,11.876807],[-16.021875,11.88667],[-15.986426,11.882031]]],[[[-13.673535,12.478516],[-13.682373,12.393408],[-13.70791,12.312695],[-13.730078,12.280811],[-13.759766,12.262354],[-13.849463,12.262988],[-13.8875,12.246875],[-13.947314,12.215234],[-13.948877,12.178174],[-13.901172,12.142871],[-13.861914,12.093311],[-13.816309,12.054492],[-13.737988,12.009668],[-13.730664,11.959863],[-13.728564,11.834131],[-13.732764,11.736035],[-13.953223,11.6646],[-14.122314,11.651953],[-14.265576,11.659912],[-14.327832,11.629785],[-14.452441,11.556201],[-14.604785,11.511621],[-14.682959,11.508496],[-14.720264,11.481934],[-14.779297,11.405518],[-14.944434,11.072168],[-14.999023,10.992188],[-15.043018,10.940137],[-15.09375,11.011035],[-15.05459,11.141943],[-15.096777,11.140039],[-15.181055,11.034229],[-15.222119,11.030908],[-15.216699,11.15625],[-15.263379,11.160889],[-15.31748,11.152002],[-15.393115,11.217236],[-15.400586,11.266211],[-15.394531,11.334473],[-15.348437,11.378076],[-15.354687,11.396338],[-15.39917,11.401465],[-15.448975,11.389746],[-15.479492,11.410303],[-15.429102,11.498877],[-15.252588,11.573291],[-15.16377,11.580957],[-15.072656,11.597803],[-15.122412,11.661572],[-15.230371,11.686768],[-15.316699,11.669189],[-15.359668,11.6229],[-15.412988,11.615234],[-15.501904,11.723779],[-15.500244,11.778369],[-15.467187,11.842822],[-15.415723,11.871777],[-15.21084,11.870947],[-15.133105,11.907324],[-15.101709,11.913965],[-15.071973,11.947021],[-15.078271,11.968994],[-15.111523,11.970264],[-15.188086,11.927295],[-15.434766,11.943555],[-15.513477,11.917578],[-15.650684,11.818359],[-15.819385,11.763477],[-15.941748,11.786621],[-15.902734,11.919678],[-15.920215,11.937793],[-15.958789,11.959619],[-16.138428,11.917285],[-16.274316,11.978125],[-16.328076,12.051611],[-16.318848,12.14375],[-16.254736,12.206055],[-16.24458,12.237109],[-16.312305,12.243018],[-16.436816,12.20415],[-16.711816,12.354834],[-16.656934,12.364355],[-16.521338,12.348633],[-16.416309,12.367676],[-16.342285,12.399512],[-16.241504,12.443311],[-16.144189,12.457422],[-15.839551,12.437891],[-15.574805,12.490381],[-15.37793,12.588965],[-15.196094,12.679932],[-14.960596,12.678955],[-14.708154,12.677979],[-14.349219,12.676416],[-14.064844,12.675293],[-13.729248,12.673926],[-13.732617,12.592822],[-13.673535,12.478516]]]]}},{"type":"Feature","properties":{"cartodb_id":114,"name":"Kenya","mapcolor":5},"geometry":{"type":"MultiPolygon","coordinates":[[[[40.994434,-2.158398],[40.957324,-2.167285],[40.976465,-2.109766],[41.086035,-2.036523],[41.130664,-2.053027],[41.139258,-2.069824],[41.136816,-2.085059],[41.118164,-2.100098],[40.994434,-2.158398]]],[[[35.287598,5.384082],[35.325293,5.364893],[35.37793,5.385156],[35.424023,5.413281],[35.468652,5.419092],[35.74502,5.343994],[35.791406,5.278564],[35.788477,5.208105],[35.800293,5.156934],[35.779297,5.105566],[35.756152,4.950488],[35.763086,4.808008],[35.845605,4.702637],[35.919824,4.619824],[35.978711,4.503809],[36.021973,4.468115],[36.081934,4.449707],[36.271875,4.444727],[36.553027,4.437256],[36.823633,4.430127],[36.848242,4.427344],[36.905566,4.411475],[37.15459,4.254541],[37.38252,4.11084],[37.575488,3.985937],[37.762891,3.864648],[37.944922,3.746729],[38.086133,3.648828],[38.225293,3.618994],[38.451563,3.604834],[38.608008,3.600098],[38.752734,3.558984],[38.967773,3.520605],[39.12832,3.500879],[39.225488,3.47876],[39.494434,3.456104],[39.538867,3.469189],[39.65752,3.577832],[39.790332,3.754248],[39.842187,3.851465],[40.01416,3.947949],[40.316016,4.082715],[40.528711,4.177637],[40.765234,4.273047],[40.872656,4.190332],[41.020801,4.057471],[41.087207,3.991943],[41.14043,3.962988],[41.220898,3.943555],[41.318945,3.943066],[41.372461,3.946191],[41.481934,3.963281],[41.737695,3.979053],[41.883984,3.977734],[41.760938,3.801611],[41.613477,3.590479],[41.341797,3.20166],[41.134961,2.99707],[40.978711,2.842432],[40.964453,2.814648],[40.965039,2.642334],[40.966699,2.220947],[40.97002,1.378174],[40.973242,0.5354],[40.976563,-0.307324],[40.978223,-0.728711],[40.978711,-0.870313],[41.11582,-1.047461],[41.249805,-1.220508],[41.426953,-1.449512],[41.521875,-1.572266],[41.537598,-1.613184],[41.532715,-1.695312],[41.386914,-1.866992],[41.26748,-1.94502],[41.106836,-1.982324],[41.058691,-1.975195],[40.995508,-1.950586],[40.970703,-1.991797],[40.952148,-2.055957],[40.916602,-2.04248],[40.889746,-2.023535],[40.905859,-2.1375],[40.922363,-2.19375],[40.898242,-2.269922],[40.820117,-2.336328],[40.813184,-2.392383],[40.644141,-2.539453],[40.404492,-2.555664],[40.278516,-2.628613],[40.222461,-2.688379],[40.179785,-2.819043],[40.194727,-3.019238],[40.128125,-3.17334],[40.11543,-3.250586],[39.991699,-3.350684],[39.936816,-3.44248],[39.896289,-3.53584],[39.860938,-3.576758],[39.819141,-3.786035],[39.761426,-3.913086],[39.745801,-3.955176],[39.731641,-3.993262],[39.686914,-4.067871],[39.658008,-4.119141],[39.637109,-4.152832],[39.490918,-4.478418],[39.376953,-4.625488],[39.2875,-4.608594],[39.228125,-4.665527],[39.221777,-4.692383],[39.190137,-4.677246],[39.11543,-4.623535],[38.961914,-4.512988],[38.808398,-4.402441],[38.654883,-4.291895],[38.501367,-4.181445],[38.347852,-4.070898],[38.194336,-3.960352],[38.04082,-3.849805],[37.887305,-3.739258],[37.797266,-3.674414],[37.757422,-3.636133],[37.726172,-3.559766],[37.711035,-3.54082],[37.670117,-3.516797],[37.62207,-3.511523],[37.608203,-3.49707],[37.608691,-3.460254],[37.625391,-3.407227],[37.681836,-3.305762],[37.687988,-3.246191],[37.676855,-3.178418],[37.65918,-3.07002],[37.643848,-3.04541],[37.542188,-2.988574],[37.329004,-2.869629],[37.11582,-2.750586],[36.902637,-2.631641],[36.689453,-2.512598],[36.476367,-2.393555],[36.263086,-2.274609],[36.05,-2.155664],[35.836914,-2.036621],[35.62373,-1.917578],[35.410547,-1.798633],[35.197461,-1.67959],[34.984277,-1.560547],[34.771094,-1.441602],[34.55791,-1.322559],[34.344727,-1.203613],[34.131641,-1.08457],[34.051563,-1.039844],[33.979395,-1.002051],[33.903223,-1.002051],[33.9,-0.831641],[33.924414,-0.397852],[33.921484,-0.016992],[33.943164,0.173779],[34.037207,0.294531],[34.080566,0.382471],[34.111719,0.505127],[34.160938,0.605176],[34.272559,0.686426],[34.292578,0.73125],[34.41084,0.867285],[34.481738,1.042139],[34.535254,1.101562],[34.601953,1.156445],[34.649121,1.185303],[34.726758,1.214258],[34.787598,1.230713],[34.798633,1.244531],[34.803809,1.272852],[34.783594,1.381152],[34.80957,1.416699],[34.850977,1.489014],[34.89834,1.556494],[34.941211,1.599268],[34.965234,1.643359],[34.976465,1.719629],[34.978223,1.773633],[34.977539,1.861914],[34.964063,2.062402],[34.913965,2.230176],[34.883008,2.41792],[34.905762,2.479687],[34.866211,2.589697],[34.84668,2.595752],[34.814453,2.619824],[34.773437,2.723438],[34.74248,2.818115],[34.723242,2.841943],[34.58916,2.924756],[34.522559,3.119971],[34.447852,3.163477],[34.407227,3.35752],[34.399414,3.412695],[34.441797,3.60625],[34.437695,3.650586],[34.392871,3.691504],[34.26709,3.733154],[34.165039,3.812988],[34.178223,3.840869],[34.185742,3.869775],[34.132031,3.88916],[33.976074,4.220215],[34.176855,4.419092],[34.380176,4.620654],[34.639844,4.875488],[34.87832,5.10957],[35.084473,5.311865],[35.268359,5.492285],[35.263867,5.45791],[35.264648,5.412061],[35.287598,5.384082]]]]}},{"type":"Feature","properties":{"cartodb_id":129,"name":"Lesotho","mapcolor":1},"geometry":{"type":"MultiPolygon","coordinates":[[[[28.736914,-30.101953],[28.646875,-30.126563],[28.634375,-30.128711],[28.57666,-30.123047],[28.499609,-30.128906],[28.439062,-30.14248],[28.39209,-30.147559],[28.31543,-30.218457],[28.176172,-30.409863],[28.139063,-30.449902],[28.128711,-30.525098],[28.096387,-30.58457],[28.056836,-30.631055],[28.018164,-30.642285],[27.901855,-30.623828],[27.753125,-30.6],[27.666602,-30.542285],[27.589648,-30.466406],[27.549023,-30.41123],[27.506543,-30.380957],[27.491992,-30.363965],[27.431445,-30.338477],[27.408594,-30.325293],[27.388477,-30.315918],[27.364063,-30.279199],[27.349707,-30.247363],[27.355371,-30.158594],[27.312695,-30.105664],[27.239746,-30.015332],[27.193555,-29.941309],[27.130469,-29.840234],[27.091797,-29.753711],[27.051758,-29.664062],[27.056934,-29.625586],[27.095215,-29.599316],[27.207422,-29.554199],[27.294531,-29.519336],[27.356836,-29.455273],[27.424902,-29.360059],[27.458008,-29.302734],[27.491016,-29.276563],[27.527148,-29.236133],[27.590234,-29.146484],[27.660449,-29.046973],[27.735547,-28.940039],[27.830371,-28.909082],[27.959863,-28.87334],[28.084375,-28.77998],[28.232617,-28.70127],[28.471875,-28.61582],[28.583398,-28.594141],[28.625781,-28.581738],[28.652637,-28.597852],[28.681152,-28.646777],[28.721777,-28.687695],[28.816211,-28.758887],[28.85625,-28.776074],[28.953711,-28.881445],[29.058008,-28.953711],[29.178027,-29.036914],[29.259766,-29.07832],[29.301367,-29.089844],[29.335938,-29.163672],[29.370898,-29.218457],[29.390723,-29.269727],[29.386719,-29.319727],[29.348828,-29.441992],[29.293555,-29.566895],[29.249219,-29.618848],[29.195117,-29.65166],[29.142188,-29.700977],[29.121973,-29.801172],[29.098047,-29.919043],[29.029004,-29.967578],[28.975293,-29.999414],[28.901074,-30.038477],[28.736914,-30.101953]]]]}},{"type":"Feature","properties":{"cartodb_id":124,"name":"Liberia","mapcolor":2},"geometry":{"type":"MultiPolygon","coordinates":[[[[-8.486426,7.558496],[-8.467285,7.547021],[-8.437158,7.516406],[-8.40874,7.411816],[-8.296631,7.074023],[-8.302344,6.980957],[-8.324512,6.92002],[-8.325098,6.8604],[-8.332568,6.801562],[-8.401221,6.705127],[-8.603564,6.507812],[-8.587891,6.490527],[-8.539551,6.468066],[-8.490332,6.456396],[-8.449902,6.4625],[-8.399316,6.413184],[-8.344873,6.35127],[-8.287109,6.319043],[-8.203857,6.290723],[-8.131006,6.287549],[-8.068945,6.298389],[-7.981592,6.286133],[-7.888623,6.234863],[-7.855518,6.150146],[-7.833252,6.076367],[-7.800928,6.038916],[-7.796533,5.975098],[-7.730371,5.919043],[-7.636133,5.907715],[-7.513916,5.842041],[-7.482812,5.845508],[-7.469434,5.853711],[-7.454395,5.841309],[-7.42373,5.651318],[-7.399902,5.550586],[-7.412451,5.509912],[-7.428906,5.477881],[-7.429834,5.324512],[-7.485205,5.236426],[-7.494141,5.139795],[-7.509766,5.108496],[-7.568896,5.080664],[-7.569336,5.006445],[-7.585059,4.916748],[-7.591211,4.821533],[-7.574658,4.572314],[-7.571582,4.386426],[-7.544971,4.351318],[-7.66001,4.366797],[-7.998242,4.508691],[-8.259033,4.58999],[-9.132178,5.054639],[-9.374756,5.241064],[-9.654395,5.518701],[-10.276367,6.077637],[-10.418164,6.167334],[-10.59707,6.210938],[-10.707617,6.258496],[-10.785596,6.310156],[-10.849023,6.465088],[-11.004541,6.557373],[-11.291602,6.688232],[-11.50752,6.906543],[-11.454541,6.951221],[-11.37666,7.094678],[-11.267676,7.232617],[-11.166113,7.314404],[-11.0854,7.398584],[-11.000244,7.463037],[-10.878076,7.538232],[-10.691309,7.736426],[-10.647461,7.759375],[-10.617578,7.896436],[-10.57085,8.071143],[-10.516748,8.125293],[-10.389551,8.157617],[-10.359814,8.187939],[-10.314648,8.31084],[-10.285742,8.454102],[-10.283203,8.485156],[-10.233057,8.488818],[-10.147412,8.519727],[-10.097656,8.505859],[-10.075684,8.4646],[-10.064355,8.429883],[-9.804736,8.519189],[-9.781982,8.537695],[-9.768262,8.53457],[-9.735596,8.453955],[-9.716895,8.458887],[-9.701172,8.482178],[-9.683887,8.484424],[-9.663574,8.473535],[-9.643213,8.436035],[-9.610156,8.402344],[-9.553906,8.378613],[-9.518262,8.346094],[-9.522217,8.26001],[-9.508496,8.17627],[-9.484131,8.156982],[-9.471143,8.106982],[-9.464551,8.0521],[-9.451123,8.023242],[-9.441553,7.96792],[-9.446387,7.908496],[-9.436328,7.866699],[-9.394922,7.794629],[-9.369141,7.703809],[-9.368945,7.639551],[-9.383984,7.571875],[-9.411475,7.509961],[-9.459766,7.442529],[-9.463818,7.415869],[-9.435107,7.398437],[-9.39165,7.394922],[-9.355322,7.408691],[-9.263281,7.377734],[-9.215186,7.333301],[-9.172852,7.278418],[-9.134814,7.250586],[-9.117578,7.215918],[-9.052344,7.225488],[-8.976562,7.258887],[-8.960986,7.274609],[-8.938428,7.266162],[-8.889648,7.262695],[-8.855518,7.322803],[-8.82793,7.391943],[-8.769141,7.466797],[-8.740234,7.495703],[-8.732617,7.543555],[-8.729443,7.605273],[-8.708301,7.658887],[-8.659766,7.688379],[-8.607324,7.687939],[-8.578857,7.677051],[-8.564404,7.625098],[-8.522266,7.585547],[-8.486426,7.558496]]]]}},{"type":"Feature","properties":{"cartodb_id":125,"name":"Libya","mapcolor":1},"geometry":{"type":"MultiPolygon","coordinates":[[[[25.150488,31.65498],[25.112012,31.626904],[25.057227,31.567187],[25.022656,31.514014],[24.92998,31.42749],[24.852734,31.334814],[24.859961,31.19917],[24.877539,31.06123],[24.929492,30.926465],[24.973926,30.776562],[24.961426,30.678516],[24.923047,30.558008],[24.877539,30.45752],[24.726465,30.250586],[24.703223,30.201074],[24.711621,30.131543],[24.803711,29.886035],[24.81084,29.80874],[24.865918,29.570264],[24.916113,29.37627],[24.97168,29.223828],[24.980273,29.181885],[24.980273,28.957324],[24.980273,28.732764],[24.980273,28.508203],[24.980273,28.283643],[24.980273,28.059082],[24.980273,27.834521],[24.980273,27.609961],[24.980273,27.3854],[24.980273,27.16084],[24.980273,26.93623],[24.980273,26.71167],[24.980273,26.487109],[24.980273,26.262549],[24.980273,26.037988],[24.980273,25.813428],[24.980273,25.588867],[24.980273,25.364307],[24.980273,25.139746],[24.980273,24.915186],[24.980273,24.690625],[24.980273,24.466064],[24.980273,24.241504],[24.980273,24.016943],[24.980273,23.792383],[24.980273,23.567822],[24.980273,23.343213],[24.980273,23.118652],[24.980273,22.894092],[24.980273,22.669531],[24.980273,22.444971],[24.980273,22.22041],[24.980273,21.99585],[24.980078,21.497559],[24.979883,20.999219],[24.979688,20.500928],[24.979492,20.002588],[24.976367,20.000781],[24.973242,19.999023],[24.970215,19.997266],[24.966992,19.995459],[24.72041,19.995557],[24.473633,19.995703],[24.226953,19.99585],[23.980273,19.995947],[23.980273,19.871094],[23.980273,19.746289],[23.980273,19.621484],[23.980273,19.496631],[23.50127,19.733203],[23.022168,19.969775],[22.543066,20.206348],[22.064063,20.44292],[21.584961,20.679492],[21.105859,20.916113],[20.626758,21.152637],[20.147656,21.389258],[19.668555,21.62583],[19.189453,21.862402],[18.710449,22.098975],[18.231348,22.335547],[17.752246,22.572119],[17.273242,22.808691],[16.794141,23.045264],[16.315039,23.281836],[15.984082,23.445215],[15.627148,23.285742],[15.347461,23.160693],[14.979004,22.996191],[14.978906,22.996289],[14.555664,22.78252],[14.230762,22.618457],[14.215527,22.619678],[14.200684,22.62373],[13.862695,22.9021],[13.598633,23.119531],[13.48125,23.180176],[12.983594,23.29126],[12.48877,23.40166],[11.967871,23.517871],[11.873047,23.694824],[11.766992,23.892578],[11.624219,24.139697],[11.536914,24.29082],[11.507617,24.314355],[11.108203,24.434033],[10.686133,24.551367],[10.438965,24.480225],[10.395898,24.485596],[10.325781,24.530225],[10.255859,24.591016],[10.218652,24.676221],[10.119531,24.790234],[10.028125,25.051025],[10.019043,25.258545],[10.000684,25.33208],[9.781055,25.624268],[9.58125,25.890137],[9.448242,26.067139],[9.422363,26.14707],[9.437891,26.245508],[9.491406,26.33374],[9.684961,26.438232],[9.859375,26.551953],[9.883203,26.630811],[9.894434,26.847949],[9.837109,26.91582],[9.79541,27.044775],[9.752539,27.219336],[9.747559,27.330859],[9.825293,27.552979],[9.916016,27.785693],[9.858203,28.043311],[9.815625,28.560205],[9.842578,28.966992],[9.820703,29.114795],[9.805273,29.176953],[9.745898,29.368945],[9.672656,29.566992],[9.640137,29.636426],[9.546191,29.795947],[9.391016,29.993652],[9.310254,30.115234],[9.420996,30.179297],[9.51875,30.229395],[9.637988,30.282324],[9.807422,30.342236],[9.89502,30.387305],[9.93252,30.425342],[10.059766,30.580078],[10.125977,30.665967],[10.216406,30.783203],[10.256055,30.864941],[10.257031,30.94082],[10.243359,31.032129],[10.172656,31.250977],[10.114941,31.46377],[10.159863,31.545801],[10.195996,31.585107],[10.274609,31.684961],[10.306055,31.704834],[10.475781,31.736035],[10.543652,31.802539],[10.595508,31.885742],[10.608887,31.929541],[10.683008,31.975391],[10.771582,32.021191],[10.826367,32.080664],[11.005176,32.172705],[11.168262,32.256738],[11.358008,32.345215],[11.50498,32.413672],[11.535938,32.47334],[11.533789,32.524951],[11.453906,32.642578],[11.453906,32.781689],[11.45918,32.897363],[11.467188,32.965723],[11.502441,33.155566],[11.50459,33.181934],[11.657129,33.118896],[11.813477,33.093701],[12.279883,32.858545],[12.427051,32.829102],[12.753516,32.801074],[13.138086,32.897363],[13.283496,32.914648],[13.536328,32.824268],[13.647754,32.798828],[13.835352,32.791797],[14.155664,32.709766],[14.237109,32.68125],[14.423828,32.550293],[14.513379,32.511084],[15.176563,32.391162],[15.266895,32.31167],[15.359082,32.159668],[15.363086,31.971191],[15.414062,31.834229],[15.496387,31.656787],[15.595801,31.531104],[15.705957,31.426416],[15.832227,31.360986],[16.123047,31.264453],[16.450977,31.227295],[16.781543,31.214746],[17.349219,31.081494],[17.830469,30.927588],[17.949316,30.851904],[18.19043,30.777295],[18.669824,30.415674],[18.936426,30.29043],[19.12373,30.266113],[19.291699,30.288086],[19.589844,30.41377],[19.713281,30.488379],[20.013184,30.800684],[20.111523,30.963721],[20.150977,31.078613],[20.141113,31.195508],[20.103809,31.300537],[20.02002,31.410645],[19.96123,31.556006],[19.926367,31.817529],[19.973438,31.999072],[20.030957,32.107861],[20.121484,32.21875],[20.370605,32.430762],[20.621094,32.580176],[21.062305,32.775537],[21.31875,32.777686],[21.424707,32.79917],[21.635938,32.937305],[21.721387,32.94248],[21.839453,32.908643],[22.187402,32.918262],[22.340625,32.879883],[22.523438,32.793945],[22.754102,32.740527],[22.916895,32.687158],[23.090625,32.61875],[23.129688,32.448145],[23.110449,32.397412],[23.10625,32.331445],[23.286328,32.213818],[23.797656,32.158691],[23.898438,32.127197],[24.038965,32.037012],[24.129688,32.009229],[24.479785,31.996533],[24.683887,32.015967],[24.878516,31.984277],[24.950684,31.953711],[25.025,31.88335],[25.115039,31.712305],[25.150488,31.65498]]]]}},{"type":"Feature","properties":{"cartodb_id":138,"name":"Madagascar","mapcolor":6},"geometry":{"type":"MultiPolygon","coordinates":[[[[49.936426,-16.90293],[49.824023,-17.086523],[49.855664,-16.933203],[49.985938,-16.712402],[50.023047,-16.695312],[49.936426,-16.90293]]],[[[48.342187,-13.363867],[48.343555,-13.400391],[48.211914,-13.385254],[48.191211,-13.259961],[48.255664,-13.256055],[48.269727,-13.20459],[48.308887,-13.198242],[48.351074,-13.30957],[48.342187,-13.363867]]],[[[49.538281,-12.432129],[49.58418,-12.536719],[49.637793,-12.637109],[49.80498,-12.879687],[49.876465,-12.973047],[49.9375,-13.072266],[49.967188,-13.270215],[50.073438,-13.57793],[50.173828,-14.040234],[50.20459,-14.514453],[50.235352,-14.732031],[50.313477,-14.936816],[50.441309,-15.149316],[50.482715,-15.385645],[50.40459,-15.629102],[50.291504,-15.858496],[50.262305,-15.901563],[50.208984,-15.960449],[50.184961,-15.957813],[50.094434,-15.898633],[50.02041,-15.801758],[49.926563,-15.573535],[49.892578,-15.457715],[49.85332,-15.439453],[49.74375,-15.449512],[49.664355,-15.521582],[49.649902,-15.566992],[49.666992,-15.695703],[49.69707,-15.811426],[49.710449,-15.928906],[49.712793,-16.076758],[49.742285,-16.121484],[49.785938,-16.159082],[49.831055,-16.255859],[49.839063,-16.486523],[49.811328,-16.603027],[49.733984,-16.703027],[49.738574,-16.758398],[49.767188,-16.815137],[49.739746,-16.849414],[49.636914,-16.892871],[49.595215,-16.931152],[49.539551,-17.03291],[49.449316,-17.240625],[49.437109,-17.34668],[49.493652,-17.669531],[49.477832,-17.898535],[49.362891,-18.336328],[49.296875,-18.544043],[49.20332,-18.792285],[49.060059,-19.119629],[48.918066,-19.530469],[48.797461,-19.953223],[48.708301,-20.207324],[48.607031,-20.45752],[48.468555,-20.9],[48.350781,-21.349023],[48.175879,-21.843066],[47.934473,-22.393945],[47.908398,-22.46582],[47.858301,-22.747266],[47.804102,-22.991504],[47.739453,-23.233398],[47.604102,-23.633105],[47.588672,-23.756348],[47.558008,-23.874609],[47.427637,-24.125195],[47.372559,-24.218457],[47.333594,-24.317578],[47.311719,-24.443164],[47.272852,-24.564355],[47.177344,-24.787207],[47.034961,-24.979004],[46.938184,-25.04873],[46.728516,-25.149902],[46.622266,-25.17041],[46.386719,-25.172754],[46.158691,-25.230371],[45.920898,-25.341309],[45.692188,-25.468457],[45.60459,-25.528711],[45.508008,-25.563184],[45.205762,-25.570508],[45.115234,-25.543066],[44.812891,-25.33418],[44.695801,-25.299707],[44.473828,-25.271094],[44.406738,-25.25332],[44.345898,-25.226074],[44.256152,-25.116895],[44.078125,-25.024609],[44.035352,-24.995703],[44.008301,-24.932031],[43.989844,-24.863477],[43.94375,-24.786719],[43.90957,-24.640625],[43.851562,-24.538379],[43.6875,-24.35791],[43.67002,-24.300293],[43.656836,-24.108789],[43.662109,-23.979199],[43.646094,-23.741895],[43.664746,-23.630273],[43.722266,-23.529688],[43.69873,-23.420898],[43.637598,-23.306543],[43.614648,-23.188184],[43.569531,-23.080469],[43.397852,-22.886328],[43.35752,-22.79082],[43.32959,-22.691895],[43.264844,-22.383594],[43.257129,-22.276367],[43.266602,-22.049316],[43.290527,-21.93252],[43.332227,-21.851172],[43.342676,-21.79043],[43.369727,-21.738281],[43.410547,-21.696484],[43.437793,-21.64668],[43.501855,-21.356445],[43.583105,-21.291992],[43.703613,-21.25498],[43.800195,-21.179199],[43.855664,-21.076855],[43.911133,-20.86582],[44.063086,-20.65625],[44.117187,-20.546094],[44.239648,-20.379688],[44.348145,-20.145508],[44.381055,-20.035156],[44.404688,-19.92207],[44.432227,-19.674219],[44.45293,-19.550879],[44.448828,-19.428711],[44.386523,-19.303125],[44.23877,-19.075195],[44.233984,-19.032617],[44.245703,-18.863184],[44.233105,-18.740625],[44.178711,-18.618555],[44.108789,-18.503516],[44.040039,-18.288477],[44.006641,-17.933008],[44.013672,-17.804492],[43.993555,-17.690332],[43.943555,-17.581445],[43.979395,-17.391602],[44.421387,-16.702637],[44.435742,-16.621484],[44.417969,-16.411328],[44.427051,-16.289063],[44.44248,-16.24375],[44.476172,-16.217285],[44.551855,-16.204492],[44.90918,-16.174512],[44.955078,-16.15332],[45.044238,-16.095117],[45.166797,-15.982812],[45.222852,-15.950488],[45.271289,-15.962305],[45.302344,-16.010449],[45.342187,-16.036719],[45.486328,-15.98584],[45.541797,-15.984277],[45.598242,-15.992578],[45.624707,-15.945801],[45.640527,-15.883105],[45.661523,-15.838867],[45.700195,-15.81377],[45.885938,-15.800098],[46.004297,-15.782129],[46.15752,-15.738281],[46.190527,-15.746875],[46.314063,-15.90459],[46.351562,-15.918164],[46.399609,-15.924609],[46.441602,-15.895898],[46.341309,-15.813379],[46.326172,-15.766699],[46.331445,-15.713672],[46.385156,-15.600098],[46.475098,-15.513477],[46.674707,-15.381836],[46.882031,-15.22959],[46.942285,-15.219043],[46.993262,-15.243164],[47.032324,-15.422656],[47.027441,-15.452246],[47.060547,-15.456348],[47.099219,-15.43418],[47.133398,-15.361719],[47.135156,-15.301563],[47.107324,-15.243848],[47.09375,-15.19502],[47.092578,-15.150098],[47.197656,-15.044043],[47.280469,-14.942676],[47.31875,-14.821777],[47.351953,-14.766113],[47.439063,-14.70332],[47.464746,-14.713281],[47.485059,-14.764355],[47.496387,-14.818359],[47.474023,-14.871973],[47.44209,-14.925],[47.429199,-14.995703],[47.47832,-15.009375],[47.524707,-14.992188],[47.592578,-14.864258],[47.67002,-14.743262],[47.716016,-14.680371],[47.774023,-14.636719],[47.87041,-14.645508],[47.96416,-14.672559],[47.811523,-14.544824],[47.77334,-14.369922],[47.955176,-14.067285],[47.956934,-14.004297],[47.983203,-13.984863],[47.995508,-13.960449],[47.901367,-13.858203],[47.883594,-13.80752],[47.895996,-13.730664],[47.941016,-13.662402],[47.981836,-13.614648],[48.039844,-13.596289],[48.085938,-13.622559],[48.187109,-13.706543],[48.255273,-13.719336],[48.337695,-13.638672],[48.405078,-13.537988],[48.506445,-13.46875],[48.621387,-13.425977],[48.796484,-13.26748],[48.910352,-12.93584],[48.919434,-12.839062],[48.894238,-12.72168],[48.853809,-12.610156],[48.786328,-12.470898],[48.803906,-12.440039],[48.899609,-12.458496],[48.931738,-12.439063],[49.035742,-12.31582],[49.207031,-12.07959],[49.263477,-12.080176],[49.312109,-12.123926],[49.330176,-12.188672],[49.363965,-12.236328],[49.479785,-12.348438],[49.538281,-12.432129]]]]}},{"type":"Feature","properties":{"cartodb_id":153,"name":"Malawi","mapcolor":1},"geometry":{"type":"MultiPolygon","coordinates":[[[[34.719336,-12.110645],[34.68418,-12.118652],[34.662109,-12.100781],[34.66748,-12.047559],[34.679883,-12.008887],[34.714941,-12.002734],[34.738965,-12.013086],[34.755957,-12.030762],[34.75625,-12.059082],[34.745996,-12.088379],[34.719336,-12.110645]]],[[[34.641602,-12.013672],[34.621777,-12.066602],[34.580469,-12.06582],[34.541602,-12.018652],[34.554004,-11.982227],[34.591406,-11.971094],[34.624219,-11.984766],[34.641602,-12.013672]]],[[[33.330859,-9.519141],[33.420898,-9.608008],[33.467773,-9.619727],[33.527539,-9.60752],[33.697656,-9.598145],[33.766211,-9.610938],[33.854199,-9.662988],[33.888867,-9.670117],[33.943945,-9.672168],[33.953711,-9.658203],[33.959375,-9.627344],[33.949609,-9.565332],[33.962109,-9.531738],[33.995605,-9.49541],[34.088574,-9.537793],[34.320898,-9.731543],[34.327832,-9.756543],[34.475977,-9.948828],[34.524219,-10.030176],[34.524219,-10.073145],[34.569922,-10.241113],[34.57998,-10.319824],[34.569727,-10.379687],[34.571582,-10.427637],[34.589551,-10.496191],[34.583594,-10.525098],[34.636523,-10.625586],[34.661816,-10.710059],[34.66709,-10.79248],[34.652344,-10.872852],[34.605664,-10.990234],[34.597656,-11.0375],[34.60791,-11.080469],[34.638086,-11.127148],[34.688477,-11.177441],[34.726465,-11.238184],[34.752148,-11.309473],[34.773828,-11.341699],[34.800879,-11.340918],[34.850586,-11.351953],[34.890625,-11.393555],[34.937012,-11.463477],[34.952637,-11.54375],[34.959473,-11.578125],[34.826563,-11.575684],[34.65957,-11.588672],[34.618555,-11.620215],[34.60625,-11.690039],[34.553906,-11.834082],[34.524805,-11.887012],[34.462891,-11.983789],[34.375977,-12.120215],[34.357812,-12.164746],[34.36084,-12.210547],[34.412109,-12.395898],[34.46582,-12.590723],[34.48291,-12.666797],[34.521289,-12.925781],[34.542578,-13.108691],[34.545703,-13.216309],[34.563672,-13.360156],[34.611523,-13.437891],[34.661621,-13.486719],[34.850488,-13.516016],[34.906836,-13.55166],[35.013867,-13.643457],[35.247461,-13.896875],[35.375781,-14.058691],[35.488477,-14.201074],[35.69043,-14.465527],[35.847168,-14.670898],[35.866699,-14.86377],[35.892773,-14.891797],[35.839941,-15.034668],[35.805371,-15.265625],[35.830273,-15.418945],[35.819922,-15.680371],[35.791211,-15.958691],[35.755273,-16.058301],[35.708887,-16.095801],[35.599316,-16.125879],[35.358496,-16.160547],[35.322461,-16.193164],[35.291504,-16.247168],[35.242773,-16.375391],[35.185254,-16.504883],[35.167188,-16.560254],[35.17832,-16.57334],[35.229785,-16.639258],[35.281152,-16.807812],[35.29043,-17.096973],[35.272559,-17.118457],[35.201367,-17.131055],[35.124609,-17.127246],[35.093066,-17.110938],[35.064648,-17.078613],[35.043945,-17.016895],[35.094238,-16.973828],[35.112109,-16.898535],[35.079883,-16.833887],[35.015332,-16.819531],[34.933398,-16.760352],[34.758789,-16.56709],[34.612695,-16.431543],[34.528125,-16.319141],[34.441309,-16.274414],[34.416406,-16.246777],[34.395508,-16.199219],[34.395117,-16.130859],[34.403027,-16.080273],[34.375977,-16.02373],[34.288281,-15.936133],[34.248242,-15.8875],[34.246094,-15.829395],[34.283008,-15.773438],[34.358008,-15.705273],[34.414746,-15.566797],[34.434961,-15.477148],[34.54082,-15.297266],[34.555469,-15.140918],[34.557617,-15.015918],[34.551172,-14.922363],[34.524121,-14.730762],[34.505273,-14.598145],[34.375,-14.424805],[34.33252,-14.408594],[34.208789,-14.42373],[34.101855,-14.449316],[34.049414,-14.485254],[33.969824,-14.487109],[33.761426,-14.517285],[33.696094,-14.530273],[33.658301,-14.561621],[33.636426,-14.568164],[33.505273,-14.434082],[33.389941,-14.289453],[33.243555,-14.043066],[33.201758,-14.013379],[33.148047,-13.940918],[33.103613,-13.95918],[33.042383,-14.010059],[33.009277,-14.02373],[32.99209,-14.022168],[32.98125,-14.009375],[32.967578,-13.976855],[32.920312,-13.883887],[32.867188,-13.817383],[32.811035,-13.791602],[32.765137,-13.761035],[32.785352,-13.731445],[32.806738,-13.710254],[32.797461,-13.688477],[32.771777,-13.656543],[32.67207,-13.610352],[32.67041,-13.59043],[32.758398,-13.550293],[32.814063,-13.502734],[32.851855,-13.457031],[32.899707,-13.357031],[32.938574,-13.257422],[32.967578,-13.225],[32.977637,-13.158887],[32.971094,-13.084277],[32.99043,-12.989453],[33,-12.899609],[32.970508,-12.864746],[32.945605,-12.804395],[32.975195,-12.701367],[33.021582,-12.630469],[33.243457,-12.556543],[33.397949,-12.489844],[33.430664,-12.460449],[33.483203,-12.403418],[33.512305,-12.347754],[33.491406,-12.331055],[33.37002,-12.329688],[33.340137,-12.308301],[33.252344,-12.112598],[33.300977,-11.888184],[33.305078,-11.8],[33.303906,-11.69082],[33.288281,-11.611133],[33.25,-11.577637],[33.226367,-11.534863],[33.232715,-11.417676],[33.268359,-11.403906],[33.345508,-11.249121],[33.379785,-11.15791],[33.338672,-11.085156],[33.293262,-10.981152],[33.272754,-10.915039],[33.261328,-10.893359],[33.292773,-10.852344],[33.344922,-10.812695],[33.403125,-10.801758],[33.464746,-10.783105],[33.659082,-10.590527],[33.661523,-10.553125],[33.626172,-10.488574],[33.553711,-10.391309],[33.537598,-10.351562],[33.528906,-10.234668],[33.500098,-10.199707],[33.393555,-10.120898],[33.311523,-10.037988],[33.337109,-9.954004],[33.350977,-9.862207],[33.310449,-9.811816],[33.25,-9.75957],[33.212695,-9.683008],[33.195703,-9.626172],[33.148047,-9.603516],[33.104492,-9.602637],[33.072461,-9.638184],[33.037793,-9.635059],[32.995996,-9.622852],[32.982129,-9.573633],[32.979883,-9.520313],[32.951074,-9.48418],[32.92334,-9.433984],[32.919922,-9.407422],[32.937305,-9.399707],[32.974023,-9.39502],[33.130469,-9.495898],[33.225293,-9.500488],[33.330859,-9.519141]]]]}},{"type":"Feature","properties":{"cartodb_id":143,"name":"Mali","mapcolor":1},"geometry":{"type":"MultiPolygon","coordinates":[[[[4.227637,19.142773],[4.228223,18.968066],[4.229004,18.704346],[4.22998,18.410596],[4.230859,18.139453],[4.231934,17.830518],[4.232715,17.582178],[4.233691,17.288428],[4.234668,16.996387],[4.20293,16.962695],[4.191211,16.798193],[4.182129,16.581787],[4.121289,16.357715],[4.014844,16.192725],[3.976172,16.035547],[3.94707,15.945654],[3.907227,15.896826],[3.897949,15.837988],[3.876953,15.755273],[3.842969,15.701709],[3.816504,15.674023],[3.70957,15.641699],[3.520508,15.483105],[3.504297,15.356348],[3.289062,15.391113],[3.060156,15.427197],[3.029395,15.424854],[3.010547,15.408301],[3.001074,15.340967],[2.689648,15.329883],[2.420801,15.32041],[2.088184,15.309375],[1.859375,15.301709],[1.569141,15.286475],[1.300195,15.272266],[1.121289,15.126123],[0.960059,14.986914],[0.947461,14.982129],[0.718652,14.954883],[0.433008,14.979004],[0.28623,14.980176],[0.228711,14.963672],[0.21748,14.911475],[0.007324,14.984814],[-0.235889,15.059424],[-0.40542,15.0125],[-0.432275,15.028516],[-0.454492,15.059668],[-0.536523,15.077881],[-0.666455,15.069775],[-0.760449,15.047754],[-0.907959,14.937402],[-1.019189,14.841357],[-1.049561,14.819531],[-1.20498,14.761523],[-1.493652,14.626074],[-1.657324,14.526807],[-1.695068,14.508496],[-1.767773,14.486035],[-1.879785,14.481494],[-1.973047,14.456543],[-2.057129,14.194629],[-2.113232,14.168457],[-2.457227,14.274121],[-2.526904,14.258301],[-2.586719,14.227588],[-2.778857,14.07373],[-2.873926,13.950732],[-2.925879,13.786768],[-2.918506,13.736377],[-2.91709,13.679492],[-2.95083,13.648438],[-2.997217,13.637109],[-3.038672,13.639111],[-3.198437,13.672852],[-3.248633,13.65835],[-3.270166,13.577441],[-3.266748,13.400781],[-3.301758,13.280762],[-3.396729,13.243701],[-3.469922,13.196387],[-3.527637,13.182715],[-3.575781,13.194189],[-3.853467,13.373535],[-3.947314,13.402197],[-4.051172,13.382422],[-4.151025,13.306201],[-4.196191,13.256152],[-4.258691,13.197314],[-4.328711,13.119043],[-4.310254,13.05249],[-4.260645,12.975342],[-4.225244,12.879492],[-4.2271,12.793701],[-4.480615,12.672217],[-4.459863,12.630371],[-4.421924,12.581592],[-4.421582,12.493066],[-4.428711,12.337598],[-4.479883,12.281787],[-4.546045,12.226465],[-4.586914,12.155029],[-4.627246,12.120215],[-4.699316,12.076172],[-4.797949,12.032129],[-4.968994,11.993311],[-5.105908,11.967529],[-5.15752,11.942383],[-5.230176,11.890283],[-5.288135,11.82793],[-5.302002,11.760449],[-5.290527,11.683301],[-5.270312,11.619873],[-5.244775,11.576758],[-5.229395,11.522461],[-5.250244,11.375781],[-5.299854,11.205957],[-5.347412,11.130273],[-5.424219,11.088721],[-5.490479,11.042383],[-5.468555,10.931055],[-5.45708,10.771387],[-5.475684,10.643945],[-5.479004,10.565088],[-5.507031,10.483447],[-5.523535,10.426025],[-5.556592,10.439941],[-5.694287,10.433203],[-5.843848,10.389551],[-5.896191,10.354736],[-5.907568,10.307227],[-5.940674,10.275098],[-5.988672,10.239111],[-6.03457,10.194824],[-6.117188,10.201904],[-6.196875,10.232129],[-6.238379,10.261621],[-6.241309,10.279199],[-6.21499,10.322363],[-6.192627,10.369434],[-6.190674,10.400293],[-6.217773,10.47627],[-6.239746,10.558105],[-6.230664,10.59751],[-6.250244,10.71792],[-6.261133,10.724072],[-6.365625,10.692822],[-6.40415,10.685107],[-6.425879,10.671777],[-6.432617,10.64873],[-6.40752,10.572363],[-6.423926,10.559131],[-6.482617,10.56123],[-6.5646,10.586426],[-6.65415,10.656445],[-6.676367,10.633789],[-6.686133,10.578027],[-6.691992,10.512012],[-6.669336,10.392187],[-6.693262,10.349463],[-6.753223,10.357129],[-6.833643,10.356982],[-6.903809,10.345068],[-6.950342,10.342334],[-6.979492,10.299561],[-6.991748,10.251855],[-6.963818,10.19873],[-6.968164,10.176221],[-6.989453,10.155664],[-7.01709,10.143262],[-7.039746,10.144775],[-7.104883,10.203516],[-7.182324,10.225684],[-7.363184,10.259375],[-7.385059,10.340137],[-7.414795,10.341309],[-7.456543,10.383936],[-7.497949,10.439795],[-7.532812,10.436816],[-7.562109,10.42124],[-7.661133,10.427441],[-7.749072,10.342285],[-7.814209,10.236572],[-7.884082,10.185742],[-7.960937,10.163477],[-7.990625,10.1625],[-7.974463,10.229541],[-7.985693,10.278418],[-8.007275,10.321875],[-8.231494,10.437988],[-8.26665,10.485986],[-8.301562,10.617578],[-8.324121,10.749512],[-8.32168,10.826953],[-8.306348,10.896094],[-8.312744,10.949756],[-8.337402,10.990625],[-8.404492,11.029932],[-8.474707,11.048389],[-8.563525,10.99668],[-8.606201,10.986963],[-8.646191,10.990479],[-8.666699,11.009473],[-8.663916,11.03584],[-8.567285,11.177002],[-8.520312,11.235937],[-8.463525,11.280713],[-8.425293,11.304736],[-8.400684,11.339404],[-8.398535,11.366553],[-8.407471,11.386279],[-8.470703,11.412207],[-8.56875,11.478076],[-8.621143,11.485107],[-8.664941,11.51499],[-8.711426,11.617773],[-8.733105,11.6375],[-8.779736,11.648242],[-8.822021,11.673242],[-8.820068,11.807129],[-8.818311,11.92251],[-8.913867,12.108545],[-8.95083,12.225586],[-8.998926,12.345898],[-9.043066,12.402344],[-9.120459,12.449951],[-9.215527,12.482861],[-9.3,12.490283],[-9.365186,12.479297],[-9.395361,12.464648],[-9.393652,12.442236],[-9.34082,12.366016],[-9.331543,12.32373],[-9.340186,12.282764],[-9.358105,12.25542],[-9.40498,12.252441],[-9.486816,12.228662],[-9.587744,12.182471],[-9.658301,12.143115],[-9.714746,12.04248],[-9.754004,12.029932],[-9.820703,12.04248],[-10.010645,12.116455],[-10.16709,12.177441],[-10.274854,12.212646],[-10.339893,12.190283],[-10.372754,12.179541],[-10.46582,12.138672],[-10.589502,11.990283],[-10.618994,11.941211],[-10.643701,11.925537],[-10.677344,11.899414],[-10.709229,11.89873],[-10.734912,11.916455],[-10.743018,11.927246],[-10.806494,12.034277],[-10.876172,12.151855],[-10.933203,12.205176],[-11.004541,12.20752],[-11.06582,12.170801],[-11.129248,12.09502],[-11.209668,12.024854],[-11.260693,12.004053],[-11.305176,12.01543],[-11.414648,12.104004],[-11.492432,12.166943],[-11.502197,12.198633],[-11.474561,12.247168],[-11.447559,12.319238],[-11.418066,12.377686],[-11.389404,12.404395],[-11.382422,12.479248],[-11.448779,12.531934],[-11.450586,12.557715],[-11.444092,12.627588],[-11.414355,12.775488],[-11.417432,12.831885],[-11.390381,12.941992],[-11.433936,12.991602],[-11.444141,13.028223],[-11.492822,13.086963],[-11.548779,13.170264],[-11.56167,13.236963],[-11.581348,13.290039],[-11.634961,13.369873],[-11.674463,13.382373],[-11.758252,13.394531],[-11.772217,13.36709],[-11.803369,13.327295],[-11.831689,13.31582],[-11.877783,13.364551],[-11.895215,13.406299],[-11.89458,13.444434],[-11.95708,13.510889],[-12.054199,13.633057],[-12.044141,13.733887],[-11.98418,13.788086],[-11.966357,13.828955],[-11.960889,13.875293],[-11.988086,13.930762],[-12.020117,13.974658],[-12.011182,14.071826],[-12.019189,14.206494],[-12.068359,14.274219],[-12.112891,14.323291],[-12.175244,14.37666],[-12.228418,14.458594],[-12.206836,14.571143],[-12.186523,14.648145],[-12.280615,14.809033],[-12.104687,14.745361],[-12.081543,14.766357],[-12.021582,14.804932],[-11.940918,14.886914],[-11.872852,14.995166],[-11.842236,15.129395],[-11.82876,15.244873],[-11.798437,15.342725],[-11.760156,15.425537],[-11.675879,15.512061],[-11.596729,15.573242],[-11.502686,15.636816],[-11.455225,15.625391],[-11.365625,15.536768],[-11.169336,15.358643],[-11.007422,15.2229],[-10.948242,15.151123],[-10.895605,15.150488],[-10.815088,15.281738],[-10.731982,15.394922],[-10.696582,15.422656],[-10.586572,15.434863],[-10.493164,15.439795],[-10.411816,15.437939],[-10.262109,15.416016],[-10.19375,15.396045],[-10.129541,15.383691],[-9.941406,15.373779],[-9.755078,15.401465],[-9.577832,15.437256],[-9.446924,15.458203],[-9.440332,15.51167],[-9.447705,15.574854],[-9.426562,15.623047],[-9.385352,15.667627],[-9.350586,15.677393],[-9.335449,15.525684],[-9.293701,15.502832],[-9.176807,15.496094],[-8.987061,15.496094],[-8.783105,15.496094],[-8.57915,15.496143],[-8.375195,15.496143],[-8.17124,15.496143],[-7.967285,15.496143],[-7.763379,15.496143],[-7.559375,15.496143],[-7.355469,15.496191],[-7.151514,15.496191],[-6.947559,15.496191],[-6.743604,15.496191],[-6.539648,15.496191],[-6.335742,15.496191],[-6.131787,15.49624],[-5.927832,15.496289],[-5.723877,15.496289],[-5.5125,15.496289],[-5.455615,15.789404],[-5.403564,16.05791],[-5.359912,16.282861],[-5.509619,16.442041],[-5.628662,16.568652],[-5.65625,16.80957],[-5.684766,17.058252],[-5.713184,17.306885],[-5.741699,17.555566],[-5.770166,17.804248],[-5.798633,18.05293],[-5.8271,18.301563],[-5.855566,18.550244],[-5.884082,18.798877],[-5.9125,19.04751],[-5.941016,19.296191],[-5.969482,19.544873],[-5.997949,19.793506],[-6.026416,20.042187],[-6.054883,20.290869],[-6.083398,20.539502],[-6.111816,20.788184],[-6.140332,21.036865],[-6.168799,21.285547],[-6.197266,21.53418],[-6.225732,21.782861],[-6.254199,22.031543],[-6.282715,22.280176],[-6.311133,22.528857],[-6.339648,22.77749],[-6.368115,23.026123],[-6.396582,23.274805],[-6.425049,23.523486],[-6.453516,23.772168],[-6.482031,24.020801],[-6.510449,24.269482],[-6.538965,24.518164],[-6.567383,24.766797],[-6.594092,24.994629],[-6.287207,24.994824],[-5.959814,24.994971],[-5.640771,24.995166],[-5.1729,24.99541],[-4.822607,24.995605],[-4.516992,24.804492],[-4.240332,24.623535],[-3.912793,24.409473],[-3.585352,24.195361],[-3.257861,23.98125],[-2.930371,23.767139],[-2.60293,23.553027],[-2.275391,23.338867],[-1.9479,23.124805],[-1.62041,22.910645],[-1.292969,22.696533],[-0.965479,22.482471],[-0.637988,22.268311],[-0.310547,22.054199],[0.016992,21.840137],[0.344434,21.625977],[0.671875,21.411865],[0.999414,21.197754],[1.145508,21.102246],[1.15918,21.0625],[1.172754,20.981982],[1.164062,20.891309],[1.165723,20.817432],[1.208887,20.767285],[1.290234,20.713574],[1.610645,20.555566],[1.636035,20.524365],[1.647363,20.458838],[1.685449,20.378369],[1.753223,20.331592],[1.832422,20.296875],[1.928809,20.272705],[2.219336,20.247803],[2.280859,20.210303],[2.406152,20.063867],[2.474219,20.03501],[2.667773,19.99292],[2.80791,19.969434],[2.865723,19.955957],[2.99248,19.916602],[3.130273,19.850195],[3.203711,19.789697],[3.203418,19.770752],[3.202734,19.718311],[3.20166,19.5604],[3.227051,19.473584],[3.255859,19.410938],[3.254395,19.372607],[3.219629,19.34541],[3.192383,19.312061],[3.177246,19.268164],[3.137891,19.212158],[3.106055,19.150098],[3.119727,19.103174],[3.174219,19.0729],[3.255957,19.013281],[3.323438,18.988379],[3.356445,18.986621],[3.400879,18.988428],[3.43877,18.996143],[3.683496,19.041602],[3.910156,19.08374],[4.227637,19.142773]]]]}},{"type":"Feature","properties":{"cartodb_id":150,"name":"Mauritania","mapcolor":3},"geometry":{"type":"MultiPolygon","coordinates":[[[[-16.37334,19.706445],[-16.437549,19.609277],[-16.465967,19.646387],[-16.477002,19.710352],[-16.420166,19.801953],[-16.393262,19.849268],[-16.343652,19.866211],[-16.37334,19.706445]]],[[[-6.168799,21.285547],[-6.140332,21.036865],[-6.111816,20.788184],[-6.083398,20.539502],[-6.054883,20.290869],[-6.026416,20.042188],[-5.997949,19.793506],[-5.969482,19.544873],[-5.941016,19.296191],[-5.9125,19.04751],[-5.884082,18.798877],[-5.855566,18.550244],[-5.8271,18.301563],[-5.798633,18.05293],[-5.770166,17.804248],[-5.741699,17.555566],[-5.713184,17.306885],[-5.684766,17.058252],[-5.65625,16.80957],[-5.628662,16.568652],[-5.509619,16.442041],[-5.359912,16.282861],[-5.403564,16.05791],[-5.455615,15.789404],[-5.5125,15.496289],[-5.723877,15.496289],[-5.927832,15.496289],[-6.131787,15.49624],[-6.335742,15.496191],[-6.539648,15.496191],[-6.743604,15.496191],[-6.947559,15.496191],[-7.151514,15.496191],[-7.355469,15.496191],[-7.559375,15.496143],[-7.763379,15.496143],[-7.967285,15.496143],[-8.17124,15.496143],[-8.375195,15.496143],[-8.57915,15.496143],[-8.783105,15.496094],[-8.987061,15.496094],[-9.176807,15.496094],[-9.293701,15.502832],[-9.335449,15.525684],[-9.350586,15.677393],[-9.385352,15.667627],[-9.426562,15.623047],[-9.447705,15.574854],[-9.440332,15.51167],[-9.446924,15.458203],[-9.577832,15.437256],[-9.755078,15.401465],[-9.941406,15.373779],[-10.129541,15.383691],[-10.19375,15.396045],[-10.262109,15.416016],[-10.411816,15.437939],[-10.493164,15.439795],[-10.586572,15.434863],[-10.696582,15.422656],[-10.731982,15.394922],[-10.815088,15.281738],[-10.895605,15.150488],[-10.948242,15.151123],[-11.007422,15.2229],[-11.169336,15.358643],[-11.365625,15.536768],[-11.455225,15.625391],[-11.502686,15.636816],[-11.596729,15.573242],[-11.675879,15.512061],[-11.760156,15.425537],[-11.798437,15.342725],[-11.82876,15.244873],[-11.842236,15.129395],[-11.872852,14.995166],[-11.940918,14.886914],[-12.021582,14.804932],[-12.081543,14.766357],[-12.104687,14.745361],[-12.280615,14.809033],[-12.302539,14.816992],[-12.408691,14.889014],[-12.459863,14.974658],[-12.543555,15.039014],[-12.659619,15.08208],[-12.735254,15.13125],[-12.770312,15.18667],[-12.813184,15.223535],[-12.858496,15.242529],[-12.862646,15.262402],[-12.851904,15.289648],[-12.862695,15.34043],[-12.930859,15.453027],[-12.994336,15.504883],[-13.048535,15.496631],[-13.079297,15.510449],[-13.0979,15.535254],[-13.105273,15.571777],[-13.142383,15.60332],[-13.206445,15.616895],[-13.258008,15.700391],[-13.297021,15.853857],[-13.347559,15.973486],[-13.409668,16.05918],[-13.454102,16.091113],[-13.486963,16.097021],[-13.498145,16.110303],[-13.506982,16.135205],[-13.555518,16.144043],[-13.623535,16.118311],[-13.684668,16.126904],[-13.714941,16.168799],[-13.756641,16.17251],[-13.809814,16.138037],[-13.868457,16.148145],[-13.932617,16.202881],[-13.968164,16.257227],[-13.975049,16.311133],[-14.085645,16.418848],[-14.300098,16.580273],[-14.53374,16.655957],[-14.786719,16.645898],[-14.928613,16.653516],[-14.959521,16.678906],[-14.990625,16.676904],[-15.021924,16.647461],[-15.055225,16.640967],[-15.090576,16.657373],[-15.112646,16.644922],[-15.121436,16.603613],[-15.210547,16.582617],[-15.37998,16.581982],[-15.516699,16.556592],[-15.620801,16.506592],[-15.768213,16.485107],[-15.958984,16.492139],[-16.074023,16.510449],[-16.113281,16.540137],[-16.168359,16.54707],[-16.239014,16.531299],[-16.302295,16.451318],[-16.358105,16.307178],[-16.404346,16.224902],[-16.441016,16.204541],[-16.480078,16.097217],[-16.502051,15.917334],[-16.535254,15.838379],[-16.535742,16.286816],[-16.481299,16.454248],[-16.463623,16.601514],[-16.34668,16.926416],[-16.207471,17.192578],[-16.078906,17.54585],[-16.030322,17.887939],[-16.046729,18.223145],[-16.084961,18.521191],[-16.150098,18.718164],[-16.213086,19.00332],[-16.305908,19.153809],[-16.476172,19.285059],[-16.514453,19.361963],[-16.474805,19.390625],[-16.371289,19.410254],[-16.305273,19.512646],[-16.444873,19.473145],[-16.283398,19.787158],[-16.233203,20.000977],[-16.241162,20.14126],[-16.210449,20.22793],[-16.33374,20.415869],[-16.429785,20.652344],[-16.479199,20.689795],[-16.53042,20.709521],[-16.534912,20.654004],[-16.562695,20.60415],[-16.62251,20.63418],[-16.728369,20.806152],[-16.876074,21.086133],[-16.92793,21.114795],[-16.971143,21.076465],[-16.998242,21.039697],[-17.048047,20.806152],[-17.063965,20.898828],[-17.042383,21.008008],[-17.005908,21.142432],[-16.964551,21.329248],[-16.836328,21.329395],[-16.607031,21.329639],[-16.377734,21.329932],[-16.148437,21.330225],[-15.919141,21.330469],[-15.689795,21.330762],[-15.460547,21.331055],[-15.231201,21.331299],[-15.001904,21.331592],[-14.772607,21.331885],[-14.543262,21.332129],[-14.313965,21.332422],[-14.084668,21.332715],[-13.855371,21.332959],[-13.626025,21.333252],[-13.396729,21.333545],[-13.167432,21.333789],[-13.016211,21.333936],[-13.025098,21.466797],[-13.032227,21.57207],[-13.041748,21.713818],[-13.051221,21.854785],[-13.060645,21.995752],[-13.06958,22.128174],[-13.078467,22.260449],[-13.086768,22.383252],[-13.094336,22.495996],[-13.107324,22.560742],[-13.155957,22.689307],[-13.166504,22.753223],[-13.153271,22.820508],[-13.120898,22.884082],[-13.031494,23.000244],[-12.895996,23.089551],[-12.7396,23.192725],[-12.62041,23.271338],[-12.559375,23.29082],[-12.3729,23.318018],[-12.226172,23.37749],[-12.08335,23.435449],[-12.023437,23.467578],[-12.016309,23.576465],[-12.016309,23.6979],[-12.016309,23.834033],[-12.016309,23.970215],[-12.016309,24.106348],[-12.016309,24.24248],[-12.016309,24.378662],[-12.016309,24.514795],[-12.016309,24.650977],[-12.016309,24.787109],[-12.016309,24.923242],[-12.016309,25.059375],[-12.016309,25.195557],[-12.016309,25.331689],[-12.016309,25.467871],[-12.016309,25.604004],[-12.016309,25.740137],[-12.016309,25.876318],[-12.016309,25.99541],[-11.86665,25.99541],[-11.680371,25.99541],[-11.494043,25.99541],[-11.307715,25.99541],[-11.121387,25.995459],[-10.935107,25.995459],[-10.748779,25.995459],[-10.562451,25.995459],[-10.376123,25.995459],[-10.189795,25.995459],[-10.003516,25.995459],[-9.817187,25.995459],[-9.630859,25.995508],[-9.444531,25.995508],[-9.258203,25.995508],[-9.071924,25.995508],[-8.885645,25.995508],[-8.682227,25.995508],[-8.682129,26.109473],[-8.682129,26.273193],[-8.682324,26.497705],[-8.682617,26.723145],[-8.682861,26.921338],[-8.683105,27.119287],[-8.68335,27.285938],[-8.495312,27.175342],[-8.307275,27.064746],[-8.119238,26.95415],[-7.931152,26.843555],[-7.743115,26.732959],[-7.555078,26.622363],[-7.366992,26.511768],[-7.178906,26.401172],[-6.990869,26.290576],[-6.802832,26.17998],[-6.614746,26.069434],[-6.426709,25.958789],[-6.238672,25.848193],[-6.050586,25.737598],[-5.862549,25.627002],[-5.674512,25.516406],[-5.516943,25.423779],[-5.275,25.274512],[-5.049512,25.135449],[-4.822607,24.995605],[-5.1729,24.99541],[-5.640771,24.995166],[-5.959814,24.994971],[-6.287207,24.994824],[-6.594092,24.994629],[-6.567383,24.766797],[-6.538965,24.518164],[-6.510449,24.269482],[-6.482031,24.020801],[-6.453516,23.772168],[-6.425049,23.523486],[-6.396582,23.274805],[-6.368115,23.026123],[-6.339648,22.77749],[-6.311133,22.528857],[-6.282715,22.280176],[-6.254199,22.031543],[-6.225732,21.782861],[-6.197266,21.53418],[-6.168799,21.285547]]]]}},{"type":"Feature","properties":{"cartodb_id":135,"name":"Morocco","mapcolor":2},"geometry":{"type":"MultiPolygon","coordinates":[[[[-4.62832,35.206396],[-4.32998,35.161475],[-3.982422,35.243408],[-3.787988,35.244922],[-3.693262,35.27998],[-3.590625,35.22832],[-3.394727,35.211816],[-3.206006,35.239111],[-3.063086,35.317236],[-2.972217,35.407275],[-2.957959,35.363086],[-2.953613,35.315137],[-2.925977,35.287109],[-2.869531,35.172656],[-2.839941,35.127832],[-2.731396,35.135205],[-2.636816,35.112695],[-2.42373,35.123486],[-2.219629,35.104199],[-2.190771,35.029785],[-2.131787,34.97085],[-1.920898,34.835547],[-1.795605,34.751904],[-1.792187,34.723193],[-1.832422,34.654639],[-1.849658,34.607324],[-1.816602,34.55708],[-1.739453,34.496094],[-1.733301,34.467041],[-1.751855,34.433252],[-1.791797,34.36792],[-1.706934,34.176074],[-1.692676,33.990283],[-1.714697,33.858203],[-1.714111,33.781836],[-1.702979,33.716846],[-1.63125,33.566748],[-1.679199,33.318652],[-1.625098,33.18335],[-1.550732,33.073584],[-1.51001,32.877637],[-1.45,32.784814],[-1.352148,32.703369],[-1.296387,32.675684],[-1.188232,32.608496],[-1.111035,32.552295],[-1.065527,32.468311],[-1.162598,32.39917],[-1.240332,32.337598],[-1.262109,32.271143],[-1.225928,32.164551],[-1.225928,32.107227],[-1.275342,32.089014],[-1.477051,32.094873],[-1.635156,32.099561],[-1.816992,32.104785],[-2.072803,32.115039],[-2.23125,32.121338],[-2.448389,32.12998],[-2.523242,32.125684],[-2.722607,32.095752],[-2.863428,32.074707],[-2.887207,32.068848],[-2.930859,32.042529],[-2.961133,31.963965],[-2.988232,31.874219],[-3.017383,31.834277],[-3.439795,31.704541],[-3.60459,31.686768],[-3.700244,31.700098],[-3.768164,31.689551],[-3.826758,31.661914],[-3.84668,31.619873],[-3.849561,31.566406],[-3.837109,31.512354],[-3.796436,31.437109],[-3.78916,31.361816],[-3.815137,31.308838],[-3.821387,31.255469],[-3.833398,31.197803],[-3.811816,31.166602],[-3.770996,31.161816],[-3.730176,31.1354],[-3.67251,31.111377],[-3.624512,31.065771],[-3.626904,31.000928],[-3.666797,30.964014],[-3.702002,30.944482],[-3.860059,30.927246],[-3.985352,30.913525],[-4.148779,30.80957],[-4.322852,30.698877],[-4.52915,30.625537],[-4.619629,30.604785],[-4.778516,30.552393],[-4.968262,30.465381],[-5.061914,30.326416],[-5.180127,30.166162],[-5.293652,30.058643],[-5.448779,29.956934],[-5.593311,29.917969],[-5.775,29.869043],[-6.004297,29.83125],[-6.166504,29.818945],[-6.214795,29.810693],[-6.357617,29.808301],[-6.427637,29.816113],[-6.479736,29.820361],[-6.500879,29.809131],[-6.50791,29.783789],[-6.510693,29.726025],[-6.520557,29.659863],[-6.565674,29.603857],[-6.597754,29.578955],[-6.635352,29.568799],[-6.755127,29.583838],[-6.855566,29.601611],[-7.094922,29.625195],[-7.142432,29.61958],[-7.160205,29.612646],[-7.234912,29.574902],[-7.349756,29.494727],[-7.427686,29.425],[-7.485742,29.392236],[-7.624609,29.375195],[-7.685156,29.349512],[-7.943848,29.174756],[-7.998926,29.132422],[-8.265186,28.980518],[-8.340479,28.930176],[-8.399316,28.880176],[-8.55835,28.767871],[-8.659912,28.718604],[-8.678418,28.689404],[-8.68335,28.620752],[-8.68335,28.469238],[-8.68335,28.323682],[-8.68335,28.112012],[-8.68335,27.900391],[-8.68335,27.656445],[-8.817822,27.656445],[-8.817773,27.655908],[-8.813916,27.613867],[-8.78457,27.530859],[-8.774365,27.460547],[-8.788965,27.416553],[-8.802686,27.360938],[-8.796826,27.308203],[-8.774365,27.250586],[-8.753857,27.191016],[-8.753857,27.150977],[-8.794873,27.120703],[-8.889062,27.104102],[-9.001904,27.09043],[-9.084424,27.09043],[-9.208447,27.100195],[-9.285596,27.098242],[-9.352979,27.098242],[-9.413037,27.088477],[-9.487305,27.050391],[-9.569824,26.99082],[-9.67334,26.910742],[-9.735352,26.860938],[-9.817871,26.850195],[-9.900342,26.850195],[-9.980908,26.890234],[-10.032715,26.910742],[-10.066846,26.908789],[-10.123047,26.880469],[-10.189453,26.860938],[-10.251465,26.860938],[-10.354932,26.900977],[-10.478955,26.960547],[-10.55127,26.99082],[-10.654248,27.000586],[-10.757764,27.020117],[-10.830078,27.010352],[-10.922803,27.010352],[-11.046826,26.970313],[-11.150342,26.941016],[-11.263623,26.910742],[-11.392578,26.883398],[-11.361279,26.793555],[-11.316846,26.744727],[-11.316846,26.68418],[-11.337891,26.633398],[-11.399902,26.583594],[-11.470703,26.520117],[-11.51167,26.470313],[-11.553174,26.400977],[-11.583984,26.360937],[-11.637207,26.295508],[-11.684521,26.213477],[-11.699219,26.162695],[-11.718213,26.104102],[-11.754883,26.086523],[-11.880859,26.070898],[-11.960889,26.050391],[-12.030762,26.030859],[-12.056787,25.996338],[-12.060986,25.99082],[-12.081055,25.920508],[-12.081055,25.870703],[-12.101025,25.830664],[-12.130859,25.731055],[-12.17085,25.640234],[-12.201123,25.520117],[-12.230957,25.420508],[-12.270947,25.260303],[-12.310986,25.110938],[-12.36084,24.970313],[-12.400879,24.880469],[-12.431152,24.830664],[-12.500977,24.770117],[-12.561035,24.731055],[-12.630811,24.680273],[-12.710938,24.630469],[-12.820752,24.570898],[-12.911133,24.520117],[-12.947852,24.497266],[-12.991162,24.470313],[-13.061035,24.400977],[-13.121094,24.300391],[-13.161133,24.220313],[-13.230957,24.09043],[-13.280762,24.020117],[-13.310986,23.981055],[-13.391113,23.941016],[-13.480957,23.910742],[-13.581055,23.870703],[-13.661084,23.830664],[-13.770947,23.790625],[-13.840771,23.750586],[-13.891113,23.691016],[-13.931104,23.620703],[-13.980908,23.520117],[-14.020996,23.410742],[-14.040967,23.34043],[-14.101074,23.100195],[-14.121094,22.960547],[-14.141064,22.870703],[-14.170898,22.760352],[-14.190869,22.59043],[-14.190869,22.450781],[-14.210938,22.370703],[-14.221191,22.310156],[-14.270996,22.24082],[-14.311035,22.191016],[-14.380811,22.120703],[-14.440918,22.080664],[-14.460889,22.040625],[-14.520996,21.990869],[-14.581006,21.910742],[-14.630859,21.860937],[-14.621094,21.820898],[-14.610791,21.750586],[-14.641113,21.680273],[-14.67085,21.600195],[-14.750977,21.500586],[-14.84082,21.450781],[-14.971143,21.441016],[-15.150879,21.441016],[-15.290967,21.450781],[-15.460938,21.450781],[-15.610791,21.470312],[-15.750928,21.49082],[-15.92085,21.500586],[-16.041016,21.500586],[-16.190869,21.481055],[-16.581006,21.481055],[-16.730957,21.470312],[-16.951123,21.430273],[-17.002979,21.420752],[-17.003076,21.420703],[-16.930859,21.9],[-16.793262,22.159717],[-16.683984,22.274365],[-16.514404,22.333496],[-16.35874,22.594531],[-16.304297,22.834814],[-16.201855,22.945361],[-16.169727,23.031934],[-16.210254,23.0979],[-16.113672,23.227539],[-15.996729,23.425488],[-15.942627,23.552637],[-15.805957,23.749512],[-15.789258,23.792871],[-15.80166,23.842236],[-15.855176,23.800342],[-15.912549,23.727588],[-15.980713,23.670313],[-15.952832,23.74082],[-15.899316,23.844434],[-15.777783,23.95293],[-15.586328,24.072754],[-15.188623,24.478809],[-15.038867,24.548828],[-14.904297,24.719775],[-14.856055,24.871582],[-14.84292,25.220117],[-14.794922,25.40415],[-14.707031,25.547705],[-14.602295,25.808545],[-14.522754,25.925244],[-14.470557,26.163037],[-14.413867,26.253711],[-14.312451,26.296729],[-14.168359,26.41543],[-13.9521,26.48877],[-13.695898,26.64292],[-13.575781,26.735107],[-13.495752,26.872656],[-13.409814,27.146631],[-13.256152,27.434619],[-13.177393,27.651855],[-13.175977,27.655713],[-13.040723,27.769824],[-12.948926,27.91416],[-12.793652,27.978418],[-12.468896,28.009424],[-11.986084,28.129297],[-11.552686,28.310107],[-11.430176,28.382031],[-11.299072,28.526074],[-11.080957,28.71377],[-10.673828,28.939209],[-10.486475,29.064941],[-10.200586,29.380371],[-10.010498,29.641406],[-9.852637,29.809229],[-9.743457,29.958203],[-9.66709,30.109277],[-9.623828,30.352637],[-9.65293,30.447559],[-9.773145,30.603125],[-9.853906,30.64458],[-9.875488,30.71792],[-9.832422,30.847266],[-9.83335,31.069629],[-9.808691,31.424609],[-9.674951,31.710986],[-9.347461,32.086377],[-9.286572,32.240576],[-9.249121,32.48584],[-9.24585,32.572461],[-8.83623,32.920459],[-8.596289,33.187158],[-8.512842,33.252441],[-8.301172,33.374365],[-7.562354,33.640283],[-7.144678,33.830322],[-6.900977,33.969043],[-6.755762,34.13291],[-6.353125,34.776074],[-5.957568,35.681152],[-5.924805,35.785791],[-5.747949,35.815967],[-5.622852,35.828906],[-5.522266,35.862012],[-5.397363,35.929883],[-5.277832,35.902734],[-5.337646,35.856543],[-5.337646,35.745215],[-5.252686,35.614746],[-5.105371,35.467773],[-4.837207,35.281299],[-4.62832,35.206396]]]]}},{"type":"Feature","properties":{"cartodb_id":149,"name":"Mozambique","mapcolor":4},"geometry":{"type":"MultiPolygon","coordinates":[[[[32.886133,-26.849316],[32.776563,-26.850977],[32.58877,-26.855762],[32.477734,-26.858496],[32.353516,-26.861621],[32.199609,-26.833496],[32.112891,-26.839453],[32.105957,-26.52002],[32.07793,-26.449805],[32.04834,-26.347168],[32.041406,-26.28125],[32.059961,-26.215039],[32.068848,-26.110156],[32.060547,-26.018359],[31.968457,-25.972266],[31.948242,-25.957617],[31.92832,-25.885352],[31.920313,-25.773926],[31.98457,-25.631934],[31.979395,-25.359473],[31.987012,-25.263477],[31.985742,-25.073828],[31.984375,-24.844043],[31.983203,-24.638281],[31.98584,-24.460645],[31.966602,-24.376465],[31.950586,-24.330273],[31.908008,-24.23623],[31.858301,-24.040234],[31.799609,-23.892188],[31.724023,-23.794531],[31.7,-23.743066],[31.675586,-23.674219],[31.604102,-23.55293],[31.545605,-23.482324],[31.529688,-23.425781],[31.531738,-23.279492],[31.466699,-23.016699],[31.419336,-22.825098],[31.348047,-22.617578],[31.300195,-22.478613],[31.293164,-22.454688],[31.287891,-22.402051],[31.429492,-22.298828],[31.571484,-22.153516],[31.737695,-21.983398],[31.885938,-21.831543],[32.016309,-21.698047],[32.194727,-21.51543],[32.371094,-21.334863],[32.412402,-21.311816],[32.429785,-21.29707],[32.353613,-21.136523],[32.476172,-20.950098],[32.482813,-20.828906],[32.477637,-20.712988],[32.492383,-20.659766],[32.529297,-20.613086],[32.672559,-20.516113],[32.780859,-20.361523],[32.869629,-20.217188],[32.992773,-19.984863],[33.004883,-19.930176],[33.006738,-19.873828],[32.972656,-19.79541],[32.89043,-19.668066],[32.830762,-19.558203],[32.777637,-19.38877],[32.830957,-19.241406],[32.85,-19.152441],[32.849805,-19.104395],[32.826172,-19.058789],[32.766211,-19.024316],[32.716504,-19.001855],[32.699707,-18.940918],[32.699219,-18.868457],[32.721973,-18.828418],[32.854492,-18.763672],[32.88457,-18.728516],[32.900293,-18.689063],[32.90166,-18.63291],[32.94248,-18.492676],[32.993066,-18.35957],[32.996387,-18.312598],[32.978516,-18.271484],[32.964648,-18.196289],[32.955566,-18.08291],[32.954688,-17.76543],[32.980762,-17.4375],[32.969336,-17.251563],[32.884375,-17.037793],[32.87627,-16.883594],[32.937891,-16.775977],[32.948047,-16.712305],[32.90293,-16.704199],[32.810254,-16.697656],[32.741797,-16.677637],[32.63584,-16.589453],[32.451953,-16.515723],[32.243262,-16.44873],[31.939844,-16.428809],[31.687598,-16.21416],[31.489844,-16.179688],[31.426172,-16.152344],[31.23623,-16.023633],[30.93877,-16.011719],[30.630176,-15.999219],[30.437793,-15.995313],[30.409375,-15.978223],[30.398145,-15.800781],[30.396094,-15.643066],[30.379883,-15.505859],[30.350586,-15.349707],[30.305664,-15.288867],[30.252148,-15.183203],[30.225,-15.066895],[30.221777,-15.010547],[30.231836,-14.990332],[30.446094,-14.90752],[30.537695,-14.866504],[30.67334,-14.819141],[30.915137,-14.75332],[31.130859,-14.694629],[31.328516,-14.637695],[31.537891,-14.577148],[31.623047,-14.536719],[31.728906,-14.496094],[31.982129,-14.414453],[32.054492,-14.386523],[32.199902,-14.34082],[32.272852,-14.323047],[32.553223,-14.22959],[32.874512,-14.122461],[32.987109,-14.084961],[33.201758,-14.013379],[33.243555,-14.043066],[33.389941,-14.289453],[33.505273,-14.434082],[33.636426,-14.568164],[33.658301,-14.561621],[33.696094,-14.530273],[33.761426,-14.517285],[33.969824,-14.487109],[34.049414,-14.485254],[34.101855,-14.449316],[34.208789,-14.42373],[34.33252,-14.408594],[34.375,-14.424805],[34.505273,-14.598145],[34.524121,-14.730762],[34.551172,-14.922363],[34.557617,-15.015918],[34.555469,-15.140918],[34.54082,-15.297266],[34.434961,-15.477148],[34.414746,-15.566797],[34.358008,-15.705273],[34.283008,-15.773438],[34.246094,-15.829395],[34.248242,-15.8875],[34.288281,-15.936133],[34.375977,-16.02373],[34.403027,-16.080273],[34.395117,-16.130859],[34.395508,-16.199219],[34.416406,-16.246777],[34.441309,-16.274414],[34.528125,-16.319141],[34.612695,-16.431543],[34.758789,-16.56709],[34.933398,-16.760352],[35.015332,-16.819531],[35.079883,-16.833887],[35.112109,-16.898535],[35.094238,-16.973828],[35.043945,-17.016895],[35.064648,-17.078613],[35.093066,-17.110938],[35.124609,-17.127246],[35.201367,-17.131055],[35.272559,-17.118457],[35.29043,-17.096973],[35.281152,-16.807813],[35.229785,-16.639258],[35.17832,-16.57334],[35.167188,-16.560254],[35.185254,-16.504883],[35.242773,-16.375391],[35.291504,-16.247168],[35.322461,-16.193164],[35.358496,-16.160547],[35.599316,-16.125879],[35.708887,-16.095801],[35.755273,-16.058301],[35.791211,-15.958691],[35.819922,-15.680371],[35.830273,-15.418945],[35.805371,-15.265625],[35.839941,-15.034668],[35.892773,-14.891797],[35.866699,-14.86377],[35.847168,-14.670898],[35.69043,-14.465527],[35.488477,-14.201074],[35.375781,-14.058691],[35.247461,-13.896875],[35.013867,-13.643457],[34.906836,-13.55166],[34.850488,-13.516016],[34.661621,-13.486719],[34.611523,-13.437891],[34.563672,-13.360156],[34.545703,-13.216309],[34.542578,-13.108691],[34.521289,-12.925781],[34.48291,-12.666797],[34.46582,-12.590723],[34.412109,-12.395898],[34.36084,-12.210547],[34.357813,-12.164746],[34.375977,-12.120215],[34.462891,-11.983789],[34.524805,-11.887012],[34.553906,-11.834082],[34.60625,-11.690039],[34.618555,-11.620215],[34.65957,-11.588672],[34.826563,-11.575684],[34.959473,-11.578125],[35.182617,-11.574805],[35.418262,-11.583203],[35.451367,-11.589551],[35.504395,-11.604785],[35.564355,-11.602344],[35.630957,-11.582031],[35.704687,-11.532129],[35.785449,-11.45293],[35.911328,-11.454688],[36.082227,-11.537305],[36.175488,-11.609277],[36.191309,-11.670703],[36.305664,-11.706348],[36.518652,-11.716211],[36.673828,-11.684277],[36.771094,-11.610352],[36.872656,-11.571289],[36.978906,-11.566992],[37.05918,-11.592188],[37.113867,-11.647168],[37.218359,-11.686523],[37.372852,-11.710449],[37.541699,-11.675098],[37.724805,-11.580664],[37.829297,-11.481934],[37.855078,-11.379102],[37.885352,-11.316699],[37.920215,-11.294727],[38.017285,-11.282129],[38.176563,-11.278711],[38.315137,-11.311133],[38.491797,-11.413281],[38.60332,-11.345313],[38.794727,-11.228906],[38.9875,-11.167285],[39.170996,-11.166895],[39.321582,-11.122559],[39.43916,-11.03457],[39.563477,-10.978516],[39.694434,-10.954785],[39.81709,-10.912402],[39.988672,-10.820801],[40.166211,-10.6875],[40.347461,-10.551563],[40.463574,-10.464355],[40.516699,-10.567383],[40.611719,-10.661523],[40.555078,-10.716211],[40.486621,-10.765137],[40.597168,-10.830664],[40.516113,-10.92959],[40.50625,-10.998438],[40.526855,-11.025391],[40.544531,-11.065625],[40.491406,-11.178906],[40.420996,-11.265625],[40.402832,-11.332031],[40.465137,-11.449414],[40.433105,-11.657324],[40.493555,-11.844434],[40.510449,-11.94043],[40.531543,-12.00459],[40.501465,-12.119434],[40.50918,-12.312891],[40.523145,-12.392773],[40.487109,-12.492187],[40.54834,-12.526563],[40.580859,-12.635547],[40.57207,-12.758398],[40.55332,-12.824609],[40.447656,-12.904785],[40.435156,-12.935938],[40.436816,-12.983105],[40.56875,-12.984668],[40.573242,-13.057715],[40.564453,-13.115234],[40.569531,-13.223438],[40.551953,-13.29375],[40.58291,-13.374023],[40.545117,-13.462891],[40.558203,-13.531445],[40.559863,-13.620313],[40.590527,-13.84502],[40.595703,-14.122852],[40.602539,-14.167383],[40.649512,-14.198828],[40.715625,-14.214453],[40.713086,-14.290625],[40.639941,-14.390039],[40.635547,-14.451855],[40.646094,-14.538672],[40.72666,-14.420703],[40.775,-14.421289],[40.818164,-14.467578],[40.812109,-14.535547],[40.826953,-14.569043],[40.820605,-14.634961],[40.844531,-14.718652],[40.835156,-14.791504],[40.775977,-14.84248],[40.700684,-14.929785],[40.687402,-15.011621],[40.694336,-15.065234],[40.642188,-15.082422],[40.617773,-15.115527],[40.653125,-15.192676],[40.650977,-15.260938],[40.558984,-15.473438],[40.313867,-15.763965],[40.208008,-15.86709],[40.108789,-15.979297],[40.108887,-16.025293],[40.099219,-16.065332],[39.983594,-16.225488],[39.859766,-16.251758],[39.790918,-16.294531],[39.844629,-16.435645],[39.764551,-16.468164],[39.625391,-16.579395],[39.242285,-16.792578],[39.181738,-16.841992],[39.084375,-16.972852],[38.956055,-17.00459],[38.884766,-17.041602],[38.757617,-17.055176],[38.713281,-17.045703],[38.669922,-17.050293],[38.633301,-17.07832],[38.380762,-17.170117],[38.144922,-17.242773],[38.086914,-17.275977],[38.048242,-17.321387],[37.839453,-17.393164],[37.512305,-17.570703],[37.244531,-17.739941],[37.050586,-17.909277],[36.999512,-17.934961],[36.939355,-17.993457],[36.919238,-18.080078],[36.899609,-18.129004],[36.756152,-18.307324],[36.540137,-18.518164],[36.498047,-18.575781],[36.412207,-18.692969],[36.403711,-18.769727],[36.327246,-18.793164],[36.262891,-18.719629],[36.235645,-18.861328],[36.183203,-18.871387],[36.125,-18.842383],[35.980078,-18.9125],[35.853711,-18.993359],[35.65127,-19.163867],[35.365332,-19.493945],[34.947852,-19.812695],[34.89082,-19.821777],[34.852344,-19.820508],[34.720996,-19.70957],[34.649414,-19.701367],[34.713477,-19.767188],[34.755762,-19.821973],[34.74502,-19.929492],[34.75,-20.09082],[34.698145,-20.404395],[34.705078,-20.473047],[34.764746,-20.561914],[34.877051,-20.670801],[34.982324,-20.80625],[35.117578,-21.195215],[35.128027,-21.395313],[35.267676,-21.650977],[35.272949,-21.761719],[35.329297,-22.037402],[35.325586,-22.260352],[35.315723,-22.396875],[35.383008,-22.45459],[35.407813,-22.402539],[35.400879,-22.316211],[35.418848,-22.177637],[35.456348,-22.115918],[35.49375,-22.124707],[35.504883,-22.190137],[35.530078,-22.248145],[35.540234,-22.302637],[35.541992,-22.376563],[35.490234,-22.657715],[35.505762,-22.77207],[35.575391,-22.963086],[35.494434,-23.185156],[35.376953,-23.707813],[35.37041,-23.798242],[35.398828,-23.837695],[35.462109,-23.851074],[35.485352,-23.784473],[35.522461,-23.784961],[35.541992,-23.824414],[35.489648,-24.065527],[35.438086,-24.171191],[35.254883,-24.430273],[35.155957,-24.541406],[34.99209,-24.650586],[34.607324,-24.821289],[33.836035,-25.067969],[33.530078,-25.188867],[33.347461,-25.260938],[32.961133,-25.49043],[32.792188,-25.644336],[32.722559,-25.820898],[32.655859,-25.901758],[32.59043,-26.004102],[32.647461,-26.091992],[32.703516,-26.158496],[32.769629,-26.203027],[32.803906,-26.241406],[32.848828,-26.268066],[32.894043,-26.129883],[32.916406,-26.086914],[32.954883,-26.083594],[32.933594,-26.252344],[32.88916,-26.830469],[32.886133,-26.849316]],[[34.641602,-12.013672],[34.624219,-11.984766],[34.591406,-11.971094],[34.554004,-11.982227],[34.541602,-12.018652],[34.580469,-12.06582],[34.621777,-12.066602],[34.641602,-12.013672]],[[34.719336,-12.110645],[34.745996,-12.088379],[34.75625,-12.059082],[34.755957,-12.030762],[34.738965,-12.013086],[34.714941,-12.002734],[34.679883,-12.008887],[34.66748,-12.047559],[34.662109,-12.100781],[34.68418,-12.118652],[34.719336,-12.110645]]]]}},{"type":"Feature","properties":{"cartodb_id":155,"name":"Namibia","mapcolor":4},"geometry":{"type":"MultiPolygon","coordinates":[[[[23.380664,-17.640625],[23.594922,-17.599414],[23.799219,-17.560156],[24.036914,-17.520898],[24.227148,-17.489551],[24.274902,-17.481055],[24.73291,-17.517773],[24.932422,-17.543457],[25.001758,-17.568555],[25.092188,-17.634375],[25.258789,-17.793555],[25.216016,-17.787598],[24.909082,-17.821387],[24.792188,-17.864648],[24.530566,-18.052734],[24.474902,-18.028516],[24.412207,-17.989453],[24.358984,-17.978223],[24.243945,-18.023438],[24.129297,-18.077539],[24.002637,-18.154102],[23.89834,-18.229199],[23.864258,-18.269531],[23.700488,-18.424316],[23.647168,-18.449414],[23.599707,-18.459961],[23.580566,-18.45293],[23.560156,-18.386426],[23.459766,-18.231055],[23.298633,-18.027344],[23.251563,-18.00752],[23.219336,-17.999707],[23.099902,-18.00957],[22.752734,-18.067188],[22.460059,-18.115723],[22.011426,-18.198633],[21.529688,-18.265625],[21.23252,-18.306836],[20.974121,-18.318848],[20.974316,-18.520508],[20.975,-18.928516],[20.975586,-19.336426],[20.976172,-19.744336],[20.976855,-20.152344],[20.977441,-20.560254],[20.978125,-20.968164],[20.978711,-21.376074],[20.979297,-21.784082],[20.979492,-21.961914],[20.970996,-22.000195],[20.822754,-22.000195],[20.4875,-22.000195],[20.205371,-22.000195],[19.977344,-22.000195],[19.977637,-22.242578],[19.97793,-22.529297],[19.978223,-22.815918],[19.978516,-23.102539],[19.978906,-23.38916],[19.979297,-23.675781],[19.97959,-23.962402],[19.979883,-24.249023],[19.980176,-24.535742],[19.980469,-24.751953],[19.980469,-24.776758],[19.980469,-25.196777],[19.980469,-25.641602],[19.980469,-26.086328],[19.980469,-26.531152],[19.980469,-26.975977],[19.980469,-27.420703],[19.980469,-27.865527],[19.980469,-28.310352],[19.980469,-28.45127],[19.877832,-28.449414],[19.671484,-28.503906],[19.539844,-28.574609],[19.48291,-28.661621],[19.407227,-28.714453],[19.312695,-28.733301],[19.270996,-28.777734],[19.282227,-28.847949],[19.245801,-28.90166],[19.161719,-28.93877],[19.026074,-28.92793],[18.83877,-28.869141],[18.600391,-28.855273],[18.31084,-28.88623],[18.102734,-28.87168],[17.976074,-28.811328],[17.841602,-28.776953],[17.699316,-28.768359],[17.616797,-28.743066],[17.447949,-28.698145],[17.415723,-28.621094],[17.395898,-28.562695],[17.347852,-28.501172],[17.342578,-28.45166],[17.380273,-28.413965],[17.385742,-28.353223],[17.358691,-28.269434],[17.312012,-28.228613],[17.245801,-28.230859],[17.20459,-28.198828],[17.188477,-28.13252],[17.149414,-28.082227],[17.05625,-28.031055],[16.933301,-28.069629],[16.875293,-28.12793],[16.841211,-28.218945],[16.810156,-28.264551],[16.794531,-28.34082],[16.7875,-28.394727],[16.755762,-28.452148],[16.723047,-28.475488],[16.689453,-28.464941],[16.626172,-28.487891],[16.487109,-28.572852],[16.447559,-28.617578],[16.335059,-28.536523],[16.007129,-28.231738],[15.890918,-28.152539],[15.719043,-27.96582],[15.341504,-27.386523],[15.287598,-27.275],[15.215723,-26.995117],[15.132812,-26.787598],[15.12373,-26.667871],[15.163281,-26.600195],[15.139063,-26.508008],[15.096582,-26.425781],[14.967773,-26.318066],[14.93125,-25.958203],[14.845215,-25.725684],[14.863672,-25.533594],[14.822559,-25.358594],[14.818555,-25.246387],[14.837109,-25.033203],[14.767969,-24.787988],[14.62793,-24.548047],[14.501563,-24.201953],[14.483398,-24.050391],[14.496875,-23.642871],[14.472461,-23.47666],[14.473828,-23.281152],[14.423828,-23.078613],[14.40332,-22.968066],[14.438477,-22.880566],[14.459277,-22.908203],[14.495703,-22.921387],[14.519922,-22.805176],[14.525977,-22.702539],[14.462793,-22.449121],[14.321875,-22.189941],[13.973242,-21.767578],[13.888086,-21.606641],[13.839355,-21.473242],[13.450586,-20.916699],[13.284375,-20.523926],[13.168359,-20.184668],[13.04209,-20.028223],[12.458203,-18.926758],[12.328711,-18.751074],[12.095703,-18.540918],[12.041211,-18.470703],[11.951367,-18.270508],[11.775879,-18.001758],[11.733496,-17.750977],[11.72168,-17.466797],[11.743066,-17.249219],[11.902539,-17.226562],[12.013965,-17.168555],[12.114355,-17.164551],[12.213379,-17.209961],[12.318457,-17.213379],[12.359277,-17.205859],[12.548145,-17.212695],[12.656543,-17.160547],[12.785156,-17.108203],[12.859277,-17.062598],[12.963184,-17.01543],[13.101172,-16.967676],[13.179492,-16.97168],[13.275684,-16.989551],[13.403711,-17.007812],[13.475977,-17.040039],[13.561719,-17.141211],[13.694336,-17.233496],[13.791992,-17.288379],[13.904199,-17.360742],[13.937988,-17.38877],[13.987402,-17.404199],[14.01748,-17.408887],[14.225879,-17.397754],[14.414746,-17.387695],[14.617969,-17.387988],[15.000586,-17.388574],[15.383203,-17.38916],[15.76582,-17.389648],[16.148437,-17.390234],[16.531055,-17.39082],[16.913672,-17.391406],[17.296289,-17.391992],[17.678809,-17.392578],[17.835352,-17.392773],[18.108789,-17.395996],[18.396387,-17.399414],[18.428223,-17.405176],[18.460352,-17.424609],[18.486621,-17.442773],[18.588184,-17.57002],[18.718066,-17.703223],[18.825977,-17.766309],[18.955273,-17.803516],[19.076465,-17.817676],[19.189453,-17.808496],[19.377148,-17.825488],[19.639355,-17.868652],[19.911816,-17.881348],[20.194336,-17.863672],[20.392969,-17.887402],[20.507617,-17.952539],[20.625098,-17.99668],[20.745508,-18.019727],[20.908301,-18.006055],[21.113477,-17.955762],[21.287891,-17.962988],[21.36875,-17.999512],[21.416895,-18.000684],[21.718457,-17.947754],[21.96084,-17.905176],[22.324219,-17.8375],[22.624023,-17.781641],[23.068262,-17.698828],[23.380664,-17.640625]]]]}},{"type":"Feature","properties":{"cartodb_id":157,"name":"Niger","mapcolor":4},"geometry":{"type":"MultiPolygon","coordinates":[[[[14.979004,22.996191],[15.088965,22.418359],[15.172266,21.92207],[15.177832,21.605811],[15.181836,21.523389],[15.21582,21.467432],[15.293652,21.411523],[15.607324,20.954395],[15.540332,20.874902],[15.587109,20.733301],[15.668457,20.672363],[15.929297,20.399854],[15.963184,20.346191],[15.948828,20.303174],[15.766211,19.982568],[15.735059,19.904053],[15.698633,19.495215],[15.672949,19.206787],[15.637598,18.81084],[15.595508,18.337061],[15.561523,17.937256],[15.516699,17.408496],[15.474316,16.908398],[15.212109,16.633887],[14.74668,16.146631],[14.367969,15.750146],[14.178223,15.484766],[13.807129,14.966113],[13.642383,14.630762],[13.513672,14.455518],[13.448242,14.380664],[13.505762,14.134424],[13.606348,13.70459],[13.426953,13.701758],[13.323828,13.67085],[13.193848,13.573047],[13.048438,13.534521],[12.87168,13.449023],[12.759961,13.380371],[12.654785,13.326562],[12.510156,13.194336],[12.463184,13.09375],[12.319043,13.073682],[12.117969,13.09043],[11.990039,13.191797],[11.693359,13.297705],[11.501074,13.340527],[11.411914,13.353613],[10.958887,13.371533],[10.475879,13.330225],[10.22959,13.281006],[10.184668,13.270117],[10.045117,13.206152],[9.929297,13.135254],[9.615918,12.810645],[9.201563,12.821484],[8.957617,12.857471],[8.750586,12.908154],[8.456055,13.059668],[8.09502,13.291162],[7.955762,13.322754],[7.830469,13.340918],[7.788672,13.337891],[7.357813,13.107178],[7.274707,13.112256],[7.173047,13.086328],[7.106055,13.029102],[7.056738,13.000195],[7.005078,12.995557],[6.937207,13.008203],[6.870605,13.043262],[6.804297,13.107666],[6.626563,13.364258],[6.589941,13.409131],[6.514063,13.4854],[6.386328,13.603613],[6.299805,13.658789],[6.247168,13.672998],[6.184277,13.663672],[5.838184,13.765381],[5.491992,13.872852],[5.41582,13.85918],[5.361621,13.836865],[5.241895,13.757227],[5.100879,13.742725],[4.92168,13.749121],[4.82334,13.759766],[4.664844,13.733203],[4.559473,13.701807],[4.421387,13.64751],[4.242188,13.501074],[4.19082,13.482129],[4.147559,13.457715],[4.087402,13.055469],[4.03877,12.934668],[3.947852,12.775049],[3.769238,12.622168],[3.64668,12.52998],[3.643848,12.405273],[3.63418,12.201611],[3.63252,12.061572],[3.640625,11.970361],[3.620117,11.926953],[3.611816,11.887305],[3.618457,11.827734],[3.647363,11.799658],[3.664746,11.762451],[3.653125,11.731836],[3.59541,11.696289],[3.531738,11.787451],[3.449805,11.851953],[3.359961,11.880469],[3.299121,11.927148],[3.267383,11.991895],[3.149609,12.118066],[2.878125,12.367725],[2.850195,12.373682],[2.805273,12.383838],[2.728516,12.353613],[2.681348,12.312793],[2.648438,12.296777],[2.598438,12.294336],[2.469336,12.262793],[2.366016,12.221924],[2.363281,12.188428],[2.412695,11.999316],[2.38916,11.89707],[2.343359,11.945996],[2.194434,12.136475],[2.091406,12.277979],[2.072949,12.309375],[2.058398,12.357959],[2.068555,12.37915],[2.109375,12.393848],[2.203809,12.412598],[2.221387,12.427246],[2.22627,12.466064],[2.211523,12.538428],[2.159766,12.636426],[2.10459,12.70127],[2.073828,12.713965],[2.017383,12.716211],[1.956152,12.707422],[1.840918,12.627881],[1.789844,12.613281],[1.671094,12.619824],[1.564941,12.6354],[1.500488,12.676465],[1.308691,12.834277],[1.096777,13.001123],[1.00791,13.024805],[0.987305,13.041895],[0.973047,13.170361],[0.976758,13.324512],[0.988477,13.364844],[1.076855,13.340771],[1.170898,13.32959],[1.201172,13.35752],[1.125977,13.412354],[1.017871,13.467871],[0.977734,13.551953],[0.946582,13.581152],[0.897949,13.610937],[0.842285,13.626416],[0.786035,13.650049],[0.747754,13.674512],[0.68457,13.6854],[0.618164,13.703418],[0.522363,13.839746],[0.429199,13.972119],[0.374023,14.076367],[0.354883,14.139014],[0.38252,14.245801],[0.35459,14.288037],[0.250586,14.396436],[0.163867,14.497217],[0.185059,14.65293],[0.202734,14.782812],[0.203809,14.865039],[0.21748,14.911475],[0.228711,14.963672],[0.28623,14.980176],[0.433008,14.979004],[0.718652,14.954883],[0.947461,14.982129],[0.960059,14.986914],[1.121289,15.126123],[1.300195,15.272266],[1.569141,15.286475],[1.859375,15.301709],[2.088184,15.309375],[2.420801,15.32041],[2.689648,15.329883],[3.001074,15.340967],[3.010547,15.408301],[3.029395,15.424854],[3.060156,15.427197],[3.289062,15.391113],[3.504297,15.356348],[3.520508,15.483105],[3.70957,15.641699],[3.816504,15.674023],[3.842969,15.701709],[3.876953,15.755273],[3.897949,15.837988],[3.907227,15.896826],[3.94707,15.945654],[3.976172,16.035547],[4.014844,16.192725],[4.121289,16.357715],[4.182129,16.581787],[4.191211,16.798193],[4.20293,16.962695],[4.234668,16.996387],[4.233691,17.288428],[4.232715,17.582178],[4.231934,17.830518],[4.230859,18.139453],[4.22998,18.410596],[4.229004,18.704346],[4.228223,18.968066],[4.227637,19.142773],[4.445703,19.184521],[4.671289,19.227783],[5.001367,19.291064],[5.358691,19.359521],[5.74834,19.434229],[5.836621,19.47915],[6.130664,19.731982],[6.263379,19.846143],[6.527051,20.072949],[6.730664,20.248047],[6.989355,20.470508],[7.263379,20.694482],[7.481738,20.873096],[7.825195,21.075586],[8.343066,21.380859],[8.860938,21.686133],[9.378711,21.991406],[9.896484,22.296729],[10.414355,22.602002],[10.932227,22.907275],[11.45,23.212598],[11.967871,23.517871],[12.48877,23.40166],[12.983594,23.29126],[13.48125,23.180176],[13.598633,23.119531],[13.862695,22.9021],[14.200684,22.62373],[14.215527,22.619678],[14.230762,22.618457],[14.555664,22.78252],[14.978906,22.996289],[14.979004,22.996191]]]]}},{"type":"Feature","properties":{"cartodb_id":159,"name":"Nigeria","mapcolor":3},"geometry":{"type":"MultiPolygon","coordinates":[[[[7.300781,4.418164],[7.203906,4.387646],[7.14043,4.395117],[7.227344,4.527344],[7.271387,4.498926],[7.32793,4.487207],[7.300781,4.418164]]],[[[5.838184,13.765381],[6.184277,13.663672],[6.247168,13.672998],[6.299805,13.658789],[6.386328,13.603613],[6.514063,13.4854],[6.589941,13.409131],[6.626563,13.364258],[6.804297,13.107666],[6.870605,13.043262],[6.937207,13.008203],[7.005078,12.995557],[7.056738,13.000195],[7.106055,13.029102],[7.173047,13.086328],[7.274707,13.112256],[7.357813,13.107178],[7.788672,13.337891],[7.830469,13.340918],[7.955762,13.322754],[8.09502,13.291162],[8.456055,13.059668],[8.750586,12.908154],[8.957617,12.857471],[9.201563,12.821484],[9.615918,12.810645],[9.929297,13.135254],[10.045117,13.206152],[10.184668,13.270117],[10.22959,13.281006],[10.475879,13.330225],[10.958887,13.371533],[11.411914,13.353613],[11.501074,13.340527],[11.693359,13.297705],[11.990039,13.191797],[12.117969,13.09043],[12.319043,13.073682],[12.463184,13.09375],[12.510156,13.194336],[12.654785,13.326563],[12.759961,13.380371],[12.87168,13.449023],[13.048438,13.534521],[13.193848,13.573047],[13.323828,13.67085],[13.426953,13.701758],[13.606348,13.70459],[13.763477,13.489551],[13.932324,13.258496],[14.063965,13.078516],[14.160059,12.612793],[14.170313,12.524072],[14.177637,12.484082],[14.184863,12.447217],[14.197461,12.383789],[14.272852,12.356494],[14.41543,12.344141],[14.518945,12.298242],[14.580957,12.22207],[14.587012,12.209424],[14.619727,12.150977],[14.627148,12.108691],[14.618164,11.986621],[14.597363,11.829834],[14.561816,11.728711],[14.581641,11.591162],[14.575391,11.532422],[14.559766,11.492285],[14.496094,11.446143],[14.409473,11.401172],[14.202344,11.268164],[14.143262,11.248535],[14.056738,11.24502],[13.981445,11.211865],[13.89209,11.140088],[13.699902,10.873145],[13.535352,10.605078],[13.478516,10.383252],[13.414551,10.171436],[13.269922,10.036182],[13.249805,9.960059],[13.24375,9.915918],[13.23877,9.814014],[13.221191,9.645166],[13.19873,9.56377],[13.175488,9.539648],[13.019434,9.48833],[12.929492,9.42627],[12.875684,9.303516],[12.855957,9.170752],[12.824414,9.019434],[12.806543,8.886621],[12.782227,8.817871],[12.731152,8.745654],[12.651563,8.667773],[12.582715,8.624121],[12.403516,8.595557],[12.311328,8.419727],[12.233398,8.282324],[12.231152,8.227393],[12.155957,7.94248],[12.025195,7.727783],[12.016602,7.652002],[12.016016,7.589746],[11.852441,7.400732],[11.80918,7.345068],[11.767383,7.272266],[11.808594,7.201953],[11.854785,7.137988],[11.861426,7.116406],[11.787012,7.056201],[11.65752,6.951563],[11.580078,6.888867],[11.562988,6.854639],[11.55166,6.697266],[11.529102,6.655029],[11.477539,6.597412],[11.401758,6.533936],[11.324609,6.484668],[11.237305,6.450537],[11.15332,6.437939],[11.106445,6.457715],[11.079688,6.505518],[11.03252,6.6979],[11.008691,6.739111],[10.954199,6.776562],[10.846484,6.881787],[10.737598,6.988281],[10.60625,7.063086],[10.578125,7.057715],[10.556348,7.037451],[10.519043,6.930469],[10.482324,6.89126],[10.413184,6.877734],[10.293066,6.876758],[10.205469,6.891602],[10.185547,6.912793],[10.167773,6.95918],[10.143555,6.996436],[10.038867,6.921387],[9.874219,6.803271],[9.820703,6.783936],[9.779883,6.760156],[9.725586,6.65],[9.659961,6.531982],[9.574023,6.47041],[9.490234,6.418652],[9.442188,6.373389],[9.37334,6.319629],[9.23877,6.186133],[9.060156,6.009082],[8.997168,5.917725],[8.935059,5.781006],[8.898828,5.629688],[8.85918,5.46377],[8.800977,5.197461],[8.715625,5.046875],[8.640527,4.927002],[8.585156,4.832813],[8.555859,4.755225],[8.54375,4.757813],[8.514844,4.724707],[8.431348,4.74624],[8.393652,4.81377],[8.34209,4.824756],[8.252734,4.923975],[8.233789,4.907471],[8.328027,4.656104],[8.293066,4.557617],[8.028516,4.555371],[7.800781,4.522266],[7.644238,4.525342],[7.565625,4.560937],[7.530762,4.655176],[7.517383,4.645459],[7.509473,4.594922],[7.459863,4.555225],[7.284375,4.547656],[7.206738,4.612061],[7.143848,4.684082],[7.076563,4.716162],[7.086914,4.68584],[7.16416,4.615576],[7.154688,4.514404],[7.013379,4.397314],[6.923242,4.390674],[6.867871,4.441113],[6.83916,4.523486],[6.824707,4.645264],[6.787598,4.724707],[6.767676,4.724707],[6.786035,4.652002],[6.792188,4.592627],[6.793066,4.469141],[6.860352,4.37334],[6.757031,4.343555],[6.715137,4.342432],[6.633008,4.340234],[6.617285,4.375781],[6.601562,4.455176],[6.57998,4.475977],[6.55459,4.341406],[6.5,4.331934],[6.462109,4.333154],[6.299805,4.303857],[6.263672,4.309424],[6.255957,4.334473],[6.275293,4.37168],[6.270996,4.432129],[6.214648,4.385498],[6.205566,4.292285],[6.17334,4.277393],[6.076563,4.290625],[5.970703,4.338574],[5.906445,4.387744],[5.798633,4.455957],[5.587793,4.647217],[5.553613,4.733203],[5.493262,4.83877],[5.448145,4.94585],[5.383301,5.129004],[5.403223,5.142285],[5.452148,5.126563],[5.475977,5.153857],[5.388281,5.173779],[5.37002,5.19502],[5.36416,5.259277],[5.367969,5.337744],[5.439258,5.365332],[5.500879,5.378613],[5.531836,5.426367],[5.549707,5.474219],[5.38584,5.401758],[5.232422,5.483789],[5.199219,5.533545],[5.21582,5.57168],[5.289063,5.57749],[5.393848,5.574512],[5.456641,5.611719],[5.418066,5.624707],[5.350293,5.623291],[5.325293,5.647949],[5.327344,5.70752],[5.305371,5.694336],[5.27627,5.641553],[5.172852,5.602734],[5.112402,5.641553],[5.10625,5.728125],[5.093066,5.76709],[5.04209,5.79751],[4.861035,6.026318],[4.633594,6.217187],[4.431348,6.348584],[4.125879,6.411377],[3.486621,6.408936],[3.450781,6.427051],[3.489941,6.457275],[3.546094,6.477441],[3.75166,6.583838],[3.716992,6.597949],[3.50332,6.531348],[3.430176,6.525],[3.335547,6.396924],[2.772461,6.375732],[2.706445,6.369238],[2.708008,6.427686],[2.735645,6.595703],[2.753711,6.661768],[2.774609,6.711719],[2.75293,6.771631],[2.731738,6.852832],[2.721387,6.980273],[2.747754,7.019824],[2.756738,7.06792],[2.750586,7.143213],[2.750488,7.395068],[2.76582,7.42251],[2.783984,7.443408],[2.785156,7.476855],[2.750977,7.541895],[2.719336,7.61626],[2.72041,7.723096],[2.707715,7.826611],[2.686035,7.87373],[2.702344,8.049805],[2.711523,8.272998],[2.703125,8.371826],[2.723633,8.441895],[2.734668,8.614014],[2.73291,8.78252],[2.774805,9.048535],[2.898047,9.061377],[3.044922,9.083838],[3.110449,9.188281],[3.148047,9.320605],[3.136133,9.451611],[3.164648,9.494678],[3.223438,9.565625],[3.329492,9.667041],[3.325195,9.778467],[3.354492,9.812793],[3.404785,9.838623],[3.476758,9.851904],[3.557227,9.907324],[3.602051,10.004541],[3.645898,10.160156],[3.576563,10.268359],[3.57793,10.29248],[3.604102,10.350684],[3.646582,10.408984],[3.680273,10.427783],[3.758496,10.412695],[3.771777,10.417627],[3.783789,10.435889],[3.834473,10.607422],[3.829688,10.65376],[3.756836,10.76875],[3.744922,10.850439],[3.73418,10.971924],[3.716406,11.07959],[3.695312,11.120313],[3.65625,11.15459],[3.638867,11.176855],[3.487793,11.39541],[3.490527,11.499219],[3.553906,11.631885],[3.59541,11.696289],[3.653125,11.731836],[3.664746,11.762451],[3.647363,11.799658],[3.618457,11.827734],[3.611816,11.887305],[3.620117,11.926953],[3.640625,11.970361],[3.63252,12.061572],[3.63418,12.201611],[3.643848,12.405273],[3.64668,12.52998],[3.769238,12.622168],[3.947852,12.775049],[4.03877,12.934668],[4.087402,13.055469],[4.147559,13.457715],[4.19082,13.482129],[4.242188,13.501074],[4.421387,13.64751],[4.559473,13.701807],[4.664844,13.733203],[4.82334,13.759766],[4.92168,13.749121],[5.100879,13.742725],[5.241895,13.757227],[5.361621,13.836865],[5.41582,13.85918],[5.491992,13.872852],[5.838184,13.765381]]]]}},{"type":"Feature","properties":{"cartodb_id":185,"name":"Rwanda","mapcolor":5},"geometry":{"type":"MultiPolygon","coordinates":[[[[30.509961,-1.067285],[30.477051,-1.083008],[30.470215,-1.131152],[30.508105,-1.208203],[30.631934,-1.36748],[30.710742,-1.396777],[30.762207,-1.458691],[30.812598,-1.563086],[30.827539,-1.693652],[30.806738,-1.850684],[30.819141,-1.96748],[30.864648,-2.044043],[30.876563,-2.143359],[30.85498,-2.26543],[30.828711,-2.338477],[30.797656,-2.362695],[30.7625,-2.37168],[30.714844,-2.363477],[30.656641,-2.373828],[30.593359,-2.396777],[30.553613,-2.400098],[30.528906,-2.395605],[30.482227,-2.376074],[30.408496,-2.312988],[30.270996,-2.347852],[30.233789,-2.34707],[30.183301,-2.377051],[30.142285,-2.413965],[30.117285,-2.416602],[30.091895,-2.411523],[29.973438,-2.337109],[29.930176,-2.339551],[29.912402,-2.548633],[29.892578,-2.664648],[29.868164,-2.716406],[29.783398,-2.766406],[29.698047,-2.794727],[29.651367,-2.792773],[29.463672,-2.808398],[29.390234,-2.808594],[29.349805,-2.791504],[29.29707,-2.673047],[29.197559,-2.620313],[29.102051,-2.595703],[29.063184,-2.602539],[29.028613,-2.664551],[29.014355,-2.720215],[28.921777,-2.682031],[28.893945,-2.635059],[28.891406,-2.555566],[28.857617,-2.44668],[28.876367,-2.400293],[28.912695,-2.370313],[28.989551,-2.312793],[29.106445,-2.233203],[29.131543,-2.195117],[29.148047,-2.131836],[29.140625,-1.98457],[29.129395,-1.860254],[29.143262,-1.816016],[29.196582,-1.719922],[29.268164,-1.621582],[29.35166,-1.517578],[29.401953,-1.507422],[29.467969,-1.468066],[29.537793,-1.409766],[29.576953,-1.387891],[29.609668,-1.387109],[29.825391,-1.335547],[29.846875,-1.35166],[29.881641,-1.451758],[29.9,-1.466309],[29.930078,-1.469922],[29.990527,-1.446973],[30.101562,-1.368652],[30.15,-1.321094],[30.207031,-1.254199],[30.279883,-1.178809],[30.320508,-1.113086],[30.360254,-1.074609],[30.412305,-1.063086],[30.469922,-1.066016],[30.509961,-1.067285]]]]}},{"type":"Feature","properties":{"cartodb_id":190,"name":"Senegal","mapcolor":2},"geometry":{"type":"MultiPolygon","coordinates":[[[[-12.280615,14.809033],[-12.186523,14.648145],[-12.206836,14.571143],[-12.228418,14.458594],[-12.175244,14.37666],[-12.112891,14.323291],[-12.068359,14.274219],[-12.019189,14.206494],[-12.011182,14.071826],[-12.020117,13.974658],[-11.988086,13.930762],[-11.960889,13.875293],[-11.966357,13.828955],[-11.98418,13.788086],[-12.044141,13.733887],[-12.054199,13.633057],[-11.95708,13.510889],[-11.89458,13.444434],[-11.895215,13.406299],[-11.877783,13.364551],[-11.831689,13.31582],[-11.803369,13.327295],[-11.772217,13.36709],[-11.758252,13.394531],[-11.674463,13.382373],[-11.634961,13.369873],[-11.581348,13.290039],[-11.56167,13.236963],[-11.548779,13.170264],[-11.492822,13.086963],[-11.444141,13.028223],[-11.433936,12.991602],[-11.390381,12.941992],[-11.417432,12.831885],[-11.414355,12.775488],[-11.444092,12.627588],[-11.450586,12.557715],[-11.448779,12.531934],[-11.382422,12.479248],[-11.389404,12.404395],[-11.456738,12.417578],[-11.573682,12.426318],[-11.808105,12.387305],[-11.888574,12.40332],[-12.042383,12.398047],[-12.151953,12.376611],[-12.291211,12.328027],[-12.399072,12.340088],[-12.457373,12.378369],[-12.534229,12.375781],[-12.620801,12.396191],[-12.713037,12.433154],[-12.797314,12.451904],[-12.888184,12.52002],[-12.930713,12.532275],[-12.960547,12.514355],[-12.985645,12.49165],[-13.011914,12.477637],[-13.061279,12.48999],[-13.079834,12.536279],[-13.064404,12.581055],[-13.059766,12.615039],[-13.08291,12.633545],[-13.138477,12.639746],[-13.228076,12.6396],[-13.372559,12.653613],[-13.405762,12.662256],[-13.729248,12.673926],[-14.064844,12.675293],[-14.349219,12.676416],[-14.708154,12.677979],[-14.960596,12.678955],[-15.196094,12.679932],[-15.37793,12.588965],[-15.574805,12.490381],[-15.839551,12.437891],[-16.144189,12.457422],[-16.241504,12.443311],[-16.342285,12.399512],[-16.416309,12.367676],[-16.521338,12.348633],[-16.656934,12.364355],[-16.711816,12.354834],[-16.74585,12.399707],[-16.784863,12.47251],[-16.760303,12.525781],[-16.677637,12.560059],[-16.553223,12.604883],[-16.488086,12.581836],[-16.449951,12.580713],[-16.442871,12.609473],[-16.455029,12.624805],[-16.548828,12.663818],[-16.597656,12.715283],[-16.637842,12.685156],[-16.672559,12.622021],[-16.701416,12.603174],[-16.743896,12.585449],[-16.767969,12.628418],[-16.778418,12.670166],[-16.758984,12.702344],[-16.768945,12.883301],[-16.757373,12.979785],[-16.76333,13.06416],[-16.704541,13.119727],[-16.648779,13.15415],[-16.430859,13.157324],[-16.22832,13.160303],[-16.033057,13.15835],[-15.834277,13.156445],[-15.814404,13.325146],[-15.751562,13.338379],[-15.657324,13.355811],[-15.481836,13.376367],[-15.28623,13.395996],[-15.244531,13.429102],[-15.212109,13.485059],[-15.191602,13.535254],[-15.151123,13.556494],[-15.096387,13.539648],[-15.024609,13.51333],[-14.950293,13.472607],[-14.865039,13.434863],[-14.808252,13.411133],[-14.671924,13.351709],[-14.438574,13.268896],[-14.246777,13.23584],[-14.014893,13.296387],[-13.84751,13.335303],[-13.826709,13.407812],[-13.852832,13.478564],[-13.977393,13.543457],[-14.146973,13.536133],[-14.199023,13.51875],[-14.278027,13.497168],[-14.325537,13.488574],[-14.405469,13.503711],[-14.506982,13.559717],[-14.57085,13.616162],[-14.660156,13.642627],[-14.766016,13.669092],[-14.935791,13.785205],[-15.024463,13.806006],[-15.10835,13.812109],[-15.269531,13.789111],[-15.426855,13.727002],[-15.509668,13.58623],[-15.667187,13.588281],[-16.001611,13.592773],[-16.30874,13.596875],[-16.562305,13.587305],[-16.587793,13.689551],[-16.647852,13.770996],[-16.74541,13.84043],[-16.766943,13.904932],[-16.733887,13.961182],[-16.6396,14.007471],[-16.618115,14.040527],[-16.66748,14.035596],[-16.742139,14.005811],[-16.791748,14.00415],[-16.797754,14.093262],[-16.880518,14.20835],[-16.973828,14.403223],[-17.079395,14.483057],[-17.168066,14.640625],[-17.260645,14.701074],[-17.345801,14.729297],[-17.418457,14.723486],[-17.44502,14.651611],[-17.535645,14.755127],[-17.411816,14.792187],[-17.147168,14.922021],[-16.843408,15.293994],[-16.570752,15.734424],[-16.535254,15.838379],[-16.502051,15.917334],[-16.480078,16.097217],[-16.441016,16.204541],[-16.404346,16.224902],[-16.358105,16.307178],[-16.302295,16.451318],[-16.239014,16.531299],[-16.168359,16.54707],[-16.113281,16.540137],[-16.074023,16.510449],[-15.958984,16.492139],[-15.768213,16.485107],[-15.620801,16.506592],[-15.516699,16.556592],[-15.37998,16.581982],[-15.210547,16.582617],[-15.121436,16.603613],[-15.112646,16.644922],[-15.090576,16.657373],[-15.055225,16.640967],[-15.021924,16.647461],[-14.990625,16.676904],[-14.959521,16.678906],[-14.928613,16.653516],[-14.786719,16.645898],[-14.53374,16.655957],[-14.300098,16.580273],[-14.085645,16.418848],[-13.975049,16.311133],[-13.968164,16.257227],[-13.932617,16.202881],[-13.868457,16.148145],[-13.809814,16.138037],[-13.756641,16.17251],[-13.714941,16.168799],[-13.684668,16.126904],[-13.623535,16.118311],[-13.555518,16.144043],[-13.506982,16.135205],[-13.498145,16.110303],[-13.486963,16.097021],[-13.454102,16.091113],[-13.409668,16.05918],[-13.347559,15.973486],[-13.297021,15.853857],[-13.258008,15.700391],[-13.206445,15.616895],[-13.142383,15.60332],[-13.105273,15.571777],[-13.0979,15.535254],[-13.079297,15.510449],[-13.048535,15.496631],[-12.994336,15.504883],[-12.930859,15.453027],[-12.862695,15.34043],[-12.851904,15.289648],[-12.862646,15.262402],[-12.858496,15.242529],[-12.813184,15.223535],[-12.770312,15.18667],[-12.735254,15.13125],[-12.659619,15.08208],[-12.543555,15.039014],[-12.459863,14.974658],[-12.408691,14.889014],[-12.302539,14.816992],[-12.280615,14.809033]]]]}},{"type":"Feature","properties":{"cartodb_id":195,"name":"Sierra Leone","mapcolor":1},"geometry":{"type":"MultiPolygon","coordinates":[[[[-12.526074,7.436328],[-12.540625,7.410254],[-12.607178,7.474512],[-12.951611,7.57085],[-12.854395,7.622021],[-12.615234,7.637207],[-12.544189,7.607373],[-12.5125,7.582422],[-12.500635,7.535107],[-12.526074,7.436328]]],[[[-11.180859,9.925342],[-11.115674,9.843164],[-11.047461,9.786328],[-10.963086,9.661621],[-10.864795,9.516455],[-10.758594,9.385352],[-10.690527,9.314258],[-10.682715,9.289355],[-10.687646,9.261133],[-10.72124,9.194482],[-10.749951,9.122363],[-10.747021,9.095264],[-10.726855,9.081689],[-10.615967,9.05918],[-10.605762,8.978809],[-10.605615,8.867578],[-10.551758,8.76377],[-10.500537,8.687549],[-10.503125,8.660303],[-10.628467,8.52998],[-10.677344,8.400586],[-10.702148,8.364209],[-10.712109,8.335254],[-10.686963,8.32168],[-10.652637,8.330273],[-10.604004,8.319482],[-10.557715,8.315674],[-10.496436,8.362109],[-10.394434,8.480957],[-10.360059,8.495508],[-10.283203,8.485156],[-10.285742,8.454102],[-10.314648,8.31084],[-10.359814,8.187939],[-10.389551,8.157617],[-10.516748,8.125293],[-10.57085,8.071143],[-10.617578,7.896436],[-10.647461,7.759375],[-10.691309,7.736426],[-10.878076,7.538232],[-11.000244,7.463037],[-11.0854,7.398584],[-11.166113,7.314404],[-11.267676,7.232617],[-11.37666,7.094678],[-11.454541,6.951221],[-11.50752,6.906543],[-11.54751,6.946973],[-11.733447,7.088574],[-11.929199,7.183545],[-12.346631,7.341797],[-12.485645,7.386279],[-12.480664,7.44248],[-12.432715,7.54502],[-12.510449,7.665723],[-12.480273,7.753271],[-12.510449,7.753369],[-12.570215,7.700586],[-12.697607,7.715869],[-12.781934,7.791113],[-12.850879,7.818701],[-12.880957,7.856641],[-12.925146,8.055176],[-12.956934,8.145313],[-13.020801,8.200928],[-13.148975,8.2146],[-13.201758,8.33584],[-13.272754,8.429736],[-13.26123,8.487598],[-13.20332,8.484277],[-13.157959,8.442285],[-13.08501,8.424756],[-12.994238,8.526465],[-12.912939,8.581543],[-12.894092,8.629785],[-12.904004,8.65625],[-12.953369,8.615137],[-13.088232,8.625732],[-13.121631,8.58877],[-13.181836,8.576904],[-13.228418,8.695898],[-13.226172,8.765967],[-13.206934,8.843115],[-13.071045,8.856348],[-13.059473,8.881152],[-13.153711,8.897705],[-13.271631,8.987402],[-13.292676,9.049219],[-13.234229,9.070117],[-13.178369,9.060889],[-13.129883,9.047559],[-13.077295,9.069629],[-13.028027,9.103564],[-12.998633,9.146924],[-12.958789,9.26333],[-12.831104,9.302246],[-12.755859,9.373584],[-12.684424,9.48418],[-12.65166,9.561914],[-12.622168,9.600635],[-12.603613,9.634229],[-12.589844,9.671143],[-12.557861,9.70498],[-12.524365,9.787207],[-12.501465,9.862158],[-12.427979,9.898145],[-12.277734,9.929785],[-12.142334,9.875391],[-11.922754,9.922754],[-11.911084,9.993018],[-11.710059,9.994189],[-11.471924,9.995459],[-11.273633,9.996533],[-11.205664,9.977734],[-11.180859,9.925342]]]]}},{"type":"Feature","properties":{"cartodb_id":199,"name":"Somalia","mapcolor":2},"geometry":{"type":"MultiPolygon","coordinates":[[[[41.532715,-1.695312],[41.537598,-1.613184],[41.521875,-1.572266],[41.426953,-1.449512],[41.249805,-1.220508],[41.11582,-1.047461],[40.978711,-0.870313],[40.978223,-0.728711],[40.976562,-0.307324],[40.973242,0.5354],[40.97002,1.378174],[40.966699,2.220947],[40.965039,2.642334],[40.964453,2.814648],[40.978711,2.842432],[41.134961,2.99707],[41.341797,3.20166],[41.613477,3.590479],[41.760938,3.801611],[41.883984,3.977734],[41.915332,4.031299],[42.024121,4.137939],[42.228418,4.20166],[42.355176,4.212256],[42.791602,4.291992],[42.856641,4.324219],[42.894727,4.361084],[42.930957,4.445312],[43.016016,4.56333],[43.125684,4.644482],[43.333984,4.750391],[43.538281,4.840332],[43.583496,4.85498],[43.829199,4.911426],[43.889453,4.930762],[43.988867,4.950537],[44.028125,4.950977],[44.369531,4.931201],[44.636621,4.915771],[44.911621,4.899902],[44.940527,4.912012],[45.132812,5.12168],[45.438477,5.45542],[45.633594,5.668262],[45.934961,5.997217],[46.166797,6.234668],[46.422949,6.497266],[46.671777,6.737256],[46.971191,7.026025],[47.159766,7.207861],[47.452832,7.490479],[47.731641,7.759326],[47.978223,7.99707],[48.126758,8.222168],[48.272754,8.443359],[48.428613,8.67959],[48.616602,8.9646],[48.793555,9.232715],[48.938086,9.451758],[48.938086,9.564111],[48.938281,9.807617],[48.938281,9.973486],[48.938379,10.433252],[48.938477,10.714209],[48.938477,10.982324],[48.938574,11.258447],[49.062109,11.27085],[49.388281,11.342725],[49.64209,11.450928],[50.110059,11.529297],[50.466211,11.727539],[50.52832,11.823193],[50.635938,11.943799],[50.792285,11.983691],[51.191309,11.841992],[51.254883,11.830713],[51.231836,11.74502],[51.218164,11.657666],[51.136328,11.505127],[51.084277,11.335645],[51.122266,11.076758],[51.140625,10.656885],[51.13125,10.595898],[51.104883,10.53584],[51.093848,10.488525],[51.050781,10.471973],[51.031836,10.444775],[51.063184,10.433936],[51.188281,10.479736],[51.185547,10.529834],[51.192969,10.554639],[51.295703,10.498682],[51.369141,10.475244],[51.390234,10.422607],[51.38457,10.386523],[51.268164,10.403125],[51.208789,10.431055],[51.035938,10.385156],[50.930078,10.335547],[50.898438,10.253125],[50.87373,9.92417],[50.832813,9.710498],[50.825,9.428174],[50.685156,9.241162],[50.637988,9.109277],[50.429785,8.845264],[50.321191,8.61958],[50.285742,8.509424],[50.102832,8.199805],[49.852051,7.962549],[49.76123,7.659521],[49.671191,7.469531],[49.57002,7.296973],[49.348535,6.990527],[49.234961,6.777344],[49.092676,6.407861],[49.049316,6.173633],[48.649023,5.494385],[48.233984,4.952686],[47.975293,4.497021],[47.511426,3.968262],[46.878809,3.285645],[46.051172,2.475146],[45.82627,2.309863],[44.920215,1.810156],[44.332715,1.390967],[44.032715,1.105908],[43.717578,0.857861],[43.467676,0.621631],[42.712109,-0.175684],[42.63418,-0.250781],[42.560742,-0.321484],[42.465625,-0.456543],[42.399414,-0.510059],[42.218945,-0.737988],[42.10625,-0.856152],[41.979883,-0.973047],[41.92627,-1.055566],[41.888281,-1.150586],[41.846191,-1.203418],[41.732227,-1.430078],[41.632031,-1.578516],[41.532715,-1.695312]]]]}},{"type":"Feature","properties":{"cartodb_id":198,"name":"Somaliland","mapcolor":3},"geometry":{"type":"MultiPolygon","coordinates":[[[[48.938574,11.258447],[48.938477,10.982324],[48.938477,10.714209],[48.938379,10.433252],[48.938281,9.973486],[48.938281,9.807617],[48.938086,9.564111],[48.938086,9.451758],[48.793555,9.232715],[48.616602,8.9646],[48.428613,8.67959],[48.272754,8.443359],[48.126758,8.222168],[47.978223,7.99707],[47.637695,7.99707],[47.305664,7.99707],[46.978223,7.99707],[46.919531,8.026123],[46.644727,8.118164],[46.295996,8.234961],[45.863281,8.379883],[45.555469,8.483008],[45.226953,8.59082],[44.893555,8.700195],[44.632031,8.786084],[44.30625,8.893066],[44.022852,8.986035],[43.983789,9.008838],[43.826758,9.150781],[43.620508,9.337402],[43.581055,9.340723],[43.48252,9.379492],[43.394336,9.480273],[43.303125,9.609082],[43.218457,9.770166],[43.181641,9.87998],[43.068945,9.926221],[43.014746,10.012598],[42.9125,10.14082],[42.841602,10.203076],[42.816406,10.257373],[42.783691,10.369629],[42.725195,10.491748],[42.669238,10.567578],[42.656445,10.6],[42.65957,10.621387],[42.763086,10.786914],[42.809766,10.845996],[42.862891,10.903223],[42.906152,10.960254],[42.922754,10.999316],[43.048633,11.194336],[43.159375,11.365723],[43.245996,11.499805],[43.441211,11.346436],[43.631152,11.035449],[43.852734,10.784277],[44.158203,10.550781],[44.279297,10.471875],[44.386523,10.430225],[44.942969,10.436719],[45.337695,10.649756],[45.695898,10.803906],[45.816699,10.835889],[46.024512,10.793701],[46.253906,10.781104],[46.460254,10.73418],[46.565039,10.745996],[46.973438,10.925391],[47.230078,11.099902],[47.40498,11.174023],[47.473828,11.174805],[47.7125,11.112012],[48.019238,11.139355],[48.438867,11.290137],[48.572559,11.320508],[48.674414,11.322656],[48.903125,11.254883],[48.938574,11.258447]]]]}},{"type":"Feature","properties":{"cartodb_id":239,"name":"South Africa","mapcolor":2},"geometry":{"type":"MultiPolygon","coordinates":[[[[37.856934,-46.944238],[37.813965,-46.962891],[37.611816,-46.946484],[37.590039,-46.908008],[37.649707,-46.848926],[37.684863,-46.824023],[37.789551,-46.8375],[37.872852,-46.885449],[37.887695,-46.90166],[37.856934,-46.944238]]],[[[30.19043,-22.291113],[30.460156,-22.329004],[30.711621,-22.297852],[30.916113,-22.290723],[31.073438,-22.307812],[31.197266,-22.344922],[31.287891,-22.402051],[31.293164,-22.454687],[31.300195,-22.478613],[31.348047,-22.617578],[31.419336,-22.825098],[31.466699,-23.016699],[31.531738,-23.279492],[31.529687,-23.425781],[31.545605,-23.482324],[31.604102,-23.55293],[31.675586,-23.674219],[31.7,-23.743066],[31.724023,-23.794531],[31.799609,-23.892187],[31.858301,-24.040234],[31.908008,-24.23623],[31.950586,-24.330273],[31.966602,-24.376465],[31.98584,-24.460645],[31.983203,-24.638281],[31.984375,-24.844043],[31.985742,-25.073828],[31.987012,-25.263477],[31.979395,-25.359473],[31.98457,-25.631934],[31.920312,-25.773926],[31.92832,-25.885352],[31.948242,-25.957617],[31.92168,-25.96875],[31.871484,-25.981641],[31.64043,-25.867285],[31.415137,-25.746582],[31.382617,-25.742969],[31.335156,-25.755566],[31.207324,-25.843359],[31.088086,-25.980664],[31.033301,-26.097754],[30.945215,-26.21875],[30.80332,-26.413477],[30.789063,-26.455469],[30.7875,-26.613672],[30.794336,-26.764258],[30.806738,-26.785254],[30.883301,-26.792383],[30.938086,-26.91582],[31.063379,-27.112305],[31.274023,-27.238379],[31.469531,-27.295508],[31.742578,-27.309961],[31.958398,-27.305859],[31.946094,-27.173633],[31.967188,-26.960645],[31.994727,-26.81748],[32.024805,-26.811133],[32.081641,-26.824805],[32.112891,-26.839453],[32.199609,-26.833496],[32.353516,-26.861621],[32.477734,-26.858496],[32.58877,-26.855762],[32.776563,-26.850977],[32.886133,-26.849316],[32.849121,-27.080176],[32.705859,-27.441602],[32.657031,-27.607324],[32.534766,-28.199707],[32.375195,-28.498242],[32.285742,-28.621484],[32.027246,-28.839551],[31.955371,-28.883789],[31.891504,-28.912109],[31.778223,-28.937109],[31.335156,-29.378125],[31.169922,-29.59082],[31.02334,-29.900879],[30.877637,-30.071094],[30.663574,-30.43418],[30.472266,-30.714551],[30.288672,-30.970117],[29.971191,-31.32207],[29.830273,-31.423828],[29.735156,-31.47041],[29.48291,-31.674707],[29.127832,-32.003125],[28.855957,-32.294238],[28.449414,-32.624609],[28.214062,-32.769238],[27.860645,-33.053906],[27.762109,-33.095996],[27.36377,-33.360547],[27.077441,-33.521191],[26.613672,-33.707422],[26.429492,-33.75957],[25.989551,-33.711328],[25.805859,-33.737109],[25.652441,-33.849609],[25.638184,-34.011133],[25.574219,-34.035352],[25.477246,-34.028125],[25.169727,-33.960742],[25.00293,-33.973633],[24.905566,-34.059766],[24.827148,-34.168945],[24.595508,-34.174512],[24.183008,-34.061523],[23.697852,-33.992773],[23.585547,-33.985156],[23.350391,-34.068945],[23.268164,-34.081152],[22.925586,-34.063184],[22.735547,-34.010254],[22.553809,-34.010059],[22.414453,-34.053809],[22.245508,-34.069141],[21.788965,-34.372656],[21.553223,-34.373047],[21.349805,-34.408203],[21.248926,-34.407031],[21.060156,-34.364648],[20.989844,-34.36748],[20.882422,-34.386523],[20.774805,-34.439941],[20.529883,-34.463086],[20.434668,-34.508594],[20.020605,-34.785742],[19.92627,-34.774707],[19.85,-34.756641],[19.634961,-34.75332],[19.391504,-34.605664],[19.298242,-34.615039],[19.323242,-34.570801],[19.330762,-34.492383],[19.279395,-34.437012],[19.244629,-34.412305],[19.149121,-34.416895],[19.09834,-34.350098],[18.952148,-34.34375],[18.901563,-34.360645],[18.831348,-34.364062],[18.825098,-34.296484],[18.830664,-34.253906],[18.826367,-34.188477],[18.808789,-34.108203],[18.752148,-34.082617],[18.708691,-34.071875],[18.605176,-34.077344],[18.533887,-34.085937],[18.500391,-34.109277],[18.462109,-34.168066],[18.461621,-34.346875],[18.410352,-34.295605],[18.352051,-34.188477],[18.333398,-34.074219],[18.354395,-33.939062],[18.465039,-33.887793],[18.456445,-33.796484],[18.433008,-33.717285],[18.309473,-33.514453],[18.26123,-33.42168],[18.156348,-33.358789],[18.074805,-33.207324],[17.992578,-33.152344],[17.958398,-33.046387],[17.878223,-32.961523],[17.851074,-32.827441],[17.895313,-32.750488],[17.965234,-32.708594],[18.036523,-32.775098],[18.125,-32.749121],[18.250879,-32.652148],[18.325293,-32.50498],[18.329883,-32.269531],[18.310742,-32.122461],[18.21084,-31.74248],[18.163672,-31.655176],[17.938574,-31.383203],[17.677441,-31.019043],[17.34707,-30.444824],[17.189063,-30.099805],[16.95,-29.403418],[16.739453,-29.009375],[16.480762,-28.641504],[16.447559,-28.617578],[16.487109,-28.572852],[16.626172,-28.487891],[16.689453,-28.464941],[16.723047,-28.475488],[16.755762,-28.452148],[16.7875,-28.394727],[16.794531,-28.34082],[16.810156,-28.264551],[16.841211,-28.218945],[16.875293,-28.12793],[16.933301,-28.069629],[17.05625,-28.031055],[17.149414,-28.082227],[17.188477,-28.13252],[17.20459,-28.198828],[17.245801,-28.230859],[17.312012,-28.228613],[17.358691,-28.269434],[17.385742,-28.353223],[17.380273,-28.413965],[17.342578,-28.45166],[17.347852,-28.501172],[17.395898,-28.562695],[17.415723,-28.621094],[17.447949,-28.698145],[17.616797,-28.743066],[17.699316,-28.768359],[17.841602,-28.776953],[17.976074,-28.811328],[18.102734,-28.87168],[18.31084,-28.88623],[18.600391,-28.855273],[18.83877,-28.869141],[19.026074,-28.92793],[19.161719,-28.93877],[19.245801,-28.90166],[19.282227,-28.847949],[19.270996,-28.777734],[19.312695,-28.733301],[19.407227,-28.714453],[19.48291,-28.661621],[19.539844,-28.574609],[19.671484,-28.503906],[19.877832,-28.449414],[19.980469,-28.45127],[19.980469,-28.310352],[19.980469,-27.865527],[19.980469,-27.420703],[19.980469,-26.975977],[19.980469,-26.531152],[19.980469,-26.086328],[19.980469,-25.641602],[19.980469,-25.196777],[19.980469,-24.776758],[20.028613,-24.807031],[20.345215,-25.029883],[20.430664,-25.14707],[20.473145,-25.221289],[20.609277,-25.491211],[20.710742,-25.733203],[20.793164,-25.915625],[20.799414,-25.999023],[20.811035,-26.080566],[20.822656,-26.120605],[20.815039,-26.164941],[20.757031,-26.26416],[20.697852,-26.340137],[20.626758,-26.443848],[20.619922,-26.580859],[20.641406,-26.742187],[20.685059,-26.822461],[20.739844,-26.848828],[20.870898,-26.808789],[20.953906,-26.821094],[21.070996,-26.851758],[21.45498,-26.832812],[21.501367,-26.842676],[21.646289,-26.854199],[21.694727,-26.840918],[21.738086,-26.806836],[21.788281,-26.710059],[21.833203,-26.67832],[21.914551,-26.661914],[22.010938,-26.63584],[22.090918,-26.580176],[22.217578,-26.388867],[22.470898,-26.219043],[22.548633,-26.178418],[22.597656,-26.132715],[22.640234,-26.071191],[22.729004,-25.857324],[22.796094,-25.679102],[22.818945,-25.595117],[22.878809,-25.45791],[22.95127,-25.370313],[23.02207,-25.324121],[23.05752,-25.312305],[23.14873,-25.288672],[23.266016,-25.266602],[23.389258,-25.291406],[23.521484,-25.344434],[23.670703,-25.433984],[23.823438,-25.544629],[23.89375,-25.600879],[23.969531,-25.626074],[24.104492,-25.634863],[24.192969,-25.63291],[24.330566,-25.742871],[24.400195,-25.749805],[24.555859,-25.783105],[24.748145,-25.817383],[24.869238,-25.813477],[24.998926,-25.754004],[25.09248,-25.751465],[25.213379,-25.75625],[25.346191,-25.739941],[25.443652,-25.714453],[25.518164,-25.662793],[25.583789,-25.60625],[25.65918,-25.437891],[25.702637,-25.302344],[25.769922,-25.146484],[25.852441,-24.935254],[25.881836,-24.787988],[25.912109,-24.747461],[26.031836,-24.702441],[26.130859,-24.671484],[26.397168,-24.613574],[26.451758,-24.582715],[26.501562,-24.513281],[26.617773,-24.395508],[26.761133,-24.297168],[26.835059,-24.24082],[26.970605,-23.763477],[26.987012,-23.70459],[27.085547,-23.57793],[27.146387,-23.524414],[27.185547,-23.523438],[27.241211,-23.490039],[27.313379,-23.424219],[27.399219,-23.383594],[27.49873,-23.368359],[27.563184,-23.324609],[27.592676,-23.252637],[27.643848,-23.217676],[27.716797,-23.219629],[27.758301,-23.196777],[27.768555,-23.148926],[27.812598,-23.108008],[27.890527,-23.073926],[27.931348,-23.033594],[27.935059,-22.987012],[28.02793,-22.87373],[28.210156,-22.693652],[28.381738,-22.593359],[28.542871,-22.572949],[28.695508,-22.535449],[28.839844,-22.480859],[28.945801,-22.395117],[29.013477,-22.278418],[29.129883,-22.213281],[29.364844,-22.193945],[29.377441,-22.192773],[29.663086,-22.146289],[29.902344,-22.18418],[30.19043,-22.291113]],[[27.830371,-28.909082],[27.735547,-28.940039],[27.660449,-29.046973],[27.590234,-29.146484],[27.527148,-29.236133],[27.491016,-29.276563],[27.458008,-29.302734],[27.424902,-29.360059],[27.356836,-29.455273],[27.294531,-29.519336],[27.207422,-29.554199],[27.095215,-29.599316],[27.056934,-29.625586],[27.051758,-29.664063],[27.091797,-29.753711],[27.130469,-29.840234],[27.193555,-29.941309],[27.239746,-30.015332],[27.312695,-30.105664],[27.355371,-30.158594],[27.349707,-30.247363],[27.364063,-30.279199],[27.388477,-30.315918],[27.408594,-30.325293],[27.431445,-30.338477],[27.491992,-30.363965],[27.506543,-30.380957],[27.549023,-30.41123],[27.589648,-30.466406],[27.666602,-30.542285],[27.753125,-30.6],[27.901855,-30.623828],[28.018164,-30.642285],[28.056836,-30.631055],[28.096387,-30.58457],[28.128711,-30.525098],[28.139063,-30.449902],[28.176172,-30.409863],[28.31543,-30.218457],[28.39209,-30.147559],[28.439062,-30.14248],[28.499609,-30.128906],[28.57666,-30.123047],[28.634375,-30.128711],[28.646875,-30.126563],[28.736914,-30.101953],[28.901074,-30.038477],[28.975293,-29.999414],[29.029004,-29.967578],[29.098047,-29.919043],[29.121973,-29.801172],[29.142188,-29.700977],[29.195117,-29.65166],[29.249219,-29.618848],[29.293555,-29.566895],[29.348828,-29.441992],[29.386719,-29.319727],[29.390723,-29.269727],[29.370898,-29.218457],[29.335938,-29.163672],[29.301367,-29.089844],[29.259766,-29.07832],[29.178027,-29.036914],[29.058008,-28.953711],[28.953711,-28.881445],[28.85625,-28.776074],[28.816211,-28.758887],[28.721777,-28.687695],[28.681152,-28.646777],[28.652637,-28.597852],[28.625781,-28.581738],[28.583398,-28.594141],[28.471875,-28.61582],[28.232617,-28.70127],[28.084375,-28.77998],[27.959863,-28.87334],[27.830371,-28.909082]]]]}},{"type":"Feature","properties":{"cartodb_id":189,"name":"South Sudan","mapcolor":1},"geometry":{"type":"MultiPolygon","coordinates":[[[[33.95918,9.845264],[33.894922,9.717627],[33.874023,9.626758],[33.867773,9.550342],[33.871484,9.506152],[33.878809,9.477734],[33.882129,9.471191],[33.884863,9.466406],[33.887891,9.463525],[33.890918,9.462207],[34.076758,9.461523],[34.078125,9.461523],[34.078125,9.461523],[34.077148,9.420996],[34.08457,9.218506],[34.091016,9.04126],[34.101562,8.751855],[34.101758,8.676367],[34.094531,8.582227],[34.072754,8.545264],[34.019727,8.49209],[33.95332,8.443506],[33.785059,8.431104],[33.644824,8.432568],[33.545313,8.443408],[33.409375,8.447754],[33.281055,8.437256],[33.234277,8.396387],[33.165234,8.251074],[33.065234,8.040479],[33.012598,7.951514],[32.998926,7.899512],[33.014648,7.868555],[33.080762,7.82373],[33.225977,7.760645],[33.392285,7.72373],[33.516309,7.707764],[33.600977,7.69043],[33.666113,7.670996],[33.902441,7.509521],[33.97793,7.43457],[34.02041,7.367969],[34.030176,7.296973],[34.064258,7.225732],[34.200391,7.08457],[34.279297,7.002832],[34.484375,6.898389],[34.562793,6.779834],[34.63877,6.722168],[34.710645,6.660303],[34.749219,6.567871],[34.838086,6.300146],[34.897852,6.159814],[34.958984,6.045068],[34.983594,5.858301],[35.031934,5.774902],[35.081934,5.673145],[35.164453,5.581201],[35.252441,5.511035],[35.268359,5.492285],[35.084473,5.311865],[34.87832,5.10957],[34.639844,4.875488],[34.380176,4.620654],[34.176855,4.419092],[33.976074,4.220215],[33.741602,3.985254],[33.568457,3.811719],[33.539551,3.787109],[33.489355,3.755078],[33.324316,3.754346],[33.154102,3.774707],[32.997266,3.880176],[32.838086,3.798486],[32.737109,3.772705],[32.676953,3.763184],[32.534766,3.749951],[32.335742,3.706201],[32.245508,3.651318],[32.19668,3.607812],[32.15625,3.528027],[32.135938,3.519727],[32.099414,3.529199],[32.048242,3.561182],[31.941797,3.607568],[31.888281,3.709082],[31.838672,3.770459],[31.798047,3.802637],[31.628906,3.701465],[31.547168,3.677588],[31.47998,3.680469],[31.357422,3.737598],[31.221973,3.785937],[31.152344,3.785596],[31.048047,3.725],[30.929395,3.634082],[30.868164,3.544141],[30.838574,3.490723],[30.816895,3.53335],[30.796973,3.573145],[30.757227,3.624219],[30.699902,3.644092],[30.647656,3.634131],[30.586719,3.624219],[30.559375,3.652783],[30.553516,3.722949],[30.536914,3.787207],[30.508301,3.835693],[30.420703,3.883887],[30.194922,3.981934],[30.021387,4.177637],[29.933984,4.268506],[29.870215,4.327148],[29.779883,4.480957],[29.676855,4.586914],[29.552051,4.636035],[29.469629,4.611816],[29.384863,4.498389],[29.224902,4.391895],[29.151465,4.388184],[29.057422,4.445947],[28.939355,4.487061],[28.727051,4.50498],[28.639551,4.454492],[28.524805,4.372852],[28.427539,4.32417],[28.367188,4.318652],[28.311035,4.338037],[28.247266,4.348535],[28.19209,4.350244],[28.078613,4.424805],[28.019824,4.479395],[27.980664,4.53208],[27.916602,4.56792],[27.841602,4.597754],[27.788086,4.644678],[27.761426,4.703223],[27.719238,4.77832],[27.66416,4.845996],[27.491016,4.967578],[27.439258,5.039209],[27.40332,5.10918],[27.332422,5.186328],[27.256738,5.289648],[27.23252,5.440771],[27.229102,5.5625],[27.213379,5.618799],[27.18125,5.675146],[27.143945,5.722949],[27.083398,5.776855],[26.942285,5.854932],[26.796484,5.945508],[26.726367,5.998242],[26.593652,6.017529],[26.514258,6.069238],[26.447461,6.183008],[26.420508,6.27417],[26.35332,6.344922],[26.324609,6.39624],[26.308594,6.455322],[26.361816,6.635303],[26.28457,6.699023],[26.169336,6.781738],[26.086914,6.872119],[26.036523,6.955225],[25.888965,7.064941],[25.566602,7.228711],[25.380664,7.333398],[25.278906,7.42749],[25.190137,7.519336],[25.181348,7.557227],[25.238672,7.648975],[25.247363,7.724561],[25.200391,7.80791],[25.007227,7.964844],[24.85332,8.137549],[24.736719,8.191553],[24.456055,8.239453],[24.375488,8.258447],[24.291406,8.291406],[24.208398,8.369141],[24.17998,8.461133],[24.220898,8.608252],[24.194824,8.653369],[24.147363,8.665625],[24.147363,8.665625],[24.160449,8.696289],[24.213574,8.767822],[24.300195,8.814258],[24.531934,8.886914],[24.544824,8.914844],[24.549414,9.006787],[24.568262,9.051709],[24.648047,9.179102],[24.659375,9.229932],[24.662891,9.338135],[24.673633,9.389307],[24.69668,9.425684],[24.760352,9.488916],[24.782617,9.527344],[24.792188,9.610303],[24.785254,9.774658],[24.817676,9.8396],[24.963867,9.988867],[25.00293,10.055273],[25.016211,10.115234],[25.014844,10.175879],[25.023633,10.235791],[25.066992,10.293799],[25.104004,10.311816],[25.211719,10.329932],[25.285156,10.318506],[25.798047,10.420508],[25.858203,10.406494],[25.885254,10.346094],[25.882812,10.249609],[25.891504,10.202734],[25.919141,10.169336],[26.000586,10.123437],[26.057031,10.046777],[26.087012,10.018457],[26.169531,9.965918],[26.551367,9.52583],[26.658691,9.484131],[26.763184,9.499219],[26.970508,9.590625],[27.074219,9.613818],[27.799805,9.587891],[27.880859,9.601611],[27.88584,9.599658],[27.996289,9.378809],[28.048926,9.328613],[28.844531,9.326074],[28.829395,9.388818],[28.839453,9.459082],[28.932324,9.549463],[28.97959,9.594189],[28.97959,9.593994],[28.999609,9.610156],[29.122363,9.674658],[29.242383,9.718066],[29.473145,9.768604],[29.557422,9.848291],[29.603906,9.921387],[29.605469,10.065088],[29.635938,10.088623],[29.691016,10.121924],[29.95791,10.250244],[30.003027,10.277393],[30.474609,9.978955],[30.739355,9.742676],[30.755371,9.731201],[30.769141,9.726807],[30.783105,9.734961],[30.794922,9.74585],[30.81416,9.753125],[30.827051,9.756299],[30.940332,9.759375],[31.154492,9.770947],[31.224902,9.799268],[31.654883,10.221143],[31.764258,10.355713],[31.791992,10.383154],[31.854297,10.479053],[31.919922,10.643848],[31.933008,10.6625],[32.404102,11.057764],[32.420801,11.089111],[32.425391,11.113965],[32.354199,11.246924],[32.338867,11.314502],[32.335742,11.418555],[32.349902,11.58042],[32.344922,11.682715],[32.343066,11.694287],[32.338477,11.710107],[32.335352,11.716016],[32.072266,12.006738],[32.736719,12.009668],[32.738281,12.03374],[32.737695,12.046436],[32.735645,12.058057],[32.723047,12.09292],[32.71582,12.139258],[32.715332,12.152197],[32.716309,12.164844],[32.720117,12.188818],[32.720508,12.201807],[32.719824,12.208008],[32.718555,12.21377],[32.718945,12.218848],[32.721875,12.223096],[33.199316,12.217285],[33.193066,12.13501],[33.135059,11.941602],[33.136133,11.825586],[33.122461,11.693164],[33.119141,11.682422],[33.106055,11.653857],[33.094629,11.6375],[33.081543,11.621729],[33.077832,11.615771],[33.07334,11.606104],[33.073047,11.591504],[33.172168,10.850146],[33.168457,10.831445],[33.164746,10.819189],[33.138281,10.772949],[33.131445,10.757715],[33.130078,10.745947],[33.14082,10.737891],[33.360742,10.657812],[33.371387,10.652734],[33.379883,10.646191],[33.459082,10.55083],[33.892188,10.198975],[33.907031,10.181445],[33.951855,10.070947],[33.956836,10.054199],[33.958398,10.027734],[33.957324,10.007178],[33.946191,9.940918],[33.949902,9.911133],[33.957324,9.891455],[33.963281,9.868701],[33.963281,9.861768],[33.9625,9.855811],[33.95918,9.845264]]]]}},{"type":"Feature","properties":{"cartodb_id":188,"name":"Sudan","mapcolor":2},"geometry":{"type":"MultiPolygon","coordinates":[[[[31.466406,22.084668],[31.434473,21.99585],[31.62168,21.99585],[31.949805,21.995898],[32.277832,21.995996],[32.606055,21.995996],[32.934082,21.996094],[33.262207,21.996143],[33.590332,21.996191],[33.918457,21.99624],[34.246484,21.996289],[34.574609,21.996338],[34.902734,21.996387],[35.230859,21.996436],[35.558984,21.996484],[35.887012,21.996533],[36.215234,21.996582],[36.543262,21.996631],[36.871387,21.996729],[36.882617,21.768799],[36.926953,21.586523],[37.081152,21.326025],[37.211719,21.18584],[37.258594,21.108545],[37.263184,21.072656],[37.257227,21.039404],[37.21748,21.077637],[37.150586,21.10376],[37.141113,20.981787],[37.156836,20.894922],[37.172656,20.731982],[37.227539,20.556738],[37.187891,20.394922],[37.193164,20.120703],[37.262598,19.791895],[37.248438,19.581885],[37.361523,19.091992],[37.471289,18.820117],[37.531641,18.753125],[37.599414,18.717432],[37.729785,18.694336],[37.921875,18.555908],[38.074023,18.409766],[38.128125,18.333301],[38.201758,18.249414],[38.252148,18.264404],[38.283105,18.286719],[38.33291,18.219043],[38.574023,18.072949],[38.609473,18.005078],[38.522852,17.938525],[38.422461,17.823926],[38.397168,17.778369],[38.385547,17.75127],[38.37373,17.717334],[38.347363,17.683594],[38.289844,17.637012],[38.267285,17.616699],[38.253516,17.584766],[38.219043,17.563965],[38.181543,17.562842],[38.148535,17.548535],[38.098926,17.526465],[38.025293,17.537793],[37.950098,17.517676],[37.922559,17.492334],[37.862988,17.470264],[37.80332,17.465527],[37.782422,17.458008],[37.725977,17.420508],[37.656738,17.368262],[37.575977,17.33501],[37.547461,17.324121],[37.510156,17.288135],[37.45293,17.108691],[37.411035,17.061719],[37.34043,17.05708],[37.248828,17.056885],[37.169531,17.041406],[37.061523,17.061279],[37.008984,17.058887],[36.995215,17.020557],[36.975781,16.866553],[36.978711,16.800586],[36.935742,16.722363],[36.887793,16.624658],[36.905469,16.459521],[36.91377,16.296191],[36.825879,16.050293],[36.813477,15.993945],[36.724512,15.798877],[36.679199,15.726367],[36.566016,15.362109],[36.521777,15.250146],[36.426758,15.13208],[36.448145,14.940088],[36.470801,14.736475],[36.492285,14.544336],[36.524316,14.256836],[36.443945,13.988428],[36.44707,13.842041],[36.390625,13.626074],[36.346289,13.52627],[36.306836,13.466846],[36.273535,13.405762],[36.212207,13.271094],[36.160156,13.093311],[36.137109,12.911133],[36.135352,12.805322],[36.125195,12.757031],[36.10752,12.726465],[35.987598,12.706299],[35.820605,12.684863],[35.730566,12.661035],[35.670215,12.62373],[35.596094,12.537305],[35.449609,12.300586],[35.372754,12.155566],[35.252441,11.957031],[35.112305,11.816553],[35.082715,11.748291],[35.059668,11.621045],[35.00791,11.419873],[34.960742,11.276758],[34.969141,11.161768],[34.924902,10.962109],[34.931445,10.864795],[34.882324,10.810547],[34.816211,10.75918],[34.771289,10.746191],[34.675,10.804932],[34.601758,10.864551],[34.571875,10.880176],[34.508008,10.842871],[34.431445,10.787842],[34.343945,10.658643],[34.275684,10.528125],[34.314844,10.251562],[34.31123,10.190869],[34.291504,10.124756],[34.185254,9.918555],[34.159082,9.853418],[34.120313,9.729687],[34.079297,9.513477],[34.078125,9.461523],[34.078125,9.461523],[34.076758,9.461523],[33.890918,9.462207],[33.887891,9.463525],[33.884863,9.466406],[33.882129,9.471191],[33.878809,9.477734],[33.871484,9.506152],[33.867773,9.550342],[33.874023,9.626758],[33.894922,9.717627],[33.95918,9.845264],[33.9625,9.855811],[33.963281,9.861768],[33.963281,9.868701],[33.957324,9.891455],[33.949902,9.911133],[33.946191,9.940918],[33.957324,10.007178],[33.958398,10.027734],[33.956836,10.054199],[33.951855,10.070947],[33.907031,10.181445],[33.892188,10.198975],[33.459082,10.55083],[33.379883,10.646191],[33.371387,10.652734],[33.360742,10.657812],[33.14082,10.737891],[33.130078,10.745947],[33.131445,10.757715],[33.138281,10.772949],[33.164746,10.819189],[33.168457,10.831445],[33.172168,10.850146],[33.073047,11.591504],[33.07334,11.606104],[33.077832,11.615771],[33.081543,11.621729],[33.094629,11.6375],[33.106055,11.653857],[33.119141,11.682422],[33.122461,11.693164],[33.136133,11.825586],[33.135059,11.941602],[33.193066,12.13501],[33.199316,12.217285],[32.721875,12.223096],[32.718945,12.218848],[32.718555,12.21377],[32.719824,12.208008],[32.720508,12.201807],[32.720117,12.188818],[32.716309,12.164844],[32.715332,12.152197],[32.71582,12.139258],[32.723047,12.09292],[32.735645,12.058057],[32.737695,12.046436],[32.738281,12.03374],[32.736719,12.009668],[32.072266,12.006738],[32.335352,11.716016],[32.338477,11.710107],[32.343066,11.694287],[32.344922,11.682715],[32.349902,11.58042],[32.335742,11.418555],[32.338867,11.314502],[32.354199,11.246924],[32.425391,11.113965],[32.420801,11.089111],[32.404102,11.057764],[31.933008,10.6625],[31.919922,10.643848],[31.854297,10.479053],[31.791992,10.383154],[31.764258,10.355713],[31.654883,10.221143],[31.224902,9.799268],[31.154492,9.770947],[30.940332,9.759375],[30.827051,9.756299],[30.81416,9.753125],[30.794922,9.74585],[30.783105,9.734961],[30.769141,9.726807],[30.755371,9.731201],[30.739355,9.742676],[30.474609,9.978955],[30.003027,10.277393],[29.95791,10.250244],[29.691016,10.121924],[29.635938,10.088623],[29.605469,10.065088],[29.603906,9.921387],[29.557422,9.848291],[29.473145,9.768604],[29.242383,9.718066],[29.122363,9.674658],[28.999609,9.610156],[28.97959,9.593994],[28.97959,9.594189],[28.932324,9.549463],[28.839453,9.459082],[28.829395,9.388818],[28.844531,9.326074],[28.048926,9.328613],[27.996289,9.378809],[27.88584,9.599658],[27.880859,9.601611],[27.799805,9.587891],[27.074219,9.613818],[26.970508,9.590625],[26.763184,9.499219],[26.658691,9.484131],[26.551367,9.52583],[26.169531,9.965918],[26.087012,10.018457],[26.057031,10.046777],[26.000586,10.123437],[25.919141,10.169336],[25.891504,10.202734],[25.882812,10.249609],[25.885254,10.346094],[25.858203,10.406494],[25.798047,10.420508],[25.285156,10.318506],[25.211719,10.329932],[25.104004,10.311816],[25.066992,10.293799],[25.023633,10.235791],[25.014844,10.175879],[25.016211,10.115234],[25.00293,10.055273],[24.963867,9.988867],[24.817676,9.8396],[24.785254,9.774658],[24.792188,9.610303],[24.782617,9.527344],[24.760352,9.488916],[24.69668,9.425684],[24.673633,9.389307],[24.662891,9.338135],[24.659375,9.229932],[24.648047,9.179102],[24.568262,9.051709],[24.549414,9.006787],[24.544824,8.914844],[24.531934,8.886914],[24.300195,8.814258],[24.213574,8.767822],[24.160449,8.696289],[24.147363,8.665625],[24.147363,8.665625],[24.048145,8.691309],[23.921973,8.709717],[23.679297,8.732471],[23.583203,8.76582],[23.537305,8.81582],[23.551855,8.943213],[23.528027,8.970605],[23.489063,8.993311],[23.462793,9.048486],[23.468262,9.114746],[23.596094,9.261914],[23.622656,9.340625],[23.642773,9.613916],[23.65625,9.710352],[23.646289,9.8229],[23.54502,10.030078],[23.456641,10.174268],[23.312305,10.387939],[23.255859,10.457812],[22.964355,10.751807],[22.930762,10.795312],[22.860059,10.919678],[22.894824,11.029004],[22.937695,11.192041],[22.942773,11.267187],[22.922656,11.344873],[22.849023,11.403271],[22.783398,11.409961],[22.754004,11.439844],[22.697363,11.482666],[22.641016,11.515918],[22.591113,11.579883],[22.556348,11.669531],[22.580957,11.990137],[22.564355,12.032959],[22.489844,12.044727],[22.472461,12.067773],[22.475488,12.129248],[22.435254,12.311914],[22.390234,12.462988],[22.414453,12.546387],[22.352344,12.660449],[22.233398,12.709473],[22.121191,12.69458],[22.000684,12.671875],[21.928125,12.678125],[21.878125,12.699365],[21.843359,12.741211],[21.825293,12.790527],[21.841797,12.864746],[21.907715,13.000977],[21.990234,13.113086],[22.158008,13.215039],[22.202637,13.269336],[22.228125,13.32959],[22.232617,13.398779],[22.221387,13.471631],[22.202344,13.538086],[22.15293,13.626416],[22.107617,13.730322],[22.106445,13.799805],[22.128223,13.850146],[22.173145,13.910596],[22.262109,13.978711],[22.283496,13.992334],[22.339355,14.028857],[22.388184,14.055518],[22.509961,14.127441],[22.538574,14.161865],[22.528223,14.203223],[22.49834,14.237061],[22.449316,14.284229],[22.439355,14.342139],[22.425,14.441211],[22.399707,14.504199],[22.381543,14.550488],[22.416211,14.585205],[22.467773,14.63335],[22.532031,14.662744],[22.631836,14.688086],[22.670898,14.722461],[22.682422,14.788623],[22.679199,14.851465],[22.714941,14.898389],[22.763281,14.998682],[22.802148,15.044434],[22.867188,15.096631],[22.932324,15.162109],[22.961328,15.238135],[22.969531,15.311328],[22.933887,15.533105],[23.00918,15.62583],[23.105176,15.702539],[23.243457,15.697217],[23.458008,15.713965],[23.604004,15.745996],[23.708203,15.744971],[23.945996,15.703516],[23.965234,15.713428],[23.970801,15.721533],[23.983398,15.780176],[23.983301,15.928125],[23.98291,16.374219],[23.98252,16.820264],[23.982227,17.266357],[23.981836,17.712402],[23.981445,18.158496],[23.981055,18.604541],[23.980664,19.050586],[23.980273,19.496631],[23.980273,19.621484],[23.980273,19.746289],[23.980273,19.871094],[23.980273,19.995947],[24.226953,19.99585],[24.473633,19.995703],[24.72041,19.995557],[24.966992,19.995459],[24.970215,19.997266],[24.973242,19.999023],[24.976367,20.000781],[24.979492,20.002588],[24.979688,20.500928],[24.979883,20.999219],[24.980078,21.497559],[24.980273,21.99585],[25.362305,21.995801],[25.744336,21.995752],[26.126367,21.995654],[26.508398,21.995605],[26.89043,21.995557],[27.272461,21.995508],[27.654492,21.995459],[28.036426,21.995361],[28.418555,21.995312],[28.800586,21.995264],[29.18252,21.995215],[29.564551,21.995117],[29.94668,21.995117],[30.328613,21.99502],[30.710645,21.994922],[31.092676,21.994873],[31.20918,21.994873],[31.260645,22.002295],[31.358496,22.188623],[31.400293,22.202441],[31.464258,22.191504],[31.486133,22.147803],[31.466406,22.084668]]]]}},{"type":"Feature","properties":{"cartodb_id":207,"name":"Swaziland","mapcolor":3},"geometry":{"type":"MultiPolygon","coordinates":[[[[31.948242,-25.957617],[31.968457,-25.972266],[32.060547,-26.018359],[32.068848,-26.110156],[32.059961,-26.215039],[32.041406,-26.28125],[32.04834,-26.347168],[32.07793,-26.449805],[32.105957,-26.52002],[32.112891,-26.839453],[32.081641,-26.824805],[32.024805,-26.811133],[31.994727,-26.81748],[31.967188,-26.960645],[31.946094,-27.173633],[31.958398,-27.305859],[31.742578,-27.309961],[31.469531,-27.295508],[31.274023,-27.238379],[31.063379,-27.112305],[30.938086,-26.91582],[30.883301,-26.792383],[30.806738,-26.785254],[30.794336,-26.764258],[30.7875,-26.613672],[30.789062,-26.455469],[30.80332,-26.413477],[30.945215,-26.21875],[31.033301,-26.097754],[31.088086,-25.980664],[31.207324,-25.843359],[31.335156,-25.755566],[31.382617,-25.742969],[31.415137,-25.746582],[31.64043,-25.867285],[31.871484,-25.981641],[31.92168,-25.96875],[31.948242,-25.957617]]]]}},{"type":"Feature","properties":{"cartodb_id":223,"name":"Tanzania","mapcolor":3},"geometry":{"type":"MultiPolygon","coordinates":[[[[39.711328,-7.977441],[39.657227,-7.990527],[39.636133,-7.977832],[39.60293,-7.936133],[39.660645,-7.900586],[39.716602,-7.831543],[39.846582,-7.730273],[39.890918,-7.663477],[39.907129,-7.649219],[39.897754,-7.728125],[39.824414,-7.900684],[39.761816,-7.911914],[39.711328,-7.977441]]],[[[39.496484,-6.174609],[39.573047,-6.387402],[39.563184,-6.427246],[39.50918,-6.45166],[39.480957,-6.453711],[39.447363,-6.419727],[39.423633,-6.347852],[39.382617,-6.364941],[39.312695,-6.279102],[39.243457,-6.275],[39.182324,-6.172559],[39.20625,-6.083203],[39.192383,-5.931055],[39.266992,-5.853125],[39.308984,-5.721973],[39.357227,-5.811523],[39.368262,-5.951172],[39.433301,-6.11543],[39.487891,-6.166211],[39.496484,-6.174609]]],[[[39.865039,-4.906152],[39.870996,-4.956543],[39.855664,-5.004004],[39.858984,-5.155176],[39.853027,-5.255469],[39.795898,-5.394434],[39.749316,-5.443848],[39.707617,-5.429492],[39.673437,-5.406641],[39.646777,-5.368555],[39.701074,-5.113672],[39.673437,-4.927051],[39.780762,-4.944922],[39.865039,-4.906152]]],[[[30.823633,-0.999023],[30.844727,-1.002051],[30.949707,-1.002051],[31.127539,-1.002051],[31.305273,-1.002051],[31.483105,-1.002051],[31.66084,-1.002051],[31.838574,-1.002051],[32.016406,-1.002051],[32.194141,-1.002051],[32.371875,-1.002051],[32.549707,-1.002051],[32.727441,-1.002051],[32.905176,-1.002051],[33.083008,-1.002051],[33.260742,-1.002051],[33.438477,-1.002051],[33.616309,-1.002051],[33.794043,-1.002051],[33.903223,-1.002051],[33.979395,-1.002051],[34.051563,-1.039844],[34.131641,-1.08457],[34.344727,-1.203613],[34.55791,-1.322559],[34.771094,-1.441602],[34.984277,-1.560547],[35.197461,-1.67959],[35.410547,-1.798633],[35.62373,-1.917578],[35.836914,-2.036621],[36.05,-2.155664],[36.263086,-2.274609],[36.476367,-2.393555],[36.689453,-2.512598],[36.902637,-2.631641],[37.11582,-2.750586],[37.329004,-2.869629],[37.542188,-2.988574],[37.643848,-3.04541],[37.65918,-3.07002],[37.676855,-3.178418],[37.687988,-3.246191],[37.681836,-3.305762],[37.625391,-3.407227],[37.608691,-3.460254],[37.608203,-3.49707],[37.62207,-3.511523],[37.670117,-3.516797],[37.711035,-3.54082],[37.726172,-3.559766],[37.757422,-3.636133],[37.797266,-3.674414],[37.887305,-3.739258],[38.04082,-3.849805],[38.194336,-3.960352],[38.347852,-4.070898],[38.501367,-4.181445],[38.654883,-4.291895],[38.808398,-4.402441],[38.961914,-4.512988],[39.11543,-4.623535],[39.190137,-4.677246],[39.221777,-4.692383],[39.201855,-4.776465],[39.123242,-4.980469],[39.11875,-5.06543],[39.087988,-5.16543],[39.058301,-5.231543],[38.978223,-5.518555],[38.911035,-5.625977],[38.819238,-5.877637],[38.804688,-6.070117],[38.855273,-6.204883],[38.874023,-6.33125],[38.981445,-6.455078],[39.067383,-6.499316],[39.125488,-6.555957],[39.228418,-6.685254],[39.287305,-6.814941],[39.472363,-6.878613],[39.546094,-7.024023],[39.519238,-7.124121],[39.433398,-7.207031],[39.353125,-7.341406],[39.288477,-7.517871],[39.287012,-7.787695],[39.330469,-7.74668],[39.428418,-7.812793],[39.441016,-8.011523],[39.340039,-8.242871],[39.308984,-8.350977],[39.304004,-8.443848],[39.377344,-8.720801],[39.488379,-8.861816],[39.480078,-8.905957],[39.45127,-8.942969],[39.641309,-9.19248],[39.625488,-9.409473],[39.69668,-9.578418],[39.72793,-9.724805],[39.774805,-9.837109],[39.783789,-9.914551],[39.725195,-10.000488],[39.86377,-10.021973],[39.945215,-10.092285],[39.983594,-10.15957],[40.083691,-10.156641],[40.137891,-10.202637],[40.216016,-10.240625],[40.38877,-10.353516],[40.435547,-10.410254],[40.452539,-10.442969],[40.463574,-10.464355],[40.347461,-10.551562],[40.166211,-10.6875],[39.988672,-10.820801],[39.81709,-10.912402],[39.694434,-10.954785],[39.563477,-10.978516],[39.43916,-11.03457],[39.321582,-11.122559],[39.170996,-11.166895],[38.9875,-11.167285],[38.794727,-11.228906],[38.60332,-11.345313],[38.491797,-11.413281],[38.315137,-11.311133],[38.176563,-11.278711],[38.017285,-11.282129],[37.920215,-11.294727],[37.885352,-11.316699],[37.855078,-11.379102],[37.829297,-11.481934],[37.724805,-11.580664],[37.541699,-11.675098],[37.372852,-11.710449],[37.218359,-11.686523],[37.113867,-11.647168],[37.05918,-11.592187],[36.978906,-11.566992],[36.872656,-11.571289],[36.771094,-11.610352],[36.673828,-11.684277],[36.518652,-11.716211],[36.305664,-11.706348],[36.191309,-11.670703],[36.175488,-11.609277],[36.082227,-11.537305],[35.911328,-11.454688],[35.785449,-11.45293],[35.704688,-11.532129],[35.630957,-11.582031],[35.564355,-11.602344],[35.504395,-11.604785],[35.451367,-11.589551],[35.418262,-11.583203],[35.182617,-11.574805],[34.959473,-11.578125],[34.952637,-11.54375],[34.937012,-11.463477],[34.890625,-11.393555],[34.850586,-11.351953],[34.800879,-11.340918],[34.773828,-11.341699],[34.752148,-11.309473],[34.726465,-11.238184],[34.688477,-11.177441],[34.638086,-11.127148],[34.60791,-11.080469],[34.597656,-11.0375],[34.605664,-10.990234],[34.652344,-10.872852],[34.66709,-10.79248],[34.661816,-10.710059],[34.636523,-10.625586],[34.583594,-10.525098],[34.589551,-10.496191],[34.571582,-10.427637],[34.569727,-10.379687],[34.57998,-10.319824],[34.569922,-10.241113],[34.524219,-10.073145],[34.524219,-10.030176],[34.475977,-9.948828],[34.327832,-9.756543],[34.320898,-9.731543],[34.088574,-9.537793],[33.995605,-9.49541],[33.962109,-9.531738],[33.949609,-9.565332],[33.959375,-9.627344],[33.953711,-9.658203],[33.943945,-9.672168],[33.888867,-9.670117],[33.854199,-9.662988],[33.766211,-9.610938],[33.697656,-9.598145],[33.527539,-9.60752],[33.467773,-9.619727],[33.420898,-9.608008],[33.330859,-9.519141],[33.225293,-9.500488],[33.130469,-9.495898],[32.974023,-9.39502],[32.937305,-9.399707],[32.919922,-9.407422],[32.863281,-9.380859],[32.756641,-9.322266],[32.608398,-9.270508],[32.487109,-9.212695],[32.433203,-9.156348],[32.319336,-9.134863],[32.220898,-9.125586],[32.129785,-9.07334],[32.035352,-9.067383],[31.942578,-9.054004],[31.921875,-9.019434],[31.918652,-8.942188],[31.886133,-8.921973],[31.818066,-8.902246],[31.744727,-8.903223],[31.7,-8.914355],[31.673633,-8.908789],[31.612793,-8.863281],[31.55625,-8.805469],[31.534863,-8.713281],[31.449219,-8.653906],[31.350586,-8.607031],[31.076367,-8.611914],[31.033398,-8.597656],[30.968359,-8.550977],[30.891992,-8.47373],[30.830664,-8.385547],[30.776758,-8.26582],[30.751172,-8.193652],[30.720898,-8.104395],[30.653809,-7.970898],[30.558887,-7.781934],[30.485645,-7.627148],[30.406738,-7.460645],[30.374512,-7.338672],[30.313184,-7.203711],[30.212695,-7.037891],[30.161816,-6.973047],[30.10625,-6.915039],[29.961816,-6.803125],[29.798145,-6.691895],[29.709668,-6.616895],[29.590625,-6.394434],[29.54082,-6.313867],[29.50625,-6.17207],[29.480078,-6.025],[29.49082,-5.96543],[29.596387,-5.775977],[29.607031,-5.722656],[29.594141,-5.650781],[29.542383,-5.499805],[29.503711,-5.400977],[29.476465,-5.316602],[29.420117,-5.176172],[29.342773,-4.983105],[29.323438,-4.898828],[29.325684,-4.835645],[29.367578,-4.668848],[29.404199,-4.49668],[29.403223,-4.449316],[29.717773,-4.455859],[29.769531,-4.418066],[29.947266,-4.307324],[30.147168,-4.085352],[30.187109,-3.992871],[30.268555,-3.850488],[30.348438,-3.779785],[30.379102,-3.730762],[30.4,-3.653906],[30.425,-3.588867],[30.529883,-3.49248],[30.631934,-3.418652],[30.624609,-3.388672],[30.610938,-3.366406],[30.626074,-3.347363],[30.681836,-3.309375],[30.790234,-3.274609],[30.811426,-3.200586],[30.811133,-3.116406],[30.793555,-3.069336],[30.796875,-3.015137],[30.780273,-2.984863],[30.709473,-2.977246],[30.604297,-2.935254],[30.515039,-2.917578],[30.455566,-2.893164],[30.433496,-2.874512],[30.424023,-2.824023],[30.441309,-2.769043],[30.450488,-2.753223],[30.47334,-2.694336],[30.434375,-2.658887],[30.424219,-2.641602],[30.441992,-2.613477],[30.533691,-2.42627],[30.553613,-2.400098],[30.593359,-2.396777],[30.656641,-2.373828],[30.714844,-2.363477],[30.7625,-2.37168],[30.797656,-2.362695],[30.828711,-2.338477],[30.85498,-2.26543],[30.876563,-2.143359],[30.864648,-2.044043],[30.819141,-1.96748],[30.806738,-1.850684],[30.827539,-1.693652],[30.812598,-1.563086],[30.762207,-1.458691],[30.710742,-1.396777],[30.631934,-1.36748],[30.508105,-1.208203],[30.470215,-1.131152],[30.477051,-1.083008],[30.509961,-1.067285],[30.519922,-1.0625],[30.59873,-1.069727],[30.672754,-1.051367],[30.741992,-1.00752],[30.80918,-0.994922],[30.823633,-0.999023]]]]}},{"type":"Feature","properties":{"cartodb_id":213,"name":"Togo","mapcolor":3},"geometry":{"type":"MultiPolygon","coordinates":[[[[0.900488,10.993262],[0.874805,10.885742],[0.821875,10.752588],[0.7875,10.710254],[0.763379,10.38667],[0.77998,10.35957],[0.792188,10.351562],[0.958301,10.242041],[1.176172,10.098389],[1.330078,9.996973],[1.342871,9.962939],[1.345117,9.750195],[1.34707,9.567529],[1.378906,9.462988],[1.385742,9.36167],[1.424316,9.28501],[1.566309,9.137256],[1.600195,9.050049],[1.603809,8.770996],[1.606641,8.559277],[1.624609,8.270996],[1.624609,8.030225],[1.624609,7.725879],[1.624707,7.369189],[1.624707,6.997314],[1.530957,6.992432],[1.582031,6.877002],[1.59082,6.772266],[1.60293,6.738086],[1.577539,6.687402],[1.598535,6.610205],[1.639258,6.581543],[1.743164,6.42627],[1.77793,6.294629],[1.610938,6.25083],[1.622656,6.216797],[1.310645,6.146875],[1.187207,6.089404],[1.185059,6.14502],[1.139648,6.155029],[1.084473,6.173779],[1.049902,6.202637],[1.002148,6.268555],[0.984961,6.320312],[0.912207,6.328564],[0.822461,6.386377],[0.736914,6.452588],[0.707227,6.51875],[0.71543,6.549316],[0.702246,6.580762],[0.672754,6.592529],[0.595703,6.742188],[0.548047,6.80249],[0.525586,6.850928],[0.533398,6.88833],[0.523047,6.938867],[0.538086,6.979687],[0.579492,7.004102],[0.59248,7.033984],[0.596191,7.096631],[0.619531,7.226562],[0.634766,7.353662],[0.591016,7.388818],[0.537305,7.39873],[0.50957,7.435107],[0.498926,7.495117],[0.5,7.546875],[0.605176,7.728223],[0.583594,8.145801],[0.599219,8.20957],[0.64707,8.253467],[0.688086,8.304248],[0.686328,8.354883],[0.616211,8.479639],[0.483301,8.575293],[0.415332,8.652734],[0.378613,8.722021],[0.372559,8.759277],[0.453125,8.81377],[0.48877,8.851465],[0.493262,8.894922],[0.460352,8.974219],[0.466113,9.115332],[0.497168,9.22124],[0.529004,9.358301],[0.525684,9.398486],[0.447559,9.480273],[0.405273,9.491455],[0.370996,9.485547],[0.289355,9.431836],[0.259961,9.426025],[0.241504,9.441895],[0.233398,9.463525],[0.261914,9.495605],[0.251563,9.535645],[0.275488,9.570605],[0.327344,9.586572],[0.342578,9.60415],[0.272754,9.620947],[0.264551,9.644727],[0.269531,9.66792],[0.289648,9.672314],[0.311719,9.670996],[0.323926,9.687598],[0.33457,9.803955],[0.343066,9.84458],[0.351855,9.924902],[0.362695,10.236475],[0.378613,10.268555],[0.380859,10.291846],[0.331836,10.306934],[0.216016,10.390527],[0.148242,10.454785],[0.089258,10.520605],[0.039453,10.563867],[-0.057715,10.630615],[-0.086328,10.673047],[-0.090186,10.715527],[-0.060596,10.800586],[-0.013867,10.891357],[0.009424,11.020996],[-0.004736,11.055566],[-0.068604,11.115625],[0.159277,11.069629],[0.48418,10.991992],[0.490723,10.978174],[0.492676,10.95498],[0.549121,10.95542],[0.642969,10.983057],[0.900488,10.993262]]]]}},{"type":"Feature","properties":{"cartodb_id":220,"name":"Tunisia","mapcolor":4},"geometry":{"type":"MultiPolygon","coordinates":[[[[10.957617,33.72207],[10.931348,33.717432],[10.883008,33.690186],[10.857422,33.687158],[10.784766,33.717676],[10.757031,33.71748],[10.72207,33.738916],[10.733887,33.855615],[10.745215,33.888672],[10.921973,33.893115],[11.017871,33.82334],[11.033594,33.805029],[11.037598,33.785059],[10.993066,33.745947],[10.957617,33.72207]]],[[[11.278027,34.753809],[11.123633,34.681689],[11.153027,34.74458],[11.254883,34.820313],[11.281055,34.802197],[11.278027,34.753809]]],[[[9.783984,37.211426],[9.830273,37.135352],[9.896387,37.181641],[9.879395,37.212842],[9.875586,37.25415],[9.988086,37.257764],[10.087402,37.25127],[10.196387,37.205859],[10.18877,37.033887],[10.334082,36.865381],[10.293262,36.781494],[10.412305,36.731836],[10.518164,36.791357],[10.571289,36.879443],[10.766211,36.930273],[10.951367,37.059277],[11.053906,37.07251],[11.077051,36.966699],[11.12666,36.874072],[11.056543,36.841455],[10.967188,36.743018],[10.798145,36.493115],[10.642383,36.419629],[10.525684,36.32334],[10.487988,36.254883],[10.476563,36.175146],[10.505762,36.032422],[10.59082,35.887256],[10.688965,35.799512],[10.783691,35.77207],[11.004297,35.633838],[11.000684,35.551611],[11.031543,35.453857],[11.043262,35.335107],[11.120117,35.240283],[10.955859,35.033643],[10.866211,34.884326],[10.690918,34.678467],[10.534863,34.544727],[10.200391,34.346045],[10.118359,34.280078],[10.064844,34.211621],[10.040039,34.140332],[10.049023,34.056299],[10.158984,33.850049],[10.305273,33.728271],[10.454297,33.6625],[10.713184,33.689014],[10.704297,33.609668],[10.722754,33.514404],[10.828125,33.518896],[10.898438,33.533691],[10.958008,33.626318],[11.08457,33.562891],[11.150293,33.369238],[11.257422,33.308838],[11.269922,33.286328],[11.232129,33.271582],[11.202637,33.249219],[11.234277,33.233594],[11.338086,33.209473],[11.400586,33.224902],[11.50459,33.181934],[11.502441,33.155566],[11.467188,32.965723],[11.45918,32.897363],[11.453906,32.781689],[11.453906,32.642578],[11.533789,32.524951],[11.535938,32.47334],[11.50498,32.413672],[11.358008,32.345215],[11.168262,32.256738],[11.005176,32.172705],[10.826367,32.080664],[10.771582,32.021191],[10.683008,31.975391],[10.608887,31.929541],[10.595508,31.885742],[10.543652,31.802539],[10.475781,31.736035],[10.306055,31.704834],[10.274609,31.684961],[10.195996,31.585107],[10.159863,31.545801],[10.114941,31.46377],[10.172656,31.250977],[10.243359,31.032129],[10.257031,30.94082],[10.256055,30.864941],[10.216406,30.783203],[10.125977,30.665967],[10.059766,30.580078],[9.93252,30.425342],[9.89502,30.387305],[9.807422,30.342236],[9.637988,30.282324],[9.51875,30.229395],[9.458008,30.465381],[9.406055,30.666797],[9.363281,30.83291],[9.287891,31.125342],[9.224023,31.373682],[9.160254,31.621338],[9.102344,31.846143],[9.044043,32.072363],[9.018945,32.105371],[8.844043,32.212109],[8.68291,32.310449],[8.515137,32.422314],[8.333398,32.543604],[8.304199,32.696289],[8.210938,32.926709],[8.1125,33.055322],[8.075586,33.089062],[7.877246,33.172119],[7.762695,33.233105],[7.731348,33.268506],[7.70918,33.362305],[7.627539,33.548633],[7.534375,33.71792],[7.500195,33.832471],[7.495605,33.976514],[7.513867,34.080518],[7.554492,34.125],[7.748535,34.254492],[7.838281,34.410303],[7.949414,34.468701],[8.045605,34.512695],[8.123438,34.563916],[8.192773,34.646289],[8.245605,34.734082],[8.254688,34.828955],[8.276855,34.979492],[8.312109,35.084619],[8.394238,35.203857],[8.359863,35.299609],[8.316406,35.403125],[8.329004,35.582227],[8.318066,35.654932],[8.28291,35.719287],[8.24707,35.801807],[8.245703,35.870557],[8.280273,36.050977],[8.306738,36.18877],[8.34873,36.367969],[8.333984,36.418164],[8.302734,36.455615],[8.208789,36.495117],[8.207617,36.518945],[8.230762,36.545264],[8.369629,36.63252],[8.444238,36.760742],[8.506738,36.7875],[8.60127,36.833936],[8.597656,36.883887],[8.576563,36.937207],[8.823535,36.997607],[9.058887,37.155859],[9.141992,37.194629],[9.687988,37.340381],[9.758887,37.330273],[9.838477,37.308984],[9.815527,37.254639],[9.783984,37.211426]]]]}},{"type":"Feature","properties":{"cartodb_id":224,"name":"Uganda","mapcolor":6},"geometry":{"type":"MultiPolygon","coordinates":[[[[33.903223,-1.002051],[33.794043,-1.002051],[33.616309,-1.002051],[33.438477,-1.002051],[33.260742,-1.002051],[33.083008,-1.002051],[32.905176,-1.002051],[32.727441,-1.002051],[32.549707,-1.002051],[32.371875,-1.002051],[32.194141,-1.002051],[32.016406,-1.002051],[31.838574,-1.002051],[31.66084,-1.002051],[31.483105,-1.002051],[31.305273,-1.002051],[31.127539,-1.002051],[30.949707,-1.002051],[30.844727,-1.002051],[30.823633,-0.999023],[30.80918,-0.994922],[30.741992,-1.00752],[30.672754,-1.051367],[30.59873,-1.069727],[30.519922,-1.0625],[30.509961,-1.067285],[30.469922,-1.066016],[30.412305,-1.063086],[30.360254,-1.074609],[30.320508,-1.113086],[30.279883,-1.178809],[30.207031,-1.254199],[30.15,-1.321094],[30.101562,-1.368652],[29.990527,-1.446973],[29.930078,-1.469922],[29.9,-1.466309],[29.881641,-1.451758],[29.846875,-1.35166],[29.825391,-1.335547],[29.609668,-1.387109],[29.576953,-1.387891],[29.57998,-1.356738],[29.564063,-1.121387],[29.561914,-0.977344],[29.590039,-0.887109],[29.606445,-0.783105],[29.608203,-0.691309],[29.647852,-0.535254],[29.633203,-0.441699],[29.684375,-0.113574],[29.697852,-0.060205],[29.717676,0.09834],[29.749707,0.147217],[29.777832,0.166357],[29.814648,0.263623],[29.885449,0.418945],[29.934473,0.499023],[29.923828,0.673926],[29.931641,0.792871],[29.942871,0.819238],[30.047363,0.863525],[30.18291,0.973486],[30.240137,1.102783],[30.321094,1.185303],[30.477832,1.238818],[30.478125,1.239062],[30.942578,1.682812],[31.158789,1.922021],[31.252734,2.04458],[31.256055,2.088477],[31.274023,2.146289],[31.236328,2.191357],[31.191406,2.232275],[31.176367,2.270068],[31.137598,2.288867],[31.082129,2.288086],[31.045313,2.315527],[31.003613,2.369385],[30.961914,2.403271],[30.830078,2.400439],[30.728613,2.455371],[30.729883,2.530273],[30.769531,2.677979],[30.84668,2.847021],[30.850781,2.893652],[30.839941,2.933496],[30.821387,2.967578],[30.786523,3.001367],[30.754004,3.041797],[30.779297,3.163379],[30.827832,3.282617],[30.867578,3.342139],[30.906445,3.408936],[30.895313,3.463672],[30.838574,3.490723],[30.868164,3.544141],[30.929395,3.634082],[31.048047,3.725],[31.152344,3.785596],[31.221973,3.785937],[31.357422,3.737598],[31.47998,3.680469],[31.547168,3.677588],[31.628906,3.701465],[31.798047,3.802637],[31.838672,3.770459],[31.888281,3.709082],[31.941797,3.607568],[32.048242,3.561182],[32.099414,3.529199],[32.135938,3.519727],[32.15625,3.528027],[32.19668,3.607812],[32.245508,3.651318],[32.335742,3.706201],[32.534766,3.749951],[32.676953,3.763184],[32.737109,3.772705],[32.838086,3.798486],[32.997266,3.880176],[33.154102,3.774707],[33.324316,3.754346],[33.489355,3.755078],[33.539551,3.787109],[33.568457,3.811719],[33.741602,3.985254],[33.976074,4.220215],[34.132031,3.88916],[34.185742,3.869775],[34.178223,3.840869],[34.165039,3.812988],[34.26709,3.733154],[34.392871,3.691504],[34.437695,3.650586],[34.441797,3.60625],[34.399414,3.412695],[34.407227,3.35752],[34.447852,3.163477],[34.522559,3.119971],[34.58916,2.924756],[34.723242,2.841943],[34.74248,2.818115],[34.773437,2.723437],[34.814453,2.619824],[34.84668,2.595752],[34.866211,2.589697],[34.905762,2.479687],[34.883008,2.41792],[34.913965,2.230176],[34.964063,2.062402],[34.977539,1.861914],[34.978223,1.773633],[34.976465,1.719629],[34.965234,1.643359],[34.941211,1.599268],[34.89834,1.556494],[34.850977,1.489014],[34.80957,1.416699],[34.783594,1.381152],[34.803809,1.272852],[34.798633,1.244531],[34.787598,1.230713],[34.726758,1.214258],[34.649121,1.185303],[34.601953,1.156445],[34.535254,1.101562],[34.481738,1.042139],[34.41084,0.867285],[34.292578,0.73125],[34.272559,0.686426],[34.160938,0.605176],[34.111719,0.505127],[34.080566,0.382471],[34.037207,0.294531],[33.943164,0.173779],[33.921484,-0.016992],[33.924414,-0.397852],[33.9,-0.831641],[33.903223,-1.002051]]]]}},{"type":"Feature","properties":{"cartodb_id":186,"name":"Sahrawi Arab Democratic Republic","mapcolor":4},"geometry":{"type":"MultiPolygon","coordinates":[[[[-8.68335,27.285937],[-8.683105,27.119287],[-8.682861,26.921338],[-8.682617,26.723145],[-8.682324,26.497705],[-8.682129,26.273193],[-8.682129,26.109473],[-8.682227,25.995508],[-8.885645,25.995508],[-9.071924,25.995508],[-9.258203,25.995508],[-9.444531,25.995508],[-9.630859,25.995508],[-9.817187,25.995459],[-10.003516,25.995459],[-10.189795,25.995459],[-10.376123,25.995459],[-10.562451,25.995459],[-10.748779,25.995459],[-10.935107,25.995459],[-11.121387,25.995459],[-11.307715,25.99541],[-11.494043,25.99541],[-11.680371,25.99541],[-11.86665,25.99541],[-12.016309,25.99541],[-12.016309,25.876318],[-12.016309,25.740137],[-12.016309,25.604004],[-12.016309,25.467871],[-12.016309,25.331689],[-12.016309,25.195557],[-12.016309,25.059375],[-12.016309,24.923242],[-12.016309,24.787109],[-12.016309,24.650977],[-12.016309,24.514795],[-12.016309,24.378662],[-12.016309,24.24248],[-12.016309,24.106348],[-12.016309,23.970215],[-12.016309,23.834033],[-12.016309,23.6979],[-12.016309,23.576465],[-12.023438,23.467578],[-12.08335,23.435449],[-12.226172,23.37749],[-12.3729,23.318018],[-12.559375,23.29082],[-12.62041,23.271338],[-12.7396,23.192725],[-12.895996,23.089551],[-13.031494,23.000244],[-13.120898,22.884082],[-13.153271,22.820508],[-13.166504,22.753223],[-13.155957,22.689307],[-13.107324,22.560742],[-13.094336,22.495996],[-13.086768,22.383252],[-13.078467,22.260449],[-13.06958,22.128174],[-13.060645,21.995752],[-13.051221,21.854785],[-13.041748,21.713818],[-13.032227,21.57207],[-13.025098,21.466797],[-13.016211,21.333936],[-13.167432,21.333789],[-13.396729,21.333545],[-13.626025,21.333252],[-13.855371,21.332959],[-14.084668,21.332715],[-14.313965,21.332422],[-14.543262,21.332129],[-14.772607,21.331885],[-15.001904,21.331592],[-15.231201,21.331299],[-15.460547,21.331055],[-15.689795,21.330762],[-15.919141,21.330469],[-16.148437,21.330225],[-16.377734,21.329932],[-16.607031,21.329639],[-16.836328,21.329395],[-16.964551,21.329248],[-17.005908,21.142432],[-17.042383,21.008008],[-17.063965,20.898828],[-17.048047,20.806152],[-17.098779,20.856885],[-17.009619,21.3771],[-17.003076,21.420703],[-17.002979,21.420752],[-16.951123,21.430273],[-16.730957,21.470312],[-16.581006,21.481055],[-16.190869,21.481055],[-16.041016,21.500586],[-15.92085,21.500586],[-15.750928,21.49082],[-15.610791,21.470312],[-15.460938,21.450781],[-15.290967,21.450781],[-15.150879,21.441016],[-14.971143,21.441016],[-14.84082,21.450781],[-14.750977,21.500586],[-14.67085,21.600195],[-14.641113,21.680273],[-14.610791,21.750586],[-14.621094,21.820898],[-14.630859,21.860937],[-14.581006,21.910742],[-14.520996,21.990869],[-14.460889,22.040625],[-14.440918,22.080664],[-14.380811,22.120703],[-14.311035,22.191016],[-14.270996,22.24082],[-14.221191,22.310156],[-14.210938,22.370703],[-14.190869,22.450781],[-14.190869,22.59043],[-14.170898,22.760352],[-14.141064,22.870703],[-14.121094,22.960547],[-14.101074,23.100195],[-14.040967,23.34043],[-14.020996,23.410742],[-13.980908,23.520117],[-13.931104,23.620703],[-13.891113,23.691016],[-13.840771,23.750586],[-13.770947,23.790625],[-13.661084,23.830664],[-13.581055,23.870703],[-13.480957,23.910742],[-13.391113,23.941016],[-13.310986,23.981055],[-13.280762,24.020117],[-13.230957,24.09043],[-13.161133,24.220312],[-13.121094,24.300391],[-13.061035,24.400977],[-12.991162,24.470312],[-12.947852,24.497266],[-12.911133,24.520117],[-12.820752,24.570898],[-12.710938,24.630469],[-12.630811,24.680273],[-12.561035,24.731055],[-12.500977,24.770117],[-12.431152,24.830664],[-12.400879,24.880469],[-12.36084,24.970312],[-12.310986,25.110937],[-12.270947,25.260303],[-12.230957,25.420508],[-12.201123,25.520117],[-12.17085,25.640234],[-12.130859,25.731055],[-12.101025,25.830664],[-12.081055,25.870703],[-12.081055,25.920508],[-12.060986,25.99082],[-12.056787,25.996338],[-12.030762,26.030859],[-11.960889,26.050391],[-11.880859,26.070898],[-11.754883,26.086523],[-11.718213,26.104102],[-11.699219,26.162695],[-11.684521,26.213477],[-11.637207,26.295508],[-11.583984,26.360937],[-11.553174,26.400977],[-11.51167,26.470312],[-11.470703,26.520117],[-11.399902,26.583594],[-11.337891,26.633398],[-11.316846,26.68418],[-11.316846,26.744727],[-11.361279,26.793555],[-11.392578,26.883398],[-11.263623,26.910742],[-11.150342,26.941016],[-11.046826,26.970312],[-10.922803,27.010352],[-10.830078,27.010352],[-10.757764,27.020117],[-10.654248,27.000586],[-10.55127,26.99082],[-10.478955,26.960547],[-10.354932,26.900977],[-10.251465,26.860937],[-10.189453,26.860937],[-10.123047,26.880469],[-10.066846,26.908789],[-10.032715,26.910742],[-9.980908,26.890234],[-9.900342,26.850195],[-9.817871,26.850195],[-9.735352,26.860937],[-9.67334,26.910742],[-9.569824,26.99082],[-9.487305,27.050391],[-9.413037,27.088477],[-9.352979,27.098242],[-9.285596,27.098242],[-9.208447,27.100195],[-9.084424,27.09043],[-9.001904,27.09043],[-8.889062,27.104102],[-8.794873,27.120703],[-8.753857,27.150977],[-8.753857,27.191016],[-8.774365,27.250586],[-8.796826,27.308203],[-8.802686,27.360937],[-8.788965,27.416553],[-8.774365,27.460547],[-8.78457,27.530859],[-8.813916,27.613867],[-8.817773,27.655908],[-8.817822,27.656445],[-8.68335,27.656445],[-8.68335,27.490234],[-8.68335,27.285937]]]]}},{"type":"Feature","properties":{"cartodb_id":240,"name":"Zambia","mapcolor":5},"geometry":{"type":"MultiPolygon","coordinates":[[[[32.919922,-9.407422],[32.92334,-9.433984],[32.951074,-9.48418],[32.979883,-9.520313],[32.982129,-9.573633],[32.995996,-9.622852],[33.037793,-9.635059],[33.072461,-9.638184],[33.104492,-9.602637],[33.148047,-9.603516],[33.195703,-9.626172],[33.212695,-9.683008],[33.25,-9.75957],[33.310449,-9.811816],[33.350977,-9.862207],[33.337109,-9.954004],[33.311523,-10.037988],[33.393555,-10.120898],[33.500098,-10.199707],[33.528906,-10.234668],[33.537598,-10.351562],[33.553711,-10.391309],[33.626172,-10.488574],[33.661523,-10.553125],[33.659082,-10.590527],[33.464746,-10.783105],[33.403125,-10.801758],[33.344922,-10.812695],[33.292773,-10.852344],[33.261328,-10.893359],[33.272754,-10.915039],[33.293262,-10.981152],[33.338672,-11.085156],[33.379785,-11.15791],[33.345508,-11.249121],[33.268359,-11.403906],[33.232715,-11.417676],[33.226367,-11.534863],[33.25,-11.577637],[33.288281,-11.611133],[33.303906,-11.69082],[33.305078,-11.8],[33.300977,-11.888184],[33.252344,-12.112598],[33.340137,-12.308301],[33.37002,-12.329688],[33.491406,-12.331055],[33.512305,-12.347754],[33.483203,-12.403418],[33.430664,-12.460449],[33.397949,-12.489844],[33.243457,-12.556543],[33.021582,-12.630469],[32.975195,-12.701367],[32.945605,-12.804395],[32.970508,-12.864746],[33,-12.899609],[32.99043,-12.989453],[32.971094,-13.084277],[32.977637,-13.158887],[32.967578,-13.225],[32.938574,-13.257422],[32.899707,-13.357031],[32.851855,-13.457031],[32.814063,-13.502734],[32.758398,-13.550293],[32.67041,-13.59043],[32.67207,-13.610352],[32.771777,-13.656543],[32.797461,-13.688477],[32.806738,-13.710254],[32.785352,-13.731445],[32.765137,-13.761035],[32.811035,-13.791602],[32.867188,-13.817383],[32.920313,-13.883887],[32.967578,-13.976855],[32.98125,-14.009375],[32.99209,-14.022168],[33.009277,-14.02373],[33.042383,-14.010059],[33.103613,-13.95918],[33.148047,-13.940918],[33.201758,-14.013379],[32.987109,-14.084961],[32.874512,-14.122461],[32.553223,-14.22959],[32.272852,-14.323047],[32.199902,-14.34082],[32.054492,-14.386523],[31.982129,-14.414453],[31.728906,-14.496094],[31.623047,-14.536719],[31.537891,-14.577148],[31.328516,-14.637695],[31.130859,-14.694629],[30.915137,-14.75332],[30.67334,-14.819141],[30.537695,-14.866504],[30.446094,-14.90752],[30.231836,-14.990332],[30.221777,-15.010547],[30.225,-15.066895],[30.252148,-15.183203],[30.305664,-15.288867],[30.350586,-15.349707],[30.379883,-15.505859],[30.396094,-15.643066],[30.250684,-15.643457],[29.994922,-15.644043],[29.72959,-15.644629],[29.487305,-15.696777],[29.287891,-15.776465],[29.050586,-15.901172],[28.973047,-15.950098],[28.913086,-15.987793],[28.875586,-16.036133],[28.856738,-16.142285],[28.856738,-16.306152],[28.832715,-16.424121],[28.760547,-16.532129],[28.760645,-16.531934],[28.399805,-16.662793],[28.16377,-16.769727],[27.932227,-16.896191],[27.756543,-17.060352],[27.636719,-17.262109],[27.437891,-17.511914],[27.235742,-17.72832],[27.020801,-17.958398],[26.779883,-18.041504],[26.577539,-18.022559],[26.333398,-17.929297],[26.139551,-17.911719],[25.995898,-17.969824],[25.863281,-17.951953],[25.741602,-17.858203],[25.639648,-17.824121],[25.557129,-17.849512],[25.451758,-17.845117],[25.258789,-17.793555],[25.092188,-17.634375],[25.001758,-17.568555],[24.932422,-17.543457],[24.73291,-17.517773],[24.274902,-17.481055],[24.227148,-17.489551],[24.036914,-17.520898],[23.799219,-17.560156],[23.594922,-17.599414],[23.380664,-17.640625],[23.181641,-17.474414],[22.955859,-17.285742],[22.721973,-17.075293],[22.545996,-16.910254],[22.459473,-16.815137],[22.305078,-16.689551],[22.193945,-16.628125],[22.150684,-16.597168],[22.040234,-16.262793],[21.979785,-15.955566],[21.979785,-15.724121],[21.979688,-15.403223],[21.97959,-15.082324],[21.979492,-14.761426],[21.979395,-14.440527],[21.979297,-14.119629],[21.979102,-13.79873],[21.979102,-13.477734],[21.979004,-13.156836],[21.978906,-13.000977],[22.20957,-13.000977],[22.470996,-13.000977],[22.744336,-13.000977],[23.041504,-13.000977],[23.338672,-13.000977],[23.63584,-13.000977],[23.843164,-13.000977],[23.897461,-12.998242],[23.962988,-12.988477],[23.968066,-12.956934],[23.882422,-12.799023],[23.886523,-12.743262],[23.909375,-12.636133],[23.944727,-12.54375],[23.991309,-12.422168],[23.996484,-12.350684],[23.958887,-12.117773],[23.962305,-11.987891],[23.973438,-11.85293],[23.983887,-11.725],[23.970996,-11.63584],[23.986816,-11.587207],[24.014648,-11.517676],[24.029297,-11.43916],[24.04668,-11.405371],[24.041406,-11.374121],[24.025586,-11.315625],[24.010059,-11.184766],[23.988281,-11.002832],[23.966504,-10.871777],[24.002734,-10.879102],[24.078418,-10.891504],[24.115137,-10.955664],[24.136523,-11.025977],[24.187207,-11.02998],[24.319922,-11.071777],[24.365723,-11.129883],[24.396289,-11.255176],[24.37793,-11.319336],[24.335156,-11.371289],[24.37793,-11.41709],[24.466602,-11.447656],[24.518555,-11.438477],[24.668262,-11.35293],[24.728125,-11.337793],[24.806348,-11.321191],[24.876855,-11.299121],[25.075977,-11.260059],[25.184863,-11.242969],[25.245996,-11.212402],[25.28877,-11.212402],[25.319336,-11.236914],[25.291797,-11.325488],[25.282617,-11.40498],[25.320703,-11.553516],[25.349414,-11.623047],[25.413379,-11.673535],[25.459961,-11.699805],[25.511914,-11.753418],[25.618848,-11.744141],[25.854883,-11.820117],[25.926563,-11.855273],[26.025977,-11.890137],[26.096387,-11.903223],[26.339648,-11.929883],[26.429688,-11.947852],[26.596387,-11.97207],[26.729688,-11.975977],[26.824023,-11.965234],[26.89043,-11.943555],[26.930859,-11.919336],[26.949609,-11.898828],[26.976855,-11.824609],[27.02666,-11.66377],[27.046094,-11.615918],[27.09541,-11.59375],[27.15918,-11.579199],[27.196387,-11.605078],[27.238086,-11.783496],[27.423633,-11.944531],[27.487012,-12.079688],[27.533398,-12.195312],[27.573828,-12.227051],[27.644336,-12.266797],[27.756836,-12.280859],[27.857422,-12.284863],[28.068848,-12.368164],[28.237305,-12.43457],[28.357715,-12.482031],[28.412891,-12.518066],[28.451465,-12.577441],[28.474414,-12.62334],[28.51123,-12.742188],[28.550879,-12.836133],[28.61543,-12.854102],[28.672949,-12.861328],[28.730078,-12.925488],[28.773145,-12.981934],[28.858789,-13.119434],[28.92168,-13.214648],[28.942285,-13.307129],[29.014258,-13.368848],[29.111621,-13.395117],[29.201855,-13.39834],[29.253711,-13.370801],[29.381836,-13.322852],[29.481445,-13.267969],[29.554199,-13.248926],[29.597168,-13.260547],[29.630273,-13.298535],[29.647656,-13.372949],[29.651758,-13.414355],[29.722656,-13.453809],[29.775195,-13.438086],[29.795313,-13.392773],[29.796484,-13.369727],[29.796289,-13.16748],[29.796094,-12.99209],[29.795801,-12.827051],[29.795605,-12.625879],[29.795508,-12.450586],[29.795313,-12.306152],[29.795117,-12.155469],[29.749609,-12.164062],[29.691992,-12.19834],[29.559766,-12.202441],[29.508203,-12.228223],[29.491992,-12.266895],[29.502246,-12.317578],[29.504883,-12.386133],[29.485547,-12.418457],[29.427539,-12.43125],[29.34375,-12.404785],[29.191211,-12.370215],[29.064355,-12.348828],[28.973438,-12.257812],[28.85,-12.120508],[28.769434,-12.05127],[28.574609,-11.908105],[28.541602,-11.879199],[28.48252,-11.812109],[28.431836,-11.69834],[28.407031,-11.622852],[28.383398,-11.566699],[28.357227,-11.483008],[28.404199,-11.354395],[28.470313,-11.10957],[28.517969,-10.933203],[28.544238,-10.802344],[28.638867,-10.669238],[28.645508,-10.550195],[28.607422,-10.397363],[28.617188,-10.312988],[28.623535,-10.098828],[28.628906,-9.91875],[28.630078,-9.83125],[28.604199,-9.678809],[28.540527,-9.510059],[28.400195,-9.275],[28.400684,-9.224805],[28.484277,-9.169434],[28.616504,-9.072266],[28.68125,-9.014648],[28.758789,-8.932617],[28.793555,-8.891016],[28.869531,-8.78584],[28.917773,-8.700586],[28.934473,-8.590234],[28.898145,-8.485449],[28.972266,-8.464941],[29.215625,-8.427832],[29.483789,-8.386914],[29.766211,-8.34375],[30.051367,-8.300293],[30.327539,-8.258203],[30.57793,-8.22002],[30.751172,-8.193652],[30.776758,-8.26582],[30.830664,-8.385547],[30.891992,-8.47373],[30.968359,-8.550977],[31.033398,-8.597656],[31.076367,-8.611914],[31.350586,-8.607031],[31.449219,-8.653906],[31.534863,-8.713281],[31.55625,-8.805469],[31.612793,-8.863281],[31.673633,-8.908789],[31.7,-8.914355],[31.744727,-8.903223],[31.818066,-8.902246],[31.886133,-8.921973],[31.918652,-8.942188],[31.921875,-9.019434],[31.942578,-9.054004],[32.035352,-9.067383],[32.129785,-9.07334],[32.220898,-9.125586],[32.319336,-9.134863],[32.433203,-9.156348],[32.487109,-9.212695],[32.608398,-9.270508],[32.756641,-9.322266],[32.863281,-9.380859],[32.919922,-9.407422]]]]}},{"type":"Feature","properties":{"cartodb_id":241,"name":"Zimbabwe","mapcolor":1},"geometry":{"type":"MultiPolygon","coordinates":[[[[31.287891,-22.402051],[31.197266,-22.344922],[31.073438,-22.307813],[30.916113,-22.290723],[30.711621,-22.297852],[30.460156,-22.329004],[30.19043,-22.291113],[29.902344,-22.18418],[29.663086,-22.146289],[29.377441,-22.192773],[29.364844,-22.193945],[29.315234,-22.157715],[29.237207,-22.079492],[29.106836,-22.065723],[29.071484,-22.047461],[29.042383,-22.018359],[29.02334,-21.98125],[29.01582,-21.939941],[29.037305,-21.811328],[29.025586,-21.796875],[28.990723,-21.781445],[28.919336,-21.766016],[28.747754,-21.707617],[28.532031,-21.65127],[28.181641,-21.589355],[28.045605,-21.573047],[28.014063,-21.554199],[27.974609,-21.506738],[27.907422,-21.359082],[27.844141,-21.261523],[27.693457,-21.111035],[27.669434,-21.064258],[27.676953,-20.944824],[27.688086,-20.84834],[27.704297,-20.766406],[27.696973,-20.689746],[27.694824,-20.594531],[27.699609,-20.530664],[27.679297,-20.503027],[27.624609,-20.483594],[27.468945,-20.474805],[27.280762,-20.478711],[27.274609,-20.381836],[27.256738,-20.232031],[27.221484,-20.145801],[27.178223,-20.100977],[27.091797,-20.054199],[26.916699,-19.990137],[26.678223,-19.892773],[26.474609,-19.748633],[26.241016,-19.569336],[26.168066,-19.538281],[26.081934,-19.369922],[25.950684,-19.081738],[25.95918,-18.985645],[25.939355,-18.938672],[25.811914,-18.79707],[25.783691,-18.723535],[25.76123,-18.649219],[25.558301,-18.441797],[25.489258,-18.35127],[25.436719,-18.234961],[25.384375,-18.141992],[25.340234,-18.104492],[25.282422,-18.041211],[25.242285,-17.969043],[25.224023,-17.915234],[25.239063,-17.843066],[25.258789,-17.793555],[25.451758,-17.845117],[25.557129,-17.849512],[25.639648,-17.824121],[25.741602,-17.858203],[25.863281,-17.951953],[25.995898,-17.969824],[26.139551,-17.911719],[26.333398,-17.929297],[26.577539,-18.022559],[26.779883,-18.041504],[27.020801,-17.958398],[27.235742,-17.72832],[27.437891,-17.511914],[27.636719,-17.262109],[27.756543,-17.060352],[27.932227,-16.896191],[28.16377,-16.769727],[28.399805,-16.662793],[28.760645,-16.531934],[28.760547,-16.532129],[28.832715,-16.424121],[28.856738,-16.306152],[28.856738,-16.142285],[28.875586,-16.036133],[28.913086,-15.987793],[28.973047,-15.950098],[29.050586,-15.901172],[29.287891,-15.776465],[29.487305,-15.696777],[29.72959,-15.644629],[29.994922,-15.644043],[30.250684,-15.643457],[30.396094,-15.643066],[30.398145,-15.800781],[30.409375,-15.978223],[30.437793,-15.995313],[30.630176,-15.999219],[30.93877,-16.011719],[31.23623,-16.023633],[31.426172,-16.152344],[31.489844,-16.179688],[31.687598,-16.21416],[31.939844,-16.428809],[32.243262,-16.44873],[32.451953,-16.515723],[32.63584,-16.589453],[32.741797,-16.677637],[32.810254,-16.697656],[32.90293,-16.704199],[32.948047,-16.712305],[32.937891,-16.775977],[32.87627,-16.883594],[32.884375,-17.037793],[32.969336,-17.251563],[32.980762,-17.4375],[32.954688,-17.76543],[32.955566,-18.08291],[32.964648,-18.196289],[32.978516,-18.271484],[32.996387,-18.312598],[32.993066,-18.35957],[32.94248,-18.492676],[32.90166,-18.63291],[32.900293,-18.689063],[32.88457,-18.728516],[32.854492,-18.763672],[32.721973,-18.828418],[32.699219,-18.868457],[32.699707,-18.940918],[32.716504,-19.001855],[32.766211,-19.024316],[32.826172,-19.058789],[32.849805,-19.104395],[32.85,-19.152441],[32.830957,-19.241406],[32.777637,-19.38877],[32.830762,-19.558203],[32.89043,-19.668066],[32.972656,-19.79541],[33.006738,-19.873828],[33.004883,-19.930176],[32.992773,-19.984863],[32.869629,-20.217188],[32.780859,-20.361523],[32.672559,-20.516113],[32.529297,-20.613086],[32.492383,-20.659766],[32.477637,-20.712988],[32.482813,-20.828906],[32.476172,-20.950098],[32.353613,-21.136523],[32.429785,-21.29707],[32.412402,-21.311816],[32.371094,-21.334863],[32.194727,-21.51543],[32.016309,-21.698047],[31.885938,-21.831543],[31.737695,-21.983398],[31.571484,-22.153516],[31.429492,-22.298828],[31.287891,-22.402051]]]]}}]}