{"type":"FeatureCollection","features":[{"type":"Feature","geometry":{"type":"MultiPolygon","coordinates":[[[[1.999814987,30.380794525],[1.960970998,30.238534927],[1.903910041,30.019834518],[1.909428,29.998983383],[1.95875895,29.745849609],[2.003410101,29.540405273],[2.092350006,29.089241028],[2.065284014,28.996591568],[2.039310932,28.897239685],[2.041759968,28.898042679],[2.015855074,28.728849411],[2.005460978,28.482936859],[1.95608902,28.34548378],[1.815600038,28.14850235],[1.810827017,28.002738953],[1.797626019,27.937824249],[1.779389024,27.753616333],[1.69747901,27.629169464],[1.699581981,27.385606766],[1.780586004,27.276573181],[1.667983055,27.024414062],[1.647717953,26.840723038],[1.64586699,26.689289093],[1.647660017,26.684249878],[1.647683978,26.67622757],[1.631456971,26.653594971],[1.597216964,26.634115219],[1.571228027,26.632968903],[1.56030798,26.629875183],[1.55291605,26.615839005],[1.545233011,26.610336304],[1.538591981,26.610509872],[1.535583973,26.616067886],[1.534999967,26.621912003],[1.539181948,26.642595291],[1.529929042,26.644199371],[1.516458988,26.643796921],[1.501412988,26.626609802],[1.477005005,26.633197784],[1.462932944,26.634344101],[1.460824966,26.636751175],[1.460881948,26.652450562],[1.442042947,26.661558151],[1.424378991,26.66614151],[1.415915966,26.665571213],[1.401604056,26.659610748],[1.388363004,26.666431427],[1.379802942,26.664825439],[1.377195954,26.657548904],[1.364974022,26.655601501],[1.341014028,26.648151398],[1.318817019,26.639785767],[1.309553027,26.63428688],[1.298861027,26.626094818],[1.295256972,26.617614746],[1.288599014,26.587303162],[1.284639955,26.577161789],[1.279047966,26.567079544],[1.257928967,26.538202286],[1.248968005,26.530525208],[1.190582991,26.467727661],[0.933920979,26.235794067],[0.995113015,26.110889435],[1.053091049,25.999792099],[1.425714016,25.525499344],[1.427885056,24.992076874],[1.438702941,24.974313736],[1.43967104,24.823284149],[1.437670946,24.18432045],[1.439746022,24.022687912],[1.437842965,23.994041443],[1.427824974,23.996738434],[1.429311991,23.957485199],[1.42511797,23.372266769],[1.424005985,23.36092186],[1.425971985,23.308324814],[1.418648958,22.205896378],[1.417572021,21.802646637],[1.424034953,21.806085587],[1.445796013,21.808893204],[1.471698999,21.8163414],[1.505166054,21.821327209],[1.591385007,21.829120636],[1.632815003,21.830036163],[1.706015944,21.826425552],[1.739527941,21.821611404],[1.775859952,21.810785294],[1.779469013,21.802934647],[1.783681035,21.786319733],[1.798658013,21.699516296],[1.838983059,21.527858734],[1.86737299,21.493249893],[1.913043022,21.457212448],[1.969885945,21.419569016],[2.003232002,21.392353058],[2.050112009,21.333795547],[2.091932058,21.28612709],[2.154109001,21.163742065],[2.194595098,21.088630676],[2.211651087,21.029729843],[2.230616093,20.953697205],[2.263119936,20.860591888],[2.258106947,20.800487518],[2.247145891,20.737863541],[2.24675107,20.67798996],[2.260571003,20.621955872],[2.303261995,20.5679245],[2.352714062,20.494585037],[2.395869017,20.409730911],[2.444209099,20.301040649],[2.479962111,20.203926086],[2.496412039,20.093112946],[2.499562979,20.091396332],[2.476902008,20.094261169],[2.43411994,20.073575974],[2.406871796,20.063785553],[2.399214983,20.071929932],[2.386580944,20.093559265],[2.381709099,20.103559494],[2.372128963,20.131650925],[2.338418961,20.18380928],[2.296238899,20.231069565],[2.265995026,20.256351471],[2.237354994,20.273910522],[2.210633993,20.28578186],[2.186553001,20.291980743],[2.173080921,20.287977219],[2.161163092,20.278959274],[2.152132988,20.268650055],[2.128355026,20.234430313],[2.120029926,20.224819183],[2.110240936,20.216510773],[2.095357895,20.2121315],[2.078062057,20.21846962],[2.062799931,20.228900909],[2.04983902,20.24712944],[2.048264027,20.252819061],[2.045670033,20.25646019],[2.042798996,20.257070541],[2.039230108,20.256990433],[2.02334404,20.249889374],[2.009984016,20.241830826],[2.000601053,20.245649338],[1.98208499,20.257350922],[1.974881053,20.259870529],[1.958791971,20.260509491],[1.952762008,20.259019852],[1.933575988,20.2417202],[1.927598,20.238210678],[1.916874051,20.238630295],[1.91178298,20.242219925],[1.905501008,20.250150681],[1.88972497,20.279420853],[1.880396962,20.294351578],[1.876006961,20.298290253],[1.863806963,20.300348282],[1.839148998,20.300771713],[1.803176999,20.296859741],[1.792963982,20.304700851],[1.775694966,20.335260391],[1.768350005,20.342487335],[1.715633035,20.375209808],[1.671043992,20.410467148],[1.657183051,20.534748077],[1.653113961,20.552160263],[1.640020967,20.572370529],[1.63410604,20.578960419],[1.592697024,20.600469589],[1.54598999,20.619150162],[1.524006009,20.62430954],[1.455214977,20.650800705],[1.42058301,20.659660339],[1.384678006,20.663080215],[1.371348977,20.665761948],[1.350867033,20.680030823],[1.345257998,20.687959671],[1.341755033,20.709089279],[1.328904986,20.731311798],[1.317543983,20.739759445],[1.305946946,20.744161606],[1.286566019,20.745319366],[1.275133014,20.744329453],[1.264834046,20.741359711],[1.240911961,20.727228165],[1.207280993,20.725959778],[1.176954985,20.733539581],[1.172166944,20.737787247],[1.160436034,20.757669449],[1.158422947,20.764690399],[1.157611966,20.779150009],[1.158612967,20.792980194],[1.175861001,20.860147476],[1.184913993,20.903177261],[1.191202044,20.965999603],[1.190742016,21.003700256],[1.187255025,21.046379089],[1.182132959,21.072509766],[1.176815987,21.093240738],[1.166674018,21.11889267],[0.777933002,21.357540131],[0.45085001,21.560947418],[0.00475,21.834480286],[3.069544618e-12,21.837722778],[-0.013032,21.911319733],[-0.027551999,21.91794014],[-0.096995004,21.963699341],[-0.101966001,21.968679428],[-0.147191003,21.999649048],[-0.166164994,22.008319855],[-0.168879002,22.012620926],[-0.202957004,22.034790039],[-0.207709,22.039550781],[-0.217383996,22.04445076],[-0.270485014,22.080249786],[-0.325904995,22.115150452],[-0.336694002,22.123529434],[-0.363550991,22.139730453],[-0.375176996,22.149389267],[-0.401995987,22.164459229],[-0.407748014,22.170190811],[-0.427695006,22.181339264],[-0.62541002,22.31221962],[-0.781024992,22.411779404],[-0.926823974,22.508699417],[-0.999350011,22.555049896],[-1.003317952,22.559749603],[-1.010653019,22.562259674],[-1.102627039,22.624500275],[-1.107522964,22.626167297],[-1.134199977,22.642969131],[-1.313171983,22.763309479],[-1.44718504,22.849409103],[-1.47063899,22.86607933],[-1.503103018,22.885261536],[-1.669252038,22.996469498],[-1.67739296,23.000879288],[-1.684790969,23.002197266],[-1.683858991,23.006000519],[-1.785804987,23.070398331],[-1.798761964,23.080259323],[-1.815400004,23.089500427],[-1.858489037,23.118749619],[-1.947162986,23.174320221],[-2.012248993,23.216321945],[-2.026858091,23.227350235],[-2.052948952,23.242460251],[-2.122941971,23.289110184],[-2.133584976,23.293930054],[-2.156348944,23.310470581],[-2.217525959,23.347719193],[-2.403521061,23.467769623],[-2.580872059,23.579029083],[-2.604557037,23.595529556],[-2.67011404,23.635038376],[-2.67573905,23.640428543],[-2.690494061,23.648729324],[-2.712558985,23.664430618],[-2.825387001,23.733039856],[-2.882128954,23.771781921],[-2.947751999,23.811880112],[-2.952640057,23.816549301],[-2.999397039,23.846370697],[-3.006827116,23.848789215],[-3.022382021,23.860509872],[-3.027334929,23.862119675],[-3.118643999,23.919551849],[-3.123369932,23.924049377],[-3.296504974,24.029811859],[-3.304903984,24.037229538],[-3.315000057,24.042329788],[-3.49646306,24.157598495],[-3.498295069,24.161239624],[-3.505651951,24.165910721],[-3.512948036,24.16783905],[-3.581274033,24.2128582],[-3.590102911,24.215900421],[-3.697065115,24.282592773],[-3.706764936,24.290189743],[-3.741559029,24.310119629],[-3.754307985,24.319259644],[-3.875451088,24.39355278],[-3.885684013,24.401590347],[-3.894555092,24.405290604],[-3.961039066,24.445127487],[-4.416556835,24.731948853],[-4.660945892,24.890539169],[-4.763688087,24.954772949],[-4.813550949,24.982902527],[-4.832172871,24.996564865],[-4.827673912,24.996599197],[-4.834271908,24.998508453],[-4.83694315,25.002790451],[-5.002091885,25.10861969],[-5.034568787,25.127389908],[-5.135982037,25.193878174],[-5.162302971,25.208909988],[-5.335639,25.320310593],[-5.346468925,25.32570076],[-5.405858994,25.363040924],[-5.408523083,25.366388321],[-5.538249016,25.445680618],[-5.569502831,25.466899872],[-5.652600765,25.517894745],[-5.104026794,25.712905884],[-4.974511147,25.836837769],[-4.808859825,26.000133514],[-4.194284916,26.0188694],[-4.152276993,26.097421646],[-4.142518997,26.140735626],[-4.128091812,26.183534622],[-4.124900818,26.204853058],[-4.109138966,26.22759819],[-4.094798088,26.254699707],[-4.088805199,26.261861801],[-4.076372147,26.287530899],[-4.044291973,26.334396362],[-4.027183056,26.347463608],[-4.017501831,26.357944489],[-3.916075945,26.49883461],[-3.850553989,26.586442947],[-3.836493015,26.602256775],[-3.817195892,26.630901337],[-3.800344944,26.647748947],[-3.789424896,26.664995193],[-3.787620068,26.673015594],[-3.783454895,26.680980682],[-3.766196966,26.693300247],[-3.754210949,26.706420898],[-3.742885113,26.711807251],[-3.686178923,26.76256752],[-3.669184923,26.773111343],[-3.636554956,26.78250885],[-3.608050108,26.804052353],[-3.588196993,26.811100006],[-3.547019005,26.820497513],[-3.531456947,26.825710297],[-3.520795107,26.83115387],[-3.509639025,26.832986832],[-3.488106966,26.832183838],[-3.47458005,26.833444595],[-3.436558008,26.825078964],[-3.362579107,26.824966431],[-3.329238892,26.820783615],[-3.247241974,26.820152283],[-3.184336901,26.821527481],[-3.173599958,26.823877335],[-3.151552916,26.839460373],[-3.108421087,26.865760803],[-3.103750944,26.885414124],[-3.104679108,26.890798569],[-3.101527929,26.901227951],[-3.071676016,26.971010208],[-3.067545891,26.984994888],[-3.066725969,26.988889694],[-3.077760935,26.995994568],[-3.053777933,27.051515579],[-3.04312706,27.065666199],[-3.042812109,27.07563591],[-3.033942938,27.095630646],[-3.029508114,27.119123459],[-3.023544073,27.134592056],[-3.011259079,27.157911301],[-3.007081985,27.179685593],[-2.997937918,27.208673477],[-2.993989944,27.233484268],[-2.983871937,27.258466721],[-2.980761051,27.292787552],[-2.979207993,27.296052933],[-2.982228041,27.301038742],[-2.997123957,27.312669754],[-3.034733057,27.34727478],[-3.032022953,27.356098175],[-3.013884068,27.383716583],[-3.008887053,27.413566589],[-2.995668888,27.449890137],[-2.99200201,27.47808075],[-2.983803034,27.495269775],[-2.981046915,27.509935379],[-2.972229004,27.532051086],[-2.966785908,27.555776596],[-2.948267937,27.604820251],[-2.942162037,27.624643326],[-2.93888998,27.64349556],[-2.932976961,27.653636932],[-2.918087006,27.70889473],[-2.912699938,27.720157623],[-2.895190001,27.745824814],[-2.898186922,27.760608673],[-2.902792931,27.763299942],[-2.904443979,27.768455505],[-2.893167973,27.777336121],[-2.886286974,27.790342331],[-2.880126953,27.795555115],[-2.869997978,27.811483383],[-2.825604916,27.856805801],[-2.800806999,27.895479202],[-2.775940895,27.91484642],[-2.729003906,27.964122772],[-2.71805501,27.981710434],[-2.703197956,27.999414444],[-2.703593016,28.002166748],[-2.697679996,28.0105896],[-2.65980196,28.05739975],[-2.645483971,28.072065353],[-2.628460884,28.103063583],[-2.632139921,28.117557526],[-2.630896091,28.130279541],[-2.62430191,28.139560699],[-2.621728897,28.147121429],[-2.604156017,28.170499802],[-2.596668005,28.188833237],[-2.577604055,28.214483261],[-2.574706078,28.222066879],[-2.292723894,28.423574448],[-2.004103899,28.79473877],[-2.000197887,28.797962189],[-1.417583942,28.952302933],[-1.048594952,28.96995163],[-0.919368029,28.980318069],[-0.87777102,29.006904602],[-0.664286971,29.178104401],[-0.639369011,29.285133362],[-0.690820992,29.550870895],[-0.663055003,29.659219742],[-0.653607011,29.679672241],[-0.62659198,29.757423401],[-0.252927005,29.993423462],[-0.174064994,30.044933319],[-0.000344,30.313192368],[0.000212,30.317661285],[0.384829015,30.701156616],[0.644416988,30.865177155],[0.855162978,30.995529175],[1.046569943,31.110004425],[1.099156976,31.142089844],[1.098875999,31.143121719],[1.227213979,31.211034775],[1.494485974,31.357521057],[2.059900999,31.659145355],[2.041935921,31.098773956],[2.036526918,30.999937057],[2.034240961,30.990886688],[2.024701118,30.539680481],[2.004165888,30.383777618],[1.999814987,30.380794525]]]]},"properties":{"name":"Adrar","mapcolor":3,"cartodb_id":3}},{"type":"Feature","geometry":{"type":"MultiPolygon","coordinates":[[[[1.649374008,36.450256348],[1.654651046,36.449226379],[1.657945037,36.441246033],[1.670300007,36.441452026],[1.668524981,36.437187195],[1.670032024,36.427696228],[1.673912048,36.422657013],[1.681501985,36.424186707],[1.686241031,36.420524597],[1.686545968,36.406024933],[1.688639045,36.405570984],[1.690394044,36.401535034],[1.698989034,36.399795532],[1.699695945,36.398105621],[1.69639504,36.389350891],[1.697522998,36.387023926],[1.693421006,36.382728577],[1.700919032,36.375404358],[1.705724001,36.363815308],[1.705374956,36.357437134],[1.712146044,36.356250763],[1.713665009,36.362564087],[1.727810979,36.371864319],[1.735368967,36.374908447],[1.740288019,36.383651733],[1.749513984,36.385440826],[1.755920053,36.388652802],[1.759785056,36.394405365],[1.765542984,36.395824432],[1.772884011,36.395118713],[1.780496001,36.396686554],[1.782546997,36.398708344],[1.780866981,36.406517029],[1.783360958,36.409076691],[1.781818986,36.412277222],[1.784484982,36.419616699],[1.781097054,36.421726227],[1.779127955,36.428123474],[1.781888008,36.43573761],[1.788161039,36.435134888],[1.791376948,36.439418793],[1.796399951,36.441719055],[1.801069975,36.436275482],[1.811486006,36.434558868],[1.813519955,36.42773819],[1.816437006,36.426246643],[1.821678996,36.431465149],[1.848826051,36.431632996],[1.861912012,36.433757782],[1.894639015,36.430088043],[1.906975031,36.432609558],[1.919127941,36.429573059],[1.952811956,36.429172516],[1.956886053,36.417598724],[1.970590949,36.415477753],[1.982818007,36.410209656],[1.98505199,36.412498474],[1.989012003,36.411579132],[1.998299003,36.412956238],[2.011758089,36.417713165],[2.023211002,36.415821075],[2.029805899,36.419029236],[2.030705929,36.425907135],[2.03810811,36.425849915],[2.046153069,36.420635223],[2.055588961,36.41708374],[2.064945936,36.418800354],[2.068291903,36.417995453],[2.070674896,36.419948578],[2.068491936,36.421894073],[2.070863962,36.423847198],[2.073098898,36.424758911],[2.084683895,36.422470093],[2.085067987,36.426193237],[2.090332985,36.431236267],[2.09798789,36.433300018],[2.105166912,36.440113068],[2.119606018,36.443153381],[2.124722004,36.44733429],[2.130572081,36.447280884],[2.136518955,36.444297791],[2.140065908,36.43793869],[2.146173954,36.438339233],[2.157593012,36.442691803],[2.160068035,36.440002441],[2.163815022,36.439083099],[2.174868107,36.441375732],[2.182517052,36.437366486],[2.1835711,36.435417175],[2.199424982,36.435359955],[2.199939966,36.433753967],[2.204804897,36.432666779],[2.213118076,36.433181763],[2.214591026,36.434844971],[2.215231895,36.42905426],[2.217346907,36.42647934],[2.219660997,36.42773819],[2.227087021,36.427509308],[2.225837946,36.430492401],[2.228157997,36.432323456],[2.237113953,36.432723999],[2.237292051,36.434043884],[2.242487907,36.432952881],[2.245685101,36.42974472],[2.243966103,36.427852631],[2.246447086,36.428657532],[2.249569893,36.427108765],[2.251518011,36.42842865],[2.254234076,36.424301147],[2.257006884,36.42407608],[2.252876043,36.419662476],[2.255242109,36.415306091],[2.270323038,36.417312622],[2.285964012,36.414215088],[2.299325943,36.42218399],[2.304327011,36.420463562],[2.305433035,36.424186707],[2.308269024,36.423671722],[2.309345961,36.421726227],[2.309736013,36.424186707],[2.312777996,36.421836853],[2.318634033,36.421722412],[2.321630955,36.423786163],[2.329932928,36.420921326],[2.329926968,36.422527313],[2.333020926,36.421783447],[2.333215952,36.423728943],[2.336555958,36.42143631],[2.339312077,36.42206955],[2.339134932,36.420059204],[2.342480898,36.418113708],[2.358264923,36.42533493],[2.364424944,36.423618317],[2.370635986,36.426651001],[2.376817942,36.423099518],[2.38589406,36.421321869],[2.394952059,36.425849915],[2.411412954,36.427509308],[2.424540043,36.425163269],[2.434601068,36.419719696],[2.450930119,36.421607971],[2.452970028,36.418743134],[2.470444918,36.416736603],[2.479269981,36.413871765],[2.479394913,36.411640167],[2.487633944,36.409923553],[2.489891052,36.411010742],[2.49387908,36.409519196],[2.50138998,36.409923553],[2.508793116,36.41318512],[2.5090909,36.408260345],[2.50723505,36.405338287],[2.509542942,36.39112854],[2.517168999,36.390209198],[2.514712095,36.387863159],[2.522624016,36.382591248],[2.528532028,36.381557465],[2.535137892,36.385284424],[2.536719084,36.383621216],[2.541269064,36.384483337],[2.550899982,36.380756378],[2.560398102,36.381233215],[2.568506956,36.377403259],[2.574086905,36.376850128],[2.572982073,36.375427246],[2.573880911,36.373538971],[2.568931103,36.37399292],[2.56902194,36.369125366],[2.564336061,36.368785858],[2.559076071,36.362995148],[2.556755066,36.36328125],[2.554600954,36.361446381],[2.557203054,36.357498169],[2.564724922,36.358184814],[2.565951109,36.355148315],[2.560182095,36.353023529],[2.563349962,36.35382843],[2.568842888,36.351520538],[2.567034006,36.349258423],[2.568013906,36.347068787],[2.571949959,36.346668243],[2.575805902,36.348442078],[2.577261925,36.345409393],[2.581919909,36.347412109],[2.580533028,36.343288422],[2.583981991,36.341453552],[2.585220098,36.343345642],[2.587883949,36.342197418],[2.589941025,36.344028473],[2.591643095,36.342136383],[2.591356039,36.343975067],[2.595453024,36.343513489],[2.596936941,36.344833374],[2.602586031,36.343170166],[2.603732109,36.345462799],[2.607009888,36.344661713],[2.612217903,36.346839905],[2.613805056,36.34621048],[2.615609884,36.341281891],[2.628237009,36.337268829],[2.628066063,36.335723877],[2.622136116,36.333316803],[2.621835947,36.331481934],[2.615001917,36.329994202],[2.60609293,36.324550629],[2.598408937,36.315727234],[2.585375071,36.307933807],[2.574384928,36.310112],[2.567882061,36.313949585],[2.563710928,36.313205719],[2.54944396,36.315155029],[2.534353018,36.311084747],[2.521003008,36.309997559],[2.519026041,36.303180695],[2.527672052,36.296936035],[2.528772116,36.290744781],[2.528863907,36.28868103],[2.520235062,36.286277771],[2.523947954,36.276939392],[2.523679018,36.273040771],[2.52146697,36.271324158],[2.518126011,36.272926331],[2.519237995,36.27097702],[2.518109083,36.26845932],[2.51937604,36.267654419],[2.516453981,36.260318756],[2.514477015,36.256198883],[2.50889802,36.252750397],[2.509686947,36.25069809],[2.505945921,36.247661591],[2.506278038,36.245998383],[2.500387907,36.244850159],[2.496021986,36.246055603],[2.490447044,36.236198425],[2.495477915,36.23361969],[2.502439022,36.235797882],[2.503132105,36.237976074],[2.51272893,36.229442596],[2.524262905,36.228294373],[2.522241116,36.22600174],[2.515594006,36.226863861],[2.512934923,36.224395752],[2.512310982,36.21975708],[2.507858992,36.220443726],[2.507424116,36.212306976],[2.508236885,36.209617615],[2.511183023,36.207492828],[2.508186102,36.204799652],[2.509973049,36.202049255],[2.516258955,36.20016098],[2.519886971,36.202793121],[2.521994114,36.199474335],[2.519947052,36.189086914],[2.524874926,36.182365417],[2.526751041,36.176143646],[2.530832052,36.175525665],[2.530857086,36.178024292],[2.546236038,36.174404144],[2.547529936,36.179340363],[2.550220013,36.180686951],[2.55219698,36.177082062],[2.550396919,36.174510956],[2.55428195,36.172039032],[2.557465076,36.172023773],[2.560558081,36.167503357],[2.568114042,36.163578033],[2.587253094,36.159526825],[2.591943026,36.163013458],[2.589340925,36.157829285],[2.594264984,36.155109406],[2.585851908,36.158061981],[2.58098197,36.157009125],[2.580133915,36.15196228],[2.58118701,36.151287079],[2.577353954,36.150062561],[2.578438997,36.149143219],[2.577599049,36.147068024],[2.578438997,36.146095276],[2.584072113,36.148384094],[2.588450909,36.14655304],[2.592888117,36.147254944],[2.592876911,36.144985199],[2.590105057,36.144683838],[2.587179899,36.138866425],[2.591577053,36.136352539],[2.594607115,36.137176514],[2.596268892,36.14056778],[2.596915007,36.138317108],[2.598531008,36.138332367],[2.594759941,36.136188507],[2.604382992,36.131156921],[2.600110054,36.127571106],[2.594054937,36.125846863],[2.589757919,36.11914444],[2.592948914,36.108200073],[2.586668968,36.100925446],[2.588238955,36.091640472],[2.573791981,36.093257904],[2.568753958,36.098197937],[2.567738056,36.094947815],[2.557559967,36.091747284],[2.554019928,36.088050842],[2.535197973,36.081092834],[2.528567076,36.072601318],[2.528111935,36.06735611],[2.529534101,36.066604614],[2.520350933,36.063503265],[2.517461061,36.064239502],[2.515978098,36.066604614],[2.513235092,36.065864563],[2.507775068,36.055152893],[2.505225897,36.054901123],[2.499943018,36.049129486],[2.477667093,36.052398682],[2.471973896,36.056873322],[2.45893693,36.058433533],[2.457432985,36.056980133],[2.460589886,36.054000854],[2.45991993,36.048900604],[2.461643934,36.042942047],[2.46022296,36.04133606],[2.462063074,36.037670135],[2.453347921,36.02248764],[2.462819099,36.014865875],[2.459244013,36.006557465],[2.454030037,36.001342773],[2.457674026,36.000312805],[2.457914114,35.998882294],[2.450093985,35.987651825],[2.45262599,35.986217499],[2.460040092,35.975791931],[2.457679987,35.971954346],[2.449909925,35.968284607],[2.443969011,35.96238327],[2.444592953,35.957111359],[2.442965984,35.95092392],[2.437036037,35.94777298],[2.430841923,35.947029114],[2.427324057,35.943935394],[2.422626019,35.945365906],[2.416558981,35.944458008],[2.407380104,35.946853638],[2.395925999,35.941699982],[2.391674995,35.95293045],[2.389010906,35.94972229],[2.385812998,35.954532623],[2.380100965,35.951553345],[2.375718117,35.953960419],[2.372701883,35.947299957],[2.370521069,35.951953888],[2.36412096,35.950866699],[2.358963966,35.954418182],[2.358820915,35.957000732],[2.351344109,35.951843262],[2.348339081,35.954250336],[2.349064112,35.950237274],[2.347029924,35.948745728],[2.346679926,35.945308685],[2.353573084,35.943935394],[2.353172064,35.941814423],[2.355079889,35.940380096],[2.360640049,35.941619873],[2.359061956,35.939178467],[2.362087011,35.937461853],[2.364229918,35.938892365],[2.36776495,35.9376297],[2.364912033,35.936775208],[2.366911888,35.935112],[2.361049891,35.927318573],[2.364183903,35.920215607],[2.353435993,35.915287018],[2.350014925,35.911506653],[2.349510908,35.910243988],[2.35216403,35.909671783],[2.350925922,35.907836914],[2.35490799,35.904972076],[2.350811958,35.903881073],[2.348319054,35.900333405],[2.340315104,35.898326874],[2.337281942,35.899520874],[2.333971977,35.897411346],[2.318680048,35.894775391],[2.318875074,35.882858276],[2.31696105,35.879245758],[2.313839912,35.877658844],[2.306788921,35.879745483],[2.303059101,35.877754211],[2.298835039,35.878929138],[2.291910887,35.871295929],[2.291505098,35.872745514],[2.288166046,35.872627258],[2.270653963,35.885986328],[2.261356115,35.881168365],[2.254700899,35.885494232],[2.246002913,35.885269165],[2.239444971,35.88306427],[2.233572006,35.887828827],[2.2336061,35.891990662],[2.231648922,35.892757416],[2.22685504,35.90032196],[2.218693018,35.902828217],[2.214462996,35.906826019],[2.213325024,35.911102295],[2.215043068,35.916088104],[2.210316896,35.917663574],[2.206718922,35.916305542],[2.200751066,35.92237854],[2.199655056,35.926200867],[2.168742895,35.931087494],[2.163336992,35.930080414],[2.16039896,35.927650452],[2.156537056,35.928569794],[2.154047012,35.931282043],[2.141124964,35.928546906],[2.139468908,35.932857513],[2.138916969,35.930698395],[2.137729883,35.933307648],[2.13717103,35.939842224],[2.138895988,35.940578461],[2.136095047,35.940536499],[2.137264967,35.938018799],[2.134202003,35.940128326],[2.133548975,35.950054169],[2.127229929,35.950630188],[2.125900984,35.952892303],[2.126888037,35.957275391],[2.130624056,35.960960388],[2.120338917,35.964927673],[2.11531806,35.961524963],[2.1156919,35.954921722],[2.10956192,35.953216553],[2.101048946,35.955291748],[2.099915028,35.957336426],[2.098409891,35.956577301],[2.095967054,35.958492279],[2.087099075,35.956790924],[2.085464001,35.959186554],[2.07614994,35.958904266],[2.071752071,35.956230164],[2.069058895,35.952548981],[2.070291996,35.950847626],[2.065433979,35.946907043],[2.056952,35.945011139],[2.051871061,35.947834015],[2.046262026,35.947086334],[2.037631989,35.943244934],[2.035311937,35.937919617],[2.026814938,35.934020996],[2.013987064,35.933677673],[2.010622978,35.937057495],[2.004842043,35.938606262],[1.998556972,35.942905426],[1.996556997,35.940326691],[1.992833018,35.939868927],[1.992140055,35.937805176],[1.991497993,35.940326691],[1.994156957,35.943706512],[1.992614985,35.947200775],[1.99039197,35.948348999],[1.988667965,35.957969666],[1.990993977,35.960437775],[1.993314981,35.960552216],[1.992369056,35.964160919],[1.995887041,35.970062256],[1.993234038,35.972240448],[1.993932962,35.974357605],[1.992547035,35.976707458],[1.985304952,35.970096588],[1.986505985,35.961574554],[1.98089397,35.9582901],[1.97905004,35.955184937],[1.975862026,35.953010559],[1.948035002,35.947727203],[1.949422956,35.94707489],[1.948263049,35.944778442],[1.946642041,35.945297241],[1.945832014,35.942661285],[1.942818046,35.943630219],[1.943361044,35.941673279],[1.93838203,35.940113068],[1.939790964,35.93850708],[1.936761022,35.936820984],[1.936297059,35.932807922],[1.933421969,35.932312012],[1.92502296,35.923763275],[1.910437942,35.918674469],[1.908125997,35.913383484],[1.908979058,35.911746979],[1.905920029,35.909610748],[1.90199101,35.902259827],[1.895097017,35.898151398],[1.888895035,35.899318695],[1.880859017,35.895618439],[1.879575968,35.894371033],[1.879914999,35.890190125],[1.877056003,35.888759613],[1.874907017,35.884918213],[1.873399973,35.867385864],[1.870712996,35.866985321],[1.866662025,35.863433838],[1.858840942,35.87128067],[1.859122038,35.864177704],[1.839956045,35.860282898],[1.834169984,35.865322113],[1.829785943,35.862743378],[1.828194022,35.864578247],[1.828789949,35.87128067],[1.824692965,35.872085571],[1.818150043,35.881938934],[1.824252009,35.89723587],[1.816087008,35.900161743],[1.815456986,35.902568817],[1.811761022,35.903083801],[1.812168002,35.905944824],[1.810793042,35.90732193],[1.804720044,35.907779694],[1.796681046,35.90417099],[1.79391396,35.910186768],[1.789708018,35.913738251],[1.780580997,35.912479401],[1.776466966,35.91437149],[1.764315009,35.913337708],[1.752872944,35.916721344],[1.737632036,35.91740799],[1.733919024,35.918151855],[1.734905005,35.921646118],[1.730522037,35.924053192],[1.71826005,35.926574707],[1.709128022,35.917118073],[1.707082033,35.922847748],[1.709264994,35.929664612],[1.701519012,35.937004089],[1.718093991,35.948749542],[1.712558985,35.9516716],[1.711156011,35.956996918],[1.705047965,35.967025757],[1.713482022,35.970405579],[1.714272976,35.973613739],[1.721137047,35.979171753],[1.721302986,35.985301971],[1.717951059,35.990283966],[1.70855999,35.987651825],[1.708542943,35.992523193],[1.702466011,36.003463745],[1.704252005,36.006904602],[1.694671988,36.009822845],[1.694121003,36.011657715],[1.690111041,36.011428833],[1.680634022,36.022373199],[1.676313996,36.023517609],[1.662688971,36.019794464],[1.660820961,36.02053833],[1.65971601,36.022602081],[1.668555975,36.028675079],[1.672315001,36.034118652],[1.668333054,36.036239624],[1.658689976,36.036754608],[1.660472035,36.041625977],[1.65663898,36.039791107],[1.655601978,36.041278839],[1.653807998,36.049816132],[1.655074954,36.051193237],[1.653103948,36.052223206],[1.651538968,36.057437897],[1.643759012,36.067691803],[1.637827992,36.070785522],[1.637995005,36.074169159],[1.634161949,36.07554245],[1.632745981,36.079380035],[1.628254056,36.082820892],[1.629727006,36.087631226],[1.626507044,36.094795227],[1.632145047,36.103443146],[1.629389048,36.10338974],[1.629204988,36.10464859],[1.63429296,36.109916687],[1.64052999,36.125389099],[1.632804036,36.124874115],[1.624032021,36.119716644],[1.615586042,36.124988556],[1.602316976,36.118457794],[1.595126033,36.124763489],[1.582795978,36.124816895],[1.583683968,36.127967834],[1.58713901,36.129055023],[1.588606,36.131923676],[1.578526974,36.141548157],[1.569841027,36.145671844],[1.578940034,36.151802063],[1.577754021,36.154724121],[1.56983602,36.151172638],[1.569154024,36.160396576],[1.575685978,36.161369324],[1.584727049,36.157363892],[1.584715009,36.161945343],[1.586881042,36.165782928],[1.584136963,36.168647766],[1.579632998,36.169906616],[1.580371976,36.173633575],[1.578979969,36.174949646],[1.575410008,36.173862457],[1.570276976,36.175979614],[1.56812799,36.179592133],[1.569594979,36.185150146],[1.584015965,36.188816071],[1.583477974,36.189731598],[1.601091981,36.185501099],[1.604104042,36.192424774],[1.61213696,36.199016571],[1.627491951,36.203083038],[1.628047943,36.206176758],[1.634017944,36.210933685],[1.633170009,36.219467163],[1.620862961,36.217464447],[1.619706035,36.222045898],[1.62450099,36.235858917],[1.612974048,36.237922668],[1.607565045,36.241127014],[1.605748057,36.240268707],[1.606029034,36.234939575],[1.610131979,36.229724884],[1.607571006,36.227947235],[1.60275805,36.23115921],[1.599858999,36.236942291],[1.594421029,36.235569],[1.591516018,36.236545563],[1.590862989,36.238262177],[1.59394002,36.241470337],[1.590101004,36.240093231],[1.585574985,36.234367371],[1.58059001,36.237686157],[1.58156395,36.24187088],[1.57160604,36.240779877],[1.569262981,36.239578247],[1.568186045,36.235569],[1.561859965,36.231674194],[1.55478406,36.238033295],[1.545691013,36.240211487],[1.556084991,36.250465393],[1.580222964,36.253959656],[1.58220005,36.259235382],[1.581197023,36.266166687],[1.590430975,36.271156311],[1.594861984,36.275505066],[1.594506979,36.280319214],[1.596168995,36.281978607],[1.595119953,36.284328461],[1.602877975,36.28553009],[1.59781301,36.290405273],[1.591035008,36.28937149],[1.590491056,36.295787811],[1.58179903,36.294471741],[1.577484965,36.297794342],[1.56657505,36.298995972],[1.563452959,36.308105469],[1.557322025,36.317504883],[1.550618052,36.321056366],[1.544275999,36.330566406],[1.539875984,36.332515717],[1.540191054,36.335666656],[1.535326004,36.340820312],[1.536036968,36.341968536],[1.538148999,36.340934753],[1.538243055,36.346321106],[1.533177972,36.345230103],[1.53124702,36.348327637],[1.534695983,36.350387573],[1.536008,36.353199005],[1.530846,36.359043121],[1.533946037,36.364086151],[1.529132962,36.3683815],[1.530318975,36.37651825],[1.528524995,36.382472992],[1.530737042,36.382133484],[1.536568999,36.387458801],[1.537405968,36.393707275],[1.541463017,36.39238739],[1.546658993,36.398460388],[1.552206039,36.397773743],[1.554010034,36.403102875],[1.562214971,36.402584076],[1.564805031,36.405796051],[1.571400046,36.40568161],[1.571176052,36.408256531],[1.577713966,36.410263062],[1.581998944,36.41828537],[1.592049003,36.4164505],[1.602115989,36.424301147],[1.608631015,36.425849915],[1.613718033,36.420806885],[1.615913033,36.427108765],[1.620759964,36.428771973],[1.624735951,36.436222076],[1.624307036,36.441490173],[1.628363013,36.442920685],[1.626718998,36.448192596],[1.628352046,36.4492836],[1.635365009,36.447162628],[1.638509989,36.447967529],[1.640264034,36.456214905],[1.644137025,36.457248688],[1.649374008,36.450256348]]]]},"properties":{"name":"Aïn Defla","mapcolor":1,"cartodb_id":1}},{"type":"Feature","geometry":{"type":"MultiPolygon","coordinates":[[[[-1.480695009,35.326805115],[-1.479861021,35.324859619],[-1.47763896,35.324859619],[-1.478194952,35.322360992],[-1.475693941,35.31930542],[-1.476529002,35.317638397],[-1.482360959,35.31930542],[-1.483194947,35.324584961],[-1.480695009,35.326805115]]],[[[-1.062639952,35.640140533],[-1.062361956,35.638748169],[-1.055137038,35.636257172],[-1.043202043,35.638202667],[-1.039805055,35.633388519],[-1.036962986,35.632015228],[-1.038264036,35.630065918],[-1.041689992,35.629955292],[-1.041151047,35.62783432],[-1.043465972,35.627033234],[-1.049476027,35.619983673],[-1.043099046,35.619354248],[-1.043913007,35.616832733],[-1.042583942,35.615802765],[-1.034235954,35.615112305],[-1.031972051,35.61138916],[-1.02867198,35.610416412],[-1.029554963,35.608352661],[-1.026167989,35.607837677],[-1.026150942,35.605258942],[-1.02195704,35.599529266],[-1.017132998,35.597179413],[-1.016404986,35.598442078],[-1.013190985,35.59809494],[-1.009443998,35.588989258],[-1.000808954,35.584289551],[-0.994397998,35.584518433],[-0.998959005,35.561485291],[-1.001749039,35.56022644],[-1.004194975,35.556442261],[-0.964214981,35.567386627],[-0.956314027,35.557025909],[-0.959379017,35.538452148],[-0.967209995,35.535339355],[-0.973446012,35.517169952],[-0.988098025,35.507236481],[-0.996537983,35.505825043],[-1.015586019,35.506668091],[-1.018035054,35.494918823],[-1.013700008,35.482837677],[-1.019952059,35.467578888],[-1.015689015,35.466259003],[-1.009742022,35.460189819],[-1.010686994,35.457092285],[-1.008875966,35.455657959],[-1.011077046,35.453594208],[-1.006165981,35.452392578],[-1.009255052,35.451877594],[-1.008659005,35.449588776],[-1.005977035,35.449699402],[-1.007586956,35.448726654],[-1.006090045,35.448642731],[-1.005650997,35.445114136],[-1.001754999,35.447525024],[-0.995577991,35.447463989],[-0.992370009,35.444828033],[-0.992781997,35.442367554],[-0.989448011,35.442882538],[-0.992267013,35.447238922],[-0.996861994,35.450500488],[-0.995119989,35.454914093],[-0.997565985,35.456520081],[-0.998157024,35.460300446],[-1.002573967,35.460128784],[-1.008023024,35.463165283],[-1.008795977,35.465343475],[-1.005764961,35.469184875],[-1.002275944,35.470039368],[-1.004436016,35.46723175],[-0.998214006,35.468837738],[-0.997784019,35.470157623],[-0.975169003,35.473079681],[-0.963395,35.471702576],[-0.96161902,35.475254059],[-0.978653014,35.483448029],[-0.983660996,35.487342834],[-0.979471982,35.492843628],[-0.973582029,35.494678497],[-0.964896023,35.495883942],[-0.954612017,35.494907379],[-0.951134026,35.487976074],[-0.94097501,35.483219147],[-0.935142994,35.478118896],[-0.935428977,35.475311279],[-0.943536997,35.473709106],[-0.933974028,35.469867706],[-0.916429996,35.470729828],[-0.911755025,35.472278595],[-0.911450982,35.474052429],[-0.917077005,35.475261688],[-0.915385008,35.478736877],[-0.905956984,35.477256775],[-0.896992981,35.48418045],[-0.897165,35.480140686],[-0.891551971,35.479064941],[-0.887387991,35.481380463],[-0.884639978,35.480861664],[-0.885340989,35.479309082],[-0.883252025,35.47908783],[-0.885874987,35.478473663],[-0.884516001,35.477592468],[-0.885443985,35.477054596],[-0.882987022,35.477207184],[-0.880926013,35.473804474],[-0.878791988,35.476463318],[-0.876295984,35.474643707],[-0.874418974,35.476219177],[-0.869686007,35.476139069],[-0.866443992,35.473960876],[-0.867228985,35.473003387],[-0.863062024,35.472499847],[-0.862380028,35.47095108],[-0.861023009,35.472118378],[-0.85948801,35.47032547],[-0.860141993,35.47246933],[-0.853639007,35.472938538],[-0.853121996,35.471702576],[-0.851473987,35.473628998],[-0.836960018,35.477169037],[-0.817758024,35.485126495],[-0.810874999,35.48941803],[-0.806383014,35.494377136],[-0.800567985,35.496833801],[-0.759267986,35.508647919],[-0.750514984,35.51398468],[-0.740028024,35.516048431],[-0.739270985,35.517650604],[-0.696326017,35.522224426],[-0.687624991,35.52022934],[-0.684009016,35.522926331],[-0.678228021,35.523960114],[-0.664231002,35.523956299],[-0.645366013,35.52665329],[-0.620971978,35.537433624],[-0.617856026,35.533409119],[-0.617753029,35.530658722],[-0.62549299,35.519542694],[-0.61837697,35.498859406],[-0.615523994,35.490837097],[-0.606037021,35.493465424],[-0.600872993,35.489524841],[-0.606431007,35.479091644],[-0.605663002,35.471702576],[-0.600872993,35.464595795],[-0.601944983,35.458637238],[-0.589533985,35.455142975],[-0.589088023,35.44952774],[-0.586233974,35.444946289],[-0.587432027,35.442882538],[-0.584298015,35.429473877],[-0.581209004,35.424377441],[-0.583261013,35.423118591],[-0.588743985,35.424320221],[-0.600059986,35.422428131],[-0.594124019,35.416469574],[-0.605978012,35.414409637],[-0.609794021,35.412227631],[-0.617311001,35.401916504],[-0.620108008,35.394584656],[-0.601504028,35.386791229],[-0.603681028,35.38375473],[-0.60463798,35.378082275],[-0.612940013,35.369659424],[-0.614120007,35.363128662],[-0.61757499,35.359172821],[-0.625051975,35.357227325],[-0.641164005,35.361122131],[-0.649717987,35.356594086],[-0.661342978,35.354419708],[-0.675197005,35.344791412],[-0.681557,35.349262238],[-0.69532001,35.342845917],[-0.71351099,35.340839386],[-0.716565013,35.341983795],[-0.726316988,35.339862823],[-0.729187012,35.337802887],[-0.739117026,35.34129715],[-0.74684,35.336826324],[-0.751630008,35.337745667],[-0.751996994,35.328117371],[-0.748439014,35.320842743],[-0.750404,35.316947937],[-0.753543973,35.315284729],[-0.754150987,35.309440613],[-0.760590971,35.30405426],[-0.793725014,35.295291901],[-0.799525976,35.291000366],[-0.806043983,35.298671722],[-0.816855013,35.297294617],[-0.824378014,35.304801941],[-0.829752982,35.313854218],[-0.832879007,35.314094543],[-0.836364985,35.311275482],[-0.838587999,35.31161499],[-0.840857029,35.307437897],[-0.839751005,35.305656433],[-0.84513098,35.303829193],[-0.85215503,35.297580719],[-0.85492301,35.298210144],[-0.861409009,35.290817261],[-0.865052998,35.29076004],[-0.863941014,35.283828735],[-0.872941971,35.279533386],[-0.872604012,35.27368927],[-0.87650001,35.270248413],[-0.873474002,35.264751434],[-0.874203026,35.256843567],[-0.879994988,35.258388519],[-0.881244004,35.253807068],[-0.884774029,35.256500244],[-0.888939023,35.256729126],[-0.896381974,35.261886597],[-0.900353014,35.267559052],[-0.901178002,35.264923096],[-0.906225026,35.263259888],[-0.903154016,35.261142731],[-0.902283013,35.25844574],[-0.905228972,35.251056671],[-0.903807998,35.249282837],[-0.90417397,35.244979858],[-0.900758982,35.239253998],[-0.901310027,35.23443985],[-0.897464991,35.229686737],[-0.891614974,35.227451324],[-0.890371978,35.218856812],[-0.884320974,35.2097435],[-0.884298027,35.202754974],[-0.894056022,35.202468872],[-0.895556986,35.20092392],[-0.895482004,35.19272995],[-0.891128004,35.189121246],[-0.894096017,35.189750671],[-0.895579994,35.189189911],[-0.890743971,35.187915802],[-0.894141972,35.188201904],[-0.900536001,35.185680389],[-0.909364998,35.186367035],[-0.916423976,35.184135437],[-0.922708988,35.184192657],[-0.925900996,35.179836273],[-0.93580699,35.177085876],[-0.937216997,35.172504425],[-0.943593979,35.174167633],[-0.947890997,35.169692993],[-0.955569029,35.168899536],[-0.947449982,35.16424942],[-0.945942998,35.160354614],[-0.953741014,35.147697449],[-0.950927973,35.145862579],[-0.961549997,35.140705109],[-0.963069022,35.135147095],[-0.961449027,35.12260437],[-0.965165973,35.117385864],[-0.965807021,35.112342834],[-0.977237999,35.112800598],[-0.987568021,35.109134674],[-1.004390001,35.092636108],[-1.009408951,35.094238281],[-1.015161991,35.089710236],[-1.02155602,35.094524384],[-1.031903982,35.092460632],[-1.036350012,35.089885712],[-1.04460001,35.093894958],[-1.040159941,35.097045898],[-1.040159941,35.098705292],[-1.043946981,35.101402283],[-1.046376944,35.109706879],[-1.044492006,35.119216919],[-1.049693942,35.125007629],[-1.052456021,35.122772217],[-1.054610014,35.12317276],[-1.055498004,35.125694275],[-1.058019042,35.123806],[-1.066166997,35.123340607],[-1.068549991,35.121681213],[-1.067479014,35.12752533],[-1.075798035,35.133602142],[-1.088035941,35.132396698],[-1.091164947,35.135490417],[-1.094275951,35.132453918],[-1.105695963,35.134117126],[-1.110857964,35.136581421],[-1.110227942,35.139446259],[-1.115069985,35.139961243],[-1.115378976,35.144889832],[-1.119510055,35.14522934],[-1.120427012,35.14723587],[-1.129645944,35.146949768],[-1.130259037,35.150615692],[-1.126883984,35.154800415],[-1.128654003,35.156860352],[-1.151572943,35.159381866],[-1.155823946,35.156116486],[-1.161180973,35.157951355],[-1.167173982,35.155948639],[-1.167495012,35.164199829],[-1.174875021,35.168323517],[-1.175997972,35.167293549],[-1.179911017,35.172847748],[-1.193158031,35.168895721],[-1.197890997,35.169639587],[-1.204326034,35.175350189],[-1.206352949,35.181270599],[-1.21023798,35.181957245],[-1.216575027,35.189807892],[-1.21895802,35.187400818],[-1.217887044,35.18321991],[-1.221456051,35.179950714],[-1.231878996,35.176689148],[-1.237939954,35.183273315],[-1.244014025,35.184135437],[-1.249714971,35.196800232],[-1.254441977,35.199146271],[-1.253445029,35.201152802],[-1.245388985,35.204303741],[-1.250334024,35.206310272],[-1.259385943,35.206420898],[-1.266669035,35.203788757],[-1.270650983,35.205448151],[-1.271882057,35.203559875],[-1.27551496,35.203788757],[-1.27868402,35.200576782],[-1.281908989,35.199893951],[-1.283588052,35.202869415],[-1.294410944,35.201210022],[-1.301097035,35.198169708],[-1.300948977,35.1876297],[-1.304020047,35.192268372],[-1.304517984,35.196510315],[-1.314154983,35.200122833],[-1.318182945,35.19903183],[-1.325145006,35.201839447],[-1.332672954,35.199489594],[-1.341858029,35.20098114],[-1.344974995,35.203098297],[-1.355391026,35.198402405],[-1.364169002,35.211238861],[-1.375061035,35.211982727],[-1.382084966,35.208141327],[-1.388604999,35.206768036],[-1.392714024,35.209403992],[-1.397807002,35.207054138],[-1.403359056,35.207569122],[-1.408149004,35.210544586],[-1.41021204,35.21490097],[-1.412475944,35.216171265],[-1.415070057,35.211120605],[-1.420300961,35.2135849],[-1.417539954,35.207164764],[-1.423400998,35.203384399],[-1.422088981,35.196281433],[-1.423452973,35.192443848],[-1.427675009,35.192100525],[-1.429515004,35.194446564],[-1.431748986,35.194507599],[-1.432567954,35.18837738],[-1.439288974,35.184879303],[-1.43908298,35.181903839],[-1.451820016,35.175540924],[-1.451401949,35.17307663],[-1.447103977,35.171760559],[-1.447229981,35.168495178],[-1.455355048,35.162879944],[-1.458603978,35.164596558],[-1.46133697,35.163566589],[-1.463405013,35.16178894],[-1.463801026,35.158351898],[-1.47031498,35.156173706],[-1.471392035,35.152965546],[-1.482169032,35.153884888],[-1.482450008,35.151935577],[-1.487480998,35.152626038],[-1.487864971,35.151077271],[-1.490041971,35.153369904],[-1.500040054,35.153079987],[-1.500010967,35.151245117],[-1.505162001,35.152050018],[-1.506744027,35.160354614],[-1.510736942,35.165111542],[-1.528287053,35.170383453],[-1.531666994,35.16992569],[-1.532073975,35.171131134],[-1.528619051,35.173709869],[-1.532366037,35.176914215],[-1.555698037,35.176914215],[-1.553629994,35.188549042],[-1.555171013,35.190608978],[-1.55211699,35.194160461],[-1.552809954,35.196109772],[-1.54668498,35.202011108],[-1.545436025,35.21037674],[-1.548032045,35.214672089],[-1.573976994,35.223083496],[-1.584282994,35.236637115],[-1.589583039,35.238750458],[-1.58791697,35.241527557],[-1.584859967,35.241249084],[-1.583750963,35.239307404],[-1.576249957,35.240970612],[-1.573472023,35.243473053],[-1.573472023,35.249862671],[-1.569026947,35.254306793],[-1.560695052,35.25819397],[-1.561251044,35.261249542],[-1.556529045,35.264026642],[-1.555415988,35.269584656],[-1.55291605,35.271526337],[-1.551527977,35.27041626],[-1.54597199,35.272083282],[-1.532870054,35.271526337],[-1.530138016,35.273193359],[-1.525694013,35.272640228],[-1.517639995,35.274581909],[-1.516527057,35.277915955],[-1.508195043,35.277915955],[-1.508195043,35.283195496],[-1.502637982,35.28263855],[-1.498749971,35.288192749],[-1.488471031,35.289585114],[-1.485417008,35.292915344],[-1.483749032,35.292640686],[-1.484861016,35.295417786],[-1.481251001,35.299026489],[-1.476806998,35.29624939],[-1.470971942,35.296527863],[-1.466528058,35.30291748],[-1.467640042,35.305137634],[-1.465693951,35.305973053],[-1.464861989,35.304862976],[-1.465417981,35.30708313],[-1.464028001,35.308750153],[-1.460417032,35.30708313],[-1.457916975,35.309307098],[-1.455417037,35.306251526],[-1.444332957,35.30847168],[-1.441527963,35.30569458],[-1.43541801,35.303470612],[-1.426251054,35.304862976],[-1.417916059,35.299583435],[-1.404582977,35.303195953],[-1.400694966,35.301250458],[-1.395694017,35.30291748],[-1.394582033,35.305416107],[-1.392359972,35.304027557],[-1.386806011,35.304862976],[-1.375138998,35.310417175],[-1.374861002,35.313472748],[-1.372082949,35.313194275],[-1.372917056,35.316806793],[-1.376526952,35.315971375],[-1.377917051,35.320137024],[-1.375138998,35.319862366],[-1.374027014,35.317081451],[-1.371528983,35.317081451],[-1.368751049,35.319583893],[-1.368751049,35.321804047],[-1.365972042,35.323192596],[-1.360972047,35.321250916],[-1.359583974,35.319026947],[-1.35124898,35.323471069],[-1.346804976,35.328193665],[-1.339859962,35.340137482],[-1.336527944,35.342082977],[-1.332640052,35.347915649],[-1.322082996,35.350692749],[-1.317916989,35.348194122],[-1.311527967,35.350971222],[-1.297361016,35.350418091],[-1.291527033,35.356250763],[-1.287915945,35.355140686],[-1.287359953,35.357639313],[-1.284306049,35.357917786],[-1.28291595,35.361251831],[-1.278193951,35.363750458],[-1.278471947,35.364860535],[-1.274862051,35.36541748],[-1.276250005,35.367084503],[-1.275140047,35.370414734],[-1.272639036,35.371807098],[-1.269582987,35.378471375],[-1.266527057,35.379581451],[-1.261803985,35.386249542],[-1.253471971,35.402915955],[-1.254583955,35.407360077],[-1.251250029,35.410415649],[-1.249861956,35.417362213],[-1.247082949,35.41847229],[-1.246804953,35.421806335],[-1.240417004,35.433193207],[-1.24236095,35.436805725],[-1.238751054,35.436248779],[-1.237360954,35.437915802],[-1.236528993,35.44152832],[-1.239027023,35.44152832],[-1.239305019,35.44291687],[-1.23763895,35.443473816],[-1.237916946,35.445972443],[-1.235417008,35.446250916],[-1.236528993,35.449028015],[-1.233193994,35.454029083],[-1.233749986,35.456249237],[-1.230972052,35.463195801],[-1.23180604,35.465694427],[-1.230137944,35.466251373],[-1.227916002,35.471248627],[-1.227638006,35.477359772],[-1.225972056,35.48097229],[-1.224861979,35.480415344],[-1.225693941,35.482639313],[-1.224027991,35.489307404],[-1.219583035,35.490970612],[-1.222362041,35.495140076],[-1.216526985,35.50402832],[-1.21875596,35.50875473],[-1.214583039,35.510692596],[-1.216248989,35.514862061],[-1.209583044,35.520973206],[-1.212082982,35.524581909],[-1.207082033,35.529026031],[-1.207360029,35.535694122],[-1.203750014,35.54208374],[-1.200137973,35.54208374],[-1.198750019,35.54486084],[-1.199584007,35.547916412],[-1.196249962,35.549026489],[-1.196249962,35.553749084],[-1.192083001,35.562084198],[-1.192862988,35.565391541],[-1.199028015,35.568748474],[-1.198194027,35.574584961],[-1.195140004,35.576248169],[-1.189861059,35.575695038],[-1.188472986,35.578193665],[-1.183194995,35.579860687],[-1.182361007,35.58152771],[-1.176805973,35.580417633],[-1.173194051,35.58152771],[-1.169028044,35.576805115],[-1.163195014,35.575695038],[-1.162361026,35.572639465],[-1.155694962,35.574028015],[-1.152359962,35.576526642],[-1.152637959,35.580970764],[-1.148749948,35.581806183],[-1.150972009,35.584026337],[-1.150416017,35.587081909],[-1.145972013,35.588748932],[-1.13736105,35.595973969],[-1.137083054,35.599029541],[-1.132083058,35.602638245],[-1.126528978,35.602085114],[-1.126528978,35.607082367],[-1.124305964,35.607082367],[-1.122362018,35.610694885],[-1.117915988,35.611526489],[-1.115694046,35.616249084],[-1.111804962,35.619026184],[-1.110139012,35.618473053],[-1.104583025,35.621250153],[-1.103472948,35.625137329],[-1.099027991,35.625415802],[-1.093194008,35.629581451],[-1.084027052,35.631248474],[-1.079861045,35.634860992],[-1.067916036,35.631248474],[-1.067083955,35.634029388],[-1.072638035,35.638748169],[-1.062639952,35.640140533]]],[[[-1.123471975,35.729026794],[-1.122362018,35.727916718],[-1.129305005,35.724861145],[-1.129305005,35.720973969],[-1.131250978,35.719581604],[-1.135138988,35.71875],[-1.135416985,35.721805573],[-1.139304996,35.720973969],[-1.139026999,35.722362518],[-1.133473039,35.724029541],[-1.134582996,35.725692749],[-1.133473039,35.727359772],[-1.123471975,35.729026794]]],[[[-1.119027972,35.733196259],[-1.11847198,35.730140686],[-1.11986196,35.729305267],[-1.122362018,35.728748322],[-1.124860048,35.73097229],[-1.124305964,35.732639313],[-1.119027972,35.733196259]]]]},"properties":{"name":"Aïn Témouchent","mapcolor":2,"cartodb_id":2}},{"type":"Feature","geometry":{"type":"MultiPolygon","coordinates":[[[[3.076528072,36.766529083],[3.081806898,36.763473511],[3.082360029,36.762359619],[3.075694084,36.765693665],[3.076528072,36.766529083]]],[[[3.067361116,36.770694733],[3.069861889,36.76625061],[3.073194027,36.766529083],[3.074862003,36.76625061],[3.069583893,36.765693665],[3.067361116,36.770694733]]],[[[3.069583893,36.776805878],[3.069583893,36.774860382],[3.067361116,36.772640228],[3.067918062,36.775417328],[3.069583893,36.776805878]]],[[[3.068748951,36.783473969],[3.071249962,36.781528473],[3.071249962,36.780418396],[3.068192959,36.782081604],[3.068748951,36.783473969]]],[[[3.35263896,36.792915344],[3.351250887,36.791805267],[3.350415945,36.793750763],[3.354305029,36.796806335],[3.35263896,36.792915344]]],[[[3.011805058,36.820415497],[3.014305115,36.817359924],[3.017915964,36.818195343],[3.019305944,36.814582825],[3.022916079,36.812915802],[3.029582024,36.813194275],[3.033473015,36.809860229],[3.040695906,36.809860229],[3.040695906,36.807640076],[3.049861908,36.801807404],[3.049583912,36.798751831],[3.054306984,36.79624939],[3.054582119,36.793750763],[3.060694933,36.79347229],[3.065139055,36.787082672],[3.067918062,36.787082672],[3.069861889,36.789028168],[3.068748951,36.7840271],[3.067361116,36.784584045],[3.067639112,36.786529541],[3.065139055,36.785415649],[3.064305067,36.781806946],[3.065695047,36.779582977],[3.062916994,36.779304504],[3.065970898,36.777362823],[3.062638998,36.775417328],[3.065695047,36.770973206],[3.062361002,36.77041626],[3.063472986,36.768196106],[3.060694933,36.767360687],[3.067082882,36.765140533],[3.067082882,36.763748169],[3.063750982,36.764305115],[3.064305067,36.762916565],[3.075416088,36.761806488],[3.075138092,36.756248474],[3.080137968,36.750137329],[3.082638025,36.751525879],[3.084304094,36.749584198],[3.098472118,36.746807098],[3.098750114,36.745418549],[3.104027987,36.746250153],[3.119304895,36.742362976],[3.157638073,36.74180603],[3.185415983,36.747638702],[3.196722031,36.752082825],[3.202639103,36.756248474],[3.20541501,36.756248474],[3.206805944,36.758472443],[3.214027882,36.760692596],[3.215415955,36.762916565],[3.2215271,36.765415192],[3.225138903,36.771526337],[3.231249094,36.775417328],[3.231528044,36.783748627],[3.235971928,36.791526794],[3.234584093,36.795139313],[3.236249924,36.797916412],[3.235693932,36.804027557],[3.233750105,36.805973053],[3.228471041,36.804584503],[3.228749037,36.80708313],[3.22291708,36.812084198],[3.229861021,36.815418243],[3.234862089,36.815418243],[3.247082949,36.812915802],[3.255139112,36.813751221],[3.259861946,36.811248779],[3.261528015,36.806804657],[3.275139093,36.800140381],[3.284305096,36.800140381],[3.29124999,36.794582367],[3.296250105,36.794582367],[3.300694942,36.792640686],[3.306248903,36.79486084],[3.309026957,36.79069519],[3.31736207,36.787361145],[3.329026937,36.786251068],[3.337361097,36.784584045],[3.337361097,36.783473969],[3.354305029,36.783473969],[3.363749027,36.781528473],[3.360683918,36.780509949],[3.350421906,36.758110046],[3.376492023,36.76607132],[3.38218689,36.76607132],[3.379626036,36.736850739],[3.385482073,36.734615326],[3.382942915,36.726593018],[3.369678974,36.72441864],[3.350564957,36.724189758],[3.336918116,36.720581055],[3.317298889,36.718803406],[3.317346096,36.714447021],[3.315522909,36.712726593],[3.272986889,36.698978424],[3.268574953,36.70602417],[3.255438089,36.720348358],[3.241571903,36.718002319],[3.243541956,36.715820312],[3.253298998,36.716949463],[3.256973028,36.715251923],[3.253633022,36.706943512],[3.255764008,36.698177338],[3.260478973,36.693992615],[3.259882927,36.690670013],[3.216866016,36.66431427],[3.209500074,36.671943665],[3.205573082,36.668495178],[3.207783937,36.663742065],[3.205132008,36.654747009],[3.188035011,36.653259277],[3.18204093,36.651195526],[3.177537918,36.640533447],[3.148431063,36.65253067],[3.1504879,36.649074554],[3.151904106,36.635723114],[3.14466691,36.635322571],[3.145526886,36.632972717],[3.143275023,36.632801056],[3.143503904,36.630222321],[3.139000893,36.62884903],[3.136142015,36.623405457],[3.126704931,36.621112823],[3.134399891,36.605587006],[3.124928951,36.601230621],[3.126115084,36.598136902],[3.123828888,36.597164154],[3.127816916,36.594299316],[3.121444941,36.592350006],[3.124716997,36.58530426],[3.118556976,36.588737488],[3.113676071,36.582954407],[3.110089064,36.585819244],[3.103786945,36.586105347],[3.092711926,36.596820831],[3.091748953,36.591434479],[3.060013056,36.580547333],[3.058471918,36.587940216],[3.059891939,36.592006683],[3.05942297,36.599567413],[3.062716961,36.611717224],[3.065124035,36.613666534],[3.063484907,36.61756134],[3.06578207,36.622375488],[3.046852112,36.621627808],[3.046032906,36.618247986],[3.036287069,36.617847443],[3.035124063,36.613262177],[3.029026985,36.608509064],[3.032218933,36.603637695],[3.01047492,36.595844269],[3.010956049,36.589942932],[2.999433994,36.589313507],[2.995635033,36.586162567],[2.993647099,36.581634521],[2.989195108,36.590801239],[2.982055902,36.589599609],[2.978676081,36.595272064],[2.972608089,36.595161438],[2.970895052,36.597106934],[2.961877108,36.589313507],[2.958817005,36.593097687],[2.957075119,36.59985733],[2.959847927,36.60100174],[2.955436945,36.610912323],[2.944967985,36.609939575],[2.946516037,36.605239868],[2.945542097,36.597278595],[2.929435968,36.60358429],[2.9246521,36.597393036],[2.915450096,36.604324341],[2.909778118,36.602432251],[2.904305935,36.610340118],[2.898147106,36.612575531],[2.898386955,36.615497589],[2.8942101,36.615325928],[2.889185905,36.620826721],[2.880975008,36.620193481],[2.887885094,36.631938934],[2.859913111,36.636238098],[2.85167408,36.639160156],[2.846396923,36.638702393],[2.821943045,36.642429352],[2.813419104,36.644371033],[2.812334061,36.648483276],[2.808579922,36.650184631],[2.804038048,36.649108887],[2.802175999,36.650608063],[2.802643061,36.654701233],[2.806382895,36.660003662],[2.812160015,36.659976959],[2.818202972,36.657356262],[2.819684029,36.659042358],[2.815838099,36.662250519],[2.825710058,36.661396027],[2.826610088,36.666240692],[2.819648981,36.667015076],[2.814018965,36.673038483],[2.806775093,36.675006866],[2.806039095,36.676589966],[2.810755014,36.683078766],[2.80763793,36.701526642],[2.812638044,36.702640533],[2.81291604,36.704860687],[2.821805,36.712638855],[2.825139046,36.712081909],[2.826805115,36.717639923],[2.830140114,36.718471527],[2.832639933,36.725418091],[2.837915897,36.730140686],[2.842916965,36.737915039],[2.845139027,36.742637634],[2.846251011,36.753192902],[2.8409729,36.760692596],[2.837637901,36.762638092],[2.842360973,36.765415192],[2.848195076,36.765693665],[2.849860907,36.763748169],[2.8465271,36.763473511],[2.845973015,36.760139465],[2.850138903,36.75958252],[2.852082968,36.761249542],[2.852082968,36.75958252],[2.857640028,36.75958252],[2.872360945,36.763195038],[2.880970955,36.76902771],[2.888750076,36.778194427],[2.894582033,36.779911041],[2.894304037,36.783195496],[2.897083044,36.785694122],[2.897083044,36.788471222],[2.899305105,36.791248322],[2.897917032,36.794029236],[2.900139093,36.796527863],[2.900417089,36.799583435],[2.899043083,36.802074432],[2.89736104,36.801528931],[2.894860029,36.803470612],[2.894582033,36.805416107],[2.899305105,36.804862976],[2.903748989,36.806804657],[2.911528111,36.804862976],[2.931248903,36.805423737],[2.935971975,36.807640076],[2.945415974,36.808193207],[2.947084904,36.810417175],[2.950139046,36.810417175],[2.952639103,36.814025879],[2.958194971,36.812084198],[2.963749886,36.814861298],[2.970972061,36.815971375],[2.9879179,36.813194275],[2.993750095,36.81652832],[2.996978998,36.815418243],[2.999582052,36.817359924],[3.003473043,36.81652832],[3.011805058,36.820415497]]]]},"properties":{"name":"Alger","mapcolor":4,"cartodb_id":4}},{"type":"Feature","geometry":{"type":"MultiPolygon","coordinates":[[[[7.381249905,37.084861755],[7.383471966,37.08291626],[7.38875103,37.084026337],[7.386806965,37.08152771],[7.387917042,37.079029083],[7.391251087,37.079303741],[7.393195152,37.081806183],[7.396248817,37.079860687],[7.391527176,37.073749542],[7.390973091,37.06930542],[7.386528969,37.065971375],[7.38319397,37.067359924],[7.381527901,37.063472748],[7.387360096,37.05708313],[7.3870821,37.055416107],[7.390695095,37.05569458],[7.390973091,37.053470612],[7.394861221,37.052082062],[7.39680481,37.046527863],[7.405694008,37.04624939],[7.405694008,37.042362213],[7.408194065,37.040138245],[7.413751125,37.039306641],[7.425973892,37.041526794],[7.430140018,37.040416718],[7.440137863,37.044029236],[7.454306126,37.044582367],[7.464859962,37.047359467],[7.467638016,37.047359467],[7.469305038,37.045417786],[7.473195076,37.046806335],[7.47680521,37.044303894],[7.481805801,37.044303894],[7.487637997,37.041805267],[7.512916088,37.042915344],[7.518472195,37.037639618],[7.520415783,37.029582977],[7.525972843,37.019306183],[7.532639027,37.015415192],[7.539306164,37.013748169],[7.547359943,37.00680542],[7.554027081,37.005695343],[7.557663918,36.999347687],[7.558471203,36.992637634],[7.561526775,36.992084503],[7.568193913,36.985416412],[7.579305172,36.98236084],[7.58430481,36.978473663],[7.589583874,36.97819519],[7.593194008,36.972637177],[7.603473186,36.968193054],[7.605972767,36.97013855],[7.609026909,36.969860077],[7.612916946,36.964862823],[7.619028091,36.965137482],[7.619306087,36.963195801],[7.621806145,36.961807251],[7.624028206,36.963748932],[7.627637863,36.963748932],[7.629028797,36.966526031],[7.636249065,36.964027405],[7.641805172,36.965137482],[7.644584179,36.967918396],[7.649583817,36.968471527],[7.649583817,36.970417023],[7.654027939,36.975418091],[7.653471947,36.978748322],[7.657361031,36.979862213],[7.660139084,36.97958374],[7.660695076,36.975139618],[7.662083149,36.974582672],[7.662361145,36.972362518],[7.660139084,36.969581604],[7.66430521,36.96736145],[7.675415993,36.967639923],[7.675137997,36.971248627],[7.679860115,36.974304199],[7.682360172,36.973472595],[7.681250095,36.969581604],[7.690416813,36.962638855],[7.699306011,36.962638855],[7.701806068,36.964584351],[7.704306126,36.960414886],[7.702640057,36.958751678],[7.701528072,36.951526642],[7.705694199,36.950416565],[7.711250782,36.950138092],[7.71458292,36.953193665],[7.717638969,36.952915192],[7.723750114,36.956806183],[7.725972176,36.95513916],[7.729306221,36.956806183],[7.730971813,36.954860687],[7.73347187,36.957084656],[7.740139008,36.958751678],[7.744305134,36.956806183],[7.746249199,36.958751678],[7.754583836,36.958473206],[7.756249905,36.956806183],[7.75819397,36.95930481],[7.766805172,36.959026337],[7.76763916,36.960693359],[7.769861221,36.959861755],[7.772360802,36.963470459],[7.775417805,36.964027405],[7.775417805,36.967639923],[7.78125,36.97013855],[7.784306049,36.969306946],[7.786250114,36.970417023],[7.787916183,36.968193054],[7.789859772,36.97013855],[7.793194771,36.969581604],[7.793750763,36.966804504],[7.788472176,36.964862823],[7.786806107,36.961807251],[7.784306049,36.961528778],[7.780416012,36.957637787],[7.781527996,36.954303741],[7.783194065,36.95375061],[7.782916069,36.950416565],[7.776248932,36.949028015],[7.775138855,36.945137024],[7.77180481,36.946529388],[7.769027233,36.945137024],[7.767083168,36.93347168],[7.764029026,36.934028625],[7.760972023,36.92930603],[7.766251087,36.91847229],[7.77180481,36.91569519],[7.772082806,36.910137177],[7.779861927,36.908473969],[7.782361984,36.905418396],[7.78125,36.904026031],[7.780972004,36.906528473],[7.776526928,36.907917023],[7.774860859,36.903762817],[7.769305229,36.900417328],[7.766527176,36.896526337],[7.761528015,36.896251678],[7.761806965,36.894859314],[7.767361164,36.894859314],[7.777017117,36.902965546],[7.779027939,36.902362823],[7.776805878,36.898193359],[7.761250019,36.885692596],[7.761528015,36.882915497],[7.765417099,36.874862671],[7.771526814,36.86958313],[7.768751144,36.863750458],[7.773472786,36.867084503],[7.796526909,36.853473663],[7.816250801,36.848751068],[7.819978237,36.843364716],[7.827243805,36.839637756],[7.827547073,36.832363129],[7.83236599,36.821304321],[7.820425987,36.817871094],[7.814599037,36.813396454],[7.804502964,36.81803894],[7.777625084,36.823196411],[7.778771877,36.816661835],[7.775925159,36.80953598],[7.782124043,36.80657959],[7.782444,36.804916382],[7.772428989,36.794033051],[7.772926807,36.771972656],[7.751749992,36.774551392],[7.751166821,36.769680023],[7.745791912,36.773578644],[7.728167057,36.779304504],[7.722970963,36.760169983],[7.719745159,36.754440308],[7.705391884,36.765098572],[7.700843811,36.757762909],[7.699502945,36.751976013],[7.696522236,36.750202179],[7.697982788,36.748081207],[7.69455719,36.743041992],[7.678904057,36.737136841],[7.679230213,36.732154846],[7.684020042,36.727970123],[7.680829048,36.72052002],[7.681333065,36.718112946],[7.69763422,36.707458496],[7.693336964,36.69096756],[7.692242146,36.689407349],[7.691267967,36.690788269],[7.689549923,36.687519073],[7.68639183,36.687461853],[7.67313385,36.680297852],[7.666844845,36.664424896],[7.668532848,36.659042358],[7.667541981,36.653884888],[7.657176971,36.645347595],[7.644199848,36.62254715],[7.638950825,36.617275238],[7.6396451,36.614006042],[7.631172657,36.60868454],[7.63048315,36.60552597],[7.621903896,36.602619171],[7.610188961,36.614810944],[7.605995178,36.611141205],[7.605988979,36.606559753],[7.600883961,36.604496002],[7.592954159,36.603637695],[7.56311512,36.609481812],[7.555051804,36.607765198],[7.553111076,36.611255646],[7.545478821,36.615730286],[7.545444965,36.619567871],[7.537432194,36.626335144],[7.534764767,36.625411987],[7.531847954,36.634120941],[7.524590015,36.632457733],[7.520244122,36.633174896],[7.517897129,36.630111694],[7.509748936,36.627529144],[7.492996216,36.627128601],[7.494044781,36.62896347],[7.492394924,36.639850616],[7.493277073,36.646266937],[7.491547108,36.6497612],[7.494365215,36.651367188],[7.498387814,36.660243988],[7.494749069,36.662879944],[7.493087769,36.668670654],[7.489443779,36.670272827],[7.487340927,36.673313141],[7.481938839,36.665973663],[7.468995094,36.667350769],[7.462812901,36.66437149],[7.457146168,36.663742065],[7.455021858,36.660358429],[7.443991184,36.654232025],[7.433225155,36.655719757],[7.432737827,36.653884888],[7.429494858,36.652225494],[7.427248955,36.645404816],[7.422298908,36.638072968],[7.421977997,36.627422333],[7.406617165,36.641624451],[7.405035973,36.660820007],[7.40294981,36.662078857],[7.391225815,36.664138794],[7.369328022,36.655662537],[7.336334229,36.661148071],[7.334710121,36.670845032],[7.341836929,36.671302795],[7.344392776,36.674240112],[7.340990067,36.68138504],[7.342628002,36.692047119],[7.339643002,36.705623627],[7.340658188,36.708721161],[7.350879192,36.714103699],[7.382563114,36.71622467],[7.38601923,36.721324921],[7.3916049,36.725048065],[7.399174213,36.725505829],[7.401483059,36.729972839],[7.40220499,36.736618042],[7.405918121,36.743095398],[7.404829979,36.759998322],[7.4042449,36.764068604],[7.388895035,36.778736115],[7.388339043,36.794605255],[7.391851902,36.803771973],[7.380723953,36.818153381],[7.383766174,36.821018219],[7.373155117,36.835113525],[7.37803793,36.843078613],[7.38055706,36.853160858],[7.377951145,36.85533905],[7.377745152,36.86359024],[7.384621143,36.872871399],[7.38051796,36.89068985],[7.381486893,36.893440247],[7.376817226,36.896476746],[7.373160839,36.902320862],[7.361289978,36.905471802],[7.344490051,36.91469574],[7.337603092,36.914409637],[7.329238892,36.91853714],[7.328004837,36.924850464],[7.329546928,36.926555634],[7.3273139,36.934371948],[7.319634914,36.944259644],[7.321181774,36.946151733],[7.329609871,36.948501587],[7.333231926,36.941455841],[7.349113941,36.938934326],[7.353766918,36.945121765],[7.350505829,36.952800751],[7.355205059,36.959156036],[7.350512028,36.961566925],[7.352716923,36.96339798],[7.349171162,36.973770142],[7.341110229,36.981845856],[7.340353012,36.987751007],[7.330154896,36.989753723],[7.322783947,36.993301392],[7.321955204,36.994796753],[7.325136185,37.011123657],[7.313733101,37.020980835],[7.313492775,37.032268524],[7.318615913,37.035762787],[7.321074009,37.040805817],[7.32427597,37.041435242],[7.328172207,37.045558929],[7.323766232,37.047622681],[7.323587894,37.049285889],[7.311058044,37.053123474],[7.308714867,37.060054779],[7.30229187,37.060401917],[7.296807766,37.062862396],[7.295228004,37.067047119],[7.295863152,37.071228027],[7.294017792,37.074207306],[7.289618015,37.075927734],[7.287917137,37.074306488],[7.283473015,37.077083588],[7.290139198,37.080696106],[7.297361851,37.082359314],[7.296249866,37.080696106],[7.299860001,37.079582214],[7.300137997,37.077362061],[7.306251049,37.076248169],[7.308195114,37.072360992],[7.315416813,37.07208252],[7.315416813,37.069583893],[7.321527958,37.067638397],[7.325694084,37.068748474],[7.328472137,37.065692902],[7.333751202,37.066249847],[7.337916851,37.064861298],[7.342082977,37.06652832],[7.350416183,37.06653595],[7.35069418,37.070415497],[7.353194237,37.069583893],[7.354306221,37.071804047],[7.363472939,37.070137024],[7.364861012,37.071804047],[7.372083187,37.072360992],[7.371527195,37.077083588],[7.36958313,37.077640533],[7.368749142,37.080417633],[7.369305134,37.082359314],[7.376805782,37.082084656],[7.378749847,37.084583282],[7.381249905,37.084861755]]],[[[7.331807137,37.085414886],[7.33319521,37.083473206],[7.328750134,37.084026337],[7.329306126,37.085414886],[7.331807137,37.085414886]]]]},"properties":{"name":"Annaba","mapcolor":5,"cartodb_id":5}},{"type":"Feature","geometry":{"type":"MultiPolygon","coordinates":[[[[5.868491173,35.875061035],[5.894515038,35.844409943],[5.90485096,35.841430664],[5.94005394,35.824985504],[5.942673206,35.825389862],[5.937396049,35.835014343],[5.939755917,35.840286255],[5.93952322,35.850894928],[5.931001186,35.853694916],[5.927200794,35.860057831],[5.921689987,35.861427307],[5.92102623,35.871112823],[5.923404217,35.873748779],[5.934119225,35.877185822],[5.941732883,35.877071381],[5.948843002,35.87947464],[5.991683006,35.905605316],[5.994960785,35.902908325],[6.001211166,35.890304565],[6.006762981,35.896148682],[6.01339817,35.895175934],[6.019196987,35.897583008],[6.022038937,35.896492004],[6.025728226,35.889389038],[6.035583019,35.891452789],[6.133884907,35.88331604],[6.142244816,35.881080627],[6.144330978,35.878787994],[6.15190506,35.875923157],[6.155416965,35.876895905],[6.161593914,35.884376526],[6.170670033,35.878959656],[6.180971146,35.878444672],[6.188613892,35.873748779],[6.19098711,35.869159698],[6.189508915,35.866558075],[6.204840183,35.863723755],[6.211201191,35.864467621],[6.234875202,35.850086212],[6.275081158,35.830547333],[6.280908108,35.833755493],[6.283899784,35.838752747],[6.297505856,35.843780518],[6.303883076,35.84910965],[6.308702946,35.846893311],[6.315765858,35.850883484],[6.32852602,35.874607086],[6.335074902,35.874721527],[6.35125494,35.879188538],[6.353937149,35.874835968],[6.351198196,35.871170044],[6.352996826,35.866989136],[6.352050781,35.861713409],[6.35538578,35.856273651],[6.419174194,35.845157623],[6.443082809,35.845901489],[6.478961945,35.842002869],[6.479424953,35.835933685],[6.476068974,35.833526611],[6.476384163,35.830371857],[6.481632233,35.825618744],[6.47557497,35.818458557],[6.475788116,35.815536499],[6.460072041,35.806995392],[6.467885971,35.801036835],[6.477169037,35.801937103],[6.484851837,35.792041779],[6.480904102,35.78711319],[6.472211838,35.785453796],[6.468929768,35.78155899],[6.462066174,35.777835846],[6.468401909,35.766830444],[6.477832794,35.757266998],[6.501352787,35.771362305],[6.50699091,35.770729065],[6.510840893,35.774337769],[6.5159688,35.775886536],[6.520374775,35.774452209],[6.531187057,35.778404236],[6.534745216,35.78150177],[6.544732094,35.78401947],[6.553600788,35.781845093],[6.558568954,35.788322449],[6.565363884,35.788948059],[6.565903187,35.793704987],[6.567645073,35.79536438],[6.594665051,35.794509888],[6.601385117,35.799259186],[6.607161045,35.800178528],[6.615273952,35.793819427],[6.631031036,35.788661957],[6.634089947,35.78975296],[6.679307938,35.770729065],[6.704965115,35.743396759],[6.76187706,35.696475983],[6.769309044,35.686042786],[6.775769234,35.672985077],[6.768333912,35.671779633],[6.76397419,35.672870636],[6.764351845,35.664329529],[6.772179127,35.655963898],[6.767416954,35.648231506],[6.761826038,35.631500244],[6.76293087,35.62147522],[6.767520905,35.61448288],[6.768253803,35.605201721],[6.783775806,35.593967438],[6.78647995,35.58417511],[6.790697098,35.581363678],[6.794679165,35.573688507],[6.793642044,35.568649292],[6.794683933,35.559307098],[6.784572124,35.549053192],[6.781174183,35.548305511],[6.781655788,35.544467926],[6.778437138,35.542125702],[6.779195786,35.540596008],[6.777100086,35.539657593],[6.776453972,35.536617279],[6.773262978,35.536090851],[6.775307178,35.532093048],[6.7717309,35.530948639],[6.773839951,35.528194427],[6.77143383,35.527053833],[6.7709589,35.522521973],[6.768431187,35.522697449],[6.768602848,35.521091461],[6.765514851,35.518913269],[6.762484074,35.519603729],[6.761303902,35.518341064],[6.762433052,35.516220093],[6.759992123,35.515014648],[6.759893894,35.511978149],[6.763422966,35.506824493],[6.763010979,35.504760742],[6.758937836,35.501842499],[6.738707066,35.498916626],[6.734329224,35.489349365],[6.719965935,35.483734131],[6.683541775,35.491756439],[6.676354885,35.487415314],[6.663535118,35.487743378],[6.663134098,35.486598969],[6.647204876,35.485450745],[6.641670227,35.473823547],[6.637883186,35.471759796],[6.637855053,35.470214844],[6.630600929,35.469924927],[6.630158901,35.471645355],[6.625351906,35.470500946],[6.621869087,35.464424133],[6.618929863,35.462364197],[6.603701115,35.459156036],[6.597374916,35.45256424],[6.579177856,35.440532684],[6.578628063,35.439441681],[6.580645084,35.438873291],[6.577962875,35.436008453],[6.575109959,35.436523437],[6.571495056,35.426895142],[6.572772026,35.423103333],[6.579287052,35.42036438],[6.580776215,35.410511017],[6.579452991,35.397792816],[6.583940029,35.390228271],[6.596023083,35.388912201],[6.597191811,35.38621521],[6.596189022,35.385528564],[6.599615097,35.385299683],[6.601225853,35.381347656],[6.600664139,35.37556076],[6.591300964,35.371318817],[6.5890522,35.367481232],[6.59005785,35.365932465],[6.587789059,35.364215851],[6.58675909,35.355617523],[6.591622829,35.347942352],[6.582654953,35.344963074],[6.587749958,35.337001801],[6.587141991,35.333045959],[6.590109825,35.325828552],[6.596251965,35.315734863],[6.615708828,35.314311981],[6.623754025,35.323993683],[6.630689144,35.32024765],[6.638834953,35.318893433],[6.639430046,35.315689087],[6.632726192,35.312820435],[6.631552219,35.306575775],[6.624939919,35.306922913],[6.617956161,35.302394867],[6.611839771,35.302452087],[6.612907887,35.295974731],[6.610787868,35.292999268],[6.614982128,35.285888672],[6.584282875,35.276325226],[6.583096981,35.273513794],[6.579669952,35.271625519],[6.574484825,35.271339417],[6.570714951,35.268417358],[6.559014797,35.264118195],[6.565925121,35.25220108],[6.565839767,35.249454498],[6.561295986,35.247505188],[6.562087059,35.244411469],[6.560694218,35.23948288],[6.562207222,35.233921051],[6.560610771,35.232898712],[6.557549,35.234325409],[6.557703972,35.238681793],[6.554803848,35.239368439],[6.556602955,35.240627289],[6.556025028,35.241775513],[6.553371906,35.240856171],[6.553658962,35.236789703],[6.550467014,35.232780457],[6.551733971,35.227737427],[6.556518078,35.224643707],[6.559845924,35.22498703],[6.560591221,35.22052002],[6.558550835,35.214847565],[6.562528133,35.206764221],[6.568251133,35.199718475],[6.563444138,35.194221497],[6.566113949,35.176628113],[6.564888954,35.161502838],[6.552192211,35.144771576],[6.515596867,35.141620636],[6.518444061,35.137611389],[6.500424862,35.108047485],[6.507696152,35.09853363],[6.508904934,35.088165283],[6.510652065,35.084899902],[6.509180069,35.081062317],[6.512129784,35.074699402],[6.513556957,35.065361023],[6.518610954,35.054931641],[6.516306877,35.050865173],[6.51177597,35.048915863],[6.508640766,35.044620514],[6.504223824,35.032245636],[6.501038074,35.029548645],[6.498082161,35.022789001],[6.513877869,35.025424957],[6.535649776,35.015857697],[6.552836895,34.981098175],[6.551699162,34.976261139],[6.565924168,34.945201874],[6.573859215,34.944652557],[6.577983856,34.936504364],[6.586390972,34.938400269],[6.594824791,34.926136017],[6.589642048,34.922981262],[6.570178986,34.904415131],[6.579699039,34.900749207],[6.590322018,34.902088165],[6.593481064,34.896743774],[6.599318981,34.897090912],[6.596774101,34.891056061],[6.598104954,34.884654999],[6.590312958,34.881473541],[6.589395046,34.87820816],[6.583604813,34.876464844],[6.582170963,34.87310791],[6.57652092,34.873908997],[6.572947025,34.871868134],[6.565106869,34.865749359],[6.56566906,34.862754822],[6.560548782,34.859451294],[6.558372974,34.855045319],[6.56040287,34.843994141],[6.561399937,34.840824127],[6.564108849,34.838813782],[6.563506126,34.835494995],[6.565285206,34.832466125],[6.562469006,34.827892303],[6.564651966,34.824817657],[6.565005779,34.816108704],[6.561942101,34.811885834],[6.566606998,34.803890228],[6.567574024,34.79681015],[6.578708172,34.788871765],[6.57859993,34.783687592],[6.582569122,34.777568817],[6.581209183,34.774158478],[6.584145069,34.770736694],[6.580914021,34.768627167],[6.575413227,34.760318756],[6.567317963,34.759685516],[6.56532383,34.754131317],[6.554677963,34.753269196],[6.534614086,34.758197784],[6.47196579,34.794296265],[6.469898224,34.803173065],[6.460271835,34.814407349],[6.44963789,34.816181183],[6.440939903,34.827354431],[6.435536861,34.828613281],[6.424948215,34.835388184],[6.422650814,34.838527679],[6.420944214,34.843109131],[6.420681,34.863964081],[6.423099041,34.868663788],[6.423035145,34.877429962],[6.424829006,34.877372742],[6.425160885,34.887172699],[6.426839828,34.890781403],[6.425469875,34.89289856],[6.430828094,34.897655487],[6.429304123,34.899318695],[6.43200779,34.903556824],[6.43619585,34.905334473],[6.440619946,34.910144806],[6.439294815,34.918579102],[6.44073391,34.918624878],[6.440899849,34.921894073],[6.445083141,34.926532745],[6.444366932,34.929740906],[6.446600914,34.931285858],[6.447889805,34.936500549],[6.442039967,34.93914032],[6.435731888,34.948307037],[6.422869205,34.953063965],[6.422262192,34.956325531],[6.425469875,34.961715698],[6.431709766,34.96761322],[6.430622101,34.971683502],[6.425796986,34.9739151],[6.427601814,34.975063324],[6.429904938,34.981132507],[6.430427074,34.986236572],[6.442750931,34.994541168],[6.441851139,34.997810364],[6.437473774,35.001018524],[6.451293945,35.006004333],[6.45454216,35.008296967],[6.456972122,35.014022827],[6.464729786,35.016429901],[6.463899136,35.017978668],[6.460466862,35.018379211],[6.459704876,35.022449493],[6.449317932,35.027545929],[6.449615002,35.028865814],[6.446784973,35.030582428],[6.433273792,35.036026001],[6.433199883,35.03786087],[6.430346012,35.039287567],[6.424084187,35.054649353],[6.425137997,35.060031891],[6.414687157,35.070518494],[6.413094997,35.073898315],[6.416267872,35.075904846],[6.406804085,35.081520081],[6.402184963,35.07957077],[6.400735855,35.080886841],[6.399549961,35.079856873],[6.401171207,35.078769684],[6.39946413,35.07131958],[6.391493797,35.072978973],[6.392582893,35.070404053],[6.39371109,35.071033478],[6.395195961,35.069141388],[6.39409399,35.067302704],[6.396416187,35.066680908],[6.394742966,35.065074921],[6.39300108,35.066390991],[6.392295837,35.064159393],[6.390222073,35.063697815],[6.390892982,35.061923981],[6.38451004,35.062587738],[6.379732132,35.059230804],[6.375507832,35.0586586],[6.377056122,35.060146332],[6.370100021,35.058601379],[6.369021893,35.061294556],[6.36032486,35.060890198],[6.35692215,35.0586586],[6.357649803,35.057167053],[6.352171898,35.058143616],[6.350213051,35.047428131],[6.345732212,35.045993805],[6.344505787,35.049030304],[6.343020916,35.048744202],[6.341887951,35.046222687],[6.326796055,35.040836334],[6.321043015,35.040153503],[6.314884186,35.043590546],[6.30967617,35.041412354],[6.305877209,35.045764923],[6.300261974,35.044445038],[6.294085979,35.04668045],[6.292887211,35.044849396],[6.288004875,35.045536041],[6.27542305,35.041637421],[6.275015831,35.044849396],[6.269917011,35.044792175],[6.266605854,35.049377441],[6.25649786,35.046398163],[6.253100872,35.043186188],[6.253376007,35.035053253],[6.247840881,35.036197662],[6.24630022,35.03401947],[6.242352009,35.033561707],[6.241498947,35.030124664],[6.231925011,35.029262543],[6.229127884,35.033733368],[6.224349976,35.029666901],[6.221814156,35.029838562],[6.220098972,35.024562836],[6.203660011,35.012706757],[6.208508015,35.005199432],[6.207242012,35.001934052],[6.209883213,34.994026184],[6.209240913,34.99105072],[6.20626688,34.991962433],[6.197528839,34.986980438],[6.198297977,34.986118317],[6.195565224,34.984458923],[6.194246769,34.978504181],[6.18678093,34.98285675],[6.182694912,34.989585876],[6.167312145,34.995231628],[6.151022911,34.989959717],[6.150444031,34.984344482],[6.148283958,34.983024597],[6.1433568,34.982738495],[6.132511139,34.985832214],[6.129542828,34.987228394],[6.127886772,34.991565704],[6.119121075,34.999298096],[6.094936848,35.008686066],[6.090333939,35.013244629],[6.089091778,35.016773224],[6.095749855,35.028060913],[6.093537807,35.031269073],[6.093846798,35.034191132],[6.09884882,35.035568237],[6.102441788,35.040496826],[6.100007057,35.043357849],[6.101019859,35.054603577],[6.093319893,35.053092957],[6.086233139,35.058597565],[6.082715034,35.065246582],[6.053254128,35.071090698],[6.037308216,35.065418243],[6.026547909,35.059001923],[6.011827946,35.05292511],[6.011260986,35.040668488],[6.006075859,35.03900528],[5.993895054,35.009326935],[5.979312897,34.998268127],[5.970030785,34.994430542],[5.969205856,34.991733551],[5.9655509,34.989501953],[5.964592934,34.986289978],[5.961437225,34.983829498],[5.960400105,34.97644043],[5.954544067,34.976955414],[5.949067116,34.967498779],[5.945268154,34.963661194],[5.942214012,34.963947296],[5.939167023,34.967838287],[5.9392519,34.970649719],[5.942621231,34.973804474],[5.940540791,34.976608276],[5.942489147,34.979248047],[5.942632198,34.983886719],[5.939898968,34.984401703],[5.938852787,34.990459442],[5.898600101,35.034069061],[5.879509926,35.028003693],[5.864871025,35.025772095],[5.862183094,35.026912689],[5.863169193,35.044849396],[5.880815983,35.039291382],[5.885601044,35.044734955],[5.892865181,35.049259186],[5.892024994,35.055618286],[5.893616199,35.059288025],[5.892218113,35.062152863],[5.900651932,35.064674377],[5.903234959,35.067481995],[5.899075985,35.07126236],[5.90337801,35.075733185],[5.901316166,35.080089569],[5.903562069,35.081119537],[5.900697231,35.083465576],[5.892515182,35.083751678],[5.885994911,35.086215973],[5.886775017,35.093208313],[5.891507149,35.096412659],[5.894974232,35.105754852],[5.891135216,35.114631653],[5.888700008,35.116069794],[5.885148048,35.122371674],[5.877435207,35.121166229],[5.875081062,35.118988037],[5.878987789,35.125118256],[5.875459194,35.127296448],[5.8722682,35.13262558],[5.866443157,35.135162354],[5.858866215,35.13577652],[5.862183094,35.138870239],[5.870306969,35.140476227],[5.890051842,35.149585724],[5.895431995,35.149066925],[5.902778149,35.153141022],[5.901729107,35.15737915],[5.903217793,35.159210205],[5.909962177,35.15983963],[5.917181015,35.163909912],[5.948964119,35.18894577],[5.951163769,35.192901611],[5.968344212,35.206653595],[5.968616009,35.215076447],[5.959035873,35.219772339],[5.951100826,35.21925354],[5.942008018,35.226535797],[5.937996864,35.226593018],[5.913880825,35.221950531],[5.911491871,35.217884064],[5.902560234,35.221035004],[5.897169113,35.216907501],[5.89475584,35.208370209],[5.889277935,35.208770752],[5.888957977,35.206596375],[5.880362988,35.209117889],[5.874192238,35.213699341],[5.876101017,35.216621399],[5.874772072,35.225162506],[5.857147217,35.229000092],[5.857079029,35.225906372],[5.854586124,35.226593018],[5.851005077,35.231460571],[5.847634792,35.242977142],[5.842216015,35.241428375],[5.835913181,35.246189117],[5.83571291,35.248767853],[5.832664013,35.251056671],[5.824814796,35.250881195],[5.810313225,35.25409317],[5.798618793,35.263889313],[5.784748077,35.264636993],[5.777075768,35.269447327],[5.772613049,35.279590607],[5.757108212,35.276657104],[5.753304005,35.279590607],[5.750109196,35.285881042],[5.72130394,35.276725769],[5.70123291,35.265033722],[5.663733959,35.24899292],[5.643462181,35.237476349],[5.614762783,35.225788116],[5.611742973,35.217365265],[5.604639053,35.214157104],[5.606748104,35.210834503],[5.590968132,35.206478119],[5.577932835,35.197372437],[5.549800873,35.192672729],[5.512782097,35.192268372],[5.491216183,35.195308685],[5.473396778,35.205974579],[5.483373165,35.183792114],[5.487136841,35.16866684],[5.498114109,35.16992569],[5.522734165,35.166488647],[5.548648834,35.159439087],[5.555497169,35.156002045],[5.562561035,35.149929047],[5.577321053,35.133602142],[5.585009098,35.117328644],[5.587265968,35.093318939],[5.586256981,35.090393066],[5.57345295,35.079685211],[5.559627056,35.072868347],[5.540661812,35.066104889],[5.529288769,35.065132141],[5.509143829,35.066223145],[5.503139019,35.06306839],[5.502141953,35.05871582],[5.496131897,35.054359436],[5.490081787,35.046451569],[5.468898773,35.04920578],[5.459324837,35.046737671],[5.447545052,35.048286438],[5.430315971,35.057567596],[5.424128056,35.05670929],[5.403059959,35.060432434],[5.392323017,35.057510376],[5.390931129,35.054016113],[5.38146019,35.056476593],[5.378262997,35.059001923],[5.374556065,35.057624817],[5.371262074,35.053787231],[5.365840912,35.055561066],[5.304413795,35.047023773],[5.308384895,35.043476105],[5.308630943,35.040496826],[5.300301075,35.032188416],[5.29362011,35.022388458],[5.28757,35.004455566],[5.272850037,35.005832672],[5.261161804,35.001991272],[5.259058952,35.003250122],[5.257788181,35.007377625],[5.250139236,35.007320404],[5.242649078,35.011444092],[5.237625122,35.011444092],[5.232892036,35.015972137],[5.223060131,35.020385742],[5.200576782,35.024681091],[5.191167831,35.031227112],[5.185686111,35.028633118],[5.169419765,35.027374268],[5.159840107,35.021186829],[5.154964924,35.01436615],[5.152231216,35.015228271],[5.147790909,35.013050079],[5.145757198,35.015457153],[5.142508984,35.014022827],[5.135673046,35.021297455],[5.135523796,35.027141571],[5.127468109,35.029720306],[5.122923851,35.034591675],[5.125102043,35.035449982],[5.121113777,35.0390625],[5.119163036,35.03786087],[5.116473198,35.039291382],[5.113361835,35.038433075],[5.109498978,35.057624817],[5.077627182,35.067996979],[5.050880909,35.082035065],[5.01543808,35.097385406],[5.012159824,35.093437195],[5.004844189,35.088851929],[4.986878872,35.084896088],[4.976345062,35.090057373],[4.967033863,35.092575073],[4.971674919,35.111309052],[4.88869381,35.141220093],[4.845005989,35.14522934],[4.793965816,35.144542694],[4.749395847,35.14717865],[4.747539997,35.153656006],[4.748857975,35.160415649],[4.741856098,35.170211792],[4.741930008,35.179149628],[4.760471821,35.183448792],[4.793360233,35.206253052],[4.79774189,35.21049118],[4.799393177,35.214561462],[4.824000835,35.206825256],[4.853525162,35.234386444],[4.858761787,35.253921509],[4.864554882,35.259021759],[4.869258881,35.265953064],[4.88252306,35.346969604],[4.890388966,35.364387512],[4.856928825,35.535987854],[4.884231091,35.518859863],[4.890021801,35.516906738],[4.893157005,35.507514954],[4.90217495,35.494678497],[4.914138794,35.481441498],[4.93107605,35.4792099],[4.947078228,35.468093872],[4.948861122,35.479381561],[4.956307888,35.486598969],[4.962491035,35.487857819],[4.968053818,35.493476868],[4.971807003,35.494907379],[4.973834991,35.502758026],[4.977880001,35.505222321],[4.985643864,35.519142151],[4.994519234,35.525505066],[4.995063782,35.504245758],[4.996994019,35.494907379],[5.012670994,35.506309509],[5.02011919,35.50636673],[5.023338795,35.508369446],[5.031766891,35.518569946],[5.037485123,35.529743195],[5.061252117,35.526878357],[5.083512783,35.520282745],[5.087882996,35.528137207],[5.096219063,35.517940521],[5.108836174,35.510948181],[5.108263016,35.502925873],[5.104640961,35.497829437],[5.116799831,35.487117767],[5.120660782,35.485912323],[5.125989914,35.492103577],[5.135587215,35.491699219],[5.136463165,35.498630524],[5.166604996,35.517601013],[5.18264389,35.509231567],[5.19630909,35.511352539],[5.204072952,35.518913269],[5.206254959,35.517883301],[5.208127975,35.51902771],[5.216527939,35.530147552],[5.21572113,35.535358429],[5.223093987,35.540630341],[5.225380898,35.547790527],[5.229174137,35.550998688],[5.228761196,35.552490234],[5.238427162,35.558563232],[5.243309021,35.559192657],[5.245818138,35.561771393],[5.249485016,35.562744141],[5.251233101,35.560970306],[5.253008842,35.563491821],[5.255782127,35.563716888],[5.259243011,35.568759918],[5.262971878,35.569789886],[5.264325142,35.5728302],[5.27316618,35.575294495],[5.289700985,35.585723877],[5.295928001,35.58562851],[5.304334164,35.590991974],[5.332868099,35.617462158],[5.337250233,35.624221802],[5.338661194,35.630870819],[5.354783058,35.622161865],[5.391697884,35.616603851],[5.415000916,35.640323639],[5.431347847,35.683868408],[5.429818153,35.700828552],[5.42298317,35.697792053],[5.425377846,35.706668854],[5.422494888,35.713722229],[5.423395157,35.716640472],[5.421704769,35.722946167],[5.426671982,35.726039886],[5.429560184,35.730564117],[5.438904762,35.72838974],[5.441873074,35.733314514],[5.457657814,35.734577179],[5.458602905,35.736183167],[5.468629837,35.739448547],[5.47053194,35.743572235],[5.474651814,35.746776581],[5.471380234,35.751079559],[5.473321915,35.754917145],[5.489027977,35.763626099],[5.493038177,35.763965607],[5.497227192,35.761219025],[5.511188984,35.760643005],[5.519834995,35.75812149],[5.525919914,35.759155273],[5.529718876,35.7631073],[5.524779797,35.763221741],[5.524521828,35.7669487],[5.526320934,35.76884079],[5.528785229,35.767520905],[5.529765129,35.772335052],[5.528561115,35.774394989],[5.539327145,35.78585434],[5.555662155,35.77766037],[5.562164783,35.776687622],[5.572042942,35.779899597],[5.585061073,35.77450943],[5.595466137,35.772216797],[5.607319832,35.767177582],[5.613848209,35.763290405],[5.613834858,35.761386871],[5.617569923,35.7605896],[5.627264977,35.753311157],[5.646956921,35.746208191],[5.655694962,35.7473526],[5.662158012,35.751022339],[5.661595821,35.755260468],[5.664112091,35.757953644],[5.665756226,35.76499939],[5.671675205,35.766544342],[5.682722092,35.764656067],[5.681447029,35.759143829],[5.686072826,35.758296967],[5.694345951,35.752738953],[5.697532177,35.752677917],[5.703680038,35.756404877],[5.709787846,35.765686035],[5.716732979,35.767177582],[5.723045826,35.771648407],[5.718182087,35.786655426],[5.723968983,35.790439606],[5.724244118,35.794620514],[5.732917786,35.791183472],[5.738018036,35.79227066],[5.7421031,35.798229218],[5.741718769,35.802928925],[5.743437767,35.805854797],[5.741650105,35.812267303],[5.735137939,35.818332672],[5.733256817,35.823669434],[5.727103233,35.822582245],[5.72261095,35.817195892],[5.702689171,35.822181702],[5.697235107,35.818798065],[5.686394215,35.823040009],[5.68149519,35.828140259],[5.682755947,35.834438324],[5.681433201,35.835876465],[5.683746815,35.839771271],[5.683465958,35.85111618],[5.681838989,35.853179932],[5.687069893,35.856327057],[5.685986996,35.864578247],[5.689057827,35.863376617],[5.702856064,35.874206543],[5.710120201,35.874893188],[5.71339798,35.877872467],[5.709639072,35.880908966],[5.726093769,35.891738892],[5.750312805,35.897583008],[5.753098011,35.899475098],[5.75785923,35.90732193],[5.752110004,35.911766052],[5.810440063,35.922447205],[5.862085819,35.885948181],[5.868491173,35.875061035]]]]},"properties":{"name":"Batna","mapcolor":8,"cartodb_id":8}},{"type":"Feature","geometry":{"type":"MultiPolygon","coordinates":[[[[-1.135691047,32.41506958],[-1.12867105,32.415431976],[-1.122396946,32.403514862],[-1.124093056,32.393600464],[-1.130802035,32.374294281],[-1.132508993,32.350631714],[-1.130749941,32.343235016],[-1.126788974,32.339359283],[-1.11864996,32.322208405],[-1.101804972,32.314304352],[-1.081807971,32.317741394],[-1.065335989,32.323814392],[-1.058998942,32.323299408],[-1.052863002,32.318660736],[-1.051527023,32.309146881],[-1.057520986,32.299236298],[-1.063660979,32.295196533],[-1.074846983,32.206359863],[-1.011260033,32.205898285],[-0.996037006,32.145111084],[-0.891780972,32.186130524],[-0.848311007,32.207790375],[-0.817285001,32.225437164],[-0.731073976,32.267745972],[-0.730962992,32.270988464],[-0.417313993,32.201488495],[-0.335512996,32.254600525],[-0.224038005,32.235923767],[-0.152700007,32.331203461],[-0.150799006,32.3306427],[-0.151137993,32.312988281],[-0.147855997,32.295116425],[-0.149014995,32.270374298],[-0.160147995,32.258403778],[-0.16821,32.244888306],[-0.168354005,32.231681824],[-0.171348006,32.217819214],[-0.186926007,32.205757141],[-0.195139006,32.194076538],[-0.200147003,32.179851532],[-0.199096993,32.170166016],[-0.191597998,32.158794403],[-0.208609,32.168739319],[-0.227542996,32.176818848],[-0.247206002,32.182865143],[-0.268350005,32.183223724],[-0.287517995,32.175945282],[-0.337568015,32.143302917],[-0.335094005,32.128665924],[-0.35066399,32.101600647],[-0.366351008,32.09072113],[-0.373849005,32.079975128],[-0.366609007,32.06508255],[-0.384039015,32.055938721],[-0.387493014,32.038848877],[-0.387430996,32.020832062],[-0.397563994,32.000095367],[-0.387178987,31.892671585],[-0.373757988,31.883535385],[-0.362718999,31.844579697],[-0.362991989,31.830396652],[-0.356180996,31.817033768],[-0.354353994,31.803962708],[-0.370231986,31.801275253],[-0.385639012,31.800924301],[-0.388116002,31.790172577],[-0.377781987,31.777582169],[-0.376729995,31.76326561],[-0.396329999,31.762340546],[-0.397338003,31.749803543],[-0.391553015,31.737678528],[-0.403602004,31.729837418],[-0.370988995,31.711393356],[-0.370678991,31.696874619],[-0.359028995,31.684282303],[-0.369942993,31.671316147],[-0.379364997,31.668102264],[-0.384424001,31.657751083],[-0.395900995,31.654619217],[-0.408876002,31.662612915],[-0.413933992,31.648084641],[-0.414878994,31.636205673],[-0.405474007,31.621328354],[-0.401198,31.605167389],[-0.39486599,31.599142075],[-0.386709005,31.583713531],[-0.376448989,31.572034836],[-0.356359005,31.558298111],[-0.364939988,31.548114777],[-0.378601015,31.521270752],[-0.388779014,31.519529343],[-0.401731014,31.510570526],[-0.399062008,31.494987488],[-0.408387989,31.484838486],[-0.400074005,31.466209412],[-0.391086996,31.452968597],[-0.398662001,31.437679291],[-0.375669003,31.420343399],[-0.379049003,31.405773163],[-0.373387009,31.392089844],[-0.358417988,31.366954803],[-0.342711002,31.356285095],[-0.324375987,31.351083755],[-0.296106011,31.336265564],[-0.286891997,31.326644897],[-0.267019004,31.314786911],[-0.25711,31.30667305],[-0.246866003,31.293077469],[-0.223807007,31.276788712],[-0.256482989,31.191093445],[-0.264357001,31.173912048],[-0.258929998,31.159734726],[-0.192589,31.11444664],[-0.031879999,30.99895668],[0.034033,30.954631805],[0.384829015,30.701156616],[0.000212,30.317661285],[-0.000344,30.313192368],[-0.174064994,30.044933319],[-0.252927005,29.993423462],[-0.62659198,29.757423401],[-0.653607011,29.679672241],[-0.663055003,29.659219742],[-0.690820992,29.550870895],[-0.639369011,29.285133362],[-0.664286971,29.178104401],[-0.87777102,29.006904602],[-0.919368029,28.980318069],[-1.048594952,28.96995163],[-1.417583942,28.952302933],[-2.000197887,28.797962189],[-2.004103899,28.79473877],[-2.292723894,28.423574448],[-2.574706078,28.222066879],[-2.577604055,28.214483261],[-2.596668005,28.188833237],[-2.604156017,28.170499802],[-2.621728897,28.147121429],[-2.62430191,28.139560699],[-2.630896091,28.130279541],[-2.632139921,28.117557526],[-2.628460884,28.103063583],[-2.645483971,28.072065353],[-2.65980196,28.05739975],[-2.697679996,28.0105896],[-2.703593016,28.002166748],[-2.703197956,27.999414444],[-2.71805501,27.981710434],[-2.729003906,27.964122772],[-2.775940895,27.91484642],[-2.800806999,27.895479202],[-2.825604916,27.856805801],[-2.869997978,27.811483383],[-2.880126953,27.795555115],[-2.886286974,27.790342331],[-2.893167973,27.777336121],[-2.904443979,27.768455505],[-2.902792931,27.763299942],[-2.898186922,27.760608673],[-2.895190001,27.745824814],[-2.912699938,27.720157623],[-2.918087006,27.70889473],[-2.932976961,27.653636932],[-2.93888998,27.64349556],[-2.942162037,27.624643326],[-2.948267937,27.604820251],[-2.966785908,27.555776596],[-2.972229004,27.532051086],[-2.981046915,27.509935379],[-2.983803034,27.495269775],[-2.99200201,27.47808075],[-2.995668888,27.449890137],[-3.008887053,27.413566589],[-3.013884068,27.383716583],[-3.032022953,27.356098175],[-3.034733057,27.34727478],[-2.981534958,27.299894333],[-2.998034954,27.301038742],[-3.01255393,27.305963516],[-3.565272093,27.344799042],[-3.70153594,27.434421539],[-3.971966982,27.702104568],[-3.989763975,27.992479324],[-3.995568037,27.999986649],[-3.991214037,28.001188278],[-4.033223152,28.060146332],[-4.317462921,28.48482132],[-4.499804974,28.999223709],[-4.501324177,28.999393463],[-4.505159855,29.005815506],[-4.509797096,29.016582489],[-4.621796131,29.302488327],[-4.652660847,29.318189621],[-4.889031887,29.414617538],[-5.265604973,29.410203934],[-5.391496181,29.491882324],[-5.496355057,29.565908432],[-5.498873234,29.562484741],[-5.500275135,29.563407898],[-5.333567142,29.767896652],[-5.324147224,29.782506943],[-5.31953001,29.797292709],[-5.32833004,29.827829361],[-5.326508045,29.836252213],[-5.322519779,29.846277237],[-5.284952164,29.897102356],[-5.273618221,29.905408859],[-5.251737118,29.91526413],[-5.239675999,29.933425903],[-5.185211182,29.969694138],[-5.144760132,29.994276047],[-5.137631893,30.000692368],[-5.12293005,30.002527237],[-5.113424778,30.009002686],[-4.935503006,30.139978409],[-4.606369972,30.282133102],[-4.320165157,30.528390884],[-4.145473957,30.58482933],[-3.994807959,30.59239006],[-3.843025923,30.627397537],[-3.711657047,30.673179626],[-3.646966934,30.697538376],[-3.639535904,30.702356339],[-3.630769014,30.711492538],[-3.631313086,30.719621658],[-3.628155947,30.727155685],[-3.625040054,30.730089188],[-3.620937109,30.728378296],[-3.616596937,30.729398727],[-3.614677906,30.733219147],[-3.616400957,30.73651123],[-3.620392084,30.738941193],[-3.622176886,30.758705139],[-3.627151012,30.765439987],[-3.643233061,30.773298264],[-3.647829056,30.77371788],[-3.650883913,30.771039963],[-3.650942087,30.766626358],[-3.657164097,30.768274307],[-3.657584906,30.780391693],[-3.661582947,30.787546158],[-3.663521051,30.798696518],[-3.653091908,30.806715012],[-3.652785063,30.826766968],[-3.6501019,30.842727661],[-3.645757914,30.854040146],[-3.637671947,30.857803345],[-3.635428905,30.86520195],[-3.631750107,30.86762619],[-3.635143995,30.875221252],[-3.628590107,30.871776581],[-3.626034975,30.868610382],[-3.622739077,30.868251801],[-3.623100042,30.864227295],[-3.618601084,30.863258362],[-3.614636898,30.865308762],[-3.612050056,30.872819901],[-3.612776995,30.876958847],[-3.605252028,30.878547668],[-3.603605986,30.894376755],[-3.599704981,30.895462036],[-3.596662045,30.892602921],[-3.592456102,30.894130707],[-3.581782103,30.907512665],[-3.585490942,30.918685913],[-3.58229804,30.920417786],[-3.577369928,30.919429779],[-3.57437396,30.921880722],[-3.57604003,30.929821014],[-3.574215889,30.933504105],[-3.570147038,30.934066772],[-3.563410997,30.928459167],[-3.558713913,30.928726196],[-3.555660009,30.931678772],[-3.557462931,30.939695358],[-3.555655003,30.940656662],[-3.551445007,30.938213348],[-3.551264048,30.941299438],[-3.556225061,30.947887421],[-3.552886963,30.950824738],[-3.539458036,30.954631805],[-3.540057898,30.962276459],[-3.547563076,30.963005066],[-3.544635057,30.966201782],[-3.544608116,30.97013855],[-3.536900997,30.973316193],[-3.541583061,30.980325699],[-3.537648916,30.987510681],[-3.540328979,30.99511528],[-3.535537004,31.001722336],[-3.536922932,31.005529404],[-3.535259008,31.013233185],[-3.537030935,31.016702652],[-3.540193081,31.018182755],[-3.540915966,31.038150787],[-3.544985056,31.037466049],[-3.547290087,31.031229019],[-3.549583912,31.039331436],[-3.553858042,31.03984642],[-3.551348925,31.042478561],[-3.548902988,31.050094604],[-3.547519922,31.061044693],[-3.551301956,31.063486099],[-3.55180192,31.059936523],[-3.5554111,31.063097],[-3.55715704,31.059352875],[-3.56022501,31.060186386],[-3.557147026,31.052698135],[-3.558094978,31.04883194],[-3.562488079,31.046998978],[-3.56617403,31.052604675],[-3.570965052,31.05116272],[-3.570051908,31.047433853],[-3.572805882,31.042562485],[-3.576061964,31.047328949],[-3.579677105,31.04977417],[-3.583347082,31.049930573],[-3.586899042,31.057689667],[-3.591093063,31.057891846],[-3.591779947,31.069906235],[-3.590518951,31.07378006],[-3.592758894,31.075109482],[-3.601973057,31.073095322],[-3.604711056,31.075839996],[-3.607021093,31.087732315],[-3.60679698,31.091293335],[-3.604234934,31.095027924],[-3.60968399,31.100822449],[-3.613404989,31.098367691],[-3.616488934,31.098802567],[-3.614109039,31.11510849],[-3.614905119,31.119037628],[-3.618607998,31.119121552],[-3.62502408,31.113567352],[-3.628556013,31.105953217],[-3.635848999,31.110853195],[-3.637721062,31.114278793],[-3.637986898,31.122396469],[-3.636611938,31.133981705],[-3.633569956,31.137235641],[-3.637005091,31.152833939],[-3.637903929,31.169326782],[-3.640669107,31.167081833],[-3.641985893,31.156417847],[-3.639933109,31.152702332],[-3.639827967,31.144712448],[-3.63756299,31.141248703],[-3.639977932,31.138544083],[-3.644105911,31.138624191],[-3.650504112,31.13384819],[-3.645545006,31.132781982],[-3.643551111,31.129644394],[-3.643094063,31.10959053],[-3.635494947,31.099210739],[-3.640328884,31.093101501],[-3.643651009,31.09283638],[-3.64786005,31.093784332],[-3.650196075,31.097488403],[-3.653284073,31.098333359],[-3.652462959,31.094488144],[-3.65613699,31.094305038],[-3.656558037,31.098386765],[-3.659606934,31.101524353],[-3.663556099,31.102064133],[-3.664233923,31.098314285],[-3.660932064,31.091920853],[-3.664486885,31.093982697],[-3.665360928,31.089820862],[-3.658921957,31.085859299],[-3.654445887,31.085289001],[-3.650414944,31.087135315],[-3.646373034,31.084846497],[-3.641673088,31.085054398],[-3.642776012,31.081504822],[-3.66150403,31.082017899],[-3.67048502,31.084375381],[-3.675024986,31.083564758],[-3.678446054,31.086069107],[-3.678169012,31.090162277],[-3.672985077,31.096797943],[-3.675163031,31.108613968],[-3.669022083,31.119333267],[-3.67218399,31.131105423],[-3.670460939,31.15080452],[-3.679835081,31.164768219],[-3.693281889,31.166538239],[-3.696801901,31.16113472],[-3.699131966,31.169397354],[-3.698517084,31.173274994],[-3.700968981,31.175590515],[-3.703164101,31.171840668],[-3.710026026,31.168550491],[-3.712775946,31.165260315],[-3.703681946,31.151504517],[-3.706172943,31.139982224],[-3.704359055,31.136388779],[-3.706921101,31.136312485],[-3.706545115,31.148620605],[-3.709451914,31.153932571],[-3.717475891,31.150489807],[-3.719455004,31.146799088],[-3.723138094,31.145284653],[-3.732814074,31.145647049],[-3.732688904,31.142114639],[-3.724540949,31.138212204],[-3.722606897,31.134809494],[-3.724137068,31.127128601],[-3.727859974,31.124628067],[-3.729418993,31.116674423],[-3.732836008,31.114501953],[-3.740175009,31.12437439],[-3.744623899,31.125524521],[-3.752022028,31.123628616],[-3.754550934,31.126432419],[-3.759166002,31.125272751],[-3.771339893,31.119377136],[-3.773303032,31.115758896],[-3.77136302,31.103609085],[-3.773967028,31.100448608],[-3.776272058,31.103591919],[-3.776669979,31.123609543],[-3.774096012,31.135408401],[-3.776329994,31.143213272],[-3.775712013,31.147245407],[-3.772627115,31.15486908],[-3.766360998,31.160810471],[-3.760169983,31.171672821],[-3.75821805,31.179552078],[-3.765621901,31.183952332],[-3.764993906,31.191907883],[-3.766555071,31.199859619],[-3.769079924,31.207645416],[-3.772366047,31.210514069],[-3.771212101,31.222557068],[-3.774385929,31.22303772],[-3.777848005,31.219753265],[-3.781583071,31.221166611],[-3.782591105,31.225120544],[-3.789604902,31.235776901],[-3.785617113,31.237142563],[-3.78301096,31.240392685],[-3.778594017,31.241531372],[-3.778996944,31.245113373],[-3.782121897,31.248437881],[-3.775435925,31.25138855],[-3.769366026,31.257486343],[-3.75770092,31.262990952],[-3.753353119,31.278686523],[-3.755647898,31.281747818],[-3.763657093,31.277605057],[-3.768486023,31.277698517],[-3.77213192,31.280145645],[-3.773566961,31.291244507],[-3.780991077,31.286066055],[-3.784362078,31.288297653],[-3.784459114,31.292327881],[-3.773839951,31.304838181],[-3.76155901,31.310180664],[-3.759335041,31.32201767],[-3.763539076,31.333602905],[-3.755439043,31.33638382],[-3.753040075,31.33949852],[-3.756517887,31.342327118],[-3.756859064,31.346317291],[-3.751554966,31.35297966],[-3.74821496,31.360555649],[-3.743727922,31.360790253],[-3.740075111,31.35815239],[-3.734427929,31.343212128],[-3.725850105,31.340379715],[-3.721472979,31.341682434],[-3.713896036,31.346446991],[-3.712025881,31.349597931],[-3.710521936,31.361579895],[-3.702447891,31.36558342],[-3.693994999,31.362970352],[-3.687450886,31.368572235],[-3.678320885,31.370267868],[-3.672511101,31.376565933],[-3.67168498,31.38469696],[-3.667886972,31.385887146],[-3.664105892,31.378398895],[-3.659813881,31.377523422],[-3.645905018,31.393484116],[-3.647284985,31.39657402],[-3.661609888,31.397729874],[-3.663783073,31.401008606],[-3.663570881,31.633113861],[-3.501324892,31.665081024],[-2.999542952,31.758247375],[-3.001698017,31.761169434],[-2.999944925,31.764089584],[-2.869137049,31.787466049],[-2.842621088,31.793596268],[-2.831609011,31.798009872],[-2.829912901,31.813024521],[-2.837418079,31.824251175],[-2.847331047,31.828777313],[-2.852366924,31.83502388],[-2.851667881,31.844589233],[-2.847789049,31.852266312],[-2.847325087,31.856737137],[-2.852263927,31.874786377],[-2.852463961,31.882581711],[-2.860519886,31.890716553],[-2.865488052,31.904237747],[-2.876436949,31.916841507],[-2.882379055,31.929445267],[-2.887684107,31.932540894],[-2.892416954,31.948644638],[-2.888607025,31.95328331],[-2.8890481,31.956947327],[-2.892782927,31.9640522],[-2.906373978,31.9764328],[-2.921765089,32.000953674],[-2.925179005,32.010349274],[-2.924640894,32.012752533],[-2.939263105,32.030403137],[-2.939979076,32.03395462],[-2.93323493,32.061340332],[-2.932341099,32.073204041],[-2.928044081,32.082195282],[-2.930352926,32.094631195],[-2.918940067,32.105575562],[-2.916229963,32.111362457],[-2.915909052,32.114398956],[-2.917610884,32.115943909],[-2.915163994,32.118808746],[-2.910631895,32.120128632],[-2.905818939,32.120643616],[-2.899918079,32.114051819],[-2.895368099,32.111991882],[-2.880028963,32.110561371],[-2.81874609,32.11485672],[-2.797694921,32.112163544],[-2.762583971,32.112739563],[-2.751571894,32.110729218],[-2.727484941,32.110443115],[-2.696259022,32.115200043],[-2.662466049,32.117435455],[-2.598963976,32.112506866],[-2.590656042,32.11554718],[-2.55904603,32.138118744],[-2.545620918,32.144824982],[-2.504070044,32.150608063],[-2.484726906,32.151756287],[-2.462686062,32.159374237],[-2.38359499,32.157485962],[-2.361913919,32.158401489],[-2.330600977,32.155883789],[-2.302216053,32.155937195],[-2.288803101,32.160179138],[-2.276547909,32.168201447],[-2.258292913,32.162010193],[-2.244627953,32.162071228],[-2.230551004,32.158573151],[-2.189275026,32.14270401],[-2.170521975,32.142246246],[-2.131441116,32.146083832],[-2.101353884,32.153186798],[-2.086669922,32.160007477],[-2.01386404,32.181777954],[-1.996176004,32.175189972],[-1.987586975,32.17370224],[-1.978849053,32.167224884],[-1.975468993,32.160579681],[-1.967527986,32.156913757],[-1.94344604,32.158115387],[-1.925729036,32.15064621],[-1.924986005,32.15536499],[-1.919697046,32.161952972],[-1.913004994,32.163158417],[-1.897133946,32.161842346],[-1.886688948,32.153476715],[-1.873110056,32.146427155],[-1.855497003,32.147342682],[-1.824787021,32.145511627],[-1.799296021,32.136859894],[-1.787556052,32.137145996],[-1.778274059,32.13130188],[-1.754060984,32.122768402],[-1.726403952,32.120990753],[-1.713129044,32.11365509],[-1.691223979,32.115943909],[-1.684538007,32.115257263],[-1.672718048,32.11164856],[-1.651805043,32.109588623],[-1.579274058,32.091827393],[-1.564543962,32.092967987],[-1.503739953,32.103458405],[-1.497064948,32.102596283],[-1.482316971,32.09469223],[-1.448794007,32.092857361],[-1.422317028,32.087810516],[-1.381304979,32.086036682],[-1.360700965,32.091251373],[-1.351202011,32.089931488],[-1.337170005,32.082771301],[-1.325791001,32.082313538],[-1.271577954,32.086380005],[-1.263041019,32.078933716],[-1.254560947,32.07624054],[-1.240988016,32.076869965],[-1.233160973,32.079792023],[-1.205126047,32.084774017],[-1.200811982,32.08769989],[-1.196864009,32.095603943],[-1.186213017,32.102424622],[-1.178151011,32.105175018],[-1.173413038,32.105003357],[-1.167230964,32.110332489],[-1.15583396,32.110500336],[-1.155187011,32.114398956],[-1.157433033,32.123680115],[-1.155222058,32.128093719],[-1.158974051,32.130039215],[-1.164962053,32.130386353],[-1.171270013,32.135601044],[-1.178925037,32.158401489],[-1.182127953,32.163211823],[-1.190881968,32.168369293],[-1.216161013,32.175418854],[-1.231855035,32.173587799],[-1.236145973,32.168598175],[-1.249014974,32.165050507],[-1.255064964,32.166484833],[-1.258296967,32.165679932],[-1.263906002,32.161556244],[-1.275313973,32.163387299],[-1.288004041,32.158859253],[-1.297698975,32.162467957],[-1.300518036,32.166881561],[-1.297315001,32.171520233],[-1.280715942,32.179775238],[-1.273910046,32.18687439],[-1.263293028,32.194442749],[-1.242316961,32.205383301],[-1.243198991,32.225208282],[-1.247519016,32.240737915],[-1.246150017,32.247955322],[-1.247043967,32.251049042],[-1.243216038,32.258956909],[-1.241273999,32.27488327],[-1.235669971,32.292301178],[-1.237166047,32.304794312],[-1.235728025,32.310009003],[-1.247432947,32.319114685],[-1.249547958,32.326969147],[-1.244654059,32.330806732],[-1.233441949,32.335678101],[-1.23002696,32.340885162],[-1.222841978,32.344673157],[-1.217095017,32.360313416],[-1.211038947,32.370113373],[-1.206305981,32.386955261],[-1.209033966,32.391822815],[-1.203349948,32.399963379],[-1.198835015,32.403572083],[-1.176673055,32.412448883],[-1.150923967,32.417892456],[-1.135691047,32.41506958]]]]},"properties":{"name":"Béchar","mapcolor":6,"cartodb_id":6}},{"type":"Feature","geometry":{"type":"MultiPolygon","coordinates":[[[[4.999582767,36.826526642],[5.000973225,36.825695038],[4.99597311,36.825138092],[4.996251106,36.826248169],[4.999582767,36.826526642]]],[[[4.790418148,36.89402771],[4.78930521,36.892082214],[4.787361145,36.892360687],[4.787917137,36.89402771],[4.790418148,36.89402771]]],[[[4.759305,36.89541626],[4.766250134,36.89263916],[4.769306183,36.894306183],[4.769584179,36.892360687],[4.774859905,36.890415192],[4.778750896,36.891529083],[4.782917023,36.889862061],[4.786249161,36.891529083],[4.790140152,36.890693665],[4.791806221,36.885971069],[4.796249866,36.882637024],[4.807361126,36.883472443],[4.806805134,36.876804352],[4.809305191,36.872917175],[4.825694084,36.869861603],[4.837360859,36.87097168],[4.845972061,36.869304657],[4.850972176,36.866527557],[4.856803894,36.866249084],[4.864861012,36.859306335],[4.877361774,36.859027863],[4.876527786,36.854862213],[4.884306908,36.85319519],[4.88736105,36.850418091],[4.897082806,36.851528168],[4.904583931,36.849582672],[4.905972004,36.847915649],[4.913473129,36.847637177],[4.921526909,36.850971222],[4.931806087,36.842082977],[4.932916164,36.836250305],[4.936528206,36.830970764],[4.939860821,36.829029083],[4.952362061,36.828193665],[4.950417042,36.826248169],[4.950971127,36.824306488],[4.955138206,36.821804047],[4.958193779,36.821804047],[4.964027882,36.817081451],[4.968750954,36.817359924],[4.969305038,36.815139771],[4.975693226,36.815139771],[4.978748798,36.812915802],[4.985137939,36.812362671],[4.986805916,36.813751221],[4.986249924,36.815971375],[4.988749981,36.81791687],[4.990972042,36.815971375],[4.993751049,36.815971375],[4.995695114,36.812084198],[5.002638817,36.809581757],[5.005139828,36.806526184],[5.012916088,36.805973053],[5.015694141,36.807640076],[5.016806126,36.805973053],[5.014306068,36.80569458],[5.014860153,36.797359467],[5.017638206,36.793193817],[5.023472786,36.794582367],[5.029304981,36.79069519],[5.041250229,36.788192749],[5.047081947,36.783195496],[5.06264019,36.78125],[5.070137978,36.778751373],[5.090693951,36.777362823],[5.095972061,36.773471832],[5.100417137,36.776527405],[5.107082844,36.777084351],[5.10736084,36.774307251],[5.105138779,36.77180481],[5.107916832,36.768749237],[5.103751183,36.764862061],[5.10319519,36.762359619],[5.106526852,36.759029388],[5.097916126,36.75819397],[5.098194122,36.755138397],[5.096528053,36.75819397],[5.094305992,36.75819397],[5.092361927,36.754859924],[5.092916012,36.750137329],[5.088471889,36.752361298],[5.086248875,36.750694275],[5.087083817,36.747638702],[5.081805229,36.747360229],[5.079583168,36.74458313],[5.080695152,36.737083435],[5.077917099,36.736804962],[5.076805115,36.734859467],[5.077083111,36.723472595],[5.084860802,36.714305878],[5.083470821,36.711250305],[5.104582787,36.694583893],[5.136249065,36.678470612],[5.167362213,36.667362213],[5.17097187,36.664585114],[5.176249981,36.664306641],[5.179860115,36.661529541],[5.212638855,36.651527405],[5.219861031,36.647640228],[5.238472939,36.644859314],[5.243195057,36.641803741],[5.27180481,36.637638092],[5.291251183,36.637084961],[5.302639961,36.637084961],[5.343750954,36.643196106],[5.365694046,36.64402771],[5.376526833,36.647361755],[5.377638817,36.649860382],[5.384861946,36.648750305],[5.4090271,36.65486145],[5.412362099,36.654582977],[5.41458416,36.651527405],[5.417637825,36.651248932],[5.419305801,36.6534729],[5.418471813,36.6590271],[5.422134876,36.659091949],[5.422359943,36.654029846],[5.42791605,36.654582977],[5.426352024,36.643859863],[5.44126606,36.645118713],[5.440412045,36.638015747],[5.433324814,36.631542206],[5.425848007,36.620082855],[5.42524004,36.615097046],[5.427342892,36.603637695],[5.435472012,36.602375031],[5.443466187,36.603466034],[5.448318005,36.60736084],[5.460734844,36.605754852],[5.466676235,36.601688385],[5.477372169,36.584949493],[5.473317146,36.582553864],[5.472990036,36.580028534],[5.480867863,36.577739716],[5.483226776,36.574882507],[5.483514786,36.570575714],[5.465209007,36.561122894],[5.461908817,36.55109787],[5.460011959,36.538089752],[5.44447422,36.532188416],[5.441477776,36.532878876],[5.436470032,36.524971008],[5.420970917,36.516262054],[5.402963161,36.510993958],[5.394351006,36.506637573],[5.386438847,36.512134552],[5.381203175,36.510532379],[5.376183033,36.516433716],[5.370769024,36.515346527],[5.36593914,36.512191772],[5.363646984,36.513111115],[5.357728004,36.508010864],[5.355689049,36.509784698],[5.356903076,36.507095337],[5.355906963,36.505779266],[5.343979836,36.499443054],[5.345873833,36.494430542],[5.344705105,36.489273071],[5.34871006,36.488876343],[5.350554943,36.476787567],[5.355035782,36.472717285],[5.352880955,36.471687317],[5.34643507,36.461257935],[5.341235161,36.461658478],[5.332982063,36.459022522],[5.340201855,36.455356598],[5.34078598,36.451118469],[5.332574844,36.446990967],[5.327205181,36.448192596],[5.326806068,36.443439484],[5.324652195,36.442237854],[5.326135159,36.437767029],[5.319423199,36.433929443],[5.315639019,36.435935974],[5.312469959,36.430778503],[5.314302921,36.429115295],[5.312802792,36.423557281],[5.306529999,36.420120239],[5.301941872,36.411979675],[5.295946121,36.417369843],[5.289927006,36.417240143],[5.292354107,36.412670135],[5.30304718,36.407447815],[5.296134949,36.407024384],[5.302134037,36.403846741],[5.305491924,36.403846741],[5.312040806,36.396110535],[5.312759876,36.389972687],[5.310769081,36.380699158],[5.304247856,36.38287735],[5.300198078,36.3879776],[5.288909912,36.388320923],[5.280698776,36.383049011],[5.272883892,36.375198364],[5.272816181,36.373996735],[5.279788017,36.370101929],[5.274785995,36.367454529],[5.27073288,36.367752075],[5.263240814,36.36517334],[5.258331776,36.370498657],[5.255953789,36.368953705],[5.250555992,36.369358063],[5.246887207,36.366004944],[5.243136883,36.365116119],[5.241343021,36.366779327],[5.243313789,36.374168396],[5.23868084,36.376815796],[5.232444763,36.375083923],[5.227971077,36.368553162],[5.227415085,36.362766266],[5.218139172,36.362594604],[5.207658768,36.364658356],[5.195197105,36.360015869],[5.191829205,36.37027359],[5.19159317,36.377033234],[5.201797009,36.381214142],[5.192058086,36.390613556],[5.193542004,36.393592834],[5.197723866,36.396167755],[5.191307068,36.399837494],[5.184626102,36.394046783],[5.177412987,36.392677307],[5.170154095,36.389125824],[5.171488762,36.396057129],[5.165605068,36.405052185],[5.173945904,36.410209656],[5.175796986,36.413303375],[5.180828094,36.414333344],[5.183766842,36.416965485],[5.186758041,36.424358368],[5.186672211,36.435188293],[5.182999134,36.447849274],[5.189507008,36.451519012],[5.186854839,36.456615448],[5.190276146,36.460113525],[5.178152084,36.462177277],[5.171035767,36.469566345],[5.172560215,36.476787567],[5.175608158,36.479820251],[5.177791119,36.489620209],[5.175041199,36.493228912],[5.187273026,36.507724762],[5.186327934,36.509155273],[5.20164299,36.519470215],[5.187938213,36.533565521],[5.18166399,36.536373138],[5.175664902,36.546569824],[5.172502995,36.546340942],[5.170043945,36.543190002],[5.168531895,36.549610138],[5.166399956,36.551208496],[5.156362057,36.550296783],[5.156454086,36.55430603],[5.154768944,36.556312561],[5.145379066,36.560668945],[5.145562172,36.565593719],[5.141459942,36.565364838],[5.126835823,36.569957733],[5.112760067,36.569431305],[5.100154877,36.578540802],[5.099415779,36.577224731],[5.10167408,36.574588776],[5.10020113,36.571552277],[5.102687836,36.568401337],[5.0977211,36.56124115],[5.093009949,36.564220428],[5.080925941,36.565307617],[5.082616806,36.568344116],[5.080698013,36.568687439],[5.084489822,36.571838379],[5.080296993,36.577968597],[5.069496155,36.575336456],[5.053276062,36.56565094],[5.052272797,36.563186646],[5.053578854,36.556827545],[5.057424068,36.557285309],[5.064418793,36.551784515],[5.06024313,36.550754547],[5.06064415,36.549263],[5.062345982,36.549434662],[5.060307026,36.545425415],[5.061382771,36.54101181],[5.055201054,36.533794403],[5.052605152,36.522563934],[5.043449879,36.521533966],[5.036418915,36.514888763],[5.030058861,36.512825012],[5.024823189,36.51374054],[5.022306919,36.517120361],[5.025080204,36.52073288],[5.026255131,36.526920319],[5.022548199,36.523826599],[5.015707016,36.523139954],[5.011909008,36.526573181],[5.004786015,36.527721405],[5.000247955,36.526233673],[4.997297764,36.528408051],[4.994777203,36.52640152],[4.990873814,36.52640152],[4.988966942,36.523540497],[4.991045952,36.520561218],[4.990783215,36.514484406],[4.983701229,36.510189056],[4.974034786,36.508239746],[4.970574856,36.510131836],[4.959597111,36.510131836],[4.946774006,36.51259613],[4.930037975,36.518093109],[4.928198814,36.517753601],[4.928392887,36.515403748],[4.920969009,36.516376495],[4.920584202,36.517982483],[4.917302132,36.516490936],[4.919668198,36.524223328],[4.911365986,36.525314331],[4.908902168,36.534656525],[4.88090086,36.532077789],[4.877435207,36.532707214],[4.871620178,36.536773682],[4.864966869,36.53339386],[4.857167721,36.535163879],[4.865522861,36.522964478],[4.866629124,36.516319275],[4.866468906,36.514602661],[4.852912903,36.514198303],[4.850008011,36.508583069],[4.846316814,36.506519318],[4.846357822,36.504688263],[4.848179817,36.504058838],[4.859827995,36.502796173],[4.859707832,36.496837616],[4.862176895,36.492771149],[4.859370232,36.491565704],[4.857781887,36.488647461],[4.855943203,36.488876343],[4.853106976,36.483032227],[4.849068165,36.482688904],[4.844758987,36.479991913],[4.840857029,36.480968475],[4.833083153,36.477874756],[4.833380222,36.472202301],[4.82832098,36.472770691],[4.827283859,36.477127075],[4.820443153,36.477359772],[4.812765121,36.471458435],[4.807947159,36.472774506],[4.801564217,36.470710754],[4.795995235,36.466758728],[4.790746212,36.467731476],[4.787428856,36.463321686],[4.778255939,36.461029053],[4.774456978,36.46194458],[4.772222996,36.456958771],[4.76554203,36.453521729],[4.764945984,36.44739151],[4.760253906,36.446990967],[4.751887798,36.443264008],[4.750650883,36.439258575],[4.752519131,36.437591553],[4.75073719,36.435878754],[4.748994827,36.435935974],[4.74701786,36.439029694],[4.743678093,36.438972473],[4.73906517,36.433010101],[4.733347893,36.433067322],[4.730638027,36.430084229],[4.723361015,36.397315979],[4.713356972,36.386260986],[4.710279942,36.384483337],[4.703960896,36.386886597],[4.700235844,36.385971069],[4.696311951,36.381214142],[4.686686039,36.375259399],[4.67952919,36.37462616],[4.679541111,36.370445251],[4.669439793,36.363739014],[4.666288853,36.364715576],[4.660599232,36.359958649],[4.656272888,36.359214783],[4.652187824,36.360591888],[4.637629032,36.358066559],[4.632604122,36.360187531],[4.615783215,36.352626801],[4.616230011,36.349533081],[4.622383118,36.343227386],[4.611989021,36.327243805],[4.604632854,36.321456909],[4.606667042,36.316184998],[4.605326176,36.313606262],[4.606832981,36.312805176],[4.605234146,36.309539795],[4.605469227,36.300598145],[4.598598957,36.288509369],[4.599606991,36.280319214],[4.604598045,36.27281189],[4.614000797,36.272525787],[4.619180202,36.274528503],[4.620830059,36.270118713],[4.625333786,36.266738892],[4.620554924,36.264503479],[4.617461205,36.260494232],[4.611227989,36.256252289],[4.59916687,36.258430481],[4.587196827,36.254707336],[4.576367855,36.257686615],[4.572902203,36.256084442],[4.568686008,36.258602142],[4.561001778,36.250465393],[4.554488182,36.246627808],[4.537350178,36.251899719],[4.523731232,36.248691559],[4.521805763,36.247543335],[4.519193172,36.240036011],[4.520154953,36.236717224],[4.525941849,36.235683441],[4.526692867,36.231269836],[4.514918804,36.230701447],[4.505626202,36.228294373],[4.497872829,36.228637695],[4.49477911,36.230587006],[4.484407902,36.226230621],[4.474737167,36.224685669],[4.46980381,36.22542572],[4.462876797,36.221244812],[4.446644783,36.221530914],[4.442675114,36.223079681],[4.423521042,36.221073151],[4.410222054,36.217521667],[4.409184933,36.219467163],[4.39844799,36.222450256],[4.393943787,36.237747192],[4.395348072,36.243877411],[4.393166065,36.245937347],[4.380916119,36.24822998],[4.375564098,36.269374847],[4.377449036,36.272182465],[4.371564865,36.27854538],[4.376852989,36.288684845],[4.37313509,36.291893005],[4.371044159,36.297676086],[4.376926899,36.304786682],[4.38300705,36.305183411],[4.386151791,36.307132721],[4.374711037,36.308395386],[4.373580933,36.309825897],[4.374434948,36.318077087],[4.370275021,36.318473816],[4.365394115,36.316589355],[4.364563942,36.320426941],[4.369679928,36.323230743],[4.369369984,36.324493408],[4.367026806,36.32598114],[4.361302853,36.32535553],[4.358099937,36.331882477],[4.35355711,36.334350586],[4.353510857,36.343914032],[4.351327896,36.346092224],[4.355034828,36.354175568],[4.369456768,36.354633331],[4.387378216,36.364356995],[4.380158901,36.37153244],[4.375037193,36.373939514],[4.377769947,36.3777771],[4.387922764,36.379440308],[4.386720181,36.384254456],[4.38979578,36.390327454],[4.391149044,36.398406982],[4.393125057,36.400009155],[4.395962238,36.414733887],[4.395005226,36.421035767],[4.392035961,36.425792694],[4.394678116,36.429515839],[4.394512177,36.434158325],[4.375535011,36.442462921],[4.372274876,36.442520142],[4.366425991,36.454841614],[4.364918232,36.466587067],[4.378594875,36.477413177],[4.384625912,36.480270386],[4.394626141,36.483032227],[4.397509098,36.480335236],[4.403674126,36.48033905],[4.416450024,36.490535736],[4.437868118,36.490592957],[4.445201874,36.49666214],[4.451825142,36.497180939],[4.452964783,36.502910614],[4.451944828,36.506519318],[4.45805788,36.512310028],[4.459037781,36.517807007],[4.464314938,36.523536682],[4.463936806,36.526977539],[4.48250103,36.535339355],[4.491302013,36.535629272],[4.499432087,36.538265228],[4.511390209,36.54479599],[4.515645981,36.54794693],[4.517096043,36.553501129],[4.520551205,36.556999207],[4.530206203,36.561698914],[4.533380032,36.564559937],[4.534095764,36.569316864],[4.540101051,36.574474335],[4.549457073,36.579402924],[4.553153038,36.583526611],[4.553307056,36.587478638],[4.559064865,36.589729309],[4.555369854,36.592235565],[4.549176216,36.604782104],[4.542387009,36.60931015],[4.540295124,36.61566925],[4.561747074,36.624549866],[4.567166805,36.628791809],[4.570668221,36.632858276],[4.565701962,36.63885498],[4.573989868,36.653427124],[4.580235958,36.658180237],[4.590479851,36.659675598],[4.597763062,36.662593842],[4.603233814,36.670269012],[4.60254097,36.67565918],[4.598054886,36.688663483],[4.577250004,36.692447662],[4.57179594,36.69726181],[4.564939022,36.700008392],[4.547576904,36.703502655],[4.528131008,36.712673187],[4.518266201,36.713863373],[4.522051811,36.725849152],[4.520825863,36.731235504],[4.526078224,36.738670349],[4.528315067,36.740573883],[4.530549049,36.739772797],[4.530244827,36.73513031],[4.53506422,36.738739014],[4.535573959,36.735359192],[4.539596081,36.742118835],[4.544381142,36.744415283],[4.545566082,36.749397278],[4.550580025,36.747219086],[4.559620857,36.746307373],[4.567883015,36.749687195],[4.570505142,36.747505188],[4.576288223,36.749282837],[4.578797817,36.747795105],[4.579536915,36.750144958],[4.584081173,36.749282837],[4.585536003,36.751461029],[4.597314835,36.749568939],[4.600777149,36.745903015],[4.606557846,36.745159149],[4.608522892,36.73261261],[4.611157894,36.733413696],[4.618768215,36.729972839],[4.620871067,36.733352661],[4.619878769,36.736335754],[4.640672207,36.747104645],[4.6388731,36.752948761],[4.643455982,36.753067017],[4.645804882,36.755012512],[4.651774883,36.754615784],[4.650445938,36.759426117],[4.640065193,36.769741058],[4.638333797,36.780281067],[4.639135838,36.784233093],[4.65382719,36.796211243],[4.650560856,36.801193237],[4.65002203,36.806407928],[4.643955231,36.80657959],[4.640552044,36.810646057],[4.637337208,36.810245514],[4.630816936,36.81477356],[4.623539925,36.815689087],[4.622657776,36.826862335],[4.624416828,36.834541321],[4.619104862,36.837348938],[4.603733063,36.841068268],[4.599899769,36.848804474],[4.595315933,36.849437714],[4.593632221,36.851325989],[4.592083931,36.860092163],[4.594869137,36.864215851],[4.592238903,36.868400574],[4.591845036,36.875049591],[4.590022087,36.877799988],[4.585477829,36.879116058],[4.58418417,36.881580353],[4.585030079,36.88319397],[4.592082977,36.884304047],[4.600695133,36.882915497],[4.606527805,36.884304047],[4.612637997,36.88180542],[4.622917175,36.883472443],[4.634027958,36.882083893],[4.641250134,36.887359619],[4.645417213,36.888195038],[4.652638912,36.885971069],[4.655417919,36.882915497],[4.674028873,36.884029388],[4.680417061,36.882083893],[4.685972214,36.882915497],[4.704861164,36.879581451],[4.713193893,36.88041687],[4.715693951,36.882915497],[4.721250057,36.88180542],[4.73236084,36.882915497],[4.744028091,36.891803741],[4.759305,36.89541626]]]]},"properties":{"name":"Béjaïa","mapcolor":7,"cartodb_id":7}},{"type":"Feature","geometry":{"type":"MultiPolygon","coordinates":[[[[5.756649971,35.277011871],[5.772613049,35.279590607],[5.777075768,35.269447327],[5.784748077,35.264636993],[5.798618793,35.263889313],[5.811896801,35.253562927],[5.833529949,35.250652313],[5.83571291,35.248767853],[5.835913181,35.246189117],[5.842216015,35.241428375],[5.847634792,35.242977142],[5.851005077,35.231460571],[5.854586124,35.226593018],[5.857079029,35.225906372],[5.857147217,35.229000092],[5.874772072,35.225162506],[5.876101017,35.216621399],[5.874192238,35.213699341],[5.879440784,35.209514618],[5.887628078,35.206882477],[5.888957977,35.206596375],[5.889277935,35.208770752],[5.89475584,35.208370209],[5.897169113,35.216907501],[5.901144981,35.22052002],[5.905737877,35.220588684],[5.911491871,35.217884064],[5.913880825,35.221950531],[5.936730862,35.226474762],[5.942008018,35.226535797],[5.951100826,35.21925354],[5.959035873,35.219772339],[5.968616009,35.215076447],[5.968344212,35.206653595],[5.951163769,35.192901611],[5.948964119,35.18894577],[5.917181015,35.163909912],[5.909962177,35.15983963],[5.903217793,35.159210205],[5.901729107,35.15737915],[5.902778149,35.153141022],[5.895431995,35.149066925],[5.890051842,35.149585724],[5.870306969,35.140476227],[5.862183094,35.138870239],[5.858866215,35.13577652],[5.866443157,35.135162354],[5.8722682,35.13262558],[5.875459194,35.127296448],[5.878987789,35.125118256],[5.875081062,35.118988037],[5.877435207,35.121166229],[5.885148048,35.122371674],[5.888700008,35.116069794],[5.891135216,35.114631653],[5.894974232,35.105754852],[5.891507149,35.096412659],[5.886775017,35.093208313],[5.885994911,35.086215973],[5.892515182,35.083751678],[5.900697231,35.083465576],[5.903562069,35.081119537],[5.901316166,35.080089569],[5.90337801,35.075733185],[5.899075985,35.07126236],[5.903234959,35.067481995],[5.900651932,35.064674377],[5.892218113,35.062152863],[5.893616199,35.059288025],[5.892024994,35.055618286],[5.892865181,35.049259186],[5.885601044,35.044734955],[5.880815983,35.039291382],[5.863169193,35.044849396],[5.862183094,35.026912689],[5.864871025,35.025772095],[5.879509926,35.028003693],[5.898600101,35.034069061],[5.938852787,34.990459442],[5.939898968,34.984401703],[5.942632198,34.983886719],[5.942489147,34.979248047],[5.940540791,34.976608276],[5.942621231,34.973804474],[5.9392519,34.970649719],[5.939167023,34.967838287],[5.941680908,34.964118958],[5.945268154,34.963661194],[5.950323105,34.968933105],[5.954544067,34.976955414],[5.960400105,34.97644043],[5.961437225,34.983829498],[5.964592934,34.986289978],[5.9655509,34.989501953],[5.969205856,34.991733551],[5.970030785,34.994430542],[5.979312897,34.998268127],[5.993895054,35.009326935],[6.006075859,35.03900528],[6.011260986,35.040668488],[6.011827946,35.05292511],[6.026547909,35.059001923],[6.037308216,35.065418243],[6.053254128,35.071090698],[6.082715034,35.065246582],[6.086233139,35.058597565],[6.093319893,35.053092957],[6.101019859,35.054603577],[6.100007057,35.043357849],[6.102441788,35.040496826],[6.09884882,35.035568237],[6.093846798,35.034191132],[6.093537807,35.031269073],[6.095749855,35.028060913],[6.089091778,35.016773224],[6.090333939,35.013244629],[6.094936848,35.008686066],[6.119121075,34.999298096],[6.127886772,34.991565704],[6.129542828,34.987228394],[6.132511139,34.985832214],[6.1433568,34.982738495],[6.148283958,34.983024597],[6.150444031,34.984344482],[6.151022911,34.989959717],[6.167312145,34.995231628],[6.182694912,34.989585876],[6.18678093,34.98285675],[6.194246769,34.978504181],[6.195565224,34.984458923],[6.198297977,34.986118317],[6.197528839,34.986980438],[6.20626688,34.991962433],[6.209240913,34.99105072],[6.209883213,34.994026184],[6.207242012,35.001934052],[6.208508015,35.005199432],[6.203660011,35.012706757],[6.220098972,35.024562836],[6.221814156,35.029838562],[6.224349976,35.029666901],[6.229127884,35.033733368],[6.231925011,35.029262543],[6.241498947,35.030124664],[6.242352009,35.033561707],[6.24630022,35.03401947],[6.247840881,35.036197662],[6.253376007,35.035053253],[6.253622055,35.044387817],[6.264869213,35.049259186],[6.266605854,35.049377441],[6.269917011,35.044792175],[6.275015831,35.044849396],[6.27542305,35.041637421],[6.288004875,35.045536041],[6.292887211,35.044849396],[6.294085979,35.04668045],[6.300261974,35.044445038],[6.305877209,35.045764923],[6.30967617,35.041412354],[6.314884186,35.043590546],[6.321043015,35.040153503],[6.326796055,35.040836334],[6.341887951,35.046222687],[6.343020916,35.048744202],[6.344505787,35.049030304],[6.345732212,35.045993805],[6.350213051,35.047428131],[6.352171898,35.058143616],[6.357649803,35.057167053],[6.35692215,35.0586586],[6.36032486,35.060890198],[6.369021893,35.061294556],[6.370100021,35.058601379],[6.377056122,35.060146332],[6.375507832,35.0586586],[6.379732132,35.059230804],[6.38451004,35.062587738],[6.390892982,35.061923981],[6.390222073,35.063697815],[6.392295837,35.064159393],[6.39300108,35.066390991],[6.394742966,35.065074921],[6.396416187,35.066680908],[6.39409399,35.067302704],[6.395195961,35.069141388],[6.39371109,35.071033478],[6.392582893,35.070404053],[6.391493797,35.072978973],[6.39946413,35.07131958],[6.401171207,35.078769684],[6.399549961,35.079856873],[6.405137062,35.080028534],[6.406804085,35.081520081],[6.416267872,35.075904846],[6.413094997,35.073898315],[6.414687157,35.070518494],[6.425137997,35.060031891],[6.424084187,35.054649353],[6.430346012,35.039287567],[6.433199883,35.03786087],[6.433273792,35.036026001],[6.446784973,35.030582428],[6.449615002,35.028865814],[6.449317932,35.027545929],[6.459704876,35.022449493],[6.460466862,35.018379211],[6.463899136,35.017978668],[6.464729786,35.016429901],[6.456972122,35.014022827],[6.45454216,35.008296967],[6.451293945,35.006004333],[6.437473774,35.001018524],[6.441851139,34.997810364],[6.442750931,34.994541168],[6.430427074,34.986236572],[6.429904938,34.981132507],[6.427601814,34.975063324],[6.425796986,34.9739151],[6.430622101,34.971683502],[6.431709766,34.96761322],[6.425469875,34.961715698],[6.422262192,34.956325531],[6.422869205,34.953063965],[6.435731888,34.948307037],[6.442039967,34.93914032],[6.447889805,34.936500549],[6.446600914,34.931285858],[6.444366932,34.929740906],[6.445083141,34.926532745],[6.440899849,34.921894073],[6.44073391,34.918624878],[6.439294815,34.918579102],[6.440619946,34.910144806],[6.43619585,34.905334473],[6.43200779,34.903556824],[6.429304123,34.899318695],[6.430828094,34.897655487],[6.425469875,34.89289856],[6.426764965,34.890037537],[6.425160885,34.887172699],[6.424829006,34.877372742],[6.423035145,34.877429962],[6.423099041,34.868663788],[6.420681,34.863964081],[6.420599937,34.850673676],[6.420944214,34.843109131],[6.424948215,34.835388184],[6.435536861,34.828613281],[6.440939903,34.827354431],[6.44963789,34.816181183],[6.460271835,34.814407349],[6.469898224,34.803173065],[6.47196579,34.794296265],[6.534614086,34.758197784],[6.554677963,34.753269196],[6.56532383,34.754131317],[6.567317963,34.759685516],[6.576525211,34.761119843],[6.580914021,34.768627167],[6.587874889,34.771835327],[6.58837986,34.77538681],[6.603351116,34.776931763],[6.611378193,34.781005859],[6.614890099,34.780773163],[6.631524086,34.792461395],[6.63645792,34.792366028],[6.643199921,34.805122375],[6.642793179,34.808162689],[6.644712925,34.812515259],[6.649147987,34.814922333],[6.649978161,34.818584442],[6.647589207,34.821453094],[6.65023613,34.823116302],[6.652968884,34.829818726],[6.660450935,34.835605621],[6.661912918,34.843109131],[6.669223785,34.847064972],[6.674106121,34.854743958],[6.674518108,34.857894897],[6.729411125,34.858276367],[6.708455086,34.840759277],[6.71461916,34.839042664],[6.716081142,34.836463928],[6.722074032,34.834056854],[6.72654295,34.829475403],[6.73703289,34.826835632],[6.742030144,34.823059082],[6.755682945,34.79807663],[6.755115986,34.795040131],[6.752160072,34.794178009],[6.736443996,34.775672913],[6.733848095,34.770343781],[6.734191895,34.760028839],[6.773284912,34.766338348],[6.771829128,34.764614105],[6.769445896,34.747943878],[6.766415119,34.740665436],[6.767498016,34.729949951],[6.763784885,34.728233337],[6.760295868,34.719524384],[6.757213116,34.716316223],[6.759683132,34.713565826],[6.757310867,34.711444855],[6.758020878,34.709667206],[6.754836082,34.708408356],[6.755368233,34.704971313],[6.751890182,34.6994133],[6.75320816,34.694484711],[6.740900993,34.685142517],[6.739765167,34.680171967],[6.734409809,34.674736023],[6.735441208,34.669517517],[6.744463921,34.650623322],[6.739264965,34.64307785],[6.733941078,34.640174866],[6.732769966,34.636768341],[6.732677937,34.626163483],[6.737451077,34.614421844],[6.734930038,34.60585022],[6.737651825,34.601139069],[6.740026951,34.590614319],[6.743227959,34.588317871],[6.74061203,34.581581116],[6.740180969,34.567405701],[6.742200851,34.562492371],[6.740396976,34.559387207],[6.736534119,34.557800293],[6.736755848,34.549064636],[6.733521938,34.543361664],[6.7351408,34.542228699],[6.735247135,34.538715363],[6.727950096,34.536266327],[6.726084232,34.529323578],[6.728620052,34.524417877],[6.719138145,34.512992859],[6.71833086,34.506156921],[6.710245132,34.50094223],[6.704222202,34.491439819],[6.700661182,34.490703583],[6.698106766,34.482440948],[6.686505795,34.473152161],[6.683996201,34.465087891],[6.684948921,34.463478088],[6.682123184,34.461166382],[6.690498829,34.451068878],[6.695691109,34.424365997],[6.708771229,34.413166046],[6.711202145,34.400886536],[6.710487843,34.393825531],[6.704492092,34.386566162],[6.700221062,34.384971619],[6.693419933,34.376667023],[6.690228939,34.372085571],[6.687198162,34.362228394],[6.682918072,34.357471466],[6.677622795,34.355583191],[6.675015926,34.351284027],[6.665567875,34.34463501],[6.661610126,34.337989807],[6.617479801,34.302810669],[6.598326206,34.29227066],[6.582254887,34.285507202],[6.569231033,34.282985687],[6.538869858,34.282817841],[6.529902935,34.285106659],[6.52381897,34.28911972],[6.511253834,34.305046082],[6.507593155,34.304130554],[6.49419117,34.321662903],[6.473473072,34.339191437],[6.38877821,34.36239624],[6.359973907,34.364402771],[6.329538822,34.386806488],[6.31330204,34.395687103],[6.296170235,34.400730133],[6.263317108,34.402793884],[6.233850002,34.419868469],[6.22990799,34.41865921],[6.2259202,34.421585083],[6.220802784,34.420612335],[6.208261013,34.427371979],[6.166515827,34.426914215],[5.999251842,34.398723602],[5.966049194,34.392822266],[5.96238184,34.390357971],[5.961913109,34.387496948],[5.956922054,34.384170532],[5.70538187,34.413909912],[5.681563854,34.419807434],[5.55960989,34.426513672],[5.516563892,34.433555603],[5.472891808,34.435905457],[5.463822842,34.438602448],[5.399158955,34.448917389],[5.301303864,34.499397278],[5.298380852,34.5014534],[5.293930054,34.510734558],[5.278722763,34.499679565],[5.251788139,34.49269104],[5.24112606,34.487533569],[5.259541035,34.471660614],[5.274047852,34.462322235],[5.236839771,34.450176239],[5.194170952,34.426109314],[5.183544159,34.412857056],[5.206336021,34.400512695],[5.210001945,34.394618988],[5.219742775,34.387561798],[5.228437901,34.370121002],[5.237957001,34.358779907],[5.231561184,34.342510223],[5.225543022,34.333385468],[5.202507019,34.287536621],[5.276025772,34.242778778],[5.33926487,34.174873352],[5.36970377,34.156612396],[5.358780861,34.115970612],[5.343432903,34.086803436],[5.336380005,34.060577393],[5.327344894,34.051773071],[5.271051884,33.976200104],[5.268405914,33.965263367],[5.267732143,33.932952881],[5.260735989,33.896392822],[5.231784821,33.854320526],[5.225412846,33.821399689],[5.251020908,33.790126801],[5.248730183,33.791194916],[5.273077011,33.738716125],[5.271989822,33.73405838],[5.274064064,33.720672607],[5.287941933,33.64339447],[5.287834167,33.598648071],[5.282934189,33.55802536],[5.285467148,33.549884796],[5.312699795,33.495456696],[5.314826012,33.4739151],[5.31492281,33.470417023],[5.312568188,33.46686554],[5.287357807,33.440452576],[5.276741028,33.424583435],[5.250086784,33.354850769],[5.234622955,33.357662201],[5.21887207,33.365566254],[5.190848827,33.390777588],[5.173865795,33.4220047],[5.168623924,33.426700592],[5.153021812,33.436325073],[5.130545139,33.442115784],[5.099896908,33.458099365],[5.097180843,33.463886261],[5.098608017,33.46881485],[5.09690094,33.475284576],[5.090948105,33.477981567],[5.081064224,33.477752686],[5.073811054,33.483310699],[5.071720123,33.489498138],[5.057155132,33.498203278],[5.054186821,33.572750092],[5.079638004,33.606441498],[5.015625954,33.62694931],[4.994789124,33.635314941],[4.934741974,33.650497437],[4.894595146,33.649581909],[4.881548882,33.658805847],[4.862405777,33.697998047],[4.770474911,33.687225342],[4.753447056,33.724639893],[4.728316784,33.727386475],[4.721814156,33.729278564],[4.712847233,33.735412598],[4.701176167,33.7382164],[4.670510769,33.737186432],[4.65745306,33.738792419],[4.648412228,33.735126495],[4.623201847,33.746814728],[4.602209091,33.752197266],[4.593579769,33.756954193],[4.599081039,33.764060974],[4.599419117,33.768184662],[4.581307888,33.783596039],[4.565001011,33.802272797],[4.553410053,33.810527802],[4.515749931,33.828227997],[4.501019001,33.833442688],[4.396688938,33.859283447],[4.384016037,33.868164062],[4.350845814,33.896755219],[4.28212595,33.909244537],[4.257524014,33.921909332],[4.243429184,33.931648254],[4.229265213,33.955211639],[4.237296104,33.961414337],[4.24436903,33.970954895],[4.248355865,33.973876953],[4.260616779,33.967803955],[4.267052174,33.96969223],[4.276865959,33.966083527],[4.288772106,33.969463348],[4.300300121,33.977313995],[4.311203957,33.977600098],[4.336706161,33.996448517],[4.34135294,33.99628067],[4.343564034,33.997825623],[4.344899178,34.009456635],[4.346887112,34.013755798],[4.356987953,34.022693634],[4.377220154,34.03042984],[4.377007961,34.033809662],[4.385528088,34.035297394],[4.393250942,34.034263611],[4.415603161,34.025325775],[4.432985783,34.032661438],[4.407100201,34.061595917],[4.341525078,34.063312531],[4.309845924,34.072250366],[4.297389984,34.079013824],[4.29143095,34.08405304],[4.289196968,34.109725952],[4.301829815,34.12210083],[4.29442215,34.126399994],[4.292206764,34.125396729],[4.286244869,34.133846283],[4.280854225,34.137397766],[4.259894848,34.144500732],[4.237578869,34.156021118],[4.196829796,34.147541046],[4.192801952,34.149200439],[4.182035923,34.166503906],[4.174421787,34.174640656],[4.173194885,34.179279327],[4.169363022,34.181171417],[4.164566994,34.180885315],[4.153337002,34.189250946],[4.150197029,34.194404602],[4.153520107,34.199508667],[4.159955025,34.203914642],[4.172650814,34.20741272],[4.179080009,34.213428497],[4.180030823,34.216182709],[4.178168774,34.219272614],[4.171537876,34.220748901],[4.175182819,34.232372284],[4.181162834,34.237483978],[4.187378883,34.239055634],[4.193661213,34.237781525],[4.206497192,34.22820282],[4.21050787,34.227039337],[4.214343071,34.228523254],[4.218410969,34.232738495],[4.219601154,34.239601135],[4.225024223,34.242298126],[4.243782997,34.238357544],[4.265319824,34.239562988],[4.270559788,34.247211456],[4.270687103,34.261539459],[4.273715019,34.266254425],[4.295022011,34.266677856],[4.302259922,34.273193359],[4.302638054,34.278064728],[4.299460888,34.280445099],[4.278470993,34.284431458],[4.268384933,34.293800354],[4.260309219,34.294975281],[4.260608196,34.301834106],[4.250460148,34.303539276],[4.237796783,34.310512543],[4.235101223,34.313301086],[4.233991146,34.320121765],[4.22269392,34.315284729],[4.218578815,34.315826416],[4.217933178,34.319229126],[4.220085144,34.322357178],[4.22559309,34.325149536],[4.227830887,34.333633423],[4.233725071,34.332931519],[4.233657837,34.343769073],[4.230628014,34.345870972],[4.2203269,34.343128204],[4.21644783,34.344112396],[4.219972134,34.352027893],[4.212916851,34.355503082],[4.212794781,34.367809296],[4.204382896,34.36807251],[4.201265812,34.370174408],[4.202517033,34.373477936],[4.210799217,34.37411499],[4.212118149,34.37896347],[4.210513115,34.380149841],[4.204391003,34.379135132],[4.200500965,34.382736206],[4.190329075,34.384654999],[4.17784977,34.394218445],[4.177446842,34.403087616],[4.17222023,34.407691956],[4.168923855,34.421569824],[4.171076775,34.437492371],[4.169057846,34.453369141],[4.173661232,34.463226318],[4.169464111,34.471340179],[4.163706779,34.473209381],[4.161351204,34.480133057],[4.162209988,34.485168457],[4.159921169,34.488071442],[4.16341877,34.502017975],[4.161218166,34.514450073],[4.143039227,34.523914337],[4.136846066,34.524963379],[4.142704964,34.532039642],[4.152351856,34.539253235],[4.168374062,34.547821045],[4.16789484,34.546226501],[4.179684162,34.55040741],[4.203283787,34.569126129],[4.207416058,34.568199158],[4.205616951,34.570983887],[4.208651066,34.57358551],[4.241790771,34.596164703],[4.253097057,34.611434937],[4.253262997,34.61680603],[4.245639801,34.617321014],[4.242282867,34.619541168],[4.261065006,34.636676788],[4.266030788,34.644924164],[4.277359009,34.649620056],[4.279438972,34.652832031],[4.285232067,34.655982971],[4.28374815,34.661483765],[4.284831047,34.666351318],[4.305171013,34.652198792],[4.323460102,34.661598206],[4.358129025,34.652713776],[4.395703793,34.660968781],[4.441706181,34.665950775],[4.466338158,34.666240692],[4.511096954,34.663890839],[4.547794819,34.675918579],[4.553528309,34.676662445],[4.561919212,34.674263],[4.563058853,34.675006866],[4.561305046,34.679649353],[4.570621967,34.683826447],[4.575204849,34.681762695],[4.581583023,34.683826447],[4.581380844,34.690361023],[4.58596611,34.698898315],[4.591631889,34.703769684],[4.598525047,34.706516266],[4.605434895,34.70640564],[4.612522125,34.703536987],[4.626651764,34.688240051],[4.62898922,34.688583374],[4.631927967,34.689674377],[4.633526802,34.700042725],[4.632271767,34.704456329],[4.63401413,34.706001282],[4.640620232,34.70697403],[4.645914078,34.70451355],[4.660375118,34.705600739],[4.667016029,34.702335358],[4.673593998,34.704799652],[4.677696228,34.708866119],[4.671669006,34.715454102],[4.623447895,34.739631653],[4.617867947,34.752296448],[4.624750137,34.755905151],[4.628151894,34.760719299],[4.63142395,34.758483887],[4.638683796,34.765991211],[4.642236233,34.762378693],[4.651374817,34.77022934],[4.65818119,34.765991211],[4.665205002,34.758026123],[4.666803837,34.763755798],[4.664992809,34.770343781],[4.676521778,34.780082703],[4.681231022,34.786388397],[4.680997849,34.78862381],[4.69347477,34.796012878],[4.699079037,34.804550171],[4.711375237,34.815490723],[4.717195988,34.81193924],[4.733592987,34.818416595],[4.745063782,34.820133209],[4.761141777,34.831363678],[4.76253891,34.828212738],[4.764872074,34.827926636],[4.783102989,34.830677032],[4.79968977,34.829818726],[4.802957058,34.833656311],[4.807620049,34.835662842],[4.80948782,34.84173584],[4.814151764,34.840072632],[4.838084221,34.847179413],[4.844884872,34.847637177],[4.851159096,34.846035004],[4.861810207,34.848209381],[4.868261814,34.842765808],[4.873238087,34.842586517],[4.886188984,34.848953247],[4.896498203,34.84992981],[4.901007175,34.854740143],[4.903264046,34.860412598],[4.906496048,34.862018585],[4.920567036,34.859668732],[4.926027775,34.860416412],[4.934874058,34.863105774],[4.941771984,34.870780945],[4.969668865,34.873306274],[4.97901392,34.882701874],[4.996792793,34.893074036],[4.995447159,34.900234222],[4.997635841,34.906364441],[4.997940063,34.916679382],[5.001428127,34.923095703],[5.001474857,34.927219391],[5.004384995,34.930484772],[5.003938198,34.934211731],[5.008035183,34.935871124],[5.024363995,34.93094635],[5.028284073,34.930484772],[5.028954029,34.931690216],[5.029181957,34.936958313],[5.026650906,34.941371918],[5.019590855,34.944980621],[5.013381004,34.943721771],[5.010745049,34.946186066],[5.006372929,34.946182251],[5.003932953,34.94859314],[5.004642963,34.95810318],[5.016211987,34.98595047],[5.012314796,34.997524261],[5.006229877,35.000789642],[5.007760048,35.005142212],[5.006379128,35.014022827],[5.009428024,35.017917633],[5.009555817,35.020591736],[5.006876945,35.023075104],[5.000295162,35.036540985],[5.005169868,35.040035248],[5.003359795,35.080314636],[4.98737812,35.084751129],[5.004844189,35.088851929],[5.012159824,35.093437195],[5.01543808,35.097385406],[5.050880909,35.082035065],[5.077627182,35.067996979],[5.109498978,35.057624817],[5.113361835,35.038433075],[5.121514797,35.038833618],[5.125102043,35.035449982],[5.122923851,35.034591675],[5.127468109,35.029720306],[5.135523796,35.027141571],[5.135556221,35.021530151],[5.140719891,35.015171051],[5.142732143,35.014022827],[5.146225929,35.015399933],[5.147790909,35.013050079],[5.152231216,35.015228271],[5.156046867,35.014881134],[5.159840107,35.021186829],[5.169923782,35.027603149],[5.185686111,35.028633118],[5.191167831,35.031227112],[5.200576782,35.024681091],[5.223060131,35.020385742],[5.232892036,35.015972137],[5.237625122,35.011444092],[5.242649078,35.011444092],[5.250139236,35.007320404],[5.257788181,35.007377625],[5.259058952,35.003250122],[5.261161804,35.001991272],[5.272850037,35.005832672],[5.28757,35.004455566],[5.29362011,35.022388458],[5.300301075,35.032188416],[5.308630943,35.040496826],[5.308384895,35.043476105],[5.304413795,35.047023773],[5.365840912,35.055561066],[5.371262074,35.053787231],[5.374556065,35.057624817],[5.378262997,35.059001923],[5.38146019,35.056476593],[5.390931129,35.054016113],[5.392323017,35.057510376],[5.401713848,35.060317993],[5.424128056,35.05670929],[5.430315971,35.057567596],[5.447545052,35.048286438],[5.459324837,35.046737671],[5.468898773,35.04920578],[5.490081787,35.046451569],[5.496131897,35.054359436],[5.502141953,35.05871582],[5.503139019,35.06306839],[5.509143829,35.066223145],[5.529288769,35.065132141],[5.540661812,35.066104889],[5.559627056,35.072868347],[5.575915813,35.081287384],[5.586256981,35.090393066],[5.587265968,35.093318939],[5.585009098,35.117328644],[5.577321053,35.133602142],[5.5666399,35.146091461],[5.555497169,35.156002045],[5.544495106,35.160869598],[5.522734165,35.166488647],[5.498114109,35.16992569],[5.487136841,35.16866684],[5.483373165,35.183792114],[5.473396778,35.205974579],[5.491216183,35.195308685],[5.512782097,35.192268372],[5.549800873,35.192672729],[5.577932835,35.197372437],[5.590968132,35.206478119],[5.606748104,35.210834503],[5.604639053,35.214157104],[5.611742973,35.217365265],[5.614762783,35.225788116],[5.643462181,35.237476349],[5.663733959,35.24899292],[5.70123291,35.265033722],[5.72130394,35.276725769],[5.750109196,35.285881042],[5.753304005,35.279590607],[5.756649971,35.277011871]]]]},"properties":{"name":"Biskra","mapcolor":9,"cartodb_id":9}},{"type":"Feature","geometry":{"type":"MultiPolygon","coordinates":[[[[3.216681957,36.664489746],[3.226423502,36.669868469],[3.228984118,36.667579651],[3.237927914,36.667808533],[3.240362883,36.660015106],[3.243422985,36.658870697],[3.263390064,36.628505707],[3.258708954,36.622776031],[3.258862972,36.620597839],[3.261914968,36.61882782],[3.264518023,36.620361328],[3.270378113,36.620361328],[3.272356987,36.622032166],[3.275053978,36.626285553],[3.273840904,36.631656647],[3.275702953,36.635608673],[3.284749985,36.637557983],[3.286233902,36.633773804],[3.2851789,36.631256104],[3.291524887,36.633113861],[3.304678917,36.631874084],[3.303123951,36.627414703],[3.297818899,36.62575531],[3.296535969,36.623691559],[3.297441006,36.62134552],[3.293940067,36.622375488],[3.287254095,36.621398926],[3.278654099,36.613609314],[3.280246019,36.60925293],[3.283497095,36.608306885],[3.283261061,36.606388092],[3.292324066,36.595619202],[3.289231062,36.592922211],[3.287201881,36.585075378],[3.295979977,36.583545685],[3.300661087,36.580223083],[3.291929007,36.575119019],[3.287700891,36.566696167],[3.281976938,36.564403534],[3.286520004,36.561714172],[3.287596941,36.558563232],[3.303251028,36.553001404],[3.309851885,36.553646088],[3.307960987,36.549781799],[3.297749996,36.544338226],[3.300689936,36.533046722],[3.302649021,36.530700684],[3.305448055,36.531417847],[3.306963921,36.529956818],[3.306808949,36.526920319],[3.296426058,36.522678375],[3.294948101,36.519294739],[3.294220924,36.513511658],[3.297177076,36.504341125],[3.291465044,36.501194],[3.286684036,36.500907898],[3.284585953,36.498386383],[3.279730082,36.500679016],[3.282577991,36.498901367],[3.286417007,36.49174118],[3.27385211,36.483776093],[3.266609907,36.48664093],[3.256674051,36.483325958],[3.244189978,36.48859024],[3.228467941,36.49105072],[3.217720032,36.490821838],[3.218142986,36.488414764],[3.216120958,36.489906311],[3.216945887,36.490764618],[3.213359118,36.492424011],[3.211291075,36.49174118],[3.208014011,36.493286133],[3.206363916,36.492080688],[3.204833984,36.493972778],[3.202776909,36.492771149],[3.201905966,36.49414444],[3.196537018,36.493801117],[3.19588995,36.495006561],[3.19143796,36.483657837],[3.189501047,36.483718872],[3.188715935,36.480625153],[3.186630964,36.480682373],[3.183027029,36.477703094],[3.181989908,36.478675842],[3.182528019,36.47518158],[3.178958893,36.471740723],[3.179193974,36.469161987],[3.177474976,36.468593597],[3.178214073,36.464237213],[3.183708906,36.458278656],[3.184081078,36.454036713],[3.188533068,36.451515198],[3.186681986,36.447219849],[3.191060066,36.441608429],[3.186453104,36.440059662],[3.180500031,36.441375732],[3.168663025,36.436737061],[3.164160013,36.432781219],[3.169905901,36.428943634],[3.171681881,36.425216675],[3.166795015,36.420921326],[3.162286043,36.409633636],[3.157701015,36.411567688],[3.154424906,36.407054901],[3.151113033,36.408771515],[3.143801928,36.406482697],[3.140393019,36.401325226],[3.13488102,36.39748764],[3.130455971,36.400016785],[3.129776001,36.404079437],[3.124177933,36.410263062],[3.124435902,36.411869049],[3.122040987,36.414104462],[3.122642994,36.417942047],[3.112088919,36.421894073],[3.109303951,36.420749664],[3.10777998,36.423271179],[3.102091074,36.424819946],[3.098315001,36.424762726],[3.097628117,36.42338562],[3.088316917,36.420578003],[3.084723949,36.421607971],[3.084070921,36.415306091],[3.080089092,36.413871765],[3.079298019,36.411182404],[3.073122025,36.406654358],[3.070985079,36.407169342],[3.066658974,36.402069092],[3.065042973,36.404594421],[3.067811012,36.412269592],[3.065490007,36.420692444],[3.066579103,36.427623749],[3.060671091,36.432506561],[3.054775953,36.43309021],[3.056888103,36.435050964],[3.053889036,36.43529892],[3.054436922,36.437545776],[3.050096035,36.438232422],[3.049280882,36.439842224],[3.044516087,36.439289093],[3.043481112,36.436893463],[3.04630208,36.436408997],[3.044917107,36.434532166],[3.04975605,36.431785583],[3.049659967,36.430046082],[3.054898977,36.428943634],[3.056260109,36.42660141],[3.054476023,36.423664093],[3.055448055,36.42029953],[3.053194046,36.417327881],[3.054239035,36.414825439],[3.05289197,36.41236496],[3.05479002,36.410427094],[3.051178932,36.403705597],[3.051568985,36.394927979],[3.053739071,36.389232635],[3.052835941,36.386634827],[3.049226999,36.383098602],[3.049464941,36.380527496],[3.03797698,36.373767853],[3.037547112,36.370674133],[3.035753965,36.369987488],[3.037163019,36.368267059],[3.031084061,36.366436005],[3.027726889,36.361793518],[3.028208017,36.359901428],[3.010766983,36.349586487],[3.007095098,36.351478577],[3.00107789,36.351650238],[2.986862898,36.349872589],[2.973656893,36.357212067],[2.969003916,36.356864929],[2.965010881,36.352798462],[2.954828978,36.348731995],[2.939933062,36.350505829],[2.937652111,36.35697937],[2.929075003,36.366088867],[2.930351973,36.370212555],[2.933743954,36.371761322],[2.937932968,36.377147675],[2.937655926,36.380054474],[2.933171988,36.384941101],[2.927746058,36.386886597],[2.926954985,36.388835907],[2.920268059,36.392616272],[2.930552006,36.392688751],[2.921369076,36.397201538],[2.930943012,36.395595551],[2.927963018,36.400470734],[2.929161072,36.404647827],[2.927664995,36.407569885],[2.928885937,36.4075737],[2.925133944,36.409042358],[2.923075914,36.405910492],[2.921026945,36.408016205],[2.917443991,36.40694046],[2.913536072,36.409290314],[2.910310984,36.408145905],[2.908550978,36.409118652],[2.891957998,36.404022217],[2.879440069,36.396629333],[2.864737988,36.391586304],[2.857764006,36.385742188],[2.857203007,36.382076263],[2.85214901,36.378353119],[2.848792076,36.37021637],[2.844376087,36.372783661],[2.838983059,36.369926453],[2.839023113,36.367408752],[2.832891941,36.364143372],[2.830605984,36.364887238],[2.825925112,36.363170624],[2.82384491,36.365917206],[2.814975977,36.369812012],[2.813246012,36.368209839],[2.808065891,36.367637634],[2.805464983,36.370330811],[2.797851086,36.369758606],[2.790975094,36.371360779],[2.790070057,36.369697571],[2.78518796,36.369873047],[2.782471895,36.372505188],[2.779395103,36.371818542],[2.776736975,36.374969482],[2.77748704,36.377090454],[2.768348932,36.374568939],[2.743087053,36.377262115],[2.734332085,36.375198364],[2.72359705,36.376220703],[2.694489002,36.373077393],[2.695858002,36.371646881],[2.683969021,36.360015869],[2.673238039,36.358581543],[2.664792061,36.352626801],[2.646567106,36.347522736],[2.636138916,36.336868286],[2.629082918,36.3335495],[2.627744913,36.33480835],[2.621835947,36.331481934],[2.622136116,36.333316803],[2.628066063,36.335723877],[2.628237009,36.337268829],[2.615609884,36.341281891],[2.612791061,36.346668243],[2.607009888,36.344661713],[2.603732109,36.345462799],[2.602586031,36.343170166],[2.597354889,36.344833374],[2.595453024,36.343513489],[2.591356039,36.343975067],[2.591643095,36.342136383],[2.589941025,36.344028473],[2.587883949,36.342197418],[2.585220098,36.343345642],[2.583981991,36.341453552],[2.580533028,36.343288422],[2.581919909,36.347412109],[2.577261925,36.345409393],[2.575805902,36.348442078],[2.569170952,36.346668243],[2.567034006,36.349258423],[2.568842888,36.351520538],[2.563349962,36.35382843],[2.560182095,36.353023529],[2.565675974,36.354858398],[2.565854073,36.356864929],[2.563905954,36.358757019],[2.557203054,36.357498169],[2.554652929,36.361564636],[2.559076071,36.362995148],[2.564336061,36.368785858],[2.56902194,36.369125366],[2.568931103,36.37399292],[2.573880911,36.373538971],[2.572982073,36.375427246],[2.574086905,36.376850128],[2.568506956,36.377403259],[2.560398102,36.381233215],[2.550899982,36.380756378],[2.541269064,36.384483337],[2.536719084,36.383621216],[2.535137892,36.385284424],[2.528532028,36.381557465],[2.522624016,36.382591248],[2.514712095,36.387863159],[2.517168999,36.390209198],[2.509542942,36.39112854],[2.50723505,36.405338287],[2.5090909,36.408260345],[2.508793116,36.41318512],[2.50138998,36.409923553],[2.49387908,36.409519196],[2.491662025,36.411010742],[2.487633944,36.409923553],[2.479394913,36.411640167],[2.47906208,36.413703918],[2.487375975,36.417999268],[2.488544941,36.420520782],[2.495631933,36.421836853],[2.496824026,36.425792694],[2.503545046,36.42653656],[2.510054111,36.425273895],[2.510099888,36.428768158],[2.512552023,36.429916382],[2.510271072,36.431865692],[2.512614965,36.433925629],[2.514000893,36.433181763],[2.514098883,36.435474396],[2.518945932,36.440288544],[2.525942087,36.441833496],[2.520596027,36.444755554],[2.513039112,36.452033997],[2.516928911,36.458278656],[2.514471054,36.461662292],[2.5235641,36.464122772],[2.529459,36.470252991],[2.530719995,36.467559814],[2.535687923,36.465213776],[2.538536072,36.461433411],[2.543549061,36.459884644],[2.56061697,36.459941864],[2.564886093,36.462459564],[2.565589905,36.467048645],[2.571949959,36.467903137],[2.575753927,36.461315155],[2.585890055,36.458908081],[2.590989113,36.454837799],[2.593763113,36.456676483],[2.604506016,36.458106995],[2.602299929,36.460914612],[2.602821112,36.464408875],[2.604104996,36.464698792],[2.604557037,36.463031769],[2.609960079,36.466930389],[2.613987923,36.465839386],[2.614223003,36.469108582],[2.616630077,36.468418121],[2.617386103,36.470081329],[2.621591091,36.471115112],[2.620112896,36.473003387],[2.622289896,36.477241516],[2.620771885,36.481941223],[2.626204014,36.482746124],[2.622112989,36.489334106],[2.624409914,36.492080688],[2.621385098,36.493228912],[2.620811939,36.495521545],[2.61877203,36.495235443],[2.615672112,36.499073029],[2.6196661,36.50245285],[2.610574007,36.505432129],[2.609662056,36.507205963],[2.606419086,36.506923676],[2.6051929,36.508583069],[2.607376099,36.509159088],[2.60649991,36.51064682],[2.607686043,36.512134552],[2.605256081,36.513912201],[2.634001017,36.514888763],[2.636202097,36.517120361],[2.637307882,36.514713287],[2.656146049,36.519012451],[2.65486908,36.522449493],[2.657480955,36.524684906],[2.656748056,36.52703476],[2.659348965,36.528011322],[2.659882069,36.531105042],[2.664237022,36.533164978],[2.66675806,36.531387329],[2.666866064,36.535797119],[2.665486097,36.537345886],[2.666912079,36.540267944],[2.669667959,36.538951874],[2.673168898,36.539810181],[2.671094894,36.541816711],[2.671513081,36.54359436],[2.676521063,36.543991089],[2.676171064,36.547489166],[2.678164959,36.549781799],[2.68285203,36.551727295],[2.686048985,36.550640106],[2.688288927,36.553272247],[2.688827991,36.55871582],[2.701822996,36.558776855],[2.701605082,36.564735413],[2.70330596,36.563587189],[2.704973936,36.566509247],[2.71035409,36.56760025],[2.709992886,36.569202423],[2.715538979,36.574359894],[2.7177279,36.573612213],[2.722031116,36.578025818],[2.726586103,36.578830719],[2.727669001,36.582267761],[2.732774019,36.585014343],[2.735987902,36.584041595],[2.734211922,36.58014679],[2.735059977,36.576309204],[2.741660118,36.577396393],[2.741751909,36.574874878],[2.745028973,36.573730469],[2.748891115,36.574989319],[2.75048995,36.577568054],[2.76633811,36.579799652],[2.774290085,36.585819244],[2.774983883,36.584617615],[2.776307106,36.586158752],[2.776422024,36.584899902],[2.781475067,36.588169098],[2.782929897,36.589256287],[2.781831026,36.59601593],[2.782855988,36.598880768],[2.79659009,36.598537445],[2.803642988,36.60100174],[2.818941116,36.599395752],[2.822190046,36.602779388],[2.829226017,36.604671478],[2.831121922,36.608337402],[2.828485966,36.610515594],[2.82831502,36.612865448],[2.834559917,36.622085571],[2.825685024,36.631427765],[2.822952032,36.636638641],[2.823632956,36.637844086],[2.819766045,36.640995026],[2.81407094,36.642486572],[2.813419104,36.644371033],[2.846396923,36.638702393],[2.85167408,36.639160156],[2.859913111,36.636238098],[2.887885094,36.631938934],[2.880975008,36.620193481],[2.889185905,36.620826721],[2.8942101,36.615325928],[2.898386955,36.615497589],[2.898147106,36.612575531],[2.904305935,36.610340118],[2.909778118,36.602432251],[2.915450096,36.604324341],[2.9246521,36.597393036],[2.929435968,36.60358429],[2.945542097,36.597278595],[2.946516037,36.605239868],[2.944967985,36.609939575],[2.955436945,36.610912323],[2.959847927,36.60100174],[2.957075119,36.59985733],[2.958817005,36.593097687],[2.961877108,36.589313507],[2.970895052,36.597106934],[2.972608089,36.595161438],[2.978676081,36.595272064],[2.982055902,36.589599609],[2.989195108,36.590801239],[2.993647099,36.581634521],[2.995635033,36.586162567],[2.999433994,36.589313507],[3.010956049,36.589942932],[3.01047492,36.595844269],[3.032218933,36.603637695],[3.029026985,36.608509064],[3.035124063,36.613262177],[3.036287069,36.617847443],[3.046032906,36.618247986],[3.046852112,36.621627808],[3.06578207,36.622375488],[3.063484907,36.61756134],[3.065124035,36.613666534],[3.062716961,36.611717224],[3.05942297,36.599567413],[3.059891939,36.592006683],[3.058471918,36.587940216],[3.060013056,36.580547333],[3.091748953,36.591434479],[3.092711926,36.596820831],[3.103786945,36.586105347],[3.110089064,36.585819244],[3.113676071,36.582954407],[3.118556976,36.588737488],[3.124716997,36.58530426],[3.121444941,36.592350006],[3.127816916,36.594299316],[3.123828888,36.597164154],[3.126115084,36.598136902],[3.124928951,36.601230621],[3.134399891,36.605587006],[3.126704931,36.621112823],[3.136142015,36.623405457],[3.139000893,36.62884903],[3.143503904,36.630222321],[3.143275023,36.632801056],[3.145526886,36.632972717],[3.14466691,36.635322571],[3.151904106,36.635723114],[3.1504879,36.649074554],[3.148431063,36.65253067],[3.177537918,36.640533447],[3.18204093,36.651195526],[3.188035011,36.653259277],[3.205132008,36.654747009],[3.207783937,36.663742065],[3.205573082,36.668495178],[3.209500074,36.671943665],[3.216681957,36.664489746]]]]},"properties":{"name":"Blida","mapcolor":10,"cartodb_id":10}},{"type":"Feature","geometry":{"type":"MultiPolygon","coordinates":[[[[4.7307868,36.429447174],[4.732619762,36.42754364],[4.743830204,36.428421021],[4.753462791,36.424861908],[4.761487961,36.425785065],[4.763319016,36.423694611],[4.764452934,36.414680481],[4.776147842,36.411872864],[4.775926113,36.40965271],[4.785713196,36.405796051],[4.790219784,36.402206421],[4.7927351,36.396884918],[4.791818142,36.38735199],[4.788300037,36.386833191],[4.793358803,36.383049011],[4.791984081,36.35881424],[4.788877964,36.352855682],[4.781933784,36.352680206],[4.781589985,36.340480804],[4.775843143,36.340419769],[4.778325081,36.338188171],[4.773591995,36.329936981],[4.778159142,36.328102112],[4.77590704,36.324893951],[4.780651093,36.323234558],[4.781458855,36.321399689],[4.77986002,36.319854736],[4.783721924,36.31526947],[4.791079044,36.314811707],[4.802945137,36.309139252],[4.803339958,36.30701828],[4.807030201,36.304496765],[4.806542873,36.301460266],[4.81012392,36.296417236],[4.809666157,36.291091919],[4.813333035,36.291946411],[4.816129208,36.294757843],[4.823186874,36.291893005],[4.831902027,36.292865753],[4.85024786,36.299224854],[4.853422165,36.303466797],[4.860733032,36.298309326],[4.870913982,36.297447205],[4.877653122,36.295097351],[4.89150095,36.297050476],[4.897017956,36.295845032],[4.907647133,36.302494049],[4.919421196,36.303180695],[4.925133228,36.30065918],[4.929012775,36.302089691],[4.929901123,36.30065918],[4.946424007,36.299682617],[4.97424221,36.308109283],[4.978855133,36.312461853],[4.979249001,36.319564819],[4.993264198,36.323978424],[5.025991917,36.306045532],[5.050331116,36.308620453],[5.050971985,36.30002594],[5.055459023,36.292179108],[5.061211109,36.291664124],[5.065032005,36.285243988],[5.07197094,36.286678314],[5.075792789,36.286331177],[5.077678204,36.284385681],[5.079041004,36.281291962],[5.077940941,36.27917099],[5.079483032,36.278427124],[5.079763889,36.275161743],[5.083156109,36.272697449],[5.083362103,36.269489288],[5.078772068,36.268173218],[5.077174187,36.266109467],[5.082485199,36.259632111],[5.084140778,36.259464264],[5.084799767,36.262557983],[5.088821888,36.264732361],[5.090672016,36.264907837],[5.093457222,36.262329102],[5.092116833,36.259117126],[5.088380814,36.257343292],[5.082810879,36.257858276],[5.081436157,36.256080627],[5.078043938,36.255565643],[5.084020138,36.250293732],[5.084153175,36.247600555],[5.087333202,36.244510651],[5.08970499,36.244506836],[5.090614796,36.242843628],[5.093543053,36.243534088],[5.095192909,36.24061203],[5.107792854,36.236087799],[5.1064291,36.233104706],[5.109533787,36.233104706],[5.111001015,36.23052597],[5.109741211,36.227836609],[5.107220173,36.228408813],[5.107637882,36.226230621],[5.113293171,36.22227478],[5.115778923,36.223823547],[5.119400978,36.215229034],[5.124413967,36.212711334],[5.124185085,36.211162567],[5.117636204,36.208469391],[5.125119209,36.209846497],[5.134253979,36.216236115],[5.150230885,36.205371857],[5.149600983,36.197467804],[5.15385294,36.201248169],[5.157433987,36.202110291],[5.163300991,36.196781158],[5.164676189,36.186923981],[5.159055233,36.181251526],[5.158298016,36.173805237],[5.161965847,36.169681549],[5.160532951,36.162403107],[5.16603899,36.15404129],[5.167323112,36.147735596],[5.166371822,36.145847321],[5.171075821,36.142921448],[5.174497128,36.137081146],[5.170548916,36.132263184],[5.165494919,36.132034302],[5.163002968,36.123268127],[5.165906906,36.120517731],[5.155772209,36.118572235],[5.154379845,36.116451263],[5.157463074,36.111755371],[5.165513039,36.109176636],[5.165826797,36.105792999],[5.172146797,36.104709625],[5.173854828,36.101150513],[5.176684856,36.099433899],[5.184850216,36.098232269],[5.188029766,36.092674255],[5.193335056,36.091300964],[5.186705112,36.086555481],[5.19929409,36.077716827],[5.189554214,36.074226379],[5.18764019,36.070671082],[5.188286781,36.066833496],[5.183726788,36.053596497],[5.186484814,36.053516388],[5.18590498,36.044406891],[5.176795006,36.02299118],[5.164073944,36.025066376],[5.15408802,36.017616272],[5.155124187,36.016643524],[5.146158218,36.011199951],[5.146261215,36.008850098],[5.141521931,36.008335114],[5.141104221,36.003353119],[5.137071133,36.002719879],[5.136670113,35.999340057],[5.127497196,35.997909546],[5.122042179,35.988452911],[5.128993034,35.989082336],[5.128608227,35.982379913],[5.124620914,35.982089996],[5.12181282,35.979686737],[5.118660927,35.971035004],[5.115838051,35.968894958],[5.120637894,35.96868515],[5.123864174,35.963413239],[5.12196207,35.962154388],[5.123806953,35.955223083],[5.127921104,35.950637817],[5.120788097,35.936313629],[5.115362167,35.930072784],[5.123857975,35.927890778],[5.130413055,35.922447205],[5.130339146,35.901191711],[5.123010159,35.898670197],[5.115402222,35.901306152],[5.117321014,35.895347595],[5.121113777,35.894428253],[5.125555038,35.884860992],[5.123456955,35.883716583],[5.120971203,35.877929688],[5.123239994,35.865097046],[5.124535084,35.864181519],[5.120696068,35.862632751],[5.130819798,35.858448029],[5.134860039,35.854896545],[5.132871151,35.852031708],[5.099358082,35.843322754],[5.086439133,35.844295502],[5.080341816,35.842746735],[5.066092968,35.847278595],[5.056718826,35.848308563],[5.048572063,35.851913452],[5.042355061,35.846931458],[5.035072803,35.84601593],[5.033257008,35.840801239],[5.035966873,35.841144562],[5.037942886,35.837650299],[5.032833099,35.823329926],[5.035686016,35.820175171],[5.034632206,35.818401337],[5.039959908,35.814388275],[5.035376072,35.80739975],[5.037971973,35.805339813],[5.03929615,35.799320221],[5.037817001,35.796913147],[5.037879944,35.791126251],[5.034265995,35.790096283],[5.033846855,35.783622742],[5.017224789,35.777374268],[5.012022972,35.772045135],[5.005589008,35.771987915],[5.004220009,35.768436432],[4.998599052,35.769123077],[4.996931076,35.767635345],[4.997142792,35.764141083],[4.992352009,35.764141083],[4.990858078,35.76184845],[4.989414215,35.772850037],[4.988829136,35.770271301],[4.977342129,35.769695282],[4.976687908,35.7631073],[4.966271877,35.765571594],[4.961030006,35.777145386],[4.960566044,35.787231445],[4.957872868,35.796913147],[4.959162235,35.812957764],[4.944201946,35.819374084],[4.93800211,35.817943573],[4.937503815,35.811981201],[4.932743073,35.810722351],[4.912517071,35.815189362],[4.904747009,35.813873291],[4.903579235,35.812271118],[4.896275043,35.823383331],[4.892034054,35.826591492],[4.891689777,35.831176758],[4.885386944,35.831748962],[4.883790016,35.83776474],[4.878780842,35.839256287],[4.877785206,35.846302032],[4.868697166,35.852203369],[4.867344856,35.855297089],[4.863774776,35.857475281],[4.866486073,35.859996796],[4.848885059,35.870250702],[4.845451832,35.876270294],[4.842403889,35.878330231],[4.831994057,35.87506485],[4.830967903,35.866641998],[4.823197842,35.861999512],[4.817399979,35.86687088],[4.810479164,35.86876297],[4.775745869,35.868362427],[4.761445045,35.861198425],[4.758088112,35.860969543],[4.755188942,35.863376617],[4.752111912,35.861598969],[4.749923229,35.862174988],[4.747082233,35.855869293],[4.742857933,35.854492188],[4.73755312,35.849910736],[4.730809212,35.850543976],[4.726356983,35.855758667],[4.712223053,35.860401154],[4.685489178,35.840858459],[4.677002907,35.840457916],[4.673233032,35.838565826],[4.667756081,35.8409729],[4.659630775,35.839771271],[4.644744873,35.831977844],[4.642830849,35.827392578],[4.644086838,35.824588776],[4.639869213,35.823616028],[4.640957832,35.819202423],[4.623884201,35.818740845],[4.622807026,35.817195892],[4.62366581,35.812610626],[4.611762047,35.801837921],[4.60943985,35.803562164],[4.60544014,35.803272247],[4.604786873,35.804821014],[4.60157299,35.804420471],[4.592726231,35.808773041],[4.581079006,35.832149506],[4.599974155,35.855010986],[4.606191158,35.865497589],[4.600714207,35.874088287],[4.592377186,35.870994568],[4.564805984,35.865497589],[4.554475784,35.859649658],[4.555696011,35.857246399],[4.550895214,35.857875824],[4.551370144,35.855930328],[4.546380043,35.853866577],[4.541348934,35.849224091],[4.536719799,35.850543976],[4.538938046,35.845558167],[4.546127796,35.841487885],[4.546953201,35.834499359],[4.54165411,35.831176758],[4.550384998,35.821495056],[4.552773952,35.81180954],[4.539383888,35.817996979],[4.528892994,35.819770813],[4.493452072,35.810333252],[4.47862196,35.812957764],[4.469334126,35.819255829],[4.459382057,35.822353363],[4.419004917,35.825733185],[4.41892004,35.832435608],[4.416542053,35.835819244],[4.418198109,35.836219788],[4.41481781,35.839485168],[4.413545132,35.844413757],[4.415201187,35.847332001],[4.414955139,35.85105896],[4.42069006,35.854896545],[4.441254139,35.858333588],[4.442421913,35.859539032],[4.438034058,35.869392395],[4.444691181,35.870193481],[4.444766045,35.873058319],[4.461118221,35.886867523],[4.458676815,35.900104523],[4.453835964,35.906291962],[4.456906796,35.907264709],[4.45962286,35.911159515],[4.466211796,35.909614563],[4.468544006,35.913509369],[4.479795933,35.915172577],[4.482725143,35.917865753],[4.497175217,35.916950226],[4.499516964,35.919181824],[4.500429153,35.923023224],[4.508690834,35.928577423],[4.523474216,35.926689148],[4.522809029,35.924739838],[4.525375843,35.921302795],[4.527752876,35.923881531],[4.527604103,35.92628479],[4.531564236,35.929039001],[4.527438641,35.928855896],[4.524572849,35.93516922],[4.521708965,35.934764862],[4.520390987,35.937404633],[4.52278614,35.940952301],[4.519824028,35.942272186],[4.517498016,35.94777298],[4.513456821,35.950294495],[4.514512062,35.95602417],[4.501523018,35.964332581],[4.50005579,35.971149445],[4.50368309,35.969200134],[4.508828163,35.977508545],[4.503993034,35.98513031],[4.499385834,36.000774384],[4.495324135,36.006156921],[4.494177818,36.014007568],[4.490458965,36.015323639],[4.493804932,36.036697388],[4.479339123,36.041221619],[4.472486019,36.042308807],[4.466544151,36.037326813],[4.453750134,36.036121368],[4.444152832,36.032512665],[4.441122055,36.024608612],[4.436720848,36.021224976],[4.426523209,36.018074036],[4.422803879,36.010971069],[4.417802811,36.009483337],[4.415464878,36.006614685],[4.407031059,36.011314392],[4.401054859,36.008163452],[4.392518044,36.006271362],[4.388661861,36.001232147],[4.38631916,35.994068146],[4.375513077,35.995441437],[4.36867094,35.990627289],[4.365972996,35.985816956],[4.359659195,35.987190247],[4.352044106,35.986103058],[4.34952879,35.987651825],[4.344451904,35.98507309],[4.339770794,35.986793518],[4.330030918,35.983699799],[4.315207958,35.990345001],[4.308876991,35.988452911],[4.304597855,35.993724823],[4.303187847,35.991947174],[4.306465149,35.989715576],[4.300312042,35.989944458],[4.296999931,35.993209839],[4.290238857,35.989715576],[4.292846203,35.992752075],[4.29072094,35.994239807],[4.293631077,35.996875763],[4.293750763,36.000259399],[4.289443016,35.999855042],[4.289722919,36.001289368],[4.288268089,36.00094223],[4.288452148,36.002662659],[4.283030987,36.007991791],[4.281036854,36.007190704],[4.28392601,36.003978729],[4.283244133,35.997333527],[4.278802872,36.00151825],[4.280635834,36.002262115],[4.280303955,36.003578186],[4.276391029,36.0027771],[4.274724007,35.99842453],[4.269721985,35.998249054],[4.267830849,36.003463745],[4.264358997,36.000312805],[4.260954857,36.004898071],[4.255952835,36.008163452],[4.245594978,36.000717163],[4.237630844,36.00478363],[4.237716198,36.007591248],[4.235933781,36.008274078],[4.237555981,36.010570526],[4.235929012,36.014122009],[4.22364378,36.020824432],[4.215967178,36.023002625],[4.199775219,36.024261475],[4.187759876,36.02374649],[4.183559895,36.02173996],[4.166738033,36.023227692],[4.140954971,36.017559052],[4.140645981,36.013378143],[4.142003059,36.01348877],[4.144937038,36.007015228],[4.137853146,35.997993469],[4.130029202,35.998996735],[4.124355793,35.993724823],[4.116433144,35.99464035],[4.107763767,35.998020172],[4.100234985,35.998878479],[4.093560219,35.996246338],[4.087554932,35.998821259],[4.086752892,36.001060486],[4.090385914,36.003177643],[4.090517044,36.007530212],[4.087566853,36.005870819],[4.086414814,36.007015228],[4.090013027,36.01039505],[4.092373848,36.019966125],[4.087319851,36.024608612],[4.084433079,36.032115936],[4.078967094,36.032917023],[4.067429066,36.039470673],[4.073402882,36.044776917],[4.084215164,36.04769516],[4.093410015,36.046951294],[4.098074913,36.049015045],[4.107132912,36.05789566],[4.107132912,36.062480927],[4.111173153,36.06293869],[4.138595104,36.082244873],[4.138267994,36.085342407],[4.143958092,36.094337463],[4.138216019,36.097373962],[4.139626026,36.108371735],[4.143675804,36.113014221],[4.142920017,36.118572235],[4.148975849,36.123443604],[4.157307148,36.127109528],[4.155284882,36.129573822],[4.152969837,36.128829956],[4.147304058,36.131408691],[4.15381813,36.13885498],[4.153337002,36.152889252],[4.15795517,36.160797119],[4.166068077,36.167331696],[4.15909481,36.171974182],[4.151881218,36.171741486],[4.1497612,36.174491882],[4.17098999,36.179302216],[4.174026012,36.184406281],[4.184332848,36.189216614],[4.198646069,36.189964294],[4.197793007,36.190994263],[4.212986946,36.194660187],[4.216769218,36.200336456],[4.232250214,36.20646286],[4.230978012,36.212940216],[4.234342098,36.216835022],[4.235177994,36.223484039],[4.262788773,36.236488342],[4.263470173,36.240440369],[4.265790939,36.241298676],[4.266536236,36.247200012],[4.271553993,36.253917694],[4.28762722,36.247314453],[4.30428791,36.246398926],[4.309587955,36.244049072],[4.315488815,36.245311737],[4.320777893,36.24886322],[4.325143814,36.247257233],[4.334768772,36.25006485],[4.336500168,36.249206543],[4.346498013,36.259117126],[4.348445892,36.265136719],[4.355534077,36.271209717],[4.354399204,36.272583008],[4.35695982,36.275447845],[4.357642174,36.28037262],[4.364919186,36.283184052],[4.374903202,36.284072876],[4.371564865,36.27854538],[4.377449036,36.272182465],[4.375564098,36.269374847],[4.380916119,36.24822998],[4.394849777,36.244792938],[4.393943787,36.237747192],[4.39844799,36.222450256],[4.409184933,36.219467163],[4.410222054,36.217521667],[4.423521042,36.221073151],[4.442675114,36.223079681],[4.446644783,36.221530914],[4.462876797,36.221244812],[4.46980381,36.22542572],[4.474737167,36.224685669],[4.484407902,36.226230621],[4.49477911,36.230587006],[4.497872829,36.228637695],[4.505626202,36.228294373],[4.514918804,36.230701447],[4.526692867,36.231269836],[4.525941849,36.235683441],[4.519805908,36.237575531],[4.519134998,36.240726471],[4.521805763,36.247543335],[4.537350178,36.251899719],[4.554488182,36.246627808],[4.561001778,36.250465393],[4.568686008,36.258602142],[4.572902203,36.256084442],[4.576367855,36.257686615],[4.587196827,36.254707336],[4.59916687,36.258430481],[4.611227989,36.256252289],[4.620554924,36.264503479],[4.625333786,36.266738892],[4.620830059,36.270118713],[4.619180202,36.274528503],[4.614000797,36.272525787],[4.604598045,36.27281189],[4.599606991,36.280319214],[4.598621845,36.289199829],[4.605469227,36.300598145],[4.605234146,36.309539795],[4.606832981,36.312805176],[4.605326176,36.313606262],[4.606667042,36.316184998],[4.604632854,36.321456909],[4.611989021,36.327243805],[4.622383118,36.343227386],[4.616230011,36.349533081],[4.615783215,36.352626801],[4.632604122,36.360187531],[4.637629032,36.358066559],[4.652187824,36.360591888],[4.656272888,36.359214783],[4.660599232,36.359958649],[4.666288853,36.364715576],[4.669439793,36.363739014],[4.679541111,36.370445251],[4.67952919,36.37462616],[4.686686039,36.375259399],[4.696311951,36.381214142],[4.700235844,36.385971069],[4.703960896,36.386886597],[4.710279942,36.384483337],[4.713356972,36.386260986],[4.723361015,36.397315979],[4.727657795,36.420864105],[4.729331017,36.422122955],[4.729273796,36.426994324],[4.7307868,36.429447174]]]]},"properties":{"name":"Bordj Bou Arréridj","mapcolor":11,"cartodb_id":11}},{"type":"Feature","geometry":{"type":"MultiPolygon","coordinates":[[[[3.505814075,36.61227417],[3.526038885,36.605167389],[3.533757925,36.603523254],[3.542826891,36.604099274],[3.553231955,36.600429535],[3.563596964,36.602607727],[3.573153973,36.601806641],[3.577385902,36.599384308],[3.577233076,36.591835022],[3.593666077,36.592178345],[3.607811928,36.590232849],[3.616403103,36.586292267],[3.637181997,36.585819244],[3.641845942,36.586734772],[3.644469976,36.589084625],[3.647471905,36.586791992],[3.667864084,36.586219788],[3.680152893,36.58965683],[3.698390961,36.590057373],[3.707551956,36.587478638],[3.714278936,36.58839798],[3.722105026,36.585414886],[3.725406885,36.582237244],[3.723743916,36.579631805],[3.724632025,36.576309204],[3.726226091,36.572124481],[3.730901003,36.567481995],[3.733151913,36.560092926],[3.743792057,36.554363251],[3.748336077,36.55430603],[3.755789995,36.550296783],[3.756887913,36.545196533],[3.759973049,36.545196533],[3.760231018,36.542331696],[3.767111063,36.533794403],[3.77530098,36.532096863],[3.781407118,36.534477234],[3.784801006,36.53219986],[3.790127993,36.531692505],[3.789649963,36.533847809],[3.793283939,36.534698486],[3.791965961,36.535858154],[3.793313026,36.536716461],[3.796883106,36.534828186],[3.796945095,36.533107758],[3.804646015,36.534824371],[3.807487011,36.531394958],[3.808094978,36.525314331],[3.814122915,36.522449493],[3.816203117,36.518325806],[3.815165997,36.514369965],[3.811201096,36.512310028],[3.814639091,36.50944519],[3.815572977,36.502109528],[3.820167065,36.502967834],[3.819783926,36.501304626],[3.824080944,36.500450134],[3.826281071,36.494548798],[3.832892895,36.486122131],[3.839060068,36.488254547],[3.844335079,36.486240387],[3.850821018,36.474147797],[3.848104954,36.470825195],[3.863121986,36.466758728],[3.872014046,36.46818924],[3.877044916,36.471225739],[3.881256104,36.470710754],[3.906339884,36.462127686],[3.91147995,36.457187653],[3.925144911,36.458450317],[3.932020903,36.456790924],[3.938052893,36.452720642],[3.951643944,36.452377319],[3.954583883,36.454727173],[3.96510911,36.457992554],[3.983925104,36.456157684],[3.988106012,36.460514069],[3.99196291,36.461315155],[4.011988163,36.460971832],[4.016159058,36.458335876],[4.017809868,36.459606171],[4.027212143,36.459022522],[4.038596153,36.462120056],[4.04341507,36.465667725],[4.052193165,36.463150024],[4.05625391,36.46389389],[4.060632229,36.460681915],[4.066236019,36.460681915],[4.078960896,36.464523315],[4.082989216,36.46383667],[4.090122223,36.468933105],[4.103013992,36.463607788],[4.112285137,36.465610504],[4.114789009,36.468761444],[4.129747868,36.465438843],[4.13796711,36.466545105],[4.144943237,36.469394684],[4.162405968,36.468704224],[4.166954994,36.46572876],[4.166544914,36.459815979],[4.182723999,36.459136963],[4.206443787,36.471343994],[4.231614113,36.479305267],[4.236770153,36.473922729],[4.237842083,36.466186523],[4.24151516,36.46257782],[4.242150784,36.458621979],[4.248848915,36.458164215],[4.270191193,36.462059021],[4.297812939,36.461601257],[4.306252956,36.466358185],[4.313043118,36.465614319],[4.332157135,36.467388153],[4.335702896,36.477016449],[4.341771126,36.478214264],[4.34450388,36.473922729],[4.353796959,36.471511841],[4.362100124,36.465900421],[4.364918232,36.466587067],[4.366425991,36.454841614],[4.372274876,36.442520142],[4.375535011,36.442462921],[4.394512177,36.434158325],[4.394678116,36.429515839],[4.392035961,36.425792694],[4.395005226,36.421035767],[4.395962238,36.414733887],[4.393125057,36.400009155],[4.391149044,36.398406982],[4.38979578,36.390327454],[4.386720181,36.384254456],[4.387922764,36.379440308],[4.377769947,36.3777771],[4.375037193,36.373939514],[4.380158901,36.37153244],[4.387378216,36.364356995],[4.369456768,36.354633331],[4.355034828,36.354175568],[4.351327896,36.346092224],[4.353510857,36.343914032],[4.35355711,36.334350586],[4.358099937,36.331882477],[4.361302853,36.32535553],[4.367026806,36.32598114],[4.369369984,36.324493408],[4.369679928,36.323230743],[4.364563942,36.320426941],[4.365394115,36.316589355],[4.370275021,36.318473816],[4.374434948,36.318077087],[4.373580933,36.309825897],[4.374711037,36.308395386],[4.386216164,36.306671143],[4.376926899,36.304786682],[4.371044159,36.297676086],[4.37313509,36.291893005],[4.376852989,36.288684845],[4.374903202,36.284072876],[4.364919186,36.283184052],[4.357642174,36.28037262],[4.35695982,36.275447845],[4.354399204,36.272583008],[4.355534077,36.271209717],[4.348445892,36.265136719],[4.346498013,36.259117126],[4.336500168,36.249206543],[4.334768772,36.25006485],[4.325143814,36.247257233],[4.320777893,36.24886322],[4.315488815,36.245311737],[4.309587955,36.244049072],[4.30428791,36.246398926],[4.28762722,36.247314453],[4.271553993,36.253917694],[4.266536236,36.247200012],[4.265790939,36.241298676],[4.263470173,36.240440369],[4.262788773,36.236488342],[4.235177994,36.223484039],[4.234342098,36.216835022],[4.230978012,36.212940216],[4.232250214,36.20646286],[4.216769218,36.200336456],[4.212986946,36.194660187],[4.197793007,36.190994263],[4.198646069,36.189964294],[4.184332848,36.189216614],[4.174026012,36.184406281],[4.17098999,36.179302216],[4.149377823,36.174091339],[4.152877808,36.171340942],[4.160933971,36.171340942],[4.166068077,36.167331696],[4.15795517,36.160797119],[4.153337002,36.152889252],[4.15381813,36.13885498],[4.147304058,36.131408691],[4.152969837,36.128829956],[4.155284882,36.129573822],[4.157307148,36.127109528],[4.148975849,36.123443604],[4.142920017,36.118572235],[4.143675804,36.113014221],[4.139626026,36.108371735],[4.138216019,36.097373962],[4.143958092,36.094337463],[4.138267994,36.085342407],[4.1390481,36.082992554],[4.111173153,36.06293869],[4.107132912,36.062480927],[4.107132912,36.05789566],[4.098074913,36.049015045],[4.093410015,36.046951294],[4.084215164,36.04769516],[4.073402882,36.044776917],[4.064053059,36.036064148],[4.062116146,36.035896301],[4.065926075,36.030162811],[4.060964108,36.021167755],[4.064940929,36.021343231],[4.067932129,36.015213013],[4.057114124,36.010570526],[4.058139801,36.007476807],[4.04843998,35.995269775],[4.0478549,35.986160278],[4.041855812,35.976249695],[4.042463779,35.974071503],[4.044611931,35.973560333],[4.04177618,35.971893311],[4.041460991,35.969490051],[4.043260098,35.967597961],[4.042336941,35.964733124],[4.043511868,35.961521149],[4.042229176,35.959579468],[4.043392181,35.958374023],[4.04171896,35.957111359],[4.04292202,35.956539154],[4.040641785,35.954475403],[4.04139185,35.951900482],[4.037942886,35.950866699],[4.038538933,35.948230743],[4.034448147,35.945365906],[4.033881187,35.940097809],[4.031938076,35.940101624],[4.028220177,35.935279846],[4.028306007,35.924339294],[4.024289131,35.923652649],[4.02059412,35.920558929],[4.018084049,35.921127319],[4.014807224,35.916721344],[4.013925076,35.913795471],[4.015604019,35.914600372],[4.015007019,35.911102295],[4.017252922,35.906806946],[4.013655186,35.906406403],[4.018364906,35.903194427],[4.017557144,35.901252747],[4.020925999,35.901077271],[4.022111893,35.896896362],[4.028684139,35.893802643],[4.029355049,35.892654419],[4.026597977,35.890018463],[4.032361984,35.88835907],[4.032075882,35.88337326],[4.035461903,35.881824493],[4.031813145,35.876724243],[4.037375927,35.874317169],[4.03403616,35.869274139],[4.035416126,35.865955353],[4.033782959,35.859767914],[3.98449111,35.868877411],[3.965744972,35.877696991],[3.940218925,35.893398285],[3.933252096,35.892139435],[3.92780304,35.887783051],[3.923707008,35.891391754],[3.913525105,35.896148682],[3.904299974,35.890304565],[3.900459528,35.890190125],[3.900002956,35.886810303],[3.892853022,35.878444672],[3.893300056,35.873001099],[3.867007017,35.864177704],[3.861042023,35.860401154],[3.857645035,35.861660004],[3.855307102,35.860740662],[3.852900028,35.858448029],[3.854377985,35.856040955],[3.851152897,35.854095459],[3.852024078,35.849967957],[3.846105099,35.853694916],[3.845412016,35.852375031],[3.842592955,35.853462219],[3.840936899,35.857131958],[3.843372107,35.858509064],[3.83979702,35.862228394],[3.830514908,35.865955353],[3.820975065,35.863948822],[3.821526051,35.861660004],[3.819709063,35.862060547],[3.818598032,35.859020233],[3.819696903,35.857131958],[3.813848019,35.852378845],[3.810340881,35.859996796],[3.805986881,35.860054016],[3.803884029,35.862861633],[3.802073002,35.861660004],[3.80031991,35.864292145],[3.802514076,35.866127014],[3.799408913,35.867275238],[3.797580957,35.865097046],[3.797410011,35.86812973],[3.794848919,35.869564056],[3.791548014,35.868244171],[3.792784929,35.875865936],[3.798904896,35.880393982],[3.800503016,35.884056091],[3.798382998,35.884059906],[3.79806304,35.891563416],[3.79321003,35.891277313],[3.777362108,35.89786911],[3.773315907,35.89781189],[3.774269104,35.902210236],[3.768709898,35.903255463],[3.760179043,35.897521973],[3.756155968,35.896720886],[3.752007961,35.90096283],[3.747160912,35.900905609],[3.744405031,35.905147552],[3.742954969,35.905147552],[3.743963957,35.906692505],[3.739444017,35.911907196],[3.736320972,35.911678314],[3.73033905,35.91493988],[3.727904081,35.922103882],[3.719361067,35.931728363],[3.716702938,35.937171936],[3.709902048,35.935569763],[3.701925993,35.937690735],[3.643584967,35.944107056],[3.632426023,35.934310913],[3.636739016,35.929737091],[3.636092901,35.92754364],[3.637387991,35.927776337],[3.635325909,35.925369263],[3.637113094,35.924167633],[3.636569023,35.922161102],[3.633475065,35.92181778],[3.635200024,35.917236328],[3.632586956,35.913394928],[3.628186941,35.913909912],[3.621929884,35.911792755],[3.617839098,35.912765503],[3.620325089,35.916603088],[3.606195927,35.934597015],[3.58821702,35.948459625],[3.585530043,35.954647064],[3.59217,35.961753845],[3.582669973,35.967140198],[3.575457096,35.967136383],[3.576024055,35.968860626],[3.573056936,35.969257355],[3.567584991,35.974643707],[3.568615913,35.979801178],[3.564949036,35.989311218],[3.565687895,35.993724823],[3.564323902,35.99653244],[3.560750008,35.998138428],[3.562325001,36.000774384],[3.561745882,36.003063202],[3.553884983,36.008678436],[3.558423996,36.010169983],[3.552526951,36.016643524],[3.52325511,36.025520325],[3.521174908,36.023460388],[3.511245012,36.022602081],[3.495213985,36.031368256],[3.489674091,36.030567169],[3.485371113,36.033718109],[3.467236996,36.033599854],[3.45814395,36.041564941],[3.441453934,36.038986206],[3.440485954,36.034404755],[3.437844038,36.032798767],[3.434331894,36.034515381],[3.42950201,36.033370972],[3.419847012,36.0350914],[3.41260004,36.037899017],[3.410526037,36.041793823],[3.406457901,36.042140961],[3.40337491,36.04454422],[3.404246092,36.056980133],[3.397525072,36.065628052],[3.403558969,36.06734848],[3.407958984,36.066661835],[3.409712076,36.066318512],[3.41042304,36.06293869],[3.412879944,36.061508179],[3.431088924,36.059329987],[3.43629694,36.062988281],[3.445899963,36.064483643],[3.454849005,36.081787109],[3.463576078,36.084079742],[3.465832949,36.086025238],[3.465656042,36.088951111],[3.467432022,36.090953827],[3.472371101,36.094509125],[3.478013992,36.095939636],[3.482037067,36.101150513],[3.489485025,36.100177765],[3.493294954,36.106712341],[3.495341063,36.106941223],[3.500858068,36.114162445],[3.509331942,36.118743896],[3.501552105,36.126480103],[3.498011112,36.138111115],[3.499166965,36.146591187],[3.497919083,36.148193359],[3.487679958,36.148651123],[3.478765011,36.159481049],[3.482769012,36.164295197],[3.483330965,36.172489166],[3.488796949,36.178272247],[3.490293026,36.192424774],[3.511869907,36.200675964],[3.525043011,36.200447083],[3.527190924,36.198726654],[3.533924103,36.202568054],[3.538271904,36.202110291],[3.544482946,36.206977844],[3.553960085,36.205043793],[3.558727026,36.207607269],[3.555696011,36.210647583],[3.55763793,36.21339798],[3.555546999,36.218097687],[3.559658766,36.219730377],[3.566931009,36.228580475],[3.567018032,36.231960297],[3.570002079,36.234996796],[3.568002939,36.238834381],[3.552326918,36.257053375],[3.551903009,36.260551453],[3.549398899,36.262382507],[3.549004078,36.270462036],[3.545095921,36.269317627],[3.540524006,36.273612976],[3.535624981,36.271839142],[3.533740044,36.27281189],[3.533981085,36.274417877],[3.522808075,36.275104523],[3.517576933,36.277339935],[3.532073021,36.279346466],[3.535687923,36.281578064],[3.537321091,36.285015106],[3.538227081,36.295326233],[3.542443037,36.300483704],[3.54211092,36.304325104],[3.546201944,36.307476044],[3.545257092,36.314350128],[3.547228098,36.317153931],[3.536909103,36.319736481],[3.539659023,36.326099396],[3.553925991,36.332855225],[3.558326006,36.337554932],[3.569377899,36.334003448],[3.566800117,36.337211609],[3.576694012,36.338298798],[3.580550909,36.340934753],[3.585891008,36.349018097],[3.591322899,36.348613739],[3.590337038,36.354690552],[3.583684921,36.359844208],[3.57753706,36.361160278],[3.572952986,36.36643219],[3.568048,36.368782043],[3.565350056,36.373882294],[3.552269936,36.386486053],[3.549720049,36.38992691],[3.551781893,36.393531799],[3.544661045,36.403072357],[3.547904015,36.405906677],[3.547245026,36.406711578],[3.549335957,36.405967712],[3.555375099,36.409694672],[3.55796504,36.409461975],[3.564182043,36.414161682],[3.565459013,36.417942047],[3.562954903,36.421913147],[3.566174984,36.429344177],[3.565057993,36.43094635],[3.556830883,36.430145264],[3.553421021,36.431293488],[3.550270081,36.430145264],[3.548413992,36.431118011],[3.543945074,36.428596497],[3.537321091,36.433238983],[3.535063982,36.437534332],[3.5260849,36.443325043],[3.517788887,36.445960999],[3.510036945,36.444068909],[3.505383968,36.447849274],[3.505716085,36.451519012],[3.501636982,36.457416534],[3.49001193,36.453697205],[3.484808922,36.449226379],[3.476501942,36.44739151],[3.476267099,36.445270538],[3.484517097,36.442405701],[3.48517108,36.439258575],[3.483072996,36.43478775],[3.478133917,36.433071136],[3.46894002,36.435314178],[3.465400934,36.434207916],[3.461752892,36.42963028],[3.455467939,36.42905426],[3.454684019,36.428081512],[3.456413984,36.425392151],[3.451142073,36.422756195],[3.447916985,36.41897583],[3.448765039,36.414386749],[3.447520971,36.412097931],[3.441838026,36.412044525],[3.438709021,36.414848328],[3.428320885,36.412784576],[3.427755117,36.411354065],[3.43442297,36.409118652],[3.434355021,36.406196594],[3.43186307,36.402988434],[3.425828934,36.401039124],[3.422327995,36.406253815],[3.417287111,36.406738281],[3.418656111,36.409175873],[3.41347599,36.415882111],[3.405838966,36.4164505],[3.406296968,36.417369843],[3.402235031,36.418800354],[3.393296957,36.432495117],[3.377151012,36.433128357],[3.37699604,36.438285828],[3.374423027,36.441947937],[3.373231888,36.454093933],[3.371221066,36.453235626],[3.360208988,36.455699921],[3.3688941,36.462825775],[3.366492987,36.4650383],[3.363739014,36.464969635],[3.359657049,36.472572327],[3.347929955,36.471797943],[3.346657991,36.470424652],[3.334424973,36.477851868],[3.328598022,36.479682922],[3.31302309,36.495815277],[3.301491022,36.494010925],[3.29872489,36.497848511],[3.294220924,36.513511658],[3.296426058,36.522678375],[3.306808949,36.526920319],[3.306471109,36.530643463],[3.302649021,36.530700684],[3.300689936,36.533046722],[3.297749996,36.544338226],[3.307960987,36.549781799],[3.310343981,36.554992676],[3.313635111,36.556072235],[3.313649893,36.558029175],[3.32190609,36.5586586],[3.326060057,36.56244278],[3.332139015,36.564277649],[3.339237928,36.56375885],[3.349621058,36.559120178],[3.353962898,36.56370163],[3.356914043,36.560264587],[3.364706039,36.556827545],[3.373249054,36.556255341],[3.379865885,36.551784515],[3.387104034,36.555271149],[3.402343988,36.555164337],[3.409919024,36.547950745],[3.416855097,36.564537048],[3.420237064,36.566051483],[3.44968009,36.565658569],[3.461885929,36.570831299],[3.463186026,36.572647095],[3.461755037,36.574840546],[3.465488911,36.577224731],[3.472645998,36.57705307],[3.475958109,36.574821472],[3.479212046,36.579059601],[3.474204063,36.586620331],[3.483612061,36.587020874],[3.48418498,36.589508057],[3.490372896,36.592178345],[3.490780115,36.597679138],[3.488121033,36.599227905],[3.492692947,36.602321625],[3.492115021,36.607765198],[3.495438099,36.608047485],[3.499095917,36.612575531],[3.505814075,36.61227417]]]]},"properties":{"name":"Bouira","mapcolor":12,"cartodb_id":12}},{"type":"Feature","geometry":{"type":"MultiPolygon","coordinates":[[[[3.918195009,36.918750763],[3.919028997,36.91569519],[3.915416002,36.914859772],[3.917639017,36.913471222],[3.916250944,36.911804199],[3.920973063,36.9090271],[3.922638893,36.90625],[3.927083015,36.905971527],[3.929008961,36.904258728],[3.932640076,36.90486145],[3.946250916,36.898471832],[3.95875001,36.897361755],[3.961806059,36.898750305],[3.965415955,36.897361755],[3.966527939,36.899581909],[3.969860077,36.899860382],[3.973195076,36.902915955],[3.975972891,36.900138855],[3.985693932,36.899307251],[3.987083912,36.900695801],[3.993194103,36.900417328],[3.995415926,36.902637482],[3.998472929,36.901248932],[4.000973225,36.903751373],[4.002638817,36.902084351],[4.012916088,36.903194427],[4.015694141,36.901248932],[4.034408092,36.900138855],[4.035634041,36.887882233],[4.033171177,36.882434845],[4.036584854,36.868000031],[4.032998085,36.861984253],[4.033227921,36.855396271],[4.034154892,36.85338974],[4.039724827,36.852127075],[4.036973953,36.851902008],[4.033456802,36.848865509],[4.035840034,36.846916199],[4.032586098,36.844108582],[4.013339996,36.837688446],[4.014326096,36.832305908],[4.012887001,36.831161499],[4.012876034,36.823898315],[4.009667873,36.823539734],[4.010503769,36.820560455],[4.000655174,36.815689087],[3.991430044,36.807956696],[3.983833075,36.809158325],[3.973541975,36.808185577],[3.978579044,36.805831909],[3.981358051,36.802627563],[3.977009058,36.796665192],[3.971898079,36.779937744],[3.966638088,36.775814056],[3.933773994,36.769165039],[3.928026915,36.770542145],[3.925219059,36.775753021],[3.921432018,36.770885468],[3.922101974,36.767044067],[3.915949106,36.756961823],[3.917896986,36.753635406],[3.916034937,36.752490997],[3.906970978,36.754039764],[3.898113012,36.759483337],[3.895768881,36.76234436],[3.892740965,36.772140503],[3.886567116,36.770256042],[3.884223938,36.767272949],[3.873166084,36.766471863],[3.866173029,36.762180328],[3.869534016,36.75604248],[3.869257927,36.753810883],[3.867001057,36.752490997],[3.868668079,36.747623444],[3.864439964,36.745384216],[3.861999035,36.741546631],[3.857306004,36.740345001],[3.856395006,36.736103058],[3.853461981,36.733013153],[3.85371995,36.73072052],[3.848747015,36.727451324],[3.850752115,36.722126007],[3.845491886,36.716510773],[3.846374989,36.70671463],[3.84869504,36.701843262],[3.853971958,36.698291779],[3.858537912,36.69846344],[3.864090919,36.692276001],[3.863740921,36.685455322],[3.871699095,36.684597015],[3.877909899,36.67565918],[3.882688046,36.672786713],[3.875125885,36.672908783],[3.87539506,36.674514771],[3.872656107,36.67382431],[3.871401072,36.675144196],[3.869069099,36.672103882],[3.860096931,36.671936035],[3.852952003,36.677436829],[3.842850924,36.679782867],[3.832932949,36.687465668],[3.817830086,36.68585968],[3.819498062,36.682994843],[3.818649054,36.68012619],[3.820976019,36.676860809],[3.813159943,36.678237915],[3.811039925,36.67640686],[3.820460081,36.671245575],[3.817101955,36.657039642],[3.828743935,36.64276886],[3.826184034,36.636295319],[3.813172102,36.634922028],[3.806061983,36.636699677],[3.802479982,36.634922028],[3.789422989,36.640991211],[3.786648989,36.643569946],[3.792115927,36.650104523],[3.787652016,36.658870697],[3.784586906,36.659389496],[3.782742023,36.658412933],[3.784735918,36.655033112],[3.783710003,36.652454376],[3.774480104,36.651473999],[3.771512032,36.645809174],[3.763513088,36.649589539],[3.756586075,36.650276184],[3.755057096,36.648902893],[3.748472929,36.648960114],[3.737169027,36.650676727],[3.736222982,36.647586823],[3.731071949,36.646091461],[3.728712082,36.647697449],[3.724575043,36.64655304],[3.722656012,36.648330688],[3.716330051,36.647926331],[3.719845057,36.64245224],[3.718408108,36.640830994],[3.721065998,36.638477325],[3.72154808,36.631507874],[3.726118088,36.628879547],[3.727691889,36.626213074],[3.72636795,36.624778748],[3.728281975,36.62254715],[3.727227926,36.621570587],[3.734076023,36.614372253],[3.734611988,36.609912872],[3.737801075,36.603988647],[3.737982988,36.601268768],[3.734697104,36.60017395],[3.733746052,36.598110199],[3.734337091,36.592693329],[3.732455015,36.585533142],[3.730093956,36.583759308],[3.726664066,36.584323883],[3.725406885,36.582237244],[3.722105026,36.585414886],[3.714278936,36.58839798],[3.707551956,36.587478638],[3.698390961,36.590057373],[3.680152893,36.58965683],[3.667864084,36.586219788],[3.647471905,36.586791992],[3.644469976,36.589084625],[3.641845942,36.586734772],[3.637181997,36.585819244],[3.616403103,36.586292267],[3.607811928,36.590232849],[3.593666077,36.592178345],[3.577233076,36.591835022],[3.577385902,36.599384308],[3.571698904,36.602146149],[3.563596964,36.602607727],[3.553231955,36.600429535],[3.542826891,36.604099274],[3.533757925,36.603523254],[3.522181988,36.606132507],[3.515459061,36.609931946],[3.50664711,36.611141205],[3.505089045,36.612728119],[3.499095917,36.612575531],[3.495438099,36.608047485],[3.492115021,36.607765198],[3.492692947,36.602321625],[3.488121033,36.599227905],[3.490780115,36.597679138],[3.490716934,36.592464447],[3.48418498,36.589508057],[3.483612061,36.587020874],[3.474204063,36.586620331],[3.479212046,36.579059601],[3.475958109,36.574821472],[3.472645998,36.57705307],[3.465488911,36.577224731],[3.461755037,36.574840546],[3.463186026,36.572647095],[3.461885929,36.570831299],[3.44968009,36.565658569],[3.420237064,36.566051483],[3.416855097,36.564537048],[3.409919024,36.547950745],[3.402343988,36.555164337],[3.387104034,36.555271149],[3.379865885,36.551784515],[3.373249054,36.556255341],[3.364706039,36.556827545],[3.356914043,36.560264587],[3.353962898,36.56370163],[3.349621058,36.559120178],[3.339237928,36.56375885],[3.331371069,36.564159393],[3.326060057,36.56244278],[3.32190609,36.5586586],[3.313649893,36.558029175],[3.313518047,36.555908203],[3.309851885,36.553646088],[3.303519964,36.552947998],[3.287596941,36.558563232],[3.286520004,36.561714172],[3.281976938,36.564403534],[3.287700891,36.566696167],[3.291929007,36.575119019],[3.300661087,36.580223083],[3.295979977,36.583545685],[3.287201881,36.585075378],[3.289231062,36.592922211],[3.292324066,36.595619202],[3.283261061,36.606388092],[3.283497095,36.608306885],[3.280246019,36.60925293],[3.278654099,36.613609314],[3.287254095,36.621398926],[3.293940067,36.622375488],[3.297441006,36.62134552],[3.296535969,36.623691559],[3.297818899,36.62575531],[3.303123951,36.627414703],[3.304678917,36.631874084],[3.291524887,36.633113861],[3.2851789,36.631256104],[3.286233902,36.633773804],[3.284749985,36.637557983],[3.275702953,36.635608673],[3.273840904,36.631656647],[3.275053978,36.626285553],[3.272356987,36.622032166],[3.270378113,36.620361328],[3.264518023,36.620361328],[3.261914968,36.61882782],[3.258862972,36.620597839],[3.258708954,36.622776031],[3.263390064,36.628505707],[3.243422985,36.658870697],[3.240362883,36.660015106],[3.237927914,36.667808533],[3.228984118,36.667579651],[3.226423502,36.669868469],[3.259882927,36.690670013],[3.260478973,36.693992615],[3.255764008,36.698177338],[3.253633022,36.706943512],[3.256973028,36.715251923],[3.253298998,36.716949463],[3.243541956,36.715820312],[3.241571903,36.718002319],[3.255438089,36.720348358],[3.268574953,36.70602417],[3.272986889,36.698978424],[3.315522909,36.712726593],[3.317346096,36.714447021],[3.317298889,36.718803406],[3.336918116,36.720581055],[3.350564957,36.724189758],[3.369678974,36.72441864],[3.382942915,36.726593018],[3.385482073,36.734615326],[3.379609108,36.737598419],[3.38218689,36.76607132],[3.376492023,36.76607132],[3.350421906,36.758110046],[3.360322952,36.779819489],[3.362253904,36.781082153],[3.399028063,36.772914886],[3.401527882,36.774307251],[3.40652895,36.773471832],[3.412638903,36.770694733],[3.414582968,36.771526337],[3.414582968,36.77041626],[3.418195963,36.769859314],[3.436527014,36.769306183],[3.449028015,36.767082214],[3.475415945,36.766803741],[3.476249933,36.768749237],[3.485137939,36.767360687],[3.49930501,36.769306183],[3.516804934,36.778194427],[3.514307022,36.782081604],[3.51708293,36.784862518],[3.521249056,36.786529541],[3.525970936,36.785694122],[3.534306049,36.787361145],[3.537359953,36.787361145],[3.538193941,36.785972595],[3.546251059,36.786529541],[3.549304962,36.790416718],[3.558471918,36.793193817],[3.560693979,36.79486084],[3.561249971,36.799304962],[3.558471918,36.802360535],[3.558471918,36.805416107],[3.574027061,36.803749084],[3.594861031,36.810417175],[3.603749037,36.811527252],[3.612639904,36.815971375],[3.625416994,36.817081451],[3.631526947,36.820137024],[3.632360935,36.82208252],[3.642362118,36.824028015],[3.643471956,36.826805115],[3.664305925,36.839027405],[3.685971022,36.84375],[3.692640066,36.849582672],[3.692084074,36.852085114],[3.69569397,36.851806641],[3.695971966,36.854305267],[3.700973034,36.854026794],[3.704029083,36.856803894],[3.707916975,36.857639313],[3.717083931,36.865970612],[3.721250057,36.873474121],[3.717361927,36.877918243],[3.71875,36.879581451],[3.722362041,36.879859924],[3.734304905,36.886249542],[3.756251097,36.891803741],[3.760694981,36.890972137],[3.762917042,36.893470764],[3.769305944,36.895137787],[3.790694952,36.898193359],[3.799861908,36.901527405],[3.832638025,36.907360077],[3.849026918,36.913471222],[3.852083921,36.912361145],[3.85374999,36.909305573],[3.855416059,36.912361145],[3.869026899,36.912639618],[3.876527071,36.920139313],[3.87986207,36.919303894],[3.887360096,36.922637939],[3.89347291,36.923473358],[3.898195028,36.920696259],[3.90208292,36.92124939],[3.904861927,36.91847229],[3.909028053,36.918193817],[3.923194885,36.923473358],[3.922360897,36.92124939],[3.918195009,36.918750763]]]]},"properties":{"name":"Boumerdès","mapcolor":13,"cartodb_id":13}},{"type":"Feature","geometry":{"type":"MultiPolygon","coordinates":[[[[1.658195019,36.555137634],[1.665694952,36.554027557],[1.666249037,36.552082062],[1.670418024,36.550971985],[1.687361002,36.55291748],[1.693194985,36.550971985],[1.696805,36.55291748],[1.694391012,36.548175812],[1.696607947,36.545768738],[1.696671009,36.542728424],[1.689435005,36.538036346],[1.690621018,36.533447266],[1.688421011,36.529327393],[1.680948973,36.52640152],[1.680513978,36.521247864],[1.671959996,36.512252808],[1.674813032,36.506004333],[1.675081968,36.498615265],[1.673398018,36.494716644],[1.670205951,36.494319916],[1.668001056,36.492080688],[1.670148969,36.490364075],[1.675191045,36.490535736],[1.675873041,36.488758087],[1.671792984,36.488529205],[1.67198205,36.487155914],[1.668092012,36.484119415],[1.663480043,36.484405518],[1.657130957,36.480854034],[1.653985977,36.481826782],[1.655550003,36.477302551],[1.654690981,36.473178864],[1.652261019,36.473232269],[1.651872039,36.477359772],[1.644240022,36.475063324],[1.644544005,36.472946167],[1.648360014,36.472831726],[1.646486044,36.470600128],[1.648599982,36.468017578],[1.646692038,36.464179993],[1.648553967,36.461601257],[1.645094037,36.46062851],[1.644137025,36.457248688],[1.640264034,36.456214905],[1.638509989,36.447967529],[1.635365009,36.447162628],[1.628352046,36.4492836],[1.626718998,36.448192596],[1.628363013,36.442920685],[1.624307036,36.441490173],[1.624735951,36.436222076],[1.620759964,36.428771973],[1.615913033,36.427108765],[1.613718033,36.420806885],[1.608631015,36.425849915],[1.602115989,36.424301147],[1.592049003,36.4164505],[1.581998944,36.41828537],[1.577713966,36.410263062],[1.571176052,36.408256531],[1.571400046,36.40568161],[1.564805031,36.405796051],[1.562214971,36.402584076],[1.55478406,36.403446198],[1.552206039,36.397773743],[1.546658993,36.398460388],[1.541463017,36.39238739],[1.537405968,36.393707275],[1.536568999,36.387458801],[1.530737042,36.382133484],[1.528524995,36.382472992],[1.530318975,36.37651825],[1.529047012,36.368839264],[1.533779979,36.364768982],[1.530846,36.359043121],[1.536008,36.353199005],[1.534695983,36.350387573],[1.53124702,36.348327637],[1.531916976,36.346492767],[1.533177972,36.345230103],[1.538243055,36.346321106],[1.538148999,36.340934753],[1.536036968,36.341968536],[1.535326004,36.340820312],[1.540191054,36.335666656],[1.539623976,36.33291626],[1.543388009,36.329879761],[1.544275999,36.330566406],[1.550618052,36.321056366],[1.557322025,36.317504883],[1.563452959,36.308105469],[1.56657505,36.298995972],[1.577484965,36.297794342],[1.58179903,36.294471741],[1.590491056,36.295787811],[1.591035008,36.28937149],[1.59781301,36.290405273],[1.602877975,36.28553009],[1.595119953,36.284328461],[1.596168995,36.281978607],[1.594506979,36.280319214],[1.594861984,36.275505066],[1.590430975,36.271156311],[1.581197023,36.266166687],[1.58220005,36.259235382],[1.580222964,36.253959656],[1.556084991,36.250465393],[1.545691013,36.240211487],[1.55478406,36.238033295],[1.561859965,36.231674194],[1.568186045,36.235569],[1.569262981,36.239578247],[1.57160604,36.240779877],[1.58156395,36.24187088],[1.58059001,36.237686157],[1.585574985,36.234367371],[1.590101004,36.240093231],[1.59394002,36.241470337],[1.590862989,36.238262177],[1.591516018,36.236545563],[1.594421029,36.235569],[1.599858999,36.236942291],[1.60275805,36.23115921],[1.607571006,36.227947235],[1.610131979,36.229724884],[1.606029034,36.234939575],[1.605748057,36.240268707],[1.607565045,36.241127014],[1.612974048,36.237922668],[1.62450099,36.235858917],[1.619706035,36.222045898],[1.620862961,36.217464447],[1.633170009,36.219467163],[1.634017944,36.210933685],[1.628047943,36.206176758],[1.627491951,36.203083038],[1.61213696,36.199016571],[1.604104042,36.192424774],[1.601091981,36.185501099],[1.583477974,36.189731598],[1.584015965,36.188816071],[1.569594979,36.185150146],[1.56812799,36.179592133],[1.570276976,36.175979614],[1.575410008,36.173862457],[1.578979969,36.174949646],[1.580371976,36.173633575],[1.579632998,36.169906616],[1.584136963,36.168647766],[1.586881042,36.165782928],[1.584715009,36.161945343],[1.584727049,36.157363892],[1.575685978,36.161369324],[1.569154024,36.160396576],[1.56983602,36.151172638],[1.577754021,36.154724121],[1.578940034,36.151802063],[1.569841027,36.145671844],[1.578526974,36.141548157],[1.588606,36.131923676],[1.58713901,36.129055023],[1.583683968,36.127967834],[1.582795978,36.124816895],[1.595126033,36.124763489],[1.602316976,36.118457794],[1.615586042,36.124988556],[1.624032021,36.119716644],[1.632804036,36.124874115],[1.64052999,36.125389099],[1.63429296,36.109916687],[1.629204988,36.10464859],[1.629389048,36.10338974],[1.632145047,36.103443146],[1.626507044,36.094795227],[1.629727006,36.087631226],[1.628254056,36.082820892],[1.632745981,36.079380035],[1.634161949,36.07554245],[1.637995005,36.074169159],[1.637827992,36.070785522],[1.643759012,36.067691803],[1.651538968,36.057437897],[1.653103948,36.052223206],[1.655074954,36.051193237],[1.653807998,36.049816132],[1.655601978,36.041278839],[1.65663898,36.039791107],[1.660472035,36.041625977],[1.658689976,36.036754608],[1.668333054,36.036239624],[1.672315001,36.034118652],[1.668555975,36.028675079],[1.65971601,36.022602081],[1.660820961,36.02053833],[1.662688971,36.019794464],[1.676313996,36.023517609],[1.680634022,36.022373199],[1.690111041,36.011428833],[1.694121003,36.011657715],[1.694671988,36.009822845],[1.704252005,36.006904602],[1.702466011,36.003463745],[1.708542943,35.992523193],[1.70855999,35.987651825],[1.717951059,35.990283966],[1.721302986,35.985301971],[1.721137047,35.979171753],[1.714272976,35.973613739],[1.713482022,35.970405579],[1.705047965,35.967025757],[1.711156011,35.956996918],[1.712558985,35.9516716],[1.718093991,35.948749542],[1.701519012,35.937004089],[1.709264994,35.929664612],[1.707082033,35.922847748],[1.709128022,35.917118073],[1.706748962,35.915916443],[1.705168009,35.9180336],[1.696962953,35.919239044],[1.694401979,35.922218323],[1.69116497,35.920444489],[1.687785029,35.924167633],[1.68502295,35.922447205],[1.684231997,35.925540924],[1.678732038,35.930297852],[1.675127983,35.929153442],[1.671242952,35.93006897],[1.66850996,35.935626984],[1.671116948,35.937114716],[1.67047596,35.938777924],[1.666030049,35.935798645],[1.665187001,35.93327713],[1.663004041,35.937290192],[1.657292008,35.936828613],[1.653923035,35.939979553],[1.648502946,35.939464569],[1.645717978,35.942905426],[1.645895958,35.946456909],[1.641775966,35.945194244],[1.640807986,35.949836731],[1.634070039,35.950809479],[1.629508972,35.955509186],[1.630094051,35.958946228],[1.624140978,35.960380554],[1.62499404,35.963012695],[1.621711016,35.961582184],[1.621459007,35.96364212],[1.618101954,35.962501526],[1.61795795,35.964904785],[1.613667011,35.968284607],[1.614698052,35.969776154],[1.620347977,35.97057724],[1.616112947,35.97372818],[1.615579963,35.977565765],[1.61303699,35.979400635],[1.615579963,35.981578827],[1.614292026,35.983985901],[1.615638018,35.986675262],[1.591424942,35.995441437],[1.591640949,35.997802734],[1.588588953,35.99848175],[1.590914965,36.004669189],[1.582481027,36.00592804],[1.579501987,36.008045197],[1.580934048,36.016643524],[1.57013905,36.013320923],[1.565544009,36.014461517],[1.566776037,36.017673492],[1.56222105,36.019390106],[1.566288948,36.02747345],[1.568999052,36.028961182],[1.568655014,36.035205841],[1.553192854,36.029911041],[1.552641034,36.025867462],[1.554360032,36.021911621],[1.552091002,36.017044067],[1.545140982,36.01108551],[1.544814944,36.006614685],[1.540621042,35.99716568],[1.527946949,35.990341187],[1.526772022,35.983638763],[1.521265984,35.987480164],[1.510568976,35.990055084],[1.511914968,35.987308502],[1.507789969,35.984615326],[1.511811972,35.982318878],[1.510957956,35.980716705],[1.515347004,35.972465515],[1.517289996,35.971435547],[1.512619972,35.964557648],[1.506661057,35.961986542],[1.508895993,35.956539154],[1.491809964,35.947887421],[1.466719985,35.94026947],[1.456612945,35.935508728],[1.447710037,35.940498352],[1.435413957,35.941127777],[1.426465034,35.93963623],[1.434331059,35.935508728],[1.42907095,35.933963776],[1.421457052,35.932361603],[1.408342004,35.934593201],[1.40109396,35.932361603],[1.402039051,35.930240631],[1.403471947,35.931041718],[1.406610966,35.928524017],[1.407997966,35.929153442],[1.418046951,35.922733307],[1.419410944,35.918895721],[1.410135031,35.918777466],[1.406738043,35.916721344],[1.408318996,35.914543152],[1.405500054,35.910129547],[1.394762993,35.905944824],[1.397570014,35.902164459],[1.401150942,35.90096283],[1.39525497,35.899528503],[1.393336058,35.895862579],[1.393857002,35.892997742],[1.390133023,35.886867523],[1.391049981,35.880451202],[1.394956946,35.882568359],[1.403076053,35.878791809],[1.410513043,35.877357483],[1.41070199,35.875465393],[1.40773499,35.870994568],[1.407688022,35.865154266],[1.397307038,35.858562469],[1.392734051,35.851287842],[1.389565945,35.851345062],[1.369667053,35.859939575],[1.374794006,35.865207672],[1.374194026,35.867847443],[1.370022058,35.870536804],[1.363237977,35.879878998],[1.352524042,35.88961792],[1.344365001,35.892997742],[1.340463042,35.901420593],[1.343585968,35.905715942],[1.343191028,35.911102295],[1.332201958,35.926063538],[1.324151039,35.928119659],[1.319057941,35.931560516],[1.312886953,35.9320755],[1.309105992,35.940784454],[1.303359032,35.941814423],[1.299394011,35.956596375],[1.301617026,35.963928223],[1.300035,35.970920563],[1.295760989,35.97063446],[1.294134021,35.975563049],[1.288141012,35.978309631],[1.284868956,35.976707458],[1.280675054,35.970977783],[1.269554019,35.964328766],[1.262580991,35.966907501],[1.248147964,35.961868286],[1.238620043,35.960437775],[1.235496998,35.962783813],[1.226834059,35.958942413],[1.215523958,35.961235046],[1.213421941,35.957515717],[1.213829041,35.95514679],[1.20459795,35.9516716],[1.197121024,35.9516716],[1.192101955,35.948059082],[1.192193985,35.945308685],[1.182819963,35.944450378],[1.152956963,35.946399689],[1.143365979,35.960033417],[1.136363983,35.965133667],[1.124063015,35.970981598],[1.117187023,35.969715118],[1.111385942,35.970966339],[1.108564973,35.979915619],[1.102990031,35.978427887],[1.098687053,35.981575012],[1.088521957,35.983181],[1.085129976,35.986274719],[1.07822597,35.984329224],[1.080523968,35.988109589],[1.078129053,35.995388031],[1.068457007,36.002605438],[1.060224056,36.016010284],[1.056928992,36.016986847],[1.054648995,36.020195007],[1.055891991,36.02374649],[1.052139997,36.029933929],[1.040526032,36.022659302],[1.030681968,36.025753021],[1.023852944,36.031421661],[1.040341973,36.040939331],[1.028120995,36.039791107],[1.018455029,36.041683197],[1.019263029,36.038700104],[1.010702968,36.037441254],[1.001569986,36.032569885],[1.005409002,36.025924683],[1.008198977,36.024318695],[1.004538059,36.021057129],[0.991469026,36.018188477],[0.985521972,36.014808655],[0.978479981,36.017044067],[0.955908,36.014965057],[0.958799005,36.017555237],[0.951539993,36.020938873],[0.957183003,36.021396637],[0.954342008,36.029880524],[0.955417991,36.03824234],[0.954135001,36.037727356],[0.951213002,36.044658661],[0.956036985,36.043170929],[0.956162989,36.046951294],[0.946382999,36.06539917],[0.94354701,36.062820435],[0.943295002,36.059387207],[0.937124014,36.059555054],[0.930317998,36.070327759],[0.92938298,36.068264008],[0.924925983,36.068721771],[0.929377973,36.077548981],[0.927079976,36.08889389],[0.930528998,36.092155457],[0.926775992,36.093822479],[0.919947028,36.09318924],[0.907239974,36.084999084],[0.90626502,36.085968018],[0.910659015,36.092155457],[0.917626023,36.096111298],[0.92711997,36.107170105],[0.930787027,36.10848999],[0.936556995,36.117652893],[0.946796,36.123779297],[0.946027994,36.130889893],[0.943031013,36.135818481],[0.939128995,36.129512787],[0.935543001,36.127796173],[0.939794004,36.140975952],[0.933709025,36.145271301],[0.945282996,36.151519775],[0.942790985,36.154785156],[0.936636984,36.155071259],[0.932569027,36.15776062],[0.928036988,36.156730652],[0.922531009,36.152088165],[0.91960901,36.152206421],[0.919763982,36.163776398],[0.924339533,36.173358917],[0.922152996,36.173400879],[0.922587991,36.176784515],[0.919112027,36.178291321],[0.918066978,36.180908203],[0.917621017,36.194374084],[0.913317978,36.19500351],[0.908309996,36.198154449],[0.912418008,36.201366425],[0.912365973,36.203998566],[0.914618015,36.205600739],[0.913420975,36.208068848],[0.90270102,36.216491699],[0.896758974,36.225486755],[0.889064014,36.227661133],[0.871360004,36.223823547],[0.859224975,36.218784332],[0.848293006,36.210132599],[0.844608009,36.209617615],[0.842013001,36.213050842],[0.84484899,36.225486755],[0.84049499,36.221244812],[0.840839028,36.219356537],[0.836501002,36.217350006],[0.836408973,36.215343475],[0.830124021,36.216201782],[0.82357502,36.211906433],[0.819799006,36.212940216],[0.814481974,36.206466675],[0.809680998,36.206062317],[0.808311999,36.20205307],[0.797420025,36.201190948],[0.79350698,36.199302673],[0.794520974,36.19511795],[0.793146014,36.193916321],[0.792147994,36.19575119],[0.788309991,36.19511795],[0.786813974,36.196380615],[0.784253001,36.194202423],[0.778780997,36.195636749],[0.772696972,36.192085266],[0.765563011,36.19185257],[0.755903006,36.198154449],[0.740181029,36.196437836],[0.733569026,36.200504303],[0.728550017,36.196090698],[0.718322992,36.201248169],[0.712375998,36.201705933],[0.705277026,36.200046539],[0.703031003,36.201824188],[0.704011023,36.205551147],[0.700882018,36.207378387],[0.69302702,36.20646286],[0.695174992,36.211734772],[0.691851974,36.213565826],[0.694607973,36.223423004],[0.694144011,36.240383148],[0.711103022,36.258831024],[0.719170988,36.270576477],[0.734256983,36.320484161],[0.738416016,36.326210022],[0.73743701,36.32781601],[0.741997004,36.330852509],[0.741213024,36.333030701],[0.760137975,36.334861755],[0.772916973,36.341251373],[0.779582977,36.345973969],[0.780695021,36.349861145],[0.787916005,36.351539612],[0.797082007,36.357082367],[0.803195,36.362361908],[0.805139005,36.366527557],[0.814028025,36.365970612],[0.824582994,36.360973358],[0.837361991,36.362640381],[0.844027996,36.364582062],[0.84680599,36.367084503],[0.863192976,36.369861603],[0.868193984,36.372917175],[0.870415986,36.372081757],[0.879583001,36.379581451],[0.882082999,36.379581451],[0.884860992,36.382083893],[0.890139997,36.382362366],[0.900138021,36.388473511],[0.90319401,36.393470764],[0.911526978,36.398750305],[0.922915995,36.416805267],[0.922637999,36.426250458],[0.925693989,36.431251526],[0.924860001,36.433750153],[0.929027975,36.438751221],[0.934583008,36.441806793],[0.935416996,36.44708252],[0.941249013,36.449584961],[0.95263797,36.449306488],[0.973110974,36.454860687],[0.974861979,36.457359314],[0.980138004,36.45791626],[0.982360005,36.460140228],[1.00041604,36.461528778],[1.004027963,36.464027405],[1.022917032,36.469581604],[1.03291595,36.474304199],[1.038195014,36.474861145],[1.044860959,36.480140686],[1.055418015,36.482639313],[1.064306974,36.488750458],[1.073472977,36.487361908],[1.078470945,36.491249084],[1.080417991,36.490970612],[1.083194017,36.494304657],[1.087916017,36.49319458],[1.091807008,36.495140076],[1.097638965,36.493751526],[1.100417018,36.49458313],[1.10263896,36.490139008],[1.11708498,36.490695953],[1.125972986,36.492916107],[1.139027953,36.492637634],[1.160693049,36.504306793],[1.16624999,36.504859924],[1.176805019,36.509860992],[1.180695057,36.514026642],[1.183472991,36.514583588],[1.190415978,36.514026642],[1.192083955,36.515140533],[1.197360039,36.510971069],[1.207916975,36.512359619],[1.210695028,36.50958252],[1.216249943,36.50958252],[1.217640042,36.507083893],[1.223194003,36.507915497],[1.225415945,36.50541687],[1.229861021,36.504306793],[1.235417008,36.50541687],[1.256526947,36.503749847],[1.267084002,36.507637024],[1.272083998,36.505973816],[1.274027944,36.507637024],[1.284860969,36.507083893],[1.314026952,36.516803741],[1.317360997,36.519859314],[1.314304948,36.525417328],[1.316249013,36.526527405],[1.317083001,36.523471832],[1.319026947,36.522914886],[1.320693016,36.524860382],[1.319304943,36.527915955],[1.323750019,36.527366638],[1.325693965,36.530971527],[1.329306006,36.53263855],[1.331527948,36.539585114],[1.338472962,36.544582367],[1.339861035,36.547916412],[1.338194966,36.549583435],[1.343194962,36.551807404],[1.349027991,36.550693512],[1.360973001,36.553749084],[1.364583015,36.553195953],[1.363194942,36.551807404],[1.365972996,36.550415039],[1.379861951,36.550140381],[1.381806016,36.551807404],[1.385138035,36.551807404],[1.390138984,36.54486084],[1.387915969,36.541526794],[1.396249056,36.536529541],[1.405140042,36.539306641],[1.416250944,36.537082672],[1.431527972,36.539585114],[1.437360048,36.537918091],[1.43791604,36.535972595],[1.444028974,36.535415649],[1.445973039,36.538749695],[1.45291698,36.539585114],[1.458472013,36.542362213],[1.465415955,36.539585114],[1.468194008,36.540138245],[1.467638016,36.535972595],[1.471529007,36.531528473],[1.489583969,36.527362823],[1.498473048,36.529582977],[1.510694027,36.528751373],[1.513471961,36.529872894],[1.522637963,36.536529541],[1.523473024,36.542640686],[1.52847302,36.539306641],[1.533195019,36.539859772],[1.542637944,36.537918091],[1.546527982,36.537918091],[1.552083015,36.54208374],[1.559304953,36.540416718],[1.561527014,36.537361145],[1.57625103,36.5340271],[1.582360983,36.534305573],[1.58486104,36.537082672],[1.589027047,36.537639618],[1.596806049,36.537639618],[1.598194003,36.535694122],[1.601250052,36.535972595],[1.607360959,36.537361145],[1.608194947,36.540973663],[1.611526966,36.540973663],[1.61847198,36.545139313],[1.622637987,36.543750763],[1.622637987,36.54208374],[1.625138044,36.542362213],[1.640694976,36.551807404],[1.658195019,36.555137634]]]]},"properties":{"name":"Chlef","mapcolor":14,"cartodb_id":14}},{"type":"Feature","geometry":{"type":"MultiPolygon","coordinates":[[[[6.674483776,36.62197113],[6.685026169,36.616874695],[6.68303299,36.615730286],[6.68347311,36.611545563],[6.67946291,36.602836609],[6.686757088,36.602092743],[6.688527107,36.600315094],[6.688527107,36.596759796],[6.685970783,36.593097687],[6.683708191,36.593326569],[6.683489799,36.58839798],[6.679032803,36.582725525],[6.680493832,36.582782745],[6.681748867,36.579402924],[6.681651115,36.575275421],[6.685118198,36.572181702],[6.704259872,36.573444366],[6.716457844,36.577739716],[6.723814964,36.578430176],[6.72910881,36.574302673],[6.737875938,36.575790405],[6.739542961,36.570178986],[6.736679077,36.566280365],[6.738556862,36.565479279],[6.746465206,36.563644409],[6.758788109,36.564506531],[6.765090942,36.562213898],[6.769297123,36.5561409],[6.793269157,36.552131653],[6.798518181,36.55499649],[6.810481071,36.554363251],[6.816709995,36.555850983],[6.835021019,36.562156677],[6.843117237,36.563220978],[6.845528126,36.565822601],[6.857411861,36.565479279],[6.859440804,36.563301086],[6.8672719,36.562042236],[6.880261898,36.563129425],[6.873569965,36.549777985],[6.864235878,36.545597076],[6.852221012,36.535511017],[6.856025219,36.531101227],[6.838138103,36.529556274],[6.831715107,36.525371552],[6.830156803,36.516204834],[6.832649231,36.513912201],[6.83418417,36.509040833],[6.83258009,36.505836487],[6.833605766,36.501480103],[6.838905811,36.496437073],[6.838572979,36.486297607],[6.835529804,36.482170105],[6.834716797,36.469509125],[6.815999031,36.460453033],[6.818564892,36.452716827],[6.817718029,36.447849274],[6.818861961,36.445667267],[6.822553158,36.448539734],[6.828918934,36.449108124],[6.833696842,36.452033997],[6.850170135,36.450199127],[6.851539135,36.451862335],[6.850937843,36.454204559],[6.858867168,36.453125],[6.871935844,36.454036713],[6.870835781,36.450489044],[6.873940945,36.444297791],[6.87958622,36.436222076],[6.886620998,36.433128357],[6.889576912,36.426307678],[6.891914845,36.427970886],[6.894081116,36.426712036],[6.90977478,36.431118011],[6.911855221,36.428825378],[6.920282841,36.428943634],[6.920432091,36.431404114],[6.922276974,36.429283142],[6.922448158,36.424591064],[6.928676128,36.421955109],[6.933764935,36.423271179],[6.937470913,36.422412872],[6.938961029,36.426078796],[6.940931797,36.426654816],[6.942737103,36.423957825],[6.947239876,36.422122955],[6.947004795,36.419315338],[6.956992149,36.418228149],[6.956219196,36.41462326],[6.952425957,36.409694672],[6.953320026,36.40178299],[6.974880219,36.383739471],[6.967655182,36.380126953],[6.964944839,36.374744415],[6.956746101,36.370674133],[6.94819212,36.36333847],[6.952229977,36.36082077],[6.959283829,36.359443665],[6.963895798,36.354751587],[6.972101212,36.355377197],[6.984418869,36.344890594],[6.991404057,36.343399048],[6.997357845,36.340019226],[6.988813877,36.337841034],[6.983891964,36.33108139],[6.985146999,36.323860168],[6.976702213,36.316757202],[6.971207142,36.315555573],[6.969460011,36.317157745],[6.965959072,36.317047119],[6.967241764,36.313316345],[6.98918581,36.301116943],[6.995597839,36.301860809],[7.00991106,36.298995972],[7.014673233,36.301288605],[7.025238037,36.302722931],[7.031248093,36.287708282],[7.032187939,36.281578064],[7.040932178,36.266681671],[7.042736053,36.25384903],[7.046695232,36.246227264],[7.049004078,36.245937347],[7.0436759,36.242218018],[7.046936035,36.231559753],[7.049445152,36.228981018],[7.050093174,36.22170639],[7.045073986,36.217636108],[7.04593277,36.209785461],[7.041761875,36.205593109],[7.039228916,36.205718994],[7.038164139,36.203540802],[7.04092598,36.198383331],[7.040295124,36.190994263],[7.038839817,36.189388275],[7.040381908,36.180850983],[7.018447876,36.175979614],[7.011544228,36.169509888],[6.998703957,36.164123535],[7.001797199,36.162975311],[7.005195141,36.153236389],[6.998066902,36.147907257],[6.998538017,36.145847321],[7.000404835,36.145561218],[7.001051903,36.141750336],[6.997923851,36.140342712],[6.99306488,36.140857697],[6.983766079,36.144081116],[6.9798069,36.139541626],[6.966944218,36.136676788],[6.964554787,36.139888763],[6.964280128,36.145442963],[6.946547031,36.14641571],[6.934714794,36.139369965],[6.920242786,36.142463684],[6.912151814,36.141204834],[6.907677174,36.146186829],[6.907351017,36.138969421],[6.901815891,36.136505127],[6.898516178,36.139369965],[6.899662018,36.146701813],[6.879224777,36.149051666],[6.86146307,36.145614624],[6.849860191,36.149051666],[6.844680786,36.148136139],[6.828380108,36.150371552],[6.819591045,36.155529022],[6.818789005,36.163204193],[6.812130928,36.175064087],[6.80791378,36.172203064],[6.804206848,36.172199249],[6.802511215,36.173633575],[6.7946558,36.173519135],[6.788720131,36.17741394],[6.787734985,36.185493469],[6.794099808,36.192657471],[6.789693832,36.197299957],[6.787613869,36.198440552],[6.78413105,36.190536499],[6.768764019,36.187728882],[6.7660079,36.189903259],[6.764431953,36.196151733],[6.761688232,36.197868347],[6.746400833,36.18680954],[6.750676155,36.18624115],[6.754708767,36.171112061],[6.754261971,36.167446136],[6.751843929,36.165725708],[6.750349045,36.161655426],[6.751483917,36.155410767],[6.749426842,36.146533966],[6.746257782,36.142406464],[6.740585804,36.142063141],[6.735251904,36.144985199],[6.732100964,36.142978668],[6.724834919,36.142063141],[6.721070766,36.143268585],[6.713067055,36.138282776],[6.694927216,36.143497467],[6.679039001,36.144756317],[6.6657691,36.142807007],[6.655529976,36.143726349],[6.638896942,36.139827728],[6.632491112,36.137081146],[6.632662773,36.132549286],[6.633144855,36.128139496],[6.637018204,36.126422882],[6.638967037,36.123615265],[6.638204098,36.119316101],[6.640810966,36.116394043],[6.636903763,36.112327576],[6.634450912,36.106536865],[6.618917942,36.09903717],[6.619009972,36.105106354],[6.610787868,36.105106354],[6.610501766,36.103729248],[6.605917931,36.102527618],[6.596350193,36.106712341],[6.589604855,36.117195129],[6.575378895,36.11989212],[6.568864822,36.124187469],[6.566549778,36.124130249],[6.564973831,36.122982025],[6.567339897,36.119773865],[6.566875935,36.115821838],[6.564343929,36.112384796],[6.576221943,36.111068726],[6.579939842,36.109062195],[6.581980228,36.105106354],[6.585817814,36.104705811],[6.587807178,36.092384338],[6.584603786,36.092674255],[6.574473858,36.098117828],[6.574341774,36.100635529],[6.571763992,36.102359772],[6.572709084,36.104652405],[6.56895113,36.105224609],[6.569379807,36.108085632],[6.567788124,36.107975006],[6.566710949,36.102985382],[6.563886166,36.102527618],[6.556827068,36.10333252],[6.553246021,36.105682373],[6.553405762,36.107398987],[6.54955101,36.111465454],[6.540211201,36.107570648],[6.541930199,36.115478516],[6.540617943,36.119377136],[6.546031952,36.120517731],[6.544398785,36.122123718],[6.542387962,36.121669769],[6.541052818,36.123844147],[6.5408988,36.129573822],[6.531713963,36.13633728],[6.530207157,36.142238617],[6.533800125,36.149280548],[6.522867203,36.149169922],[6.515992165,36.151229858],[6.513500214,36.153980255],[6.51555109,36.158794403],[6.522328854,36.165840149],[6.527898788,36.166187286],[6.530636787,36.169620514],[6.536789894,36.171226501],[6.54442215,36.179019928],[6.54379797,36.182170868],[6.546417236,36.186122894],[6.543844223,36.18875885],[6.544268131,36.194202423],[6.537535191,36.197353363],[6.527164936,36.205661774],[6.541295052,36.209442139],[6.542325974,36.214141846],[6.538961887,36.21786499],[6.535317898,36.219127655],[6.540263176,36.222564697],[6.506537914,36.234420776],[6.504682064,36.238605499],[6.501829147,36.238204956],[6.501766205,36.243019104],[6.49786377,36.248462677],[6.497015953,36.25510788],[6.493298054,36.256080627],[6.487957954,36.254306793],[6.479328156,36.25711441],[6.477780819,36.252414703],[6.46724987,36.251556396],[6.462402821,36.249835968],[6.463308811,36.247543335],[6.455235958,36.247833252],[6.45481205,36.246341705],[6.448525906,36.245250702],[6.440951824,36.248348236],[6.433423042,36.248058319],[6.431503773,36.25012207],[6.429344177,36.248977661],[6.421269894,36.2513237],[6.424965858,36.251541138],[6.425716877,36.254764557],[6.419093132,36.256885529],[6.417717934,36.262557983],[6.411972046,36.264850616],[6.408975124,36.26908493],[6.407050133,36.275218964],[6.408682823,36.281639099],[6.406740189,36.285934448],[6.408991814,36.289424896],[6.420949936,36.294525146],[6.43401289,36.306560516],[6.434454918,36.312343597],[6.424564838,36.314979553],[6.424020767,36.317157745],[6.426478863,36.3228302],[6.425086975,36.323631287],[6.410223961,36.329650879],[6.396082878,36.330738068],[6.382699013,36.335094452],[6.379037857,36.344261169],[6.382757187,36.356693268],[6.377473831,36.355892181],[6.372694969,36.358581543],[6.3613801,36.353942871],[6.342178822,36.354228973],[6.335887909,36.351020813],[6.329281807,36.34311676],[6.312374115,36.339447021],[6.310431957,36.344833374],[6.313038826,36.352054596],[6.312460899,36.354343414],[6.317553997,36.358013153],[6.318687916,36.363109589],[6.317451,36.369358063],[6.323668003,36.379325867],[6.338003159,36.394561768],[6.343338013,36.395996094],[6.352218151,36.404079437],[6.357958794,36.416110992],[6.354119778,36.429458618],[6.347176075,36.438968658],[6.347846031,36.440288544],[6.345428944,36.443668365],[6.34640789,36.446361542],[6.344666004,36.448421478],[6.34640789,36.453926086],[6.348670959,36.455814362],[6.347353935,36.456615448],[6.351741791,36.459251404],[6.353810787,36.465324402],[6.356194019,36.467388153],[6.351810932,36.479991913],[6.35281992,36.486755371],[6.347765923,36.493343353],[6.349112988,36.495632172],[6.353754044,36.490821838],[6.361586094,36.492256165],[6.366048813,36.490364075],[6.376574039,36.49414444],[6.379426956,36.491455078],[6.378076077,36.487327576],[6.383799076,36.486698151],[6.385661125,36.486869812],[6.386916161,36.493171692],[6.39000988,36.496208191],[6.392633915,36.495750427],[6.398146152,36.499073029],[6.409576893,36.495464325],[6.409484863,36.499649048],[6.415534973,36.499759674],[6.418412209,36.502223969],[6.426576138,36.496379852],[6.462328911,36.497467041],[6.472973824,36.50245285],[6.476264,36.504974365],[6.475512981,36.50617981],[6.477879047,36.509674072],[6.486495972,36.515457153],[6.491287231,36.517467499],[6.497910023,36.516433716],[6.508211136,36.519985199],[6.504052162,36.527950287],[6.50187397,36.540100098],[6.504429817,36.549495697],[6.49932003,36.564102173],[6.511500835,36.581119537],[6.516886234,36.580833435],[6.519314766,36.578083038],[6.523704052,36.576595306],[6.528952122,36.576709747],[6.532784939,36.578430176],[6.536126137,36.582725525],[6.559542179,36.588340759],[6.565414906,36.586219788],[6.570773125,36.587654114],[6.575069904,36.581981659],[6.586287975,36.573158264],[6.589842796,36.572265625],[6.596321106,36.574131012],[6.616127968,36.57201004],[6.621576786,36.57585144],[6.622104168,36.587940216],[6.628554821,36.5884552],[6.630273819,36.590747833],[6.629421234,36.59469986],[6.631190777,36.596935272],[6.63576889,36.599052429],[6.636680126,36.601631165],[6.638673782,36.60111618],[6.642941952,36.609024048],[6.640983105,36.613204956],[6.642261028,36.61681366],[6.650483131,36.620365143],[6.662972927,36.622890472],[6.666731834,36.62191391],[6.669333935,36.623924255],[6.674483776,36.62197113]]]]},"properties":{"name":"Constantine","mapcolor":15,"cartodb_id":15}},{"type":"Feature","geometry":{"type":"MultiPolygon","coordinates":[[[[2.994575977,35.828712463],[2.996701002,35.824874878],[2.997972965,35.826133728],[3.003547907,35.819717407],[3.002533913,35.819084167],[3.012198925,35.807453156],[3.0163939,35.755485535],[3.022948027,35.741165161],[3.024328947,35.739963531],[3.039422989,35.740432739],[3.044622898,35.743740082],[3.05626893,35.746433258],[3.048295975,35.721282959],[3.046794891,35.711025238],[3.051635981,35.678596497],[3.061249971,35.674468994],[3.059973001,35.670001984],[3.061984062,35.667655945],[3.06093502,35.664958954],[3.06230998,35.66513443],[3.063199043,35.661178589],[3.140691042,35.676189423],[3.133409023,35.685527802],[3.183060884,35.678256989],[3.196721077,35.686904907],[3.228358984,35.740074158],[3.233366966,35.739677429],[3.229202032,35.751708984],[3.2312181,35.759727478],[3.226176977,35.765457153],[3.231281042,35.775943756],[3.231252909,35.781387329],[3.229156017,35.786487579],[3.233302116,35.79058075],[3.234353065,35.794448853],[3.237365961,35.794563293],[3.241434097,35.800983429],[3.249484062,35.802070618],[3.252120018,35.804416656],[3.254286051,35.812438965],[3.262886047,35.819431305],[3.278939962,35.825504303],[3.28203392,35.81760025],[3.280177116,35.799091339],[3.282721996,35.796806335],[3.28640008,35.787345886],[3.293596029,35.787345886],[3.295808077,35.784023285],[3.299309015,35.783164978],[3.301480055,35.777320862],[3.309587955,35.771820068],[3.313597918,35.762653351],[3.319401979,35.758010864],[3.332058907,35.753311157],[3.370393991,35.759819031],[3.384397984,35.710910797],[3.407305002,35.690631866],[3.474438906,35.636314392],[3.473618984,35.634021759],[3.678288937,35.508602142],[3.684010029,35.495197296],[3.694730997,35.483493805],[3.69007802,35.453136444],[3.688055038,35.446949005],[3.682090998,35.437438965],[3.689768076,35.41469574],[3.648279905,35.390743256],[3.659945011,35.350692749],[3.666837931,35.315113068],[3.595808983,35.267730713],[3.595426083,35.264266968],[3.46152997,35.177658081],[3.482036114,35.130222321],[3.494023085,35.115325928],[3.500794888,35.101112366],[3.511337996,35.088451385],[3.511101961,35.086791992],[3.513847113,35.087993622],[3.516201019,35.085010529],[3.518630981,35.084781647],[3.517646074,35.078712463],[3.519433022,35.075557709],[3.511275053,35.064559937],[3.512981892,35.055446625],[3.515789032,35.05676651],[3.527631998,35.052066803],[3.530972958,35.055107117],[3.540518999,35.058540344],[3.555495024,35.056194305],[3.558928013,35.057510376],[3.565017939,35.069828033],[3.580991983,35.075904846],[3.585839033,35.07452774],[3.600440025,35.082935333],[3.575457096,35.023422241],[3.549416065,35.021129608],[3.567768097,35.006519318],[3.565212965,35.002681732],[3.568479061,34.978500366],[3.581748009,34.983657837],[3.576683044,34.975521088],[3.576992989,34.956386566],[3.572036982,34.939826965],[3.564822912,34.9360466],[3.572180033,34.913414001],[3.586332083,34.890895844],[3.569641113,34.868320465],[3.610677004,34.867118835],[3.635493994,34.854923248],[3.626363993,34.848899841],[3.622509003,34.843852997],[3.630100012,34.840702057],[3.635257006,34.82718277],[3.639456987,34.822425842],[3.649580002,34.799850464],[3.63835001,34.803863525],[3.640888929,34.790626526],[3.657126904,34.78868103],[3.698637962,34.807071686],[3.707695961,34.808330536],[3.726963997,34.790340424],[3.808084011,34.7797966],[3.822458982,34.781059265],[3.890933037,34.76776886],[3.898375988,34.697063446],[3.900254965,34.662570953],[3.921077013,34.60206604],[3.916996956,34.562763214],[3.905235052,34.522884369],[3.989677906,34.444446564],[3.980899096,34.413452148],[3.975485086,34.368301392],[3.973134995,34.363544464],[3.988806009,34.348361969],[3.992615938,34.347446442],[3.994282961,34.34211731],[4.000489235,34.339881897],[4.004930019,34.333808899],[4.020737171,34.329223633],[4.02584219,34.326305389],[4.0302248,34.326702118],[4.03318882,34.324119568],[4.043328762,34.326992035],[4.045391083,34.322177887],[4.05328083,34.324295044],[4.056615829,34.32194519],[4.053986073,34.319141388],[4.054553032,34.316848755],[4.064609051,34.312263489],[4.06555891,34.309856415],[4.061038017,34.304988861],[4.075614929,34.302810669],[4.075621128,34.301204681],[4.089618206,34.297538757],[4.094573975,34.293876648],[4.095541954,34.290374756],[4.094029903,34.285625458],[4.103448868,34.284591675],[4.102182865,34.279834747],[4.112421989,34.276741028],[4.11387682,34.269866943],[4.11824894,34.267227173],[4.117586136,34.264705658],[4.110026836,34.25932312],[4.110003948,34.257659912],[4.120057106,34.256969452],[4.121269226,34.254852295],[4.117825031,34.249526978],[4.118535042,34.246086121],[4.121273994,34.244598389],[4.133232117,34.246086121],[4.137563229,34.244884491],[4.140056133,34.242019653],[4.138055801,34.235832214],[4.138491154,34.229412079],[4.149349213,34.221908569],[4.153704166,34.216579437],[4.160499096,34.217441559],[4.165272236,34.222766876],[4.178168774,34.219272614],[4.180030823,34.216182709],[4.179080009,34.213428497],[4.172650814,34.20741272],[4.159955025,34.203914642],[4.153520107,34.199508667],[4.150197029,34.194404602],[4.153337002,34.189250946],[4.164566994,34.180885315],[4.169363022,34.181171417],[4.173194885,34.179279327],[4.174421787,34.174640656],[4.182035923,34.166503906],[4.192801952,34.149200439],[4.196829796,34.147541046],[4.237578869,34.156021118],[4.259894848,34.144500732],[4.280854225,34.137397766],[4.286244869,34.133846283],[4.292206764,34.125396729],[4.29442215,34.126399994],[4.301829815,34.12210083],[4.289196968,34.109725952],[4.29143095,34.08405304],[4.297389984,34.079013824],[4.309845924,34.072250366],[4.341525078,34.063312531],[4.407100201,34.061595917],[4.432985783,34.032661438],[4.415603161,34.025325775],[4.393250942,34.034263611],[4.385528088,34.035297394],[4.377007961,34.033809662],[4.377220154,34.03042984],[4.356987953,34.022693634],[4.346887112,34.013755798],[4.344899178,34.009456635],[4.343564034,33.997825623],[4.34135294,33.99628067],[4.336706161,33.996448517],[4.311203957,33.977600098],[4.300300121,33.977313995],[4.288772106,33.969463348],[4.276865959,33.966083527],[4.267052174,33.96969223],[4.260616779,33.967803955],[4.248355865,33.973876953],[4.24436903,33.970954895],[4.237296104,33.961414337],[4.229265213,33.955211639],[4.243429184,33.931648254],[4.257524014,33.921909332],[4.28212595,33.909244537],[4.350845814,33.896755219],[4.384016037,33.868164062],[4.396688938,33.859283447],[4.501019001,33.833442688],[4.515749931,33.828227997],[4.553410053,33.810527802],[4.565001011,33.802272797],[4.581307888,33.783596039],[4.599419117,33.768184662],[4.599081039,33.764060974],[4.593579769,33.756954193],[4.602209091,33.752197266],[4.623201847,33.746814728],[4.648412228,33.735126495],[4.65745306,33.738792419],[4.670510769,33.737186432],[4.701176167,33.7382164],[4.712847233,33.735412598],[4.721814156,33.729278564],[4.728316784,33.727386475],[4.753447056,33.724639893],[4.770474911,33.687225342],[4.862405777,33.697998047],[4.881548882,33.658805847],[4.894595146,33.649581909],[4.934741974,33.650497437],[4.994789124,33.635314941],[5.015625954,33.62694931],[5.079638004,33.606441498],[5.054186821,33.572750092],[5.057155132,33.498462677],[5.002493858,33.403785706],[4.997480869,33.398509979],[4.938139915,33.301109314],[4.938477993,33.253669739],[4.947573185,33.204845428],[4.995378017,32.997444153],[4.997733116,32.9920578],[5.002367973,32.963981628],[5.01228714,32.92370224],[5.026553154,32.852424622],[5.00184679,32.856151581],[4.945759773,32.869617462],[4.788107872,32.910984039],[4.482906818,32.986557007],[4.419457912,33.064590454],[4.414915085,33.09696579],[4.360885143,33.141944885],[4.338378906,33.202445984],[4.217857838,33.312911987],[4.192887783,33.333881378],[4.156149864,33.358406067],[4.087911129,33.401092529],[3.999938011,33.428478241],[3.991178989,33.43271637],[3.862977982,33.476551056],[3.712687016,33.526226044],[3.648951054,33.617897034],[3.611709118,33.62878418],[3.597378969,33.647808075],[3.59266901,33.662017822],[3.551078081,33.692268372],[3.465838909,33.760105133],[3.339735985,33.799583435],[3.337135077,33.803478241],[3.318469048,33.808235168],[3.222206116,33.821586609],[3.211188078,33.845531464],[3.212821007,33.854701996],[3.189954042,33.865070343],[3.170850039,33.913093567],[3.159437895,33.936004639],[3.14921689,33.947059631],[3.13803196,33.983844757],[3.149549007,33.988426208],[3.156763077,33.994159698],[3.147331953,34.001434326],[3.143910885,34.008308411],[3.132205963,34.044750214],[3.122499943,34.060222626],[3.115355015,34.077922821],[3.09995389,34.108409882],[3.088711977,34.118721008],[3.083029032,34.132873535],[3.086643934,34.135505676],[3.091073036,34.13161087],[3.096515894,34.175098419],[3.089989901,34.194179535],[3.08344698,34.197330475],[3.078994989,34.210739136],[3.056093931,34.208042145],[3.055423021,34.249126434],[3.051177979,34.250328064],[3.049098015,34.256458282],[3.044239998,34.251873016],[2.990175009,34.240184784],[2.988776922,34.246372223],[2.996207952,34.256916046],[2.952188015,34.273532867],[2.949140072,34.284416199],[2.942687988,34.285564423],[2.940825939,34.289058685],[2.938751936,34.28837204],[2.938333988,34.28647995],[2.928335905,34.287052155],[2.915553093,34.276916504],[2.896032095,34.26757431],[2.890084982,34.267864227],[2.883369923,34.261901855],[2.867803097,34.255428314],[2.861677885,34.249469757],[2.858314991,34.242134094],[2.853260994,34.238525391],[2.847198963,34.229930878],[2.837647915,34.22076416],[2.835429907,34.214118958],[2.836644888,34.213088989],[2.83605504,34.208271027],[2.833834887,34.204391479],[2.825764894,34.199333191],[2.821048975,34.198818207],[2.82020092,34.197498322],[2.828005075,34.193321228],[2.827780962,34.190227509],[2.817893028,34.185184479],[2.814127922,34.180027008],[2.810255051,34.177848816],[2.811749935,34.171028137],[2.809113979,34.165245056],[2.811561108,34.159454346],[2.816890001,34.153442383],[2.821645021,34.142436981],[2.789227009,34.152870178],[2.720607996,34.122844696],[2.683052063,34.112190247],[2.65980196,34.125366211],[2.644130945,34.119121552],[2.626575947,34.125247955],[2.624856949,34.128570557],[2.6199615,34.130599976],[2.617024899,34.13659668],[2.616383076,34.142097473],[2.609237909,34.146968842],[2.608545065,34.151321411],[2.60154891,34.157165527],[2.598815918,34.163696289],[2.571928024,34.176589966],[2.567034006,34.175956726],[2.543956041,34.216640472],[2.531699896,34.229587555],[2.515914917,34.232509613],[2.49080801,34.281726837],[2.477818966,34.294273376],[2.470015049,34.311691284],[2.449250937,34.308425903],[2.451783895,34.316963196],[2.417073965,34.409439087],[2.391910076,34.448459625],[2.396704912,34.485298157],[2.38863802,34.526550293],[2.384111881,34.555828094],[2.384175062,34.565914154],[2.36915803,34.630943298],[2.366956949,34.693855286],[2.37374711,34.709609985],[2.365937948,34.723762512],[2.360049009,34.773765564],[2.359817982,34.78924942],[2.429238081,34.806728363],[2.444674015,34.831306458],[2.461494923,34.854110718],[2.477222919,34.886310577],[2.499923944,34.988471985],[2.519268036,34.999126434],[2.545216084,35.008407593],[2.557580948,35.008922577],[2.591483116,35.006233215],[2.602236986,35.007205963],[2.633085012,35.033100128],[2.651901007,35.036083221],[2.584795952,35.086158752],[2.595578909,35.100540161],[2.593859911,35.100139618],[2.608637094,35.124202728],[2.627109051,35.159042358],[2.6386199,35.173248291],[2.655057907,35.181785583],[2.670773983,35.183101654],[2.65438199,35.201553345],[2.671771049,35.242172241],[2.639461994,35.237251282],[2.613965034,35.24394989],[2.589190006,35.258960724],[2.576762915,35.274089813],[2.567980051,35.279361725],[2.574676991,35.289730072],[2.572253942,35.296146393],[2.574533939,35.29901123],[2.574086905,35.30273819],[2.564925909,35.307952881],[2.561074972,35.316257477],[2.540810108,35.324279785],[2.534697056,35.329265594],[2.524566889,35.333961487],[2.501539946,35.309669495],[2.481365919,35.313796997],[2.462933064,35.283313751],[2.445188999,35.283599854],[2.43581605,35.277984619],[2.406979084,35.251457214],[2.402904987,35.243610382],[2.396579027,35.245384216],[2.394762993,35.249740601],[2.396614075,35.252147675],[2.381155014,35.267845154],[2.378359079,35.274375916],[2.374176979,35.278156281],[2.375407934,35.281078339],[2.35985899,35.305259705],[2.347642899,35.31224823],[2.347362041,35.317001343],[2.334666014,35.311962128],[2.331754923,35.316661835],[2.31663394,35.319293976],[2.299588919,35.334022522],[2.273044109,35.337860107],[2.095346928,35.439044952],[2.045624971,35.469238281],[2.039706945,35.466377258],[2.026374102,35.478118896],[2.020410061,35.490039825],[2.014806032,35.497142792],[2.013665915,35.508831024],[2.016468048,35.531517029],[2.027812004,35.538162231],[2.05875206,35.535129547],[2.073092937,35.541027069],[2.122379065,35.548652649],[2.167030096,35.558448792],[2.255403042,35.553462982],[2.268591881,35.511520386],[2.275983095,35.477890015],[2.286096096,35.461616516],[2.303101063,35.46270752],[2.315809011,35.461330414],[2.387613058,35.467636108],[2.407391071,35.474224091],[2.427937031,35.484420776],[2.49405098,35.510890961],[2.497304916,35.508083344],[2.502254963,35.499378204],[2.505285978,35.498519897],[2.515434027,35.506309509],[2.513880968,35.511867523],[2.516321898,35.520172119],[2.534765005,35.493534088],[2.558314085,35.48682785],[2.588680029,35.468666077],[2.607599974,35.450904846],[2.643712997,35.445289612],[2.678834915,35.458522797],[2.689865112,35.464653015],[2.705317974,35.470554352],[2.744055033,35.534729004],[2.747980118,35.538051605],[2.752793074,35.539142609],[2.770749092,35.554149628],[2.782557964,35.569507599],[2.78914094,35.57213974],[2.797151089,35.57213974],[2.805633068,35.576278687],[2.80944109,35.572612762],[2.812349081,35.573013306],[2.812051058,35.576805115],[2.821213961,35.581783295],[2.820594072,35.586906433],[2.828304052,35.584327698],[2.830812931,35.589870453],[2.842475891,35.598518372],[2.847183943,35.608013153],[2.855653048,35.611885071],[2.861481905,35.608032227],[2.862452984,35.608699799],[2.859777927,35.612071991],[2.861105919,35.615894318],[2.870115995,35.621616364],[2.876450062,35.620994568],[2.878580093,35.616020203],[2.8801229,35.615642548],[2.884156942,35.6195755],[2.88497901,35.618572235],[2.882695913,35.615383148],[2.892098904,35.60786438],[2.893625021,35.607307434],[2.897510052,35.611351013],[2.897989988,35.612430573],[2.889159918,35.620071411],[2.886929989,35.626426697],[2.89181304,35.633903503],[2.896425962,35.634281158],[2.898154974,35.63211441],[2.896857977,35.635974884],[2.905419111,35.638553619],[2.89733696,35.64831543],[2.889508009,35.65284729],[2.89735508,35.667644501],[2.90170002,35.6820755],[2.902014017,35.696903229],[2.900093079,35.704811096],[2.889334917,35.704418182],[2.883831024,35.708854675],[2.882122993,35.712650299],[2.883200884,35.722011566],[2.887197018,35.727668762],[2.886312962,35.73551178],[2.883214951,35.743213654],[2.884366035,35.746963501],[2.882112026,35.756240845],[2.8838799,35.76543808],[2.879700899,35.772655487],[2.882544041,35.775844574],[2.875137091,35.783760071],[2.867187977,35.788524628],[2.875036955,35.79750824],[2.871592999,35.803588867],[2.867750883,35.805736542],[2.87507391,35.804649353],[2.884079933,35.810546875],[2.902077913,35.814857483],[2.900335073,35.810779572],[2.904093981,35.806537628],[2.925148964,35.806552887],[2.9319911,35.808086395],[2.937834978,35.806194305],[2.953763008,35.812381744],[2.952795982,35.815078735],[2.962466955,35.813243866],[2.965521097,35.817943573],[2.971020937,35.820175171],[2.97488308,35.824588776],[2.975989103,35.829856873],[2.977931023,35.827682495],[2.991178036,35.832092285],[2.994575977,35.828712463]]]]},"properties":{"name":"Djelfa","mapcolor":16,"cartodb_id":16}},{"type":"Feature","geometry":{"type":"MultiPolygon","coordinates":[[[[-0.011482,34.441806793],[0.006984,34.439517975],[0.018358,34.431442261],[0.082901001,34.413276672],[0.084930003,34.421413422],[0.090395004,34.419353485],[0.119404003,34.403018951],[0.134542003,34.387664795],[0.154229,34.375179291],[0.176499993,34.358448029],[0.182418004,34.352085114],[0.189941004,34.337589264],[0.292001992,34.328708649],[0.424149007,34.404338837],[0.426189005,34.408237457],[0.499774009,34.344009399],[0.504323006,34.337360382],[0.50921315,34.319587708],[0.514842987,34.319885254],[0.523804009,34.328022003],[0.537846982,34.334609985],[0.553620994,34.338394165],[0.570780993,34.347213745],[0.572624981,34.349506378],[0.58089298,34.348991394],[0.582422972,34.355522156],[0.589259028,34.356555939],[0.598437011,34.363601685],[0.602683008,34.364749908],[0.601714015,34.366409302],[0.61084199,34.372085571],[0.61382103,34.372196198],[0.635966003,34.382392883],[0.663083971,34.402908325],[0.67068702,34.411617279],[0.690430999,34.421070099],[0.713459015,34.437572479],[0.719011009,34.439174652],[0.723227024,34.442840576],[0.728767991,34.441467285],[0.746901989,34.430809021],[0.761318028,34.429893494],[0.900976002,34.408176422],[1.044083953,34.383769989],[1.037626982,34.339252472],[1.028241038,34.291751862],[1.013749957,34.193611145],[1.101791978,34.198188782],[1.142941952,34.196414948],[1.147433996,34.198246002],[1.163333058,34.199333191],[1.178063989,34.202316284],[1.213983059,34.202259064],[1.273277998,34.205978394],[1.27651,34.201339722],[1.277282953,34.194465637],[1.269691944,34.185527802],[1.26988101,34.183578491],[1.272773981,34.185813904],[1.274860024,34.183349609],[1.272521973,34.17830658],[1.268556952,34.174983978],[1.274750948,34.171031952],[1.274029016,34.162151337],[1.279803991,34.15619278],[1.281299949,34.148742676],[1.284484982,34.147026062],[1.287361979,34.140834808],[1.283648968,34.13728714],[1.283637047,34.134246826],[1.285058022,34.132926941],[1.290971041,34.132816315],[1.298768997,34.119293213],[1.304366946,34.117572784],[1.303146005,34.114765167],[1.313053012,34.110813141],[1.311323047,34.106971741],[1.314175963,34.100444794],[1.311671972,34.098152161],[1.315081,34.096031189],[1.324684024,34.084228516],[1.335078001,34.078842163],[1.33751297,34.064575195],[1.345322013,34.066062927],[1.346112967,34.059593201],[1.350844979,34.051971436],[1.350965977,34.046524048],[1.352799058,34.042800903],[1.363324046,34.030597687],[1.369444013,34.025787354],[1.367884994,34.019367218],[1.374904037,34.01833725],[1.376822948,34.016159058],[1.369351983,34.015529633],[1.369793057,33.998683929],[1.364768028,33.998226166],[1.362601995,33.995418549],[1.368000031,33.987743378],[1.366562009,33.983730316],[1.367776036,33.979320526],[1.372033,33.975593567],[1.388070941,33.972385406],[1.395135045,33.966487885],[1.403843999,33.966598511],[1.410455942,33.964710236],[1.418437004,33.959320068],[1.420115948,33.955429077],[1.428297997,33.952793121],[1.432170987,33.948665619],[1.442559004,33.947517395],[1.448585987,33.944313049],[1.455679059,33.945114136],[1.472404003,33.940071106],[1.485381961,33.928382874],[1.496870041,33.909244537],[1.547834039,33.870227814],[1.559288979,33.866195679],[1.570860982,33.864326477],[1.576493979,33.865528107],[1.651240945,33.893661499],[1.711104035,33.902084351],[1.723297,33.889476776],[1.730556011,33.88627243],[1.737254024,33.885414124],[1.744902968,33.880714417],[1.753553987,33.868167877],[1.759359002,33.863639832],[1.765460014,33.850631714],[1.788916945,33.845592499],[1.796411991,33.840316772],[1.798859,33.831035614],[1.802886009,33.825939178],[1.817198992,33.788925171],[1.822733998,33.779872894],[1.817410946,33.760906219],[1.807297945,33.755809784],[1.809710026,33.752082825],[1.809468985,33.742801666],[1.823094964,33.727905273],[1.820188999,33.724063873],[1.819684982,33.717651367],[1.814178944,33.714729309],[1.81299305,33.707336426],[1.808650017,33.700630188],[1.81476903,33.687854767],[1.819260955,33.683158875],[1.811068058,33.676399231],[1.81931901,33.672843933],[1.822968006,33.673416138],[1.827986956,33.668949127],[1.840919018,33.673358917],[1.843217015,33.664478302],[1.845548987,33.664539337],[1.85255599,33.660297394],[1.854848027,33.651473999],[1.861917973,33.649982452],[1.864954948,33.650959015],[1.867962956,33.660812378],[1.873939037,33.663330078],[1.878934979,33.660293579],[1.884755969,33.64963913],[1.88401103,33.641559601],[1.893905997,33.636058807],[1.892526031,33.632854462],[1.883540988,33.629356384],[1.881708026,33.626148224],[1.884606957,33.621677399],[1.887866974,33.62064743],[1.889912963,33.616638184],[1.89834094,33.612224579],[1.901527047,33.602771759],[1.912750959,33.606437683],[1.91734004,33.605979919],[1.920572042,33.600650787],[1.933153987,33.591026306],[1.937639952,33.582260132],[1.911468029,33.564956665],[1.899309039,33.52639389],[1.894508004,33.507831573],[1.910097957,33.46686554],[1.88579905,33.415050507],[1.934677958,33.414093018],[2.030889034,33.403553009],[2.015041113,33.368202209],[2.021096945,33.338352203],[2.092041016,33.32019043],[2.184355974,33.293487549],[2.280755997,33.310733795],[2.280430079,33.288562775],[2.2703619,33.158615112],[2.099478006,33.163139343],[2.093691111,33.162853241],[2.087920904,33.159015656],[2.084975958,33.154087067],[2.085704088,33.150249481],[2.097748041,33.137817383],[2.108701944,33.13053894],[2.114528894,33.119480133],[2.112294912,33.114322662],[2.111006021,33.098396301],[2.104468107,33.087165833],[2.104783058,33.068317413],[2.107527971,33.059837341],[2.127645016,33.032733917],[2.143475056,33.007297516],[2.145915985,32.998527527],[2.151994944,32.986095428],[2.156904936,32.967823029],[2.165626049,32.960830688],[2.166662931,32.954524994],[2.164205074,32.948055267],[2.167630911,32.94209671],[2.177376986,32.934242249],[2.178689003,32.924560547],[2.176987886,32.916370392],[2.182167053,32.908576965],[2.212958097,32.88319397],[2.221637964,32.873226166],[2.223660946,32.865432739],[2.223671913,32.850536346],[2.229568005,32.838272095],[2.229705095,32.832141876],[2.236769915,32.820568085],[2.233033895,32.809566498],[2.250221014,32.803131104],[2.242384911,32.802520752],[2.27483201,32.561706543],[2.297836065,32.477596283],[2.361211061,32.261135101],[2.296823978,32.228561401],[2.242527962,32.196331024],[2.25160408,32.106433868],[2.265166044,31.999919891],[2.267674923,31.931625366],[2.273633957,31.85966301],[2.057518959,31.656826019],[2.003552914,31.629449844],[1.494485974,31.357521057],[1.227213979,31.211034775],[1.098875999,31.143121719],[1.099156976,31.142089844],[1.046569943,31.110004425],[0.855162978,30.995529175],[0.644416988,30.865177155],[0.384829015,30.701156616],[0.034033,30.954631805],[-0.031879999,30.99895668],[-0.192589,31.11444664],[-0.258929998,31.159734726],[-0.264357001,31.173912048],[-0.256482989,31.191093445],[-0.223807007,31.276788712],[-0.246866003,31.293077469],[-0.25711,31.30667305],[-0.267019004,31.314786911],[-0.286891997,31.326644897],[-0.296106011,31.336265564],[-0.324375987,31.351083755],[-0.342711002,31.356285095],[-0.358417988,31.366954803],[-0.373387009,31.392089844],[-0.379049003,31.405773163],[-0.375669003,31.420343399],[-0.398662001,31.437679291],[-0.391086996,31.452968597],[-0.400074005,31.466209412],[-0.408387989,31.484838486],[-0.399062008,31.494987488],[-0.401731014,31.510570526],[-0.388779014,31.519529343],[-0.378601015,31.521270752],[-0.364939988,31.548114777],[-0.356359005,31.558298111],[-0.376448989,31.572034836],[-0.386709005,31.583713531],[-0.39486599,31.599142075],[-0.401198,31.605167389],[-0.405474007,31.621328354],[-0.414878994,31.636205673],[-0.413933992,31.648084641],[-0.408876002,31.662612915],[-0.395900995,31.654619217],[-0.384424001,31.657751083],[-0.379364997,31.668102264],[-0.369942993,31.671316147],[-0.359028995,31.684282303],[-0.370678991,31.696874619],[-0.370988995,31.711393356],[-0.403602004,31.729837418],[-0.391553015,31.737678528],[-0.397338003,31.749803543],[-0.396329999,31.762340546],[-0.376729995,31.76326561],[-0.377781987,31.777582169],[-0.388116002,31.790172577],[-0.385639012,31.800924301],[-0.370231986,31.801275253],[-0.354353994,31.803962708],[-0.356180996,31.817033768],[-0.362991989,31.830396652],[-0.362718999,31.844579697],[-0.373757988,31.883535385],[-0.387178987,31.892671585],[-0.397563994,32.000095367],[-0.387430996,32.020832062],[-0.387493014,32.038848877],[-0.384039015,32.055938721],[-0.366609007,32.06508255],[-0.373849005,32.079975128],[-0.366351008,32.09072113],[-0.35066399,32.101600647],[-0.335094005,32.128665924],[-0.337568015,32.143302917],[-0.287517995,32.175945282],[-0.268350005,32.183223724],[-0.247206002,32.182865143],[-0.227542996,32.176818848],[-0.208609,32.168739319],[-0.191597998,32.158794403],[-0.199096993,32.170166016],[-0.200147003,32.179851532],[-0.195139006,32.194076538],[-0.186926007,32.205757141],[-0.171348006,32.217819214],[-0.168354005,32.231681824],[-0.16821,32.244888306],[-0.160147995,32.258403778],[-0.149014995,32.270374298],[-0.147855997,32.295116425],[-0.151137993,32.312988281],[-0.150799006,32.3306427],[-0.077831,32.435310364],[-0.067185,32.452960968],[-0.016982,32.557125092],[-0.038348,32.650173187],[-0.026539,32.675552368],[-0.020942001,32.710334778],[-0.066892996,32.752559662],[-0.055222001,32.796852112],[-0.093730003,32.814785004],[-0.089656003,32.842227936],[-0.082105003,32.886802673],[-0.036114,32.907485962],[-0.010365,32.921009064],[-0.00412,32.932811737],[0.000561,32.949710846],[0.007128,32.961284637],[0.016037,32.983291626],[0.011522,32.988162994],[0.001152,32.99446106],[-0.005545999,32.99325943],[-0.015338,32.999847412],[-0.004846999,33.004943848],[-0.000716,33.012340546],[0.025038,33.038978577],[0.024321999,33.07358551],[0.016140001,33.08052063],[0.002023,33.086994171],[0.001238001,33.091522217],[-0.003661,33.091178894],[-0.008675,33.097251892],[-0.014467,33.108135223],[-0.016861999,33.116790771],[-0.015464,33.134033203],[-0.013293,33.142913818],[-0.00039,33.168296814],[0.006973,33.200954437],[0.007878,33.211040497],[0.00585,33.223873138],[0.008938,33.252979279],[0.026156001,33.324485779],[0.016616,33.334911346],[0.112649001,33.64654541],[0.110466003,33.649009705],[0.102645002,33.669635773],[0.100971997,33.679950714],[0.092749998,33.701377869],[0.087462001,33.722232819],[0.074381001,33.759937286],[0.072299004,33.762176514],[0.138191998,33.793563843],[0.170637995,33.807086945],[0.170300007,33.808403015],[0.162324995,33.806171417],[0.157133996,33.806518555],[0.146924004,33.81029892],[0.135114998,33.811157227],[0.122372001,33.830406189],[0.100050002,33.880599976],[0.087800004,33.880943298],[0.071001001,33.889877319],[0.064813003,33.891143799],[0.063368998,33.934913635],[0.066382997,33.953365326],[0.068193004,33.956687927],[0.069069996,33.978862762],[0.072770998,33.994159698],[0.022969,34.022754669],[0.013854,34.017021179],[-0.036456998,33.997371674],[-0.054035999,33.988140106],[-0.060430001,33.990436554],[-0.045446999,34.000919342],[-0.048896,34.012435913],[-0.050758,34.012950897],[-0.053702999,34.009918213],[-0.057250001,34.011287689],[-0.059857,34.018508911],[-0.059611,34.027965546],[-0.049876001,34.057640076],[-0.055743001,34.068817139],[-0.070473999,34.086460114],[-0.011854,34.180370331],[-0.001931,34.20672226],[0.005094,34.211421967],[0.02423,34.210506439],[0.03263,34.214176178],[0.037390999,34.222141266],[0.041756999,34.234111786],[0.035546001,34.258808136],[0.026086999,34.277770996],[0.030052001,34.303325653],[0.026448,34.317363739],[0.020369001,34.323608398],[0.02038,34.327617645],[0.018226,34.330482483],[0.017893,34.346755981],[0.020151,34.358043671],[0.009059,34.369102478],[-0.000963,34.394371033],[-0.006893,34.398841858],[-0.008474,34.40668869],[-0.011121,34.409667969],[-0.010531,34.418380737],[-0.015888,34.424507141],[-0.016215,34.429092407],[-0.019548999,34.433559418],[-0.017171999,34.437458038],[-0.017578,34.439693451],[-0.020648999,34.441757202],[-0.020111,34.44713974],[-0.011482,34.441806793]]]]},"properties":{"name":"El Bayadh","mapcolor":17,"cartodb_id":17}},{"type":"Feature","geometry":{"type":"MultiPolygon","coordinates":[[[[5.818895817,34.39969635],[5.956922054,34.384170532],[5.961913109,34.387496948],[5.96238184,34.390357971],[5.966049194,34.392822266],[5.999251842,34.398723602],[6.166515827,34.426914215],[6.208261013,34.427371979],[6.220802784,34.420612335],[6.2259202,34.421585083],[6.22990799,34.41865921],[6.233850002,34.419868469],[6.263317108,34.402793884],[6.296170235,34.400730133],[6.31330204,34.395687103],[6.329538822,34.386806488],[6.359973907,34.364402771],[6.38877821,34.36239624],[6.473473072,34.339191437],[6.49419117,34.321662903],[6.507593155,34.304130554],[6.511253834,34.305046082],[6.525754929,34.287513733],[6.535439014,34.283275604],[6.553039074,34.282470703],[6.569231033,34.282985687],[6.582254887,34.285507202],[6.593416214,34.289806366],[6.617479801,34.302810669],[6.661610126,34.337989807],[6.665567875,34.34463501],[6.675015926,34.351284027],[6.677622795,34.355583191],[6.682918072,34.357471466],[6.687198162,34.362228394],[6.690544128,34.372711182],[6.700221062,34.384971619],[6.702709198,34.385814667],[6.700501919,34.384513855],[6.699091911,34.37752533],[6.691633224,34.325500488],[6.697356224,34.30607605],[6.700747967,34.301494598],[6.714012146,34.292098999],[6.762863159,34.265739441],[6.825337887,34.226379395],[6.910973072,34.190227509],[6.937683105,34.17080307],[7.009161949,34.154468536],[7.010778904,34.154514313],[7.011826038,34.204650879],[7.021842003,34.288944244],[7.022819996,34.33234787],[7.232257843,34.340171814],[7.42735815,34.274620056],[7.642514229,34.261901855],[7.655130863,34.259151459],[7.813154221,34.242710114],[7.815853119,34.212932587],[7.738051891,34.167064667],[7.661218166,34.196598053],[7.619161129,34.139217377],[7.613870144,34.113048553],[7.602583885,34.110118866],[7.599610806,34.105937958],[7.597061157,34.106777191],[7.59305191,34.105880737],[7.591164112,34.103752136],[7.587463856,34.104362488],[7.586101055,34.101997375],[7.579432964,34.098205566],[7.578577995,34.095237732],[7.581725121,34.093715668],[7.587703228,34.096950531],[7.590658188,34.095092773],[7.589204788,34.091121674],[7.580777168,34.085739136],[7.563736916,34.083057404],[7.558835983,34.077316284],[7.537100792,34.073429108],[7.531873226,34.069656372],[7.530076027,34.065776825],[7.530079842,34.06047821],[7.537185192,34.046508789],[7.563399792,34.022296906],[7.547369957,33.981327057],[7.55328083,33.943264008],[7.530161858,33.912883759],[7.543519974,33.882526398],[7.555648804,33.842254639],[7.531700134,33.804058075],[7.571051121,33.786514282],[7.595065117,33.760192871],[7.602108002,33.724552155],[7.603149891,33.711788177],[7.606948853,33.697246552],[7.600870132,33.659667969],[7.601706028,33.653030396],[7.633300781,33.586330414],[7.738933086,33.449344635],[7.741415977,33.442462921],[7.754668236,33.428993225],[7.764902115,33.379928589],[7.769216061,33.366470337],[7.787653923,33.286640167],[7.80277586,33.250732422],[7.832828045,33.187679291],[7.84986496,33.18844223],[7.906369209,33.184059143],[7.942217827,33.169597626],[7.946490765,33.169223785],[7.963046074,33.16109848],[8.042782784,33.129928589],[8.048733711,33.128746033],[8.052037239,33.125358582],[8.058859825,33.124187469],[8.085693359,33.113796234],[8.117963791,33.099380493],[8.115009308,33.060726166],[8.114953041,33.052253723],[8.116856575,33.04940033],[8.163286209,33.007629395],[8.169669151,33.00453186],[8.247885704,32.923965454],[8.323304176,32.82302475],[8.357524872,32.502140045],[8.51111412,32.4112854],[8.800999641,32.235736847],[9.065976143,32.086891174],[8.499174118,32.067874908],[8.023256302,32.047592163],[7.994459152,32.045013428],[7.54026413,32.024272919],[7.252478123,32.001178741],[7.242566109,32.000953674],[7.235476017,32.003452301],[7.050314903,32.20211792],[7.020177841,32.237701416],[6.99623394,32.261592865],[6.968531132,32.302101135],[6.885303974,32.409931183],[6.830516815,32.486305237],[6.751398087,32.59292984],[6.727235794,32.622959137],[6.726484776,32.626796722],[6.685431957,32.685752869],[6.660870075,32.726261139],[6.64700985,32.770606995],[6.575517178,32.97120285],[6.566228867,33.000705719],[6.5678792,33.001739502],[6.562024117,33.019729614],[6.502670765,33.185314178],[6.327940941,33.633995056],[6.295173168,33.854072571],[6.284808159,33.934169769],[6.272725105,33.905525208],[6.268455982,33.90328598],[6.26531601,33.904373169],[6.262669086,33.907756805],[6.256549835,33.926433563],[6.246014118,33.944541931],[6.231133938,33.945343018],[6.210267067,33.94127655],[6.180678844,33.930675507],[6.165156841,33.922023773],[6.163054943,33.922710419],[6.157944202,33.91967392],[6.145166874,33.908443451],[6.133416176,33.895320892],[6.125669003,33.882488251],[6.118336201,33.875495911],[6.093046188,33.865646362],[6.079568863,33.862094879],[6.070855141,33.862438202],[6.065262794,33.867996216],[6.06349802,33.878707886],[6.064987183,33.889652252],[6.0634799,33.899276733],[6.055620193,33.903690338],[6.053277016,33.90417099],[6.034516811,33.894634247],[6.026145935,33.886383057],[6.023557186,33.881000519],[6.028082848,33.860946655],[6.022874832,33.849887848],[6.019877911,33.838314056],[6.019031048,33.826568604],[6.022800922,33.819351196],[6.036946774,33.809146881],[6.041130066,33.804225922],[6.043725014,33.797462463],[6.044137001,33.786231995],[6.045804977,33.782623291],[6.061137199,33.76990509],[6.062701225,33.76285553],[6.061835766,33.742115021],[6.066670895,33.730709076],[6.067652225,33.723667145],[6.06553793,33.714614868],[6.05581522,33.700805664],[6.053155899,33.691238403],[6.054914951,33.674217224],[6.065566063,33.63325119],[6.065210819,33.624027252],[6.060828209,33.618869781],[6.054473877,33.614803314],[6.048330784,33.61239624],[6.035933018,33.611766815],[6.027029037,33.609016418],[6.023580074,33.605064392],[6.02077198,33.597385406],[6.018984795,33.583694458],[6.024089813,33.572921753],[6.031979084,33.562492371],[6.04473877,33.5509758],[6.058886051,33.541980743],[6.067255974,33.532409668],[6.071009159,33.524906158],[6.07296896,33.517459869],[6.083831787,33.419197083],[6.082777977,33.420341492],[5.999835968,33.421829224],[5.997465134,33.424869537],[5.995051861,33.424983978],[5.761360168,33.422344208],[5.718090057,33.420459747],[5.718560219,33.417255402],[5.279459953,33.429042816],[5.287357807,33.440452576],[5.31492281,33.470417023],[5.312699795,33.495456696],[5.285467148,33.549884796],[5.282934189,33.55802536],[5.287834167,33.598648071],[5.287941933,33.64339447],[5.274064064,33.720672607],[5.271989822,33.73405838],[5.273077011,33.738716125],[5.248730183,33.791194916],[5.251020908,33.790126801],[5.225412846,33.821399689],[5.231784821,33.854320526],[5.260735989,33.896392822],[5.267732143,33.932952881],[5.268405914,33.965263367],[5.271051884,33.976200104],[5.327344894,34.051773071],[5.336380005,34.060577393],[5.343432903,34.086803436],[5.358780861,34.115970612],[5.36970377,34.156612396],[5.33926487,34.174873352],[5.276025772,34.242778778],[5.202507019,34.287536621],[5.225543022,34.333385468],[5.231561184,34.342510223],[5.237957001,34.358779907],[5.228437901,34.370121002],[5.219742775,34.387561798],[5.210001945,34.394618988],[5.206336021,34.400512695],[5.183544159,34.412857056],[5.194170952,34.426109314],[5.236839771,34.450176239],[5.274047852,34.462322235],[5.259541035,34.471660614],[5.24112606,34.487533569],[5.251788139,34.49269104],[5.278722763,34.499679565],[5.293930054,34.510734558],[5.298380852,34.5014534],[5.301303864,34.499397278],[5.399158955,34.448917389],[5.463822842,34.438602448],[5.472891808,34.435905457],[5.516563892,34.433555603],[5.55960989,34.426513672],[5.681563854,34.419807434],[5.70538187,34.413909912],[5.818895817,34.39969635]]]]},"properties":{"name":"El Oued","mapcolor":18,"cartodb_id":18}},{"type":"Feature","geometry":{"type":"MultiPolygon","coordinates":[[[[8.227083206,36.952083588],[8.230973244,36.949584961],[8.234306335,36.951248169],[8.240694046,36.949028015],[8.242637634,36.94569397],[8.240139961,36.936527252],[8.241250038,36.934581757],[8.251805305,36.933750153],[8.257917404,36.931251526],[8.260140419,36.932361603],[8.264281273,36.928749084],[8.26652813,36.924026489],[8.265693665,36.919029236],[8.270972252,36.916805267],[8.292362213,36.914859772],[8.299860001,36.91569519],[8.306248665,36.919029236],[8.311804771,36.918750763],[8.31347084,36.915416718],[8.314862251,36.915416718],[8.320416451,36.916805267],[8.320139885,36.918750763],[8.323749542,36.920696259],[8.327360153,36.91986084],[8.32875061,36.920970917],[8.333194733,36.919029236],[8.335970879,36.919582367],[8.336251259,36.917362213],[8.339583397,36.916526794],[8.339304924,36.91847229],[8.345137596,36.919582367],[8.347915649,36.91847229],[8.348194122,36.91986084],[8.350416183,36.918750763],[8.356250763,36.922359467],[8.358472824,36.921806335],[8.359305382,36.923473358],[8.362360954,36.920417786],[8.367918015,36.919303894],[8.369861603,36.91708374],[8.37097168,36.919029236],[8.380138397,36.91847229],[8.383750916,36.914028168],[8.386528969,36.915416718],[8.389582634,36.913749695],[8.402084351,36.915138245],[8.403194427,36.912639618],[8.405694008,36.912639618],[8.409860611,36.907917023],[8.412361145,36.908195496],[8.41569519,36.903751373],[8.420139313,36.901805878],[8.426250458,36.895137787],[8.432915688,36.895694733],[8.434860229,36.897640228],[8.434304237,36.900138855],[8.438751221,36.900970459],[8.451527596,36.897361755],[8.453193665,36.899307251],[8.457362175,36.900138855],[8.467638969,36.897914886],[8.467638969,36.900138855],[8.476528168,36.901248932],[8.477917671,36.903751373],[8.483194351,36.902915955],[8.486528397,36.905693054],[8.490973473,36.904026031],[8.491806984,36.907917023],[8.496805191,36.904582977],[8.502915382,36.90486145],[8.506527901,36.90763855],[8.510972023,36.907917023],[8.510416031,36.909305573],[8.514860153,36.907917023],[8.515137672,36.910415649],[8.518472672,36.9090271],[8.519305229,36.910694122],[8.522360802,36.910972595],[8.522360802,36.913471222],[8.52597332,36.913749695],[8.527360916,36.91569519],[8.529583931,36.914859772],[8.530139923,36.916526794],[8.534305573,36.918193817],[8.538749695,36.919029236],[8.540694237,36.917915344],[8.544582367,36.920139313],[8.547361374,36.91986084],[8.547361374,36.921806335],[8.548194885,36.920417786],[8.551804543,36.92124939],[8.553749084,36.925693512],[8.556527138,36.927360535],[8.560137749,36.926528931],[8.561528206,36.928195953],[8.565137863,36.927639008],[8.567084312,36.929584503],[8.573748589,36.92930603],[8.577638626,36.930973053],[8.585140228,36.929584503],[8.589028358,36.93069458],[8.590694427,36.92930603],[8.592638016,36.933193207],[8.600694656,36.933193207],[8.607916832,36.940692902],[8.612361908,36.942359924],[8.613471985,36.941806793],[8.613194466,36.935974121],[8.616527557,36.934307098],[8.629304886,36.937362671],[8.637361526,36.936527252],[8.638750076,36.937915802],[8.637918472,36.94152832],[8.639862061,36.942359924],[8.645048141,36.939914703],[8.647507668,36.930469513],[8.653979301,36.922771454],[8.651185036,36.923435211],[8.657504082,36.916622162],[8.639665604,36.910312653],[8.637076378,36.905792236],[8.633923531,36.89868927],[8.63480854,36.894451141],[8.632570267,36.888439178],[8.634143829,36.875453949],[8.631554604,36.869724274],[8.632722855,36.864212036],[8.628491402,36.855567932],[8.634712219,36.857345581],[8.64255619,36.854534149],[8.647351265,36.854824066],[8.657007217,36.850353241],[8.661671638,36.850776672],[8.665854454,36.853504181],[8.675140381,36.843994141],[8.684576988,36.838954926],[8.681763649,36.831447601],[8.672418594,36.818553925],[8.635089874,36.8021698],[8.627349854,36.802509308],[8.622759819,36.795753479],[8.616171837,36.791969299],[8.61336422,36.792198181],[8.603526115,36.799190521],[8.589945793,36.789905548],[8.581116676,36.781311035],[8.575736046,36.773521423],[8.570586205,36.776039124],[8.56883812,36.774150848],[8.563102722,36.77432251],[8.556679726,36.778617859],[8.554320335,36.776443481],[8.545490265,36.773864746],[8.537737846,36.775699615],[8.535728455,36.774551392],[8.528669357,36.781654358],[8.511593819,36.779075623],[8.486927986,36.779766083],[8.482700348,36.778274536],[8.476713181,36.772373199],[8.461414337,36.769794464],[8.442264557,36.760913849],[8.431753159,36.759426117],[8.435315132,36.749973297],[8.440815926,36.746765137],[8.448412895,36.74647522],[8.461407661,36.749458313],[8.472082138,36.742008209],[8.466667175,36.734958649],[8.468202591,36.724529266],[8.471441269,36.719657898],[8.477651596,36.715423584],[8.482853889,36.700180054],[8.489329338,36.696800232],[8.48930645,36.693477631],[8.485376358,36.689239502],[8.486956596,36.686256409],[8.485162735,36.68132782],[8.478281975,36.676517487],[8.471777916,36.666778564],[8.453260422,36.661560059],[8.461796761,36.656295776],[8.457111359,36.640995026],[8.452791214,36.633831024],[8.45273304,36.629364014],[8.448877335,36.622833252],[8.450406075,36.619106293],[8.432536125,36.618190765],[8.419449806,36.621685028],[8.411165237,36.615959167],[8.406214714,36.616474152],[8.400323868,36.610054016],[8.401194572,36.607818604],[8.39593029,36.600944519],[8.396204948,36.597106934],[8.388333321,36.59286499],[8.382403374,36.597164154],[8.379302979,36.59469986],[8.365717888,36.591663361],[8.361879349,36.589313507],[8.358315468,36.584274292],[8.352505684,36.582496643],[8.349980354,36.580089569],[8.344764709,36.579574585],[8.33734417,36.575050354],[8.334060669,36.575904846],[8.326525688,36.573383331],[8.323278427,36.56880188],[8.321891785,36.564277649],[8.323066711,36.561927795],[8.320555687,36.559921265],[8.320070267,36.557285309],[8.310323715,36.549263],[8.302262306,36.54794693],[8.290023804,36.539066315],[8.275620461,36.537750244],[8.265649796,36.534885406],[8.257370949,36.537059784],[8.249652863,36.533050537],[8.246730804,36.527835846],[8.238182068,36.525432587],[8.231002808,36.5207901],[8.22470665,36.520442963],[8.221491814,36.515514374],[8.209644318,36.513969421],[8.19613266,36.507839203],[8.181568146,36.514198303],[8.176566124,36.51316452],[8.172543526,36.504058838],[8.162047386,36.498615265],[8.155617714,36.499187469],[8.152891159,36.495578766],[8.153980255,36.493343353],[8.161170006,36.490592957],[8.160580635,36.478218079],[8.167064667,36.468647003],[8.164934158,36.462692261],[8.165805817,36.458507538],[8.15615654,36.453639984],[8.149682999,36.446540833],[8.138642311,36.448940277],[8.126712799,36.449398041],[8.124844551,36.45059967],[8.125739098,36.454441071],[8.124483109,36.45558548],[8.112691879,36.453121185],[8.095228195,36.439544678],[8.077289581,36.437709808],[8.064162254,36.418628693],[8.059327126,36.414035797],[8.055620193,36.405105591],[8.046167374,36.399951935],[8.04634285,36.392677307],[8.033433914,36.390956879],[8.020480156,36.396858215],[8.019369125,36.404594421],[8.021134377,36.409576416],[8.016665459,36.410953522],[8.013466835,36.417484283],[8.01133728,36.431346893],[8.014727592,36.437767029],[8.013004303,36.441947937],[8.013788223,36.449512482],[8.014899254,36.452148438],[8.018974304,36.451400757],[8.025024414,36.454841614],[8.026146889,36.459369659],[8.005439758,36.461086273],[7.994147778,36.469852448],[7.984893799,36.466068268],[7.979720116,36.466300964],[7.959928036,36.461410522],[7.954274178,36.473236084],[7.945851803,36.481712341],[7.945588112,36.484977722],[7.942924023,36.486812592],[7.941338062,36.491882324],[7.95719099,36.496551514],[7.953306198,36.498157501],[7.948384762,36.505199432],[7.934403896,36.517181396],[7.92553997,36.530471802],[7.92326498,36.530529022],[7.920434952,36.534767151],[7.915771961,36.535053253],[7.905796051,36.539295197],[7.898354053,36.540439606],[7.892394066,36.538780212],[7.87962389,36.542789459],[7.875618935,36.545196533],[7.873681068,36.549377441],[7.867819786,36.553905487],[7.864961147,36.558486938],[7.859667778,36.559921265],[7.856887817,36.556999207],[7.859341145,36.54920578],[7.866950035,36.53843689],[7.860040188,36.530014038],[7.858808041,36.530014038],[7.862279892,36.533679962],[7.864211082,36.538780212],[7.855278969,36.543018341],[7.857158184,36.547660828],[7.851726055,36.551383972],[7.845921993,36.551269531],[7.84134388,36.548866272],[7.837396145,36.550697327],[7.830097198,36.54983902],[7.818173885,36.541759491],[7.808668137,36.540325165],[7.804285049,36.537403107],[7.803579807,36.541072845],[7.794807911,36.538894653],[7.792121887,36.543876648],[7.785303116,36.545021057],[7.781670094,36.548347473],[7.785227776,36.555622101],[7.783205986,36.561183929],[7.776531219,36.564617157],[7.776341915,36.566055298],[7.780128956,36.586849213],[7.771884918,36.590232849],[7.774938107,36.597621918],[7.769392014,36.60300827],[7.770326138,36.608222961],[7.766539097,36.614234924],[7.765151978,36.621685028],[7.755736828,36.622131348],[7.742451191,36.619853973],[7.734996796,36.622146606],[7.745488167,36.629249573],[7.744123936,36.642082214],[7.712410927,36.662769318],[7.693870068,36.65927124],[7.688301086,36.655376434],[7.696883202,36.644889832],[7.675002098,36.648670197],[7.671322823,36.651767731],[7.666720867,36.652641296],[7.668532848,36.659042358],[7.666844845,36.664424896],[7.671288967,36.677547455],[7.673909187,36.681098938],[7.68639183,36.687461853],[7.689549923,36.687519073],[7.691267967,36.690788269],[7.692809105,36.689754486],[7.69763422,36.707458496],[7.681333065,36.718112946],[7.680829048,36.72052002],[7.684020042,36.727970123],[7.679230213,36.732154846],[7.678904057,36.737136841],[7.69455719,36.743041992],[7.697982788,36.748081207],[7.696522236,36.750202179],[7.699502945,36.751976013],[7.700843811,36.757762909],[7.705391884,36.765098572],[7.719745159,36.754440308],[7.722970963,36.760169983],[7.728167057,36.779304504],[7.745791912,36.773578644],[7.751166821,36.769680023],[7.751749992,36.774551392],[7.772926807,36.771972656],[7.772428989,36.794033051],[7.782444,36.804916382],[7.782124043,36.80657959],[7.775925159,36.80953598],[7.778771877,36.816661835],[7.777625084,36.823196411],[7.804502964,36.81803894],[7.814599037,36.813396454],[7.820425987,36.817871094],[7.83236599,36.821304321],[7.827547073,36.832363129],[7.827243805,36.839637756],[7.819978237,36.843364716],[7.816449165,36.848472595],[7.847083092,36.842639923],[7.899860859,36.843193054],[7.945137978,36.848472595],[7.991527081,36.858470917],[7.998472214,36.862083435],[8.009583473,36.863471985],[8.012360573,36.865695953],[8.024306297,36.868473053],[8.027640343,36.87097168],[8.034029007,36.871528625],[8.052362442,36.87902832],[8.054583549,36.878471375],[8.059860229,36.88180542],[8.063751221,36.882083893],[8.064861298,36.884029388],[8.070693016,36.88458252],[8.07097435,36.886528015],[8.075415611,36.886528015],[8.077362061,36.889026642],[8.084028244,36.887916565],[8.08541584,36.89125061],[8.089583397,36.891803741],[8.104027748,36.899307251],[8.109581947,36.900417328],[8.115695,36.904026031],[8.11958313,36.9034729],[8.120972633,36.905693054],[8.128472328,36.90625],[8.128749847,36.908195496],[8.132916451,36.908473969],[8.133749962,36.910694122],[8.140137672,36.910694122],[8.142916679,36.913749695],[8.15097332,36.915416718],[8.164859772,36.922916412],[8.183750153,36.92930603],[8.190137863,36.93347168],[8.193751335,36.933750153],[8.196526527,36.939861298],[8.200416565,36.940971375],[8.202082634,36.938472748],[8.206249237,36.937637329],[8.208472252,36.944026947],[8.211250305,36.944026947],[8.212916374,36.946250916],[8.221803665,36.946804047],[8.220416069,36.949306488],[8.227083206,36.952083588]]]]},"properties":{"name":"El Tarf","mapcolor":19,"cartodb_id":19}},{"type":"Feature","geometry":{"type":"MultiPolygon","coordinates":[[[[3.670253038,33.053936005],[3.674442053,33.050441742],[3.677752972,33.051700592],[3.682131052,33.058746338],[3.685897112,33.061256409],[3.694575071,33.061500549],[3.703376055,33.058288574],[3.708216906,33.059379578],[3.714961052,33.065052032],[3.718364,33.063159943],[3.725733042,33.050327301],[3.732498884,33.047576904],[3.734675884,33.047828674],[3.740943909,33.054164886],[3.746381998,33.051986694],[3.753870964,33.055023193],[3.762304068,33.05216217],[3.774394035,33.053417206],[3.800623894,33.045852661],[3.817657948,33.036632538],[3.827433109,33.038295746],[3.828090906,33.035140991],[3.834033012,33.029239655],[3.839981079,33.019874573],[3.85007,33.020019531],[3.858721972,33.026317596],[3.866302967,33.029411316],[3.871263981,33.034282684],[3.875927925,33.035774231],[3.884751081,33.029640198],[4.102365971,33.014801025],[4.359377861,33.000480652],[4.370654106,32.998474121],[4.480638027,32.990047455],[4.482906818,32.986557007],[4.788107872,32.910984039],[4.945759773,32.869617462],[5.00184679,32.856151581],[5.025972843,32.852489471],[4.866353989,32.621295929],[4.782001019,32.494670868],[4.46326685,32.21667099],[4.433359146,32.029430389],[4.432155132,31.999521255],[4.429800034,31.998949051],[4.423991203,31.911859512],[4.417378902,31.728111267],[4.408846855,31.54883194],[4.260445118,31.23610878],[4.257184982,31.235479355],[4.15101099,30.937889099],[4.059326172,30.67587471],[4.03410387,30.598468781],[3.999732971,30.504089355],[3.827054024,30.009756088],[3.822985888,30.000297546],[3.816797972,29.998235703],[3.750684977,29.806983948],[3.730458975,29.801597595],[3.715471029,29.791513443],[3.712342978,29.785898209],[3.691378117,29.774898529],[3.678932905,29.765213013],[3.68115592,29.754041672],[3.669789076,29.728088379],[3.667159081,29.715024948],[3.36648798,29.217351913],[2.997385979,29.079151154],[2.996769905,29.080186844],[2.714456081,29.060993195],[2.500010014,29.045064926],[2.320055008,28.98891449],[2.039310932,28.897239685],[2.065284014,28.996591568],[2.092350006,29.089241028],[2.003410101,29.540405273],[1.95875895,29.745849609],[1.909428,29.998983383],[1.903910041,30.019834518],[1.960970998,30.238534927],[1.999814987,30.380794525],[2.004165888,30.383777618],[2.024701118,30.539680481],[2.034240961,30.990886688],[2.036526918,30.999937057],[2.041935921,31.098773956],[2.059900999,31.659145355],[2.273633957,31.85966301],[2.267674923,31.931625366],[2.265166044,31.999919891],[2.25160408,32.106433868],[2.242527962,32.196331024],[2.296823978,32.228561401],[2.361211061,32.261135101],[2.297836065,32.477596283],[2.27483201,32.561706543],[2.242384911,32.802520752],[2.520956993,32.822807312],[2.72361207,32.839420319],[2.750833035,32.837127686],[2.800858021,32.857299805],[2.826389074,32.863540649],[2.842318058,32.869846344],[2.865580082,32.874656677],[2.884644032,32.881374359],[2.98232007,32.892875671],[2.999908924,32.897689819],[3.394028902,32.81388092],[3.380611897,32.927368164],[3.241731882,32.995380402],[3.212585926,33.016292572],[3.576407909,33.026088715],[3.584177017,33.028266907],[3.587282896,33.039497375],[3.591161966,33.042758942],[3.60521102,33.034111023],[3.615513086,33.034053802],[3.61977005,33.040298462],[3.617517948,33.051872253],[3.620835066,33.054164886],[3.627413034,33.052444458],[3.631601095,33.04127121],[3.634706974,33.040241241],[3.640825987,33.041442871],[3.645106077,33.04637146],[3.647701025,33.057197571],[3.656570911,33.062187195],[3.660718918,33.070606232],[3.66625905,33.070381165],[3.669079065,33.067798615],[3.670253038,33.053936005]]]]},"properties":{"name":"Ghardaïa","mapcolor":20,"cartodb_id":20}},{"type":"Feature","geometry":{"type":"MultiPolygon","coordinates":[[[[7.487340927,36.673313141],[7.489443779,36.670272827],[7.493087769,36.668670654],[7.494749069,36.662879944],[7.498387814,36.660243988],[7.494365215,36.651367188],[7.491547108,36.6497612],[7.493277073,36.646266937],[7.492394924,36.639850616],[7.494044781,36.62896347],[7.492996216,36.627128601],[7.509748936,36.627529144],[7.517897129,36.630111694],[7.520244122,36.633174896],[7.524590015,36.632457733],[7.531847954,36.634120941],[7.534764767,36.625411987],[7.537432194,36.626335144],[7.545444965,36.619567871],[7.545478821,36.615730286],[7.553111076,36.611255646],[7.555051804,36.607765198],[7.56311512,36.609481812],[7.592954159,36.603637695],[7.605617046,36.60615921],[7.605995178,36.611141205],[7.610188961,36.614810944],[7.621903896,36.602619171],[7.63048315,36.60552597],[7.631172657,36.60868454],[7.6396451,36.614006042],[7.638950825,36.617275238],[7.644199848,36.62254715],[7.656163216,36.643798828],[7.663308144,36.650276184],[7.668676853,36.652454376],[7.675002098,36.648670197],[7.696883202,36.644889832],[7.688301086,36.655376434],[7.693870068,36.65927124],[7.712410927,36.662769318],[7.744123936,36.642082214],[7.745488167,36.629249573],[7.734996796,36.622146606],[7.742451191,36.619853973],[7.755736828,36.622131348],[7.765151978,36.621685028],[7.766539097,36.614234924],[7.770326138,36.608222961],[7.769392014,36.60300827],[7.774938107,36.597621918],[7.771884918,36.590232849],[7.780128956,36.586849213],[7.776341915,36.566055298],[7.776531219,36.564617157],[7.779573917,36.564159393],[7.783332825,36.560894012],[7.785252094,36.555393219],[7.78139019,36.549491882],[7.783847809,36.545825958],[7.791880131,36.544048309],[7.794807911,36.538894653],[7.803579807,36.541072845],[7.804285049,36.537403107],[7.808668137,36.540325165],[7.818173885,36.541759491],[7.830097198,36.54983902],[7.837396145,36.550697327],[7.84134388,36.548866272],[7.845921993,36.551269531],[7.851726055,36.551383972],[7.857158184,36.547660828],[7.855278969,36.543018341],[7.864211082,36.538780212],[7.859392166,36.529838562],[7.864433765,36.533851624],[7.866950035,36.53843689],[7.859341145,36.54920578],[7.856887817,36.556999207],[7.859667778,36.559921265],[7.864961147,36.558486938],[7.867819786,36.553905487],[7.873681068,36.549377441],[7.875618935,36.545196533],[7.87962389,36.542789459],[7.892394066,36.538780212],[7.898354053,36.540439606],[7.905796051,36.539295197],[7.915771961,36.535053253],[7.920434952,36.534767151],[7.92326498,36.530529022],[7.92553997,36.530471802],[7.934403896,36.517181396],[7.948384762,36.505199432],[7.953306198,36.498157501],[7.95719099,36.496551514],[7.941338062,36.491882324],[7.942924023,36.486812592],[7.945588112,36.484977722],[7.945851803,36.481712341],[7.954274178,36.473236084],[7.959969044,36.461315155],[7.950131893,36.456615448],[7.943846226,36.457191467],[7.940351009,36.45558548],[7.920045853,36.43914032],[7.902719975,36.436908722],[7.892189026,36.428600311],[7.88634491,36.426136017],[7.886905193,36.423442841],[7.881674767,36.416568756],[7.873635769,36.414905548],[7.87046814,36.411354065],[7.868478775,36.405338287],[7.852712154,36.410778046],[7.841969013,36.419029236],[7.83374691,36.421836853],[7.825094223,36.421497345],[7.820534229,36.423271179],[7.820808887,36.421554565],[7.819026947,36.42023468],[7.821530819,36.417770386],[7.817554951,36.416221619],[7.81602478,36.412960052],[7.812479019,36.41198349],[7.811772823,36.403274536],[7.814908028,36.402130127],[7.811749935,36.399032593],[7.812077999,36.395137787],[7.81016922,36.393302917],[7.815795898,36.389522552],[7.816649914,36.386657715],[7.808038235,36.37273407],[7.82744503,36.362594604],[7.826395988,36.357379913],[7.831816196,36.35131073],[7.8404212,36.349761963],[7.839396954,36.338588715],[7.856287003,36.317157745],[7.855134964,36.314464569],[7.837338924,36.300998688],[7.832863808,36.301921844],[7.807734013,36.300086975],[7.802315235,36.294010162],[7.798194885,36.29177475],[7.787817955,36.294128418],[7.781950951,36.293670654],[7.774181843,36.289543152],[7.770176888,36.285358429],[7.763244152,36.284614563],[7.757303238,36.287651062],[7.743305206,36.299510956],[7.73775816,36.295215607],[7.730957031,36.298652649],[7.722392082,36.289714813],[7.726728916,36.285934448],[7.723639965,36.281692505],[7.727472782,36.281749725],[7.728240967,36.280490875],[7.714147091,36.268516541],[7.696498871,36.259693146],[7.688437939,36.260089874],[7.684943199,36.261753082],[7.678278923,36.256137848],[7.674273968,36.260780334],[7.663496971,36.261638641],[7.659595013,36.256427765],[7.659183025,36.253444672],[7.660923958,36.249954224],[7.641105175,36.241641998],[7.633525848,36.241756439],[7.631691933,36.236255646],[7.624244213,36.229671478],[7.622855186,36.222286224],[7.617288113,36.222507477],[7.612462044,36.226753235],[7.611035824,36.231678009],[7.597527981,36.233520508],[7.583415031,36.22946167],[7.56644392,36.235054016],[7.563389778,36.2330513],[7.547237873,36.229667664],[7.545633793,36.227661133],[7.534380913,36.227432251],[7.524868965,36.223304749],[7.52293396,36.219432831],[7.51829195,36.220962524],[7.511966228,36.219814301],[7.505246162,36.215805054],[7.494193077,36.215003967],[7.489912987,36.217750549],[7.475240231,36.210933685],[7.468817234,36.213626862],[7.461075783,36.213741302],[7.45673418,36.211734772],[7.45187521,36.206005096],[7.444007874,36.203598022],[7.435224056,36.207038879],[7.430381775,36.205085754],[7.429993153,36.207324982],[7.417822838,36.210361481],[7.416721821,36.211967468],[7.406065941,36.209213257],[7.404037952,36.21081543],[7.39966011,36.210590363],[7.389358997,36.213565826],[7.379228115,36.213851929],[7.377911091,36.215858459],[7.373865128,36.21529007],[7.366887093,36.220100403],[7.340994835,36.220329285],[7.335849762,36.223136902],[7.327168941,36.221591949],[7.324114799,36.226173401],[7.319118977,36.2253685],[7.317590237,36.231269836],[7.308967113,36.229667664],[7.303884983,36.226917267],[7.296619892,36.218952179],[7.295444965,36.213111877],[7.291612148,36.209388733],[7.291978836,36.200561523],[7.284261227,36.195232391],[7.284152031,36.190021515],[7.288437843,36.178390503],[7.282371044,36.178447723],[7.287611961,36.174610138],[7.295530796,36.164524078],[7.289206028,36.160514832],[7.290151119,36.156101227],[7.29655695,36.156215668],[7.296928883,36.154666901],[7.294620037,36.154323578],[7.298447132,36.150428772],[7.302618027,36.151287079],[7.304153919,36.149108887],[7.30947113,36.149169922],[7.323760033,36.144012451],[7.32063818,36.139255524],[7.316154003,36.141544342],[7.316335201,36.144012451],[7.284324169,36.145786285],[7.27816391,36.144184113],[7.270945072,36.146877289],[7.266808987,36.145729065],[7.260585785,36.141090393],[7.256019115,36.140861511],[7.255829811,36.132152557],[7.246303082,36.126766205],[7.243981838,36.12171936],[7.235806942,36.119186401],[7.234521866,36.117137909],[7.234992981,36.10395813],[7.227344036,36.097946167],[7.228856087,36.093650818],[7.224358082,36.08379364],[7.226935863,36.080471039],[7.219567776,36.073364258],[7.215723991,36.078636169],[7.14189291,36.04769516],[7.143485069,36.045921326],[7.132582188,36.045864105],[7.122038841,36.042480469],[7.109502792,36.042369843],[7.083858013,36.025123596],[7.07789278,36.031421661],[7.074512959,36.031539917],[7.073297977,36.033660889],[7.064371109,36.030395508],[7.048746109,36.03383255],[7.040167809,36.032012939],[7.036612034,36.033256531],[7.040272236,36.04019165],[7.038639069,36.044437408],[7.040517807,36.044487],[7.040535927,36.05348587],[7.037218094,36.060874939],[7.047996044,36.069984436],[7.035247803,36.074054718],[7.027381897,36.081390381],[7.008673191,36.09009552],[6.998817921,36.092960358],[6.98880291,36.093475342],[6.99022913,36.096340179],[6.997535229,36.096973419],[6.993299961,36.10459137],[6.99567318,36.106826782],[7.004529953,36.125736237],[7.003826141,36.138111115],[7.00027895,36.142635345],[7.000404835,36.145561218],[6.998004913,36.147506714],[7.005195141,36.153236389],[7.001797199,36.162975311],[6.998387814,36.163719177],[7.011544228,36.169509888],[7.018447876,36.175979614],[7.040381908,36.180850983],[7.038839817,36.189388275],[7.040295124,36.190994263],[7.04092598,36.198383331],[7.038164139,36.203540802],[7.039228916,36.205718994],[7.041761875,36.205593109],[7.04593277,36.209785461],[7.045073986,36.217636108],[7.050093174,36.22170639],[7.049445152,36.228981018],[7.046936035,36.231559753],[7.0436759,36.242218018],[7.049004078,36.245937347],[7.046695232,36.246227264],[7.042736053,36.25384903],[7.040932178,36.266681671],[7.032187939,36.281578064],[7.031248093,36.287708282],[7.025238037,36.302722931],[7.014673233,36.301288605],[7.00991106,36.298995972],[6.995597839,36.301860809],[6.988636971,36.30122757],[6.974575996,36.308563232],[6.966434956,36.314922333],[6.966674805,36.317272186],[6.971207142,36.315555573],[6.977532864,36.317214966],[6.985851765,36.324951172],[6.983891964,36.33108139],[6.988813877,36.337841034],[6.997357845,36.340019226],[6.991404057,36.343399048],[6.984418869,36.344890594],[6.972101212,36.355377197],[6.963895798,36.354751587],[6.959283829,36.359443665],[6.952229977,36.36082077],[6.94819212,36.36333847],[6.956746101,36.370674133],[6.964944839,36.374744415],[6.967655182,36.380126953],[6.974880219,36.383739471],[6.953320026,36.40178299],[6.952425957,36.409694672],[6.956219196,36.41462326],[6.956992149,36.418228149],[6.949308872,36.419185638],[6.953095913,36.423900604],[6.945034981,36.428253174],[6.941000938,36.432842255],[6.94220686,36.434738159],[6.940279007,36.437252045],[6.944032192,36.439029694],[6.944375992,36.449226379],[6.951395035,36.446529388],[6.949275017,36.451633453],[6.949709892,36.454780579],[6.947051048,36.459308624],[6.947485924,36.464809418],[6.955451012,36.478733063],[6.990402222,36.480968475],[6.998491764,36.477531433],[7.005844116,36.479595184],[7.007126808,36.481655121],[7.013114929,36.480548859],[7.047084808,36.489677429],[7.045096874,36.495063782],[7.047942162,36.498767853],[7.082820892,36.501251221],[7.08604002,36.507843018],[7.087645054,36.520046234],[7.081336975,36.526172638],[7.078575134,36.52519989],[7.078557968,36.526576996],[7.068170071,36.534194946],[7.065310955,36.54983902],[7.067964077,36.549663544],[7.069384098,36.553100586],[7.071870804,36.551612854],[7.076643944,36.553218842],[7.078454971,36.555797577],[7.072255135,36.561870575],[7.081267834,36.565937042],[7.086155891,36.573841095],[7.091638088,36.574131012],[7.093838215,36.576934814],[7.092905045,36.577796936],[7.096044064,36.5782547],[7.098518848,36.582668304],[7.104695797,36.582210541],[7.107830048,36.584102631],[7.122755051,36.585533142],[7.126914978,36.589370728],[7.133624077,36.588855743],[7.141067028,36.592525482],[7.142952919,36.596591949],[7.151012897,36.602493286],[7.161889076,36.603694916],[7.166787148,36.596134186],[7.176298141,36.600200653],[7.187436104,36.598251343],[7.189230919,36.603179932],[7.218874931,36.613666534],[7.224885941,36.612518311],[7.23771286,36.619220734],[7.258247852,36.619506836],[7.262219906,36.623176575],[7.269203186,36.624153137],[7.270820141,36.626441956],[7.273099899,36.625240326],[7.275100231,36.628616333],[7.286323071,36.637729645],[7.289802074,36.65417099],[7.293398857,36.655490875],[7.296475887,36.660762787],[7.301805019,36.664886475],[7.300023079,36.659557343],[7.30162096,36.655662537],[7.304818153,36.653713226],[7.311178207,36.65296936],[7.320872784,36.646896362],[7.334240913,36.649990082],[7.347459793,36.659446716],[7.369328022,36.655662537],[7.389766216,36.663852692],[7.401041985,36.662708282],[7.405035973,36.660820007],[7.406617165,36.641624451],[7.421977997,36.627422333],[7.422298908,36.638072968],[7.427248955,36.645404816],[7.429494858,36.652225494],[7.432737827,36.653884888],[7.433225155,36.655719757],[7.443991184,36.654232025],[7.455021858,36.660358429],[7.457146168,36.663742065],[7.462812901,36.66437149],[7.468995094,36.667350769],[7.481938839,36.665973663],[7.487340927,36.673313141]]]]},"properties":{"name":"Guelma","mapcolor":21,"cartodb_id":21}},{"type":"Feature","geometry":{"type":"MultiPolygon","coordinates":[[[[9.532889366,30.330493927],[9.559089661,30.229654312],[9.49279213,30.211545944],[9.467097282,30.197681427],[9.437026978,30.185361862],[9.430878639,30.183641434],[9.415960312,30.18696785],[9.399560928,30.178085327],[9.391736984,30.166704178],[9.391957283,30.145771027],[9.408178329,30.065271378],[9.415493965,30.042064667],[9.454478264,29.999780655],[9.539321899,29.900602341],[9.780570984,29.424129486],[9.872267723,29.027013779],[9.902926445,28.758468628],[9.847168922,28.389539719],[9.833544731,28.285259247],[9.96264267,27.885280609],[9.963180542,27.865858078],[9.949539185,27.854225159],[9.944009781,27.843797684],[9.943425179,27.835489273],[9.946317673,27.798936844],[9.94010067,27.774412155],[9.942955017,27.7317276],[9.92577076,27.697692871],[9.924625397,27.678785324],[9.901267052,27.636043549],[9.889233589,27.608423233],[9.869305611,27.593013763],[9.866476059,27.585624695],[9.822656631,27.578630447],[9.817857742,27.57399559],[9.816708565,27.568376541],[9.817620277,27.564882278],[9.824634552,27.561044693],[9.878595352,27.561672211],[9.86746788,27.542879105],[9.866372108,27.538524628],[9.868803024,27.517669678],[9.863394737,27.50369072],[9.846496582,27.497674942],[9.830655098,27.488620758],[9.82348156,27.474010468],[9.814051628,27.462148666],[9.814096451,27.457452774],[9.817734718,27.448974609],[9.810297012,27.436998367],[9.810973167,27.419290543],[9.799553871,27.404108047],[9.795084953,27.394428253],[9.791617393,27.37912941],[9.787331581,27.369159698],[9.784534454,27.352909088],[9.795268059,27.35392189],[9.791137695,27.32321167],[9.785873413,27.305765152],[9.782594681,27.265224457],[9.783099174,27.255830765],[9.792855263,27.230447769],[9.795233727,27.20116806],[9.798900604,27.181573868],[9.798374176,27.173723221],[9.810795784,27.155502319],[9.818449974,27.148855209],[9.817459106,27.138084412],[9.823274612,27.129493713],[9.823549271,27.120668411],[9.828790665,27.108747482],[9.832790375,27.094312668],[9.834423065,27.085029602],[9.831701279,27.07374382],[9.837991714,27.05724144],[9.838388443,27.045093536],[9.849280357,27.003038406],[9.84879303,26.99713707],[9.850528717,26.989631653],[9.855623245,26.977657318],[9.858681679,26.952848434],[9.862910271,26.941560745],[9.869626045,26.930845261],[9.890722275,26.901397705],[9.895677567,26.897842407],[9.896881104,26.889993668],[9.907101631,26.874294281],[9.919100761,26.86621666],[9.922979355,26.86180687],[9.925956726,26.86117363],[9.902712822,26.742462158],[9.913926125,26.646085739],[9.863895416,26.519117355],[9.512980461,26.384302139],[9.477434158,26.307010651],[9.465265274,26.288162231],[9.456516266,26.252523422],[9.447784424,26.242059708],[9.399593353,26.194828033],[9.538217545,26.001853943],[10.032671928,25.358707428],[10.036343575,25.153417587],[10.035301208,25.004217148],[10.032339096,24.996139526],[10.033721924,24.974794388],[10.036399841,24.963594437],[10.061230659,24.937353134],[10.068634033,24.921884537],[10.084546089,24.902978897],[10.094726562,24.887908936],[10.100805283,24.871980667],[10.106374741,24.844993591],[10.140907288,24.805860519],[10.153699875,24.783229828],[10.16662693,24.75315094],[10.172139168,24.744096756],[10.177741051,24.725418091],[10.181350708,24.718772888],[10.187677383,24.714359283],[10.198483467,24.700216293],[10.196665764,24.686628342],[10.197983742,24.681528091],[10.207857132,24.66869545],[10.216937065,24.649730682],[10.22731781,24.645317078],[10.238433838,24.636722565],[10.252561569,24.628757477],[10.264142036,24.626008987],[10.270296097,24.61879158],[10.27997303,24.61179924],[10.289931297,24.599079132],[10.303131104,24.598163605],[10.327413559,24.568597794],[10.345403671,24.554559708],[10.357234955,24.536052704],[10.399318695,24.536340714],[10.412816048,24.530954361],[10.450299263,24.532274246],[10.456877708,24.53273201],[10.479738235,24.541727066],[10.485926628,24.542701721],[10.509234428,24.538002014],[10.527732849,24.53748703],[10.546045303,24.532960892],[10.574001312,24.541955948],[10.577645302,24.541955948],[10.582943916,24.538232803],[10.588570595,24.540405273],[10.587704659,24.550819397],[10.591585159,24.555362701],[10.602270126,24.55988884],[10.615276337,24.572662354],[10.620965004,24.571975708],[10.63422966,24.565502167],[10.642066956,24.569856644],[10.654179573,24.568252563],[10.662584305,24.568996429],[10.666389465,24.571060181],[10.676519394,24.570314407],[10.706616402,24.572147369],[10.717627525,24.570829391],[10.729437828,24.565006256],[10.727424622,24.561723709],[10.733855247,24.546537399],[10.741520882,24.536455154],[10.76023674,24.522815704],[10.76718235,24.509466171],[10.782880783,24.518922806],[10.792701721,24.522073746],[10.800424576,24.526884079],[10.795085907,24.531469345],[10.793606758,24.543329239],[10.816187859,24.563097],[10.82745266,24.568885803],[10.833857536,24.56968689],[10.847791672,24.567966461],[10.881245613,24.554328918],[10.89957428,24.554214478],[10.952870369,24.530094147],[10.986627579,24.485403061],[11.018220901,24.463399887],[11.031467438,24.450164795],[11.040319443,24.433319092],[11.05284977,24.423751831],[11.066148758,24.4217453],[11.078242302,24.410057068],[11.097011566,24.406734467],[11.136372566,24.391893387],[11.423026085,24.199550629],[11.451482773,24.213130951],[11.485103607,24.220006943],[11.503083229,24.225679398],[11.525427818,24.237997055],[11.546748161,24.246360779],[11.569671631,24.252090454],[11.585792542,24.253353119],[11.602065086,24.263721466],[11.604751587,24.263780594],[11.988910675,23.533130646],[11.981678009,23.528263092],[11.977637291,23.528783798],[11.979550362,23.525030136],[11.958850861,23.51279068],[11.925707817,23.495204926],[11.432017326,23.214811325],[11.12007618,23.03455162],[10.577700615,22.716611862],[10.451685905,22.644544601],[10.42228508,22.624866486],[10.240139008,22.517959595],[10.259832382,22.964490891],[10.259614944,23.000183105],[10.257850647,23.00585556],[10.271103859,23.321325302],[10.262233734,23.321268082],[10.253629684,23.323791504],[10.226723671,23.353185654],[10.202980042,23.370485306],[10.186032295,23.379825592],[10.156188011,23.391744614],[10.126961708,23.411968231],[10.089834213,23.434085846],[10.050141335,23.441707611],[10.034778595,23.448295593],[10.014863014,23.466859818],[9.995864868,23.479061127],[9.976079941,23.500663757],[9.967428207,23.506620407],[9.947999954,23.508169174],[9.885467529,23.507938385],[9.873808861,23.510574341],[9.855919838,23.517623901],[9.835557938,23.529083252],[9.817996979,23.542146683],[9.806549072,23.554357529],[9.215791702,23.557455063],[9.002552986,23.429904938],[8.646579742,23.21235466],[8.445289612,23.184909821],[8.05129528,23.108961105],[7.912126064,23.086475372],[7.657886982,23.270185471],[7.745866776,23.353469849],[7.535349846,23.847074509],[7.527231216,24.042625427],[7.513521194,24.276508331],[7.528431892,24.407995224],[7.531495094,24.423988342],[7.308557034,24.74845314],[7.272443771,24.758195877],[7.257386208,24.759796143],[7.214816093,24.75693512],[7.210667133,24.754011154],[7.193943024,24.749084473],[7.16529417,24.752006531],[7.117085934,24.761917114],[7.054094791,24.798013687],[7.043908119,24.805976868],[7.036739826,24.808958054],[7.013907909,24.832849503],[7.003737926,24.850839615],[7.001532078,24.850154877],[6.999732018,24.852045059],[6.987929821,24.883899689],[6.947720051,24.955980301],[6.931028843,24.978439331],[6.922028065,24.996143341],[6.914877892,24.99889183],[6.909657955,25.007486343],[6.901339054,25.0266819],[6.900043964,25.03332901],[6.893575191,25.041463852],[6.877624035,25.073377609],[6.86539793,25.085237503],[6.857307911,25.098588943],[6.853154182,25.102313995],[6.841075897,25.133768082],[6.824934959,25.195989609],[6.814496994,25.223836899],[6.806182861,25.241941452],[6.790740967,25.268125534],[6.748170853,25.328001022],[6.739192009,25.333557129],[6.729842186,25.34346962],[6.707989216,25.377733231],[6.689031124,25.401176453],[6.656011105,25.453649521],[6.643154144,25.463218689],[6.634696007,25.466598511],[6.613926888,25.491294861],[6.583645821,25.516674042],[6.58598423,25.551340103],[6.412916183,26.000020981],[6.410590172,26.011077881],[6.354738235,26.157699585],[6.335813046,26.164232254],[6.329493999,26.175231934],[6.321941853,26.174716949],[6.31517601,26.178556442],[6.314888,26.18778038],[6.312492847,26.192935944],[6.313651085,26.199411392],[6.312120914,26.202619553],[6.298841,26.202219009],[6.29006815,26.204339981],[6.287175179,26.225423813],[6.290331841,26.236597061],[6.285788059,26.243873596],[6.27439785,26.244617462],[6.270473003,26.246566772],[6.262519836,26.256422043],[6.259162903,26.256307602],[6.248631954,26.245534897],[6.242833138,26.241697311],[6.229249001,26.256305695],[6.210914135,26.257968903],[6.201712132,26.26553154],[6.197082996,26.266391754],[6.185290813,26.273382187],[6.179975033,26.280601501],[6.175878048,26.293319702],[6.168653011,26.305810928],[6.159072876,26.308732986],[6.152667046,26.313776016],[6.143682957,26.326034546],[6.140366077,26.33325386],[6.144979,26.340818405],[6.149854183,26.343854904],[6.158432007,26.365110397],[6.166967869,26.368263245],[6.17796278,26.381498337],[6.178472996,26.387914658],[6.17335701,26.401092529],[6.163955212,26.411291122],[6.166120052,26.415416718],[6.180122852,26.418512344],[6.18344593,26.421377182],[6.185687065,26.426702499],[6.186574936,26.438335419],[6.191359043,26.451629639],[6.198974133,26.457813263],[6.2029562,26.459190369],[6.224963188,26.459592819],[6.237195015,26.465780258],[6.246780872,26.475692749],[6.252396107,26.486177444],[6.26484108,26.498094559],[6.286686897,26.508808136],[6.294033051,26.518663406],[6.300747871,26.532186508],[6.312757015,26.534765244],[6.31790781,26.539461136],[6.318480968,26.547080994],[6.308523178,26.559745789],[6.309853077,26.579969406],[6.301997185,26.58552742],[6.296812057,26.59372139],[6.296433926,26.603517532],[6.302903175,26.615036011],[6.255013943,26.65823555],[6.230021954,26.675369263],[6.031682014,26.849891663],[6.012641907,26.865819931],[6.003005028,26.871206284],[5.766517162,27.072027206],[5.775718212,27.172754288],[5.777756214,27.413547516],[5.676774979,27.925392151],[5.660342216,27.999187469],[5.639200211,28.107131958],[5.729909897,28.432056427],[5.724101067,28.999914169],[5.727103233,29.012693405],[5.72268486,29.667640686],[5.722640038,29.757711411],[5.724483013,29.759077072],[5.991546154,29.875740051],[6.001148224,29.882099152],[6.258951187,30.00018692],[6.450531006,30.083892822],[6.574645042,30.044761658],[7.233099937,30.170066833],[7.57131815,30.232118607],[7.804282188,30.272855759],[7.990230083,30.308376312],[7.995014191,30.309179306],[8.001207352,30.306716919],[8.541864395,30.400566101],[8.983288765,30.474590302],[8.995268822,30.476829529],[9.004224777,30.480894089],[9.023631096,30.484676361],[9.474505424,30.558473587],[9.532889366,30.330493927]]]]},"properties":{"name":"Illizi","mapcolor":22,"cartodb_id":22}},{"type":"Feature","geometry":{"type":"MultiPolygon","coordinates":[[[[5.607637882,36.787082672],[5.610415936,36.785415649],[5.610137939,36.783195496],[5.606249809,36.784862518],[5.607637882,36.787082672]]],[[[5.651526928,36.802639008],[5.653471947,36.801528931],[5.649026871,36.800415039],[5.649582863,36.802639008],[5.651526928,36.802639008]]],[[[6.261020184,36.941738129],[6.258893967,36.938648224],[6.260911942,36.937843323],[6.271551132,36.939163208],[6.272302151,36.933834076],[6.270583153,36.929138184],[6.273694038,36.926555634],[6.275366783,36.922317505],[6.280702114,36.920368195],[6.281647205,36.915897369],[6.279888153,36.913089752],[6.281239986,36.913089752],[6.281280041,36.911201477],[6.277297974,36.901805878],[6.277212143,36.891147614],[6.273981094,36.88564682],[6.267947197,36.884559631],[6.267827034,36.874759674],[6.266125202,36.870582581],[6.277688026,36.869949341],[6.290412903,36.867084503],[6.296044827,36.869033813],[6.311498165,36.866107941],[6.317531109,36.861927032],[6.322640896,36.861240387],[6.328996181,36.855220795],[6.334828854,36.857803345],[6.341062069,36.854419708],[6.344104767,36.854537964],[6.344426155,36.846630096],[6.348987103,36.844112396],[6.348803997,36.839355469],[6.344254017,36.831905365],[6.345382214,36.828125],[6.351261139,36.820674896],[6.35220623,36.813110352],[6.347669125,36.804115295],[6.342306137,36.801139832],[6.341217041,36.796894073],[6.346264839,36.792888641],[6.347558975,36.789218903],[6.352767944,36.787555695],[6.352694035,36.779937744],[6.357958794,36.77936554],[6.356411934,36.7762146],[6.360331059,36.775753021],[6.36065197,36.772144318],[6.369452953,36.76807785],[6.370563984,36.765041351],[6.366673946,36.763320923],[6.366415977,36.756443024],[6.375175953,36.74773407],[6.368031979,36.741031647],[6.366604805,36.736335754],[6.371543884,36.72562027],[6.396920204,36.725505829],[6.409323215,36.705970764],[6.409908772,36.700695038],[6.417041779,36.695995331],[6.435503006,36.697143555],[6.439645767,36.696342468],[6.443931103,36.693191528],[6.46136713,36.689926147],[6.470143795,36.689754486],[6.47477293,36.691761017],[6.487607956,36.689697266],[6.490765095,36.68775177],[6.492013931,36.683853149],[6.497954845,36.683452606],[6.498510838,36.678638458],[6.505805016,36.675544739],[6.506103039,36.669525146],[6.511241913,36.665977478],[6.502758026,36.656635284],[6.501523972,36.652565002],[6.503118992,36.645751953],[6.500408173,36.644317627],[6.495347977,36.636123657],[6.485923767,36.638591766],[6.474446774,36.639331818],[6.455242157,36.629882813],[6.454185963,36.625846863],[6.468424797,36.623119354],[6.474561214,36.61750412],[6.469972134,36.609539032],[6.470826149,36.606903076],[6.466716766,36.603404999],[6.466340065,36.600486755],[6.460134029,36.598766327],[6.458776951,36.596988678],[6.459342957,36.580032349],[6.464789867,36.575866699],[6.4629879,36.575332642],[6.461407185,36.571666718],[6.457945824,36.570522308],[6.450526237,36.574474335],[6.441381931,36.570407867],[6.432477951,36.572639465],[6.419407845,36.578540802],[6.408957958,36.589599609],[6.398470879,36.591049194],[6.388783932,36.590122223],[6.366397858,36.595558167],[6.345004082,36.596534729],[6.334204197,36.598594666],[6.334433079,36.608451843],[6.331688881,36.613780975],[6.332612038,36.615097046],[6.336741924,36.615097046],[6.330966949,36.617904663],[6.328904152,36.621170044],[6.314620972,36.623924255],[6.311068058,36.616760254],[6.307262897,36.618476868],[6.299334049,36.615959167],[6.290968895,36.621742249],[6.285124779,36.62071228],[6.283765793,36.618419647],[6.275549889,36.615215302],[6.256350994,36.610454559],[6.253061771,36.601806641],[6.246460915,36.602432251],[6.24454689,36.599456787],[6.245161057,36.593666077],[6.249475002,36.5922966],[6.246655941,36.591033936],[6.242335796,36.581981659],[6.223124981,36.578998566],[6.212336063,36.581348419],[6.202027798,36.581348419],[6.197566032,36.583869934],[6.183131218,36.587368011],[6.176267147,36.582324982],[6.158917904,36.585018158],[6.147367001,36.590286255],[6.139294147,36.589370728],[6.130534172,36.593097687],[6.129216194,36.596935272],[6.131062031,36.600769043],[6.128315926,36.604324341],[6.124060154,36.600372314],[6.117355824,36.601516724],[6.113707066,36.600372314],[6.109121799,36.601978302],[6.099864006,36.600826263],[6.092483997,36.602146149],[6.066218853,36.601631165],[6.060958862,36.604038239],[6.061411858,36.607250214],[6.057767868,36.608280182],[6.057171822,36.611545563],[6.054159164,36.6144104],[6.03583622,36.612060547],[6.033394814,36.607936859],[6.031095982,36.607002258],[6.019425869,36.612804413],[6.010561943,36.615215302],[5.99973917,36.616355896],[6.000127792,36.612747192],[5.990605831,36.617218018],[5.979216099,36.613895416],[5.974077225,36.60931015],[5.958611965,36.604614258],[5.955093861,36.591320038],[5.963389874,36.585186005],[5.951639175,36.577281952],[5.94375515,36.566799164],[5.933419228,36.562267303],[5.93285799,36.558891296],[5.929271221,36.554363251],[5.923243046,36.554477692],[5.920493126,36.55745697],[5.917818069,36.557743073],[5.904485226,36.555854797],[5.897923946,36.557285309],[5.887341022,36.553619385],[5.879755974,36.553104401],[5.869563103,36.55493927],[5.863386154,36.550411224],[5.858952045,36.540439606],[5.856431007,36.53911972],[5.844892025,36.542789459],[5.840312958,36.542446136],[5.838040829,36.545539856],[5.839362144,36.547260284],[5.836944103,36.549663544],[5.834269047,36.54920578],[5.830922127,36.552757263],[5.819200039,36.555797577],[5.810377121,36.56255722],[5.796666145,36.568000793],[5.782697201,36.568058014],[5.777832985,36.57069397],[5.771266937,36.569488525],[5.763496876,36.570346832],[5.758740902,36.568744659],[5.756752968,36.563129425],[5.750599861,36.558834076],[5.741036892,36.560436249],[5.730151176,36.548519135],[5.716102123,36.544452667],[5.702638149,36.535400391],[5.678205967,36.526691437],[5.667657852,36.529666901],[5.654193878,36.526058197],[5.651226044,36.528408051],[5.651334763,36.531387329],[5.643713951,36.533504486],[5.644074917,36.544792175],[5.623270988,36.547775269],[5.621162891,36.554191589],[5.619414806,36.554420471],[5.616465092,36.549491882],[5.608586788,36.542102814],[5.590515137,36.542560577],[5.591742039,36.534656525],[5.588499069,36.533737183],[5.590652943,36.531848907],[5.582132816,36.530414581],[5.582304955,36.527435303],[5.580986977,36.526573181],[5.5779562,36.528579712],[5.575252056,36.527030945],[5.573647022,36.528980255],[5.572502136,36.519760132],[5.569868088,36.518501282],[5.562486172,36.521762848],[5.552630901,36.520042419],[5.541488171,36.522449493],[5.523089886,36.522907257],[5.52140522,36.525485992],[5.515579224,36.52835083],[5.512495995,36.533679962],[5.510457039,36.533851624],[5.511270046,36.535511017],[5.509322166,36.537117004],[5.518046856,36.547832489],[5.514844894,36.549781799],[5.513382912,36.552986145],[5.520166874,36.557514191],[5.516133785,36.561584473],[5.516614914,36.56444931],[5.513251781,36.568286896],[5.518539906,36.575050354],[5.511767864,36.579284668],[5.509263992,36.583011627],[5.508387089,36.585475922],[5.509613991,36.5884552],[5.507087231,36.595016479],[5.499690056,36.595615387],[5.487870216,36.591091156],[5.473694801,36.59595871],[5.471014023,36.59500885],[5.465507984,36.602836609],[5.456879139,36.607189178],[5.448318005,36.60736084],[5.44560194,36.604095459],[5.435472012,36.602375031],[5.427342892,36.603637695],[5.42524004,36.615097046],[5.426523209,36.622085571],[5.436579227,36.635322571],[5.440412045,36.638015747],[5.441139221,36.64214325],[5.44126606,36.645118713],[5.439432144,36.645690918],[5.426352024,36.643859863],[5.42791605,36.654582977],[5.436526775,36.658748627],[5.436248779,36.660694122],[5.433471203,36.661529541],[5.433471203,36.664859772],[5.43764019,36.668193817],[5.442915916,36.662361145],[5.44569397,36.662082672],[5.450417042,36.664859772],[5.463470936,36.663749695],[5.478751183,36.670417786],[5.478473186,36.675415039],[5.474582195,36.676250458],[5.477081776,36.677360535],[5.47819519,36.680973053],[5.484860897,36.673473358],[5.490139961,36.675415039],[5.492916107,36.67930603],[5.500137806,36.67791748],[5.505972862,36.681526184],[5.508194923,36.687915802],[5.518196106,36.688472748],[5.520971775,36.693748474],[5.524861813,36.693473816],[5.528193951,36.69569397],[5.529027939,36.699028015],[5.525415897,36.700695038],[5.525732994,36.702365875],[5.537639141,36.701526642],[5.540139198,36.703193665],[5.54180479,36.70791626],[5.539583206,36.709026337],[5.539583206,36.711528778],[5.542360783,36.713748932],[5.548471928,36.711807251],[5.55291605,36.714862823],[5.557082176,36.720973969],[5.55430603,36.727359772],[5.549583912,36.730693817],[5.55291605,36.73380661],[5.550971985,36.738750458],[5.554028034,36.738750458],[5.555138111,36.74458313],[5.560139179,36.748748779],[5.562917233,36.748748779],[5.562360764,36.750415802],[5.56652689,36.750137329],[5.567082882,36.756248474],[5.568194866,36.755973816],[5.56791687,36.757637024],[5.571527958,36.761806488],[5.570971012,36.765972137],[5.574028015,36.764305115],[5.579584122,36.764305115],[5.582359791,36.767917633],[5.58958292,36.77041626],[5.590416908,36.773471832],[5.59347105,36.773750305],[5.594305038,36.781806946],[5.597918034,36.77986145],[5.598750114,36.777637482],[5.607361794,36.775970459],[5.613472939,36.777637482],[5.624026775,36.777084351],[5.629861832,36.780418396],[5.637638092,36.780971527],[5.64819479,36.785694122],[5.649026871,36.787082672],[5.647360802,36.787918091],[5.649026871,36.789306641],[5.652915001,36.789306641],[5.657083988,36.796527863],[5.656527996,36.800693512],[5.661806107,36.799304962],[5.662638187,36.795139313],[5.669582844,36.797359467],[5.676805019,36.796806335],[5.678749084,36.805973053],[5.682640076,36.809307098],[5.68319416,36.812084198],[5.686806202,36.808193207],[5.694028854,36.811527252],[5.687637806,36.818748474],[5.694028854,36.819862366],[5.693194866,36.815971375],[5.699583054,36.814582825],[5.705970764,36.821250916],[5.712915897,36.819026947],[5.712361813,36.820972443],[5.721805096,36.822639465],[5.722361088,36.824306488],[5.724305153,36.822917938],[5.72819519,36.824028015],[5.729582787,36.819583893],[5.735971928,36.819026947],[5.738749981,36.821804047],[5.739027977,36.824584961],[5.734305859,36.827362061],[5.739027977,36.829303741],[5.753194809,36.826248169],[5.75541687,36.824028015],[5.760139942,36.824584961],[5.763194084,36.828472137],[5.767084122,36.826526642],[5.768472195,36.829303741],[5.776804924,36.827640533],[5.772359848,36.824584961],[5.770137787,36.824859619],[5.770693779,36.823192596],[5.775416851,36.824859619],[5.774860859,36.822639465],[5.776804924,36.822360992],[5.774860859,36.81930542],[5.774860859,36.813751221],[5.787918091,36.810138702],[5.792637825,36.806526184],[5.809027195,36.806251526],[5.838470936,36.809028625],[5.839583874,36.810695648],[5.84375,36.809860229],[5.875415802,36.816806793],[5.884860992,36.830696106],[5.898749828,36.834583282],[5.899859905,36.833751678],[5.885138988,36.829303741],[5.877083778,36.817359924],[5.879303932,36.817081451],[5.886805058,36.828193665],[5.88736105,36.826248169],[5.881528854,36.81930542],[5.881250858,36.815971375],[5.882638931,36.818748474],[5.890695095,36.818748474],[5.890695095,36.821529388],[5.893196106,36.822639465],[5.891527176,36.816806793],[5.899583817,36.818473816],[5.899027824,36.820415497],[5.896805763,36.820415497],[5.897362232,36.823749542],[5.895693779,36.825138092],[5.898471832,36.82875061],[5.902083874,36.819026947],[5.912639141,36.822917938],[5.932082176,36.825416565],[5.951250076,36.830696106],[5.994861126,36.838470459],[6.007637978,36.843193054],[6.029027939,36.848194122],[6.061806202,36.860694885],[6.06680584,36.862915039],[6.068193913,36.865139008],[6.073472977,36.865139008],[6.082640171,36.870140076],[6.089305878,36.870140076],[6.089859962,36.873195648],[6.098473072,36.876804352],[6.117360115,36.880973816],[6.144862175,36.89125061],[6.146805763,36.89541626],[6.149028778,36.896526337],[6.155972958,36.89541626],[6.158471107,36.897914886],[6.165694237,36.897083282],[6.176250935,36.898750305],[6.182639122,36.900417328],[6.186526775,36.90486145],[6.189583778,36.902637482],[6.192917824,36.902637482],[6.210972786,36.907917023],[6.240971088,36.921527863],[6.250693798,36.929862976],[6.250415802,36.93347168],[6.252361774,36.933750153],[6.252361774,36.935970306],[6.258472919,36.941806793],[6.261020184,36.941738129]]]]},"properties":{"name":"Jijel","mapcolor":23,"cartodb_id":23}},{"type":"Feature","geometry":{"type":"MultiPolygon","coordinates":[[[[6.776390076,35.671951294],[6.809329987,35.609901428],[6.845316887,35.609668732],[6.878891945,35.612075806],[7.001979828,35.626743317],[7.030078888,35.605144501],[7.027671814,35.597579956],[7.022852898,35.592769623],[7.024607182,35.58738327],[7.02156496,35.586006165],[7.019319057,35.582054138],[7.017220974,35.571052551],[7.008518219,35.566467285],[7.016242027,35.567100525],[7.032742977,35.559997559],[7.08573103,35.54492569],[7.135417938,35.621131897],[7.153839111,35.612937927],[7.163401127,35.613967896],[7.165945053,35.615802765],[7.189229965,35.616317749],[7.205972195,35.619525909],[7.211152077,35.616661072],[7.214222908,35.610416412],[7.221023083,35.607494354],[7.226220131,35.609386444],[7.223681927,35.610816956],[7.219750881,35.609210968],[7.21709919,35.613105774],[7.220845222,35.61138916],[7.219276905,35.617809296],[7.225062847,35.629383087],[7.283058167,35.607837677],[7.296395779,35.601020813],[7.30996418,35.591392517],[7.315280914,35.580566406],[7.313528061,35.576210022],[7.314426899,35.572257996],[7.318208218,35.567558289],[7.308495998,35.563777924],[7.308265209,35.550140381],[7.306188107,35.541431427],[7.297277927,35.543552399],[7.295595169,35.541545868],[7.297380924,35.534553528],[7.296693802,35.530147552],[7.301301003,35.524814606],[7.305037022,35.516681671],[7.302158833,35.50762558],[7.314863205,35.514217377],[7.324773788,35.514961243],[7.337235928,35.519142151],[7.352540016,35.517654419],[7.355209827,35.522354126],[7.348649979,35.531230927],[7.355370998,35.540973663],[7.360630035,35.557014465],[7.361100197,35.562915802],[7.37509203,35.571166992],[7.398806095,35.553005219],[7.419554234,35.547504425],[7.427293777,35.537132263],[7.431750774,35.533466339],[7.435297966,35.532894135],[7.435813904,35.530773163],[7.431797981,35.53037262],[7.430130005,35.528652191],[7.428285122,35.529342651],[7.419037819,35.520862579],[7.424550056,35.511352539],[7.429195881,35.509689331],[7.431499958,35.512207031],[7.437440872,35.512325287],[7.437252045,35.508945465],[7.44190979,35.507396698],[7.45292902,35.511405945],[7.454893112,35.515762329],[7.455236912,35.522182465],[7.459345818,35.523670197],[7.453179836,35.530715942],[7.455585957,35.532951355],[7.456916809,35.528987885],[7.462948799,35.52596283],[7.460621834,35.522293091],[7.461114883,35.520118713],[7.464547157,35.519889832],[7.467755795,35.522750854],[7.473204136,35.520053864],[7.471457958,35.513187408],[7.483146191,35.50642395],[7.488290787,35.499435425],[7.486635208,35.495136261],[7.478252888,35.489463806],[7.482979774,35.482189178],[7.481674194,35.480064392],[7.486273766,35.473247528],[7.50336504,35.468837738],[7.506225109,35.468780518],[7.508374214,35.470672607],[7.518945217,35.469638824],[7.523495197,35.451305389],[7.528186798,35.446266174],[7.530806065,35.444602966],[7.536128998,35.446495056],[7.538369179,35.4438591],[7.54349184,35.444084167],[7.549479008,35.44121933],[7.548286915,35.427928925],[7.530250072,35.419391632],[7.498168945,35.41280365],[7.483019829,35.407531738],[7.471261978,35.406326294],[7.460661888,35.398880005],[7.453604221,35.402259827],[7.445510864,35.401752472],[7.440219879,35.399223328],[7.432485104,35.39956665],[7.405321121,35.394126892],[7.396845818,35.389610291],[7.401516914,35.384933472],[7.394882202,35.373153687],[7.405619144,35.366394043],[7.405269146,35.364044189],[7.412419796,35.356250763],[7.407389164,35.35459137],[7.411159992,35.350692749],[7.41100502,35.348628998],[7.399613857,35.340496063],[7.39881897,35.336765289],[7.4036479,35.321186066],[7.4022789,35.31161499],[7.404404163,35.307491302],[7.40321207,35.304397583],[7.404988766,35.301765442],[7.396937847,35.294597626],[7.40098381,35.291221619],[7.40410614,35.282566071],[7.407406807,35.281425476],[7.410415173,35.277240753],[7.415444851,35.276268005],[7.427190781,35.270248413],[7.431727886,35.270938873],[7.427785873,35.265895844],[7.422504902,35.263206482],[7.419788837,35.258049011],[7.416110039,35.254951477],[7.400644779,35.245090485],[7.391055107,35.242866516],[7.391839981,35.226303101],[7.394521236,35.219203949],[7.418248177,35.192100525],[7.438045979,35.163982391],[7.365139961,35.072063446],[7.356706142,35.074069977],[7.311132908,35.053844452],[7.301706791,35.042732239],[7.29244709,35.030021667],[7.288346767,35.01997757],[7.286973,34.996768951],[7.27638483,34.99458313],[7.266759872,34.990440369],[7.265142918,34.987373352],[7.268226147,34.98266983],[7.267288208,34.981090546],[7.252007008,34.970874786],[7.245643139,34.96207428],[7.241874218,34.946338654],[7.244409084,34.93585968],[7.236973763,34.927082062],[7.235564232,34.916484833],[7.228371143,34.905403137],[7.230613232,34.900634766],[7.234276772,34.898605347],[7.234744072,34.888175964],[7.245937824,34.877300262],[7.247735977,34.870300293],[7.255225182,34.861503601],[7.25969696,34.85149765],[7.263389111,34.847270966],[7.261145115,34.842273712],[7.261974812,34.836933136],[7.260756016,34.831729889],[7.264770031,34.821895599],[7.266601086,34.821777344],[7.266876221,34.825344086],[7.264647961,34.830413818],[7.266376019,34.833599091],[7.266455173,34.84079361],[7.27079916,34.844650269],[7.271122932,34.846374512],[7.268127918,34.84897995],[7.270956993,34.855583191],[7.265452862,34.867160797],[7.2678442,34.875926971],[7.274178028,34.883052826],[7.273630142,34.884403229],[7.265238762,34.878860474],[7.261631012,34.869056702],[7.25743103,34.865661621],[7.251317024,34.873027802],[7.250315189,34.878322601],[7.258225918,34.896858215],[7.267766953,34.910991669],[7.27404213,34.930007935],[7.283280849,34.937602997],[7.290996075,34.940853119],[7.300674915,34.948123932],[7.307109833,34.957481384],[7.307322979,34.966464996],[7.308617115,34.966884613],[7.312455177,34.965236664],[7.322990894,34.966724396],[7.344876766,34.951980591],[7.354180813,34.954135895],[7.367090225,34.960357666],[7.369056225,34.959785461],[7.371271133,34.954746246],[7.370075226,34.951313019],[7.370942116,34.936985016],[7.377041817,34.932071686],[7.392148972,34.910385132],[7.395440102,34.894489288],[7.400238991,34.88261795],[7.397469044,34.868427277],[7.402726173,34.866123199],[7.393659115,34.842121124],[7.378622055,34.824577332],[7.3765769,34.817596436],[7.377729893,34.812332153],[7.371995926,34.807201385],[7.373884201,34.800510406],[7.36469698,34.792888641],[7.363027096,34.789699554],[7.367193222,34.779510498],[7.368299961,34.772445679],[7.383296967,34.757232666],[7.390342236,34.753124237],[7.389378071,34.739048004],[7.394673824,34.729282379],[7.391349792,34.704357147],[7.379663944,34.669960022],[7.32719183,34.600746155],[7.326929092,34.596508026],[7.32102108,34.593585968],[7.314186096,34.581726074],[7.310134888,34.578975677],[7.299777031,34.556804657],[7.27818203,34.53629303],[7.245912075,34.444732666],[7.230924129,34.340110779],[7.022819996,34.33234787],[7.021842003,34.288944244],[7.011826038,34.204650879],[7.010778904,34.154514313],[6.937683105,34.17080307],[6.910973072,34.190227509],[6.825337887,34.226379395],[6.762863159,34.265739441],[6.714012146,34.292098999],[6.700232983,34.301895142],[6.697678089,34.305274963],[6.691633224,34.325500488],[6.700335026,34.383937836],[6.704492092,34.386566162],[6.710487843,34.393825531],[6.711056232,34.402633667],[6.708771229,34.413166046],[6.695691109,34.424365997],[6.690498829,34.451068878],[6.682123184,34.461166382],[6.684948921,34.463478088],[6.683996201,34.465087891],[6.686505795,34.473152161],[6.698106766,34.482440948],[6.700661182,34.490703583],[6.704222202,34.491439819],[6.710245132,34.50094223],[6.71833086,34.506156921],[6.719138145,34.512992859],[6.728620052,34.524417877],[6.726084232,34.529323578],[6.727950096,34.536266327],[6.735247135,34.538715363],[6.7351408,34.542228699],[6.733521938,34.543361664],[6.736755848,34.549064636],[6.736534119,34.557800293],[6.740396976,34.559387207],[6.742200851,34.562492371],[6.740180969,34.567405701],[6.74061203,34.581581116],[6.743227959,34.588317871],[6.740026951,34.590614319],[6.737651825,34.601139069],[6.734930038,34.60585022],[6.737451077,34.614421844],[6.732677937,34.626163483],[6.732769966,34.636768341],[6.733941078,34.640174866],[6.739264965,34.64307785],[6.744463921,34.650623322],[6.735441208,34.669517517],[6.734409809,34.674736023],[6.739765167,34.680171967],[6.740900993,34.685142517],[6.75320816,34.694484711],[6.751890182,34.6994133],[6.755368233,34.704971313],[6.754836082,34.708408356],[6.758020878,34.709667206],[6.757310867,34.711444855],[6.759683132,34.713565826],[6.757213116,34.716316223],[6.760295868,34.719524384],[6.763784885,34.728233337],[6.767498016,34.729949951],[6.766415119,34.740665436],[6.769445896,34.747943878],[6.771829128,34.764614105],[6.773284912,34.766338348],[6.734191895,34.760028839],[6.733848095,34.770343781],[6.736443996,34.775672913],[6.752160072,34.794178009],[6.755115986,34.795040131],[6.755682945,34.79807663],[6.742030144,34.823059082],[6.73703289,34.826835632],[6.72654295,34.829475403],[6.722074032,34.834056854],[6.716081142,34.836463928],[6.71461916,34.839042664],[6.708455086,34.840759277],[6.727649212,34.85565567],[6.729366779,34.857837677],[6.728295803,34.858463287],[6.674518108,34.857894897],[6.674106121,34.854743958],[6.669223785,34.847064972],[6.661912918,34.843109131],[6.660450935,34.835605621],[6.652968884,34.829818726],[6.65023613,34.823116302],[6.647589207,34.821453094],[6.649978161,34.818584442],[6.649147987,34.814922333],[6.644712925,34.812515259],[6.642793179,34.808162689],[6.643199921,34.805122375],[6.63645792,34.792366028],[6.631524086,34.792461395],[6.614890099,34.780773163],[6.611378193,34.781005859],[6.603351116,34.776931763],[6.58837986,34.77538681],[6.589037895,34.773269653],[6.586294174,34.770801544],[6.581882954,34.772476196],[6.582569122,34.777568817],[6.57859993,34.783687592],[6.578708172,34.788871765],[6.567574024,34.79681015],[6.566606998,34.803890228],[6.561942101,34.811885834],[6.565005779,34.816108704],[6.564651966,34.824817657],[6.562469006,34.827892303],[6.565285206,34.832466125],[6.563506126,34.835494995],[6.564108849,34.838813782],[6.561399937,34.840824127],[6.56040287,34.843994141],[6.558372974,34.855045319],[6.560548782,34.859451294],[6.56566906,34.862754822],[6.565106869,34.865749359],[6.572947025,34.871868134],[6.57652092,34.873908997],[6.582170963,34.87310791],[6.583604813,34.876464844],[6.589395046,34.87820816],[6.590312958,34.881473541],[6.598104954,34.884654999],[6.596774101,34.891056061],[6.599318981,34.897090912],[6.593481064,34.896743774],[6.590322018,34.902088165],[6.579699039,34.900749207],[6.570178986,34.904415131],[6.589642048,34.922981262],[6.594824791,34.926136017],[6.586390972,34.938400269],[6.577983856,34.936504364],[6.573859215,34.944652557],[6.565924168,34.945201874],[6.551699162,34.976261139],[6.552836895,34.981098175],[6.535649776,35.015857697],[6.513877869,35.025424957],[6.498082161,35.022789001],[6.501038074,35.029548645],[6.504223824,35.032245636],[6.508640766,35.044620514],[6.51177597,35.048915863],[6.516306877,35.050865173],[6.518610954,35.054931641],[6.513556957,35.065361023],[6.512129784,35.074699402],[6.509180069,35.081062317],[6.510652065,35.084899902],[6.508904934,35.088165283],[6.507696152,35.09853363],[6.500424862,35.108047485],[6.518444061,35.137611389],[6.515596867,35.141620636],[6.552192211,35.144771576],[6.564888954,35.161502838],[6.566113949,35.176628113],[6.563444138,35.194221497],[6.568251133,35.199718475],[6.562528133,35.206764221],[6.558550835,35.214847565],[6.560591221,35.22052002],[6.559845924,35.22498703],[6.556518078,35.224643707],[6.551733971,35.227737427],[6.550467014,35.232780457],[6.553658962,35.236789703],[6.553371906,35.240856171],[6.556025028,35.241775513],[6.556602955,35.240627289],[6.554803848,35.239368439],[6.557703972,35.238681793],[6.557549,35.234325409],[6.560610771,35.232898712],[6.562207222,35.233921051],[6.560694218,35.23948288],[6.562087059,35.244411469],[6.561295986,35.247505188],[6.565839767,35.249454498],[6.565925121,35.25220108],[6.559014797,35.264118195],[6.570714951,35.268417358],[6.574484825,35.271339417],[6.579669952,35.271625519],[6.583096981,35.273513794],[6.584282875,35.276325226],[6.614982128,35.285888672],[6.610787868,35.292999268],[6.612907887,35.295974731],[6.611839771,35.302452087],[6.617956161,35.302394867],[6.624939919,35.306922913],[6.631552219,35.306575775],[6.632726192,35.312820435],[6.639430046,35.315689087],[6.638834953,35.318893433],[6.630689144,35.32024765],[6.623754025,35.323993683],[6.615708828,35.314311981],[6.596251965,35.315734863],[6.590109825,35.325828552],[6.587141991,35.333045959],[6.587749958,35.337001801],[6.582654953,35.344963074],[6.591622829,35.347942352],[6.58675909,35.355617523],[6.587789059,35.364215851],[6.59005785,35.365932465],[6.5890522,35.367481232],[6.591300964,35.371318817],[6.600664139,35.37556076],[6.601225853,35.381347656],[6.599615097,35.385299683],[6.596189022,35.385528564],[6.597191811,35.38621521],[6.596023083,35.388912201],[6.583940029,35.390228271],[6.579452991,35.397792816],[6.580776215,35.410511017],[6.579287052,35.42036438],[6.572772026,35.423103333],[6.571495056,35.426895142],[6.574520111,35.432453156],[6.573821068,35.434059143],[6.575109959,35.436523437],[6.577962875,35.436008453],[6.580645084,35.438873291],[6.578628063,35.439441681],[6.579177856,35.440532684],[6.583390236,35.444084167],[6.597374916,35.45256424],[6.603701115,35.459156036],[6.618929863,35.462364197],[6.621869087,35.464424133],[6.625351906,35.470500946],[6.630158901,35.471645355],[6.630600929,35.469924927],[6.637855053,35.470214844],[6.637883186,35.471759796],[6.641670227,35.473823547],[6.647204876,35.485450745],[6.663134098,35.486598969],[6.663535118,35.487743378],[6.676354885,35.487415314],[6.683541775,35.491756439],[6.719965935,35.483734131],[6.734329224,35.489349365],[6.738707066,35.498916626],[6.757309914,35.501266479],[6.763010979,35.504760742],[6.762978077,35.508140564],[6.759893894,35.511978149],[6.759992123,35.515014648],[6.762433052,35.516220093],[6.761303902,35.518341064],[6.762484074,35.519603729],[6.765514851,35.518913269],[6.768602848,35.521091461],[6.768431187,35.522697449],[6.7709589,35.522521973],[6.77143383,35.527053833],[6.773839951,35.528194427],[6.7717309,35.530948639],[6.775307178,35.532093048],[6.773262978,35.536090851],[6.776453972,35.536617279],[6.777100086,35.539657593],[6.779195786,35.540596008],[6.778437138,35.542125702],[6.781655788,35.544467926],[6.781174183,35.548305511],[6.787011147,35.551120758],[6.79447794,35.55896759],[6.795108795,35.562458038],[6.793642044,35.568649292],[6.794679165,35.573688507],[6.790697098,35.581363678],[6.78647995,35.58417511],[6.783775806,35.593967438],[6.768253803,35.605201721],[6.767520905,35.61448288],[6.76293087,35.62147522],[6.761826038,35.631500244],[6.767416954,35.648231506],[6.772179127,35.655963898],[6.764351845,35.664329529],[6.76397419,35.672870636],[6.770092964,35.671836853],[6.775037766,35.673267365],[6.776390076,35.671951294]]]]},"properties":{"name":"Khenchela","mapcolor":24,"cartodb_id":24}},{"type":"Feature","geometry":{"type":"MultiPolygon","coordinates":[[[[2.395318985,34.491828918],[2.396704912,34.485298157],[2.391910076,34.448459625],[2.417073965,34.409439087],[2.451783895,34.316963196],[2.449250937,34.308425903],[2.470015049,34.311691284],[2.477818966,34.294273376],[2.49080801,34.281726837],[2.515914917,34.232509613],[2.531699896,34.229587555],[2.543956041,34.216640472],[2.567034006,34.175956726],[2.571928024,34.176589966],[2.598815918,34.163696289],[2.60154891,34.157165527],[2.608545065,34.151321411],[2.609237909,34.146968842],[2.616383076,34.142097473],[2.617024899,34.13659668],[2.6199615,34.130599976],[2.624856949,34.128570557],[2.626575947,34.125247955],[2.644130945,34.119121552],[2.65980196,34.125366211],[2.683052063,34.112190247],[2.720607996,34.122844696],[2.789227009,34.152870178],[2.821645021,34.142436981],[2.816890001,34.153442383],[2.811561108,34.159454346],[2.809113979,34.165245056],[2.811749935,34.171028137],[2.810255051,34.177848816],[2.814127922,34.180027008],[2.817893028,34.185184479],[2.827780962,34.190227509],[2.828005075,34.193321228],[2.82020092,34.197498322],[2.821048975,34.198818207],[2.825764894,34.199333191],[2.833834887,34.204391479],[2.83605504,34.208271027],[2.836644888,34.213088989],[2.835429907,34.214118958],[2.837647915,34.22076416],[2.847198963,34.229930878],[2.853260994,34.238525391],[2.858314991,34.242134094],[2.861677885,34.249469757],[2.867803097,34.255428314],[2.883369923,34.261901855],[2.890084982,34.267864227],[2.896032095,34.26757431],[2.915553093,34.276916504],[2.928335905,34.287052155],[2.938333988,34.28647995],[2.938751936,34.28837204],[2.940825939,34.289058685],[2.942687988,34.285564423],[2.949140072,34.284416199],[2.952188015,34.273532867],[2.996207952,34.256916046],[2.988776922,34.246372223],[2.990175009,34.240184784],[3.044239998,34.251873016],[3.049098015,34.256458282],[3.051177979,34.250328064],[3.055423021,34.249126434],[3.056093931,34.208042145],[3.078994989,34.210739136],[3.08344698,34.197330475],[3.089989901,34.194179535],[3.096515894,34.175098419],[3.091073036,34.13161087],[3.086643934,34.135505676],[3.083029032,34.132873535],[3.088711977,34.118721008],[3.09995389,34.108409882],[3.115355015,34.077922821],[3.122499943,34.060222626],[3.132205963,34.044750214],[3.143910885,34.008308411],[3.147331953,34.001434326],[3.156763077,33.994159698],[3.149549007,33.988426208],[3.13803196,33.983844757],[3.14921689,33.947059631],[3.159437895,33.936004639],[3.170850039,33.913093567],[3.189954042,33.865070343],[3.212821007,33.854701996],[3.211188078,33.845531464],[3.222206116,33.821586609],[3.318469048,33.808235168],[3.337135077,33.803478241],[3.339735985,33.799583435],[3.465838909,33.760105133],[3.551078081,33.692268372],[3.59266901,33.662017822],[3.597378969,33.647808075],[3.611709118,33.62878418],[3.648951054,33.617897034],[3.712687016,33.526226044],[3.862977982,33.476551056],[3.991178989,33.43271637],[3.999938011,33.428478241],[4.087911129,33.401092529],[4.156149864,33.358406067],[4.192887783,33.333881378],[4.217857838,33.312911987],[4.338378906,33.202445984],[4.360885143,33.141944885],[4.414915085,33.09696579],[4.419457912,33.064590454],[4.480638027,32.990047455],[4.370654106,32.998474121],[4.359377861,33.000480652],[4.102365971,33.014801025],[3.884751081,33.029640198],[3.875927925,33.035774231],[3.871263981,33.034282684],[3.866302967,33.029411316],[3.858721972,33.026317596],[3.85007,33.020019531],[3.839981079,33.019874573],[3.834033012,33.029239655],[3.828090906,33.035140991],[3.827433109,33.038295746],[3.817657948,33.036632538],[3.800623894,33.045852661],[3.771116018,33.053764343],[3.762304068,33.05216217],[3.753870964,33.055023193],[3.746381998,33.051986694],[3.740943909,33.054164886],[3.734675884,33.047828674],[3.732498884,33.047576904],[3.725733042,33.050327301],[3.71658802,33.064937592],[3.708216906,33.059379578],[3.703376055,33.058288574],[3.694575071,33.061500549],[3.685897112,33.061256409],[3.682131052,33.058746338],[3.677752972,33.051700592],[3.674442053,33.050441742],[3.670253038,33.053936005],[3.669079065,33.067798615],[3.66625905,33.070381165],[3.660718918,33.070606232],[3.656570911,33.062187195],[3.647701025,33.057197571],[3.645106077,33.04637146],[3.640825987,33.041442871],[3.634706974,33.040241241],[3.631601095,33.04127121],[3.627413034,33.052444458],[3.620835066,33.054164886],[3.617517948,33.051872253],[3.61977005,33.040298462],[3.615513086,33.034053802],[3.60521102,33.034111023],[3.591161966,33.042758942],[3.587282896,33.039497375],[3.584177017,33.028266907],[3.576407909,33.026088715],[3.212585926,33.016292572],[3.241731882,32.995380402],[3.380611897,32.927368164],[3.394028902,32.81388092],[2.999908924,32.897689819],[2.98232007,32.892875671],[2.884644032,32.881374359],[2.865580082,32.874656677],[2.842318058,32.869846344],[2.826389074,32.863540649],[2.800858021,32.857299805],[2.750833035,32.837127686],[2.72361207,32.839420319],[2.520956993,32.822807312],[2.250221014,32.803131104],[2.233033895,32.809566498],[2.236769915,32.820568085],[2.229705095,32.832141876],[2.229568005,32.838272095],[2.223671913,32.850536346],[2.223660946,32.865432739],[2.221637964,32.873226166],[2.212958097,32.88319397],[2.182167053,32.908576965],[2.176987886,32.916370392],[2.178689003,32.924560547],[2.177376986,32.934242249],[2.167630911,32.94209671],[2.164205074,32.948055267],[2.166662931,32.954524994],[2.165626049,32.960830688],[2.156904936,32.967823029],[2.151994944,32.986095428],[2.145915985,32.998527527],[2.143475056,33.007297516],[2.127645016,33.032733917],[2.107527971,33.059837341],[2.104783058,33.068317413],[2.104468107,33.087165833],[2.111006021,33.098396301],[2.112294912,33.114322662],[2.114528894,33.119480133],[2.108701944,33.13053894],[2.097748041,33.137817383],[2.085704088,33.150249481],[2.084975958,33.154087067],[2.087920904,33.159015656],[2.093691111,33.162853241],[2.099478006,33.163139343],[2.2703619,33.158615112],[2.280430079,33.288562775],[2.280755997,33.310733795],[2.184355974,33.293487549],[2.092041016,33.32019043],[2.021096945,33.338352203],[2.015041113,33.368202209],[2.030889034,33.403553009],[1.934677958,33.414093018],[1.88579905,33.415050507],[1.910097957,33.46686554],[1.894508004,33.507831573],[1.899309039,33.52639389],[1.911468029,33.564956665],[1.937639952,33.582260132],[1.933153987,33.591026306],[1.920572042,33.600650787],[1.91734004,33.605979919],[1.912750959,33.606437683],[1.901527047,33.602771759],[1.89834094,33.612224579],[1.889912963,33.616638184],[1.887866974,33.62064743],[1.884606957,33.621677399],[1.881708026,33.626148224],[1.883540988,33.629356384],[1.892526031,33.632854462],[1.893905997,33.636058807],[1.88401103,33.641559601],[1.884755969,33.64963913],[1.878934979,33.660293579],[1.873939037,33.663330078],[1.867962956,33.660812378],[1.864954948,33.650959015],[1.861917973,33.649982452],[1.854848027,33.651473999],[1.85255599,33.660297394],[1.845548987,33.664539337],[1.843217015,33.664478302],[1.840919018,33.673358917],[1.827986956,33.668949127],[1.822968006,33.673416138],[1.81931901,33.672843933],[1.811068058,33.676399231],[1.819260955,33.683158875],[1.81476903,33.687854767],[1.808650017,33.700630188],[1.81299305,33.707336426],[1.814178944,33.714729309],[1.819684982,33.717651367],[1.820188999,33.724063873],[1.823094964,33.727905273],[1.809468985,33.742801666],[1.809710026,33.752082825],[1.807297945,33.755809784],[1.817410946,33.760906219],[1.822733998,33.779872894],[1.817198992,33.788925171],[1.802886009,33.825939178],[1.798859,33.831035614],[1.796411991,33.840316772],[1.788916945,33.845592499],[1.765460014,33.850631714],[1.759359002,33.863639832],[1.753553987,33.868167877],[1.744902968,33.880714417],[1.737254024,33.885414124],[1.730556011,33.88627243],[1.723297,33.889476776],[1.711104035,33.902084351],[1.651240945,33.893661499],[1.570860982,33.864326477],[1.559288979,33.866195679],[1.547834039,33.870227814],[1.496870041,33.909244537],[1.485381961,33.928382874],[1.472404003,33.940071106],[1.455679059,33.945114136],[1.448585987,33.944313049],[1.442559004,33.947517395],[1.432170987,33.948665619],[1.428297997,33.952793121],[1.420115948,33.955429077],[1.418437004,33.959320068],[1.410455942,33.964710236],[1.403843999,33.966598511],[1.395135045,33.966487885],[1.388070941,33.972385406],[1.374148011,33.974849701],[1.369209051,33.977600098],[1.366562009,33.983730316],[1.368000031,33.987743378],[1.362601995,33.995418549],[1.364768028,33.998226166],[1.369793057,33.998683929],[1.369351983,34.015529633],[1.376822948,34.016159058],[1.374904037,34.01833725],[1.367884994,34.019367218],[1.369444013,34.025787354],[1.363324046,34.030597687],[1.352799058,34.042800903],[1.350965977,34.046524048],[1.350844979,34.051971436],[1.346112967,34.059593201],[1.346503019,34.064117432],[1.345322013,34.066062927],[1.33751297,34.064575195],[1.336209059,34.072975159],[1.369518042,34.087722778],[1.438806057,34.130008698],[1.427204013,34.130634308],[1.41038096,34.156417847],[1.400869966,34.182315826],[1.477090955,34.203918457],[1.577633977,34.269233704],[1.590456009,34.224887848],[1.667513013,34.262931824],[1.67078495,34.278003693],[1.675963998,34.322807312],[1.684674025,34.357814789],[1.697335958,34.368526459],[1.695634007,34.375923157],[1.768125057,34.43699646],[1.824223042,34.46868515],[1.843199015,34.465934753],[1.845520973,34.468917847],[1.850664973,34.468914032],[1.85174799,34.473613739],[1.855592012,34.471092224],[1.855157018,34.473323822],[1.858234048,34.475444794],[1.858193994,34.477619171],[1.860537052,34.47819519],[1.862159014,34.476703644],[1.867733002,34.479797363],[1.873829961,34.477508545],[1.878029943,34.48128891],[1.883880019,34.479572296],[1.883708,34.478076935],[1.885615945,34.483924866],[1.894140959,34.482719421],[1.898874044,34.487190247],[1.907858014,34.485298157],[1.911375999,34.486385345],[1.91297996,34.484611511],[1.929504037,34.486385345],[1.948055983,34.49200058],[1.954152942,34.496585846],[2.000322104,34.506843567],[2.025175095,34.547897339],[2.111073971,34.606307983],[2.182419062,34.629169464],[2.185214996,34.634555817],[2.204329014,34.640457153],[2.206896067,34.647846222],[2.214631081,34.659648895],[2.225053072,34.680965424],[2.367048979,34.694831848],[2.36915803,34.630943298],[2.384175062,34.565914154],[2.384111881,34.555828094],[2.395318985,34.491828918]]]]},"properties":{"name":"Laghouat","mapcolor":25,"cartodb_id":25}},{"type":"Feature","geometry":{"type":"MultiPolygon","coordinates":[[[[4.489369869,36.037384033],[4.493804932,36.036697388],[4.490458965,36.015323639],[4.494177818,36.014007568],[4.495324135,36.006156921],[4.499385834,36.000774384],[4.503993034,35.98513031],[4.508828163,35.977508545],[4.50368309,35.969200134],[4.50005579,35.971149445],[4.501523018,35.964332581],[4.514512062,35.95602417],[4.513456821,35.950294495],[4.517498016,35.94777298],[4.519824028,35.942272186],[4.52278614,35.940952301],[4.520390987,35.937404633],[4.521708965,35.934764862],[4.524572849,35.93516922],[4.527438641,35.928855896],[4.531564236,35.929039001],[4.527604103,35.92628479],[4.527752876,35.923881531],[4.525375843,35.921302795],[4.522809029,35.924739838],[4.523474216,35.926689148],[4.508690834,35.928577423],[4.500429153,35.923023224],[4.499516964,35.919181824],[4.497175217,35.916950226],[4.482725143,35.917865753],[4.479795933,35.915172577],[4.468544006,35.913509369],[4.466211796,35.909614563],[4.45962286,35.911159515],[4.456906796,35.907264709],[4.453835964,35.906291962],[4.458676815,35.900104523],[4.461118221,35.886867523],[4.444766045,35.873058319],[4.444691181,35.870193481],[4.438034058,35.869392395],[4.442421913,35.859539032],[4.441254139,35.858333588],[4.42069006,35.854896545],[4.414955139,35.85105896],[4.415201187,35.847332001],[4.413545132,35.844413757],[4.41481781,35.839485168],[4.418198109,35.836219788],[4.416542053,35.835819244],[4.41892004,35.832435608],[4.419004917,35.825733185],[4.459382057,35.822353363],[4.469334126,35.819255829],[4.47862196,35.812957764],[4.493452072,35.810333252],[4.528892994,35.819770813],[4.539383888,35.817996979],[4.552773952,35.81180954],[4.550384998,35.821495056],[4.54165411,35.831176758],[4.546953201,35.834499359],[4.546127796,35.841487885],[4.538938046,35.845558167],[4.536719799,35.850543976],[4.541348934,35.849224091],[4.546380043,35.853866577],[4.551370144,35.855930328],[4.550895214,35.857875824],[4.555696011,35.857246399],[4.554475784,35.859649658],[4.564805984,35.865497589],[4.592377186,35.870994568],[4.600714207,35.874088287],[4.606191158,35.865497589],[4.599974155,35.855010986],[4.581079006,35.832149506],[4.592726231,35.808773041],[4.60157299,35.804420471],[4.604786873,35.804821014],[4.60544014,35.803272247],[4.60943985,35.803562164],[4.611762047,35.801837921],[4.62366581,35.812610626],[4.622807026,35.817195892],[4.623884201,35.818740845],[4.640957832,35.819202423],[4.639869213,35.823616028],[4.644086838,35.824588776],[4.642830849,35.827392578],[4.644744873,35.831977844],[4.659630775,35.839771271],[4.667756081,35.8409729],[4.673233032,35.838565826],[4.677002907,35.840457916],[4.685489178,35.840858459],[4.712223053,35.860401154],[4.726356983,35.855758667],[4.730809212,35.850543976],[4.73755312,35.849910736],[4.742857933,35.854492188],[4.747082233,35.855869293],[4.749923229,35.862174988],[4.752111912,35.861598969],[4.755188942,35.863376617],[4.758088112,35.860969543],[4.761445045,35.861198425],[4.775745869,35.868362427],[4.810479164,35.86876297],[4.817399979,35.86687088],[4.823197842,35.861999512],[4.830967903,35.866641998],[4.831994057,35.87506485],[4.843235016,35.87821579],[4.848885059,35.870250702],[4.866486073,35.859996796],[4.863774776,35.857475281],[4.867344856,35.855297089],[4.868697166,35.852203369],[4.877785206,35.846302032],[4.878780842,35.839256287],[4.883790016,35.83776474],[4.885386944,35.831748962],[4.891689777,35.831176758],[4.892034054,35.826591492],[4.896275043,35.823383331],[4.903579235,35.812271118],[4.904747009,35.813873291],[4.912517071,35.815189362],[4.932743073,35.810722351],[4.937503815,35.811981201],[4.93800211,35.817943573],[4.944201946,35.819374084],[4.959162235,35.812957764],[4.957872868,35.796913147],[4.960566044,35.787231445],[4.961030006,35.777145386],[4.966271877,35.765571594],[4.976687908,35.7631073],[4.977342129,35.769695282],[4.988829136,35.770271301],[4.989414215,35.772850037],[4.990858078,35.76184845],[4.992352009,35.764141083],[4.997142792,35.764141083],[4.996931076,35.767635345],[4.998599052,35.769123077],[5.004220009,35.768436432],[5.005589008,35.771987915],[5.012022972,35.772045135],[5.017224789,35.777374268],[5.033778191,35.783966064],[5.043747902,35.785568237],[5.045024872,35.776115417],[5.042745113,35.771648407],[5.038315773,35.766544342],[5.024938107,35.759784698],[5.039472103,35.758914948],[5.051407814,35.752281189],[5.053276062,35.746665955],[5.056611061,35.743877411],[5.088586807,35.727012634],[5.091567039,35.727527618],[5.090976238,35.722545624],[5.093617916,35.717788696],[5.096517086,35.717674255],[5.106875896,35.724720001],[5.112405777,35.719577789],[5.126615047,35.718532562],[5.133284092,35.719451904],[5.146605015,35.725868225],[5.162428856,35.709663391],[5.169270992,35.70489502],[5.165277958,35.699165344],[5.150557995,35.698936462],[5.148561001,35.684345245],[5.15095377,35.683639526],[5.165482998,35.667999268],[5.172811985,35.653560638],[5.178959846,35.650238037],[5.184277058,35.651496887],[5.21856308,35.649604797],[5.236880779,35.650878906],[5.239768028,35.649490356],[5.243721008,35.65178299],[5.259562969,35.649436951],[5.26085186,35.644622803],[5.294065952,35.631443024],[5.311841011,35.639060974],[5.338661194,35.630870819],[5.337250233,35.624221802],[5.332868099,35.617462158],[5.304334164,35.590991974],[5.295928001,35.58562851],[5.289700985,35.585723877],[5.27316618,35.575294495],[5.264325142,35.5728302],[5.262971878,35.569789886],[5.259243011,35.568759918],[5.255782127,35.563716888],[5.253008842,35.563491821],[5.251233101,35.560970306],[5.249485016,35.562744141],[5.245818138,35.561771393],[5.243309021,35.559192657],[5.238427162,35.558563232],[5.228761196,35.552490234],[5.229174137,35.550998688],[5.225380898,35.547790527],[5.223093987,35.540630341],[5.21572113,35.535358429],[5.216527939,35.530147552],[5.208127975,35.51902771],[5.206254959,35.517883301],[5.204072952,35.518913269],[5.19630909,35.511352539],[5.18264389,35.509231567],[5.166604996,35.517601013],[5.136463165,35.498630524],[5.135587215,35.491699219],[5.125989914,35.492103577],[5.120660782,35.485912323],[5.116799831,35.487117767],[5.104640961,35.497829437],[5.108263016,35.502925873],[5.108836174,35.510948181],[5.096219063,35.517940521],[5.087882996,35.528137207],[5.083512783,35.520282745],[5.061252117,35.526878357],[5.037485123,35.529743195],[5.031766891,35.518569946],[5.023338795,35.508369446],[5.02011919,35.50636673],[5.012670994,35.506309509],[4.996994019,35.494907379],[4.995063782,35.504245758],[4.994519234,35.525505066],[4.985643864,35.519142151],[4.977880001,35.505222321],[4.973834991,35.502758026],[4.971807003,35.494907379],[4.968053818,35.493476868],[4.962491035,35.487857819],[4.956307888,35.486598969],[4.948861122,35.479381561],[4.947078228,35.468093872],[4.93107605,35.4792099],[4.914138794,35.481441498],[4.90217495,35.494678497],[4.893157005,35.507514954],[4.890021801,35.516906738],[4.884231091,35.518859863],[4.856928825,35.535987854],[4.890388966,35.364387512],[4.88252306,35.346969604],[4.869258881,35.265953064],[4.864554882,35.259021759],[4.858761787,35.253921509],[4.853525162,35.234386444],[4.824000835,35.206825256],[4.799393177,35.214561462],[4.79774189,35.21049118],[4.793360233,35.206253052],[4.760471821,35.183448792],[4.741930008,35.179149628],[4.741856098,35.170211792],[4.748857975,35.160415649],[4.747608185,35.152679443],[4.750300884,35.14648819],[4.793965816,35.144542694],[4.845005989,35.14522934],[4.88869381,35.141220093],[4.971674919,35.111309052],[4.967033863,35.092575073],[5.003359795,35.080314636],[5.005169868,35.040035248],[5.000295162,35.036540985],[5.006876945,35.023075104],[5.009555817,35.020591736],[5.009428024,35.017917633],[5.006379128,35.014022827],[5.007760048,35.005142212],[5.006229877,35.000789642],[5.012314796,34.997524261],[5.016211987,34.98595047],[5.004642963,34.95810318],[5.003932953,34.94859314],[5.006372929,34.946182251],[5.010745049,34.946186066],[5.013381004,34.943721771],[5.019590855,34.944980621],[5.026650906,34.941371918],[5.029181957,34.936958313],[5.028954029,34.931690216],[5.028284073,34.930484772],[5.024363995,34.93094635],[5.008035183,34.935871124],[5.003938198,34.934211731],[5.004384995,34.930484772],[5.001474857,34.927219391],[5.001428127,34.923095703],[4.997940063,34.916679382],[4.997635841,34.906364441],[4.995447159,34.900234222],[4.996792793,34.893074036],[4.97901392,34.882701874],[4.967338085,34.87210083],[4.957919121,34.872848511],[4.953981876,34.871185303],[4.941771984,34.870780945],[4.934874058,34.863105774],[4.926027775,34.860416412],[4.920567036,34.859668732],[4.906496048,34.862018585],[4.903264046,34.860412598],[4.901007175,34.854740143],[4.896498203,34.84992981],[4.886188984,34.848953247],[4.873238087,34.842586517],[4.868261814,34.842765808],[4.861810207,34.848209381],[4.851159096,34.846035004],[4.844884872,34.847637177],[4.838084221,34.847179413],[4.814151764,34.840072632],[4.80948782,34.84173584],[4.807620049,34.835662842],[4.802957058,34.833656311],[4.79968977,34.829818726],[4.783102989,34.830677032],[4.764872074,34.827926636],[4.76253891,34.828212738],[4.761141777,34.831363678],[4.745063782,34.820133209],[4.733592987,34.818416595],[4.717195988,34.81193924],[4.711375237,34.815490723],[4.699079037,34.804550171],[4.69347477,34.796012878],[4.680997849,34.78862381],[4.681231022,34.786388397],[4.676521778,34.780082703],[4.664992809,34.770343781],[4.666803837,34.763755798],[4.665205002,34.758026123],[4.65818119,34.765991211],[4.651374817,34.77022934],[4.642236233,34.762378693],[4.638683796,34.765991211],[4.63142395,34.758483887],[4.628151894,34.760719299],[4.624750137,34.755905151],[4.617867947,34.752296448],[4.623447895,34.739631653],[4.674969196,34.713050842],[4.677289009,34.708179474],[4.668547153,34.702507019],[4.660375118,34.705600739],[4.645914078,34.70451355],[4.640620232,34.70697403],[4.636459827,34.706863403],[4.632271767,34.704456329],[4.633526802,34.700042725],[4.631927967,34.689674377],[4.626651764,34.688240051],[4.612522125,34.703536987],[4.605434895,34.70640564],[4.598525047,34.706516266],[4.591631889,34.703769684],[4.58596611,34.698898315],[4.581380844,34.690361023],[4.581583023,34.683826447],[4.575204849,34.681762695],[4.570621967,34.683826447],[4.561305046,34.679649353],[4.563058853,34.675006866],[4.561919212,34.674263],[4.553528309,34.676662445],[4.547794819,34.675918579],[4.511096954,34.663890839],[4.466338158,34.666240692],[4.441706181,34.665950775],[4.395703793,34.660968781],[4.358129025,34.652713776],[4.323460102,34.661598206],[4.305171013,34.652198792],[4.284831047,34.666351318],[4.28374815,34.661483765],[4.285232067,34.655982971],[4.279438972,34.652832031],[4.277359009,34.649620056],[4.266030788,34.644924164],[4.261065006,34.636676788],[4.242282867,34.619541168],[4.245639801,34.617321014],[4.253262997,34.61680603],[4.253097057,34.611434937],[4.241790771,34.596164703],[4.208651066,34.57358551],[4.205616951,34.570983887],[4.207416058,34.568199158],[4.203283787,34.569126129],[4.179684162,34.55040741],[4.16789484,34.546226501],[4.168374062,34.547821045],[4.152351856,34.539253235],[4.142704964,34.532039642],[4.136846066,34.524963379],[4.143039227,34.523914337],[4.161218166,34.514450073],[4.16341877,34.502017975],[4.159921169,34.488071442],[4.162209988,34.485168457],[4.161351204,34.480133057],[4.163706779,34.473209381],[4.169464111,34.471340179],[4.173661232,34.463226318],[4.169057846,34.453369141],[4.171076775,34.437492371],[4.168923855,34.421569824],[4.17222023,34.407691956],[4.177446842,34.403087616],[4.17784977,34.394218445],[4.190329075,34.384654999],[4.200500965,34.382736206],[4.204391003,34.379135132],[4.210513115,34.380149841],[4.212118149,34.37896347],[4.210799217,34.37411499],[4.202517033,34.373477936],[4.201265812,34.370174408],[4.204382896,34.36807251],[4.212794781,34.367809296],[4.212916851,34.355503082],[4.219972134,34.352027893],[4.21644783,34.344112396],[4.2203269,34.343128204],[4.230628014,34.345870972],[4.233657837,34.343769073],[4.233725071,34.332931519],[4.227830887,34.333633423],[4.22559309,34.325149536],[4.220085144,34.322357178],[4.217933178,34.319229126],[4.218578815,34.315826416],[4.22269392,34.315284729],[4.233991146,34.320121765],[4.235101223,34.313301086],[4.237796783,34.310512543],[4.250460148,34.303539276],[4.260608196,34.301834106],[4.260309219,34.294975281],[4.268384933,34.293800354],[4.278470993,34.284431458],[4.299460888,34.280445099],[4.302638054,34.278064728],[4.302259922,34.273193359],[4.295022011,34.266677856],[4.273715019,34.266254425],[4.270687103,34.261539459],[4.270559788,34.247211456],[4.265319824,34.239562988],[4.243782997,34.238357544],[4.225024223,34.242298126],[4.219601154,34.239601135],[4.218410969,34.232738495],[4.214343071,34.228523254],[4.21050787,34.227039337],[4.206497192,34.22820282],[4.193661213,34.237781525],[4.185238838,34.238723755],[4.176311016,34.233909607],[4.171537876,34.220748901],[4.165272236,34.222766876],[4.160499096,34.217441559],[4.153704166,34.216579437],[4.149349213,34.221908569],[4.138491154,34.229412079],[4.138055801,34.235832214],[4.140056133,34.242019653],[4.137563229,34.244884491],[4.133232117,34.246086121],[4.121273994,34.244598389],[4.118535042,34.246086121],[4.117825031,34.249526978],[4.121269226,34.254852295],[4.120057106,34.256969452],[4.110003948,34.257659912],[4.110026836,34.25932312],[4.117586136,34.264705658],[4.11824894,34.267227173],[4.11387682,34.269866943],[4.112421989,34.276741028],[4.102182865,34.279834747],[4.103448868,34.284591675],[4.094029903,34.285625458],[4.095541954,34.290374756],[4.094573975,34.293876648],[4.089618206,34.297538757],[4.075621128,34.301204681],[4.075614929,34.302810669],[4.061038017,34.304988861],[4.06555891,34.309856415],[4.064609051,34.312263489],[4.054553032,34.316848755],[4.053986073,34.319141388],[4.056615829,34.32194519],[4.05328083,34.324295044],[4.045391083,34.322177887],[4.043328762,34.326992035],[4.03318882,34.324119568],[4.0302248,34.326702118],[4.02584219,34.326305389],[4.020737171,34.329223633],[4.004930019,34.333808899],[4.000489235,34.339881897],[3.994282961,34.34211731],[3.992615938,34.347446442],[3.988806009,34.348361969],[3.973134995,34.363544464],[3.975485086,34.368301392],[3.980899096,34.413452148],[3.989677906,34.444446564],[3.905235052,34.522884369],[3.916996956,34.562763214],[3.921077013,34.60206604],[3.900254965,34.662570953],[3.898375988,34.697063446],[3.890933037,34.76776886],[3.822458982,34.781059265],[3.808084011,34.7797966],[3.726963997,34.790340424],[3.707695961,34.808330536],[3.698637962,34.807071686],[3.657126904,34.78868103],[3.640888929,34.790626526],[3.63835001,34.803863525],[3.649580002,34.799850464],[3.639456987,34.822425842],[3.635257006,34.82718277],[3.630100012,34.840702057],[3.622509003,34.843852997],[3.626363993,34.848899841],[3.635493994,34.854923248],[3.610677004,34.867118835],[3.569641113,34.868320465],[3.586332083,34.890895844],[3.572180033,34.913414001],[3.564822912,34.9360466],[3.572036982,34.939826965],[3.576992989,34.956386566],[3.576683044,34.975521088],[3.581748009,34.983657837],[3.568479061,34.978500366],[3.565212965,35.002681732],[3.567768097,35.006519318],[3.549416065,35.021129608],[3.575457096,35.023422241],[3.600440025,35.082935333],[3.585839033,35.07452774],[3.580991983,35.075904846],[3.565017939,35.069828033],[3.558928013,35.057510376],[3.555495024,35.056194305],[3.540518999,35.058540344],[3.530972958,35.055107117],[3.527631998,35.052066803],[3.515789032,35.05676651],[3.512981892,35.055446625],[3.511275053,35.064559937],[3.519433022,35.075557709],[3.517646074,35.078712463],[3.518630981,35.084781647],[3.516201019,35.085010529],[3.513847113,35.087993622],[3.511101961,35.086791992],[3.511337996,35.088451385],[3.500794888,35.101112366],[3.494023085,35.115325928],[3.482036114,35.130222321],[3.46152997,35.177658081],[3.595426083,35.264266968],[3.595808983,35.267730713],[3.666837931,35.315113068],[3.659945011,35.350692749],[3.648279905,35.390743256],[3.689768076,35.41469574],[3.682090998,35.437438965],[3.688055038,35.446949005],[3.69007802,35.453136444],[3.694730997,35.483493805],[3.684010029,35.495197296],[3.678288937,35.508602142],[3.477132082,35.631504059],[3.473618984,35.634021759],[3.474438906,35.636314392],[3.407305002,35.690631866],[3.384397984,35.710910797],[3.370393991,35.759819031],[3.381223917,35.770500183],[3.394030094,35.778751373],[3.391686916,35.778923035],[3.391846895,35.780296326],[3.386284113,35.78470993],[3.38281703,35.792503357],[3.38321805,35.796108246],[3.377351999,35.803157806],[3.375071049,35.808486938],[3.399535894,35.816352844],[3.401937008,35.813354492],[3.417876005,35.813816071],[3.424407959,35.803276062],[3.421710014,35.797485352],[3.440984011,35.7954216],[3.443779945,35.793647766],[3.447412968,35.790206909],[3.454046965,35.77456665],[3.453916073,35.769985199],[3.451183081,35.765514374],[3.467993021,35.763339996],[3.461477995,35.7473526],[3.470509052,35.737556458],[3.512780905,35.677509308],[3.543750048,35.651096344],[3.535149097,35.743057251],[3.531924009,35.751594543],[3.535413027,35.762763977],[3.541068077,35.763168335],[3.544241905,35.766147614],[3.541188955,35.768951416],[3.53628397,35.768379211],[3.528223038,35.770328522],[3.511159897,35.783790588],[3.521255016,35.806537628],[3.505378962,35.812839508],[3.504261017,35.816337585],[3.513847113,35.814388275],[3.524744987,35.815078735],[3.527179956,35.813529968],[3.533246994,35.814563751],[3.542001963,35.819717407],[3.548316002,35.827796936],[3.55794692,35.835071564],[3.564811945,35.842750549],[3.590513945,35.839542389],[3.600930929,35.841659546],[3.600065947,35.850025177],[3.575032949,35.856216431],[3.580389977,35.868934631],[3.598340988,35.880622864],[3.629967928,35.882110596],[3.621093035,35.899642944],[3.60869503,35.912307739],[3.619447947,35.913166046],[3.621929884,35.911792755],[3.628186941,35.913909912],[3.632586956,35.913394928],[3.635200024,35.917236328],[3.633475065,35.92181778],[3.636569023,35.922161102],[3.637113094,35.924167633],[3.635325909,35.925369263],[3.637387991,35.927776337],[3.636092901,35.92754364],[3.636739016,35.929737091],[3.632426023,35.934310913],[3.643584967,35.944107056],[3.701925993,35.937690735],[3.709902048,35.935569763],[3.716702938,35.937171936],[3.719361067,35.931728363],[3.727904081,35.922103882],[3.73033905,35.91493988],[3.736320972,35.911678314],[3.739444017,35.911907196],[3.743963957,35.906692505],[3.742954969,35.905147552],[3.744405031,35.905147552],[3.747160912,35.900905609],[3.752007961,35.90096283],[3.756155968,35.896720886],[3.760179043,35.897521973],[3.768709898,35.903255463],[3.774269104,35.902210236],[3.773315907,35.89781189],[3.777362108,35.89786911],[3.79321003,35.891277313],[3.79806304,35.891563416],[3.798382998,35.884059906],[3.800503016,35.884056091],[3.798904896,35.880393982],[3.792784929,35.875865936],[3.791548014,35.868244171],[3.794848919,35.869564056],[3.797410011,35.86812973],[3.797580957,35.865097046],[3.799408913,35.867275238],[3.802514076,35.866127014],[3.80031991,35.864292145],[3.802073002,35.861660004],[3.803884029,35.862861633],[3.805986881,35.860054016],[3.810340881,35.859996796],[3.813848019,35.852378845],[3.819696903,35.857131958],[3.818598032,35.859020233],[3.819709063,35.862060547],[3.821526051,35.861660004],[3.820975065,35.863948822],[3.830514908,35.865955353],[3.83979702,35.862228394],[3.843372107,35.858509064],[3.840936899,35.857131958],[3.842592955,35.853462219],[3.845412016,35.852375031],[3.846105099,35.853694916],[3.852024078,35.849967957],[3.851152897,35.854095459],[3.854377985,35.856040955],[3.852900028,35.858448029],[3.855307102,35.860740662],[3.857645035,35.861660004],[3.861042023,35.860401154],[3.867007017,35.864177704],[3.893300056,35.873001099],[3.892853022,35.878444672],[3.900002956,35.886810303],[3.900459528,35.890190125],[3.904299974,35.890304565],[3.913525105,35.896148682],[3.923707008,35.891391754],[3.92780304,35.887783051],[3.933252096,35.892139435],[3.940218925,35.893398285],[3.965744972,35.877696991],[3.98449111,35.868877411],[4.033782959,35.859767914],[4.035416126,35.865955353],[4.03403616,35.869274139],[4.037375927,35.874317169],[4.031813145,35.876724243],[4.035461903,35.881824493],[4.032075882,35.88337326],[4.032361984,35.88835907],[4.026597977,35.890018463],[4.029355049,35.892654419],[4.028684139,35.893802643],[4.022111893,35.896896362],[4.020925999,35.901077271],[4.017557144,35.901252747],[4.018364906,35.903194427],[4.013655186,35.906406403],[4.01729393,35.907894135],[4.015007019,35.911102295],[4.015604019,35.914600372],[4.013925076,35.913795471],[4.018084049,35.921127319],[4.02059412,35.920558929],[4.024289131,35.923652649],[4.028306007,35.924339294],[4.028220177,35.935279846],[4.031938076,35.940101624],[4.033881187,35.940097809],[4.034448147,35.945365906],[4.038538933,35.948230743],[4.037942886,35.950866699],[4.04139185,35.951900482],[4.040641785,35.954475403],[4.04292202,35.956539154],[4.04171896,35.957111359],[4.043392181,35.958374023],[4.042229176,35.959579468],[4.043511868,35.961521149],[4.04177618,35.971893311],[4.044611931,35.973560333],[4.042463779,35.974071503],[4.041855812,35.976249695],[4.0478549,35.986160278],[4.04843998,35.995269775],[4.058139801,36.007476807],[4.057114124,36.010570526],[4.067932129,36.015213013],[4.064940929,36.021343231],[4.060964108,36.021167755],[4.065926075,36.030162811],[4.062116146,36.035896301],[4.067429066,36.039470673],[4.078967094,36.032917023],[4.084433079,36.032115936],[4.087319851,36.024608612],[4.091893196,36.020767212],[4.092453957,36.016929626],[4.090013027,36.01039505],[4.086414814,36.007015228],[4.087566853,36.005870819],[4.090517044,36.007530212],[4.090694904,36.004207611],[4.086752892,36.001060486],[4.088150978,35.998134613],[4.093560219,35.996246338],[4.100234985,35.998878479],[4.124355793,35.993724823],[4.130029202,35.998996735],[4.137853146,35.997993469],[4.144937038,36.007015228],[4.142003059,36.01348877],[4.140645981,36.013378143],[4.140954971,36.017559052],[4.166738033,36.023227692],[4.183559895,36.02173996],[4.187759876,36.02374649],[4.199775219,36.024261475],[4.215967178,36.023002625],[4.22364378,36.020824432],[4.235929012,36.014122009],[4.237555981,36.010570526],[4.235933781,36.008274078],[4.237716198,36.007591248],[4.237630844,36.00478363],[4.245594978,36.000717163],[4.255952835,36.008163452],[4.260954857,36.004898071],[4.264358997,36.000312805],[4.267830849,36.003463745],[4.269721985,35.998249054],[4.274724007,35.99842453],[4.276391029,36.0027771],[4.280303955,36.003578186],[4.280635834,36.002262115],[4.278802872,36.00151825],[4.283244133,35.997333527],[4.28392601,36.003978729],[4.281036854,36.007190704],[4.283030987,36.007991791],[4.288452148,36.002662659],[4.288268089,36.00094223],[4.289722919,36.001289368],[4.289443016,35.999855042],[4.293750763,36.000259399],[4.293631077,35.996875763],[4.29072094,35.994239807],[4.292846203,35.992752075],[4.28955698,35.990055084],[4.296999931,35.993209839],[4.300312042,35.989944458],[4.306465149,35.989715576],[4.303187847,35.991947174],[4.304597855,35.993724823],[4.308876991,35.988452911],[4.315207958,35.990345001],[4.330140114,35.983695984],[4.339770794,35.986793518],[4.344451904,35.98507309],[4.34952879,35.987651825],[4.352044106,35.986103058],[4.359659195,35.987190247],[4.365972996,35.985816956],[4.36867094,35.990627289],[4.375513077,35.995441437],[4.38631916,35.994068146],[4.388661861,36.001232147],[4.392518044,36.006271362],[4.401054859,36.008163452],[4.407031059,36.011314392],[4.415464878,36.006614685],[4.417802811,36.009483337],[4.422803879,36.010971069],[4.426523209,36.018074036],[4.438955784,36.022483826],[4.442101002,36.025695801],[4.444152832,36.032512665],[4.452161789,36.035663605],[4.466544151,36.037326813],[4.472486019,36.042308807],[4.489369869,36.037384033]]]]},"properties":{"name":"M'Sila","mapcolor":26,"cartodb_id":26}},{"type":"Feature","geometry":{"type":"MultiPolygon","coordinates":[[[[-0.113875002,35.784534454],[-0.107917003,35.783222198],[-0.107928,35.778923035],[-0.105373003,35.775714874],[-0.098268002,35.773536682],[-0.092756003,35.768608093],[-0.092023,35.76574707],[-0.095329002,35.747638702],[-0.052288,35.723918915],[-0.032818999,35.720539093],[-0.025049999,35.717670441],[-0.017325999,35.71824646],[-0.005437,35.726554871],[-0.000275,35.726097107],[0.005151,35.72959137],[0.00821,35.736064911],[0.015619001,35.74161911],[0.034159999,35.748039246],[0.039328001,35.748096466],[0.040422,35.743453979],[0.041700002,35.743228912],[0.05446,35.748325348],[0.055633999,35.740421295],[0.059354998,35.73267746],[0.079701997,35.72719574],[0.084425002,35.728675842],[0.089886002,35.726036072],[0.106311999,35.700027466],[0.104277998,35.693492889],[0.133561999,35.692691803],[0.135820001,35.684902191],[0.149306998,35.697792053],[0.155059993,35.701000214],[0.156928003,35.671432495],[0.159884006,35.671779633],[0.161081001,35.673900604],[0.167682007,35.695095062],[0.177690998,35.701343536],[0.180154994,35.705528259],[0.185821995,35.709365845],[0.191649005,35.710739136],[0.216039002,35.707588196],[0.220789,35.710567474],[0.226111993,35.704322815],[0.241650999,35.702205658],[0.241943002,35.698822021],[0.244699001,35.699108124],[0.244755998,35.697906494],[0.255005985,35.697792053],[0.253791988,35.691200256],[0.255997986,35.691146851],[0.257629991,35.68719101],[0.260782003,35.686847687],[0.262627006,35.676250458],[0.257160991,35.671203613],[0.257268995,35.668567657],[0.253327996,35.664272308],[0.263538003,35.657627106],[0.272103012,35.65562439],[0.270702988,35.651950836],[0.273162991,35.648517609],[0.271874011,35.645652771],[0.28135699,35.636314392],[0.284862995,35.635513306],[0.285257995,35.637001038],[0.287860006,35.635681152],[0.291871011,35.625026703],[0.296512008,35.623725891],[0.296070009,35.621704102],[0.299822986,35.618896484],[0.297639996,35.606403351],[0.292140007,35.600730896],[0.288987994,35.59173584],[0.292614996,35.588012695],[0.287945986,35.583999634],[0.288650006,35.579647064],[0.304560989,35.577011108],[0.311785996,35.577354431],[0.310187995,35.569046021],[0.315568,35.557361603],[0.322375,35.555984497],[0.328494012,35.557933807],[0.333393008,35.554149628],[0.342990011,35.553520203],[0.34582001,35.551689148],[0.354941994,35.557876587],[0.355733991,35.561714172],[0.36175999,35.561256409],[0.366477013,35.557701111],[0.379200995,35.563373566],[0.379016995,35.570365906],[0.383783996,35.576782227],[0.390882999,35.576267242],[0.391943008,35.574489594],[0.396836013,35.57718277],[0.395094007,35.573059082],[0.397219986,35.573001862],[0.403075993,35.566070557],[0.400795013,35.560970306],[0.403041005,35.556903839],[0.414030999,35.565093994],[0.42040199,35.566642761],[0.424917012,35.561771393],[0.435642987,35.568817139],[0.443520993,35.580966949],[0.447387993,35.573635101],[0.445165008,35.568759918],[0.447685987,35.563430786],[0.450356007,35.562057495],[0.460274011,35.561828613],[0.480448008,35.550369263],[0.486126006,35.538162231],[0.493402988,35.533409119],[0.499332994,35.525447845],[0.500042975,35.518859863],[0.505219996,35.511505127],[0.527773976,35.509918213],[0.539462984,35.511638641],[0.542613983,35.515190125],[0.551425993,35.520404816],[0.563108981,35.514274597],[0.573226988,35.512435913],[0.585609019,35.512496948],[0.590306997,35.509975433],[0.594931006,35.513755798],[0.601324975,35.509689331],[0.607266009,35.50888443],[0.625773013,35.500751495],[0.62845403,35.493648529],[0.638848007,35.478466034],[0.646835029,35.481098175],[0.650897026,35.485797882],[0.659062028,35.482303619],[0.668797016,35.474910736],[0.675494015,35.474052429],[0.690425992,35.480068207],[0.688970029,35.482589722],[0.694471002,35.486141205],[0.697713971,35.485855103],[0.703981996,35.48052597],[0.720476985,35.482303619],[0.730463982,35.471416473],[0.72498101,35.466201782],[0.728608012,35.463737488],[0.730991006,35.464881897],[0.733352005,35.462589264],[0.734709978,35.456691742],[0.73743099,35.458526611],[0.74099499,35.457778931],[0.742393017,35.461677551],[0.747932971,35.462421417],[0.751754999,35.465110779],[0.754424989,35.46282196],[0.754779994,35.459327698],[0.758876979,35.461788177],[0.76680702,35.455257416],[0.776844978,35.453941345],[0.781463027,35.45141983],[0.795225024,35.449756622],[0.805498004,35.450389862],[0.810220003,35.448497772],[0.814155996,35.45010376],[0.814534009,35.448669434],[0.829762995,35.444374084],[0.831981003,35.444946289],[0.833034992,35.442539215],[0.831481993,35.439044952],[0.835744977,35.436180115],[0.835870981,35.432510376],[0.843290985,35.43302536],[0.844470978,35.43182373],[0.843348026,35.428443909],[0.850241005,35.427814484],[0.858308017,35.421627045],[0.875891984,35.420707703],[0.874884009,35.419330597],[0.876452982,35.415840149],[0.891659975,35.404151917],[0.893253028,35.398761749],[0.903113008,35.38495636],[0.89824301,35.378139496],[0.888742983,35.374645233],[0.888725996,35.37166214],[0.871486008,35.375045776],[0.866324008,35.368053436],[0.866523981,35.359405518],[0.864777029,35.356998444],[0.86629498,35.35464859],[0.863671005,35.352703094],[0.865126014,35.344905853],[0.863344014,35.343761444],[0.865079999,35.335910797],[0.853901982,35.325942993],[0.835349977,35.320381165],[0.838687003,35.317863464],[0.837790012,35.310871124],[0.83564198,35.308063507],[0.836089015,35.30525589],[0.830547988,35.301246643],[0.831561983,35.2970047],[0.830313027,35.29259491],[0.819244027,35.284973145],[0.815491021,35.28560257],[0.80716002,35.281078339],[0.804301023,35.277469635],[0.788830996,35.284572601],[0.78352499,35.293224335],[0.780260026,35.293167114],[0.780936003,35.290935516],[0.779389024,35.288299561],[0.782041013,35.285205841],[0.776879013,35.282566071],[0.777239978,35.277927399],[0.757736981,35.287097931],[0.708622992,35.301708221],[0.709155977,35.303253174],[0.706331015,35.304859161],[0.705551982,35.307952881],[0.681223989,35.309783936],[0.65367198,35.301544189],[0.646269023,35.293769836],[0.639043987,35.291828156],[0.63114202,35.287322998],[0.628718019,35.283828735],[0.620141029,35.280105591],[0.61875999,35.278503418],[0.632465005,35.272144318],[0.620324016,35.270477295],[0.61925298,35.266468048],[0.620347023,35.262001038],[0.633387983,35.259883881],[0.614515007,35.256156921],[0.607851028,35.253177643],[0.602104008,35.248134613],[0.600345016,35.248649597],[0.598591983,35.246414185],[0.599313974,35.244064331],[0.597624004,35.242919922],[0.597949982,35.23948288],[0.595779002,35.238105774],[0.597068012,35.231861115],[0.593303978,35.228023529],[0.59601903,35.225845337],[0.595915973,35.220748901],[0.606848001,35.214214325],[0.610601008,35.209632874],[0.607261002,35.211063385],[0.604820013,35.210834503],[0.603995025,35.20854187],[0.598264992,35.208999634],[0.599296987,35.208198547],[0.595017016,35.192501068],[0.589505017,35.190036774],[0.587597013,35.191581726],[0.583998978,35.18957901],[0.584119022,35.185165405],[0.582193971,35.185455322],[0.578579009,35.179721832],[0.573725998,35.17886734],[0.570774972,35.175769806],[0.554394007,35.173194885],[0.547622025,35.170898438],[0.54440701,35.167518616],[0.540814996,35.167980194],[0.537652016,35.166374207],[0.53729701,35.16299057],[0.534587026,35.15927124],[0.532662988,35.159286499],[0.529636025,35.156116486],[0.526606023,35.148612976],[0.519070983,35.14093399],[0.519621015,35.137897491],[0.510321975,35.129188538],[0.503365993,35.116012573],[0.490990013,35.109653473],[0.483794004,35.080657959],[0.473073989,35.071147919],[0.457621008,35.070632935],[0.457798988,35.058200836],[0.440277994,35.053329468],[0.440582007,35.04662323],[0.415663004,35.037654877],[0.405802995,35.041870117],[0.40308699,35.046627045],[0.388821006,35.053272247],[0.388235986,35.051319122],[0.382964998,35.052639008],[0.381366014,35.047771454],[0.368429005,35.041927338],[0.354184985,35.05040741],[0.353027999,35.054187775],[0.34671399,35.057910919],[0.331427008,35.076190948],[0.323406011,35.069774628],[0.296489,35.056423187],[0.288608998,35.058376312],[0.275043011,35.047485352],[0.279913008,35.042560577],[0.273238003,35.040435791],[0.263164997,35.032646179],[0.253946006,35.02960968],[0.249025002,35.032989502],[0.233680993,35.024562836],[0.232323006,35.02072525],[0.224501997,35.011444092],[0.213404,35.01115799],[0.208883002,35.014881134],[0.200111002,35.013793945],[0.193982005,35.021701813],[0.187035993,35.023994446],[0.180458993,35.032413483],[0.166409999,35.036312103],[0.177061006,35.053100586],[0.163247004,35.056938171],[0.156200007,35.071434021],[0.144718006,35.064041138],[0.126274005,35.067138672],[0.120407,35.072235107],[0.105184004,35.067138672],[0.101698004,35.071529388],[0.097987004,35.081634521],[0.092056997,35.079113007],[0.066496998,35.079109192],[0.057766002,35.083408356],[0.056253001,35.087589264],[0.048753001,35.092922211],[0.043166999,35.100196838],[0.039843,35.09658432],[0.018626999,35.093780518],[0.013058,35.091030121],[0.004171,35.089481354],[-0.004188001,35.084266663],[-0.009666,35.087650299],[-0.019492,35.088508606],[-0.026958,35.09223175],[-0.066068001,35.094181061],[-0.078786999,35.091487885],[-0.083148003,35.097045898],[-0.079972997,35.109134674],[-0.087261997,35.117500305],[-0.084717996,35.120422363],[-0.083961003,35.12752533],[-0.08619,35.130680084],[-0.085634001,35.135032654],[-0.087141,35.136291504],[-0.085932001,35.137611389],[-0.088505,35.141048431],[-0.086001001,35.145515442],[-0.086505003,35.148094177],[-0.090962999,35.158809662],[-0.096130997,35.162765503],[-0.096505247,35.168029785],[-0.103316002,35.167919159],[-0.105705,35.165859222],[-0.110352002,35.166259766],[-0.111074001,35.165115356],[-0.119306996,35.131710052],[-0.12703,35.119503021],[-0.137898996,35.121795654],[-0.173461005,35.11920929],[-0.174042001,35.122310638],[-0.169464007,35.133712769],[-0.171664,35.138126373],[-0.174493998,35.157150269],[-0.177651003,35.164714813],[-0.176974997,35.16809082],[-0.184200004,35.177371979],[-0.188956007,35.17949295],[-0.194117993,35.179782867],[-0.201653004,35.177547455],[-0.208985999,35.178749084],[-0.209175006,35.1876297],[-0.206728995,35.194332123],[-0.208975002,35.20098114],[-0.213054001,35.204303741],[-0.201435,35.218055725],[-0.199292004,35.219024658],[-0.190066993,35.216964722],[-0.188509002,35.222755432],[-0.186205,35.223495483],[-0.192616999,35.233867645],[-0.191253006,35.235298157],[-0.197274998,35.240970612],[-0.195986003,35.242004395],[-0.178727999,35.249107361],[-0.159934998,35.259880066],[-0.154256999,35.260795593],[-0.146063998,35.267272949],[-0.137452006,35.265247345],[-0.126578003,35.270477295],[-0.141945004,35.280849457],[-0.149169996,35.283599854],[-0.152011007,35.282794952],[-0.156412005,35.284343719],[-0.159712002,35.282627106],[-0.172048002,35.283718109],[-0.173509002,35.276611328],[-0.178963006,35.27614975],[-0.176127002,35.272369385],[-0.180379003,35.26669693],[-0.185047999,35.266181946],[-0.189557001,35.26360321],[-0.201199993,35.263721466],[-0.200449005,35.259021759],[-0.208717003,35.257701874],[-0.218159005,35.253578186],[-0.216463,35.247962952],[-0.229096994,35.243434906],[-0.231544003,35.249053955],[-0.239179999,35.257938385],[-0.239805996,35.264633179],[-0.227338001,35.274662018],[-0.222278997,35.285778046],[-0.217690006,35.284229279],[-0.213266,35.285144806],[-0.209445,35.283084869],[-0.199956998,35.284805298],[-0.191299006,35.288070679],[-0.184899002,35.297065735],[-0.178315997,35.298671722],[-0.176269993,35.305484772],[-0.178413004,35.310642242],[-0.173841,35.316829681],[-0.174168006,35.320213318],[-0.167469993,35.327602386],[-0.161762998,35.330066681],[-0.161041006,35.337230682],[-0.169205993,35.337055206],[-0.171286002,35.345481873],[-0.176774994,35.351093292],[-0.198002994,35.349262238],[-0.209255993,35.350978851],[-0.211187005,35.353443146],[-0.217552006,35.355735779],[-0.227864996,35.35269928],[-0.235811993,35.352870941],[-0.254667997,35.366218567],[-0.283048004,35.369602203],[-0.285465986,35.371723175],[-0.290886015,35.368797302],[-0.295773,35.372467041],[-0.294775993,35.375217438],[-0.295812994,35.380027771],[-0.299468994,35.384727478],[-0.305644989,35.388454437],[-0.308063,35.393093109],[-0.329181999,35.37859726],[-0.331526011,35.373497009],[-0.342743993,35.367080688],[-0.343014002,35.358375549],[-0.362064987,35.365249634],[-0.365846008,35.368167877],[-0.372590005,35.364730835],[-0.379929006,35.368225098],[-0.381895006,35.361522675],[-0.390345991,35.36289978],[-0.396378994,35.359405518],[-0.397507995,35.357227325],[-0.398550004,35.364273071],[-0.417172015,35.362037659],[-0.423290998,35.367710114],[-0.421561003,35.379173279],[-0.422430992,35.386104584],[-0.418036997,35.38999939],[-0.411464989,35.391777039],[-0.406291008,35.39635849],[-0.411172986,35.406269073],[-0.410210013,35.409076691],[-0.412245989,35.41437149],[-0.406675011,35.418533325],[-0.407380015,35.420082092],[-0.405346006,35.422660828],[-0.403362989,35.422714233],[-0.404778004,35.426094055],[-0.401558012,35.429363251],[-0.399089009,35.435951233],[-0.40070501,35.441394806],[-0.407195985,35.443229675],[-0.403843999,35.445343018],[-0.408003986,35.449699402],[-0.411442012,35.448841095],[-0.414701998,35.451133728],[-0.426299006,35.453483582],[-0.430521011,35.456401825],[-0.435128003,35.451877594],[-0.437923998,35.45262146],[-0.436989993,35.451190948],[-0.447705001,35.438926697],[-0.455686003,35.437786102],[-0.460590005,35.431423187],[-0.463827014,35.430446625],[-0.467197001,35.430335999],[-0.470530987,35.433254242],[-0.472265005,35.428791046],[-0.482946992,35.428100586],[-0.482838005,35.425292969],[-0.497357011,35.433540344],[-0.510060012,35.435375214],[-0.52047497,35.439537048],[-0.520820022,35.440937042],[-0.52009201,35.446147919],[-0.518247008,35.448150635],[-0.510053992,35.450965881],[-0.503986001,35.456748962],[-0.507188976,35.463623047],[-0.505997002,35.468837738],[-0.501201987,35.468837738],[-0.500015974,35.465625763],[-0.497162014,35.464366913],[-0.483402014,35.46333313],[-0.472965986,35.469924927],[-0.462498009,35.470039368],[-0.457226992,35.472846985],[-0.458849013,35.474281311],[-0.459019989,35.482303619],[-0.461237997,35.487113953],[-0.456791997,35.498744965],[-0.46153599,35.497657776],[-0.468847007,35.499263763],[-0.476397991,35.50831604],[-0.475567013,35.509460449],[-0.453577012,35.518108368],[-0.447239995,35.523841858],[-0.44462201,35.529056549],[-0.437386006,35.528770447],[-0.431490004,35.526420593],[-0.414175004,35.5272789],[-0.400761992,35.525276184],[-0.406830013,35.531921387],[-0.40870899,35.536964417],[-0.403798997,35.553920746],[-0.395754009,35.558792114],[-0.393669009,35.56457901],[-0.388558,35.567447662],[-0.38331601,35.57403183],[-0.379155993,35.573287964],[-0.377889991,35.575061798],[-0.389658004,35.592998505],[-0.31913799,35.644676208],[-0.266553998,35.676269531],[-0.298265994,35.676074982],[-0.287155986,35.688220978],[-0.277312994,35.707363129],[-0.273427993,35.71893692],[-0.259826005,35.730564117],[-0.257133007,35.736064911],[-0.253093988,35.727584839],[-0.249031007,35.725353241],[-0.245405003,35.720710754],[-0.233068004,35.714061737],[-0.232179999,35.711200714],[-0.234642997,35.709766388],[-0.234116003,35.7081604],[-0.226541996,35.704784393],[-0.208710998,35.703292847],[-0.203955993,35.691490173],[-0.188217998,35.694667816],[-0.188492,35.69733429],[-0.185379997,35.698368073],[-0.186646998,35.700141907],[-0.184709996,35.704666138],[-0.187518001,35.7081604],[-0.187569007,35.711025238],[-0.184222996,35.71257019],[-0.182635993,35.709365845],[-0.178935006,35.709709167],[-0.179444999,35.71314621],[-0.176815003,35.714981079],[-0.178035006,35.71830368],[-0.174385995,35.720424652],[-0.171737999,35.724662781],[-0.161328003,35.732395172],[-0.155454993,35.734233856],[-0.146752,35.740188599],[-0.143331006,35.746208191],[-0.129127994,35.759273529],[-0.124681003,35.771530151],[-0.114821002,35.780357361],[-0.113875002,35.784534454]]]]},"properties":{"name":"Mascara","mapcolor":28,"cartodb_id":28}},{"type":"Feature","geometry":{"type":"MultiPolygon","coordinates":[[[[3.297177076,36.504341125],[3.29872489,36.497848511],[3.301491022,36.494010925],[3.31302309,36.495815277],[3.328598022,36.479682922],[3.334424973,36.477851868],[3.346657991,36.470424652],[3.347929955,36.471797943],[3.359657049,36.472572327],[3.363739014,36.464969635],[3.366492987,36.4650383],[3.3688941,36.462825775],[3.360208988,36.455699921],[3.371221066,36.453235626],[3.373231888,36.454093933],[3.374423027,36.441947937],[3.37699604,36.438285828],[3.377151012,36.433128357],[3.393296957,36.432495117],[3.402235031,36.418800354],[3.406296968,36.417369843],[3.405838966,36.4164505],[3.41347599,36.415882111],[3.418656111,36.409175873],[3.417287111,36.406738281],[3.422327995,36.406253815],[3.425828934,36.401039124],[3.43186307,36.402988434],[3.434355021,36.406196594],[3.43442297,36.409118652],[3.427755117,36.411354065],[3.428320885,36.412784576],[3.438709021,36.414848328],[3.441838026,36.412044525],[3.447520971,36.412097931],[3.448765039,36.414386749],[3.447916985,36.41897583],[3.451142073,36.422756195],[3.456413984,36.425392151],[3.454684019,36.428081512],[3.455467939,36.42905426],[3.461752892,36.42963028],[3.465400934,36.434207916],[3.46894002,36.435314178],[3.478133917,36.433071136],[3.483072996,36.43478775],[3.48517108,36.439258575],[3.484517097,36.442405701],[3.476267099,36.445270538],[3.476501942,36.44739151],[3.484808922,36.449226379],[3.49001193,36.453697205],[3.501636982,36.457416534],[3.505716085,36.451519012],[3.505383968,36.447849274],[3.510036945,36.444068909],[3.517788887,36.445960999],[3.5260849,36.443325043],[3.535063982,36.437534332],[3.537321091,36.433238983],[3.543945074,36.428596497],[3.548413992,36.431118011],[3.565057993,36.43094635],[3.566375971,36.428714752],[3.562954903,36.421913147],[3.565459013,36.417942047],[3.564182043,36.414161682],[3.55796504,36.409461975],[3.555375099,36.409694672],[3.549335957,36.405967712],[3.547245026,36.406711578],[3.547904015,36.405906677],[3.544661045,36.403072357],[3.551781893,36.393531799],[3.549720049,36.38992691],[3.565350056,36.373882294],[3.568048,36.368782043],[3.572952986,36.36643219],[3.57753706,36.361160278],[3.583684921,36.359844208],[3.590926886,36.353542328],[3.591224909,36.348442078],[3.585891008,36.349018097],[3.57938695,36.339790344],[3.575321913,36.337844849],[3.566800117,36.337211609],[3.569377899,36.334003448],[3.558326006,36.337554932],[3.553925991,36.332855225],[3.539659023,36.326099396],[3.536909103,36.319736481],[3.547228098,36.317153931],[3.545257092,36.314350128],[3.546201944,36.307476044],[3.54211092,36.304325104],[3.542443037,36.300483704],[3.538227081,36.295326233],[3.537321091,36.285015106],[3.535687923,36.281578064],[3.532073021,36.279346466],[3.517576933,36.277339935],[3.522808075,36.275104523],[3.533981085,36.274417877],[3.533740044,36.27281189],[3.535624981,36.271839142],[3.540524006,36.273612976],[3.545095921,36.269317627],[3.549004078,36.270462036],[3.549398899,36.262382507],[3.551903009,36.260551453],[3.552326918,36.257053375],[3.558773041,36.24822998],[3.563986063,36.244392395],[3.570002079,36.234996796],[3.567018032,36.231960297],[3.566931009,36.228580475],[3.559658766,36.219730377],[3.555546999,36.218097687],[3.55763793,36.21339798],[3.555696011,36.210647583],[3.558857918,36.208011627],[3.55528903,36.20526123],[3.544482946,36.206977844],[3.538271904,36.202110291],[3.533924103,36.202568054],[3.527190924,36.198726654],[3.525043011,36.200447083],[3.513531923,36.201023102],[3.502799988,36.19821167],[3.497518063,36.194259644],[3.490149021,36.192195892],[3.488796949,36.178272247],[3.483330965,36.172489166],[3.482769012,36.164295197],[3.478765011,36.159481049],[3.487679958,36.148651123],[3.497919083,36.148193359],[3.499166965,36.146591187],[3.498011112,36.138111115],[3.501552105,36.126480103],[3.509331942,36.118743896],[3.500858068,36.114162445],[3.495341063,36.106941223],[3.493294954,36.106712341],[3.489485025,36.100177765],[3.482037067,36.101150513],[3.478013992,36.095939636],[3.472371101,36.094509125],[3.467432022,36.090953827],[3.465656042,36.088951111],[3.465832949,36.086025238],[3.463576078,36.084079742],[3.454849005,36.081787109],[3.445899963,36.064483643],[3.43629694,36.062988281],[3.431088924,36.059329987],[3.412879944,36.061508179],[3.41042304,36.06293869],[3.409712076,36.066318512],[3.407958984,36.066661835],[3.403558969,36.06734848],[3.397525072,36.065628052],[3.404246092,36.056980133],[3.40337491,36.04454422],[3.406457901,36.042140961],[3.410526037,36.041793823],[3.41260004,36.037899017],[3.419847012,36.0350914],[3.42950201,36.033370972],[3.434331894,36.034515381],[3.437844038,36.032798767],[3.440485954,36.034404755],[3.441453934,36.038986206],[3.45814395,36.041564941],[3.467236996,36.033599854],[3.485371113,36.033718109],[3.489674091,36.030567169],[3.495213985,36.031368256],[3.511245012,36.022602081],[3.521174908,36.023460388],[3.52325511,36.025520325],[3.552526951,36.016643524],[3.558423996,36.010169983],[3.553884983,36.008678436],[3.561745882,36.003063202],[3.562325001,36.000774384],[3.560750008,35.998138428],[3.564323902,35.99653244],[3.565687895,35.993724823],[3.564949036,35.989311218],[3.568615913,35.979801178],[3.567584991,35.974643707],[3.573056936,35.969257355],[3.576024055,35.968860626],[3.575457096,35.967136383],[3.582669973,35.967140198],[3.59217,35.961753845],[3.585530043,35.954647064],[3.588445902,35.948062897],[3.606195927,35.934597015],[3.620325089,35.916603088],[3.617584944,35.913108826],[3.60869503,35.912307739],[3.621093035,35.899642944],[3.629967928,35.882110596],[3.598340988,35.880622864],[3.580389977,35.868934631],[3.575032949,35.856216431],[3.600065947,35.850025177],[3.600930929,35.841659546],[3.590513945,35.839542389],[3.564811945,35.842750549],[3.55794692,35.835071564],[3.548316002,35.827796936],[3.542001963,35.819717407],[3.533246994,35.814563751],[3.527179956,35.813529968],[3.524744987,35.815078735],[3.513847113,35.814388275],[3.504261017,35.816337585],[3.505378962,35.812839508],[3.521255016,35.806537628],[3.511159897,35.783790588],[3.528223038,35.770328522],[3.53628397,35.768379211],[3.541188955,35.768951416],[3.544241905,35.766147614],[3.541068077,35.763168335],[3.535413027,35.762763977],[3.531924009,35.751594543],[3.535149097,35.743057251],[3.543750048,35.651096344],[3.512780905,35.677509308],[3.470509052,35.737556458],[3.461477995,35.7473526],[3.467993021,35.763339996],[3.451183081,35.765514374],[3.453916073,35.769985199],[3.454180002,35.773712158],[3.447412968,35.790206909],[3.440984011,35.7954216],[3.421710014,35.797485352],[3.424407959,35.803276062],[3.417876005,35.813816071],[3.401937008,35.813354492],[3.399535894,35.816352844],[3.375226021,35.808887482],[3.377351999,35.803157806],[3.38321805,35.796108246],[3.38281703,35.792503357],[3.386284113,35.78470993],[3.391846895,35.780296326],[3.391686916,35.778923035],[3.394030094,35.778751373],[3.381223917,35.770500183],[3.37143898,35.76001358],[3.333302021,35.753025055],[3.318496943,35.758525848],[3.313597918,35.762653351],[3.309346914,35.772106171],[3.301033974,35.777835846],[3.299309015,35.783164978],[3.295808077,35.784023285],[3.293596029,35.787345886],[3.287924051,35.786540985],[3.28559804,35.788318634],[3.283014059,35.796226501],[3.280177116,35.799091339],[3.28203392,35.81760025],[3.278939962,35.825504303],[3.262886047,35.819431305],[3.254286051,35.812438965],[3.252120018,35.804416656],[3.249484062,35.802070618],[3.241434097,35.800983429],[3.237365961,35.794563293],[3.234353065,35.794448853],[3.233302116,35.79058075],[3.229156017,35.786487579],[3.231252909,35.781387329],[3.231281042,35.775943756],[3.226176977,35.765457153],[3.2312181,35.759727478],[3.229202032,35.751708984],[3.233366966,35.739677429],[3.228358984,35.740074158],[3.196721077,35.686904907],[3.183060884,35.678256989],[3.133409023,35.685527802],[3.140691042,35.676189423],[3.063199043,35.661178589],[3.06230998,35.66513443],[3.06093502,35.664958954],[3.061984062,35.667655945],[3.059973001,35.670001984],[3.061249971,35.674468994],[3.051635981,35.678596497],[3.046794891,35.711025238],[3.048295975,35.721282959],[3.05626893,35.746433258],[3.044622898,35.743740082],[3.039422989,35.740432739],[3.023566961,35.74036026],[3.0163939,35.755485535],[3.012198925,35.807453156],[3.002533913,35.819084167],[3.003806114,35.819374084],[3.002733946,35.820690155],[2.997972965,35.826133728],[2.996701002,35.824874878],[2.991178036,35.832092285],[2.977931023,35.827682495],[2.975989103,35.829856873],[2.97488308,35.824588776],[2.971020937,35.820175171],[2.965521097,35.817943573],[2.962466955,35.813243866],[2.952795982,35.815078735],[2.953763008,35.812381744],[2.937834978,35.806194305],[2.9319911,35.808086395],[2.925148964,35.806552887],[2.904093981,35.806537628],[2.900335073,35.810779572],[2.902077913,35.814857483],[2.884079933,35.810546875],[2.87507391,35.804649353],[2.867750883,35.805736542],[2.871592999,35.803588867],[2.875036955,35.79750824],[2.867187977,35.788524628],[2.875137091,35.783760071],[2.882544041,35.775844574],[2.879700899,35.772655487],[2.8838799,35.76543808],[2.882112026,35.756240845],[2.884366035,35.746963501],[2.883214951,35.743213654],[2.886312962,35.73551178],[2.887197018,35.727668762],[2.883200884,35.722011566],[2.882122993,35.712650299],[2.883831024,35.708854675],[2.889334917,35.704418182],[2.900093079,35.704811096],[2.902014017,35.696903229],[2.90170002,35.6820755],[2.89735508,35.667644501],[2.889508009,35.65284729],[2.89733696,35.64831543],[2.905419111,35.638553619],[2.896857977,35.635974884],[2.898154974,35.63211441],[2.896425962,35.634281158],[2.89181304,35.633903503],[2.886929989,35.626426697],[2.889159918,35.620071411],[2.897989988,35.612430573],[2.897510052,35.611351013],[2.893625021,35.607307434],[2.892098904,35.60786438],[2.882695913,35.615383148],[2.88497901,35.618572235],[2.884156942,35.6195755],[2.8801229,35.615642548],[2.878580093,35.616020203],[2.876450062,35.620994568],[2.870115995,35.621616364],[2.861105919,35.615894318],[2.859777927,35.612071991],[2.862452984,35.608699799],[2.861481905,35.608032227],[2.855653048,35.611885071],[2.847183943,35.608013153],[2.842475891,35.598518372],[2.830812931,35.589870453],[2.828304052,35.584327698],[2.820594072,35.586906433],[2.821213961,35.581783295],[2.812051058,35.576805115],[2.812349081,35.573013306],[2.80944109,35.572612762],[2.805633068,35.576278687],[2.797151089,35.57213974],[2.78914094,35.57213974],[2.782557964,35.569507599],[2.770749092,35.554149628],[2.752793074,35.539142609],[2.747980118,35.538051605],[2.744055033,35.534729004],[2.705317974,35.470554352],[2.689865112,35.464653015],[2.678834915,35.458522797],[2.643712997,35.445289612],[2.607599974,35.450904846],[2.588680029,35.468666077],[2.558314085,35.48682785],[2.534765005,35.493534088],[2.516321898,35.520172119],[2.513880968,35.511867523],[2.515434027,35.506309509],[2.505285978,35.498519897],[2.502254963,35.499378204],[2.497304916,35.508083344],[2.49405098,35.510890961],[2.427937031,35.484420776],[2.407391071,35.474224091],[2.387613058,35.467636108],[2.315809011,35.461330414],[2.303101063,35.46270752],[2.286096096,35.461616516],[2.275983095,35.477890015],[2.268591881,35.511520386],[2.2553339,35.553691864],[2.257225037,35.600215912],[2.262479067,35.601135254],[2.263578892,35.603023529],[2.269634962,35.605201721],[2.285470963,35.617919922],[2.289722919,35.625080109],[2.289585114,35.629669189],[2.284966946,35.631385803],[2.282497883,35.629264832],[2.277827978,35.628692627],[2.269989967,35.631900787],[2.269531965,35.633563995],[2.227751017,35.638774872],[2.188371897,35.651725769],[2.171808004,35.654186249],[2.156212091,35.658828735],[2.144644022,35.677909851],[2.146625996,35.678314209],[2.14636302,35.683410645],[2.151988983,35.687824249],[2.148947001,35.688907623],[2.148683071,35.690402985],[2.151565075,35.696018219],[2.147870064,35.698764801],[2.150075912,35.700370789],[2.145400047,35.701629639],[2.146655083,35.703578949],[2.14426589,35.705123901],[2.145039082,35.708908081],[2.13996911,35.711658478],[2.14458704,35.712745667],[2.143801928,35.715553284],[2.146729946,35.718017578],[2.155884981,35.733142853],[2.164062023,35.735607147],[2.173554897,35.734687805],[2.194847107,35.738300323],[2.200357914,35.737098694],[2.216876984,35.729133606],[2.216046095,35.728099823],[2.21804595,35.727416992],[2.216803074,35.725463867],[2.219168901,35.724262238],[2.217586994,35.721111298],[2.241771936,35.717155457],[2.24318099,35.717041016],[2.243788958,35.720077515],[2.258914948,35.72644043],[2.269916058,35.726325989],[2.285609007,35.75485611],[2.284410954,35.767177582],[2.285552025,35.772792816],[2.281843901,35.78465271],[2.279226065,35.787460327],[2.278985977,35.792503357],[2.285397053,35.797889709],[2.292845011,35.799491882],[2.295079947,35.80235672],[2.295716047,35.811065674],[2.29925108,35.812152863],[2.302242041,35.816223145],[2.314526081,35.845214844],[2.315367937,35.857246399],[2.313052893,35.877185822],[2.31696105,35.879245758],[2.318875074,35.882858276],[2.318680048,35.894775391],[2.333971977,35.897411346],[2.337281942,35.899520874],[2.340315104,35.898326874],[2.348319054,35.900333405],[2.350811958,35.903881073],[2.35490799,35.904972076],[2.350925922,35.907836914],[2.35216403,35.909671783],[2.349510908,35.910243988],[2.350014925,35.911506653],[2.353435993,35.915287018],[2.364183903,35.920215607],[2.361049891,35.927318573],[2.366911888,35.935112],[2.364912033,35.936775208],[2.36776495,35.9376297],[2.364229918,35.938892365],[2.362087011,35.937461853],[2.359061956,35.939178467],[2.360640049,35.941619873],[2.355079889,35.940380096],[2.353172064,35.941814423],[2.353573084,35.943935394],[2.346679926,35.945308685],[2.347029924,35.948745728],[2.349064112,35.950237274],[2.348210096,35.95413208],[2.351344109,35.951843262],[2.358820915,35.957000732],[2.358963966,35.954418182],[2.36412096,35.950866699],[2.370521069,35.951953888],[2.372701883,35.947299957],[2.375718117,35.953960419],[2.380100965,35.951553345],[2.385812998,35.954532623],[2.389010906,35.94972229],[2.391674995,35.95293045],[2.395925999,35.941699982],[2.407380104,35.946853638],[2.418409109,35.944274902],[2.422626019,35.945365906],[2.426213026,35.943763733],[2.430841923,35.947029114],[2.440015078,35.948863983],[2.443854094,35.952468872],[2.443969011,35.96238327],[2.449909925,35.968284607],[2.457679987,35.971954346],[2.460040092,35.975791931],[2.45262599,35.986217499],[2.450093985,35.987651825],[2.457914114,35.998882294],[2.457674026,36.000312805],[2.454030037,36.001342773],[2.459244013,36.006557465],[2.462819099,36.014865875],[2.453347921,36.02248764],[2.462063074,36.037670135],[2.46022296,36.04133606],[2.461643934,36.042942047],[2.45991993,36.048900604],[2.460589886,36.054000854],[2.457432985,36.056980133],[2.45893693,36.058433533],[2.471973896,36.056873322],[2.477667093,36.052398682],[2.499943018,36.049129486],[2.505225897,36.054901123],[2.507775068,36.055152893],[2.513235092,36.065864563],[2.515978098,36.066604614],[2.517461061,36.064239502],[2.520350933,36.063503265],[2.529534101,36.066604614],[2.528111935,36.06735611],[2.528567076,36.072601318],[2.535197973,36.081092834],[2.554019928,36.088050842],[2.557559967,36.091747284],[2.567738056,36.094947815],[2.568753958,36.098197937],[2.573791981,36.093257904],[2.588238955,36.091640472],[2.586668968,36.100925446],[2.592948914,36.108200073],[2.589757919,36.11914444],[2.592020988,36.124130249],[2.600110054,36.127571106],[2.604593039,36.132091522],[2.594759941,36.136188507],[2.598531008,36.138332367],[2.596915007,36.138317108],[2.596268892,36.14056778],[2.594607115,36.137176514],[2.591577053,36.136352539],[2.587179899,36.138866425],[2.590105057,36.144683838],[2.592876911,36.144985199],[2.592888117,36.147254944],[2.588450909,36.14655304],[2.584072113,36.148384094],[2.578438997,36.146095276],[2.577599049,36.147068024],[2.578438997,36.149143219],[2.577353954,36.150062561],[2.58118701,36.151287079],[2.580133915,36.15196228],[2.58098197,36.157009125],[2.585851908,36.158061981],[2.594264984,36.155109406],[2.589340925,36.157829285],[2.591943026,36.163013458],[2.587253094,36.159526825],[2.568114042,36.163578033],[2.560558081,36.167503357],[2.557465076,36.172023773],[2.55428195,36.172039032],[2.550396919,36.174510956],[2.55219698,36.177082062],[2.550220013,36.180686951],[2.547529936,36.179340363],[2.546236038,36.174404144],[2.530857086,36.178024292],[2.530832052,36.175525665],[2.527852058,36.175228119],[2.5229671,36.185985565],[2.519947052,36.189086914],[2.521994114,36.199474335],[2.519886971,36.202793121],[2.516258955,36.20016098],[2.509973049,36.202049255],[2.508186102,36.204799652],[2.511183023,36.207492828],[2.508236885,36.209617615],[2.507424116,36.212306976],[2.507858992,36.220443726],[2.512310982,36.21975708],[2.512934923,36.224395752],[2.515594006,36.226863861],[2.522241116,36.22600174],[2.524262905,36.228294373],[2.51272893,36.229442596],[2.503132105,36.237976074],[2.502439022,36.235797882],[2.495477915,36.23361969],[2.490447044,36.236198425],[2.496021986,36.246055603],[2.500387907,36.244850159],[2.506278038,36.245998383],[2.505945921,36.247661591],[2.509686947,36.25069809],[2.50889802,36.252750397],[2.514477015,36.256198883],[2.516453981,36.260318756],[2.51937604,36.267654419],[2.518109083,36.26845932],[2.519237995,36.27097702],[2.518126011,36.272926331],[2.52146697,36.271324158],[2.523679018,36.273040771],[2.523947954,36.276939392],[2.520235062,36.286277771],[2.528863907,36.28868103],[2.528772116,36.290744781],[2.527672052,36.296936035],[2.519026041,36.303180695],[2.521003008,36.309997559],[2.534353018,36.311084747],[2.54944396,36.315155029],[2.563710928,36.313205719],[2.567882061,36.313949585],[2.578584909,36.308677673],[2.587300062,36.308563232],[2.599934101,36.317043304],[2.604334116,36.323345184],[2.615001917,36.329994202],[2.623641968,36.331710815],[2.627744913,36.33480835],[2.629082918,36.3335495],[2.631572008,36.334289551],[2.636138916,36.336868286],[2.646567106,36.347522736],[2.664792061,36.352626801],[2.673238039,36.358581543],[2.683969021,36.360015869],[2.695858002,36.371646881],[2.694489002,36.373077393],[2.72359705,36.376220703],[2.734332085,36.375198364],[2.743087053,36.377262115],[2.768348932,36.374568939],[2.77748704,36.377090454],[2.776736975,36.374969482],[2.779395103,36.371818542],[2.782471895,36.372505188],[2.78518796,36.369873047],[2.790070057,36.369697571],[2.790975094,36.371360779],[2.797851086,36.369758606],[2.805464983,36.370330811],[2.808065891,36.367637634],[2.813246012,36.368209839],[2.814975977,36.369812012],[2.82384491,36.365917206],[2.825925112,36.363170624],[2.830605984,36.364887238],[2.832891941,36.364143372],[2.839023113,36.367408752],[2.838983059,36.369926453],[2.844376087,36.372783661],[2.848792076,36.37021637],[2.85214901,36.378353119],[2.857203007,36.382076263],[2.857764006,36.385742188],[2.864737988,36.391586304],[2.879440069,36.396629333],[2.891957998,36.404022217],[2.908550978,36.409118652],[2.910310984,36.408145905],[2.913536072,36.409290314],[2.917443991,36.40694046],[2.921026945,36.408016205],[2.923075914,36.405910492],[2.925133944,36.409042358],[2.928885937,36.4075737],[2.927664995,36.407569885],[2.929161072,36.404647827],[2.927963018,36.400470734],[2.930943012,36.395595551],[2.921369076,36.397201538],[2.930552006,36.392688751],[2.920268059,36.392616272],[2.926954985,36.388835907],[2.927746058,36.386886597],[2.933171988,36.384941101],[2.937655926,36.380054474],[2.937932968,36.377147675],[2.933743954,36.371761322],[2.930351973,36.370212555],[2.929075003,36.366088867],[2.937652111,36.35697937],[2.939933062,36.350505829],[2.954828978,36.348731995],[2.965010881,36.352798462],[2.969003916,36.356864929],[2.973656893,36.357212067],[2.986862898,36.349872589],[3.00107789,36.351650238],[3.007095098,36.351478577],[3.010766983,36.349586487],[3.028208017,36.359901428],[3.027726889,36.361793518],[3.031084061,36.366436005],[3.037163019,36.368267059],[3.035753965,36.369987488],[3.037547112,36.370674133],[3.03797698,36.373767853],[3.049464941,36.380527496],[3.049226999,36.383098602],[3.052835941,36.386634827],[3.053739071,36.389232635],[3.051568985,36.394927979],[3.051178932,36.403705597],[3.05479002,36.410427094],[3.05289197,36.41236496],[3.054239035,36.414825439],[3.053194046,36.417327881],[3.055448055,36.42029953],[3.054476023,36.423664093],[3.056260109,36.42660141],[3.054898977,36.428943634],[3.049659967,36.430046082],[3.04975605,36.431785583],[3.044917107,36.434532166],[3.04630208,36.436408997],[3.043481112,36.436893463],[3.044516087,36.439289093],[3.049280882,36.439842224],[3.050096035,36.438232422],[3.054436922,36.437545776],[3.053889036,36.43529892],[3.056888103,36.435050964],[3.054775953,36.43309021],[3.060671091,36.432506561],[3.066579103,36.427623749],[3.065490007,36.420692444],[3.067811012,36.412269592],[3.065042973,36.404594421],[3.066658974,36.402069092],[3.070985079,36.407169342],[3.073122025,36.406654358],[3.079298019,36.411182404],[3.080089092,36.413871765],[3.084070921,36.415306091],[3.084723949,36.421607971],[3.088316917,36.420578003],[3.097628117,36.42338562],[3.098315001,36.424762726],[3.102091074,36.424819946],[3.10777998,36.423271179],[3.109303951,36.420749664],[3.112088919,36.421894073],[3.122642994,36.417942047],[3.122040987,36.414104462],[3.124435902,36.411869049],[3.124177933,36.410263062],[3.129776001,36.404079437],[3.130455971,36.400016785],[3.13488102,36.39748764],[3.140393019,36.401325226],[3.143801928,36.406482697],[3.151113033,36.408771515],[3.154424906,36.407054901],[3.157701015,36.411567688],[3.162286043,36.409633636],[3.166795015,36.420921326],[3.171681881,36.425216675],[3.169905901,36.428943634],[3.164160013,36.432781219],[3.168663025,36.436737061],[3.180500031,36.441375732],[3.186453104,36.440059662],[3.191060066,36.441608429],[3.186681986,36.447219849],[3.188533068,36.451515198],[3.184081078,36.454036713],[3.183708906,36.458278656],[3.178214073,36.464237213],[3.177474976,36.468593597],[3.179193974,36.469161987],[3.178958893,36.471740723],[3.182528019,36.47518158],[3.181989908,36.478675842],[3.183027029,36.477703094],[3.186630964,36.480682373],[3.188715935,36.480625153],[3.189501047,36.483718872],[3.19143796,36.483657837],[3.19588995,36.495006561],[3.196537018,36.493801117],[3.201905966,36.49414444],[3.202776909,36.492771149],[3.204833984,36.493972778],[3.206363916,36.492080688],[3.208014011,36.493286133],[3.211291075,36.49174118],[3.213359118,36.492424011],[3.216945887,36.490764618],[3.216120958,36.489906311],[3.218142986,36.488414764],[3.217720032,36.490821838],[3.228467941,36.49105072],[3.244189978,36.48859024],[3.256674051,36.483325958],[3.266609907,36.48664093],[3.27385211,36.483776093],[3.286417007,36.49174118],[3.282577991,36.498901367],[3.279730082,36.500679016],[3.284585953,36.498386383],[3.286684036,36.500907898],[3.291465044,36.501194],[3.297177076,36.504341125]]]]},"properties":{"name":"Médéa","mapcolor":27,"cartodb_id":27}},{"type":"Feature","geometry":{"type":"MultiPolygon","coordinates":[[[[6.319375992,36.622428894],[6.328904152,36.621170044],[6.330966949,36.617904663],[6.336741924,36.615097046],[6.332612038,36.615097046],[6.331688881,36.613780975],[6.334433079,36.608451843],[6.333727837,36.598766327],[6.345004082,36.596534729],[6.366983891,36.595466614],[6.388783932,36.590122223],[6.398470879,36.591049194],[6.408957958,36.589599609],[6.419407845,36.578540802],[6.438425064,36.570636749],[6.443140984,36.570865631],[6.450526237,36.574474335],[6.458518982,36.570465088],[6.464789867,36.575866699],[6.474235058,36.574188232],[6.485390186,36.576133728],[6.488781929,36.575389862],[6.511500835,36.581119537],[6.49932003,36.564102173],[6.504429817,36.549495697],[6.501999855,36.538665771],[6.504579067,36.525543213],[6.508010864,36.522506714],[6.507478237,36.519298553],[6.497910023,36.516433716],[6.491287231,36.517467499],[6.486495972,36.515457153],[6.477879047,36.509674072],[6.475512981,36.50617981],[6.476264,36.504974365],[6.472973824,36.50245285],[6.461923122,36.497356415],[6.426576138,36.496379852],[6.418412209,36.502223969],[6.415534973,36.499759674],[6.409484863,36.499649048],[6.409576893,36.495464325],[6.398146152,36.499073029],[6.392633915,36.495750427],[6.39000988,36.496208191],[6.386916161,36.493171692],[6.385661125,36.486869812],[6.383799076,36.486698151],[6.378076077,36.487327576],[6.379426956,36.491455078],[6.376574039,36.49414444],[6.365373135,36.490364075],[6.361586094,36.492256165],[6.352928162,36.490997314],[6.349112988,36.495632172],[6.348042011,36.494720459],[6.348104,36.492427826],[6.35076189,36.49105072],[6.35281992,36.486755371],[6.351810932,36.479991913],[6.356194019,36.467388153],[6.353810787,36.465324402],[6.351741791,36.459251404],[6.347353935,36.456615448],[6.348670959,36.455814362],[6.34640789,36.453926086],[6.344666004,36.448421478],[6.34640789,36.446361542],[6.345428944,36.443668365],[6.347846031,36.440288544],[6.347176075,36.438968658],[6.354119778,36.429458618],[6.357958794,36.416110992],[6.352218151,36.404079437],[6.343338013,36.395996094],[6.338003159,36.394561768],[6.322217941,36.377204895],[6.317187786,36.368610382],[6.318687916,36.363109589],[6.317553997,36.358013153],[6.312460899,36.354343414],[6.310489178,36.344032288],[6.312374115,36.339447021],[6.320115089,36.340766907],[6.32974577,36.343399048],[6.335887909,36.351020813],[6.342178822,36.354228973],[6.3613801,36.353942871],[6.372694969,36.358581543],[6.377473831,36.355892181],[6.382757187,36.356693268],[6.379037857,36.344261169],[6.382699013,36.335094452],[6.396082878,36.330738068],[6.410223961,36.329650879],[6.425086975,36.323631287],[6.426478863,36.3228302],[6.424020767,36.317157745],[6.424564838,36.314979553],[6.434454918,36.312343597],[6.43401289,36.306560516],[6.420949936,36.294525146],[6.408991814,36.289424896],[6.406740189,36.285934448],[6.408682823,36.281639099],[6.407050133,36.275218964],[6.408975124,36.26908493],[6.411972046,36.264850616],[6.417717934,36.262557983],[6.419093132,36.256885529],[6.425716877,36.254764557],[6.424965858,36.251541138],[6.421269894,36.2513237],[6.429344177,36.248977661],[6.431503773,36.25012207],[6.433423042,36.248058319],[6.440951824,36.248348236],[6.448525906,36.245250702],[6.45481205,36.246341705],[6.455235958,36.247833252],[6.463308811,36.247543335],[6.462402821,36.249835968],[6.46724987,36.251556396],[6.477780819,36.252414703],[6.478372097,36.256713867],[6.480628967,36.257400513],[6.487957954,36.254306793],[6.493032932,36.256080627],[6.497015953,36.25510788],[6.49786377,36.248462677],[6.501766205,36.243019104],[6.501829147,36.238204956],[6.504682064,36.238605499],[6.506537914,36.234420776],[6.540263176,36.222564697],[6.535317898,36.219127655],[6.538961887,36.21786499],[6.542325974,36.214141846],[6.541295052,36.209442139],[6.527164936,36.205661774],[6.537535191,36.197353363],[6.544268131,36.194202423],[6.543844223,36.18875885],[6.546417236,36.186122894],[6.54379797,36.182170868],[6.544169903,36.178386688],[6.536789894,36.171226501],[6.527068138,36.168304443],[6.521681786,36.167446136],[6.516192913,36.168762207],[6.480714798,36.165840149],[6.484386921,36.162002563],[6.484342098,36.159767151],[6.482182026,36.157936096],[6.468074799,36.154209137],[6.46306181,36.155872345],[6.45389986,36.155925751],[6.444376945,36.151233673],[6.436116219,36.142921448],[6.417935848,36.140514374],[6.40376091,36.118572235],[6.402311802,36.113418579],[6.401957035,36.108833313],[6.406004906,36.10144043],[6.405221939,36.096569061],[6.408092976,36.094104767],[6.41128397,36.076805115],[6.402545929,36.067691803],[6.401624203,36.06293869],[6.402970791,36.041507721],[6.405725956,36.033660889],[6.374001026,36.010848999],[6.366913795,35.997676849],[6.357350826,35.991264343],[6.356875896,35.98707962],[6.352269173,35.984786987],[6.351317883,35.981060028],[6.344596863,35.975444794],[6.337922096,35.976593018],[6.336535931,35.98008728],[6.331607819,35.982265472],[6.322383881,35.982608795],[6.319806099,35.984272003],[6.313222885,35.984153748],[6.30701685,35.980831146],[6.308810234,35.965076447],[6.312753201,35.96112442],[6.315777779,35.950637817],[6.313582897,35.952701569],[6.301403046,35.955280304],[6.295105934,35.961582184],[6.285789013,35.967395782],[6.282640934,35.971435547],[6.203586102,35.965076447],[6.189146996,35.946285248],[6.18918705,35.939807892],[6.185778141,35.930240631],[6.169693947,35.932590485],[6.16630888,35.930526733],[6.16638422,35.898498535],[6.154912949,35.889732361],[6.161593914,35.884376526],[6.155416965,35.876895905],[6.152362823,35.875923157],[6.144995213,35.878444672],[6.142244816,35.881080627],[6.133884907,35.88331604],[6.035583019,35.891452789],[6.025728226,35.889389038],[6.022038937,35.896492004],[6.019196987,35.897583008],[6.01339817,35.895175934],[6.006762981,35.896148682],[6.001211166,35.890304565],[5.994960785,35.902908325],[5.991683006,35.905605316],[5.967699051,35.891422272],[5.968638897,35.905891418],[5.984314919,35.909786224],[5.994054794,35.915973663],[5.996008873,35.914710999],[6.000163078,35.91677475],[6.001189232,35.920097351],[6.008905888,35.927265167],[6.027051926,35.939868927],[6.022278786,35.945365906],[6.012280941,35.951496124],[5.990784168,35.956768036],[5.99273777,35.959003448],[5.991211891,35.965766907],[5.995269775,35.969432831],[5.990005016,35.974819183],[5.990376949,35.977279663],[5.993217945,35.978313446],[5.983386993,35.980831146],[5.973743916,35.988452911],[5.9815588,35.993782043],[5.989934921,35.996017456],[5.995291233,36.001533508],[5.995839119,36.004859924],[6.007649899,36.010856628],[5.999383926,36.029785156],[6.002194881,36.034706116],[6.003994942,36.034175873],[6.004596233,36.03937149],[6.003192902,36.042778015],[6.000130177,36.043239594],[5.997783184,36.049900055],[5.994640827,36.052387238],[5.994548798,36.05506897],[5.999932766,36.059509277],[6.000831127,36.063762665],[5.995101929,36.070011139],[5.995760918,36.072406769],[5.989333153,36.081596375],[5.989985943,36.085086823],[5.997581005,36.092006683],[5.994054794,36.09513855],[5.984426975,36.096862793],[5.97537899,36.101665497],[5.965095997,36.104553223],[5.944867134,36.107898712],[5.931674004,36.107376099],[5.916488171,36.109817505],[5.921875954,36.140556335],[5.921383858,36.145679474],[5.917531013,36.145927429],[5.919542789,36.154636383],[5.917517185,36.158782959],[5.919280052,36.162879944],[5.915878773,36.170360565],[5.917199135,36.171585083],[5.917255878,36.182228088],[5.922073841,36.186004639],[5.922923088,36.188644409],[5.936244011,36.193115234],[5.938936234,36.192424774],[5.946413994,36.194660187],[5.946149826,36.199817657],[5.951353073,36.205375671],[5.964770794,36.201118469],[5.960205078,36.208526611],[5.951123238,36.213279724],[5.947095871,36.213565826],[5.944559097,36.217121124],[5.950154781,36.217521667],[5.949501991,36.222450256],[5.943072796,36.220962524],[5.93930912,36.228866577],[5.93892622,36.234367371],[5.933218956,36.238666534],[5.929184914,36.241474152],[5.923031807,36.239467621],[5.916842937,36.240440369],[5.911193848,36.24376297],[5.909418106,36.248348236],[5.897133827,36.251842499],[5.893392086,36.256713867],[5.89384985,36.260379791],[5.892664909,36.260780334],[5.895116806,36.263183594],[5.895493984,36.266338348],[5.891777039,36.268112183],[5.886356831,36.274131775],[5.889249802,36.27911377],[5.886373997,36.281978607],[5.886929035,36.284042358],[5.879732132,36.289085388],[5.875,36.295791626],[5.864189148,36.29567337],[5.860711098,36.30386734],[5.862217903,36.307933807],[5.867293835,36.314525604],[5.873561859,36.314178467],[5.868268013,36.319969177],[5.866778851,36.326152802],[5.864925861,36.327812195],[5.86783886,36.337673187],[5.870778084,36.340877533],[5.866853237,36.342082977],[5.837115765,36.339561462],[5.804767132,36.359214783],[5.816129208,36.373767853],[5.810936928,36.378295898],[5.807757854,36.377147675],[5.808142185,36.38098526],[5.817383766,36.386943817],[5.814025879,36.392044067],[5.815034866,36.395423889],[5.814529896,36.398921967],[5.812755108,36.400009155],[5.812421799,36.411182404],[5.797392845,36.416568756],[5.787446976,36.422351837],[5.768424034,36.424987793],[5.768012047,36.429344177],[5.775551796,36.431121826],[5.767433167,36.436103821],[5.765531063,36.443492889],[5.762814999,36.444297791],[5.758553028,36.442691803],[5.754397869,36.449684143],[5.757108212,36.451686859],[5.747642994,36.464580536],[5.749666214,36.468418121],[5.74873209,36.47454834],[5.754272938,36.476554871],[5.751945972,36.478851318],[5.752696991,36.480167389],[5.758609772,36.483661652],[5.764865875,36.48474884],[5.765977859,36.48595047],[5.764849186,36.487556458],[5.766901016,36.488872528],[5.762940884,36.489162445],[5.7663908,36.49420166],[5.760397911,36.496837616],[5.763697147,36.528755188],[5.750840187,36.539813995],[5.74725914,36.549263],[5.744061947,36.553619385],[5.738654137,36.5561409],[5.738900185,36.558891296],[5.744831085,36.560722351],[5.750599861,36.558834076],[5.756752968,36.563129425],[5.758740902,36.568744659],[5.763496876,36.570346832],[5.771266937,36.569488525],[5.777832985,36.57069397],[5.782697201,36.568058014],[5.793549061,36.568630219],[5.810377121,36.56255722],[5.821147919,36.554935455],[5.830922127,36.552757263],[5.834269047,36.54920578],[5.836944103,36.549663544],[5.839362144,36.547260284],[5.838040829,36.545539856],[5.840312958,36.542446136],[5.844892025,36.542789459],[5.856431007,36.53911972],[5.858952045,36.540439606],[5.863386154,36.550411224],[5.869563103,36.55493927],[5.879755974,36.553104401],[5.887341022,36.553619385],[5.897923946,36.557285309],[5.904485226,36.555854797],[5.917818069,36.557743073],[5.920493126,36.55745697],[5.923243046,36.554477692],[5.929271221,36.554363251],[5.93285799,36.558891296],[5.933419228,36.562267303],[5.94375515,36.566799164],[5.951639175,36.577281952],[5.963389874,36.585186005],[5.955093861,36.591320038],[5.958611965,36.604614258],[5.975996017,36.610168457],[5.979931831,36.614234924],[5.991660118,36.617275238],[6.000127792,36.612747192],[5.999044895,36.615901947],[6.002375126,36.616703033],[6.016034126,36.613834381],[6.031095982,36.607002258],[6.033394814,36.607936859],[6.03583622,36.612060547],[6.054159164,36.6144104],[6.057171822,36.611545563],[6.057767868,36.608280182],[6.061411858,36.607250214],[6.060958862,36.604038239],[6.066218853,36.601631165],[6.092483997,36.602146149],[6.099864006,36.600826263],[6.109121799,36.601978302],[6.113707066,36.600372314],[6.117355824,36.601516724],[6.124060154,36.600372314],[6.128315926,36.604324341],[6.131062031,36.600769043],[6.129216194,36.596935272],[6.130534172,36.593097687],[6.139294147,36.589370728],[6.147367001,36.590286255],[6.158917904,36.585018158],[6.176267147,36.582324982],[6.183131218,36.587368011],[6.197566032,36.583869934],[6.202325821,36.581291199],[6.228469849,36.579284668],[6.242754936,36.582382202],[6.246655941,36.591033936],[6.249475002,36.5922966],[6.245161057,36.593666077],[6.24454689,36.599456787],[6.246460915,36.602432251],[6.253061771,36.601806641],[6.256350994,36.610454559],[6.275549889,36.615215302],[6.283765793,36.618419647],[6.285124779,36.62071228],[6.289628029,36.621574402],[6.291788101,36.621742249],[6.299838066,36.615959167],[6.307262897,36.618476868],[6.311554909,36.616928101],[6.314476967,36.623920441],[6.319375992,36.622428894]]]]},"properties":{"name":"Mila","mapcolor":29,"cartodb_id":29}},{"type":"Feature","geometry":{"type":"MultiPolygon","coordinates":[[[[0.740954995,36.330108643],[0.73743701,36.32781601],[0.738416016,36.326210022],[0.734256983,36.320484161],[0.719170988,36.270576477],[0.711103022,36.258831024],[0.694144011,36.240383148],[0.694607973,36.223423004],[0.691851974,36.213565826],[0.695174992,36.211734772],[0.69302702,36.206920624],[0.694796979,36.205776215],[0.694962978,36.201480865],[0.690482974,36.195178986],[0.691748977,36.189159393],[0.675122023,36.186466217],[0.674296975,36.180511475],[0.659193993,36.173690796],[0.660723984,36.170597076],[0.659308016,36.168418884],[0.662172973,36.167560577],[0.660224974,36.165672302],[0.661423028,36.163032532],[0.659130991,36.159481049],[0.660763979,36.15845108],[0.659973025,36.157016754],[0.662109971,36.156272888],[0.658500016,36.15076828],[0.656082988,36.14956665],[0.640847027,36.149398804],[0.63856101,36.145328522],[0.623951018,36.145729065],[0.620525002,36.144527435],[0.62085098,36.141605377],[0.612280011,36.134674072],[0.61115098,36.131118774],[0.614760995,36.128997803],[0.613866985,36.126651764],[0.611259997,36.12556076],[0.610967994,36.123626709],[0.609179974,36.123786926],[0.604797006,36.118286133],[0.604866028,36.113529205],[0.607330024,36.113471985],[0.609328985,36.11100769],[0.601226985,36.109401703],[0.607635021,36.107803345],[0.611283004,36.10464859],[0.610767007,36.102527618],[0.616748989,36.1002388],[0.619005978,36.095024109],[0.617808998,36.09262085],[0.620462,36.092445374],[0.618008971,36.08814621],[0.615036011,36.087173462],[0.61559701,36.081958771],[0.623836994,36.078807831],[0.629410982,36.073707581],[0.632086992,36.06603241],[0.635055006,36.066604614],[0.632202029,36.063396454],[0.636029005,36.062133789],[0.643666983,36.063625336],[0.650278986,36.062709808],[0.663290024,36.057495117],[0.65961802,36.053195953],[0.655583978,36.051593781],[0.652208984,36.045749664],[0.648720026,36.04454422],[0.638755977,36.045345306],[0.637381017,36.037498474],[0.633324981,36.030220032],[0.637208998,36.031368256],[0.642583013,36.0287323],[0.645156026,36.02936554],[0.646880984,36.027126312],[0.645723999,36.024032593],[0.649475992,36.024490356],[0.651773989,36.018535614],[0.65110898,36.015895844],[0.653854012,36.012863159],[0.653567016,36.008907318],[0.654781997,36.008277893],[0.654034019,36.005638123],[0.650673985,36.003635406],[0.651750982,36.003234863],[0.651022971,35.996818542],[0.639729977,35.995388031],[0.638320982,35.996074677],[0.637659013,36.00012207],[0.632815003,36.003807068],[0.627807021,36.004550934],[0.621527016,36.002204895],[0.615338981,35.997390747],[0.608434975,35.997451782],[0.598179996,35.99458313],[0.591836989,35.988796234],[0.585476995,35.987365723],[0.580646992,35.983638763],[0.577082992,35.985473633],[0.567560017,35.985759735],[0.563802004,35.983695984],[0.563344002,35.981521606],[0.561326981,35.982952118],[0.561646998,35.987422943],[0.554520011,35.987651825],[0.549438,35.992294312],[0.544883013,35.98507309],[0.536592007,35.984382629],[0.537432015,35.978366852],[0.523322999,35.96862793],[0.519948006,35.972183228],[0.516744971,35.971206665],[0.514660001,35.972698212],[0.522767007,35.977855682],[0.520541012,35.985874176],[0.516819,35.984272003],[0.514952004,35.980434418],[0.508786023,35.979343414],[0.498001009,35.972305298],[0.495258987,35.974472046],[0.496966004,35.978996277],[0.496107012,35.98072052],[0.482654005,35.983123779],[0.479222,35.988452911],[0.477474004,35.987651825],[0.475445986,35.989597321],[0.472191989,35.987422943],[0.473784,35.981864929],[0.471870989,35.980831146],[0.468840003,35.983181],[0.468210012,35.990001678],[0.464605987,35.990345001],[0.462101996,35.987422943],[0.459964991,35.979686737],[0.442185998,35.965362549],[0.43926999,35.960895538],[0.43788299,35.961639404],[0.424768001,35.950580597],[0.431367993,35.950809479],[0.437671006,35.953674316],[0.439498991,35.95293045],[0.436834008,35.944221497],[0.43431899,35.942501068],[0.433265001,35.933963776],[0.434846014,35.930469513],[0.439240992,35.928466797],[0.440037012,35.920959473],[0.44541201,35.920387268],[0.444673002,35.922046661],[0.457982004,35.925540924],[0.472140014,35.922622681],[0.466598988,35.920444489],[0.462343007,35.916030884],[0.47113201,35.903026581],[0.45907101,35.895748138],[0.452785999,35.888011932],[0.444494992,35.883945465],[0.458279997,35.87437439],[0.463840991,35.872554779],[0.462830007,35.864864349],[0.459271014,35.858734131],[0.453485012,35.853408813],[0.454131991,35.851287842],[0.456440985,35.851398468],[0.455736011,35.848766327],[0.451525003,35.849452972],[0.445663989,35.842235565],[0.437958002,35.841373444],[0.430388987,35.832782745],[0.422217995,35.819026947],[0.41960001,35.820522308],[0.413212001,35.814102173],[0.410519004,35.819431305],[0.407395989,35.818283081],[0.405081004,35.815822601],[0.405470997,35.812839508],[0.409447014,35.804763794],[0.403728276,35.80078125],[0.401327997,35.802585602],[0.394807994,35.801780701],[0.393720001,35.797199249],[0.390985996,35.797199249],[0.393011987,35.792541504],[0.380645007,35.793476105],[0.369920999,35.798927307],[0.359822989,35.80676651],[0.351063013,35.806652069],[0.345872015,35.802127838],[0.336297005,35.801670074],[0.335088998,35.799034119],[0.336252004,35.791412354],[0.319023013,35.782989502],[0.310061991,35.785396576],[0.311334014,35.781959534],[0.30319801,35.776687622],[0.302664995,35.773597717],[0.285378993,35.759040833],[0.270722985,35.759098053],[0.283573985,35.75170517],[0.285075009,35.748096466],[0.287595004,35.747238159],[0.28886199,35.744316101],[0.287016988,35.739906311],[0.269484997,35.740818024],[0.263038993,35.742599487],[0.246028006,35.738239288],[0.25078401,35.733776093],[0.243414998,35.728099823],[0.239770994,35.722946167],[0.240648001,35.718074799],[0.228220999,35.704208374],[0.224279001,35.705581665],[0.220789,35.710567474],[0.216039002,35.707588196],[0.191649005,35.710739136],[0.185196996,35.709079742],[0.180154994,35.705528259],[0.177690998,35.701343536],[0.167682007,35.695095062],[0.161081001,35.673900604],[0.157735005,35.671375275],[0.155059993,35.701000214],[0.149306998,35.697792053],[0.135820001,35.684902191],[0.133561999,35.692691803],[0.104277998,35.693492889],[0.106311999,35.700027466],[0.089886002,35.726036072],[0.084425002,35.728675842],[0.079701997,35.72719574],[0.059354998,35.73267746],[0.055633999,35.740421295],[0.05446,35.748325348],[0.041700002,35.743228912],[0.040422,35.743453979],[0.039328001,35.748096466],[0.034159999,35.748039246],[0.015619001,35.74161911],[0.00821,35.736064911],[0.006658,35.730911255],[0.000241,35.726325989],[-0.005437,35.726554871],[-0.017325999,35.71824646],[-0.025049999,35.717670441],[-0.032818999,35.720539093],[-0.052288,35.723918915],[-0.095329002,35.747638702],[-0.092023,35.76574707],[-0.092756003,35.768608093],[-0.098268002,35.773536682],[-0.105373003,35.775714874],[-0.107928,35.778923035],[-0.107917003,35.783222198],[-0.114614002,35.784381866],[-0.113007002,35.788192749],[-0.099862002,35.790138245],[-0.095693998,35.792362213],[-0.093471996,35.797084808],[-0.084027,35.800971985],[-0.083751,35.802639008],[-0.080139004,35.802639008],[-0.074584,35.806526184],[-0.065972,35.807918549],[-0.059027001,35.811248779],[-0.052361,35.812084198],[-0.040139999,35.819026947],[-0.037083,35.822639465],[-0.031527001,35.823749542],[-0.030973,35.825416565],[-0.020137999,35.829872131],[0.004027999,35.84375],[0.011806,35.850692749],[0.026249001,35.859859467],[0.032639999,35.86958313],[0.037638001,35.873195648],[0.037638001,35.875972748],[0.043751001,35.885139465],[0.047639001,35.899581909],[0.050972998,35.900138855],[0.051527001,35.909584045],[0.054304998,35.910415649],[0.05875,35.923751831],[0.072082996,35.924861908],[0.074027002,35.929862976],[0.071250997,35.933193207],[0.075972997,35.931251526],[0.074860997,35.935695648],[0.077917002,35.935695648],[0.078749001,35.938751221],[0.081527002,35.939304352],[0.084306002,35.943195343],[0.084027998,35.945137024],[0.087640002,35.949859619],[0.092915997,35.962360382],[0.092915997,35.965415955],[0.090971999,35.9659729],[0.092083998,35.969028473],[0.095137998,35.972637177],[0.098751001,35.974029541],[0.101526998,35.982639313],[0.113472,35.994304657],[0.113750003,35.998195648],[0.117362,35.999584198],[0.120137997,36.00402832],[0.120137997,36.007637024],[0.123194002,36.009029388],[0.126250997,36.014305115],[0.126250997,36.0284729],[0.134582996,36.041805267],[0.139584005,36.042640686],[0.145137995,36.049026489],[0.147359997,36.049026489],[0.157083005,36.059028625],[0.167083994,36.066249847],[0.174027994,36.074584961],[0.190139994,36.084583282],[0.193471998,36.0909729],[0.197916001,36.093193054],[0.202081993,36.098472595],[0.204028994,36.102359772],[0.202638,36.10319519],[0.203194007,36.104862213],[0.205417007,36.104305267],[0.210694999,36.110973358],[0.216804996,36.111804962],[0.219861999,36.114028931],[0.221527994,36.117916107],[0.227916002,36.117637634],[0.229859993,36.120693207],[0.233473003,36.120693207],[0.236526996,36.123195648],[0.240138993,36.121807098],[0.255416006,36.123195648],[0.26069501,36.124862671],[0.263195008,36.128192902],[0.267360985,36.128471375],[0.266804993,36.130973816],[0.275139987,36.129859924],[0.285416991,36.134304047],[0.290416986,36.134860992],[0.300693989,36.143749237],[0.301806003,36.149581909],[0.304306,36.148193359],[0.310694009,36.149307251],[0.322082996,36.155418396],[0.329306006,36.161251068],[0.334859997,36.16986084],[0.340694994,36.185974121],[0.338472992,36.187362671],[0.337915987,36.190418243],[0.345416993,36.195137024],[0.352917999,36.197360992],[0.354862005,36.199859619],[0.373472989,36.207084656],[0.378470987,36.207359314],[0.383194,36.211250305],[0.38458401,36.209583282],[0.385971993,36.210971832],[0.390971988,36.210971832],[0.397083014,36.210140228],[0.397917002,36.208751678],[0.406527013,36.208473206],[0.424861014,36.213748932],[0.430694997,36.213195801],[0.432639986,36.215694427],[0.442084014,36.218193054],[0.443471998,36.220417023],[0.45291701,36.2215271],[0.464305997,36.229862213],[0.475138992,36.230983734],[0.487361997,36.239860535],[0.492083997,36.24597168],[0.504860997,36.251804352],[0.511804998,36.253192902],[0.514026999,36.255695343],[0.519861996,36.255973816],[0.523194015,36.25958252],[0.529029012,36.260692596],[0.529582977,36.262084961],[0.538470984,36.264026642],[0.54736203,36.270137787],[0.555417001,36.273193359],[0.557361007,36.275695801],[0.576806009,36.279582977],[0.579859972,36.283473969],[0.590970993,36.283195496],[0.594583988,36.287361145],[0.611250997,36.297359467],[0.613472998,36.301528931],[0.619305015,36.302082062],[0.626806021,36.305973053],[0.629859984,36.30569458],[0.639026999,36.310417175],[0.647360981,36.324306488],[0.65486002,36.326526642],[0.658194005,36.330417633],[0.665417016,36.332084656],[0.668748975,36.329582214],[0.677084029,36.330970764],[0.681806028,36.329029083],[0.684859991,36.33152771],[0.68958199,36.331806183],[0.694027007,36.329860687],[0.705972016,36.329029083],[0.713194013,36.330696106],[0.728192985,36.329860687],[0.729305983,36.33152771],[0.741447985,36.333194733],[0.740954995,36.330108643]]]]},"properties":{"name":"Mostaganem","mapcolor":30,"cartodb_id":30}},{"type":"Feature","geometry":{"type":"MultiPolygon","coordinates":[[[[-0.485505015,34.234779358],[-0.481617987,34.221271515],[-0.482879013,34.210662842],[-0.472355992,34.187133789],[-0.470642,34.172920227],[-0.470245004,34.139019012],[-0.460016996,34.123851776],[-0.448372006,34.110149384],[-0.439714015,34.09381485],[-0.433384001,34.077419281],[-0.421844989,34.062408447],[-0.406432003,34.052368164],[-0.396209002,34.022678375],[-0.392621011,34.006980896],[-0.395446002,33.990722656],[-0.387355,33.975910187],[-0.378966987,33.9739151],[-0.380690008,33.959308624],[-0.391332,33.946819305],[-0.384539992,33.937282562],[-0.367657989,33.935089111],[-0.361829013,33.923290253],[-0.365943015,33.915195465],[-0.359950989,33.908119202],[-0.347550988,33.91375351],[-0.34604001,33.925014496],[-0.353745013,33.937065125],[-0.346154988,33.952270508],[-0.333999008,33.959945679],[-0.325291008,33.962409973],[-0.306196988,33.951229095],[-0.293772995,33.963829041],[-0.282671988,34.005321503],[-0.268566996,34.017822266],[-0.256709009,34.032218933],[-0.210528001,34.064861298],[-0.19912,34.068016052],[-0.186314002,34.068359375],[-0.178372994,34.070877075],[-0.172432005,34.076034546],[-0.154801995,34.085887909],[-0.134673998,34.093509674],[-0.128187999,34.089958191],[-0.109332003,34.089385986],[-0.087582,34.081935883],[-0.080254003,34.082740784],[-0.070037998,34.086521149],[-0.061788,34.074542999],[-0.055743001,34.068817139],[-0.049876001,34.057640076],[-0.059611,34.027965546],[-0.059857,34.018508911],[-0.057250001,34.011287689],[-0.053702999,34.009918213],[-0.050758,34.012950897],[-0.048896,34.012435913],[-0.045446999,34.000919342],[-0.060430001,33.990436554],[-0.054035999,33.988140106],[-0.036456998,33.997371674],[0.013854,34.017021179],[0.022969,34.022754669],[0.072770998,33.994159698],[0.069069996,33.978862762],[0.068193004,33.956687927],[0.066382997,33.953365326],[0.063368998,33.934913635],[0.064813003,33.891143799],[0.071001001,33.889877319],[0.087800004,33.880943298],[0.100050002,33.880599976],[0.122372001,33.830406189],[0.135114998,33.811157227],[0.146924004,33.81029892],[0.157133996,33.806518555],[0.162324995,33.806171417],[0.170300007,33.808403015],[0.170637995,33.807086945],[0.138191998,33.793563843],[0.072299004,33.762176514],[0.074381001,33.759937286],[0.087462001,33.722232819],[0.092749998,33.701377869],[0.100971997,33.679950714],[0.102645002,33.669635773],[0.110466003,33.649009705],[0.112649001,33.64654541],[0.016616,33.334911346],[0.026156001,33.324485779],[0.008938,33.252979279],[0.00585,33.223873138],[0.007878,33.211040497],[0.006973,33.200954437],[-0.00039,33.168296814],[-0.013293,33.142913818],[-0.015464,33.134033203],[-0.016861999,33.116790771],[-0.014467,33.108135223],[-0.008675,33.097251892],[-0.003661,33.091178894],[0.001238001,33.091522217],[0.002023,33.086994171],[0.016140001,33.08052063],[0.024321999,33.07358551],[0.025038,33.038978577],[-0.000716,33.012340546],[-0.004846999,33.004943848],[-0.015338,32.999847412],[-0.005545999,32.99325943],[0.001152,32.99446106],[0.011522,32.988162994],[0.016037,32.983291626],[0.007128,32.961284637],[0.000561,32.949710846],[-0.00412,32.932811737],[-0.010365,32.921009064],[-0.036114,32.907485962],[-0.082105003,32.886802673],[-0.089656003,32.842227936],[-0.093730003,32.814785004],[-0.055222001,32.796852112],[-0.066892996,32.752559662],[-0.020942001,32.710334778],[-0.026539,32.675552368],[-0.038348,32.650173187],[-0.016982,32.557125092],[-0.067185,32.452960968],[-0.077831,32.435310364],[-0.13865,32.347019196],[-0.150799006,32.3306427],[-0.152700007,32.331203461],[-0.224038005,32.235923767],[-0.335512996,32.254600525],[-0.417313993,32.201488495],[-0.730962992,32.270988464],[-0.731073976,32.267745972],[-0.817285001,32.225437164],[-0.848311007,32.207790375],[-0.891780972,32.186130524],[-0.996037006,32.145111084],[-1.011260033,32.205898285],[-1.074846983,32.206359863],[-1.063660979,32.295196533],[-1.057520986,32.299236298],[-1.051527023,32.309146881],[-1.052863002,32.318660736],[-1.058998942,32.323299408],[-1.065335989,32.323814392],[-1.081807971,32.317741394],[-1.101804972,32.314304352],[-1.11864996,32.322208405],[-1.126788974,32.339359283],[-1.130749941,32.343235016],[-1.132508993,32.350631714],[-1.130802035,32.374294281],[-1.122252941,32.400249481],[-1.123633981,32.406490326],[-1.12867105,32.415431976],[-1.121376991,32.414344788],[-1.11953795,32.419384003],[-1.115954041,32.422367096],[-1.110100985,32.421962738],[-1.102823973,32.43170166],[-1.087910056,32.439609528],[-1.078479052,32.442474365],[-1.067118049,32.449806213],[-1.058477998,32.462985992],[-1.049934983,32.467967987],[-1.045964003,32.476509094],[-1.020364046,32.496620178],[-1.00077498,32.505615234],[-0.997406006,32.512718201],[-0.999234021,32.519195557],[-1.013867021,32.526412964],[-1.270081997,32.695549011],[-1.381219029,32.739322662],[-1.49723196,32.898376465],[-1.542737007,32.957389832],[-1.536463022,32.958251953],[-1.509551048,32.969139099],[-1.500985026,32.968791962],[-1.495409966,32.966732025],[-1.484884977,32.974983215],[-1.471243024,33.003288269],[-1.476130009,33.013660431],[-1.475684047,33.021335602],[-1.467897058,33.032562256],[-1.46292901,33.036518097],[-1.460718036,33.041847229],[-1.470275044,33.0691185],[-1.474423051,33.076164246],[-1.478456974,33.079662323],[-1.483172059,33.080463409],[-1.486770034,33.085735321],[-1.491112947,33.085674286],[-1.498355031,33.090435028],[-1.503116965,33.090087891],[-1.513579011,33.093585968],[-1.516752958,33.098625183],[-1.522534013,33.100170135],[-1.533552051,33.107162476],[-1.538112998,33.117305756],[-1.565844059,33.142169952],[-1.575006008,33.148529053],[-1.57562995,33.157009125],[-1.579789996,33.166923523],[-1.589982986,33.18428421],[-1.599236012,33.194885254],[-1.601333022,33.204738617],[-1.609084964,33.213787079],[-1.626561046,33.22095108],[-1.63144803,33.225765228],[-1.64527297,33.249370575],[-1.658022046,33.257850647],[-1.669188976,33.279567719],[-1.670712948,33.284606934],[-1.669836044,33.28730011],[-1.660881042,33.303287506],[-1.663131952,33.317897797],[-1.662554026,33.330387115],[-1.659757972,33.337150574],[-1.660377026,33.343967438],[-1.664283991,33.354568481],[-1.663349986,33.379947662],[-1.649214983,33.408706665],[-1.64527905,33.424125671],[-1.640105009,33.4283638],[-1.632318974,33.431800842],[-1.629374027,33.437187195],[-1.628715038,33.442169189],[-1.624812961,33.447555542],[-1.623322964,33.453742981],[-1.624183059,33.464572906],[-1.620635986,33.472194672],[-1.618618965,33.472652435],[-1.61867094,33.476322174],[-1.622429013,33.478210449],[-1.623008013,33.483020782],[-1.620653033,33.491786957],[-1.60532105,33.50422287],[-1.60096097,33.509437561],[-1.59634304,33.520835876],[-1.588240981,33.530292511],[-1.597918034,33.541294098],[-1.601137996,33.547252655],[-1.600898027,33.552005768],[-1.603476048,33.557277679],[-1.597426057,33.55991745],[-1.593971014,33.56678772],[-1.595064998,33.570343018],[-1.593729973,33.574237823],[-1.601945996,33.576126099],[-1.601928949,33.580142975],[-1.59691596,33.586902618],[-1.600003958,33.593090057],[-1.598193049,33.594520569],[-1.597735047,33.600997925],[-1.595070958,33.605232239],[-1.598497033,33.615089417],[-1.623947978,33.624717712],[-1.630285025,33.631076813],[-1.642923951,33.660182953],[-1.644894958,33.671638489],[-1.648069024,33.678462982],[-1.652812958,33.682411194],[-1.665338039,33.682815552],[-1.686944008,33.676399231],[-1.706305027,33.678287506],[-1.710441947,33.687973022],[-1.737090945,33.70029068],[-1.728536963,33.735298157],[-1.670259953,33.772769928],[-1.698958993,33.870342255],[-1.669057012,34.000175476],[-1.651100039,34.093395233],[-1.623288989,34.110240936],[-1.596588969,34.129417419],[-1.583451033,34.136081696],[-1.537894964,34.167419434],[-1.524441957,34.167251587],[-1.514713049,34.179794312],[-1.485126019,34.199562073],[-1.465060949,34.195323944],[-1.452993989,34.204376221],[-1.419625044,34.205410004],[-1.415030003,34.208961487],[-1.383826971,34.207241058],[-1.363877058,34.209590912],[-1.332730055,34.207012177],[-1.322859049,34.215034485],[-1.309594035,34.215320587],[-1.28676796,34.203975677],[-1.269837022,34.200592041],[-1.251222014,34.203517914],[-1.237442017,34.207813263],[-1.215227962,34.222770691],[-1.195351005,34.259441376],[-1.18513,34.258865356],[-1.167132974,34.262817383],[-1.128036976,34.275760651],[-1.124204993,34.279590607],[-1.099483967,34.263622284],[-1.095175028,34.259380341],[-1.071863055,34.217079163],[-1.054368973,34.226150513],[-1.005174994,34.26121521],[-0.97351402,34.279891968],[-0.969778001,34.276340485],[-0.967629015,34.271530151],[-0.96638602,34.263332367],[-0.967290998,34.258579254],[-0.944929004,34.240760803],[-0.939875007,34.250270844],[-0.935514987,34.247520447],[-0.929297984,34.257263184],[-0.923407972,34.25296402],[-0.893036008,34.245571136],[-0.878476977,34.234054565],[-0.869297981,34.23216629],[-0.849376976,34.234512329],[-0.840718985,34.237606049],[-0.834685981,34.242534637],[-0.811704993,34.236808777],[-0.802771986,34.230445862],[-0.78946799,34.224830627],[-0.776668012,34.229473114],[-0.601697981,34.325557709],[-0.591008008,34.310852051],[-0.573535979,34.30153656],[-0.553436995,34.296012878],[-0.532899976,34.294265747],[-0.514392018,34.28635025],[-0.501443028,34.274406433],[-0.498551995,34.256999969],[-0.487753987,34.243534088],[-0.485505015,34.234779358]]]]},"properties":{"name":"Naâma","mapcolor":31,"cartodb_id":31}},{"type":"Feature","geometry":{"type":"MultiPolygon","coordinates":[[[[-0.678195,35.722919464],[-0.663749993,35.717918396],[-0.663471997,35.716804504],[-0.678472996,35.721805573],[-0.678195,35.722919464]]],[[[-0.900972009,35.772361755],[-0.899583995,35.771526337],[-0.900415003,35.769859314],[-0.904861987,35.771251678],[-0.900972009,35.772361755]]],[[[-0.258749992,35.827083588],[-0.247639,35.823749542],[-0.246527001,35.822360992],[-0.239859998,35.821529388],[-0.239307001,35.820415497],[-0.247361004,35.82208252],[-0.254305989,35.825138092],[-0.25652799,35.824584961],[-0.259862006,35.826526642],[-0.258749992,35.827083588]]],[[[-0.296528995,35.854305267],[-0.290138006,35.848194122],[-0.290416002,35.847362518],[-0.296250999,35.851528168],[-0.296528995,35.854305267]]],[[[-0.339305997,35.910137177],[-0.336805999,35.907360077],[-0.339861989,35.902637482],[-0.337639987,35.898193359],[-0.338194013,35.896251678],[-0.333193004,35.893470764],[-0.329582989,35.893470764],[-0.31763801,35.885139465],[-0.309583992,35.885139465],[-0.298473001,35.877361298],[-0.295973003,35.877918243],[-0.295973003,35.875137329],[-0.293195009,35.875415802],[-0.294028997,35.872917175],[-0.291527987,35.870693207],[-0.293473005,35.869026184],[-0.293751001,35.863193512],[-0.295973003,35.862361908],[-0.295139015,35.859306335],[-0.297639012,35.856803894],[-0.298195004,35.859306335],[-0.300695002,35.857639313],[-0.30180499,35.860137939],[-0.30736199,35.859584808],[-0.30736199,35.85319519],[-0.308750004,35.852085114],[-0.30736199,35.850139618],[-0.308750004,35.848194122],[-0.306805015,35.848194122],[-0.305139005,35.845695496],[-0.302639008,35.847915649],[-0.297639012,35.849029541],[-0.30736199,35.844028473],[-0.30180499,35.835414886],[-0.290693998,35.829582214],[-0.285140008,35.823749542],[-0.268750995,35.817638397],[-0.257362008,35.822360992],[-0.257362008,35.820972443],[-0.263749987,35.818195343],[-0.264306009,35.81652832],[-0.25958401,35.816249847],[-0.256805986,35.81791687],[-0.259306014,35.815418243],[-0.257362008,35.814582825],[-0.250138998,35.816806793],[-0.252362013,35.812915802],[-0.249583006,35.813751221],[-0.245973006,35.811248779],[-0.246527001,35.815418243],[-0.243454993,35.817420959],[-0.245139003,35.809860229],[-0.223195001,35.804584503],[-0.216528997,35.805137634],[-0.210694,35.80291748],[-0.198195994,35.80291748],[-0.186251,35.800693512],[-0.163472995,35.800140381],[-0.162639007,35.798473358],[-0.164027005,35.797637939],[-0.162083,35.797084808],[-0.163194999,35.795696259],[-0.157637998,35.789585114],[-0.15625,35.789585114],[-0.156806007,35.79069519],[-0.146806002,35.79069519],[-0.113007002,35.788192749],[-0.114906996,35.784076691],[-0.114196002,35.78155899],[-0.124681003,35.771530151],[-0.129127994,35.759273529],[-0.143331006,35.746208191],[-0.146752,35.740188599],[-0.155454993,35.734233856],[-0.161328003,35.732395172],[-0.171737999,35.724662781],[-0.174385995,35.720424652],[-0.178035006,35.71830368],[-0.176815003,35.714981079],[-0.179444999,35.71314621],[-0.178935006,35.709709167],[-0.182635993,35.709365845],[-0.184222996,35.71257019],[-0.187569007,35.711025238],[-0.187518001,35.7081604],[-0.184709996,35.704666138],[-0.186646998,35.700141907],[-0.185379997,35.698368073],[-0.188492,35.69733429],[-0.188217998,35.694667816],[-0.203955993,35.691490173],[-0.208710998,35.703292847],[-0.226541996,35.704784393],[-0.234116003,35.7081604],[-0.234642997,35.709766388],[-0.232179999,35.711200714],[-0.233068004,35.714061737],[-0.245405003,35.720710754],[-0.249031007,35.725353241],[-0.253093988,35.727584839],[-0.257133007,35.736064911],[-0.259826005,35.730564117],[-0.273427993,35.71893692],[-0.277312994,35.707363129],[-0.287155986,35.688220978],[-0.298265994,35.676074982],[-0.266553998,35.676269531],[-0.31913799,35.644676208],[-0.389658004,35.592998505],[-0.377889991,35.575061798],[-0.379155993,35.573287964],[-0.38331601,35.57403183],[-0.388558,35.567447662],[-0.393669009,35.56457901],[-0.395754009,35.558792114],[-0.403798997,35.553920746],[-0.40870899,35.536964417],[-0.406830013,35.531921387],[-0.400761992,35.525276184],[-0.414175004,35.5272789],[-0.431490004,35.526420593],[-0.437386006,35.528770447],[-0.44462201,35.529056549],[-0.447239995,35.523841858],[-0.453577012,35.518108368],[-0.476437986,35.508655548],[-0.468284994,35.498977661],[-0.46153599,35.497657776],[-0.456791997,35.498744965],[-0.461237997,35.487113953],[-0.459019989,35.482303619],[-0.458849013,35.474281311],[-0.457226992,35.472846985],[-0.462498009,35.470039368],[-0.472965986,35.469924927],[-0.483402014,35.46333313],[-0.497162014,35.464366913],[-0.500015974,35.465625763],[-0.501201987,35.468837738],[-0.505997002,35.468837738],[-0.507188976,35.463623047],[-0.503986001,35.456748962],[-0.510053992,35.450965881],[-0.514276028,35.450389862],[-0.519800007,35.446605682],[-0.52047497,35.439537048],[-0.531023979,35.426727295],[-0.530560017,35.423690796],[-0.532588005,35.420707703],[-0.532136023,35.414234161],[-0.539618015,35.409305573],[-0.541652024,35.404724121],[-0.546670973,35.400943756],[-0.546139002,35.397903442],[-0.550051987,35.400543213],[-0.55025202,35.391601563],[-0.552790999,35.385414124],[-0.548402011,35.378192902],[-0.545726001,35.376934052],[-0.547519028,35.374816895],[-0.537837029,35.363296509],[-0.544350982,35.359577179],[-0.548286974,35.360092163],[-0.552733004,35.364215851],[-0.558704019,35.366676331],[-0.563247025,35.364276886],[-0.562909007,35.362957001],[-0.567463994,35.362781525],[-0.57298702,35.359973907],[-0.572522998,35.349491119],[-0.575904012,35.344848633],[-0.598742008,35.344047546],[-0.604992986,35.339748383],[-0.605238974,35.335624695],[-0.608631015,35.333679199],[-0.609920025,35.34771347],[-0.615100026,35.3527565],[-0.617597997,35.359062195],[-0.614120007,35.363128662],[-0.612940013,35.369659424],[-0.60463798,35.378082275],[-0.603681028,35.38375473],[-0.601504028,35.386791229],[-0.619992971,35.395038605],[-0.611719012,35.410739899],[-0.605978012,35.414409637],[-0.594124019,35.416469574],[-0.600059986,35.422428131],[-0.588743985,35.424320221],[-0.583261013,35.423118591],[-0.581209004,35.424377441],[-0.584298015,35.429473877],[-0.587432027,35.442882538],[-0.586233974,35.444946289],[-0.589088023,35.44952774],[-0.589533985,35.455142975],[-0.601944983,35.458637238],[-0.600872993,35.464595795],[-0.605663002,35.471702576],[-0.606431007,35.479091644],[-0.600872993,35.489524841],[-0.606037021,35.493465424],[-0.615523994,35.490837097],[-0.61837697,35.498859406],[-0.62549299,35.519542694],[-0.617753029,35.530658722],[-0.617856026,35.533409119],[-0.620971978,35.537433624],[-0.645366013,35.52665329],[-0.664231002,35.523956299],[-0.678228021,35.523960114],[-0.684009016,35.522926331],[-0.687624991,35.52022934],[-0.696326017,35.522224426],[-0.739270985,35.517650604],[-0.740028024,35.516048431],[-0.750514984,35.51398468],[-0.759267986,35.508647919],[-0.800567985,35.496833801],[-0.806383014,35.494377136],[-0.810874999,35.48941803],[-0.817758024,35.485126495],[-0.836960018,35.477169037],[-0.851473987,35.473628998],[-0.853121996,35.471702576],[-0.853639007,35.472938538],[-0.860141993,35.47246933],[-0.85948801,35.47032547],[-0.861023009,35.472118378],[-0.862380028,35.47095108],[-0.863062024,35.472499847],[-0.867228985,35.473003387],[-0.866443992,35.473960876],[-0.869686007,35.476139069],[-0.874418974,35.476219177],[-0.876295984,35.474643707],[-0.878791988,35.476463318],[-0.880926013,35.473804474],[-0.882987022,35.477207184],[-0.885443985,35.477054596],[-0.884516001,35.477592468],[-0.885874987,35.478473663],[-0.883252025,35.47908783],[-0.885340989,35.479309082],[-0.884639978,35.480861664],[-0.887387991,35.481380463],[-0.891551971,35.479064941],[-0.897165,35.480140686],[-0.896992981,35.48418045],[-0.905956984,35.477256775],[-0.915385008,35.478736877],[-0.917077005,35.475261688],[-0.911450982,35.474052429],[-0.911755025,35.472278595],[-0.916429996,35.470729828],[-0.933974028,35.469867706],[-0.943536997,35.473709106],[-0.935428977,35.475311279],[-0.935142994,35.478118896],[-0.94097501,35.483219147],[-0.951134026,35.487976074],[-0.954612017,35.494907379],[-0.964896023,35.495883942],[-0.973582029,35.494678497],[-0.979471982,35.492843628],[-0.983660996,35.487342834],[-0.978653014,35.483448029],[-0.96161902,35.475254059],[-0.963395,35.471702576],[-0.975169003,35.473079681],[-0.997784019,35.470157623],[-0.998214006,35.468837738],[-1.004436016,35.46723175],[-1.002275944,35.470039368],[-1.005764961,35.469184875],[-1.008795977,35.465343475],[-1.008023024,35.463165283],[-1.002573967,35.460128784],[-0.998157024,35.460300446],[-0.997565985,35.456520081],[-0.995119989,35.454914093],[-0.996861994,35.450500488],[-0.992267013,35.447238922],[-0.989448011,35.442882538],[-0.992781997,35.442367554],[-0.992370009,35.444828033],[-0.995577991,35.447463989],[-1.006522059,35.445919037],[-1.00554204,35.447235107],[-1.007586956,35.448726654],[-1.005977035,35.449699402],[-1.008659005,35.449588776],[-1.009255052,35.451877594],[-1.006165981,35.452392578],[-1.011077046,35.453594208],[-1.008875966,35.455657959],[-1.010686994,35.457092285],[-1.009742022,35.460189819],[-1.015689015,35.466259003],[-1.019952059,35.467578888],[-1.013700008,35.482837677],[-1.018035054,35.494918823],[-1.015586019,35.506668091],[-0.996537983,35.505825043],[-0.988098025,35.507236481],[-0.973446012,35.517169952],[-0.967209995,35.535339355],[-0.959379017,35.538452148],[-0.956314027,35.557025909],[-0.964214981,35.567386627],[-1.004194975,35.556442261],[-1.001749039,35.56022644],[-0.998959005,35.561485291],[-0.994397998,35.584518433],[-1.000808954,35.584289551],[-1.009443998,35.588989258],[-1.013190985,35.59809494],[-1.016404986,35.598442078],[-1.017132998,35.597179413],[-1.02195704,35.599529266],[-1.026150942,35.605258942],[-1.026167989,35.607837677],[-1.029554963,35.608352661],[-1.02867198,35.610416412],[-1.031972051,35.61138916],[-1.034235954,35.615112305],[-1.042583942,35.615802765],[-1.043913007,35.616832733],[-1.043099046,35.619354248],[-1.049476027,35.619983673],[-1.043465972,35.627033234],[-1.041151047,35.62783432],[-1.041689992,35.629955292],[-1.038264036,35.630065918],[-1.036962986,35.632015228],[-1.039805055,35.633388519],[-1.043202043,35.638202667],[-1.052060008,35.63608551],[-1.056043029,35.636371613],[-1.059584022,35.638748169],[-1.057916999,35.639862061],[-1.05874896,35.642917633],[-1.055416942,35.64680481],[-1.055695057,35.655139923],[-1.054582953,35.656806946],[-1.050694942,35.657081604],[-1.050973058,35.662361145],[-1.045693994,35.667640686],[-1.042637944,35.66708374],[-1.042359948,35.669582367],[-1.036249995,35.673473358],[-1.029582977,35.672359467],[-1.028195024,35.677082062],[-1.02541697,35.676528931],[-1.023473024,35.68069458],[-1.017084002,35.680973053],[-1.012637973,35.676250458],[-1.009027958,35.677639008],[-0.998472989,35.677082062],[-0.991249979,35.679862976],[-0.989305973,35.681526184],[-0.989305973,35.684028625],[-0.97458303,35.690692902],[-0.973195016,35.694026947],[-0.971251011,35.69430542],[-0.970973015,35.696804047],[-0.966251016,35.700416565],[-0.967360973,35.703193665],[-0.965416014,35.70513916],[-0.966270983,35.70765686],[-0.961805999,35.707370758],[-0.954306006,35.71875],[-0.949582994,35.719028473],[-0.949027002,35.721248627],[-0.939028978,35.725971222],[-0.937915981,35.728748322],[-0.929584026,35.72819519],[-0.925140023,35.725139618],[-0.921805024,35.726528168],[-0.920417011,35.723472595],[-0.921527028,35.724582672],[-0.922917008,35.723751068],[-0.920695007,35.720973969],[-0.917083025,35.721248627],[-0.913195014,35.719028473],[-0.913195014,35.714027405],[-0.910971999,35.711528778],[-0.906805992,35.710971832],[-0.908194005,35.710693359],[-0.908194005,35.708751678],[-0.904027998,35.707359314],[-0.886529028,35.705970764],[-0.873749971,35.710693359],[-0.863750994,35.716804504],[-0.859304011,35.717082977],[-0.846527994,35.72819519],[-0.843195975,35.734306335],[-0.838748991,35.738471985],[-0.834860981,35.746807098],[-0.826806009,35.756526947],[-0.825137973,35.760417938],[-0.827362001,35.760417938],[-0.827916026,35.762084961],[-0.826528013,35.762638092],[-0.827084005,35.765693665],[-0.824859977,35.769584656],[-0.823750019,35.766529083],[-0.817918003,35.768196106],[-0.812916994,35.765972137],[-0.805694997,35.772083282],[-0.802359998,35.772914886],[-0.790418029,35.773193359],[-0.796527982,35.76763916],[-0.795140028,35.763748169],[-0.790970981,35.760139465],[-0.769306004,35.747917175],[-0.749028027,35.740970612],[-0.728751004,35.737083435],[-0.71875,35.738750458],[-0.717916012,35.741249084],[-0.713472009,35.74041748],[-0.70291698,35.742916107],[-0.703194976,35.739582062],[-0.693750024,35.737361908],[-0.697638988,35.735694885],[-0.702082992,35.736251831],[-0.704582989,35.732082367],[-0.705416977,35.728748322],[-0.70291698,35.726249695],[-0.701804996,35.722084045],[-0.699307024,35.722362518],[-0.694859982,35.71875],[-0.684306026,35.715694427],[-0.682918012,35.713748932],[-0.677917004,35.714584351],[-0.677639008,35.715694427],[-0.683193028,35.716251373],[-0.680139005,35.71736145],[-0.675417006,35.714862823],[-0.663471997,35.715415955],[-0.660139978,35.713748932],[-0.655695975,35.714027405],[-0.65208298,35.709861755],[-0.648195028,35.709861755],[-0.647360981,35.711528778],[-0.642081976,35.710693359],[-0.64180702,35.712917328],[-0.639584005,35.712917328],[-0.638194025,35.710414886],[-0.637359977,35.712638855],[-0.635694027,35.712638855],[-0.635694027,35.710140228],[-0.63458401,35.710140228],[-0.632640004,35.714305878],[-0.630972028,35.714027405],[-0.630972028,35.712360382],[-0.627916992,35.712360382],[-0.621250987,35.714584351],[-0.608193994,35.720695496],[-0.599861026,35.726806641],[-0.597639024,35.730693817],[-0.594582975,35.731529236],[-0.577917993,35.748748779],[-0.57486099,35.755138397],[-0.572638988,35.75541687],[-0.569582999,35.760417938],[-0.56625098,35.761806488],[-0.560693979,35.772361755],[-0.554027975,35.772914886],[-0.555137992,35.776248932],[-0.54874903,35.774581909],[-0.549862027,35.770973206],[-0.548196018,35.769306183],[-0.542083025,35.76902771],[-0.538751006,35.766803741],[-0.52819401,35.768196106],[-0.515972972,35.778194427],[-0.51375097,35.781806946],[-0.510694981,35.78263855],[-0.510138988,35.784862518],[-0.502915978,35.791248322],[-0.497640014,35.802082062],[-0.498194009,35.804862976],[-0.494583011,35.806804657],[-0.495970994,35.809307098],[-0.493193001,35.811805725],[-0.492361009,35.81930542],[-0.490417004,35.821540833],[-0.490972996,35.823192596],[-0.48930499,35.823757172],[-0.490139008,35.825973511],[-0.485139012,35.832359314],[-0.486250997,35.835971832],[-0.484304994,35.838748932],[-0.485417008,35.840694427],[-0.482639015,35.844860077],[-0.482639015,35.85874939],[-0.480693996,35.860694885],[-0.480693996,35.867084503],[-0.479027987,35.870418549],[-0.482082009,35.871807098],[-0.481528997,35.873474121],[-0.490695,35.874305725],[-0.489026994,35.876804352],[-0.480138004,35.88041687],[-0.47014001,35.887359619],[-0.467361003,35.886806488],[-0.465970993,35.882915497],[-0.460694999,35.879581451],[-0.451806009,35.880138397],[-0.449584007,35.877361298],[-0.435694993,35.88041687],[-0.424860001,35.880138397],[-0.413749009,35.883750916],[-0.405138999,35.891529083],[-0.399028003,35.890415192],[-0.397637993,35.89263916],[-0.393471986,35.893749237],[-0.387917995,35.900970459],[-0.387362003,35.904582977],[-0.388749987,35.906528473],[-0.387082994,35.908195496],[-0.373751014,35.907081604],[-0.360139996,35.908473969],[-0.356527001,35.905693054],[-0.35263899,35.905693054],[-0.342637986,35.907917023],[-0.339305997,35.910137177]]]]},"properties":{"name":"Oran","mapcolor":32,"cartodb_id":32}},{"type":"Feature","geometry":{"type":"MultiPolygon","coordinates":[[[[6.238649845,33.945800781],[6.246014118,33.944541931],[6.248006821,33.942596436],[6.256549835,33.926433563],[6.262669086,33.907756805],[6.26531601,33.904373169],[6.268455982,33.90328598],[6.272725105,33.905525208],[6.284808159,33.934169769],[6.295173168,33.854072571],[6.327940941,33.633995056],[6.502670765,33.185314178],[6.562024117,33.019729614],[6.5678792,33.001739502],[6.566228867,33.000705719],[6.575517178,32.97120285],[6.64700985,32.770606995],[6.660870075,32.726261139],[6.685431957,32.685752869],[6.726484776,32.626796722],[6.727235794,32.622959137],[6.751398087,32.59292984],[6.830516815,32.486305237],[6.885303974,32.409931183],[6.968531132,32.302101135],[6.99623394,32.261592865],[7.020177841,32.237701416],[7.050314903,32.20211792],[7.235476017,32.003452301],[7.242566109,32.000953674],[7.252478123,32.001178741],[7.54026413,32.024272919],[7.994459152,32.045013428],[8.023256302,32.047592163],[8.499174118,32.067874908],[9.071734428,32.087242126],[9.093482018,32.007884979],[9.099125862,31.998947144],[9.127235413,31.903490067],[9.167290688,31.745584488],[9.232756615,31.500528336],[9.360285759,30.999477386],[9.363488197,30.99546814],[9.474505424,30.558473587],[9.023631096,30.484676361],[9.004224777,30.480894089],[8.995268822,30.476829529],[8.983288765,30.474590302],[8.541864395,30.400566101],[8.001207352,30.306716919],[7.995014191,30.309179306],[7.990230083,30.308376312],[7.804282188,30.272855759],[7.57131815,30.232118607],[7.233099937,30.170066833],[6.574645042,30.044761658],[6.450531006,30.083892822],[6.258951187,30.00018692],[6.001148224,29.882099152],[5.991546154,29.875740051],[5.724483013,29.759077072],[5.365818977,29.532363892],[5.065439224,29.340251923],[5.024426937,29.314525604],[4.962931156,29.279119492],[4.528131008,28.999801636],[4.211252213,28.798864365],[4.147487164,28.757669449],[3.761164904,28.497730255],[3.76303792,28.50510788],[3.768028021,28.513818741],[3.13876009,28.97567749],[3.083120108,29.018419266],[2.997385979,29.079151154],[3.36648798,29.217351913],[3.667159081,29.715024948],[3.669789076,29.728088379],[3.68115592,29.754041672],[3.678932905,29.765213013],[3.691378117,29.774898529],[3.712342978,29.785898209],[3.715471029,29.791513443],[3.730458975,29.801597595],[3.750684977,29.806983948],[3.816797972,29.998235703],[3.822985888,30.000297546],[3.827054024,30.009756088],[3.999732971,30.504089355],[4.03410387,30.598468781],[4.059326172,30.67587471],[4.15101099,30.937889099],[4.257184982,31.235479355],[4.260445118,31.23610878],[4.409873009,31.551698685],[4.423991203,31.911859512],[4.429800034,31.998949051],[4.432155132,31.999521255],[4.433359146,32.029430389],[4.462825775,32.215637207],[4.782001019,32.494670868],[4.866353989,32.621295929],[5.002363205,32.81684494],[5.017196178,32.840621948],[5.026771069,32.852657318],[5.01228714,32.92370224],[5.002367973,32.963981628],[4.997733116,32.9920578],[4.995378017,32.997444153],[4.947573185,33.204845428],[4.938477993,33.253669739],[4.938139915,33.301109314],[4.997480869,33.398509979],[5.002493858,33.403785706],[5.057155132,33.498462677],[5.071720123,33.489498138],[5.073811054,33.483310699],[5.081064224,33.477752686],[5.090948105,33.477981567],[5.09690094,33.475284576],[5.098608017,33.46881485],[5.097180843,33.463886261],[5.099896908,33.458099365],[5.130545139,33.442115784],[5.153021812,33.436325073],[5.168623924,33.426700592],[5.173865795,33.4220047],[5.190848827,33.390777588],[5.21887207,33.365566254],[5.234622955,33.357662201],[5.250086784,33.354850769],[5.275055885,33.420970917],[5.279459953,33.429042816],[5.718560219,33.417255402],[5.718090057,33.420459747],[5.761360168,33.422344208],[5.995051861,33.424983978],[5.997465134,33.424869537],[5.999835968,33.421829224],[6.082777977,33.420341492],[6.083831787,33.419197083],[6.07296896,33.517459869],[6.071009159,33.524906158],[6.067255974,33.532409668],[6.058886051,33.541980743],[6.04473877,33.5509758],[6.031979084,33.562492371],[6.024089813,33.572921753],[6.018984795,33.583694458],[6.02077198,33.597385406],[6.023580074,33.605064392],[6.027029037,33.609016418],[6.035933018,33.611766815],[6.048330784,33.61239624],[6.054473877,33.614803314],[6.060828209,33.618869781],[6.065210819,33.624027252],[6.065566063,33.63325119],[6.054914951,33.674217224],[6.053155899,33.691238403],[6.05581522,33.700805664],[6.06553793,33.714614868],[6.067652225,33.723667145],[6.066670895,33.730709076],[6.061835766,33.742115021],[6.062701225,33.76285553],[6.061137199,33.76990509],[6.045804977,33.782623291],[6.044137001,33.786231995],[6.043725014,33.797462463],[6.041130066,33.804225922],[6.036946774,33.809146881],[6.022800922,33.819351196],[6.019031048,33.826568604],[6.019877911,33.838314056],[6.022874832,33.849887848],[6.028082848,33.860946655],[6.023557186,33.881000519],[6.026145935,33.886383057],[6.034516811,33.894634247],[6.053277016,33.90417099],[6.055620193,33.903690338],[6.0634799,33.899276733],[6.064987183,33.889652252],[6.06349802,33.878707886],[6.065262794,33.867996216],[6.070855141,33.862438202],[6.076646805,33.861808777],[6.086713791,33.863697052],[6.118336201,33.875495911],[6.125669003,33.882488251],[6.133416176,33.895320892],[6.145166874,33.908443451],[6.163054943,33.922710419],[6.165156841,33.922023773],[6.180678844,33.930675507],[6.210267067,33.94127655],[6.220293999,33.944023132],[6.238649845,33.945800781]]]]},"properties":{"name":"Ouargla","mapcolor":33,"cartodb_id":33}},{"type":"Feature","geometry":{"type":"MultiPolygon","coordinates":[[[[6.791419029,36.190933228],[6.787093163,36.182971954],[6.788720131,36.17741394],[6.7946558,36.173519135],[6.802511215,36.173633575],[6.804206848,36.172199249],[6.80791378,36.172203064],[6.812130928,36.175064087],[6.818789005,36.163204193],[6.819591045,36.155529022],[6.828380108,36.150371552],[6.844680786,36.148136139],[6.849860191,36.149051666],[6.86146307,36.145614624],[6.879224777,36.149051666],[6.899662018,36.146701813],[6.898516178,36.139369965],[6.901815891,36.136505127],[6.907351017,36.138969421],[6.907677174,36.146186829],[6.912151814,36.141204834],[6.920242786,36.142463684],[6.934714794,36.139369965],[6.946547031,36.14641571],[6.964280128,36.145442963],[6.964554787,36.139888763],[6.966944218,36.136676788],[6.9798069,36.139541626],[6.983766079,36.144081116],[6.99306488,36.140857697],[6.997923851,36.140342712],[7.001051903,36.141750336],[7.003826141,36.138111115],[7.004529953,36.125736237],[6.99567318,36.106826782],[6.993299961,36.10459137],[6.997535229,36.096973419],[6.99022913,36.096340179],[6.98880291,36.093475342],[6.998817921,36.092960358],[7.008673191,36.09009552],[7.027381897,36.081390381],[7.035247803,36.074054718],[7.047996044,36.069984436],[7.037218094,36.060874939],[7.040535927,36.05348587],[7.040517807,36.044487],[7.038639069,36.044437408],[7.040272236,36.04019165],[7.036612034,36.033256531],[7.040167809,36.032012939],[7.048746109,36.03383255],[7.064371109,36.030395508],[7.073297977,36.033660889],[7.074512959,36.031539917],[7.07789278,36.031421661],[7.083858013,36.025123596],[7.109502792,36.042369843],[7.122038841,36.042480469],[7.132582188,36.045864105],[7.143485069,36.045921326],[7.14189291,36.04769516],[7.215723991,36.078636169],[7.219567776,36.073364258],[7.226935863,36.080471039],[7.224358082,36.08379364],[7.228856087,36.093650818],[7.227344036,36.097946167],[7.234992981,36.10395813],[7.234521866,36.117137909],[7.235806942,36.119186401],[7.243981838,36.12171936],[7.246303082,36.126766205],[7.255829811,36.132152557],[7.256019115,36.140861511],[7.260585785,36.141090393],[7.266808987,36.145729065],[7.270945072,36.146877289],[7.27816391,36.144184113],[7.284324169,36.145786285],[7.316947937,36.143894196],[7.314628124,36.135417938],[7.317743778,36.12739563],[7.320367813,36.125217438],[7.318460941,36.120979309],[7.325284958,36.117828369],[7.321949959,36.108200073],[7.322608948,36.10144043],[7.33154583,36.105167389],[7.32841301,36.095310211],[7.336250782,36.089923859],[7.33842802,36.08379364],[7.338284969,36.075889587],[7.335643768,36.070960999],[7.33131218,36.053199768],[7.337219238,36.051422119],[7.34345293,36.054172516],[7.345050812,36.057781219],[7.35050106,36.058467865],[7.351240158,36.055263519],[7.354395866,36.055030823],[7.360012054,36.050849915],[7.366313934,36.050106049],[7.365684032,36.044487],[7.360274792,36.045921326],[7.36457777,36.042537689],[7.362927914,36.036464691],[7.3672719,36.029129028],[7.365522861,36.022483826],[7.370594025,36.023231506],[7.371407986,36.017845154],[7.362061024,36.010631561],[7.377718925,35.994289398],[7.386468887,35.988304138],[7.392528057,35.966835022],[7.400289059,35.962429047],[7.402253151,35.956581116],[7.40739584,35.951950073],[7.426004887,35.948749542],[7.42952919,35.944850922],[7.432851791,35.944450378],[7.429718018,35.930297852],[7.438368797,35.913394928],[7.457758904,35.909614563],[7.478713036,35.896949768],[7.502789021,35.894260406],[7.516682148,35.884346008],[7.554962158,35.877986908],[7.563453197,35.872024536],[7.549742222,35.856555939],[7.551282883,35.853290558],[7.562501907,35.848880768],[7.565762043,35.845787048],[7.562862873,35.840000153],[7.561562061,35.840114594],[7.560352802,35.834499359],[7.56149292,35.831748962],[7.558106899,35.829856873],[7.557804108,35.825904846],[7.552405834,35.824302673],[7.558570862,35.814846039],[7.573507786,35.810207367],[7.585809231,35.809406281],[7.585734844,35.805450439],[7.603267193,35.816223145],[7.627658844,35.821266174],[7.640864849,35.821037292],[7.648714066,35.824932098],[7.668297768,35.812728882],[7.692946911,35.817768097],[7.685184002,35.828712463],[7.670487881,35.842918396],[7.673964977,35.846073151],[7.684220791,35.850543976],[7.692718029,35.849796295],[7.689583778,35.859710693],[7.679710865,35.877986908],[7.684220791,35.88331604],[7.688483238,35.884807587],[7.704354763,35.885433197],[7.711665154,35.889045715],[7.714055061,35.893341064],[7.719761848,35.895244598],[7.727382183,35.891719818],[7.734784126,35.884632111],[7.752231121,35.87890625],[7.755835056,35.857246399],[7.777676105,35.819431305],[7.777882099,35.813014984],[7.770187855,35.801727295],[7.771975994,35.796455383],[7.783187866,35.787631989],[7.786028862,35.782417297],[7.797232151,35.773479462],[7.798189163,35.770957947],[7.807481766,35.7694664],[7.811423779,35.76505661],[7.822126865,35.765628815],[7.834262848,35.760242462],[7.847474098,35.764083862],[7.842598915,35.757892609],[7.842616081,35.754283905],[7.844301224,35.752220154],[7.841254234,35.749839783],[7.844311237,35.746665955],[7.842398167,35.746608734],[7.8414011,35.742828369],[7.835395813,35.742771149],[7.832073212,35.738815308],[7.822563171,35.739845276],[7.823336124,35.741508484],[7.814524174,35.741909027],[7.809121132,35.738929749],[7.808708191,35.735378265],[7.813520908,35.735202789],[7.814826965,35.733547211],[7.814123154,35.730106354],[7.81222105,35.730392456],[7.811326981,35.727127075],[7.814283848,35.723461151],[7.812776089,35.722255707],[7.814603806,35.718017578],[7.812232018,35.715843201],[7.812656879,35.70999527],[7.814105988,35.709251404],[7.812832832,35.699451447],[7.814690113,35.697734833],[7.813155174,35.696304321],[7.818953037,35.689426422],[7.817864895,35.686847687],[7.820831776,35.678367615],[7.819475174,35.67464447],[7.82119894,35.668399811],[7.81874609,35.665363312],[7.819943905,35.665821075],[7.822350979,35.662208557],[7.821926117,35.657169342],[7.828343868,35.652755737],[7.830692768,35.643993378],[7.834662914,35.639984131],[7.833156109,35.637802124],[7.834618092,35.636425018],[7.834526062,35.631961823],[7.840433121,35.62468338],[7.844851017,35.622447968],[7.845760822,35.6183815],[7.849588871,35.615001678],[7.856258869,35.612365723],[7.863004208,35.605373383],[7.862211227,35.602050781],[7.867858887,35.595527649],[7.868960857,35.590705872],[7.849702835,35.592536926],[7.843033791,35.590873718],[7.836984158,35.585090637],[7.829592228,35.58108139],[7.822075844,35.571681976],[7.805441856,35.566184998],[7.804221153,35.569221497],[7.800508976,35.569561005],[7.802399158,35.577297211],[7.798148155,35.576496124],[7.794710159,35.579189301],[7.790647984,35.577243805],[7.782916069,35.580383301],[7.768188,35.571914673],[7.747814178,35.565608978],[7.740736961,35.559364319],[7.729164124,35.556846619],[7.726271152,35.55443573],[7.711659908,35.550254822],[7.70865202,35.545845032],[7.685790062,35.538967133],[7.679889202,35.538738251],[7.673157215,35.535758972],[7.664785862,35.524990082],[7.662156105,35.517311096],[7.662534237,35.504760742],[7.643878937,35.492786407],[7.625187874,35.477432251],[7.618420124,35.474342346],[7.610894203,35.467922211],[7.607759953,35.46276474],[7.603617191,35.461448669],[7.587162018,35.445404053],[7.583780766,35.437438965],[7.577600002,35.430850983],[7.552985191,35.422142029],[7.547791958,35.427650452],[7.549479008,35.44121933],[7.54349184,35.444084167],[7.538369179,35.4438591],[7.536128998,35.446495056],[7.530806065,35.444602966],[7.528186798,35.446266174],[7.523495197,35.451305389],[7.518945217,35.469638824],[7.508374214,35.470672607],[7.506225109,35.468780518],[7.50336504,35.468837738],[7.486273766,35.473247528],[7.481674194,35.480064392],[7.482979774,35.482189178],[7.478252888,35.489463806],[7.486635208,35.495136261],[7.488726139,35.498573303],[7.483146191,35.50642395],[7.471457958,35.513187408],[7.473204136,35.520053864],[7.467755795,35.522750854],[7.464547157,35.519889832],[7.461114883,35.520118713],[7.460621834,35.522293091],[7.462948799,35.52596283],[7.456916809,35.528987885],[7.455288887,35.532951355],[7.453179836,35.530715942],[7.459345818,35.523670197],[7.455236912,35.522182465],[7.454893112,35.515762329],[7.45292902,35.511405945],[7.44190979,35.507396698],[7.437252045,35.508945465],[7.437440872,35.512325287],[7.431499958,35.512207031],[7.429195881,35.509689331],[7.425506115,35.51077652],[7.419037819,35.520862579],[7.428285122,35.529342651],[7.430130005,35.528652191],[7.431797981,35.53037262],[7.435813904,35.530773163],[7.435297966,35.532894135],[7.431750774,35.533466339],[7.427293777,35.537132263],[7.419554234,35.547504425],[7.398806095,35.553005219],[7.37509203,35.571166992],[7.361100197,35.562915802],[7.360630035,35.557014465],[7.355370998,35.540973663],[7.348649979,35.531230927],[7.355209827,35.522354126],[7.352540016,35.517654419],[7.337235928,35.519142151],[7.324773788,35.514961243],[7.314863205,35.514217377],[7.302158833,35.50762558],[7.305037022,35.516681671],[7.301301003,35.524814606],[7.296693802,35.530147552],[7.297380924,35.534553528],[7.295595169,35.541545868],[7.297277927,35.543552399],[7.306188107,35.541431427],[7.308265209,35.550140381],[7.308495998,35.563777924],[7.318208218,35.567558289],[7.314426899,35.572257996],[7.313528061,35.576210022],[7.315280914,35.580566406],[7.30996418,35.591392517],[7.296395779,35.601020813],[7.283058167,35.607837677],[7.227870941,35.628520966],[7.22452879,35.629264832],[7.219441891,35.618267059],[7.220845222,35.61138916],[7.21709919,35.613105774],[7.219750881,35.609210968],[7.223681927,35.610816956],[7.226220131,35.609386444],[7.221023083,35.607494354],[7.214222908,35.610416412],[7.211152077,35.616661072],[7.205972195,35.619525909],[7.189229965,35.616317749],[7.165945053,35.615802765],[7.163401127,35.613967896],[7.153839111,35.612937927],[7.135417938,35.621131897],[7.08573103,35.54492569],[7.032742977,35.559997559],[7.016242027,35.567100525],[7.008518219,35.566467285],[7.017220974,35.571052551],[7.019319057,35.582054138],[7.02156496,35.586006165],[7.024607182,35.58738327],[7.022852898,35.592769623],[7.027671814,35.597579956],[7.030078888,35.605144501],[7.001979828,35.626743317],[6.878891945,35.612075806],[6.845316887,35.609668732],[6.809329987,35.609901428],[6.770236969,35.684383392],[6.76187706,35.696475983],[6.704965115,35.743396759],[6.680385113,35.769924164],[6.660074234,35.779666901],[6.634089947,35.78975296],[6.631988049,35.788490295],[6.61935997,35.792217255],[6.613750935,35.794448853],[6.606822968,35.800182343],[6.601385117,35.799259186],[6.594665051,35.794509888],[6.567645073,35.79536438],[6.565903187,35.793704987],[6.565363884,35.788948059],[6.558568954,35.788322449],[6.553600788,35.781845093],[6.544732094,35.78401947],[6.534745216,35.78150177],[6.531187057,35.778404236],[6.520374775,35.774452209],[6.5159688,35.775886536],[6.510840893,35.774337769],[6.50699091,35.770729065],[6.501352787,35.771362305],[6.477832794,35.757266998],[6.468401909,35.766830444],[6.462066174,35.777835846],[6.468929768,35.78155899],[6.472211838,35.785453796],[6.480904102,35.78711319],[6.484851837,35.792041779],[6.477169037,35.801937103],[6.467885971,35.801036835],[6.460072041,35.806995392],[6.475788116,35.815536499],[6.47557497,35.818458557],[6.481632233,35.825618744],[6.476384163,35.830371857],[6.476068974,35.833526611],[6.479424953,35.835933685],[6.478961945,35.842002869],[6.443082809,35.845901489],[6.419174194,35.845157623],[6.35538578,35.856273651],[6.352050781,35.861713409],[6.352996826,35.866989136],[6.351198196,35.871170044],[6.353937149,35.874835968],[6.35125494,35.879188538],[6.335074902,35.874721527],[6.32852602,35.874607086],[6.315765858,35.850883484],[6.308702946,35.846893311],[6.303883076,35.84910965],[6.297505856,35.843780518],[6.283899784,35.838752747],[6.280908108,35.833755493],[6.275081158,35.830547333],[6.234875202,35.850086212],[6.211201191,35.864467621],[6.204840183,35.863723755],[6.189508915,35.866558075],[6.19098711,35.869159698],[6.188613892,35.873748779],[6.180971146,35.878444672],[6.170670033,35.878959656],[6.154912949,35.889732361],[6.16638422,35.898498535],[6.16630888,35.930526733],[6.169693947,35.932590485],[6.185778141,35.930240631],[6.18918705,35.939807892],[6.189146996,35.946285248],[6.203586102,35.965076447],[6.282640934,35.971435547],[6.285789013,35.967395782],[6.295105934,35.961582184],[6.301403046,35.955280304],[6.313582897,35.952701569],[6.315777779,35.950637817],[6.312753201,35.96112442],[6.308810234,35.965076447],[6.30701685,35.980831146],[6.313222885,35.984153748],[6.319806099,35.984272003],[6.322383881,35.982608795],[6.331607819,35.982265472],[6.336535931,35.98008728],[6.337922096,35.976593018],[6.344059944,35.975158691],[6.351317883,35.981060028],[6.352269173,35.984786987],[6.356875896,35.98707962],[6.357350826,35.991264343],[6.367139816,35.997970581],[6.374001026,36.010848999],[6.405725956,36.033660889],[6.402970791,36.041507721],[6.401624203,36.06293869],[6.402545929,36.067691803],[6.41128397,36.076805115],[6.408092976,36.094104767],[6.405221939,36.096569061],[6.406004906,36.10144043],[6.401957035,36.108833313],[6.402311802,36.113418579],[6.40376091,36.118572235],[6.417935848,36.140514374],[6.436116219,36.142921448],[6.444376945,36.151233673],[6.45389986,36.155925751],[6.46306181,36.155872345],[6.468074799,36.154209137],[6.482182026,36.157936096],[6.484342098,36.159767151],[6.484386921,36.162002563],[6.480714798,36.165840149],[6.516192913,36.168762207],[6.521681786,36.167446136],[6.532516003,36.170310974],[6.527898788,36.166187286],[6.522328854,36.165840149],[6.521176815,36.163551331],[6.519401073,36.163433075],[6.513500214,36.153980255],[6.515992165,36.151229858],[6.522867203,36.149169922],[6.533800125,36.149280548],[6.530207157,36.142238617],[6.531713963,36.13633728],[6.5408988,36.129573822],[6.541052818,36.123844147],[6.542387962,36.121669769],[6.544398785,36.122123718],[6.546031952,36.120517731],[6.540617943,36.119377136],[6.541930199,36.115478516],[6.539655209,36.108142853],[6.54955101,36.111465454],[6.553405762,36.107398987],[6.553246021,36.105682373],[6.556827068,36.10333252],[6.563886166,36.102527618],[6.566710949,36.102985382],[6.567788124,36.107975006],[6.569379807,36.108085632],[6.56895113,36.105224609],[6.572709084,36.104652405],[6.571763992,36.102359772],[6.574341774,36.100635529],[6.574473858,36.098117828],[6.587119102,36.092273712],[6.585817814,36.104705811],[6.581980228,36.105106354],[6.579939842,36.109062195],[6.576221943,36.111068726],[6.564343929,36.112384796],[6.566875935,36.115821838],[6.567339897,36.119773865],[6.564973831,36.122982025],[6.566549778,36.124130249],[6.568864822,36.124187469],[6.575378895,36.11989212],[6.589604855,36.117195129],[6.596350193,36.106712341],[6.605917931,36.102527618],[6.610501766,36.103729248],[6.610787868,36.105106354],[6.619009972,36.105106354],[6.618917942,36.09903717],[6.634450912,36.106536865],[6.636903763,36.112327576],[6.640810966,36.116394043],[6.638204098,36.119316101],[6.63804388,36.125221252],[6.633144855,36.128139496],[6.632491112,36.137081146],[6.655529976,36.143726349],[6.6657691,36.142807007],[6.672627926,36.144580841],[6.694927216,36.143497467],[6.713067055,36.138282776],[6.7190938,36.142807007],[6.732100964,36.142978668],[6.735251904,36.144985199],[6.740585804,36.142063141],[6.745553017,36.14200592],[6.749426842,36.146533966],[6.751483917,36.155410767],[6.750349045,36.161655426],[6.751843929,36.165725708],[6.754261971,36.167446136],[6.754708767,36.171112061],[6.750676155,36.18624115],[6.746400833,36.18680954],[6.748985767,36.189792633],[6.761688232,36.197868347],[6.764907837,36.195407867],[6.765176773,36.191795349],[6.767887115,36.187900543],[6.78413105,36.190536499],[6.787613869,36.198440552],[6.794099808,36.192657471],[6.791419029,36.190933228]]]]},"properties":{"name":"Oum El Bouaghi","mapcolor":34,"cartodb_id":34}},{"type":"Feature","geometry":{"type":"MultiPolygon","coordinates":[[[[0.910652995,36.210418701],[0.914618015,36.205600739],[0.912365973,36.203998566],[0.912418008,36.201366425],[0.908309996,36.198154449],[0.913317978,36.19500351],[0.917621017,36.194374084],[0.918066978,36.180908203],[0.919112027,36.178291321],[0.922587991,36.176784515],[0.922152996,36.173400879],[0.924339533,36.173358917],[0.919763982,36.163776398],[0.919070005,36.153064728],[0.922531009,36.152088165],[0.928036988,36.156730652],[0.932569027,36.15776062],[0.936636984,36.155071259],[0.941644013,36.15524292],[0.944418013,36.153522491],[0.944773018,36.150543213],[0.943117023,36.151287079],[0.933709025,36.145271301],[0.939794004,36.140975952],[0.935543001,36.127796173],[0.939128995,36.129512787],[0.943031013,36.135818481],[0.946027994,36.130889893],[0.946796,36.123779297],[0.936556995,36.117652893],[0.930787027,36.10848999],[0.92711997,36.107170105],[0.917626023,36.096111298],[0.910659015,36.092155457],[0.90626502,36.085968018],[0.907239974,36.084999084],[0.919947028,36.09318924],[0.926775992,36.093822479],[0.930528998,36.092155457],[0.927079976,36.08889389],[0.929377973,36.077548981],[0.924925983,36.068721771],[0.92938298,36.068264008],[0.930317998,36.070327759],[0.937124014,36.059555054],[0.943295002,36.059387207],[0.94354701,36.062820435],[0.946382999,36.06539917],[0.956162989,36.046951294],[0.956036985,36.043170929],[0.951213002,36.044658661],[0.954135001,36.037727356],[0.955417991,36.03824234],[0.954342008,36.029880524],[0.957183003,36.021396637],[0.951539993,36.020938873],[0.958799005,36.017555237],[0.955908,36.014965057],[0.978479981,36.017044067],[0.985521972,36.014808655],[0.991469026,36.018188477],[1.004538059,36.021057129],[1.008198977,36.024318695],[1.005409002,36.025924683],[1.001569986,36.032569885],[1.010702968,36.037441254],[1.019263029,36.038700104],[1.018455029,36.041683197],[1.028120995,36.039791107],[1.040341973,36.040939331],[1.023852944,36.031421661],[1.030681968,36.025753021],[1.040526032,36.022659302],[1.052139997,36.029933929],[1.055891991,36.02374649],[1.054648995,36.020195007],[1.056928992,36.016986847],[1.060224056,36.016010284],[1.068457007,36.002605438],[1.078129053,35.995388031],[1.080523968,35.988109589],[1.07822597,35.984329224],[1.085129976,35.986274719],[1.088521957,35.983181],[1.098687053,35.981575012],[1.102990031,35.978427887],[1.108564973,35.979915619],[1.111385942,35.970966339],[1.117187023,35.969715118],[1.124063015,35.970981598],[1.136363983,35.965133667],[1.143365979,35.960033417],[1.152956963,35.946399689],[1.182819963,35.944450378],[1.192193985,35.945308685],[1.192101955,35.948059082],[1.197121024,35.9516716],[1.20459795,35.9516716],[1.213829041,35.95514679],[1.213421941,35.957515717],[1.215523958,35.961235046],[1.226834059,35.958942413],[1.235496998,35.962783813],[1.238620043,35.960437775],[1.248147964,35.961868286],[1.262580991,35.966907501],[1.269554019,35.964328766],[1.280675054,35.970977783],[1.284868956,35.976707458],[1.288141012,35.978309631],[1.294134021,35.975563049],[1.295760989,35.97063446],[1.300035,35.970920563],[1.301617026,35.963928223],[1.299394011,35.956596375],[1.303359032,35.941814423],[1.309105992,35.940784454],[1.312886953,35.9320755],[1.319057941,35.931560516],[1.324151039,35.928119659],[1.332201958,35.926063538],[1.343191028,35.911102295],[1.343585968,35.905715942],[1.340463042,35.901420593],[1.344365001,35.892997742],[1.352524042,35.88961792],[1.363237977,35.879878998],[1.370022058,35.870536804],[1.374194026,35.867847443],[1.374794006,35.865207672],[1.369667053,35.859939575],[1.384976983,35.852718353],[1.392025232,35.851062775],[1.389508963,35.845729828],[1.378873944,35.843669891],[1.386505961,35.842578888],[1.393363953,35.845443726],[1.394373059,35.84343338],[1.392246962,35.840515137],[1.394796968,35.838226318],[1.392928958,35.835132599],[1.399953008,35.834499359],[1.400640965,35.835819244],[1.399003029,35.837593079],[1.40229702,35.83782196],[1.410421014,35.828022003],[1.418660998,35.832893372],[1.419497013,35.830600739],[1.428424001,35.826133728],[1.428624988,35.824645996],[1.424664974,35.820289612],[1.413040042,35.816051483],[1.409625053,35.810379028],[1.401128054,35.804706573],[1.40091598,35.800354004],[1.398229003,35.79599762],[1.393468022,35.792671204],[1.389698029,35.785968781],[1.386127949,35.784366608],[1.386059999,35.779148102],[1.37560904,35.773246765],[1.346192956,35.776515961],[1.341987014,35.778690338],[1.333163977,35.79536438],[1.332905054,35.800769806],[1.334717035,35.802585602],[1.334035039,35.806938171],[1.326081991,35.813301086],[1.316537023,35.807682037],[1.307788014,35.805965424],[1.306074977,35.80424881],[1.305971026,35.800865173],[1.304011941,35.799549103],[1.298797965,35.807571411],[1.291612983,35.805679321],[1.287031054,35.79990387],[1.289240956,35.798057556],[1.288954973,35.794506073],[1.284255981,35.790554047],[1.278859019,35.792156219],[1.277179956,35.788032532],[1.279289007,35.782012939],[1.288764954,35.777778625],[1.273283958,35.763969421],[1.277999997,35.759212494],[1.276751041,35.756977081],[1.278308988,35.752796173],[1.275874019,35.73600769],[1.283311009,35.733371735],[1.288890958,35.728614807],[1.287819982,35.726726532],[1.28371799,35.726207733],[1.280331016,35.722370148],[1.276280999,35.722431183],[1.279713035,35.72013855],[1.281288028,35.716468811],[1.277215004,35.710910797],[1.280182004,35.709190369],[1.277209044,35.702030182],[1.272997975,35.702323914],[1.271456003,35.698020935],[1.269245028,35.697677612],[1.258913994,35.688796997],[1.25810802,35.686386108],[1.248286009,35.686389923],[1.238281965,35.682434082],[1.236883998,35.683414459],[1.228271961,35.682151794],[1.221179008,35.675331116],[1.22013104,35.662784576],[1.189322948,35.663986206],[1.18680203,35.660434723],[1.183387041,35.659114838],[1.183352947,35.657398224],[1.178030014,35.65504837],[1.177440047,35.654186249],[1.181174994,35.653560638],[1.181766033,35.650238037],[1.175101995,35.6443367],[1.171630025,35.636600494],[1.162531018,35.625656128],[1.157878995,35.626628876],[1.145303011,35.623878479],[1.136312962,35.625484467],[1.129781008,35.622509003],[1.129111052,35.620845795],[1.124269009,35.620098114],[1.122205973,35.627891541],[1.12460196,35.631328583],[1.123782039,35.633621216],[1.121376038,35.632019043],[1.119117975,35.633506775],[1.117640018,35.632301331],[1.113469005,35.63293457],[1.112465978,35.628978729],[1.108999968,35.626976013],[1.101649046,35.627258301],[1.096680999,35.629322052],[1.087731957,35.625255585],[1.064687014,35.633335114],[1.063524008,35.623306274],[1.064733028,35.619869232],[1.064371943,35.605373383],[1.057090044,35.597866058],[1.05332005,35.596317291],[1.036991,35.599819183],[1.033128977,35.597866058],[1.029221058,35.599815369],[1.029760003,35.602279663],[1.024145007,35.60313797],[1.018535972,35.601993561],[1.018049002,35.599643707],[1.014083028,35.599285126],[1.016049027,35.592510223],[1.015084028,35.58020401],[1.017621994,35.574367523],[1.013409972,35.56829834],[0.987052977,35.572761536],[0.966973007,35.568500519],[0.962661982,35.56496048],[0.958449006,35.56584549],[0.953944981,35.56212616],[0.953397989,35.558685303],[0.956021011,35.55582428],[0.95075202,35.548427582],[0.954851985,35.543193817],[0.953593016,35.541027069],[0.938812017,35.53843689],[0.925049007,35.54101181],[0.921160996,35.535820007],[0.923602998,35.532035828],[0.928026974,35.53055191],[0.927384019,35.526985168],[0.92128998,35.527877808],[0.908729017,35.525783539],[0.912221014,35.519195557],[0.910175025,35.515151978],[0.911518991,35.513103485],[0.900820971,35.504451752],[0.899451017,35.496440887],[0.89250797,35.480628967],[0.88391602,35.476642609],[0.882871985,35.473175049],[0.879701972,35.470443726],[0.880653024,35.467975616],[0.87835598,35.467746735],[0.877512991,35.46591568],[0.87786299,35.459957123],[0.874532998,35.458759308],[0.875422001,35.453140259],[0.869750023,35.448955536],[0.862444997,35.452453613],[0.858583987,35.450172424],[0.85068202,35.449874878],[0.852733016,35.455200195],[0.849524975,35.456867218],[0.84492898,35.45141983],[0.841463029,35.453540802],[0.839532018,35.457092285],[0.836501002,35.455429077],[0.83475101,35.452049255],[0.835732996,35.448326111],[0.833688021,35.448326111],[0.832129002,35.44500351],[0.829762995,35.444374084],[0.814534009,35.448669434],[0.814155996,35.45010376],[0.810220003,35.448497772],[0.805498004,35.450389862],[0.790085971,35.45016098],[0.76680702,35.455257416],[0.758876979,35.461788177],[0.754779994,35.459327698],[0.754424989,35.46282196],[0.751754999,35.465110779],[0.747932971,35.462421417],[0.742393017,35.461677551],[0.74099499,35.457778931],[0.73743099,35.458526611],[0.734709978,35.456691742],[0.733352005,35.462589264],[0.730991006,35.464881897],[0.728608012,35.463737488],[0.72498101,35.466201782],[0.730463982,35.471416473],[0.720476985,35.482303619],[0.703981996,35.48052597],[0.697019994,35.486255646],[0.688970029,35.482589722],[0.690832973,35.480869293],[0.68888402,35.479091644],[0.678673983,35.476345062],[0.675494015,35.474052429],[0.668797016,35.474910736],[0.659062028,35.482303619],[0.650897026,35.485797882],[0.646835029,35.481098175],[0.638848007,35.478466034],[0.62845403,35.493648529],[0.625773013,35.500751495],[0.607266009,35.50888443],[0.601324975,35.509689331],[0.594931006,35.513755798],[0.590306997,35.509975433],[0.585609019,35.512496948],[0.573226988,35.512435913],[0.563108981,35.514274597],[0.551425993,35.520404816],[0.542613983,35.515190125],[0.539462984,35.511638641],[0.527773976,35.509918213],[0.505219996,35.511505127],[0.500042975,35.518859863],[0.499332994,35.525447845],[0.493402988,35.533409119],[0.486126006,35.538162231],[0.480448008,35.550369263],[0.460274011,35.561828613],[0.450356007,35.562057495],[0.447685987,35.563430786],[0.445165008,35.568759918],[0.447387993,35.573635101],[0.443520993,35.580966949],[0.435642987,35.568817139],[0.424917012,35.561771393],[0.42040199,35.566642761],[0.414030999,35.565093994],[0.403041005,35.556903839],[0.400795013,35.560970306],[0.403075993,35.566070557],[0.397219986,35.573001862],[0.395094007,35.573059082],[0.396836013,35.57718277],[0.391943008,35.574489594],[0.390882999,35.576267242],[0.383783996,35.576782227],[0.379016995,35.570365906],[0.379200995,35.563373566],[0.366477013,35.557701111],[0.36175999,35.561256409],[0.355733991,35.561714172],[0.354941994,35.557876587],[0.34582001,35.551689148],[0.342990011,35.553520203],[0.333393008,35.554149628],[0.328494012,35.557933807],[0.322375,35.555984497],[0.315568,35.557361603],[0.310187995,35.569046021],[0.311785996,35.577354431],[0.304560989,35.577011108],[0.288650006,35.579647064],[0.287945986,35.583999634],[0.292614996,35.588012695],[0.288987994,35.59173584],[0.292140007,35.600730896],[0.297639996,35.606403351],[0.299822986,35.618896484],[0.296070009,35.621704102],[0.296512008,35.623725891],[0.291871011,35.625026703],[0.287860006,35.635681152],[0.285257995,35.637001038],[0.284862995,35.635513306],[0.28135699,35.636314392],[0.271874011,35.645652771],[0.273162991,35.648517609],[0.270702988,35.651950836],[0.272103012,35.65562439],[0.263538003,35.657627106],[0.253327996,35.664272308],[0.257268995,35.668567657],[0.257160991,35.671203613],[0.262627006,35.676250458],[0.260782003,35.686847687],[0.257629991,35.68719101],[0.255997986,35.691146851],[0.253791988,35.691200256],[0.255499005,35.69739151],[0.245828003,35.698883057],[0.244755998,35.697906494],[0.244699001,35.699108124],[0.241943002,35.698822021],[0.241650999,35.702205658],[0.228220999,35.704208374],[0.240648001,35.718074799],[0.239770994,35.722946167],[0.243414998,35.728099823],[0.25078401,35.733776093],[0.246028006,35.738239288],[0.263038993,35.742599487],[0.269484997,35.740818024],[0.287016988,35.739906311],[0.28886199,35.744316101],[0.287595004,35.747238159],[0.285075009,35.748096466],[0.283573985,35.75170517],[0.270722985,35.759098053],[0.283288002,35.758125305],[0.288668007,35.761047363],[0.302664995,35.773597717],[0.30319801,35.776687622],[0.311334014,35.781959534],[0.310061991,35.785396576],[0.319023013,35.782989502],[0.336252004,35.791412354],[0.335088998,35.799034119],[0.336297005,35.801670074],[0.345872015,35.802127838],[0.351063013,35.806652069],[0.359822989,35.80676651],[0.369920999,35.798927307],[0.380645007,35.793476105],[0.393011987,35.792541504],[0.390985996,35.797199249],[0.393720001,35.797199249],[0.394807994,35.801780701],[0.401327997,35.802585602],[0.403728276,35.80078125],[0.409447014,35.804763794],[0.405470997,35.812839508],[0.405081004,35.815822601],[0.407395989,35.818283081],[0.410519004,35.819431305],[0.413212001,35.814102173],[0.41960001,35.820522308],[0.422217995,35.819026947],[0.430388987,35.832782745],[0.437958002,35.841373444],[0.445663989,35.842235565],[0.451525003,35.849452972],[0.455736011,35.848766327],[0.456440985,35.851398468],[0.454131991,35.851287842],[0.453485012,35.853408813],[0.461454004,35.861713409],[0.463840991,35.872554779],[0.458279997,35.87437439],[0.444494992,35.883945465],[0.452785999,35.888011932],[0.45907101,35.895748138],[0.47113201,35.903026581],[0.462343007,35.916030884],[0.466598988,35.920444489],[0.472140014,35.922622681],[0.457982004,35.925540924],[0.444673002,35.922046661],[0.44541201,35.920387268],[0.440037012,35.920959473],[0.439240992,35.928466797],[0.434846014,35.930469513],[0.433265001,35.933963776],[0.43431899,35.942501068],[0.436834008,35.944221497],[0.439498991,35.95293045],[0.437671006,35.953674316],[0.431367993,35.950809479],[0.424768001,35.950580597],[0.426808,35.953102112],[0.43788299,35.961639404],[0.43926999,35.960895538],[0.442185998,35.965362549],[0.459964991,35.979686737],[0.462101996,35.987422943],[0.465431005,35.990859985],[0.46855399,35.989486694],[0.468840003,35.983181],[0.471870989,35.980831146],[0.473784,35.981864929],[0.472191989,35.987422943],[0.475445986,35.989597321],[0.477474004,35.987651825],[0.479222,35.988452911],[0.482654005,35.983123779],[0.496107012,35.98072052],[0.496966004,35.978996277],[0.495258987,35.974472046],[0.498001009,35.972305298],[0.508786023,35.979343414],[0.514952004,35.980434418],[0.516819,35.984272003],[0.520541012,35.985874176],[0.522767007,35.977855682],[0.514660001,35.972698212],[0.516744971,35.971206665],[0.519948006,35.972183228],[0.523322999,35.96862793],[0.537432015,35.978366852],[0.536592007,35.984382629],[0.544883013,35.98507309],[0.549438,35.992294312],[0.554520011,35.987651825],[0.561646998,35.987422943],[0.561326981,35.982952118],[0.563344002,35.981521606],[0.563802004,35.983695984],[0.567560017,35.985759735],[0.577082992,35.985473633],[0.580646992,35.983638763],[0.585476995,35.987365723],[0.591836989,35.988796234],[0.598179996,35.99458313],[0.608434975,35.997451782],[0.615338981,35.997390747],[0.621527016,36.002204895],[0.627807021,36.004550934],[0.632815003,36.003807068],[0.637659013,36.00012207],[0.638320982,35.996074677],[0.639729977,35.995388031],[0.650811017,35.996589661],[0.651750982,36.003234863],[0.650673985,36.003635406],[0.654034019,36.005638123],[0.654781997,36.008277893],[0.653567016,36.008907318],[0.653854012,36.012863159],[0.65110898,36.015895844],[0.651773989,36.018535614],[0.649475992,36.024490356],[0.645723999,36.024032593],[0.646880984,36.027126312],[0.645156026,36.02936554],[0.642583013,36.0287323],[0.637208998,36.031368256],[0.633324981,36.030220032],[0.637381017,36.037498474],[0.638755977,36.045345306],[0.648720026,36.04454422],[0.652208984,36.045749664],[0.655583978,36.051593781],[0.65961802,36.053195953],[0.663290024,36.057495117],[0.650278986,36.062709808],[0.643666983,36.063625336],[0.636029005,36.062133789],[0.632202029,36.063396454],[0.635055006,36.066604614],[0.632086992,36.06603241],[0.629410982,36.073707581],[0.623836994,36.078807831],[0.61559701,36.081958771],[0.615036011,36.087173462],[0.618008971,36.08814621],[0.620462,36.092445374],[0.617808998,36.09262085],[0.619005978,36.095024109],[0.616748989,36.1002388],[0.610767007,36.102527618],[0.611283004,36.10464859],[0.607635021,36.107803345],[0.601226985,36.109401703],[0.609328985,36.11100769],[0.607330024,36.113471985],[0.604866028,36.113529205],[0.604797006,36.118286133],[0.609179974,36.123786926],[0.610967994,36.123626709],[0.611259997,36.12556076],[0.613866985,36.126651764],[0.614760995,36.128997803],[0.61115098,36.131118774],[0.612280011,36.134674072],[0.62085098,36.141605377],[0.621487021,36.145271301],[0.63856101,36.145328522],[0.640847027,36.149398804],[0.656082988,36.14956665],[0.659326017,36.15140152],[0.662092984,36.156154633],[0.659973025,36.157016754],[0.660763979,36.15845108],[0.659130991,36.159481049],[0.661423028,36.163032532],[0.660224974,36.165672302],[0.662172973,36.167560577],[0.659308016,36.168418884],[0.660723984,36.170597076],[0.659193993,36.173690796],[0.674296975,36.180511475],[0.675122023,36.186466217],[0.691371024,36.188644409],[0.690379977,36.194774628],[0.694962978,36.201480865],[0.694796979,36.205776215],[0.700882018,36.207378387],[0.704011023,36.205551147],[0.703031003,36.201824188],[0.705277026,36.200046539],[0.712375998,36.201705933],[0.718322992,36.201248169],[0.728550017,36.196090698],[0.733569026,36.200504303],[0.740181029,36.196437836],[0.755903006,36.198154449],[0.765563011,36.19185257],[0.772696972,36.192085266],[0.778780997,36.195636749],[0.784253001,36.194202423],[0.786813974,36.196380615],[0.788309991,36.19511795],[0.792147994,36.19575119],[0.793146014,36.193916321],[0.794520974,36.19511795],[0.79350698,36.199302673],[0.797420025,36.201190948],[0.808311999,36.20205307],[0.809680998,36.206062317],[0.814481974,36.206466675],[0.819799006,36.212940216],[0.82357502,36.211906433],[0.830124021,36.216201782],[0.836408973,36.215343475],[0.836501002,36.217350006],[0.840839028,36.219356537],[0.84049499,36.221244812],[0.84484899,36.225486755],[0.842013001,36.213050842],[0.844608009,36.209617615],[0.848293006,36.210132599],[0.859224975,36.218784332],[0.871360004,36.223823547],[0.89122498,36.227775574],[0.896758974,36.225486755],[0.90270102,36.216491699],[0.910652995,36.210418701]]]]},"properties":{"name":"Relizane","mapcolor":35,"cartodb_id":35}},{"type":"Feature","geometry":{"type":"MultiPolygon","coordinates":[[[[-0.096505247,35.168029785],[-0.096130997,35.162765503],[-0.090962999,35.158809662],[-0.086505003,35.148094177],[-0.086001001,35.145515442],[-0.088505,35.141048431],[-0.085932001,35.137611389],[-0.087141,35.136291504],[-0.085634001,35.135032654],[-0.08619,35.130680084],[-0.083961003,35.12752533],[-0.084717996,35.120422363],[-0.087261997,35.117500305],[-0.079972997,35.109134674],[-0.083148003,35.097045898],[-0.078786999,35.091487885],[-0.066068001,35.094181061],[-0.026958,35.09223175],[-0.019492,35.088508606],[-0.009666,35.087650299],[-0.004188001,35.084266663],[0.004171,35.089481354],[0.013058,35.091030121],[0.018626999,35.093780518],[0.039843,35.09658432],[0.043166999,35.100196838],[0.048753001,35.092922211],[0.056253001,35.087589264],[0.057766002,35.083408356],[0.066496998,35.079109192],[0.092056997,35.079113007],[0.097987004,35.081634521],[0.101698004,35.071529388],[0.105184004,35.067138672],[0.120407,35.072235107],[0.126274005,35.067138672],[0.144718006,35.064041138],[0.156200007,35.071434021],[0.163247004,35.056938171],[0.177061006,35.053100586],[0.166409999,35.036312103],[0.180458993,35.032413483],[0.187035993,35.023994446],[0.193982005,35.021701813],[0.200111002,35.013793945],[0.208883002,35.014881134],[0.213404,35.01115799],[0.225412995,35.011959076],[0.233680993,35.024562836],[0.249025002,35.032989502],[0.253946006,35.02960968],[0.265049994,35.033447266],[0.273238003,35.040435791],[0.279913008,35.042560577],[0.275043011,35.047485352],[0.288608998,35.058376312],[0.296489,35.056423187],[0.323406011,35.069774628],[0.331427008,35.076190948],[0.34671399,35.057910919],[0.353027999,35.054187775],[0.354184985,35.05040741],[0.368429005,35.041927338],[0.381366014,35.047771454],[0.382964998,35.052639008],[0.388235986,35.051319122],[0.388821006,35.053272247],[0.40308699,35.046627045],[0.405802995,35.041870117],[0.415663004,35.037654877],[0.440582007,35.04662323],[0.440277994,35.053329468],[0.457798988,35.058200836],[0.457621008,35.070632935],[0.473073989,35.071147919],[0.483794004,35.080657959],[0.487756014,35.097229004],[0.509055972,35.096355438],[0.530071974,35.102947235],[0.586364985,35.10987854],[0.613866985,35.1067276],[0.619355977,35.109882355],[0.628036022,35.110336304],[0.633049011,35.114349365],[0.644698024,35.112686157],[0.644502997,35.106842041],[0.649097979,35.097335815],[0.657222986,35.094696045],[0.652570009,35.090114594],[0.654742002,35.088279724],[0.653567016,35.087417603],[0.655595005,35.082550049],[0.654483974,35.079681396],[0.657480001,35.078937531],[0.657119989,35.075042725],[0.664813995,35.067821503],[0.696298003,35.063526154],[0.712180972,35.056079865],[0.713572979,35.051895142],[0.723657012,35.050922394],[0.723818004,35.046279907],[0.741985977,35.034362793],[0.74891901,35.016319275],[0.760842025,35.001361847],[0.770519018,34.991905212],[0.776988029,34.98841095],[0.788751006,34.972084045],[0.788167,34.964920044],[0.799796999,34.95684433],[0.796939015,34.954723358],[0.795861006,34.951629639],[0.789152026,34.950653076],[0.779519975,34.943721771],[0.725386977,34.89994812],[0.67473799,34.878231049],[0.651463985,34.865394592],[0.653957009,34.85949707],[0.668326974,34.845058441],[0.678044021,34.829704285],[0.676675022,34.828044891],[0.677248001,34.822658539],[0.669993997,34.820362091],[0.668183029,34.815727234],[0.663209975,34.811653137],[0.668457985,34.80128479],[0.667896986,34.792804718],[0.663381994,34.7866745],[0.660539985,34.763183594],[0.666499019,34.74312973],[0.674371004,34.73797226],[0.678164005,34.724506378],[0.693983972,34.711101532],[0.743148983,34.644523621],[0.792910993,34.662628174],[0.795442998,34.651798248],[0.794342995,34.643035889],[0.804776013,34.627506256],[0.814481974,34.616847992],[0.803075016,34.614788055],[0.779130995,34.595993042],[0.794182003,34.575424194],[0.869377971,34.551990509],[0.934391022,34.528556824],[0.857424974,34.415061951],[0.761318028,34.429893494],[0.746901989,34.430809021],[0.728767991,34.441467285],[0.723227024,34.442840576],[0.719011009,34.439174652],[0.713459015,34.437572479],[0.690430999,34.421070099],[0.67068702,34.411617279],[0.663083971,34.402908325],[0.635966003,34.382392883],[0.61382103,34.372196198],[0.61084199,34.372085571],[0.601714015,34.366409302],[0.602683008,34.364749908],[0.598437011,34.363601685],[0.589259028,34.356555939],[0.582422972,34.355522156],[0.58089298,34.348991394],[0.572624981,34.349506378],[0.570780993,34.347213745],[0.553620994,34.338394165],[0.543048978,34.336502075],[0.523804009,34.328022003],[0.516005993,34.320346832],[0.509360015,34.31937027],[0.504323006,34.337360382],[0.499774009,34.344009399],[0.426189005,34.408237457],[0.424149007,34.404338837],[0.292001992,34.328708649],[0.189941004,34.337589264],[0.182418004,34.352085114],[0.176499993,34.358448029],[0.154229,34.375179291],[0.134542003,34.387664795],[0.119404003,34.403018951],[0.090395004,34.419353485],[0.084930003,34.421413422],[0.082901001,34.413276672],[0.018358,34.431442261],[0.006984,34.439517975],[-0.011482,34.441806793],[-0.019502999,34.447883606],[-0.016100001,34.460262299],[-0.020671999,34.465934753],[-0.035436999,34.467594147],[-0.046730001,34.476589203],[-0.053978,34.478481293],[-0.058224,34.486160278],[-0.063547,34.489597321],[-0.065168001,34.497444153],[-0.069700003,34.496986389],[-0.076844998,34.504089355],[-0.090962999,34.5052948],[-0.098439999,34.496643066],[-0.108014002,34.495269775],[-0.159288004,34.478363037],[-0.173005,34.471889496],[-0.182768002,34.461578369],[-0.193156004,34.455162048],[-0.195883006,34.459857941],[-0.196639001,34.477104187],[-0.200644001,34.482261658],[-0.200908005,34.505237579],[-0.203985006,34.511196136],[-0.202614993,34.513889313],[-0.203428999,34.520706177],[-0.202002004,34.531303406],[-0.200626999,34.532798767],[-0.201423004,34.539157867],[-0.206557006,34.542079926],[-0.208103999,34.545116425],[-0.214871004,34.546947479],[-0.218926996,34.556629181],[-0.232127994,34.561729431],[-0.248302996,34.58121109],[-0.249741003,34.594963074],[-0.245375007,34.595363617],[-0.237588003,34.607112885],[-0.241536006,34.63243103],[-0.237376004,34.640110016],[-0.215816006,34.628822327],[-0.204958007,34.627105713],[-0.200025007,34.624526978],[-0.186991006,34.614330292],[-0.163310006,34.600288391],[-0.133074999,34.591640472],[-0.126416996,34.59444809],[-0.119300999,34.593009949],[-0.118809,34.573474884],[-0.110564001,34.547805786],[-0.105493002,34.540073395],[-0.102302,34.541160583],[-0.099374004,34.535144806],[-0.099614002,34.523685455],[-0.087582,34.520133972],[-0.058906,34.550384521],[-0.033094,34.572101593],[-0.036054,34.58555603],[-0.053125001,34.609630585],[-0.048558,34.615642548],[-0.050535001,34.619888306],[-0.066669002,34.63501358],[-0.085427999,34.661884308],[-0.091215,34.680561066],[-0.102793999,34.695228577],[-0.106266998,34.697639465],[-0.114225,34.698097229],[-0.129109994,34.703250885],[-0.138735995,34.712703705],[-0.152062997,34.730297089],[-0.161533996,34.736656189],[-0.179765001,34.744503021],[-0.193939999,34.744220734],[-0.198403999,34.747200012],[-0.203273997,34.747425079],[-0.207881004,34.753498077],[-0.198323995,34.768741608],[-0.207123995,34.774356842],[-0.217902005,34.790168762],[-0.230288997,34.790397644],[-0.236053005,34.792575836],[-0.245958999,34.7930336],[-0.25603801,34.787590027],[-0.271387011,34.793552399],[-0.276262999,34.797389984],[-0.287923008,34.791545868],[-0.301432997,34.795436859],[-0.29995501,34.800827026],[-0.301025987,34.804550171],[-0.300137997,34.819965363],[-0.285299003,34.836921692],[-0.283288002,34.841964722],[-0.290639013,34.847923279],[-0.309574991,34.854167938],[-0.318313003,34.851016998],[-0.329647005,34.853881836],[-0.335633993,34.859039307],[-0.341100007,34.867404938],[-0.338687986,34.871070862],[-0.342445999,34.871242523],[-0.342806995,34.873764038],[-0.346623003,34.876167297],[-0.34731701,34.883216858],[-0.332729012,34.889980316],[-0.320134997,34.889751434],[-0.317671001,34.893531799],[-0.308611989,34.895423889],[-0.308820009,34.900291443],[-0.298500001,34.900463104],[-0.29234001,34.908027649],[-0.292598009,34.912952423],[-0.296626002,34.917823792],[-0.302246988,34.915016174],[-0.313661009,34.92269516],[-0.311975002,34.924125671],[-0.313246995,34.929454803],[-0.309076995,34.931632996],[-0.307844996,34.935302734],[-0.311535001,34.936504364],[-0.315448999,34.934841156],[-0.310835004,34.942520142],[-0.307740986,34.941085815],[-0.304939985,34.943378448],[-0.300617009,34.943077087],[-0.297313005,34.948135376],[-0.303460985,34.955524445],[-0.305855989,34.952548981],[-0.310961008,34.951457977],[-0.308997005,34.956954956],[-0.313769996,34.954322815],[-0.310658991,34.959594727],[-0.319568008,34.955638885],[-0.308308989,34.964576721],[-0.314714998,34.967960358],[-0.312593997,34.969734192],[-0.309774995,34.982055664],[-0.31259501,34.988868713],[-0.309421003,34.987609863],[-0.294993013,34.988067627],[-0.286352992,34.990703583],[-0.286823004,34.992652893],[-0.291359991,34.993686676],[-0.289687991,34.996780396],[-0.286312997,34.994998932],[-0.242366999,34.993858337],[-0.229600996,34.994659424],[-0.229842007,34.997634888],[-0.227206007,34.997634888],[-0.228501007,35.000789642],[-0.232889995,35.002334595],[-0.236935005,35.00875473],[-0.231153995,35.019176483],[-0.222582996,35.025653839],[-0.219913006,35.030067444],[-0.223327994,35.03144455],[-0.224318996,35.034191132],[-0.228284001,35.037117004],[-0.242727995,35.042499542],[-0.240458995,35.05355835],[-0.243535995,35.056995392],[-0.244240001,35.060317993],[-0.249505997,35.063072205],[-0.251419991,35.065818787],[-0.250193,35.069084167],[-0.250708997,35.078937531],[-0.244504005,35.07762146],[-0.241462007,35.08587265],[-0.237290993,35.090572357],[-0.235474005,35.102771759],[-0.229945004,35.101459503],[-0.226781994,35.096817017],[-0.216985002,35.096302032],[-0.218548998,35.101688385],[-0.213901997,35.098361969],[-0.209501997,35.097564697],[-0.209977999,35.10667038],[-0.200345993,35.108219147],[-0.200048,35.113201141],[-0.189671993,35.117786407],[-0.186949998,35.120708466],[-0.168764994,35.118701935],[-0.137898996,35.121795654],[-0.12703,35.119503021],[-0.119306996,35.131710052],[-0.111074001,35.165115356],[-0.110352002,35.166259766],[-0.105705,35.165859222],[-0.103316002,35.167919159],[-0.096505247,35.168029785]]]]},"properties":{"name":"Saïda","mapcolor":37,"cartodb_id":37}},{"type":"Feature","geometry":{"type":"MultiPolygon","coordinates":[[[[5.473694801,36.59595871],[5.487870216,36.591091156],[5.499690056,36.595615387],[5.507087231,36.595016479],[5.509613991,36.5884552],[5.508387089,36.585475922],[5.509263992,36.583011627],[5.511767864,36.579284668],[5.518539906,36.575050354],[5.513251781,36.568286896],[5.516614914,36.56444931],[5.516133785,36.561584473],[5.520166874,36.557514191],[5.513382912,36.552986145],[5.514844894,36.549781799],[5.518046856,36.547832489],[5.509305,36.536888123],[5.515579224,36.52835083],[5.523571014,36.522792816],[5.541488171,36.522449493],[5.552630901,36.520042419],[5.562486172,36.521762848],[5.570393085,36.518611908],[5.572502136,36.519760132],[5.573647022,36.528980255],[5.575252056,36.527030945],[5.5779562,36.528579712],[5.580986977,36.526573181],[5.582304955,36.527435303],[5.582132816,36.530414581],[5.590652943,36.531848907],[5.588499069,36.533737183],[5.591742039,36.534656525],[5.590515137,36.542560577],[5.608586788,36.542102814],[5.616465092,36.549491882],[5.619414806,36.554420471],[5.621162891,36.554191589],[5.623270988,36.547775269],[5.644074917,36.544792175],[5.643713951,36.533504486],[5.650762081,36.531787872],[5.651557922,36.527835846],[5.655035973,36.525829315],[5.660909176,36.528751373],[5.667657852,36.529666901],[5.678205967,36.526691437],[5.702638149,36.535400391],[5.716102123,36.544452667],[5.730151176,36.548519135],[5.738166809,36.557228088],[5.744934082,36.552883148],[5.750840187,36.539813995],[5.763697147,36.528755188],[5.760397911,36.496837616],[5.7663908,36.49420166],[5.762940884,36.489162445],[5.766901016,36.488872528],[5.763429165,36.483718872],[5.758609772,36.483661652],[5.75230217,36.479763031],[5.754272938,36.476554871],[5.74873209,36.47454834],[5.749666214,36.468418121],[5.747642994,36.464580536],[5.757108212,36.451686859],[5.754397869,36.449684143],[5.75828886,36.442977905],[5.765531063,36.443492889],[5.767433167,36.436103821],[5.775551796,36.431121826],[5.768012047,36.429344177],[5.768424034,36.424987793],[5.787446976,36.422351837],[5.797392845,36.416568756],[5.812421799,36.411182404],[5.812755108,36.400009155],[5.814529896,36.398921967],[5.815034866,36.395423889],[5.814025879,36.392044067],[5.817383766,36.386943817],[5.808142185,36.38098526],[5.807757854,36.377147675],[5.810936928,36.378295898],[5.816129208,36.373767853],[5.804767132,36.359214783],[5.837115765,36.339561462],[5.866853237,36.342082977],[5.870778084,36.340877533],[5.86783886,36.337673187],[5.864925861,36.327812195],[5.866778851,36.326152802],[5.868268013,36.319969177],[5.873561859,36.314178467],[5.867293835,36.314525604],[5.862217903,36.307933807],[5.860711098,36.30386734],[5.864189148,36.29567337],[5.875,36.295791626],[5.879732132,36.289085388],[5.886929035,36.284042358],[5.886373997,36.281978607],[5.889249802,36.27911377],[5.886356831,36.274131775],[5.891777039,36.268112183],[5.895493984,36.266338348],[5.895116806,36.263183594],[5.892664909,36.260780334],[5.89384985,36.260379791],[5.893392086,36.256713867],[5.897133827,36.251842499],[5.909418106,36.248348236],[5.911193848,36.24376297],[5.916842937,36.240440369],[5.923031807,36.239467621],[5.929184914,36.241474152],[5.933218956,36.238666534],[5.93892622,36.234367371],[5.93930912,36.228866577],[5.943072796,36.220962524],[5.949501991,36.222450256],[5.950154781,36.217521667],[5.944559097,36.217121124],[5.947095871,36.213565826],[5.951123238,36.213279724],[5.960205078,36.208526611],[5.964770794,36.201118469],[5.951353073,36.205375671],[5.946149826,36.199817657],[5.946413994,36.194660187],[5.938936234,36.192424774],[5.936244011,36.193115234],[5.922923088,36.188644409],[5.922073841,36.186004639],[5.917255878,36.182228088],[5.917199135,36.171585083],[5.915878773,36.170360565],[5.919280052,36.162879944],[5.917517185,36.158782959],[5.919542789,36.154636383],[5.917531013,36.145927429],[5.921383858,36.145679474],[5.921875954,36.140556335],[5.916488171,36.109817505],[5.931674004,36.107376099],[5.944867134,36.107898712],[5.965095997,36.104553223],[5.97537899,36.101665497],[5.984426975,36.096862793],[5.994054794,36.09513855],[5.997581005,36.092006683],[5.989985943,36.085086823],[5.989333153,36.081596375],[5.995760918,36.072406769],[5.995101929,36.070011139],[6.000831127,36.063762665],[5.999932766,36.059509277],[5.994548798,36.05506897],[5.994640827,36.052387238],[5.997783184,36.049900055],[6.000130177,36.043239594],[6.003192902,36.042778015],[6.004596233,36.03937149],[6.003994942,36.034175873],[6.002194881,36.034706116],[5.999383926,36.029785156],[6.007649899,36.010856628],[5.995839119,36.004859924],[5.995291233,36.001533508],[5.989934921,35.996017456],[5.9815588,35.993782043],[5.973743916,35.988452911],[5.983386993,35.980831146],[5.993217945,35.978313446],[5.990376949,35.977279663],[5.990005016,35.974819183],[5.995269775,35.969432831],[5.991211891,35.965766907],[5.99273777,35.959003448],[5.990784168,35.956768036],[6.012280941,35.951496124],[6.022278786,35.945365906],[6.027051926,35.939868927],[6.008905888,35.927265167],[6.001189232,35.920097351],[6.000163078,35.91677475],[5.996008873,35.914710999],[5.994054794,35.915973663],[5.984314919,35.909786224],[5.968638897,35.905891418],[5.967699051,35.891422272],[5.963961124,35.88886261],[5.948843002,35.87947464],[5.941732883,35.877071381],[5.934119225,35.877185822],[5.923404217,35.873748779],[5.92102623,35.871112823],[5.921689987,35.861427307],[5.927200794,35.860057831],[5.931001186,35.853694916],[5.93952322,35.850894928],[5.939755917,35.840286255],[5.937396049,35.835014343],[5.942673206,35.825389862],[5.941474915,35.825046539],[5.90485096,35.841430664],[5.894515038,35.844409943],[5.868491173,35.875061035],[5.862085819,35.885948181],[5.810440063,35.922447205],[5.752110004,35.911766052],[5.75785923,35.90732193],[5.753098011,35.899475098],[5.750312805,35.897583008],[5.726093769,35.891738892],[5.709639072,35.880908966],[5.71339798,35.877872467],[5.710120201,35.874893188],[5.702856064,35.874206543],[5.689057827,35.863376617],[5.685986996,35.864578247],[5.687069893,35.856327057],[5.681838989,35.853179932],[5.683465958,35.85111618],[5.683746815,35.839771271],[5.681433201,35.835876465],[5.682755947,35.834438324],[5.68149519,35.828140259],[5.686394215,35.823040009],[5.697235107,35.818798065],[5.702689171,35.822181702],[5.72261095,35.817195892],[5.727103233,35.822582245],[5.733256817,35.823669434],[5.735137939,35.818332672],[5.741650105,35.812267303],[5.743454933,35.804477692],[5.741718769,35.802928925],[5.7421031,35.798229218],[5.738018036,35.79227066],[5.732917786,35.791183472],[5.724244118,35.794620514],[5.723968983,35.790439606],[5.718182087,35.786655426],[5.723045826,35.771648407],[5.716732979,35.767177582],[5.709787846,35.765686035],[5.704556942,35.757209778],[5.696060181,35.752281189],[5.686072826,35.758296967],[5.681447029,35.759143829],[5.682722092,35.764656067],[5.673851967,35.766662598],[5.666913986,35.765628815],[5.664112091,35.757953644],[5.661882877,35.756347656],[5.662158012,35.751022339],[5.655694962,35.7473526],[5.646956921,35.746208191],[5.627264977,35.753311157],[5.617569923,35.7605896],[5.613834858,35.761386871],[5.613848209,35.763290405],[5.607319832,35.767177582],[5.595466137,35.772216797],[5.585061073,35.77450943],[5.572042942,35.779899597],[5.562164783,35.776687622],[5.555662155,35.77766037],[5.539327145,35.78585434],[5.528561115,35.774394989],[5.529765129,35.772335052],[5.528785229,35.767520905],[5.526320934,35.76884079],[5.524521828,35.7669487],[5.524779797,35.763221741],[5.529718876,35.7631073],[5.525919914,35.759155273],[5.519834995,35.75812149],[5.511188984,35.760643005],[5.497227192,35.761219025],[5.493038177,35.763965607],[5.489027977,35.763626099],[5.473321915,35.754917145],[5.471380234,35.751079559],[5.474651814,35.746776581],[5.47053194,35.743572235],[5.468629837,35.739448547],[5.458602905,35.736183167],[5.457657814,35.734577179],[5.441873074,35.733314514],[5.438904762,35.72838974],[5.429560184,35.730564117],[5.426671982,35.726039886],[5.421704769,35.722946167],[5.423395157,35.716640472],[5.422494888,35.713722229],[5.425377846,35.706668854],[5.42298317,35.697792053],[5.429818153,35.700828552],[5.431347847,35.683868408],[5.415000916,35.640323639],[5.390960217,35.616260529],[5.377198219,35.61958313],[5.353590965,35.622505188],[5.33797884,35.631156921],[5.312664986,35.639003754],[5.309020996,35.638717651],[5.294065952,35.631443024],[5.26085186,35.644622803],[5.259562969,35.649436951],[5.257442951,35.650009155],[5.243721008,35.65178299],[5.239768028,35.649490356],[5.236880779,35.650878906],[5.21856308,35.649604797],[5.184277058,35.651496887],[5.178959846,35.650238037],[5.172811985,35.653560638],[5.165482998,35.667999268],[5.15095377,35.683639526],[5.148561001,35.684345245],[5.150557995,35.698936462],[5.165277958,35.699165344],[5.169270992,35.70489502],[5.162428856,35.709663391],[5.146605015,35.725868225],[5.133284092,35.719451904],[5.126615047,35.718532562],[5.112405777,35.719577789],[5.106875896,35.724720001],[5.094500065,35.717441559],[5.091619015,35.719852448],[5.091567039,35.727527618],[5.088586807,35.727012634],[5.056611061,35.743877411],[5.053276062,35.746665955],[5.051407814,35.752281189],[5.039472103,35.758914948],[5.024938107,35.759784698],[5.038315773,35.766544342],[5.045024872,35.776115417],[5.043747902,35.785568237],[5.033778191,35.783966064],[5.034265995,35.790096283],[5.037879944,35.791126251],[5.037817001,35.796913147],[5.03929615,35.799320221],[5.037971973,35.805339813],[5.035376072,35.80739975],[5.039959908,35.814388275],[5.034632206,35.818401337],[5.035686016,35.820175171],[5.032833099,35.823329926],[5.037942886,35.837650299],[5.035966873,35.841144562],[5.033257008,35.840801239],[5.035072803,35.84601593],[5.042355061,35.846931458],[5.048572063,35.851913452],[5.056718826,35.848308563],[5.066092968,35.847278595],[5.080341816,35.842746735],[5.086439133,35.844295502],[5.099358082,35.843322754],[5.132871151,35.852031708],[5.134860039,35.854896545],[5.130819798,35.858448029],[5.120696068,35.862632751],[5.124535084,35.864181519],[5.123239994,35.865097046],[5.120971203,35.877929688],[5.123456955,35.883716583],[5.125555038,35.884860992],[5.121113777,35.894428253],[5.117321014,35.895347595],[5.115402222,35.901306152],[5.123010159,35.898670197],[5.130339146,35.901191711],[5.130413055,35.922447205],[5.123857975,35.927890778],[5.115362167,35.930072784],[5.120788097,35.936313629],[5.127921104,35.950637817],[5.123806953,35.955223083],[5.12196207,35.962154388],[5.123864174,35.963413239],[5.120637894,35.96868515],[5.115838051,35.968894958],[5.118660927,35.971035004],[5.12181282,35.979686737],[5.124620914,35.982089996],[5.128608227,35.982379913],[5.128993034,35.989082336],[5.122042179,35.988452911],[5.127497196,35.997909546],[5.136670113,35.999340057],[5.137071133,36.002719879],[5.141104221,36.003353119],[5.141521931,36.008335114],[5.146261215,36.008850098],[5.146158218,36.011199951],[5.155124187,36.016643524],[5.15408802,36.017616272],[5.164073944,36.025066376],[5.176795006,36.02299118],[5.18590498,36.044406891],[5.186484814,36.053516388],[5.183726788,36.053596497],[5.188286781,36.066833496],[5.18764019,36.070671082],[5.189554214,36.074226379],[5.19929409,36.077716827],[5.186705112,36.086555481],[5.193335056,36.091300964],[5.188029766,36.092674255],[5.184850216,36.098232269],[5.176684856,36.099433899],[5.173854828,36.101150513],[5.172146797,36.104709625],[5.165826797,36.105792999],[5.165513039,36.109176636],[5.157463074,36.111755371],[5.154379845,36.116451263],[5.155772209,36.118572235],[5.165906906,36.120517731],[5.163002968,36.123268127],[5.165494919,36.132034302],[5.170548916,36.132263184],[5.174497128,36.137081146],[5.171075821,36.142921448],[5.166371822,36.145847321],[5.167323112,36.147735596],[5.16603899,36.15404129],[5.160532951,36.162403107],[5.161965847,36.169681549],[5.158298016,36.173805237],[5.159055233,36.181251526],[5.164676189,36.186923981],[5.163300991,36.196781158],[5.157433987,36.202110291],[5.15385294,36.201248169],[5.149600983,36.197467804],[5.150230885,36.205371857],[5.134253979,36.216236115],[5.125119209,36.209846497],[5.117636204,36.208469391],[5.124185085,36.211162567],[5.124413967,36.212711334],[5.119400978,36.215229034],[5.115778923,36.223823547],[5.113293171,36.22227478],[5.107637882,36.226230621],[5.107220173,36.228408813],[5.109741211,36.227836609],[5.111001015,36.23052597],[5.109533787,36.233104706],[5.1064291,36.233104706],[5.107792854,36.236087799],[5.095192909,36.24061203],[5.093543053,36.243534088],[5.090614796,36.242843628],[5.08970499,36.244506836],[5.087333202,36.244510651],[5.084153175,36.247600555],[5.084020138,36.250293732],[5.078043938,36.255565643],[5.081436157,36.256080627],[5.082810879,36.257858276],[5.088380814,36.257343292],[5.092116833,36.259117126],[5.093457222,36.262329102],[5.090672016,36.264907837],[5.088821888,36.264732361],[5.084799767,36.262557983],[5.084140778,36.259464264],[5.082485199,36.259632111],[5.077174187,36.266109467],[5.078772068,36.268173218],[5.083362103,36.269489288],[5.083156109,36.272697449],[5.079763889,36.275161743],[5.079483032,36.278427124],[5.077940941,36.27917099],[5.079041004,36.281291962],[5.077678204,36.284385681],[5.075792789,36.286331177],[5.07197094,36.286678314],[5.065032005,36.285243988],[5.061211109,36.291664124],[5.055459023,36.292179108],[5.050971985,36.30002594],[5.050331116,36.308620453],[5.025991917,36.306045532],[4.993264198,36.323978424],[4.979249001,36.319564819],[4.978855133,36.312461853],[4.97424221,36.308109283],[4.946424007,36.299682617],[4.929901123,36.30065918],[4.929012775,36.302089691],[4.925133228,36.30065918],[4.919421196,36.303180695],[4.907647133,36.302494049],[4.897017956,36.295845032],[4.89150095,36.297050476],[4.877653122,36.295097351],[4.870913982,36.297447205],[4.860733032,36.298309326],[4.853422165,36.303466797],[4.85024786,36.299224854],[4.831902027,36.292865753],[4.823186874,36.291893005],[4.816129208,36.294757843],[4.813333035,36.291946411],[4.809666157,36.291091919],[4.81012392,36.296417236],[4.806542873,36.301460266],[4.807030201,36.304496765],[4.803339958,36.30701828],[4.802945137,36.309139252],[4.791079044,36.314811707],[4.783721924,36.31526947],[4.77986002,36.319854736],[4.781458855,36.321399689],[4.780651093,36.323234558],[4.77590704,36.324893951],[4.778159142,36.328102112],[4.773591995,36.329936981],[4.778325081,36.338188171],[4.775843143,36.340419769],[4.781589985,36.340480804],[4.781933784,36.352680206],[4.788877964,36.352855682],[4.791984081,36.35881424],[4.793358803,36.383049011],[4.788300037,36.386833191],[4.791818142,36.38735199],[4.7927351,36.396884918],[4.790219784,36.402206421],[4.785713196,36.405796051],[4.775926113,36.40965271],[4.776147842,36.411872864],[4.764452934,36.414680481],[4.763319016,36.423694611],[4.761487961,36.425785065],[4.753462791,36.424861908],[4.743830204,36.428421021],[4.732619762,36.42754364],[4.7307868,36.429447174],[4.733347893,36.433067322],[4.739935875,36.433643341],[4.743678093,36.438972473],[4.74701786,36.439029694],[4.748994827,36.435935974],[4.75073719,36.435878754],[4.752519131,36.437591553],[4.750650883,36.439258575],[4.751887798,36.443264008],[4.760253906,36.446990967],[4.764945984,36.44739151],[4.76554203,36.453521729],[4.772222996,36.456958771],[4.774456978,36.46194458],[4.778255939,36.461029053],[4.787428856,36.463321686],[4.790746212,36.467731476],[4.795995235,36.466758728],[4.801564217,36.470710754],[4.807947159,36.472774506],[4.812765121,36.471458435],[4.820443153,36.477359772],[4.827283859,36.477127075],[4.82832098,36.472770691],[4.833380222,36.472202301],[4.833083153,36.477874756],[4.840857029,36.480968475],[4.844758987,36.479991913],[4.849068165,36.482688904],[4.853106976,36.483032227],[4.855943203,36.488876343],[4.857781887,36.488647461],[4.859370232,36.491565704],[4.862176895,36.492771149],[4.859707832,36.496837616],[4.859827995,36.502796173],[4.848179817,36.504058838],[4.846357822,36.504688263],[4.846316814,36.506519318],[4.850008011,36.508583069],[4.852912903,36.514198303],[4.866468906,36.514602661],[4.866629124,36.516319275],[4.865522861,36.522964478],[4.857167721,36.535163879],[4.864966869,36.53339386],[4.871620178,36.536773682],[4.877435207,36.532707214],[4.88090086,36.532077789],[4.908902168,36.534656525],[4.911365986,36.525314331],[4.919668198,36.524223328],[4.917302132,36.516490936],[4.920584202,36.517982483],[4.920969009,36.516376495],[4.928392887,36.515403748],[4.928198814,36.517753601],[4.930037975,36.518093109],[4.946774006,36.51259613],[4.959597111,36.510131836],[4.970574856,36.510131836],[4.974034786,36.508239746],[4.983701229,36.510189056],[4.990783215,36.514484406],[4.991045952,36.520561218],[4.988966942,36.523540497],[4.990873814,36.52640152],[4.994777203,36.52640152],[4.997297764,36.528408051],[5.000247955,36.526233673],[5.004786015,36.527721405],[5.011909008,36.526573181],[5.015707016,36.523139954],[5.022548199,36.523826599],[5.026255131,36.526920319],[5.025080204,36.52073288],[5.022306919,36.517120361],[5.024823189,36.51374054],[5.030058861,36.512825012],[5.036418915,36.514888763],[5.043449879,36.521533966],[5.052605152,36.522563934],[5.055201054,36.533794403],[5.061295986,36.540782928],[5.060307026,36.545425415],[5.062345982,36.549434662],[5.06064415,36.549263],[5.06024313,36.550754547],[5.064418793,36.551784515],[5.057424068,36.557285309],[5.053578854,36.556827545],[5.052272797,36.563186646],[5.053276062,36.56565094],[5.069496155,36.575336456],[5.080296993,36.577968597],[5.084489822,36.571838379],[5.080698013,36.568687439],[5.082616806,36.568344116],[5.080925941,36.565307617],[5.093009949,36.564220428],[5.0977211,36.56124115],[5.102687836,36.568401337],[5.10020113,36.571552277],[5.10167408,36.574588776],[5.099415779,36.577224731],[5.100154877,36.578540802],[5.112760067,36.569431305],[5.126835823,36.569957733],[5.141459942,36.565364838],[5.145562172,36.565593719],[5.145379066,36.560668945],[5.154768944,36.556312561],[5.156454086,36.55430603],[5.156362057,36.550296783],[5.166399956,36.551208496],[5.168531895,36.549610138],[5.170043945,36.543190002],[5.172502995,36.546340942],[5.175664902,36.546569824],[5.18166399,36.536373138],[5.187938213,36.533565521],[5.20164299,36.519470215],[5.186327934,36.509155273],[5.187273026,36.507724762],[5.175041199,36.493228912],[5.177791119,36.489620209],[5.175608158,36.479820251],[5.172560215,36.476787567],[5.171035767,36.469566345],[5.178152084,36.462177277],[5.190276146,36.460113525],[5.186854839,36.456615448],[5.189507008,36.451519012],[5.182999134,36.447849274],[5.186672211,36.435188293],[5.185663223,36.420520782],[5.180828094,36.414333344],[5.175796986,36.413303375],[5.173945904,36.410209656],[5.165605068,36.405052185],[5.171488762,36.396057129],[5.170154095,36.389125824],[5.177412987,36.392677307],[5.184626102,36.394046783],[5.191307068,36.399837494],[5.197723866,36.396167755],[5.193542004,36.393592834],[5.192058086,36.390613556],[5.201797009,36.381214142],[5.19159317,36.377033234],[5.191829205,36.37027359],[5.195197105,36.360015869],[5.207658768,36.364658356],[5.218139172,36.362594604],[5.227415085,36.362766266],[5.227971077,36.368553162],[5.232444763,36.375083923],[5.23868084,36.376815796],[5.243313789,36.374168396],[5.241343021,36.366779327],[5.243136883,36.365116119],[5.246887207,36.366004944],[5.250555992,36.369358063],[5.255953789,36.368953705],[5.258331776,36.370498657],[5.263240814,36.36517334],[5.27073288,36.367752075],[5.274785995,36.367454529],[5.279788017,36.370101929],[5.272816181,36.373996735],[5.272883892,36.375198364],[5.288250923,36.388145447],[5.300198078,36.3879776],[5.305652142,36.381961823],[5.311111927,36.381103516],[5.312759876,36.389972687],[5.312040806,36.396110535],[5.305491924,36.403846741],[5.302134037,36.403846741],[5.296134949,36.407024384],[5.30304718,36.407447815],[5.292354107,36.412670135],[5.289927006,36.417240143],[5.295946121,36.417369843],[5.301941872,36.411979675],[5.306529999,36.420120239],[5.312802792,36.423557281],[5.314302921,36.429115295],[5.312469959,36.430778503],[5.315639019,36.435935974],[5.319423199,36.433929443],[5.326135159,36.437767029],[5.324652195,36.442237854],[5.326806068,36.443439484],[5.327205181,36.448192596],[5.332574844,36.446990967],[5.34078598,36.451118469],[5.340201855,36.455356598],[5.332982063,36.459022522],[5.341235161,36.461658478],[5.34643507,36.461257935],[5.352880955,36.471687317],[5.355035782,36.472717285],[5.350554943,36.476787567],[5.34871006,36.488876343],[5.344705105,36.489273071],[5.345873833,36.494430542],[5.343979836,36.499443054],[5.355906963,36.505779266],[5.356903076,36.507095337],[5.355689049,36.509784698],[5.357728004,36.508010864],[5.363646984,36.513111115],[5.36593914,36.512191772],[5.369234085,36.514888763],[5.376183033,36.516433716],[5.381203175,36.510532379],[5.386438847,36.512134552],[5.392570019,36.507152557],[5.397284985,36.507152557],[5.400808811,36.510189056],[5.420970917,36.516262054],[5.433526993,36.522789001],[5.438377857,36.526691437],[5.441477776,36.532878876],[5.44447422,36.532188416],[5.460011959,36.538089752],[5.461908817,36.55109787],[5.465209007,36.561122894],[5.483514786,36.570575714],[5.483226776,36.574882507],[5.480867863,36.577739716],[5.472468853,36.581237793],[5.477372169,36.584949493],[5.470778942,36.594528198],[5.473694801,36.59595871]]]]},"properties":{"name":"Sétif","mapcolor":36,"cartodb_id":36}},{"type":"Feature","geometry":{"type":"MultiPolygon","coordinates":[[[[-0.420047998,35.451934814],[-0.409947008,35.448554993],[-0.408003986,35.449699402],[-0.403843999,35.445343018],[-0.407195985,35.443229675],[-0.40070501,35.441394806],[-0.399089009,35.435951233],[-0.401558012,35.429363251],[-0.404778004,35.426094055],[-0.403362989,35.422714233],[-0.405346006,35.422660828],[-0.407380015,35.420082092],[-0.406675011,35.418533325],[-0.412245989,35.41437149],[-0.410210013,35.409076691],[-0.411172986,35.406269073],[-0.406291008,35.39635849],[-0.411464989,35.391777039],[-0.418036997,35.38999939],[-0.422430992,35.386104584],[-0.421561003,35.379173279],[-0.423290998,35.367710114],[-0.417172015,35.362037659],[-0.398550004,35.364273071],[-0.397507995,35.357227325],[-0.396378994,35.359405518],[-0.390345991,35.36289978],[-0.381895006,35.361522675],[-0.379929006,35.368225098],[-0.372590005,35.364730835],[-0.365846008,35.368167877],[-0.362064987,35.365249634],[-0.343014002,35.358375549],[-0.342743993,35.367080688],[-0.331526011,35.373497009],[-0.329181999,35.37859726],[-0.308063,35.393093109],[-0.305644989,35.388454437],[-0.299468994,35.384727478],[-0.295812994,35.380027771],[-0.294775993,35.375217438],[-0.295773,35.372467041],[-0.290886015,35.368797302],[-0.285465986,35.371723175],[-0.283048004,35.369602203],[-0.254667997,35.366218567],[-0.235811993,35.352870941],[-0.227864996,35.35269928],[-0.217552006,35.355735779],[-0.211187005,35.353443146],[-0.209255993,35.350978851],[-0.198002994,35.349262238],[-0.176774994,35.351093292],[-0.171286002,35.345481873],[-0.169205993,35.337055206],[-0.161041006,35.337230682],[-0.161762998,35.330066681],[-0.167469993,35.327602386],[-0.174168006,35.320213318],[-0.173841,35.316829681],[-0.178413004,35.310642242],[-0.176269993,35.305484772],[-0.178315997,35.298671722],[-0.184899002,35.297065735],[-0.191299006,35.288070679],[-0.199956998,35.284805298],[-0.209445,35.283084869],[-0.213266,35.285144806],[-0.217690006,35.284229279],[-0.222278997,35.285778046],[-0.227338001,35.274662018],[-0.239370003,35.266242981],[-0.239542007,35.258674622],[-0.231544003,35.249053955],[-0.229096994,35.243434906],[-0.216463,35.247962952],[-0.218159005,35.253578186],[-0.208717003,35.257701874],[-0.200449005,35.259021759],[-0.201199993,35.263721466],[-0.189557001,35.26360321],[-0.185047999,35.266181946],[-0.180379003,35.26669693],[-0.176127002,35.272369385],[-0.178963006,35.27614975],[-0.173509002,35.276611328],[-0.172048002,35.283718109],[-0.159712002,35.282627106],[-0.156412005,35.284343719],[-0.152011007,35.282794952],[-0.149169996,35.283599854],[-0.141945004,35.280849457],[-0.126578003,35.270477295],[-0.137452006,35.265247345],[-0.146063998,35.267272949],[-0.154256999,35.260795593],[-0.159934998,35.259880066],[-0.178727999,35.249107361],[-0.191477001,35.244869232],[-0.197274998,35.240970612],[-0.191253006,35.235298157],[-0.192616999,35.233867645],[-0.186205,35.223495483],[-0.188509002,35.222755432],[-0.190066993,35.216964722],[-0.199292004,35.219024658],[-0.201435,35.218055725],[-0.213054001,35.204303741],[-0.208975002,35.20098114],[-0.206728995,35.194332123],[-0.209147006,35.187801361],[-0.209650993,35.180236816],[-0.208985999,35.178749084],[-0.201653004,35.177547455],[-0.194117993,35.179782867],[-0.188956007,35.17949295],[-0.184200004,35.177371979],[-0.177095994,35.168323517],[-0.177651003,35.164714813],[-0.174493998,35.157150269],[-0.171664,35.138126373],[-0.169464007,35.133712769],[-0.174042001,35.122310638],[-0.173461005,35.11920929],[-0.186949998,35.120708466],[-0.189671993,35.117786407],[-0.200048,35.113201141],[-0.200345993,35.108219147],[-0.209977999,35.10667038],[-0.209501997,35.097564697],[-0.213901997,35.098361969],[-0.218548998,35.101688385],[-0.216985002,35.096302032],[-0.226781994,35.096817017],[-0.229945004,35.101459503],[-0.235474005,35.102771759],[-0.237290993,35.090572357],[-0.241462007,35.08587265],[-0.244504005,35.07762146],[-0.250708997,35.078937531],[-0.250193,35.069084167],[-0.251419991,35.065818787],[-0.249505997,35.063072205],[-0.244240001,35.060317993],[-0.243535995,35.056995392],[-0.240458995,35.05355835],[-0.242727995,35.042499542],[-0.228284001,35.037117004],[-0.224318996,35.034191132],[-0.223327994,35.03144455],[-0.219913006,35.030067444],[-0.222582996,35.025653839],[-0.231153995,35.019176483],[-0.236935005,35.00875473],[-0.232889995,35.002334595],[-0.228501007,35.000789642],[-0.227206007,34.997634888],[-0.229842007,34.997634888],[-0.229600996,34.994659424],[-0.242366999,34.993858337],[-0.286312997,34.994998932],[-0.289687991,34.996780396],[-0.291359991,34.993686676],[-0.286823004,34.992652893],[-0.286352992,34.990703583],[-0.294993013,34.988067627],[-0.309421003,34.987609863],[-0.31259501,34.988868713],[-0.309774995,34.982055664],[-0.312593997,34.969734192],[-0.314714998,34.967960358],[-0.308308989,34.964576721],[-0.319568008,34.955638885],[-0.310658991,34.959594727],[-0.313769996,34.954322815],[-0.308997005,34.956954956],[-0.310961008,34.951457977],[-0.305855989,34.952548981],[-0.303460985,34.955524445],[-0.297313005,34.948135376],[-0.300617009,34.943077087],[-0.304939985,34.943378448],[-0.307740986,34.941085815],[-0.310835004,34.942520142],[-0.315448999,34.934841156],[-0.311535001,34.936504364],[-0.307844996,34.935302734],[-0.309076995,34.931632996],[-0.313246995,34.929454803],[-0.311975002,34.924125671],[-0.313661009,34.92269516],[-0.302246988,34.915016174],[-0.296626002,34.917823792],[-0.292598009,34.912952423],[-0.29234001,34.908027649],[-0.298500001,34.900463104],[-0.308820009,34.900291443],[-0.308611989,34.895423889],[-0.317671001,34.893531799],[-0.320134997,34.889751434],[-0.332729012,34.889980316],[-0.346973002,34.884078979],[-0.346623003,34.876167297],[-0.342806995,34.873764038],[-0.342445999,34.871242523],[-0.338687986,34.871070862],[-0.341100007,34.867404938],[-0.335633993,34.859039307],[-0.329647005,34.853881836],[-0.318313003,34.851016998],[-0.309574991,34.854167938],[-0.290639013,34.847923279],[-0.283288002,34.841964722],[-0.285299003,34.836921692],[-0.300137997,34.819965363],[-0.301025987,34.804550171],[-0.29995501,34.800827026],[-0.301432997,34.795436859],[-0.287923008,34.791545868],[-0.276262999,34.797389984],[-0.271387011,34.793552399],[-0.25603801,34.787590027],[-0.245958999,34.7930336],[-0.236053005,34.792575836],[-0.230288997,34.790397644],[-0.217902005,34.790168762],[-0.207123995,34.774356842],[-0.198323995,34.768741608],[-0.207881004,34.753498077],[-0.203697994,34.747829437],[-0.198403999,34.747200012],[-0.193939999,34.744220734],[-0.179765001,34.744503021],[-0.161533996,34.736656189],[-0.152062997,34.730297089],[-0.138735995,34.712703705],[-0.129109994,34.703250885],[-0.114225,34.698097229],[-0.106266998,34.697639465],[-0.102793999,34.695228577],[-0.091215,34.680561066],[-0.085427999,34.661884308],[-0.066669002,34.63501358],[-0.050535001,34.619888306],[-0.048558,34.615642548],[-0.053125001,34.609630585],[-0.036054,34.58555603],[-0.033094,34.572101593],[-0.058906,34.550384521],[-0.087582,34.520133972],[-0.099614002,34.523685455],[-0.099374004,34.535144806],[-0.102302,34.541160583],[-0.105493002,34.540073395],[-0.110564001,34.547805786],[-0.118809,34.573474884],[-0.119300999,34.593009949],[-0.126416996,34.59444809],[-0.133074999,34.591640472],[-0.163310006,34.600288391],[-0.186991006,34.614330292],[-0.200025007,34.624526978],[-0.204958007,34.627105713],[-0.215816006,34.628822327],[-0.237027004,34.640338898],[-0.241536006,34.63243103],[-0.237588003,34.607112885],[-0.245375007,34.595363617],[-0.249741003,34.594963074],[-0.248302996,34.58121109],[-0.232127994,34.561729431],[-0.218926996,34.556629181],[-0.214871004,34.546947479],[-0.208103999,34.545116425],[-0.206557006,34.542079926],[-0.201423004,34.539157867],[-0.200626999,34.532798767],[-0.202002004,34.531303406],[-0.203428999,34.520706177],[-0.202614993,34.513889313],[-0.203985006,34.511196136],[-0.200908005,34.505237579],[-0.200644001,34.482261658],[-0.196639001,34.477104187],[-0.195883006,34.459857941],[-0.193156004,34.455162048],[-0.182768002,34.461578369],[-0.171532005,34.472866058],[-0.159288004,34.478363037],[-0.108014002,34.495269775],[-0.098439999,34.496643066],[-0.090962999,34.5052948],[-0.076844998,34.504089355],[-0.069700003,34.496986389],[-0.065168001,34.497444153],[-0.063547,34.489597321],[-0.058224,34.486160278],[-0.053978,34.478481293],[-0.046730001,34.476589203],[-0.035436999,34.467594147],[-0.02138,34.466438293],[-0.016341001,34.46169281],[-0.020741001,34.443645477],[-0.017206,34.437915802],[-0.019548999,34.433559418],[-0.016215,34.429092407],[-0.015888,34.424507141],[-0.010531,34.418380737],[-0.011121,34.409667969],[-0.008474,34.40668869],[-0.006893,34.398841858],[-0.000963,34.394371033],[0.009059,34.369102478],[0.020151,34.358043671],[0.017893,34.346755981],[0.018226,34.330482483],[0.02038,34.327617645],[0.020369001,34.323608398],[0.026448,34.317363739],[0.030052001,34.303325653],[0.026086999,34.277770996],[0.035546001,34.258808136],[0.041756999,34.234111786],[0.037390999,34.222141266],[0.03263,34.214176178],[0.02423,34.210506439],[0.005094,34.211421967],[-0.001931,34.20672226],[-0.011854,34.180370331],[-0.070256002,34.086521149],[-0.080254003,34.082740784],[-0.087582,34.081935883],[-0.109332003,34.089385986],[-0.128187999,34.089958191],[-0.134673998,34.093509674],[-0.154801995,34.085887909],[-0.172432005,34.076034546],[-0.178372994,34.070877075],[-0.186314002,34.068359375],[-0.19912,34.068016052],[-0.210528001,34.064861298],[-0.256709009,34.032218933],[-0.268566996,34.017822266],[-0.282671988,34.005321503],[-0.293772995,33.963829041],[-0.306196988,33.951229095],[-0.325291008,33.962409973],[-0.333999008,33.959945679],[-0.346154988,33.952270508],[-0.353745013,33.937065125],[-0.34604001,33.925014496],[-0.347550988,33.91375351],[-0.359950989,33.908119202],[-0.365943015,33.915195465],[-0.361829013,33.923290253],[-0.367657989,33.935089111],[-0.384539992,33.937282562],[-0.391332,33.946819305],[-0.380690008,33.959308624],[-0.378966987,33.9739151],[-0.387355,33.975910187],[-0.395446002,33.990722656],[-0.392621011,34.006980896],[-0.396209002,34.022678375],[-0.406432003,34.052368164],[-0.421844989,34.062408447],[-0.433384001,34.077419281],[-0.439714015,34.09381485],[-0.448372006,34.110149384],[-0.460016996,34.123851776],[-0.470245004,34.139019012],[-0.470642,34.172920227],[-0.472355992,34.187133789],[-0.482879013,34.210662842],[-0.481617987,34.221271515],[-0.487753987,34.243534088],[-0.498551995,34.256999969],[-0.501443028,34.274406433],[-0.514392018,34.28635025],[-0.532899976,34.294265747],[-0.553436995,34.296012878],[-0.573535979,34.30153656],[-0.591008008,34.310852051],[-0.601697981,34.325557709],[-0.776668012,34.229473114],[-0.78946799,34.224830627],[-0.802771986,34.230445862],[-0.811704993,34.236808777],[-0.834685981,34.242534637],[-0.840718985,34.237606049],[-0.849376976,34.234512329],[-0.869297981,34.23216629],[-0.878476977,34.234054565],[-0.893036008,34.245571136],[-0.923407972,34.25296402],[-0.929297984,34.257263184],[-0.935514987,34.247520447],[-0.939875007,34.250270844],[-0.944929004,34.240760803],[-0.967290998,34.258579254],[-0.96638602,34.263332367],[-0.967629015,34.271530151],[-0.969778001,34.276340485],[-0.97351402,34.279891968],[-1.005174994,34.26121521],[-1.054368973,34.226150513],[-1.071863055,34.217079163],[-1.095175028,34.259380341],[-1.099483967,34.263622284],[-1.124204993,34.279590607],[-1.111235976,34.290607452],[-1.096189976,34.307796478],[-1.073958993,34.338562012],[-1.043558002,34.361423492],[-1.025074005,34.378898621],[-1.021005988,34.381820679],[-1.013178945,34.383369446],[-0.977111995,34.398841858],[-0.955380023,34.411212921],[-0.945725024,34.414306641],[-0.938688993,34.419807434],[-0.937578022,34.427371979],[-0.908774972,34.443641663],[-0.894657016,34.459629059],[-0.895883977,34.464271545],[-0.893396974,34.468166351],[-0.861362994,34.494007111],[-0.850269973,34.498130798],[-0.850126982,34.501342773],[-0.843973994,34.503860474],[-0.844609976,34.506843567],[-0.84949702,34.510276794],[-0.849376023,34.512283325],[-0.852482021,34.516178131],[-0.850883007,34.516811371],[-0.856881976,34.521278381],[-0.861769974,34.534397125],[-0.874243021,34.53755188],[-0.889180005,34.537494659],[-0.906919003,34.541332245],[-0.867848992,34.568435669],[-0.858429015,34.564994812],[-0.845018029,34.571826935],[-0.846247971,34.57301712],[-0.83218199,34.579608917],[-0.83138001,34.586425781],[-0.829369009,34.584075928],[-0.829586983,34.58745575],[-0.82248801,34.59381485],[-0.822287023,34.596622467],[-0.818786025,34.600635529],[-0.820064008,34.608943939],[-0.814792991,34.610946655],[-0.813359976,34.617191315],[-0.808220983,34.622692108],[-0.80815202,34.626987457],[-0.80370599,34.629684448],[-0.802652001,34.633922577],[-0.800382972,34.636100769],[-0.798978984,34.645839691],[-0.796521008,34.649848938],[-0.80191803,34.653289795],[-0.798377991,34.660568237],[-0.793748021,34.66286087],[-0.782455027,34.673400879],[-0.774342,34.687664032],[-0.786580026,34.694141388],[-0.787193,34.709323883],[-0.785835981,34.714138031],[-0.782266021,34.719581604],[-0.776965976,34.722904205],[-0.776260972,34.725883484],[-0.772714972,34.723819733],[-0.766589999,34.71522522],[-0.762413025,34.713108063],[-0.76779902,34.723018646],[-0.767111003,34.732646942],[-0.771815002,34.737915039],[-0.776260972,34.751953125],[-0.780192018,34.74943161],[-0.791616976,34.749317169],[-0.800554991,34.743816376],[-0.807837009,34.743186951],[-0.812896013,34.746047974],[-0.818184972,34.740608215],[-0.830343008,34.743358612],[-0.832485974,34.746566772],[-0.842570007,34.746738434],[-0.864805996,34.741523743],[-0.887867987,34.739521027],[-0.884728014,34.742782593],[-0.886178017,34.743759155],[-0.883548021,34.748683929],[-0.885770977,34.7474823],[-0.886327028,34.750579834],[-0.884917021,34.750637054],[-0.882710993,34.75567627],[-0.885828018,34.757621765],[-0.889575005,34.757568359],[-0.890693009,34.760490417],[-0.890743971,34.778427124],[-0.887129009,34.783584595],[-0.886618972,34.789714813],[-0.875395,34.808158875],[-0.876518011,34.819904327],[-0.884006023,34.829471588],[-0.878735006,34.835262299],[-0.874454975,34.844429016],[-0.878353,34.846645355],[-0.875028014,34.851760864],[-0.868937016,34.854282379],[-0.870598972,34.864025116],[-0.884307981,34.873245239],[-0.920561016,34.852104187],[-0.925844014,34.853710175],[-0.926055014,34.857433319],[-0.919667006,34.869812012],[-0.919587016,34.873935699],[-0.901624978,34.882987976],[-0.891873002,34.890266418],[-0.891763985,34.894218445],[-0.889077008,34.898460388],[-0.905422986,34.905330658],[-0.913667977,34.907108307],[-0.920451999,34.911403656],[-0.931831002,34.903614044],[-0.942991972,34.89868927],[-0.945312977,34.899261475],[-0.945536017,34.902984619],[-0.950416982,34.907665253],[-0.950675011,34.910491943],[-0.945833981,34.915130615],[-0.943702996,34.920059204],[-0.940527976,34.919425964],[-0.94075799,34.924182892],[-0.944539011,34.923492432],[-0.94245398,34.92653656],[-0.943409979,34.932487488],[-0.94827503,34.942234039],[-0.958365023,34.952259064],[-0.961647987,34.959938049],[-0.967624009,34.963718414],[-0.971020997,34.969848633],[-0.965022027,34.977237701],[-0.952435017,34.981479645],[-0.945541978,34.991390228],[-0.933229029,35.000217438],[-0.931509972,35.007144928],[-0.911170006,35.05355835],[-0.941416979,35.055679321],[-0.940540016,35.062095642],[-0.938723981,35.064388275],[-0.950021982,35.072353363],[-0.958203971,35.076358795],[-0.971176028,35.076076508],[-0.974022985,35.081401825],[-0.979764998,35.084728241],[-0.985363007,35.082778931],[-0.987133026,35.080028534],[-0.993188977,35.08581543],[-1.000023961,35.087589264],[-1.003981948,35.093193054],[-0.987568021,35.109134674],[-0.977237999,35.112800598],[-0.965807021,35.112342834],[-0.965165973,35.117385864],[-0.961449027,35.12260437],[-0.963069022,35.135147095],[-0.961549997,35.140705109],[-0.950927973,35.145862579],[-0.953741014,35.147697449],[-0.945942998,35.160354614],[-0.947449982,35.16424942],[-0.955569029,35.168899536],[-0.947890997,35.169692993],[-0.943593979,35.174167633],[-0.937216997,35.172504425],[-0.93580699,35.177085876],[-0.925900996,35.179836273],[-0.922708988,35.184192657],[-0.916423976,35.184135437],[-0.909364998,35.186367035],[-0.900536001,35.185680389],[-0.894141972,35.188201904],[-0.890743971,35.187915802],[-0.895579994,35.189189911],[-0.891128004,35.189121246],[-0.895482004,35.19272995],[-0.895556986,35.20092392],[-0.894056022,35.202468872],[-0.884298027,35.202754974],[-0.884320974,35.2097435],[-0.890371978,35.218856812],[-0.891614974,35.227451324],[-0.897464991,35.229686737],[-0.901310027,35.23443985],[-0.900758982,35.239253998],[-0.90417397,35.244979858],[-0.903807998,35.249282837],[-0.905228972,35.251056671],[-0.902283013,35.25844574],[-0.903154016,35.261142731],[-0.906225026,35.263259888],[-0.901178002,35.264923096],[-0.900353014,35.267559052],[-0.896381974,35.261886597],[-0.888939023,35.256729126],[-0.884774029,35.256500244],[-0.881244004,35.253807068],[-0.879994988,35.258388519],[-0.874203026,35.256843567],[-0.873474002,35.264751434],[-0.87650001,35.270248413],[-0.872604012,35.27368927],[-0.872941971,35.279533386],[-0.863941014,35.283828735],[-0.865052998,35.29076004],[-0.861409009,35.290817261],[-0.85492301,35.298210144],[-0.85215503,35.297580719],[-0.84513098,35.303829193],[-0.839751005,35.305656433],[-0.840857029,35.307437897],[-0.839377999,35.3110466],[-0.836364985,35.311275482],[-0.832879007,35.314094543],[-0.828561008,35.312934875],[-0.824378014,35.304801941],[-0.816855013,35.297294617],[-0.806043983,35.298671722],[-0.800096989,35.290878296],[-0.793725014,35.295291901],[-0.760590971,35.30405426],[-0.754150987,35.309440613],[-0.753543973,35.315284729],[-0.74879998,35.319011688],[-0.749080002,35.323883057],[-0.751996994,35.328117371],[-0.751630008,35.337745667],[-0.74684,35.336826324],[-0.739117026,35.34129715],[-0.729187012,35.337802887],[-0.726316988,35.339862823],[-0.716565013,35.341983795],[-0.71351099,35.340839386],[-0.693199992,35.34324646],[-0.681557,35.349262238],[-0.675197005,35.344791412],[-0.661342978,35.354419708],[-0.649717987,35.356594086],[-0.641164005,35.361122131],[-0.625051975,35.357227325],[-0.61757499,35.359172821],[-0.615100026,35.3527565],[-0.609920025,35.34771347],[-0.608389974,35.333217621],[-0.604791999,35.336429596],[-0.604992986,35.339748383],[-0.598742008,35.344047546],[-0.575904012,35.344848633],[-0.572522998,35.349491119],[-0.57298702,35.359973907],[-0.56862098,35.362266541],[-0.562909007,35.362957001],[-0.563247025,35.364276886],[-0.558704019,35.366676331],[-0.552733004,35.364215851],[-0.548286974,35.360092163],[-0.544350982,35.359577179],[-0.537837029,35.363296509],[-0.547519028,35.374816895],[-0.545726001,35.376934052],[-0.548402011,35.378192902],[-0.552790999,35.385414124],[-0.55025202,35.391601563],[-0.550051987,35.400543213],[-0.546139002,35.397903442],[-0.546670973,35.400943756],[-0.541652024,35.404724121],[-0.539618015,35.409305573],[-0.532136023,35.414234161],[-0.532588005,35.420707703],[-0.530560017,35.423690796],[-0.531023979,35.426727295],[-0.523639023,35.434516907],[-0.521890998,35.439388275],[-0.514757991,35.43812561],[-0.510060012,35.435375214],[-0.497357011,35.433540344],[-0.482838005,35.425292969],[-0.482946992,35.428100586],[-0.472265005,35.428791046],[-0.470530987,35.433254242],[-0.467197001,35.430335999],[-0.463827014,35.430446625],[-0.460590005,35.431423187],[-0.455686003,35.437786102],[-0.447705001,35.438926697],[-0.436989993,35.451190948],[-0.437923998,35.45262146],[-0.435128003,35.451877594],[-0.430521011,35.456401825],[-0.426299006,35.453483582],[-0.420047998,35.451934814]]]]},"properties":{"name":"Sidi Bel Abbès","mapcolor":38,"cartodb_id":38}},{"type":"Feature","geometry":{"type":"MultiPolygon","coordinates":[[[[6.88736105,36.939861298],[6.887639046,36.937362671],[6.885694981,36.935138702],[6.884582996,36.938472748],[6.88736105,36.939861298]]],[[[6.705694199,36.959861755],[6.706250191,36.958194733],[6.704306126,36.958473206],[6.70402813,36.959861755],[6.705694199,36.959861755]]],[[[7.161806107,37.081806183],[7.16319418,37.080417633],[7.162638187,37.079029083],[7.160140038,37.080970764],[7.161806107,37.081806183]]],[[[7.182361126,37.08291626],[7.180971146,37.083473206],[7.185970783,37.085971832],[7.184027195,37.083473206],[7.182361126,37.08291626]]],[[[7.214027882,37.090137482],[7.215415955,37.086807251],[7.230972767,37.086807251],[7.232638836,37.087917328],[7.235694885,37.083473206],[7.240694046,37.083751678],[7.242916107,37.08152771],[7.252359867,37.080696106],[7.257916927,37.075706482],[7.262083054,37.074859619],[7.264861107,37.069583893],[7.270693779,37.068195343],[7.272362232,37.066249847],[7.286251068,37.069862366],[7.28541708,37.071529388],[7.288471222,37.072639465],[7.288202763,37.075469971],[7.292706013,37.075012207],[7.295621872,37.071975708],[7.295228004,37.067047119],[7.296807766,37.062862396],[7.30229187,37.060401917],[7.308714867,37.060054779],[7.311058044,37.053123474],[7.323587894,37.049285889],[7.323766232,37.047622681],[7.328172207,37.045558929],[7.32427597,37.041435242],[7.321074009,37.040805817],[7.318615913,37.035762787],[7.313492775,37.032268524],[7.313733101,37.020980835],[7.325136185,37.011123657],[7.321955204,36.994796753],[7.322783947,36.993301392],[7.330154896,36.989753723],[7.340353012,36.987751007],[7.341110229,36.981845856],[7.349171162,36.973770142],[7.352716923,36.96339798],[7.350512028,36.961566925],[7.355205059,36.959156036],[7.350505829,36.952800751],[7.353766918,36.945121765],[7.349113941,36.938934326],[7.333231926,36.941455841],[7.329609871,36.948501587],[7.319468975,36.944946289],[7.3273139,36.934371948],[7.329546928,36.926555634],[7.328004837,36.924850464],[7.329238892,36.91853714],[7.337603092,36.914409637],[7.344490051,36.91469574],[7.361289978,36.905471802],[7.373160839,36.902320862],[7.376817226,36.896476746],[7.381486893,36.893440247],[7.38051796,36.89068985],[7.384621143,36.872871399],[7.377745152,36.86359024],[7.377951145,36.85533905],[7.38055706,36.853160858],[7.37803793,36.843078613],[7.373155117,36.835113525],[7.383766174,36.821018219],[7.380723953,36.818153381],[7.391851902,36.803771973],[7.388339043,36.794605255],[7.388895035,36.778736115],[7.4042449,36.764068604],[7.406136036,36.744758606],[7.40220499,36.736618042],[7.401483059,36.729972839],[7.399174213,36.725505829],[7.3916049,36.725048065],[7.38601923,36.721324921],[7.382563114,36.71622467],[7.350879192,36.714103699],[7.340658188,36.708721161],[7.339643002,36.705623627],[7.342628002,36.692047119],[7.340990067,36.68138504],[7.344392776,36.674240112],[7.341836929,36.671302795],[7.334710121,36.670845032],[7.335024834,36.665916443],[7.336334229,36.661148071],[7.347459793,36.659446716],[7.334240913,36.649990082],[7.320872784,36.646896362],[7.311178207,36.65296936],[7.302905083,36.654518127],[7.300023079,36.659557343],[7.301805019,36.664886475],[7.296475887,36.660762787],[7.293398857,36.655490875],[7.289802074,36.65417099],[7.286323071,36.637729645],[7.275100231,36.628616333],[7.273099899,36.625240326],[7.270820141,36.626441956],[7.269203186,36.624153137],[7.262219906,36.623176575],[7.258247852,36.619506836],[7.23771286,36.619220734],[7.224885941,36.612518311],[7.218874931,36.613666534],[7.189230919,36.603179932],[7.187436104,36.598251343],[7.176298141,36.600200653],[7.166787148,36.596134186],[7.161889076,36.603694916],[7.151012897,36.602493286],[7.142952919,36.596591949],[7.141067028,36.592525482],[7.133069038,36.588626862],[7.126914978,36.589370728],[7.122755051,36.585533142],[7.107830048,36.584102631],[7.104695797,36.582210541],[7.098518848,36.582668304],[7.096044064,36.5782547],[7.092905045,36.577796936],[7.093838215,36.576934814],[7.091638088,36.574131012],[7.086155891,36.573841095],[7.081267834,36.565937042],[7.072255135,36.561870575],[7.078454971,36.555797577],[7.076643944,36.553218842],[7.071870804,36.551612854],[7.069591045,36.553161621],[7.067964077,36.549663544],[7.065351009,36.550067902],[7.068170071,36.534194946],[7.078557968,36.526576996],[7.078575134,36.52519989],[7.081336975,36.526172638],[7.087645054,36.520046234],[7.08604002,36.507843018],[7.082820892,36.501251221],[7.047942162,36.498767853],[7.045096874,36.495063782],[7.047084808,36.489677429],[7.013114929,36.480548859],[7.007126808,36.481655121],[7.005844116,36.479595184],[6.998491764,36.477531433],[6.990402222,36.480968475],[6.955451012,36.478733063],[6.947485924,36.464809418],[6.947051048,36.459308624],[6.949709892,36.454780579],[6.949275017,36.451633453],[6.951395035,36.446529388],[6.944375992,36.449226379],[6.944032192,36.439029694],[6.940279007,36.437252045],[6.94220686,36.434738159],[6.941000938,36.432842255],[6.944627762,36.428600311],[6.953095913,36.423900604],[6.948449135,36.419086456],[6.947004795,36.419315338],[6.947239876,36.422122955],[6.942737103,36.423957825],[6.940931797,36.426654816],[6.938961029,36.426078796],[6.937470913,36.422412872],[6.933764935,36.423271179],[6.929106236,36.421836853],[6.922913074,36.424358368],[6.922276974,36.429283142],[6.920432091,36.431404114],[6.920282841,36.428943634],[6.911855221,36.428825378],[6.90977478,36.431118011],[6.894081116,36.426712036],[6.891914845,36.427970886],[6.889576912,36.426307678],[6.886620998,36.433128357],[6.87958622,36.436222076],[6.873940945,36.444297791],[6.870835781,36.450489044],[6.871935844,36.454036713],[6.858867168,36.453125],[6.850937843,36.454204559],[6.851539135,36.451862335],[6.850170135,36.450199127],[6.833696842,36.452033997],[6.828918934,36.449108124],[6.822553158,36.448539734],[6.818861961,36.445667267],[6.817718029,36.447849274],[6.818564892,36.452716827],[6.815999031,36.460453033],[6.834716797,36.469509125],[6.835529804,36.482170105],[6.838572979,36.486297607],[6.838905811,36.496437073],[6.833605766,36.501480103],[6.83258009,36.505836487],[6.83418417,36.509040833],[6.832649231,36.513912201],[6.830156803,36.516204834],[6.831715107,36.525371552],[6.838138103,36.529556274],[6.856025219,36.531101227],[6.852221012,36.535511017],[6.864235878,36.545597076],[6.873569965,36.549777985],[6.880090237,36.563186646],[6.8672719,36.562042236],[6.859440804,36.563301086],[6.857411861,36.565479279],[6.845528126,36.565822601],[6.843117237,36.563220978],[6.835021019,36.562156677],[6.816709995,36.555850983],[6.810481071,36.554363251],[6.798518181,36.55499649],[6.793269157,36.552131653],[6.769297123,36.5561409],[6.765090942,36.562213898],[6.758788109,36.564506531],[6.746465206,36.563644409],[6.738556862,36.565479279],[6.736679077,36.566280365],[6.739542961,36.570178986],[6.737875938,36.575790405],[6.72910881,36.574302673],[6.723814964,36.578430176],[6.716457844,36.577739716],[6.704259872,36.573444366],[6.685118198,36.572181702],[6.681651115,36.575275421],[6.681748867,36.579402924],[6.680493832,36.582782745],[6.679032803,36.582725525],[6.683489799,36.58839798],[6.683708191,36.593326569],[6.685970783,36.593097687],[6.688527107,36.596759796],[6.688527107,36.600315094],[6.686757088,36.602092743],[6.67946291,36.602836609],[6.68347311,36.611545563],[6.68303299,36.615730286],[6.685026169,36.616874695],[6.670042992,36.623977661],[6.666731834,36.62191391],[6.662972927,36.622890472],[6.650483131,36.620365143],[6.642261028,36.61681366],[6.640983105,36.613204956],[6.642941952,36.609024048],[6.638673782,36.60111618],[6.636680126,36.601631165],[6.63576889,36.599052429],[6.631190777,36.596935272],[6.629421234,36.59469986],[6.630273819,36.590747833],[6.628554821,36.5884552],[6.622104168,36.587940216],[6.621576786,36.57585144],[6.616127968,36.57201004],[6.596321106,36.574131012],[6.589842796,36.572265625],[6.586287975,36.573158264],[6.575069904,36.581981659],[6.570773125,36.587654114],[6.565414906,36.586219788],[6.559542179,36.588340759],[6.536126137,36.582725525],[6.532784939,36.578430176],[6.528952122,36.576709747],[6.523704052,36.576595306],[6.519314766,36.578083038],[6.516886234,36.580833435],[6.509919167,36.581119537],[6.488781929,36.575389862],[6.485390186,36.576133728],[6.474235058,36.574188232],[6.46249485,36.57641983],[6.45909214,36.581008911],[6.458776951,36.596988678],[6.460134029,36.598766327],[6.466340065,36.600486755],[6.466716766,36.603404999],[6.470826149,36.606903076],[6.469972134,36.609539032],[6.474561214,36.61750412],[6.468424797,36.623119354],[6.454185963,36.625846863],[6.455242157,36.629882813],[6.474446774,36.639331818],[6.485923767,36.638591766],[6.495347977,36.636123657],[6.500408173,36.644317627],[6.503118992,36.645751953],[6.501523972,36.652565002],[6.502758026,36.656635284],[6.511241913,36.665977478],[6.506103039,36.669525146],[6.505805016,36.675544739],[6.498510838,36.678638458],[6.497954845,36.683452606],[6.492013931,36.683853149],[6.490765095,36.68775177],[6.487607956,36.689697266],[6.47477293,36.691761017],[6.470143795,36.689754486],[6.46136713,36.689926147],[6.443931103,36.693191528],[6.439645767,36.696342468],[6.435503006,36.697143555],[6.417041779,36.695995331],[6.409908772,36.700695038],[6.409323215,36.705970764],[6.396920204,36.725505829],[6.371543884,36.72562027],[6.366604805,36.736335754],[6.368031979,36.741031647],[6.375175953,36.74773407],[6.366415977,36.756443024],[6.366673946,36.763320923],[6.370563984,36.765041351],[6.369452953,36.76807785],[6.36065197,36.772144318],[6.360331059,36.775753021],[6.356411934,36.7762146],[6.357958794,36.77936554],[6.352694035,36.779937744],[6.352767944,36.787555695],[6.347558975,36.789218903],[6.346264839,36.792888641],[6.341217041,36.796894073],[6.342306137,36.801139832],[6.347669125,36.804115295],[6.35220623,36.813110352],[6.351261139,36.820674896],[6.345382214,36.828125],[6.344254017,36.831905365],[6.348803997,36.839355469],[6.348987103,36.844112396],[6.344426155,36.846630096],[6.344104767,36.854537964],[6.341062069,36.854419708],[6.334828854,36.857803345],[6.328996181,36.855220795],[6.322640896,36.861240387],[6.317531109,36.861927032],[6.311498165,36.866107941],[6.296044827,36.869033813],[6.290412903,36.867084503],[6.277688026,36.869949341],[6.266125202,36.870582581],[6.267827034,36.874759674],[6.267947197,36.884559631],[6.273981094,36.88564682],[6.277331829,36.891548157],[6.277297974,36.901805878],[6.281280041,36.911201477],[6.281239986,36.913089752],[6.279888153,36.913089752],[6.281647205,36.915897369],[6.280702114,36.920368195],[6.275366783,36.922317505],[6.273694038,36.926555634],[6.270583153,36.929138184],[6.272302151,36.933834076],[6.271551132,36.939163208],[6.264572144,36.93755722],[6.258893967,36.938648224],[6.261528969,36.942638397],[6.260972977,36.946250916],[6.263473034,36.947917938],[6.261528969,36.950973511],[6.264027119,36.951805115],[6.264583111,36.95513916],[6.259028912,36.960140228],[6.257916927,36.968193054],[6.254824162,36.970973969],[6.24486208,36.972362518],[6.239305019,36.98236084],[6.240139008,36.987915039],[6.245972157,36.99041748],[6.249028206,36.997917175],[6.260972977,37.006526947],[6.263195038,37.015140533],[6.260972977,37.02180481],[6.261805058,37.024307251],[6.272362232,37.030139923],[6.286805153,37.0340271],[6.29180479,37.033473969],[6.293748856,37.035694122],[6.313751221,37.04347229],[6.316248894,37.04624939],[6.315416813,37.047916412],[6.316804886,37.050140381],[6.320138931,37.053470612],[6.328750134,37.057640076],[6.329306126,37.060695648],[6.332084179,37.062084198],[6.336806774,37.069026947],[6.346249104,37.069583893],[6.366250992,37.077915192],[6.375692844,37.077640533],[6.377082825,37.079582214],[6.384305954,37.078472137],[6.385416031,37.080696106],[6.388750076,37.079860687],[6.391807079,37.082359314],[6.400138855,37.08291626],[6.401526928,37.084861755],[6.402916908,37.08291626],[6.406527996,37.082637787],[6.411528111,37.086250305],[6.415694237,37.086807251],[6.41986084,37.081806183],[6.424026966,37.083194733],[6.427083015,37.083194733],[6.427361012,37.081806183],[6.434584141,37.082084656],[6.436528206,37.083751678],[6.447916985,37.082359314],[6.455970764,37.085414886],[6.464027882,37.085140228],[6.465971947,37.086528778],[6.465971947,37.089305878],[6.470694065,37.087917328],[6.47291708,37.089584351],[6.479860783,37.086528778],[6.482638836,37.087638855],[6.491528034,37.085693359],[6.49902916,37.079582214],[6.509582996,37.077362061],[6.510138988,37.075138092],[6.514306068,37.07208252],[6.511805058,37.067638397],[6.512917995,37.066806793],[6.512362003,37.062915802],[6.519584179,37.062084198],[6.519584179,37.059307098],[6.516806126,37.059028625],[6.516806126,37.057361603],[6.519862175,37.05430603],[6.527360916,37.054584503],[6.532639027,37.051807404],[6.541528225,37.052082062],[6.542915821,37.057361603],[6.549305916,37.055137634],[6.549860001,37.054027557],[6.544583797,37.049583435],[6.543471813,37.041526794],[6.542084217,37.040973663],[6.539862156,37.033748627],[6.549860001,37.026527405],[6.557639122,37.025417328],[6.563195229,37.02986145],[6.569583893,37.0284729],[6.569305897,37.019584656],[6.564304829,37.013473511],[6.564304829,37.011806488],[6.568749905,37.008750916],[6.571249962,37.008750916],[6.577084064,37.014583588],[6.582639217,37.01625061],[6.58152914,37.010971069],[6.574028015,37.00541687],[6.574028015,37.003749847],[6.57069397,37.00402832],[6.568471909,37.001525879],[6.569305897,36.998748779],[6.567361832,36.998474121],[6.563748837,36.99319458],[6.564582825,36.989307404],[6.57069397,36.981803894],[6.582361221,36.975139618],[6.592082977,36.970973969],[6.597362041,36.971805573],[6.60875082,36.969028473],[6.614583015,36.969306946],[6.618749142,36.973194122],[6.622084141,36.972084045],[6.62375021,36.974029541],[6.63013792,36.974582672],[6.631805897,36.972915649],[6.626527786,36.969581604],[6.625137806,36.9659729],[6.626527786,36.966251373],[6.626527786,36.964305878],[6.629859924,36.962081909],[6.632637978,36.962917328],[6.632359982,36.959861755],[6.638473034,36.955417633],[6.640417099,36.955417633],[6.646248817,36.960693359],[6.650139809,36.960414886],[6.654583931,36.955970764],[6.655694008,36.958751678],[6.659307003,36.960971832],[6.665139198,36.95513916],[6.66569519,36.949859619],[6.67374897,36.948192596],[6.675971985,36.949859619],[6.678750038,36.957637787],[6.684582233,36.958751678],[6.687917233,36.955970764],[6.686807156,36.954303741],[6.687637806,36.948749542],[6.691804886,36.950695038],[6.696527004,36.950416565],[6.697082996,36.951805115],[6.704862118,36.950138092],[6.710137844,36.952640533],[6.712359905,36.950973511],[6.712081909,36.946804047],[6.719305038,36.946804047],[6.719861031,36.944862366],[6.743751049,36.949306488],[6.744861126,36.952083588],[6.748473167,36.954582214],[6.749026775,36.958473206],[6.747083187,36.962638855],[6.751784801,36.964027405],[6.753192902,36.963470459],[6.75402689,36.958751678],[6.752082825,36.958473206],[6.751526833,36.950695038],[6.756805897,36.950416565],[6.758749962,36.947639465],[6.764306068,36.948471069],[6.769583225,36.944862366],[6.778891087,36.946250916],[6.784862041,36.949859619],[6.783194065,36.953472137],[6.784584045,36.954582214],[6.786250114,36.953193665],[6.787672043,36.956203461],[6.785694122,36.962081909],[6.787638187,36.962081909],[6.787362099,36.959583282],[6.790972233,36.955417633],[6.792915821,36.956806183],[6.793193817,36.954582214],[6.794859886,36.954582214],[6.801805019,36.957359314],[6.803471088,36.954860687],[6.807640076,36.954029083],[6.809862137,36.949859619],[6.815971851,36.947917938],[6.832639217,36.951805115],[6.83430481,36.956249237],[6.837639809,36.954860687],[6.840693951,36.95652771],[6.847084999,36.954303741],[6.847916126,36.957084656],[6.849582195,36.957359314],[6.84930706,36.953193665],[6.844583988,36.945415497],[6.844860077,36.944026947],[6.848258018,36.94380188],[6.846806049,36.940692902],[6.847916126,36.934860229],[6.859304905,36.931526184],[6.86680603,36.934307098],[6.873472214,36.931251526],[6.876251221,36.934028625],[6.882082939,36.932361603],[6.882638931,36.929027557],[6.88041687,36.927082062],[6.88736105,36.919582367],[6.883472919,36.913749695],[6.884860992,36.909862518],[6.882916927,36.907360077],[6.883194923,36.905139923],[6.880694866,36.904582977],[6.879860878,36.901527405],[6.880694866,36.897361755],[6.883749008,36.894306183],[6.895971775,36.887638092],[6.899027824,36.887638092],[6.90180397,36.890415192],[6.901249886,36.886528015],[6.907639027,36.888195038],[6.908473015,36.885971069],[6.913195133,36.885692596],[6.903194904,36.891803741],[6.904860973,36.891529083],[6.913471222,36.888195038],[6.916528225,36.884860992],[6.930139065,36.880695343],[6.933195114,36.882915497],[6.934861183,36.887638092],[6.946527958,36.89263916],[6.936526775,36.886806488],[6.935139179,36.88319397],[6.942361832,36.882362366],[6.942082882,36.884304047],[6.943749905,36.88458252],[6.946805954,36.882362366],[6.945417881,36.883472443],[6.946527958,36.88458252],[6.948750019,36.882362366],[6.954582214,36.882637024],[7.016527176,36.895137787],[7.047360897,36.905971527],[7.050415039,36.905418396],[7.056528091,36.914585114],[7.060972214,36.915416718],[7.062915802,36.912918091],[7.067638874,36.911804199],[7.069582939,36.915973663],[7.083749771,36.920417786],[7.093750954,36.921806335],[7.094861031,36.920417786],[7.100971222,36.919582367],[7.105140209,36.92124939],[7.104862213,36.919029236],[7.112083912,36.917915344],[7.116528988,36.914306641],[7.120139122,36.90763855],[7.124026775,36.911251068],[7.127082825,36.908748627],[7.130139828,36.909584045],[7.131248951,36.907917023],[7.139584064,36.910972595],[7.141250134,36.910137177],[7.14402914,36.912082672],[7.144307137,36.915138245],[7.148750782,36.917915344],[7.153194904,36.916526794],[7.154026985,36.918193817],[7.156805038,36.918193817],[7.159028053,36.915973663],[7.162916183,36.91569519],[7.164306164,36.91986084],[7.174028873,36.926250458],[7.176805019,36.925693512],[7.181527138,36.928749084],[7.188193798,36.934028625],[7.18874979,36.936248779],[7.194027901,36.937637329],[7.217639923,36.956249237],[7.232082844,36.970417023],[7.247362137,36.990970612],[7.252081871,36.987915039],[7.252637863,36.98236084],[7.262083054,36.98236084],[7.253750801,36.986526489],[7.260694981,36.985973358],[7.265696049,36.987361908],[7.255694866,36.987083435],[7.251807213,36.990695953],[7.25541687,36.997360229],[7.252081871,37.002918243],[7.254582882,37.010971069],[7.254304886,37.012916565],[7.252359867,37.012916565],[7.254028797,37.014305115],[7.252916813,37.01625061],[7.257082939,37.020694733],[7.255138874,37.027362823],[7.250137806,37.026805878],[7.24875021,37.033473969],[7.243750095,37.035415649],[7.24180603,37.038471222],[7.219305992,37.04486084],[7.20819521,37.055137634],[7.202917099,37.056251526],[7.198194981,37.062637329],[7.190971851,37.064861298],[7.185970783,37.070137024],[7.185418129,37.072639465],[7.179305077,37.071804047],[7.180971146,37.075973511],[7.167915821,37.076248169],[7.16958189,37.081249237],[7.172359943,37.080207825],[7.172638893,37.082084656],[7.177639008,37.084026337],[7.179583073,37.08152771],[7.184584141,37.081806183],[7.185970783,37.078193665],[7.190415859,37.077915192],[7.191249847,37.075416565],[7.194305897,37.076526642],[7.196806908,37.075416565],[7.1995821,37.083194733],[7.203473091,37.082359314],[7.206805229,37.087638855],[7.214027882,37.090137482]]],[[[7.204027176,37.09513855],[7.205417156,37.09236145],[7.20513916,37.091251373],[7.203195095,37.09236145],[7.204027176,37.09513855]]]]},"properties":{"name":"Skikda","mapcolor":39,"cartodb_id":39}},{"type":"Feature","geometry":{"type":"MultiPolygon","coordinates":[[[[7.998198032,36.466068268],[8.006397247,36.460800171],[8.026146889,36.459369659],[8.025024414,36.454841614],[8.018974304,36.451400757],[8.014521599,36.451400757],[8.012997627,36.44229126],[8.014727592,36.437767029],[8.011651039,36.433238983],[8.0115242,36.428367615],[8.015232086,36.412841797],[8.021134377,36.409576416],[8.019369125,36.404594421],[8.020480156,36.396858215],[8.034156799,36.390842438],[8.04634285,36.392677307],[8.046167374,36.399951935],[8.055620193,36.405105591],[8.059327126,36.414035797],[8.064162254,36.418628693],[8.077289581,36.437709808],[8.095228195,36.439544678],[8.112691879,36.453121185],[8.124483109,36.45558548],[8.125739098,36.454441071],[8.124844551,36.45059967],[8.126712799,36.449398041],[8.138642311,36.448940277],[8.149682999,36.446540833],[8.15615654,36.453639984],[8.165805817,36.458507538],[8.164934158,36.462692261],[8.166586876,36.465808868],[8.175118446,36.460098267],[8.193601608,36.461009979],[8.196722984,36.459468842],[8.203339577,36.450569153],[8.210838318,36.447113037],[8.249613762,36.44618988],[8.258065224,36.442214966],[8.262020111,36.438541412],[8.284593582,36.44588089],[8.290802002,36.442779541],[8.297971725,36.443374634],[8.304222107,36.441387177],[8.308790207,36.441745758],[8.312207222,36.437545776],[8.309211731,36.433368683],[8.316659927,36.432662964],[8.317251205,36.426433563],[8.323970795,36.435932159],[8.32708168,36.434356689],[8.326268196,36.432033539],[8.328214645,36.431343079],[8.343541145,36.434402466],[8.354304314,36.445358276],[8.356917381,36.444690704],[8.366435051,36.436065674],[8.369101524,36.431396484],[8.375307083,36.427280426],[8.386363029,36.424198151],[8.40808773,36.42142868],[8.410155296,36.410469055],[8.398885727,36.401325226],[8.396753311,36.396560669],[8.40083313,36.394065857],[8.396755219,36.382484436],[8.399187088,36.374294281],[8.394023895,36.369281769],[8.393442154,36.366558075],[8.37597084,36.353134155],[8.375594139,36.350727081],[8.378307343,36.346431732],[8.37948513,36.338607788],[8.374974251,36.329246521],[8.375383377,36.321048737],[8.379814148,36.312416077],[8.387324333,36.30859375],[8.390877724,36.303913116],[8.383628845,36.302257538],[8.382455826,36.296726227],[8.372471809,36.296546936],[8.368062019,36.294998169],[8.358312607,36.287353516],[8.355258942,36.28653717],[8.347536087,36.278800964],[8.34571743,36.273620605],[8.337882042,36.264881134],[8.349238396,36.260799408],[8.354221344,36.252609253],[8.353043556,36.238441467],[8.35461998,36.232688904],[8.347387314,36.224979401],[8.347490311,36.220413208],[8.340538025,36.215324402],[8.332409859,36.1927948],[8.326728821,36.186321259],[8.31465435,36.179893494],[8.309052467,36.173706055],[8.312535286,36.158958435],[8.316028595,36.158557892],[8.318698883,36.152561188],[8.323584557,36.14950943],[8.326171875,36.145431519],[8.337400436,36.138450623],[8.340068817,36.12928772],[8.338123322,36.120384216],[8.342111588,36.11272049],[8.344009399,36.101276398],[8.323126793,36.087257385],[8.320443153,36.079586029],[8.313587189,36.071559906],[8.313094139,36.061786652],[8.308252335,36.052898407],[8.302442551,36.045581818],[8.298576355,36.043117523],[8.29576683,36.034759521],[8.300422668,36.013378143],[8.29591465,35.987857819],[8.29313755,35.957069397],[8.289078712,35.960437775],[8.281842232,35.962268829],[8.273276329,35.958198547],[8.267837524,35.957683563],[8.263918877,35.964157104],[8.261914253,35.962669373],[8.257961273,35.962898254],[8.249252319,35.96937561],[8.243103981,35.972240448],[8.237460136,35.97177887],[8.230670929,35.978141785],[8.219750404,35.981121063],[8.216832161,35.984672546],[8.218075752,35.993782043],[8.216896057,35.996242523],[8.21151638,35.998764038],[8.208301544,35.992347717],[8.205493927,35.99148941],[8.201065063,35.99905014],[8.192328453,36.003463745],[8.186197281,36.001113892],[8.186981201,35.997619629],[8.185440063,35.995498657],[8.18948555,35.993782043],[8.19048214,35.990516663],[8.189429283,35.988910675],[8.182518959,35.993038177],[8.169439316,35.987308502],[8.160058975,35.990974426],[8.155550003,35.987308502],[8.146319389,35.996074677],[8.139552116,35.994983673],[8.131990433,35.990001678],[8.124505997,35.987991333],[8.121573448,35.989715576],[8.123646736,35.994525909],[8.122483253,35.994983673],[8.118055344,35.991031647],[8.113999367,35.990116119],[8.111867905,35.984100342],[8.108160019,35.984100342],[8.095005035,35.974700928],[8.083322525,35.976993561],[8.081465721,35.976249695],[8.081845284,35.97052002],[8.079924583,35.970348358],[8.077248573,35.974357605],[8.071989059,35.973499298],[8.071191788,35.971378326],[8.073931694,35.967540741],[8.070487976,35.965591431],[8.065784454,35.967197418],[8.065171242,35.970062256],[8.066614151,35.972579956],[8.065239906,35.974357605],[8.057390213,35.970806122],[8.045128822,35.96937561],[8.042326927,35.971149445],[8.041595459,35.975215912],[8.03659153,35.977737427],[8.016789436,35.973327637],[8.011099815,35.974185944],[8.00965023,35.971206665],[8.012125969,35.967254639],[8.006957054,35.964962006],[8.006109238,35.963474274],[8.008034706,35.96112442],[8.006521225,35.959922791],[7.994719028,35.956424713],[7.991281033,35.959861755],[7.987832069,35.956768036],[7.989493847,35.951553345],[7.979627132,35.950065613],[7.980698109,35.942272186],[7.979467869,35.940265656],[7.983879089,35.938777924],[7.984549046,35.936542511],[7.979374886,35.932132721],[7.976463795,35.931098938],[7.972987175,35.932533264],[7.963057995,35.931957245],[7.95855999,35.92937851],[7.954543114,35.929206848],[7.945559978,35.934249878],[7.944561958,35.931900024],[7.946287155,35.925254822],[7.939349174,35.92376709],[7.933762074,35.918548584],[7.931956768,35.913452148],[7.928610802,35.911048889],[7.921226025,35.909385681],[7.918745041,35.910476685],[7.917174816,35.905891418],[7.909818172,35.902851105],[7.910683155,35.900447845],[7.908116817,35.894317627],[7.908214092,35.888587952],[7.905223846,35.887329102],[7.894233227,35.887954712],[7.882860184,35.894603729],[7.864704132,35.878444672],[7.831638813,35.89661026],[7.827948093,35.889331818],[7.816380024,35.896839142],[7.804646015,35.901477814],[7.801094055,35.909729004],[7.79334116,35.918323517],[7.778250217,35.940151215],[7.775671959,35.938262939],[7.770421982,35.92817688],[7.763689995,35.9320755],[7.757995129,35.938835144],[7.748047829,35.936199188],[7.741756916,35.937519073],[7.741184235,35.947143555],[7.73939085,35.946456909],[7.734903812,35.938549042],[7.730423927,35.935108185],[7.723639965,35.923706055],[7.716712952,35.898040771],[7.719761848,35.895244598],[7.714055061,35.893341064],[7.711665154,35.889045715],[7.704354763,35.885433197],[7.685213089,35.883831024],[7.679710865,35.877986908],[7.689583778,35.859710693],[7.692718029,35.849796295],[7.684220791,35.850543976],[7.673964977,35.846073151],[7.670487881,35.842918396],[7.685184002,35.828712463],[7.693347931,35.817996979],[7.668297768,35.812728882],[7.648714066,35.824932098],[7.640864849,35.821037292],[7.627658844,35.821266174],[7.603267193,35.816223145],[7.585734844,35.805450439],[7.585809231,35.809406281],[7.573507786,35.810207367],[7.558570862,35.814846039],[7.552405834,35.823898315],[7.553873062,35.825561523],[7.557804108,35.825904846],[7.558106899,35.829856873],[7.56149292,35.831748962],[7.560352802,35.834499359],[7.561562061,35.840114594],[7.562862873,35.840000153],[7.565762043,35.845787048],[7.562501907,35.848880768],[7.551282883,35.853290558],[7.549742222,35.856555939],[7.561052799,35.86882019],[7.562679768,35.872718811],[7.554962158,35.877986908],[7.516682148,35.884346008],[7.502789021,35.894260406],[7.478713036,35.896949768],[7.457758904,35.909614563],[7.438368797,35.913394928],[7.429718018,35.930297852],[7.432851791,35.944450378],[7.42952919,35.944850922],[7.426004887,35.948749542],[7.40739584,35.951950073],[7.402253151,35.956581116],[7.400289059,35.962429047],[7.392528057,35.966835022],[7.386468887,35.988304138],[7.377718925,35.994289398],[7.362061024,36.010631561],[7.371407986,36.017845154],[7.370594025,36.023231506],[7.365522861,36.022483826],[7.3672719,36.029129028],[7.362927914,36.036464691],[7.36457777,36.042537689],[7.360274792,36.045921326],[7.365684032,36.044487],[7.366313934,36.050106049],[7.360012054,36.050849915],[7.354395866,36.055030823],[7.351240158,36.055263519],[7.35050106,36.058467865],[7.345050812,36.057781219],[7.34345293,36.054172516],[7.337219238,36.051422119],[7.33131218,36.053199768],[7.335643768,36.070960999],[7.338284969,36.075889587],[7.338331223,36.084365845],[7.336250782,36.089923859],[7.32841301,36.095310211],[7.33154583,36.105167389],[7.322809219,36.100982666],[7.321949959,36.108200073],[7.325284958,36.117828369],[7.318460941,36.120979309],[7.320367813,36.125217438],[7.317743778,36.12739563],[7.314628124,36.135417938],[7.316154003,36.141544342],[7.32063818,36.139255524],[7.323760033,36.144012451],[7.30947113,36.149169922],[7.304153919,36.149108887],[7.302618027,36.151287079],[7.298447132,36.150428772],[7.294620037,36.154323578],[7.296928883,36.154666901],[7.29655695,36.156215668],[7.290151119,36.156101227],[7.289206028,36.160514832],[7.295530796,36.164524078],[7.287611961,36.174610138],[7.282371044,36.178447723],[7.288437843,36.178390503],[7.284152031,36.190021515],[7.284261227,36.195232391],[7.291978836,36.200561523],[7.291612148,36.209388733],[7.295444965,36.213111877],[7.296619892,36.218952179],[7.303884983,36.226917267],[7.316760063,36.231502533],[7.319011211,36.229667664],[7.319118977,36.2253685],[7.324114799,36.226173401],[7.327168941,36.221591949],[7.335849762,36.223136902],[7.340994835,36.220329285],[7.366887093,36.220100403],[7.373865128,36.21529007],[7.377911091,36.215858459],[7.379228115,36.213851929],[7.389358997,36.213565826],[7.39966011,36.210590363],[7.404037952,36.21081543],[7.406065941,36.209213257],[7.416721821,36.211967468],[7.417822838,36.210361481],[7.429993153,36.207324982],[7.430381775,36.205085754],[7.435224056,36.207038879],[7.444007874,36.203598022],[7.45187521,36.206005096],[7.45673418,36.211734772],[7.461075783,36.213741302],[7.468817234,36.213626862],[7.475240231,36.210933685],[7.489912987,36.217750549],[7.494193077,36.215003967],[7.505246162,36.215805054],[7.511966228,36.219814301],[7.51829195,36.220962524],[7.52293396,36.219432831],[7.524868965,36.223304749],[7.534380913,36.227432251],[7.545633793,36.227661133],[7.547237873,36.229667664],[7.563389778,36.2330513],[7.56644392,36.235054016],[7.583415031,36.22946167],[7.597527981,36.233520508],[7.611035824,36.231678009],[7.612462044,36.226753235],[7.617288113,36.222507477],[7.622855186,36.222286224],[7.624244213,36.229671478],[7.631691933,36.236255646],[7.633525848,36.241756439],[7.641105175,36.241641998],[7.660923958,36.249954224],[7.659183025,36.253444672],[7.659595013,36.256427765],[7.663496971,36.261638641],[7.674273968,36.260780334],[7.678278923,36.256137848],[7.684943199,36.261753082],[7.688437939,36.260089874],[7.696498871,36.259693146],[7.714147091,36.268516541],[7.728240967,36.280490875],[7.727472782,36.281749725],[7.723639965,36.281692505],[7.726728916,36.285934448],[7.722392082,36.289714813],[7.730957031,36.298652649],[7.73775816,36.295215607],[7.743305206,36.299510956],[7.759898186,36.286045074],[7.768452168,36.284900665],[7.781950951,36.293670654],[7.787817955,36.294128418],[7.798194885,36.29177475],[7.802315235,36.294010162],[7.807734013,36.300086975],[7.832863808,36.301921844],[7.837338924,36.300998688],[7.855134964,36.314464569],[7.856287003,36.317157745],[7.839396954,36.338588715],[7.8404212,36.349761963],[7.831816196,36.35131073],[7.826395988,36.357379913],[7.82744503,36.362594604],[7.808038235,36.37273407],[7.816649914,36.386657715],[7.815795898,36.389522552],[7.81016922,36.393302917],[7.812077999,36.395137787],[7.811749935,36.399032593],[7.814908028,36.402130127],[7.811772823,36.403274536],[7.812479019,36.41198349],[7.81602478,36.412960052],[7.817554951,36.416221619],[7.821530819,36.417770386],[7.819026947,36.42023468],[7.820808887,36.421554565],[7.820534229,36.423271179],[7.825094223,36.421497345],[7.83374691,36.421836853],[7.841969013,36.419029236],[7.852712154,36.410778046],[7.868478775,36.405338287],[7.87046814,36.411354065],[7.873635769,36.414905548],[7.883674145,36.41828537],[7.886905193,36.423442841],[7.886917114,36.426593781],[7.892189026,36.428600311],[7.902719975,36.436908722],[7.921627045,36.439884186],[7.94240284,36.456615448],[7.950131893,36.456615448],[7.959928036,36.461410522],[7.979720116,36.466300964],[7.984893799,36.466068268],[7.994147778,36.469852448],[7.998198032,36.466068268]]]]},"properties":{"name":"Souk Ahras","mapcolor":40,"cartodb_id":40}},{"type":"Feature","geometry":{"type":"MultiPolygon","coordinates":[[[[5.724101067,28.999914169],[5.729909897,28.432056427],[5.639200211,28.107131958],[5.660342216,27.999187469],[5.676774979,27.925392151],[5.777756214,27.413547516],[5.775718212,27.172754288],[5.766517162,27.072027206],[6.003005028,26.871206284],[6.012641907,26.865819931],[6.031682014,26.849891663],[6.230021954,26.675369263],[6.255013943,26.65823555],[6.302903175,26.615036011],[6.296433926,26.603517532],[6.296812057,26.59372139],[6.301997185,26.58552742],[6.309853077,26.579969406],[6.308523178,26.559745789],[6.318480968,26.547080994],[6.31790781,26.539461136],[6.312757015,26.534765244],[6.300747871,26.532186508],[6.294033051,26.518663406],[6.286686897,26.508808136],[6.26484108,26.498094559],[6.252396107,26.486177444],[6.246780872,26.475692749],[6.237195015,26.465780258],[6.224963188,26.459592819],[6.2029562,26.459190369],[6.198974133,26.457813263],[6.191359043,26.451629639],[6.186574936,26.438335419],[6.185687065,26.426702499],[6.18344593,26.421377182],[6.180122852,26.418512344],[6.166120052,26.415416718],[6.163955212,26.411291122],[6.17335701,26.401092529],[6.178472996,26.387914658],[6.17796278,26.381498337],[6.166967869,26.368263245],[6.158432007,26.365110397],[6.149854183,26.343854904],[6.144979,26.340818405],[6.140366077,26.33325386],[6.144606113,26.324258804],[6.152667046,26.313776016],[6.159072876,26.308732986],[6.168653011,26.305810928],[6.175878048,26.293319702],[6.179975033,26.280601501],[6.189158916,26.270629883],[6.201712132,26.26553154],[6.210914135,26.257968903],[6.229249001,26.256305695],[6.242833138,26.241697311],[6.248631954,26.245534897],[6.259162903,26.256307602],[6.262519836,26.256422043],[6.270473003,26.246566772],[6.27439785,26.244617462],[6.285788059,26.243873596],[6.290331841,26.236597061],[6.287175179,26.225423813],[6.29006815,26.204339981],[6.298841,26.202219009],[6.312120914,26.202619553],[6.313651085,26.199411392],[6.312492847,26.192935944],[6.314888,26.18778038],[6.31517601,26.178556442],[6.321941853,26.174716949],[6.329493999,26.175231934],[6.335813046,26.164232254],[6.354738235,26.157699585],[6.410590172,26.011077881],[6.412916183,26.000020981],[6.58598423,25.551340103],[6.583645821,25.516674042],[6.613926888,25.491294861],[6.634696007,25.466598511],[6.643154144,25.463218689],[6.656011105,25.453649521],[6.689031124,25.401176453],[6.707989216,25.377733231],[6.729842186,25.34346962],[6.739192009,25.333557129],[6.748170853,25.328001022],[6.790740967,25.268125534],[6.806182861,25.241941452],[6.814496994,25.223836899],[6.824934959,25.195989609],[6.841075897,25.133768082],[6.853154182,25.102313995],[6.857307911,25.098588943],[6.86539793,25.085237503],[6.877624035,25.073377609],[6.893575191,25.041463852],[6.900043964,25.03332901],[6.901339054,25.0266819],[6.909657955,25.007486343],[6.914877892,24.99889183],[6.922028065,24.996143341],[6.931028843,24.978439331],[6.947720051,24.955980301],[6.987929821,24.883899689],[6.999732018,24.852045059],[7.001532078,24.850154877],[7.003737926,24.850839615],[7.013907909,24.832849503],[7.036739826,24.808958054],[7.043908119,24.805976868],[7.054094791,24.798013687],[7.117085934,24.761917114],[7.16529417,24.752006531],[7.193943024,24.749084473],[7.210667133,24.754011154],[7.214816093,24.75693512],[7.257386208,24.759796143],[7.272443771,24.758195877],[7.308557034,24.74845314],[7.531495094,24.423988342],[7.528431892,24.407995224],[7.513521194,24.276508331],[7.527231216,24.042625427],[7.535349846,23.847074509],[7.745866776,23.353469849],[7.657886982,23.270185471],[7.912126064,23.086475372],[8.05129528,23.108961105],[8.445289612,23.184909821],[8.646579742,23.21235466],[9.002552986,23.429904938],[9.215791702,23.557455063],[9.806549072,23.554357529],[9.817996979,23.542146683],[9.835557938,23.529083252],[9.855919838,23.517623901],[9.873808861,23.510574341],[9.885467529,23.507938385],[9.947999954,23.508169174],[9.967428207,23.506620407],[9.976079941,23.500663757],[9.995864868,23.479061127],[10.014863014,23.466859818],[10.034778595,23.448295593],[10.050141335,23.441707611],[10.089834213,23.434085846],[10.126961708,23.411968231],[10.156188011,23.391744614],[10.186032295,23.379825592],[10.202980042,23.370485306],[10.226723671,23.353185654],[10.253629684,23.323791504],[10.262233734,23.321268082],[10.271103859,23.321325302],[10.257850647,23.00585556],[10.259614944,23.000183105],[10.259832382,22.964490891],[10.240139008,22.517959595],[9.663722038,22.181669235],[9.425038338,22.040157318],[9.364805222,22.002000809],[9.186760902,21.897096634],[8.601714134,21.544870377],[8.40827179,21.427818298],[8.33409977,21.381269455],[7.831328869,21.078409195],[7.776441097,21.043609619],[7.559145927,20.912754059],[7.445679188,20.842470169],[7.273006916,20.709306717],[7.191978931,20.644189835],[7.184031963,20.635250092],[7.160675049,20.619380951],[6.994236946,20.475349426],[6.893846035,20.386358261],[6.838064194,20.334640503],[6.690505981,20.210170746],[6.64606905,20.170072556],[6.452402115,20.002948761],[6.289320946,19.858240128],[6.19797802,19.774709702],[6.030826092,19.628980637],[5.817081928,19.437709808],[4.724978924,19.233169556],[4.336152077,19.156589508],[4.21962595,19.132089615],[3.814346075,19.05286026],[3.693557978,19.031000137],[3.33377409,18.960031509],[3.316598892,18.97205925],[3.294835091,18.983190536],[3.28578496,18.990980148],[3.275516987,19.002298355],[3.27037096,19.016700745],[3.256129026,19.02494812],[3.212368965,19.058689117],[3.191781998,19.067369461],[3.168416023,19.086120605],[3.156790018,19.092479706],[3.127325058,19.113859177],[3.121174097,19.119499207],[3.119138956,19.125940323],[3.121351957,19.132177353],[3.110836029,19.148561478],[3.107239008,19.159061432],[3.110204935,19.168060303],[3.10650301,19.171670914],[3.108515978,19.179969788],[3.118191004,19.192077637],[3.125112057,19.196792603],[3.141196012,19.203039169],[3.163598061,19.232589722],[3.170959949,19.239597321],[3.181495905,19.25769043],[3.193856001,19.26914978],[3.197988033,19.280700684],[3.19512701,19.290979385],[3.190752029,19.296409607],[3.198086023,19.31631279],[3.209996939,19.335359573],[3.224528074,19.349830627],[3.253813028,19.366960526],[3.260462999,19.373279572],[3.271068096,19.395107269],[3.272078037,19.409557343],[3.269315958,19.422149658],[3.263164043,19.435089111],[3.239984989,19.465789795],[3.234669924,19.478939056],[3.236377954,19.48979187],[3.246238947,19.506189346],[3.249851942,19.517080307],[3.222909927,19.544309616],[3.212574005,19.565799713],[3.210656881,19.577999115],[3.212740898,19.591470718],[3.224117994,19.629552841],[3.23239398,19.640321732],[3.23378396,19.645347595],[3.232649088,19.655729294],[3.22812295,19.663909912],[3.21852994,19.670869827],[3.212269068,19.680860519],[3.215101957,19.709840775],[3.229254961,19.743602753],[3.229655981,19.770439148],[3.224560022,19.782337189],[3.232985973,19.816719055],[3.232894897,19.821819305],[3.231132984,19.824558258],[3.228662968,19.825910568],[3.195076942,19.82929039],[3.180330992,19.83275032],[3.167264938,19.838090897],[3.109123945,19.871822357],[3.070687056,19.898000717],[3.050030947,19.902740479],[3.029767036,19.912570953],[3.02157402,19.918439865],[3.002441883,19.936761856],[2.964040995,19.950569153],[2.850375891,19.96736145],[2.811466932,19.970342636],[2.791018009,19.976688385],[2.765851974,19.986991882],[2.748872995,19.997779846],[2.724248886,19.998987198],[2.705234051,20.00469017],[2.578320026,20.004880905],[2.560616016,20.015310287],[2.54270196,20.019319534],[2.533435106,20.019140244],[2.513705015,20.024459839],[2.495981932,20.035549164],[2.478770018,20.055400848],[2.467936993,20.061237335],[2.456865072,20.062019348],[2.428827047,20.056049347],[2.418839931,20.056179047],[2.406871796,20.063785553],[2.43411994,20.073575974],[2.476902008,20.094261169],[2.499562979,20.091396332],[2.496412039,20.093112946],[2.479962111,20.203926086],[2.444209099,20.301040649],[2.395869017,20.409730911],[2.352714062,20.494585037],[2.303261995,20.5679245],[2.260571003,20.621955872],[2.24675107,20.67798996],[2.247145891,20.737863541],[2.258106947,20.800487518],[2.263119936,20.860591888],[2.230616093,20.953697205],[2.211651087,21.029729843],[2.194595098,21.088630676],[2.154109001,21.163742065],[2.091932058,21.28612709],[2.050112009,21.333795547],[2.003232002,21.392353058],[1.969885945,21.419569016],[1.913043022,21.457212448],[1.86737299,21.493249893],[1.838983059,21.527858734],[1.798658013,21.699516296],[1.783681035,21.786319733],[1.779469013,21.802934647],[1.775859952,21.810785294],[1.739527941,21.821611404],[1.706015944,21.826425552],[1.632815003,21.830036163],[1.591385007,21.829120636],[1.505166054,21.821327209],[1.471698999,21.8163414],[1.445796013,21.808893204],[1.424034953,21.806085587],[1.417572021,21.802646637],[1.418648958,22.205896378],[1.425971985,23.308324814],[1.424005985,23.36092186],[1.42511797,23.372266769],[1.429311991,23.957485199],[1.427824974,23.996738434],[1.437842965,23.994041443],[1.439746022,24.022687912],[1.437670946,24.18432045],[1.43967104,24.823284149],[1.438702941,24.974313736],[1.427885056,24.992076874],[1.425714016,25.525499344],[1.053091049,25.999792099],[0.995113015,26.110889435],[0.933920979,26.235794067],[1.190582991,26.467727661],[1.248968005,26.530525208],[1.257928967,26.538202286],[1.279047966,26.567079544],[1.284639955,26.577161789],[1.288599014,26.587303162],[1.295256972,26.617614746],[1.298861027,26.626094818],[1.309553027,26.63428688],[1.318817019,26.639785767],[1.341014028,26.648151398],[1.364974022,26.655601501],[1.377195954,26.657548904],[1.379802942,26.664825439],[1.388363004,26.666431427],[1.401604056,26.659610748],[1.415915966,26.665571213],[1.424378991,26.66614151],[1.442042947,26.661558151],[1.460881948,26.652450562],[1.460824966,26.636751175],[1.462932944,26.634344101],[1.477005005,26.633197784],[1.501412988,26.626609802],[1.516458988,26.643796921],[1.529929042,26.644199371],[1.539181948,26.642595291],[1.534999967,26.621912003],[1.535583973,26.616067886],[1.538591981,26.610509872],[1.545233011,26.610336304],[1.55291605,26.615839005],[1.56030798,26.629875183],[1.571228027,26.632968903],[1.597216964,26.634115219],[1.631456971,26.653594971],[1.647683978,26.67622757],[1.647660017,26.684249878],[1.64586699,26.689289093],[1.647717953,26.840723038],[1.667983055,27.024414062],[1.780586004,27.276573181],[1.699581981,27.385606766],[1.69747901,27.629169464],[1.779389024,27.753616333],[1.797626019,27.937824249],[1.810827017,28.002738953],[1.815600038,28.14850235],[1.95608902,28.34548378],[2.005460978,28.482936859],[2.015855074,28.728849411],[2.041759968,28.898042679],[2.320055008,28.98891449],[2.500010014,29.045064926],[2.996769905,29.080186844],[3.083120108,29.018419266],[3.13876009,28.97567749],[3.768028021,28.513818741],[3.76303792,28.50510788],[3.761164904,28.497730255],[4.147487164,28.757669449],[4.211252213,28.798864365],[4.528131008,28.999801636],[4.962931156,29.279119492],[5.024426937,29.314525604],[5.065439224,29.340251923],[5.365818977,29.532363892],[5.722640038,29.757711411],[5.727103233,29.012693405],[5.724101067,28.999914169]]]]},"properties":{"name":"Tamanghasset","mapcolor":42,"cartodb_id":42}},{"type":"Feature","geometry":{"type":"MultiPolygon","coordinates":[[[[8.204364777,35.992294312],[8.208301544,35.992347717],[8.212651253,35.998649597],[8.217841148,35.994812012],[8.216832161,35.984672546],[8.219750404,35.981121063],[8.230670929,35.978141785],[8.237460136,35.97177887],[8.243103981,35.972240448],[8.257961273,35.962898254],[8.261914253,35.962669373],[8.263918877,35.964157104],[8.267837524,35.957683563],[8.273276329,35.958198547],[8.281842232,35.962268829],[8.289078712,35.960437775],[8.29313755,35.957069397],[8.291117668,35.955848694],[8.29189682,35.95223999],[8.28711319,35.95223999],[8.283303261,35.948863983],[8.279252052,35.94977951],[8.278248787,35.947200775],[8.272555351,35.945823669],[8.2657938,35.937976837],[8.265742302,35.929206848],[8.263878822,35.925483704],[8.265312195,35.923423767],[8.26359272,35.921073914],[8.26543808,35.919124603],[8.260074615,35.914600372],[8.258264542,35.908752441],[8.273139,35.903770447],[8.270055771,35.898040771],[8.262274742,35.891391754],[8.27948761,35.891738892],[8.277934074,35.886238098],[8.272983551,35.882858276],[8.271040916,35.875579834],[8.27206707,35.873573303],[8.269832611,35.871456146],[8.275493622,35.820232391],[8.274873734,35.816509247],[8.271666527,35.81483078],[8.27319622,35.811923981],[8.272072792,35.804477692],[8.269556999,35.801898956],[8.26736927,35.791702271],[8.268967628,35.787460327],[8.267683029,35.785682678],[8.268508911,35.782707214],[8.26729393,35.777374268],[8.262669563,35.770381927],[8.261472702,35.763397217],[8.264739037,35.745807648],[8.269276619,35.739330292],[8.267412186,35.730628967],[8.282391548,35.723461151],[8.303684235,35.702316284],[8.309102058,35.692005157],[8.313154221,35.6929245],[8.320832253,35.685245514],[8.337510109,35.684669495],[8.340702057,35.681461334],[8.356806755,35.67275238],[8.360061646,35.65814209],[8.358136177,35.653331757],[8.36152935,35.648918152],[8.362285614,35.642444611],[8.359459877,35.622104645],[8.353170395,35.612361908],[8.355805397,35.603023529],[8.356687546,35.579704285],[8.365476608,35.548423767],[8.365649223,35.537479401],[8.362171173,35.52538681],[8.375487328,35.496456146],[8.388584137,35.486427307],[8.386286736,35.467636108],[8.374264717,35.468437195],[8.357604027,35.464195251],[8.353059769,35.461620331],[8.35400486,35.459209442],[8.350769043,35.453712463],[8.339119911,35.443054199],[8.330348015,35.421798706],[8.317784309,35.415096283],[8.329146385,35.413318634],[8.331678391,35.407527924],[8.328595161,35.397388458],[8.316620827,35.377449036],[8.31882,35.368339539],[8.317416191,35.359802246],[8.321101189,35.34444809],[8.319497108,35.334880829],[8.3201437,35.326400757],[8.31437397,35.32674408],[8.31401062,35.314250946],[8.323683739,35.30399704],[8.326170921,35.298324585],[8.326107979,35.291221619],[8.335195541,35.280849457],[8.360038757,35.277122498],[8.36527729,35.272140503],[8.378145218,35.268245697],[8.392891884,35.259536743],[8.399968147,35.252315521],[8.40847683,35.249740601],[8.408099174,35.24710083],[8.4167099,35.247962952],[8.426347733,35.246585846],[8.435033798,35.240913391],[8.445414543,35.23822403],[8.463955879,35.23948288],[8.46694088,35.238452911],[8.476361275,35.240455627],[8.477953911,35.242118835],[8.479969978,35.241027832],[8.456394196,35.220687866],[8.45053196,35.210258484],[8.434682846,35.191753387],[8.428965569,35.182704926],[8.424823761,35.179782867],[8.418601036,35.152793884],[8.40409565,35.130313873],[8.392698288,35.120594025],[8.387145042,35.11807251],[8.378992081,35.111251831],[8.363368034,35.103752136],[8.359208107,35.099395752],[8.357649803,35.091716766],[8.354429245,35.089454651],[8.350952148,35.079284668],[8.34504509,35.07252121],[8.345658302,35.070404053],[8.318045616,35.009555817],[8.320302963,35.000846863],[8.317839622,34.948246002],[8.31145668,34.949279785],[8.308070183,34.947731018],[8.301516533,34.949970245],[8.299865723,34.947158813],[8.295637131,34.946357727],[8.295883179,34.945270538],[8.287994385,34.944236755],[8.284580231,34.94045639],[8.279067039,34.93844986],[8.2725811,34.931972504],[8.267952919,34.932376862],[8.259018898,34.928134918],[8.249697685,34.920059204],[8.25343895,34.917366028],[8.25481987,34.914730072],[8.254040718,34.912208557],[8.258429527,34.908657074],[8.258646965,34.904705048],[8.263465881,34.893184662],[8.264137268,34.889347076],[8.262062073,34.882816315],[8.263402939,34.875083923],[8.274650574,34.862361908],[8.273590088,34.851531982],[8.278517723,34.844657898],[8.275675774,34.840530396],[8.280322075,34.836006165],[8.284539223,34.8189888],[8.282739639,34.812454224],[8.287942886,34.80632782],[8.288377762,34.801456451],[8.285571098,34.793891907],[8.283978462,34.773727417],[8.295283318,34.751552582],[8.302135468,34.743587494],[8.313943863,34.735454559],[8.321288109,34.735679626],[8.322682381,34.733730316],[8.315238953,34.729553223],[8.30189991,34.733272552],[8.297596931,34.731784821],[8.294319153,34.722846985],[8.279050827,34.706230164],[8.278036118,34.702220917],[8.26702404,34.690189362],[8.24866581,34.689159393],[8.242679596,34.686233521],[8.240059853,34.675060272],[8.244855881,34.668186188],[8.26144886,34.65901947],[8.273371696,34.659305573],[8.275554657,34.661193848],[8.280667305,34.660449982],[8.283685684,34.657012939],[8.283398628,34.653747559],[8.27897644,34.648761749],[8.277400017,34.648933411],[8.276374817,34.644180298],[8.271986008,34.642402649],[8.268807411,34.643836975],[8.262989998,34.639995575],[8.250713348,34.635414124],[8.244259834,34.630313873],[8.245680809,34.621376038],[8.252568245,34.613124847],[8.240525246,34.61220932],[8.234754562,34.614330292],[8.230401039,34.612724304],[8.231781006,34.608253479],[8.228429794,34.608829498],[8.223869324,34.604759216],[8.214781761,34.603382111],[8.212077141,34.590091705],[8.206290245,34.589347839],[8.2059412,34.587913513],[8.217645645,34.580810547],[8.223748207,34.579147339],[8.223713875,34.576286316],[8.213659286,34.574966431],[8.207842827,34.576515198],[8.20481205,34.573135376],[8.199695587,34.574108124],[8.197502136,34.572273254],[8.188076019,34.570556641],[8.179354668,34.573760986],[8.171970367,34.574047089],[8.172863007,34.563793182],[8.163118362,34.567005157],[8.162074089,34.565341949],[8.164772987,34.56230545],[8.16271019,34.561786652],[8.163237572,34.560012817],[8.168268204,34.553192139],[8.167327881,34.551017761],[8.160039902,34.550670624],[8.158568382,34.546031952],[8.15402317,34.545631409],[8.149080276,34.537322998],[8.150694847,34.532623291],[8.136916161,34.531021118],[8.134314537,34.528961182],[8.133752823,34.52620697],[8.128567696,34.526836395],[8.121865273,34.522483826],[8.118346214,34.518241882],[8.116043091,34.511367798],[8.106944084,34.512973785],[8.101771355,34.510795593],[8.09605217,34.513431549],[8.088288307,34.513259888],[8.084851265,34.514862061],[8.081424713,34.507301331],[8.078280449,34.505981445],[8.077242851,34.503406525],[8.072944641,34.501968384],[8.073301315,34.495609283],[8.043992996,34.492286682],[8.020593643,34.472293854],[8.011587143,34.456993103],[7.999067783,34.456020355],[7.973651886,34.446796417],[7.959877968,34.448169708],[7.95401001,34.446220398],[7.95298481,34.439865112],[7.943626881,34.43888855],[7.936235905,34.431442261],[7.932341099,34.425941467],[7.932705879,34.420955658],[7.931538105,34.41998291],[7.925819874,34.419120789],[7.918320179,34.415050507],[7.910929203,34.415740967],[7.90723896,34.414482117],[7.896170139,34.416713715],[7.891208172,34.415569305],[7.879885197,34.406806946],[7.87390995,34.407493591],[7.865722179,34.405487061],[7.857707024,34.406345367],[7.857116222,34.395172119],[7.855167866,34.391620636],[7.857386112,34.382049561],[7.860021114,34.383480072],[7.860876083,34.381938934],[7.854435921,34.368816376],[7.855929852,34.36623764],[7.854302883,34.36302948],[7.856389046,34.357013702],[7.818813801,34.258235931],[7.818322182,34.25227356],[7.813038826,34.242591858],[7.655130863,34.259151459],[7.642514229,34.261901855],[7.42735815,34.274620056],[7.230924129,34.340110779],[7.245912075,34.444732666],[7.27818203,34.53629303],[7.299777031,34.556804657],[7.310134888,34.578975677],[7.314186096,34.581726074],[7.32102108,34.593585968],[7.326929092,34.596508026],[7.32719183,34.600746155],[7.362802029,34.648761749],[7.376788139,34.664577484],[7.385898113,34.685489655],[7.391712189,34.706130981],[7.394790173,34.727481842],[7.389378071,34.739048004],[7.390342236,34.753124237],[7.383296967,34.757232666],[7.368299961,34.772445679],[7.367193222,34.779510498],[7.363027096,34.789699554],[7.36469698,34.792888641],[7.373884201,34.800510406],[7.371995926,34.807201385],[7.377729893,34.812332153],[7.3765769,34.817596436],[7.378622055,34.824577332],[7.393659115,34.842121124],[7.402726173,34.866123199],[7.397469044,34.868427277],[7.400238991,34.88261795],[7.395440102,34.894489288],[7.392148972,34.910385132],[7.377041817,34.932071686],[7.370942116,34.936985016],[7.370075226,34.951313019],[7.371271133,34.954746246],[7.369056225,34.959785461],[7.367090225,34.960357666],[7.354180813,34.954135895],[7.344876766,34.951980591],[7.322990894,34.966724396],[7.312455177,34.965236664],[7.308617115,34.966884613],[7.307322979,34.966464996],[7.307109833,34.957481384],[7.300674915,34.948123932],[7.290996075,34.940853119],[7.283280849,34.937602997],[7.27404213,34.930007935],[7.267766953,34.910991669],[7.258225918,34.896858215],[7.250315189,34.878322601],[7.251317024,34.873027802],[7.25743103,34.865661621],[7.261631012,34.869056702],[7.265238762,34.878860474],[7.273630142,34.884403229],[7.274178028,34.883052826],[7.2678442,34.875926971],[7.265452862,34.867160797],[7.270956993,34.855583191],[7.268127918,34.84897995],[7.271122932,34.846374512],[7.27079916,34.844650269],[7.266455173,34.84079361],[7.266376019,34.833599091],[7.264647961,34.830413818],[7.266876221,34.825344086],[7.266601086,34.821777344],[7.264770031,34.821895599],[7.260756016,34.831729889],[7.261974812,34.836933136],[7.261145115,34.842273712],[7.263389111,34.847270966],[7.25969696,34.85149765],[7.255225182,34.861503601],[7.247735977,34.870300293],[7.245937824,34.877300262],[7.234744072,34.888175964],[7.234276772,34.898605347],[7.228267193,34.903686523],[7.235564232,34.916484833],[7.236973763,34.927082062],[7.244409084,34.93585968],[7.241874218,34.946338654],[7.245643139,34.96207428],[7.252007008,34.970874786],[7.267288208,34.981090546],[7.268226147,34.98266983],[7.265142918,34.987373352],[7.266759872,34.990440369],[7.27638483,34.99458313],[7.286973,34.996768951],[7.288346767,35.01997757],[7.29244709,35.030021667],[7.301706791,35.042732239],[7.311132908,35.053844452],[7.356706142,35.074069977],[7.365139961,35.072063446],[7.438045979,35.163982391],[7.418248177,35.192100525],[7.394521236,35.219203949],[7.391839981,35.226303101],[7.391055107,35.242866516],[7.400644779,35.245090485],[7.416110039,35.254951477],[7.419788837,35.258049011],[7.422504902,35.263206482],[7.427785873,35.265895844],[7.431727886,35.270938873],[7.427190781,35.270248413],[7.415444851,35.276268005],[7.410415173,35.277240753],[7.407406807,35.281425476],[7.40410614,35.282566071],[7.40098381,35.291221619],[7.396937847,35.294597626],[7.404988766,35.301765442],[7.40321207,35.304397583],[7.404404163,35.307491302],[7.4022789,35.31161499],[7.4036479,35.321186066],[7.39881897,35.336765289],[7.399613857,35.340496063],[7.41100502,35.348628998],[7.411159992,35.350692749],[7.407389164,35.35459137],[7.412419796,35.356250763],[7.405269146,35.364044189],[7.405619144,35.366394043],[7.394882202,35.373153687],[7.401516914,35.384933472],[7.396845818,35.389610291],[7.405321121,35.394126892],[7.432485104,35.39956665],[7.440219879,35.399223328],[7.445510864,35.401752472],[7.453604221,35.402259827],[7.460661888,35.398880005],[7.470923901,35.406215668],[7.483019829,35.407531738],[7.498168945,35.41280365],[7.526834965,35.418304443],[7.547791958,35.427650452],[7.552985191,35.422142029],[7.575353146,35.429477692],[7.583780766,35.437438965],[7.587162018,35.445404053],[7.603617191,35.461448669],[7.607759953,35.46276474],[7.610894203,35.467922211],[7.618420124,35.474342346],[7.625187874,35.477432251],[7.643878937,35.492786407],[7.662859917,35.505081177],[7.662156105,35.517311096],[7.666069031,35.527450562],[7.673157215,35.535758972],[7.679889202,35.538738251],[7.685790062,35.538967133],[7.70865202,35.545845032],[7.711659908,35.550254822],[7.726271152,35.55443573],[7.729164124,35.556846619],[7.740736961,35.559364319],[7.747814178,35.565608978],[7.768188,35.571914673],[7.782916069,35.580383301],[7.790647984,35.577243805],[7.794710159,35.579189301],[7.798148155,35.576496124],[7.802399158,35.577297211],[7.800508976,35.569561005],[7.804221153,35.569221497],[7.805441856,35.566184998],[7.822075844,35.571681976],[7.829592228,35.58108139],[7.836984158,35.585090637],[7.843033791,35.590873718],[7.849702835,35.592536926],[7.868960857,35.590705872],[7.867858887,35.595527649],[7.862211227,35.602050781],[7.863004208,35.605373383],[7.856258869,35.612365723],[7.849588871,35.615001678],[7.845760822,35.6183815],[7.844851017,35.622447968],[7.840433121,35.62468338],[7.834526062,35.631961823],[7.834618092,35.636425018],[7.833156109,35.637802124],[7.834662914,35.639984131],[7.830692768,35.643993378],[7.828343868,35.652755737],[7.821926117,35.657169342],[7.822350979,35.662208557],[7.819943905,35.665821075],[7.81874609,35.665363312],[7.82119894,35.668399811],[7.819475174,35.67464447],[7.820831776,35.678367615],[7.817864895,35.686847687],[7.818953037,35.689426422],[7.813155174,35.696304321],[7.814690113,35.697734833],[7.812832832,35.699451447],[7.814105988,35.709251404],[7.812656879,35.70999527],[7.812232018,35.715843201],[7.814603806,35.718017578],[7.812776089,35.722255707],[7.814283848,35.723461151],[7.811326981,35.727127075],[7.81222105,35.730392456],[7.814123154,35.730106354],[7.814826965,35.733547211],[7.813520908,35.735202789],[7.808708191,35.735378265],[7.809121132,35.738929749],[7.814524174,35.741909027],[7.823336124,35.741508484],[7.822563171,35.739845276],[7.832073212,35.738815308],[7.835395813,35.742771149],[7.8414011,35.742828369],[7.842398167,35.746608734],[7.844311237,35.746665955],[7.841254234,35.749839783],[7.844301224,35.752220154],[7.842616081,35.754283905],[7.842598915,35.757892609],[7.847474098,35.764083862],[7.834262848,35.760242462],[7.822126865,35.765628815],[7.811423779,35.76505661],[7.807481766,35.7694664],[7.798189163,35.770957947],[7.797232151,35.773479462],[7.786028862,35.782417297],[7.783187866,35.787631989],[7.771975994,35.796455383],[7.770187855,35.801727295],[7.777882099,35.813014984],[7.777676105,35.819431305],[7.755835056,35.857246399],[7.752231121,35.87890625],[7.734784126,35.884632111],[7.727382183,35.891719818],[7.716712952,35.898040771],[7.723639965,35.923706055],[7.73939085,35.946456909],[7.741947174,35.947257996],[7.741756916,35.937519073],[7.748047829,35.936199188],[7.757995129,35.938835144],[7.763689995,35.9320755],[7.770421982,35.92817688],[7.775671959,35.938262939],[7.778250217,35.940151215],[7.79334116,35.918323517],[7.801094055,35.909729004],[7.804646015,35.901477814],[7.816380024,35.896839142],[7.827948093,35.889331818],[7.831638813,35.89661026],[7.864704132,35.878444672],[7.882860184,35.894603729],[7.894233227,35.887954712],[7.905223846,35.887329102],[7.908214092,35.888587952],[7.908116817,35.894317627],[7.910683155,35.900447845],[7.909818172,35.902851105],[7.917174816,35.905891418],[7.918745041,35.910476685],[7.921226025,35.909385681],[7.928610802,35.911048889],[7.931956768,35.913452148],[7.933762074,35.918548584],[7.939349174,35.92376709],[7.946287155,35.925254822],[7.944561958,35.931900024],[7.945559978,35.934249878],[7.954543114,35.929206848],[7.95855999,35.92937851],[7.963057995,35.931957245],[7.972987175,35.932533264],[7.976463795,35.931098938],[7.979374886,35.932132721],[7.984549046,35.936542511],[7.983879089,35.938777924],[7.979467869,35.940265656],[7.980698109,35.942272186],[7.979627132,35.950065613],[7.989493847,35.951553345],[7.987832069,35.956768036],[7.991281033,35.959861755],[7.994719028,35.956424713],[8.006521225,35.959922791],[8.008034706,35.96112442],[8.006109238,35.963474274],[8.006957054,35.964962006],[8.012125969,35.967254639],[8.00965023,35.971206665],[8.011099815,35.974185944],[8.016789436,35.973327637],[8.03659153,35.977737427],[8.041595459,35.975215912],[8.042326927,35.971149445],[8.045128822,35.96937561],[8.057390213,35.970806122],[8.065239906,35.974357605],[8.066614151,35.972579956],[8.065171242,35.970062256],[8.065784454,35.967197418],[8.070487976,35.965591431],[8.073931694,35.967540741],[8.071191788,35.971378326],[8.071989059,35.973499298],[8.077248573,35.974357605],[8.079924583,35.970348358],[8.081845284,35.97052002],[8.081465721,35.976249695],[8.083322525,35.976993561],[8.095005035,35.974700928],[8.108160019,35.984100342],[8.111867905,35.984100342],[8.113999367,35.990116119],[8.118055344,35.991031647],[8.120937347,35.994697571],[8.123646736,35.994525909],[8.121573448,35.989715576],[8.124505997,35.987991333],[8.131990433,35.990001678],[8.139552116,35.994983673],[8.146319389,35.996074677],[8.155550003,35.987308502],[8.160058975,35.990974426],[8.169439316,35.987308502],[8.182518959,35.993038177],[8.189429283,35.988910675],[8.19048214,35.990516663],[8.18948555,35.993782043],[8.185440063,35.995498657],[8.186981201,35.997619629],[8.186197281,36.001113892],[8.192328453,36.003463745],[8.201065063,35.99905014],[8.204364777,35.992294312]]]]},"properties":{"name":"Tébessa","mapcolor":41,"cartodb_id":41}},{"type":"Feature","geometry":{"type":"MultiPolygon","coordinates":[[[[1.358482957,35.710739136],[1.367329001,35.70879364],[1.372841001,35.701515198],[1.385004997,35.69739151],[1.38329196,35.690746307],[1.39139998,35.684211731],[1.402737975,35.686275482],[1.407992005,35.680488586],[1.410455942,35.674987793],[1.413630009,35.675045013],[1.419708967,35.678253174],[1.424396038,35.685012817],[1.429999948,35.687419891],[1.43602705,35.686790466],[1.439138055,35.669200897],[1.444620967,35.667999268],[1.449251056,35.670688629],[1.453215957,35.669200897],[1.465769053,35.669200897],[1.476631999,35.670860291],[1.482362032,35.664558411],[1.492239952,35.662956238],[1.494583011,35.659233093],[1.497603059,35.659404755],[1.500386953,35.657226562],[1.499184012,35.64553833],[1.501561999,35.644050598],[1.499454021,35.642383575],[1.495666027,35.642383575],[1.495602965,35.640956879],[1.49921298,35.639122009],[1.499276042,35.637058258],[1.502169013,35.63539505],[1.504140019,35.631443024],[1.50463903,35.626346588],[1.502971053,35.625370026],[1.503280997,35.622272491],[1.501652956,35.620845795],[1.502742052,35.619468689],[1.501528025,35.613681793],[1.504752994,35.607036591],[1.502581954,35.603141785],[1.50446105,35.601703644],[1.519621968,35.595001221],[1.523283005,35.597236633],[1.548967957,35.598499298],[1.552464008,35.603199005],[1.554021955,35.611213684],[1.556681037,35.612247467],[1.56220901,35.609558105],[1.563159943,35.605201721],[1.565027952,35.604743958],[1.568809986,35.611160278],[1.571956038,35.612876892],[1.57307303,35.610588074],[1.57517004,35.611450195],[1.57605195,35.609668732],[1.578876972,35.609783173],[1.579782009,35.606292725],[1.581529021,35.606864929],[1.582790017,35.604400635],[1.58552897,35.604228973],[1.589751005,35.604972839],[1.589390993,35.611850739],[1.593075037,35.608867645],[1.599691987,35.607437134],[1.596467018,35.604171753],[1.599635005,35.603942871],[1.602087021,35.601650238],[1.600052953,35.600276947],[1.599704027,35.597751617],[1.602367997,35.596954346],[1.59918201,35.59053421],[1.596729994,35.589443207],[1.603129983,35.585723877],[1.600896001,35.577869415],[1.60759902,35.574203491],[1.608304024,35.571109772],[1.611328959,35.570999146],[1.618612051,35.566299438],[1.626765013,35.563606262],[1.625367045,35.56268692],[1.632747054,35.559078217],[1.636860013,35.545558929],[1.653051972,35.541603088],[1.659428954,35.544525146],[1.674193978,35.539943695],[1.677528977,35.542289734],[1.68364203,35.536045074],[1.698528051,35.547161102],[1.697432995,35.551914215],[1.699237943,35.556270599],[1.693325043,35.566009521],[1.691331983,35.573863983],[1.692608953,35.577068329],[1.69530201,35.573402405],[1.706480026,35.571109772],[1.714112043,35.571800232],[1.716925979,35.570594788],[1.719120026,35.567157745],[1.726922989,35.563144684],[1.722671986,35.558906555],[1.725244999,35.557132721],[1.723451018,35.555526733],[1.724431038,35.553062439],[1.730950952,35.545955658],[1.731564045,35.541435242],[1.738095999,35.539310455],[1.74020505,35.539413452],[1.743132949,35.542705536],[1.743397951,35.546001434],[1.741163969,35.551124573],[1.743443966,35.552509308],[1.748399973,35.552143097],[1.754310012,35.555519104],[1.762877941,35.555644989],[1.76770699,35.553356171],[1.775774002,35.552886963],[1.777714968,35.553985596],[1.784247994,35.552970886],[1.790567994,35.555561066],[1.794638991,35.555496216],[1.799972057,35.551425934],[1.804916978,35.554206848],[1.808102965,35.553806305],[1.811113,35.550331116],[1.81904304,35.546977997],[1.82386601,35.547554016],[1.827154994,35.55065155],[1.830065966,35.551113129],[1.839223981,35.551078796],[1.851843953,35.548469543],[1.85344398,35.552848816],[1.856938958,35.554538727],[1.863762021,35.552265167],[1.871623993,35.55437851],[1.890094995,35.551513672],[1.900228977,35.555763245],[1.90656805,35.555583954],[1.909243941,35.557529449],[1.918439984,35.555870056],[1.923573971,35.561309814],[1.931395054,35.564807892],[1.935698032,35.563373566],[1.94777,35.565208435],[1.955837011,35.563034058],[1.960530043,35.565155029],[1.968063951,35.56578064],[1.973175049,35.570537567],[1.972905993,35.578731537],[1.978279948,35.580051422],[1.984954953,35.585208893],[1.985219002,35.593055725],[1.987069011,35.594715118],[1.995617986,35.594257355],[2.004831076,35.599586487],[2.015602112,35.598957062],[2.02746892,35.606807709],[2.037528992,35.606575012],[2.038646936,35.603424072],[2.035145998,35.599586487],[2.032521963,35.592250824],[2.012049913,35.587726593],[2.011758089,35.584632874],[2.007610083,35.581539154],[2.010840893,35.580051422],[2.018181086,35.57213974],[2.030872107,35.572601318],[2.043173075,35.576267242],[2.057101965,35.575408936],[2.081212044,35.578731537],[2.085800886,35.568073273],[2.079644918,35.541801453],[2.072439909,35.540859222],[2.05875206,35.535129547],[2.027812004,35.538162231],[2.0166049,35.531806946],[2.013665915,35.508831024],[2.014445066,35.498630524],[2.026882887,35.477603912],[2.039706945,35.466377258],[2.045624971,35.469238281],[2.095346928,35.439044952],[2.273044109,35.337860107],[2.299588919,35.334022522],[2.31663394,35.319293976],[2.331754923,35.316661835],[2.334666014,35.311962128],[2.347362041,35.317001343],[2.347642899,35.31224823],[2.35985899,35.305259705],[2.375407934,35.281078339],[2.374176979,35.278156281],[2.378359079,35.274375916],[2.381155014,35.267845154],[2.396614075,35.252147675],[2.394762993,35.249740601],[2.396579027,35.245384216],[2.402904987,35.243610382],[2.406979084,35.251457214],[2.43581605,35.277984619],[2.445188999,35.283599854],[2.462933064,35.283313751],[2.481365919,35.313796997],[2.501539946,35.309669495],[2.524566889,35.333961487],[2.534697056,35.329265594],[2.540810108,35.324279785],[2.561074972,35.316257477],[2.564925909,35.307952881],[2.574086905,35.30273819],[2.574533939,35.29901123],[2.572253942,35.296146393],[2.574676991,35.289730072],[2.567980051,35.279361725],[2.576762915,35.274089813],[2.589190006,35.258960724],[2.613965034,35.24394989],[2.639461994,35.237251282],[2.671771049,35.242172241],[2.65438199,35.201553345],[2.670773983,35.183101654],[2.655057907,35.181785583],[2.6386199,35.173248291],[2.627109051,35.159042358],[2.608637094,35.124202728],[2.593859911,35.100139618],[2.595578909,35.100540161],[2.584795952,35.086158752],[2.651901007,35.036083221],[2.633085012,35.033100128],[2.602236986,35.007205963],[2.591483116,35.006233215],[2.557580948,35.008922577],[2.545216084,35.008407593],[2.519268036,34.999126434],[2.498966932,34.987499237],[2.477222919,34.886310577],[2.461494923,34.854110718],[2.444674015,34.831306458],[2.429238081,34.806728363],[2.359817982,34.78924942],[2.360049009,34.773765564],[2.365937948,34.723762512],[2.37374711,34.709609985],[2.367048979,34.694831848],[2.225053072,34.680965424],[2.214631081,34.659648895],[2.206896067,34.647846222],[2.204329014,34.640457153],[2.185214996,34.634555817],[2.182419062,34.629169464],[2.111073971,34.606307983],[2.025175095,34.547897339],[2.000322104,34.506843567],[1.954152942,34.496585846],[1.948055983,34.49200058],[1.929504037,34.486385345],[1.91297996,34.484611511],[1.911375999,34.486385345],[1.907858014,34.485298157],[1.898874044,34.487190247],[1.894140959,34.482719421],[1.885615945,34.483924866],[1.883708,34.478076935],[1.883880019,34.479572296],[1.878029943,34.48128891],[1.873829961,34.477508545],[1.867733002,34.479797363],[1.862159014,34.476703644],[1.860537052,34.47819519],[1.858193994,34.477619171],[1.858234048,34.475444794],[1.855157018,34.473323822],[1.855592012,34.471092224],[1.85174799,34.473613739],[1.850664973,34.468914032],[1.845520973,34.468917847],[1.843199015,34.465934753],[1.824223042,34.46868515],[1.771064043,34.439002991],[1.695634007,34.375923157],[1.697335958,34.368526459],[1.684674025,34.357814789],[1.675963998,34.322807312],[1.67078495,34.278003693],[1.667513013,34.262931824],[1.590456009,34.224887848],[1.577633977,34.269233704],[1.477090955,34.203918457],[1.400869966,34.182315826],[1.41038096,34.156417847],[1.427204013,34.130634308],[1.438806057,34.130008698],[1.369518042,34.087722778],[1.336209059,34.072975159],[1.335078001,34.078842163],[1.324684024,34.084228516],[1.315081,34.096031189],[1.311671972,34.098152161],[1.314175963,34.100444794],[1.311323047,34.106971741],[1.313053012,34.110813141],[1.303146005,34.114765167],[1.304366946,34.117572784],[1.298768997,34.119293213],[1.290971041,34.132816315],[1.285058022,34.132926941],[1.283637047,34.134246826],[1.283648968,34.13728714],[1.287361979,34.140834808],[1.284484982,34.147026062],[1.281299949,34.148742676],[1.279803991,34.15619278],[1.274029016,34.162151337],[1.274750948,34.171031952],[1.268556952,34.174983978],[1.272521973,34.17830658],[1.274860024,34.183349609],[1.272773981,34.185813904],[1.26988101,34.183578491],[1.269691944,34.185527802],[1.277282953,34.194465637],[1.27651,34.201339722],[1.273277998,34.205978394],[1.213983059,34.202259064],[1.178063989,34.202316284],[1.163333058,34.199333191],[1.147433996,34.198246002],[1.142941952,34.196414948],[1.101791978,34.198188782],[1.013749957,34.193611145],[1.028241038,34.291751862],[1.037626982,34.339252472],[1.044083953,34.383769989],[0.857465982,34.414997101],[0.934391022,34.528556824],[0.869377971,34.551990509],[0.794182003,34.575424194],[0.779130995,34.595993042],[0.803075016,34.614788055],[0.814481974,34.616847992],[0.804776013,34.627506256],[0.794342995,34.643035889],[0.795442998,34.651798248],[0.792910993,34.662628174],[0.743148983,34.644523621],[0.693983972,34.711101532],[0.678164005,34.724506378],[0.674371004,34.73797226],[0.666499019,34.74312973],[0.660539985,34.763183594],[0.663381994,34.7866745],[0.667896986,34.792804718],[0.668457985,34.80128479],[0.663209975,34.811653137],[0.668183029,34.815727234],[0.669993997,34.820362091],[0.677248001,34.822658539],[0.676675022,34.828044891],[0.678044021,34.829704285],[0.668326974,34.845058441],[0.653957009,34.85949707],[0.651463985,34.865394592],[0.67473799,34.878231049],[0.725386977,34.89994812],[0.779519975,34.943721771],[0.789152026,34.950653076],[0.795861006,34.951629639],[0.796939015,34.954723358],[0.799796999,34.95684433],[0.788167,34.964920044],[0.788751006,34.972084045],[0.776988029,34.98841095],[0.770519018,34.991905212],[0.760842025,35.001361847],[0.74891901,35.016319275],[0.741985977,35.034362793],[0.723818004,35.046279907],[0.723657012,35.050922394],[0.713572979,35.051895142],[0.712180972,35.056079865],[0.696298003,35.063526154],[0.664813995,35.067821503],[0.657119989,35.075042725],[0.658110976,35.077793121],[0.654483974,35.079681396],[0.655595005,35.082550049],[0.653567016,35.087417603],[0.654742002,35.088279724],[0.652570009,35.090114594],[0.657222986,35.094696045],[0.649097979,35.097335815],[0.647368014,35.102546692],[0.645918012,35.102771759],[0.644239008,35.107933044],[0.64527601,35.111484528],[0.643432021,35.113433838],[0.633049011,35.114349365],[0.628036022,35.110336304],[0.619355977,35.109882355],[0.613866985,35.1067276],[0.586364985,35.10987854],[0.530071974,35.102947235],[0.509055972,35.096355438],[0.487756014,35.097229004],[0.490990013,35.109653473],[0.503365993,35.116012573],[0.510321975,35.129188538],[0.519621015,35.137897491],[0.519070983,35.14093399],[0.526606023,35.148612976],[0.529636025,35.156116486],[0.532662988,35.159286499],[0.534587026,35.15927124],[0.53729701,35.16299057],[0.537652016,35.166374207],[0.540814996,35.167980194],[0.54440701,35.167518616],[0.547622025,35.170898438],[0.554394007,35.173194885],[0.570774972,35.175769806],[0.573725998,35.17886734],[0.578579009,35.179721832],[0.582193971,35.185455322],[0.584119022,35.185165405],[0.583998978,35.18957901],[0.587597013,35.191581726],[0.589505017,35.190036774],[0.595017016,35.192501068],[0.599296987,35.208198547],[0.598264992,35.208999634],[0.603995025,35.20854187],[0.604820013,35.210834503],[0.607261002,35.211063385],[0.610601008,35.209632874],[0.606848001,35.214214325],[0.595915973,35.220748901],[0.59601903,35.225845337],[0.593303978,35.228023529],[0.597068012,35.231861115],[0.595779002,35.238105774],[0.598500013,35.240802765],[0.598591983,35.246414185],[0.614515007,35.256156921],[0.633054972,35.259365082],[0.620347023,35.262001038],[0.61925298,35.266468048],[0.620324016,35.270477295],[0.632465005,35.272144318],[0.627291977,35.273513794],[0.618862987,35.278846741],[0.628718019,35.283828735],[0.63114202,35.287322998],[0.639043987,35.291828156],[0.646269023,35.293769836],[0.65367198,35.301544189],[0.681223989,35.309783936],[0.704927027,35.308124542],[0.706331015,35.304859161],[0.709155977,35.303253174],[0.708622992,35.301708221],[0.757736981,35.287097931],[0.777239978,35.277927399],[0.776879013,35.282566071],[0.782041013,35.285205841],[0.779389024,35.288299561],[0.780936003,35.290935516],[0.780260026,35.293167114],[0.784287989,35.292823792],[0.788830996,35.284572601],[0.804301023,35.277469635],[0.80716002,35.281078339],[0.815491021,35.28560257],[0.819244027,35.284973145],[0.82980901,35.291908264],[0.831488013,35.295917511],[0.830547988,35.301246643],[0.836089015,35.30525589],[0.83564198,35.308063507],[0.837790012,35.310871124],[0.838687003,35.317863464],[0.835349977,35.320381165],[0.853901982,35.325942993],[0.865423977,35.336429596],[0.863344014,35.343761444],[0.865126014,35.344905853],[0.863671005,35.352703094],[0.86629498,35.35464859],[0.864777029,35.356998444],[0.866523981,35.359405518],[0.866324008,35.368053436],[0.870512009,35.373897552],[0.871486008,35.375045776],[0.877330005,35.374816895],[0.888725996,35.37166214],[0.888742983,35.374645233],[0.89824301,35.378139496],[0.903113008,35.38495636],[0.893253028,35.398761749],[0.891659975,35.404151917],[0.876452982,35.415840149],[0.874884009,35.419330597],[0.875891984,35.420707703],[0.858308017,35.421627045],[0.850241005,35.427814484],[0.843348026,35.428443909],[0.844470978,35.43182373],[0.843290985,35.43302536],[0.835870981,35.432510376],[0.835744977,35.436180115],[0.831481993,35.439044952],[0.833034992,35.442539215],[0.831785977,35.445808411],[0.833688021,35.448326111],[0.835732996,35.448326111],[0.83475101,35.452049255],[0.836501002,35.455429077],[0.839532018,35.457092285],[0.841463029,35.453540802],[0.84492898,35.45141983],[0.849524975,35.456867218],[0.852733016,35.455200195],[0.85068202,35.449874878],[0.858583987,35.450172424],[0.862444997,35.452453613],[0.869750023,35.448955536],[0.874614,35.452163696],[0.874557018,35.454971313],[0.875851989,35.455371857],[0.874532998,35.458759308],[0.87786299,35.459957123],[0.877117991,35.463970184],[0.87835598,35.467746735],[0.880653024,35.467975616],[0.879701972,35.470443726],[0.882871985,35.473175049],[0.88391602,35.476642609],[0.89250797,35.480628967],[0.899451017,35.496440887],[0.900820971,35.504451752],[0.911518991,35.513103485],[0.910175025,35.515151978],[0.912221014,35.519195557],[0.908729017,35.525783539],[0.92128998,35.527877808],[0.927384019,35.526985168],[0.928026974,35.53055191],[0.923602998,35.532035828],[0.921160996,35.535820007],[0.925049007,35.54101181],[0.938812017,35.53843689],[0.953593016,35.541027069],[0.954851985,35.543193817],[0.95075202,35.548427582],[0.956021011,35.55582428],[0.953181982,35.559524536],[0.955757022,35.56426239],[0.958449006,35.56584549],[0.962661982,35.56496048],[0.965969026,35.568157196],[0.977274001,35.571529388],[0.987052977,35.572761536],[1.013409972,35.56829834],[1.017621994,35.574367523],[1.015084028,35.58020401],[1.016049027,35.592510223],[1.014083028,35.599285126],[1.018049002,35.599643707],[1.018535972,35.601993561],[1.024145007,35.60313797],[1.029760003,35.602279663],[1.029221058,35.599815369],[1.033128977,35.597866058],[1.036991,35.599819183],[1.05332005,35.596317291],[1.057090044,35.597866058],[1.064371943,35.605373383],[1.064733028,35.619869232],[1.063524008,35.623306274],[1.064687014,35.633335114],[1.087731957,35.625255585],[1.096680999,35.629322052],[1.101649046,35.627258301],[1.108999968,35.626976013],[1.112465978,35.628978729],[1.113469005,35.63293457],[1.117640018,35.632301331],[1.119117975,35.633506775],[1.121376038,35.632019043],[1.123782039,35.633621216],[1.12460196,35.631328583],[1.122205973,35.627891541],[1.124269009,35.620098114],[1.129111052,35.620845795],[1.129781008,35.622509003],[1.136312962,35.625484467],[1.145303011,35.623878479],[1.157878995,35.626628876],[1.162531018,35.625656128],[1.171630025,35.636600494],[1.175101995,35.6443367],[1.181766033,35.650238037],[1.181174994,35.653560638],[1.177440047,35.654186249],[1.178030014,35.65504837],[1.183352947,35.657398224],[1.183387041,35.659114838],[1.18680203,35.660434723],[1.189322948,35.663986206],[1.22013104,35.662784576],[1.221179008,35.675331116],[1.223338962,35.678195953],[1.228271961,35.682151794],[1.236883998,35.683414459],[1.238281965,35.682434082],[1.248286009,35.686389923],[1.258564949,35.686275482],[1.266787052,35.676937103],[1.26988101,35.672065735],[1.26898098,35.665019989],[1.272763014,35.659519196],[1.280079007,35.653846741],[1.287047029,35.641014099],[1.286978006,35.636314392],[1.290501952,35.630008698],[1.29501605,35.629150391],[1.299880981,35.634590149],[1.309901953,35.631385803],[1.322255015,35.621757507],[1.324547052,35.622447968],[1.342452049,35.637172699],[1.344102025,35.640094757],[1.342331052,35.643417358],[1.339128017,35.644565582],[1.342566013,35.648231506],[1.335278034,35.651039124],[1.333857059,35.653385162],[1.345464945,35.660949707],[1.349694014,35.670631409],[1.348868966,35.67275238],[1.341562986,35.673553467],[1.336881995,35.679973602],[1.343580008,35.694412231],[1.341317058,35.704093933],[1.349992037,35.710971832],[1.358482957,35.710739136]]]]},"properties":{"name":"Tiaret","mapcolor":43,"cartodb_id":43}},{"type":"Feature","geometry":{"type":"MultiPolygon","coordinates":[[[[-5.771708965,29.607904434],[-5.744627953,29.600164413],[-5.732003212,29.594461441],[-5.72210598,29.585672379],[-5.721247196,29.579395294],[-5.72322607,29.573442459],[-5.740417004,29.553405762],[-5.749600887,29.529714584],[-5.750617027,29.523532867],[-5.748110771,29.517738342],[-5.741804123,29.515245438],[-5.713405132,29.519304276],[-5.70205307,29.526628494],[-5.693335056,29.536462784],[-5.687637806,29.539012909],[-5.67700386,29.530359268],[-5.673315048,29.524866104],[-5.667605877,29.521564484],[-5.661299229,29.51099968],[-5.649680138,29.504014969],[-5.628539085,29.500936508],[-5.618237972,29.492359161],[-5.604856968,29.488327026],[-5.597795963,29.48771286],[-5.583940983,29.490001678],[-5.576869011,29.489040375],[-5.570750237,29.486003876],[-5.569221973,29.479776382],[-5.564354897,29.476057053],[-5.557202816,29.478157043],[-5.552464962,29.482500076],[-5.55221796,29.488826752],[-5.545929909,29.499929428],[-5.553266048,29.510206223],[-5.547514915,29.513153076],[-5.540954113,29.511648178],[-5.536046982,29.516441345],[-5.496355057,29.565908432],[-5.391496181,29.491882324],[-5.265604973,29.410203934],[-4.889031887,29.414617538],[-4.652660847,29.318189621],[-4.621796131,29.302488327],[-4.509797096,29.016582489],[-4.505159855,29.005815506],[-4.501324177,28.999393463],[-4.499804974,28.999223709],[-4.317462921,28.48482132],[-4.033223152,28.060146332],[-3.991214037,28.001188278],[-3.995568037,27.999986649],[-3.989763975,27.992479324],[-3.971966982,27.702104568],[-3.70153594,27.434421539],[-3.565272093,27.344799042],[-3.01255393,27.305963516],[-2.998034954,27.301038742],[-2.981534958,27.299894333],[-2.979207993,27.296052933],[-2.980761051,27.292787552],[-2.983871937,27.258466721],[-2.993989944,27.233484268],[-2.997937918,27.208673477],[-3.007081985,27.179685593],[-3.011259079,27.157911301],[-3.023544073,27.134592056],[-3.029508114,27.119123459],[-3.033942938,27.095630646],[-3.042812109,27.07563591],[-3.04312706,27.065666199],[-3.053777933,27.051515579],[-3.077760935,26.995994568],[-3.066725969,26.988889694],[-3.067545891,26.984994888],[-3.071676016,26.971010208],[-3.101527929,26.901227951],[-3.104679108,26.890798569],[-3.103750944,26.885414124],[-3.108421087,26.865760803],[-3.151552916,26.839460373],[-3.173599958,26.823877335],[-3.184336901,26.821527481],[-3.247241974,26.820152283],[-3.329238892,26.820783615],[-3.362579107,26.824966431],[-3.436558008,26.825078964],[-3.47458005,26.833444595],[-3.488106966,26.832183838],[-3.509639025,26.832986832],[-3.520795107,26.83115387],[-3.531456947,26.825710297],[-3.547019005,26.820497513],[-3.588196993,26.811100006],[-3.608050108,26.804052353],[-3.636554956,26.78250885],[-3.669184923,26.773111343],[-3.686178923,26.76256752],[-3.742885113,26.711807251],[-3.754210949,26.706420898],[-3.766196966,26.693300247],[-3.783454895,26.680980682],[-3.787620068,26.673015594],[-3.789424896,26.664995193],[-3.800344944,26.647748947],[-3.817195892,26.630901337],[-3.836493015,26.602256775],[-3.850553989,26.586442947],[-3.916075945,26.49883461],[-4.017501831,26.357944489],[-4.027183056,26.347463608],[-4.044291973,26.334396362],[-4.076372147,26.287530899],[-4.088805199,26.261861801],[-4.094798088,26.254699707],[-4.109138966,26.22759819],[-4.124900818,26.204853058],[-4.128091812,26.183534622],[-4.142518997,26.140735626],[-4.152276993,26.097421646],[-4.194284916,26.0188694],[-4.808859825,26.000133514],[-4.974511147,25.836837769],[-5.104026794,25.712905884],[-5.652600765,25.517894745],[-5.841221809,25.635421753],[-5.859897137,25.644859314],[-5.934062004,25.692699432],[-5.979632854,25.718599319],[-6.06607008,25.771438599],[-6.071372986,25.776292801],[-6.084087849,25.782249451],[-6.102673054,25.794181824],[-6.116415977,25.800321579],[-6.123826981,25.80670929],[-6.138411999,25.814422607],[-6.153655052,25.825330734],[-6.342106819,25.939329147],[-6.349275112,25.945480347],[-6.385004997,25.963590622],[-6.39771986,25.973890305],[-6.410524845,25.980730057],[-6.416396141,25.986240387],[-6.475655079,26.021539688],[-6.479777813,26.022520065],[-6.54082489,26.062091827],[-6.624569893,26.111270905],[-6.62807703,26.115030289],[-6.670958996,26.141279221],[-6.67556715,26.146600723],[-6.694906235,26.155899048],[-6.906527996,26.285209656],[-6.914603233,26.288309097],[-6.930003166,26.299360275],[-6.940981865,26.304159164],[-7,26.341360092],[-7.015338898,26.344020844],[-7.131627083,26.415029526],[-7.509963989,26.636789322],[-7.740276814,26.768909454],[-7.894824982,26.853790283],[-8.663563728,27.293909073],[-8.673868179,27.298070908],[-8.671334267,27.447069168],[-8.672074318,27.60790062],[-8.670013428,27.670074463],[-8.666838646,27.670074463],[-8.666469574,27.702709198],[-8.667710304,28.713489532],[-8.650923729,28.718387604],[-8.601943016,28.73784256],[-8.503436089,28.781219482],[-8.459712982,28.796829224],[-8.432824135,28.8152771],[-8.402625084,28.845848083],[-8.370317459,28.875408173],[-8.32103157,28.915746689],[-8.271410942,28.950000763],[-8.25327301,28.959680557],[-8.223180771,28.985952377],[-8.17771244,29.015666962],[-8.164195061,29.012767792],[-8.150827408,29.016349792],[-8.146203995,29.021087646],[-8.105236053,29.045473099],[-8.078324318,29.065689087],[-8.064963341,29.069192886],[-8.048934937,29.081254959],[-7.999464989,29.105453491],[-7.970065117,29.122781754],[-7.963469028,29.125188828],[-7.95912981,29.129795074],[-7.959327221,29.136009216],[-7.956258774,29.141544342],[-7.932332993,29.164514542],[-7.910219193,29.18013382],[-7.898044109,29.186559677],[-7.891307831,29.188520432],[-7.884154797,29.187772751],[-7.875812054,29.197032928],[-7.862285137,29.200960159],[-7.843711853,29.210092545],[-7.785283089,29.255369186],[-7.747786999,29.27314949],[-7.708333015,29.286773682],[-7.701237202,29.287605286],[-7.68311882,29.297225952],[-7.662724018,29.3019104],[-7.650000095,29.298330307],[-7.644758224,29.310152054],[-7.63473177,29.318368912],[-7.632678032,29.324398041],[-7.624104023,29.333259583],[-7.625574112,29.339216232],[-7.623748779,29.345001221],[-7.626262188,29.351045609],[-7.625722885,29.356861115],[-7.617424011,29.367052078],[-7.611394882,29.370319366],[-7.59859705,29.375812531],[-7.591602802,29.376918793],[-7.563547134,29.372751236],[-7.536497116,29.365106583],[-7.493868828,29.364263535],[-7.458856106,29.369365692],[-7.41083622,29.380910873],[-7.389781952,29.379108429],[-7.384426117,29.38287735],[-7.380869865,29.388362885],[-7.374577999,29.390922546],[-7.353316784,29.39307785],[-7.334270954,29.40133667],[-7.26095295,29.469415665],[-7.238659859,29.484931946],[-7.219624996,29.493434906],[-7.186291218,29.504493713],[-7.148672104,29.522182465],[-7.134698868,29.519971848],[-7.113722801,29.522817612],[-7.106647968,29.522029877],[-7.079810143,29.513755798],[-7.062036037,29.503263474],[-7.041448116,29.498365402],[-7.034311771,29.498254776],[-7.021469116,29.493053436],[-7.014576912,29.494720459],[-7.002336025,29.501096725],[-6.988241196,29.503398895],[-6.981293201,29.50280571],[-6.970643997,29.494646072],[-6.963624954,29.493886948],[-6.949798107,29.496980667],[-6.914248943,29.496908188],[-6.907475948,29.495084763],[-6.889792919,29.484466553],[-6.875782013,29.482713699],[-6.861607075,29.484224319],[-6.854904175,29.482175827],[-6.845324993,29.472885132],[-6.832598209,29.467546463],[-6.811555862,29.464012146],[-6.776096821,29.461568832],[-6.762034893,29.463472366],[-6.755825996,29.466554642],[-6.745401859,29.475084305],[-6.719817162,29.5051651],[-6.693518162,29.514709473],[-6.679607868,29.517454147],[-6.65818119,29.517145157],[-6.644443035,29.519744873],[-6.630139828,29.519187927],[-6.622963905,29.520673752],[-6.622965813,29.526483536],[-6.617590904,29.529226303],[-6.575321198,29.521989822],[-6.561038017,29.522174835],[-6.547130108,29.524501801],[-6.533705235,29.520217896],[-6.526422977,29.520349503],[-6.521138191,29.523988724],[-6.513654232,29.534620285],[-6.486079216,29.550470352],[-6.467039108,29.558984756],[-6.446598053,29.564586639],[-6.439533234,29.565227509],[-6.404080868,29.561447144],[-6.397276878,29.559215546],[-6.394349098,29.553798676],[-6.389027119,29.549417496],[-6.388256073,29.555242538],[-6.384872913,29.560731888],[-6.372685909,29.567117691],[-6.358423233,29.567956924],[-6.34432888,29.566110611],[-6.316009045,29.569458008],[-6.302206993,29.566373825],[-6.288534164,29.569932938],[-6.274597168,29.567239761],[-6.260398865,29.567277908],[-6.246314049,29.564880371],[-6.233458042,29.569944382],[-6.219758034,29.572401047],[-6.219773769,29.577270508],[-6.212292194,29.575361252],[-6.198727131,29.577184677],[-6.184463024,29.576324463],[-6.164184093,29.581771851],[-6.136854172,29.575885773],[-6.117015839,29.568965912],[-6.102722168,29.569822311],[-6.089633942,29.565259933],[-6.06870079,29.561599731],[-6.061591148,29.5620327],[-6.047788143,29.565126419],[-6.03665781,29.572757721],[-6.029644966,29.573949814],[-6.022863865,29.571989059],[-6.015791893,29.572055817],[-6.011159897,29.576726913],[-5.99697113,29.577936172],[-5.956167221,29.58949852],[-5.928177834,29.594633102],[-5.913972855,29.596000671],[-5.878647804,29.595357895],[-5.868515015,29.604293823],[-5.862383842,29.607395172],[-5.819656849,29.609983444],[-5.79873085,29.614160538],[-5.785837173,29.60931015],[-5.771708965,29.607904434]]]]},"properties":{"name":"Tindouf","mapcolor":44,"cartodb_id":44}},{"type":"Feature","geometry":{"type":"MultiPolygon","coordinates":[[[[2.807917118,36.695075989],[2.810755014,36.683078766],[2.806150913,36.677829742],[2.806775093,36.675006866],[2.814018965,36.673038483],[2.819648981,36.667015076],[2.825242996,36.667144775],[2.826611042,36.665275574],[2.824522972,36.660751343],[2.815838099,36.662250519],[2.819684029,36.659042358],[2.818202972,36.657356262],[2.812160015,36.659976959],[2.806382895,36.660003662],[2.802643061,36.654701233],[2.802175999,36.650608063],[2.804038048,36.649108887],[2.808579922,36.650184631],[2.812334061,36.648483276],[2.81407094,36.642486572],[2.819766045,36.640995026],[2.823632956,36.637844086],[2.822952032,36.636638641],[2.825685024,36.631427765],[2.834559917,36.622085571],[2.82831502,36.612865448],[2.828485966,36.610515594],[2.831121922,36.608337402],[2.829226017,36.604671478],[2.822190046,36.602779388],[2.818941116,36.599395752],[2.803642988,36.60100174],[2.79659009,36.598537445],[2.782855988,36.598880768],[2.781831026,36.59601593],[2.782929897,36.589256287],[2.781475067,36.588169098],[2.776422024,36.584899902],[2.776307106,36.586158752],[2.774983883,36.584617615],[2.774290085,36.585819244],[2.76633811,36.579799652],[2.75048995,36.577568054],[2.748891115,36.574989319],[2.745028973,36.573730469],[2.741751909,36.574874878],[2.741660118,36.577396393],[2.735059977,36.576309204],[2.734211922,36.58014679],[2.735987902,36.584041595],[2.732774019,36.585014343],[2.727669001,36.582267761],[2.726586103,36.578830719],[2.722031116,36.578025818],[2.7177279,36.573612213],[2.715538979,36.574359894],[2.709992886,36.569202423],[2.71035409,36.56760025],[2.704973936,36.566509247],[2.70330596,36.563587189],[2.701605082,36.564735413],[2.701822996,36.558776855],[2.688827991,36.55871582],[2.688288927,36.553272247],[2.686048985,36.550640106],[2.68285203,36.551727295],[2.678164959,36.549781799],[2.676171064,36.547489166],[2.676521063,36.543991089],[2.671513081,36.54359436],[2.671094894,36.541816711],[2.673168898,36.539810181],[2.669667959,36.538951874],[2.666912079,36.540267944],[2.665486097,36.537345886],[2.666866064,36.535797119],[2.66675806,36.531387329],[2.664237022,36.533164978],[2.659882069,36.531105042],[2.659348965,36.528011322],[2.656748056,36.52703476],[2.657480955,36.524684906],[2.65486908,36.522449493],[2.656146049,36.519012451],[2.637307882,36.514713287],[2.636202097,36.517120361],[2.634001017,36.514888763],[2.605256081,36.513912201],[2.607686043,36.512134552],[2.60649991,36.51064682],[2.607376099,36.509159088],[2.6051929,36.508583069],[2.606419086,36.506923676],[2.609662056,36.507205963],[2.610574007,36.505432129],[2.6196661,36.50245285],[2.615672112,36.499073029],[2.61877203,36.495235443],[2.620811939,36.495521545],[2.621385098,36.493228912],[2.624409914,36.492080688],[2.622112989,36.489334106],[2.626204014,36.482746124],[2.620771885,36.481941223],[2.622289896,36.477241516],[2.620112896,36.473003387],[2.621591091,36.471115112],[2.617386103,36.470081329],[2.616630077,36.468418121],[2.614223003,36.469108582],[2.613987923,36.465839386],[2.609960079,36.466930389],[2.604557037,36.463031769],[2.604104996,36.464698792],[2.602821112,36.464408875],[2.602299929,36.460914612],[2.604506016,36.458106995],[2.593763113,36.456676483],[2.590989113,36.454837799],[2.585890055,36.458908081],[2.575753927,36.461315155],[2.571949959,36.467903137],[2.565589905,36.467048645],[2.564886093,36.462459564],[2.56061697,36.459941864],[2.543549061,36.459884644],[2.538536072,36.461433411],[2.535687923,36.465213776],[2.530719995,36.467559814],[2.529459,36.470252991],[2.5235641,36.464122772],[2.514471054,36.461662292],[2.516928911,36.458278656],[2.513039112,36.452033997],[2.520596027,36.444755554],[2.525942087,36.441833496],[2.518945932,36.440288544],[2.514098883,36.435474396],[2.514000893,36.433181763],[2.512614965,36.433925629],[2.510271072,36.431865692],[2.512552023,36.429916382],[2.510099888,36.428768158],[2.510054111,36.425273895],[2.503545046,36.42653656],[2.496824026,36.425792694],[2.495631933,36.421836853],[2.488544941,36.420520782],[2.487375975,36.417999268],[2.478621006,36.413700104],[2.466943979,36.417598724],[2.452970028,36.418743134],[2.450930119,36.421607971],[2.434601068,36.419719696],[2.424540043,36.425163269],[2.411412954,36.427509308],[2.394952059,36.425849915],[2.38589406,36.421321869],[2.376817942,36.423099518],[2.370635986,36.426651001],[2.364424944,36.423618317],[2.358264923,36.42533493],[2.342480898,36.418113708],[2.339134932,36.420059204],[2.339312077,36.42206955],[2.336555958,36.42143631],[2.333215952,36.423728943],[2.333020926,36.421783447],[2.329926968,36.422527313],[2.329932928,36.420921326],[2.321630955,36.423786163],[2.318634033,36.421722412],[2.312777996,36.421836853],[2.309736013,36.424186707],[2.309345961,36.421726227],[2.308269024,36.423671722],[2.305433035,36.424186707],[2.304327011,36.420463562],[2.299325943,36.42218399],[2.285964012,36.414215088],[2.270323038,36.417312622],[2.255242109,36.415306091],[2.252876043,36.419662476],[2.257006884,36.42407608],[2.254234076,36.424301147],[2.251518011,36.42842865],[2.249569893,36.427108765],[2.246447086,36.428657532],[2.243966103,36.427852631],[2.245685101,36.42974472],[2.242487907,36.432952881],[2.237292051,36.434043884],[2.237113953,36.432723999],[2.228157997,36.432323456],[2.225837946,36.430492401],[2.227087021,36.427509308],[2.219660997,36.42773819],[2.217346907,36.42647934],[2.215231895,36.42905426],[2.214591026,36.434844971],[2.213118076,36.433181763],[2.204804897,36.432666779],[2.199939966,36.433753967],[2.199424982,36.435359955],[2.1835711,36.435417175],[2.182517052,36.437366486],[2.174868107,36.441375732],[2.163815022,36.439083099],[2.160068035,36.440002441],[2.157593012,36.442691803],[2.146173954,36.438339233],[2.140065908,36.43793869],[2.136518955,36.444297791],[2.130572081,36.447280884],[2.124722004,36.44733429],[2.119606018,36.443153381],[2.105166912,36.440113068],[2.09798789,36.433300018],[2.090332985,36.431236267],[2.085067987,36.426193237],[2.084683895,36.422470093],[2.073098898,36.424758911],[2.070863962,36.423847198],[2.068491936,36.421894073],[2.070674896,36.419948578],[2.068291903,36.417995453],[2.064945936,36.418800354],[2.055588961,36.41708374],[2.046153069,36.420635223],[2.03810811,36.425849915],[2.030705929,36.425907135],[2.029805899,36.419029236],[2.023211002,36.415821075],[2.011758089,36.417713165],[1.998299003,36.412956238],[1.989012003,36.411579132],[1.98505199,36.412498474],[1.982818007,36.410209656],[1.970590949,36.415477753],[1.956886053,36.417598724],[1.952811956,36.429172516],[1.919127941,36.429573059],[1.906975031,36.432609558],[1.894639015,36.430088043],[1.861912012,36.433757782],[1.848826051,36.431632996],[1.821678996,36.431465149],[1.816437006,36.426246643],[1.813519955,36.42773819],[1.811486006,36.434558868],[1.801069975,36.436275482],[1.796399951,36.441719055],[1.791376948,36.439418793],[1.788161039,36.435134888],[1.781888008,36.43573761],[1.779127955,36.428123474],[1.781097054,36.421726227],[1.784484982,36.419616699],[1.781818986,36.412277222],[1.783360958,36.409076691],[1.780866981,36.406517029],[1.782546997,36.398708344],[1.780496001,36.396686554],[1.772884011,36.395118713],[1.765542984,36.395824432],[1.759785056,36.394405365],[1.755920053,36.388652802],[1.749513984,36.385440826],[1.740288019,36.383651733],[1.735368967,36.374908447],[1.727810979,36.371864319],[1.713665009,36.362564087],[1.712146044,36.356250763],[1.705374956,36.357437134],[1.705724001,36.363815308],[1.700919032,36.375404358],[1.693421006,36.382728577],[1.697522998,36.387023926],[1.69639504,36.389350891],[1.699695945,36.398105621],[1.698989034,36.399795532],[1.690394044,36.401535034],[1.688639045,36.405570984],[1.686545968,36.406024933],[1.686241031,36.420524597],[1.681501985,36.424186707],[1.673912048,36.422657013],[1.66919601,36.429695129],[1.668524981,36.437187195],[1.670969009,36.440872192],[1.667616963,36.44229126],[1.657945037,36.441246033],[1.655194998,36.44865036],[1.649374008,36.450256348],[1.644137025,36.457248688],[1.645094037,36.46062851],[1.648553967,36.461601257],[1.646692038,36.464179993],[1.648599982,36.468017578],[1.646486044,36.470600128],[1.648360014,36.472831726],[1.644544005,36.472946167],[1.644240022,36.475063324],[1.651872039,36.477359772],[1.652261019,36.473232269],[1.654690981,36.473178864],[1.655550003,36.477302551],[1.653985977,36.481826782],[1.657130957,36.480854034],[1.663480043,36.484405518],[1.668092012,36.484119415],[1.67198205,36.487155914],[1.671792984,36.488529205],[1.675873041,36.488758087],[1.675191045,36.490535736],[1.670148969,36.490364075],[1.668001056,36.492080688],[1.670205951,36.494319916],[1.673398018,36.494716644],[1.675081968,36.498615265],[1.674813032,36.506004333],[1.671959996,36.512252808],[1.680513978,36.521247864],[1.680948973,36.52640152],[1.688421011,36.529327393],[1.690621018,36.533447266],[1.689435005,36.538036346],[1.696671009,36.542728424],[1.696607947,36.545768738],[1.694391012,36.548175812],[1.696805,36.552726746],[1.707083941,36.551807404],[1.725692987,36.555973053],[1.736806989,36.555416107],[1.743751049,36.558193207],[1.745972991,36.557361603],[1.756806016,36.562084198],[1.764860034,36.558193207],[1.778192997,36.559307098],[1.779306054,36.557361603],[1.786805987,36.55708313],[1.802639008,36.560970306],[1.811249971,36.559581757],[1.816249967,36.561527252],[1.822638988,36.561248779],[1.824026942,36.563194275],[1.830971003,36.563194275],[1.835415959,36.56652832],[1.85263896,36.570972443],[1.854305029,36.570972443],[1.854305029,36.567638397],[1.861250043,36.570137024],[1.860417962,36.56791687],[1.865694046,36.567359924],[1.86680603,36.569583893],[1.869027972,36.569862366],[1.870416045,36.569583893],[1.869583964,36.567638397],[1.874025941,36.569026947],[1.872917056,36.56791687],[1.87569499,36.568748474],[1.880416989,36.566806793],[1.884305,36.567638397],[1.885692954,36.569862366],[1.889861941,36.569026947],[1.895416021,36.57069397],[1.902083039,36.574306488],[1.909860969,36.574306488],[1.912639976,36.57875061],[1.914028049,36.575416565],[1.920138001,36.575416565],[1.921805978,36.576805115],[1.922916055,36.573749542],[1.934026957,36.572639465],[1.945971966,36.56791687],[1.948472023,36.569026947],[1.952085018,36.567359924],[1.977638006,36.567081451],[1.980417013,36.565139771],[1.989027023,36.56652832],[1.998471975,36.565418243],[2.007916927,36.568195343],[2.023472071,36.56791687],[2.027915955,36.569862366],[2.041249037,36.57069397],[2.053472042,36.576248169],[2.062916994,36.575973511],[2.071527004,36.579029083],[2.076250076,36.576805115],[2.079305887,36.579303741],[2.084028006,36.577640533],[2.086529016,36.580417633],[2.089304924,36.579303741],[2.098195076,36.580696106],[2.100418091,36.585414886],[2.102083921,36.585971832],[2.114860058,36.583473206],[2.123194933,36.585693359],[2.124861002,36.587638855],[2.128750086,36.586528778],[2.132083893,36.587917328],[2.132639885,36.589862823],[2.138194084,36.589305878],[2.151526928,36.594581604],[2.154026985,36.594306946],[2.158194065,36.597362518],[2.159862041,36.601528168],[2.162915945,36.598472595],[2.172082901,36.599029541],[2.176249027,36.600971222],[2.181248903,36.606250763],[2.185693979,36.606250763],[2.186527967,36.609306335],[2.196528912,36.610416412],[2.199027061,36.613471985],[2.204860926,36.610694885],[2.220694065,36.612640381],[2.223195076,36.614582062],[2.227360964,36.612915039],[2.230973005,36.613471985],[2.23291707,36.616527557],[2.237639904,36.616527557],[2.2379179,36.619861603],[2.241250038,36.62097168],[2.247915983,36.617916107],[2.256248951,36.619861603],[2.261805058,36.625694275],[2.260971069,36.62902832],[2.269583941,36.626251221],[2.273472071,36.62902832],[2.282917023,36.629581451],[2.285973072,36.632362366],[2.294028044,36.63458252],[2.298471928,36.63319397],[2.302638054,36.636249542],[2.316248894,36.638195038],[2.317915916,36.640140533],[2.322638035,36.638748169],[2.323472023,36.640415192],[2.326250076,36.639583588],[2.330138922,36.641803741],[2.332916975,36.639305115],[2.338473082,36.640972137],[2.342639923,36.640415192],[2.347362041,36.64541626],[2.350971937,36.64263916],[2.355973005,36.642082214],[2.359582901,36.643470764],[2.36263895,36.640972137],[2.366249084,36.641529083],[2.366805077,36.642917633],[2.369026899,36.640972137],[2.377084017,36.641803741],[2.379584074,36.639305115],[2.386805058,36.639026642],[2.389305115,36.635971069],[2.39208293,36.637084961],[2.403749943,36.634304047],[2.404583931,36.632083893],[2.402084112,36.627918243],[2.40625,36.624305725],[2.409029007,36.624862671],[2.409029007,36.620693207],[2.404861927,36.614028931],[2.408750057,36.608470917],[2.408194065,36.605140686],[2.426527977,36.594581604],[2.435971975,36.594581604],[2.439028978,36.597084045],[2.443473101,36.594581604],[2.448749065,36.597637177],[2.448194981,36.595417023],[2.454862118,36.593471527],[2.457916021,36.595417023],[2.465416908,36.593193054],[2.47291708,36.595417023],[2.474304914,36.591526031],[2.484028101,36.594860077],[2.485693932,36.59236145],[2.492082119,36.593193054],[2.494582891,36.589584351],[2.496251106,36.592639923],[2.50069499,36.593193054],[2.502361059,36.592918396],[2.502639055,36.590694427],[2.505971909,36.593193054],[2.509027958,36.5909729],[2.514028072,36.592918396],[2.535972118,36.590694427],[2.548751116,36.591526031],[2.550694942,36.593471527],[2.557360888,36.59236145],[2.561805964,36.594306946],[2.567359924,36.594028473],[2.56763792,36.595695496],[2.589584112,36.598751068],[2.590140104,36.600139618],[2.597359896,36.601806641],[2.603472948,36.600971222],[2.606805086,36.603748322],[2.614861965,36.60597229],[2.61680603,36.608196259],[2.622359991,36.609027863],[2.624027967,36.611804962],[2.626528978,36.610973358],[2.627917051,36.613471985],[2.635416985,36.614860535],[2.639027119,36.617916107],[2.647360086,36.618751526],[2.649306059,36.622081757],[2.652359962,36.622638702],[2.655138969,36.628471375],[2.665693045,36.63041687],[2.670140028,36.635417938],[2.670972109,36.639026642],[2.681251049,36.642917633],[2.689305067,36.649028778],[2.704859972,36.65486145],[2.706526041,36.657360077],[2.718195915,36.663192749],[2.729583979,36.667362213],[2.73123908,36.669883728],[2.739305019,36.671806335],[2.746805906,36.675971985],[2.754028082,36.675693512],[2.765973091,36.681804657],[2.779027939,36.683750153],[2.795139074,36.691249847],[2.798194885,36.695137024],[2.806250095,36.700416565],[2.807894945,36.700210571],[2.807917118,36.695075989]]]]},"properties":{"name":"Tipaza","mapcolor":45,"cartodb_id":45}},{"type":"Feature","geometry":{"type":"MultiPolygon","coordinates":[[[[1.568518043,36.013431549],[1.580934048,36.016643524],[1.579501987,36.008045197],[1.582481027,36.00592804],[1.590914965,36.004669189],[1.588588953,35.99848175],[1.591640949,35.997802734],[1.591424942,35.995441437],[1.615638018,35.986675262],[1.614292026,35.983985901],[1.615579963,35.981578827],[1.61303699,35.979400635],[1.615579963,35.977565765],[1.616112947,35.97372818],[1.620347977,35.97057724],[1.614698052,35.969776154],[1.613667011,35.968284607],[1.61795795,35.964904785],[1.618101954,35.962501526],[1.621459007,35.96364212],[1.621711016,35.961582184],[1.62499404,35.963012695],[1.624140978,35.960380554],[1.630094051,35.958946228],[1.629508972,35.955509186],[1.634070039,35.950809479],[1.640807986,35.949836731],[1.641775966,35.945194244],[1.645895958,35.946456909],[1.645717978,35.942905426],[1.648864031,35.939296722],[1.653923035,35.939979553],[1.657292008,35.936828613],[1.663004041,35.937290192],[1.665187001,35.93327713],[1.668727994,35.938434601],[1.67088306,35.938602448],[1.670825005,35.936656952],[1.66850996,35.935626984],[1.671242952,35.93006897],[1.675127983,35.929153442],[1.678732038,35.930297852],[1.684231997,35.925540924],[1.68502295,35.922447205],[1.687785029,35.924167633],[1.69116497,35.920444489],[1.694401979,35.922218323],[1.696962953,35.919239044],[1.705168009,35.9180336],[1.706748962,35.915916443],[1.709993005,35.917491913],[1.711452961,35.920558929],[1.714043021,35.921016693],[1.71826005,35.926574707],[1.723158956,35.926055908],[1.734905005,35.921646118],[1.733919024,35.918151855],[1.737632036,35.91740799],[1.752872944,35.916721344],[1.764315009,35.913337708],[1.776466966,35.91437149],[1.780580997,35.912479401],[1.789708018,35.913738251],[1.79391396,35.910186768],[1.796681046,35.90417099],[1.804720044,35.907779694],[1.810793042,35.90732193],[1.812168002,35.905944824],[1.811761022,35.903083801],[1.815456986,35.902568817],[1.816087008,35.900161743],[1.824252009,35.89723587],[1.818150043,35.881938934],[1.824692965,35.872085571],[1.828789949,35.87128067],[1.828330994,35.863891602],[1.829785943,35.862743378],[1.834169984,35.865322113],[1.839956045,35.860282898],[1.859122038,35.864177704],[1.858840942,35.87128067],[1.866662025,35.863433838],[1.870712996,35.866985321],[1.873399973,35.867385864],[1.874907017,35.884918213],[1.877056003,35.888759613],[1.879914999,35.890190125],[1.879575968,35.894371033],[1.880859017,35.895618439],[1.888895035,35.899318695],[1.895097017,35.898151398],[1.90199101,35.902259827],[1.905920029,35.909610748],[1.908979058,35.911746979],[1.908125997,35.913383484],[1.910437942,35.918674469],[1.92502296,35.923763275],[1.933421969,35.932312012],[1.936297059,35.932807922],[1.936761022,35.936820984],[1.939790964,35.93850708],[1.93838203,35.940113068],[1.943361044,35.941673279],[1.942818046,35.943630219],[1.945832014,35.942661285],[1.946642041,35.945297241],[1.948263049,35.944778442],[1.949422956,35.94707489],[1.948035002,35.947727203],[1.975862026,35.953010559],[1.97905004,35.955184937],[1.98089397,35.9582901],[1.986505985,35.961574554],[1.985304952,35.970096588],[1.992547035,35.976707458],[1.993932962,35.974357605],[1.993234038,35.972240448],[1.995887041,35.970062256],[1.992369056,35.964160919],[1.993314981,35.960552216],[1.990993977,35.960437775],[1.988667965,35.957969666],[1.99039197,35.948348999],[1.992614985,35.947200775],[1.994156957,35.943706512],[1.991497993,35.940326691],[1.992140055,35.937805176],[1.992833018,35.939868927],[1.996556997,35.940326691],[1.998556972,35.942905426],[2.004842043,35.938606262],[2.010622978,35.937057495],[2.013987064,35.933677673],[2.026814938,35.934020996],[2.035311937,35.937919617],[2.037631989,35.943244934],[2.046262026,35.947086334],[2.051871061,35.947834015],[2.056952,35.945011139],[2.065433979,35.946907043],[2.070291996,35.950847626],[2.069058895,35.952548981],[2.071752071,35.956230164],[2.07614994,35.958904266],[2.085464001,35.959186554],[2.087099075,35.956790924],[2.095967054,35.958492279],[2.098409891,35.956577301],[2.099915028,35.957336426],[2.101048946,35.955291748],[2.10956192,35.953216553],[2.1156919,35.954921722],[2.11531806,35.961524963],[2.120338917,35.964927673],[2.130624056,35.960960388],[2.126888037,35.957275391],[2.125900984,35.952892303],[2.127229929,35.950630188],[2.133548975,35.950054169],[2.134202003,35.940128326],[2.137264967,35.938018799],[2.136095047,35.940536499],[2.138895988,35.940578461],[2.13717103,35.939842224],[2.137729883,35.933307648],[2.138916969,35.930698395],[2.139468908,35.932857513],[2.141124964,35.928546906],[2.154047012,35.931282043],[2.156537056,35.928569794],[2.16039896,35.927650452],[2.163336992,35.930080414],[2.168742895,35.931087494],[2.199655056,35.926200867],[2.200751066,35.92237854],[2.206718922,35.916305542],[2.210316896,35.917663574],[2.215043068,35.916088104],[2.213325024,35.911102295],[2.214462996,35.906826019],[2.218693018,35.902828217],[2.22685504,35.90032196],[2.231648922,35.892757416],[2.2336061,35.891990662],[2.233572006,35.887828827],[2.239444971,35.88306427],[2.246002913,35.885269165],[2.254700899,35.885494232],[2.261356115,35.881168365],[2.270653963,35.885986328],[2.288166046,35.872627258],[2.291505098,35.872745514],[2.291910887,35.871295929],[2.298835039,35.878929138],[2.303059101,35.877754211],[2.306788921,35.879745483],[2.313839912,35.877658844],[2.315367937,35.857246399],[2.314526081,35.845214844],[2.309958935,35.83656311],[2.309822083,35.832839966],[2.302242041,35.816223145],[2.29925108,35.812152863],[2.295716047,35.811065674],[2.295589924,35.803443909],[2.293292046,35.799949646],[2.285397053,35.797889709],[2.278985977,35.792503357],[2.279226065,35.787460327],[2.281843901,35.78465271],[2.285552025,35.772792816],[2.284410954,35.767177582],[2.285609007,35.75485611],[2.269916058,35.726325989],[2.258914948,35.72644043],[2.243788958,35.720077515],[2.24318099,35.717041016],[2.241771936,35.717155457],[2.217586994,35.721111298],[2.219168901,35.724262238],[2.216803074,35.725463867],[2.21804595,35.727416992],[2.216046095,35.728099823],[2.216876984,35.729133606],[2.200357914,35.737098694],[2.194847107,35.738300323],[2.173554897,35.734687805],[2.164062023,35.735607147],[2.155884981,35.733142853],[2.146729946,35.718017578],[2.143801928,35.715553284],[2.14458704,35.712745667],[2.13996911,35.711658478],[2.145039082,35.708908081],[2.14426589,35.705123901],[2.146655083,35.703578949],[2.145400047,35.701629639],[2.150075912,35.700370789],[2.147870064,35.698764801],[2.151565075,35.696018219],[2.148683071,35.690402985],[2.148947001,35.688907623],[2.151988983,35.687824249],[2.14636302,35.683410645],[2.146625996,35.678314209],[2.144644022,35.677909851],[2.156212091,35.658828735],[2.171808004,35.654186249],[2.188371897,35.651725769],[2.227751017,35.638774872],[2.269531965,35.633563995],[2.269989967,35.631900787],[2.277827978,35.628692627],[2.282497883,35.629264832],[2.284966946,35.631385803],[2.289585114,35.629669189],[2.289722919,35.625080109],[2.285470963,35.617919922],[2.269634962,35.605201721],[2.263578892,35.603023529],[2.262479067,35.601135254],[2.257225037,35.600215912],[2.255403042,35.553462982],[2.167030096,35.558448792],[2.122379065,35.548652649],[2.079644918,35.541801453],[2.085800886,35.568073273],[2.081212044,35.578731537],[2.057101965,35.575408936],[2.043173075,35.576267242],[2.030872107,35.572601318],[2.018181086,35.57213974],[2.010840893,35.580051422],[2.007610083,35.581539154],[2.011758089,35.584632874],[2.012049913,35.587726593],[2.032521963,35.592250824],[2.035145998,35.599586487],[2.038646936,35.603424072],[2.037528992,35.606575012],[2.034240961,35.607494354],[2.033231974,35.606117249],[2.02746892,35.606807709],[2.015602112,35.598957062],[2.004831076,35.599586487],[1.995617986,35.594257355],[1.987069011,35.594715118],[1.985219002,35.593055725],[1.984954953,35.585208893],[1.978279948,35.580051422],[1.972905993,35.578731537],[1.973175049,35.570537567],[1.968063951,35.56578064],[1.960530043,35.565155029],[1.955837011,35.563034058],[1.94777,35.565208435],[1.935698032,35.563373566],[1.931395054,35.564807892],[1.923573971,35.561309814],[1.918439984,35.555870056],[1.909243941,35.557529449],[1.90656805,35.555583954],[1.900228977,35.555763245],[1.888995051,35.551452637],[1.871623993,35.55437851],[1.863762021,35.552265167],[1.856938958,35.554538727],[1.85344398,35.552848816],[1.851843953,35.548469543],[1.839223981,35.551078796],[1.830065966,35.551113129],[1.827154994,35.55065155],[1.82386601,35.547554016],[1.81904304,35.546977997],[1.811113,35.550331116],[1.808102965,35.553806305],[1.804916978,35.554206848],[1.799972057,35.551425934],[1.794638991,35.555496216],[1.790567994,35.555561066],[1.784247994,35.552970886],[1.777714968,35.553985596],[1.775774002,35.552886963],[1.76770699,35.553356171],[1.762877941,35.555644989],[1.754310012,35.555519104],[1.748399973,35.552143097],[1.743443966,35.552509308],[1.741163969,35.551124573],[1.743397951,35.546001434],[1.743132949,35.542705536],[1.74020505,35.539413452],[1.738095999,35.539310455],[1.731564045,35.541435242],[1.730950952,35.545955658],[1.724431038,35.553062439],[1.723451018,35.555526733],[1.725244999,35.557132721],[1.722671986,35.558906555],[1.726922989,35.563144684],[1.719120026,35.567157745],[1.716925979,35.570594788],[1.714112043,35.571800232],[1.706480026,35.571109772],[1.69530201,35.573402405],[1.692608953,35.577068329],[1.691331983,35.573863983],[1.693325043,35.566009521],[1.699237943,35.556270599],[1.697432995,35.551914215],[1.698528051,35.547161102],[1.684438944,35.536445618],[1.677201986,35.542346954],[1.674193978,35.539943695],[1.659927964,35.544525146],[1.653602004,35.541603088],[1.645820975,35.54246521],[1.636860013,35.545558929],[1.632747054,35.559078217],[1.625367045,35.56268692],[1.626765013,35.563606262],[1.618612051,35.566299438],[1.611328959,35.570999146],[1.608304024,35.571109772],[1.60759902,35.574203491],[1.600896001,35.577869415],[1.603129983,35.585723877],[1.596729994,35.589443207],[1.59918201,35.59053421],[1.602367997,35.596954346],[1.599704027,35.597751617],[1.600052953,35.600276947],[1.602087021,35.601650238],[1.599635005,35.603942871],[1.596467018,35.604171753],[1.59926796,35.60634613],[1.598667026,35.608066559],[1.593075037,35.608867645],[1.589390993,35.611850739],[1.589751005,35.604972839],[1.582790017,35.604400635],[1.581529021,35.606864929],[1.579100013,35.606861115],[1.578876972,35.609783173],[1.57605195,35.609668732],[1.57517004,35.611450195],[1.57307303,35.610588074],[1.571956038,35.612876892],[1.568809986,35.611160278],[1.565027952,35.604743958],[1.562340975,35.605716705],[1.56220901,35.609558105],[1.556681037,35.612247467],[1.554021955,35.611213684],[1.552464008,35.603199005],[1.548967957,35.598499298],[1.523283005,35.597236633],[1.519621968,35.595001221],[1.51451695,35.598270416],[1.511927009,35.597694397],[1.502581954,35.603141785],[1.504752994,35.607036591],[1.501688004,35.612304688],[1.502742052,35.619468689],[1.501652956,35.620845795],[1.504691005,35.627719879],[1.502169013,35.63539505],[1.499276042,35.637058258],[1.499006987,35.639289856],[1.495723009,35.640380859],[1.495666027,35.642383575],[1.499454021,35.642383575],[1.501561999,35.644050598],[1.499184012,35.64553833],[1.500386953,35.657226562],[1.497603059,35.659404755],[1.494583011,35.659233093],[1.492239952,35.662956238],[1.482362032,35.664558411],[1.476631999,35.670860291],[1.465769053,35.669200897],[1.453215957,35.669200897],[1.449251056,35.670688629],[1.444620967,35.667999268],[1.439138055,35.669200897],[1.43602705,35.686790466],[1.429999948,35.687419891],[1.424396038,35.685012817],[1.419708967,35.678253174],[1.413630009,35.675045013],[1.410455942,35.674987793],[1.407992005,35.680488586],[1.402737975,35.686275482],[1.39139998,35.684211731],[1.38329196,35.690746307],[1.385004997,35.69739151],[1.372841001,35.701515198],[1.367329001,35.70879364],[1.357692003,35.711082458],[1.349992037,35.710971832],[1.341317058,35.704093933],[1.343580008,35.694412231],[1.336881995,35.679973602],[1.341562986,35.673553467],[1.348868966,35.67275238],[1.349694014,35.670631409],[1.345464945,35.660949707],[1.333857059,35.653385162],[1.335278034,35.651039124],[1.342566013,35.648231506],[1.339128017,35.644565582],[1.344027042,35.641014099],[1.342452049,35.637172699],[1.322255015,35.621757507],[1.309901953,35.631385803],[1.299880981,35.634590149],[1.29501605,35.629150391],[1.290501952,35.630008698],[1.286978006,35.636314392],[1.287047029,35.641014099],[1.280079007,35.653846741],[1.272763014,35.659519196],[1.26898098,35.665019989],[1.269703031,35.672409058],[1.25810802,35.686386108],[1.258913994,35.688796997],[1.269245028,35.697677612],[1.271456003,35.698020935],[1.272997975,35.702323914],[1.27699101,35.701858521],[1.278504014,35.703578949],[1.278022051,35.705867767],[1.280182004,35.709190369],[1.277215004,35.710910797],[1.278720975,35.711429596],[1.278017044,35.71320343],[1.279677987,35.713493347],[1.281185031,35.718017578],[1.276280999,35.722431183],[1.280331016,35.722370148],[1.28371799,35.726207733],[1.288908958,35.728157043],[1.283311009,35.733371735],[1.275639057,35.736579895],[1.277948022,35.747924805],[1.278136969,35.754917145],[1.276710033,35.75617981],[1.277999997,35.759212494],[1.273283958,35.763969421],[1.288764954,35.777778625],[1.279289007,35.782012939],[1.277179956,35.788032532],[1.278859019,35.792156219],[1.284255981,35.790554047],[1.288954973,35.794506073],[1.289240956,35.798057556],[1.287031054,35.79990387],[1.291612983,35.805679321],[1.298797965,35.807571411],[1.304011941,35.799549103],[1.305971026,35.800865173],[1.306074977,35.80424881],[1.307788014,35.805965424],[1.316537023,35.807682037],[1.326081991,35.813301086],[1.33394897,35.807113647],[1.334717035,35.802585602],[1.332872033,35.799716949],[1.334722042,35.790840149],[1.339540958,35.785110474],[1.340680957,35.780181885],[1.344652057,35.776805878],[1.37560904,35.773246765],[1.38578999,35.778865814],[1.386127949,35.784366608],[1.389698029,35.785968781],[1.393468022,35.792671204],[1.398229003,35.79599762],[1.40091598,35.800354004],[1.400647044,35.804187775],[1.409625053,35.810379028],[1.413040042,35.816051483],[1.424664974,35.820289612],[1.428967953,35.825675964],[1.419824004,35.830371857],[1.417698026,35.833068848],[1.414214015,35.829399109],[1.410421014,35.828022003],[1.40229702,35.83782196],[1.399003029,35.837593079],[1.400640965,35.835819244],[1.399953008,35.834499359],[1.392928958,35.835132599],[1.394796968,35.838226318],[1.392246962,35.840515137],[1.394373059,35.84343338],[1.393363953,35.845443726],[1.386505961,35.842578888],[1.378679991,35.843952179],[1.389868975,35.84595871],[1.395203948,35.856502533],[1.407688022,35.865154266],[1.40773499,35.870994568],[1.410495996,35.874607086],[1.410513043,35.877357483],[1.403076053,35.878791809],[1.394956946,35.882568359],[1.391268015,35.88010788],[1.390890002,35.88136673],[1.390133023,35.886867523],[1.393707991,35.892597198],[1.393336058,35.895862579],[1.39525497,35.899528503],[1.401150942,35.90096283],[1.397570014,35.902164459],[1.394762993,35.905944824],[1.405500054,35.910129547],[1.408318996,35.914543152],[1.406738043,35.916721344],[1.410135031,35.918777466],[1.419410944,35.918895721],[1.418046951,35.922733307],[1.407997966,35.929153442],[1.406610966,35.928524017],[1.403471947,35.931041718],[1.402039051,35.930240631],[1.40109396,35.932361603],[1.408342004,35.934593201],[1.421457052,35.932361603],[1.42907095,35.933963776],[1.434331059,35.935508728],[1.426465034,35.93963623],[1.435413957,35.941127777],[1.447710037,35.940498352],[1.456612945,35.935508728],[1.466719985,35.94026947],[1.496526003,35.950065613],[1.508895993,35.956539154],[1.506661057,35.961986542],[1.512619972,35.964557648],[1.517238021,35.971206665],[1.510957956,35.980716705],[1.511811972,35.982318878],[1.507789969,35.984615326],[1.511914968,35.987308502],[1.510568976,35.990055084],[1.521265984,35.987480164],[1.526772022,35.983638763],[1.527946949,35.990341187],[1.540621042,35.99716568],[1.544814944,36.006614685],[1.545140982,36.01108551],[1.552091002,36.017044067],[1.554360032,36.021911621],[1.552641034,36.025867462],[1.553192854,36.029911041],[1.568655014,36.035205841],[1.568999052,36.028961182],[1.566288948,36.02747345],[1.56222105,36.019390106],[1.566208959,36.018360138],[1.565544009,36.014461517],[1.568518043,36.013431549]]]]},"properties":{"name":"Tissemsilt","mapcolor":46,"cartodb_id":46}},{"type":"Feature","geometry":{"type":"MultiPolygon","coordinates":[[[[4.433195114,36.910331726],[4.44708395,36.908473969],[4.449860096,36.905693054],[4.461804867,36.901248932],[4.478472233,36.901805878],[4.479581833,36.900138855],[4.491249084,36.896251678],[4.510138988,36.884860992],[4.533750057,36.885417938],[4.546248913,36.884029388],[4.550693989,36.885971069],[4.552361965,36.883750916],[4.557916164,36.88458252],[4.56791687,36.882362366],[4.579306126,36.884029388],[4.585030079,36.88319397],[4.58418417,36.881580353],[4.585477829,36.879116058],[4.590022087,36.877799988],[4.591845036,36.875049591],[4.592238903,36.868400574],[4.594869137,36.864215851],[4.592083931,36.860092163],[4.593632221,36.851325989],[4.595315933,36.849437714],[4.599899769,36.848804474],[4.603733063,36.841068268],[4.619104862,36.837348938],[4.624416828,36.834541321],[4.622657776,36.826862335],[4.623539925,36.815689087],[4.630816936,36.81477356],[4.637337208,36.810245514],[4.640552044,36.810646057],[4.643955231,36.80657959],[4.65002203,36.806407928],[4.650560856,36.801193237],[4.65382719,36.796211243],[4.639135838,36.784233093],[4.638333797,36.780281067],[4.640065193,36.769741058],[4.650445938,36.759426117],[4.651774883,36.754615784],[4.645804882,36.755012512],[4.643455982,36.753067017],[4.6388731,36.752948761],[4.640672207,36.747104645],[4.619878769,36.736335754],[4.620871067,36.733352661],[4.618768215,36.729972839],[4.611157894,36.733413696],[4.608522892,36.73261261],[4.606557846,36.745159149],[4.600777149,36.745903015],[4.597314835,36.749568939],[4.585536003,36.751461029],[4.584081173,36.749282837],[4.579536915,36.750144958],[4.578797817,36.747795105],[4.576288223,36.749282837],[4.570505142,36.747505188],[4.567883015,36.749687195],[4.559620857,36.746307373],[4.550580025,36.747219086],[4.545566082,36.749397278],[4.544381142,36.744415283],[4.539596081,36.742118835],[4.535573959,36.735359192],[4.53506422,36.738739014],[4.530244827,36.73513031],[4.530549049,36.739772797],[4.528315067,36.740573883],[4.522934914,36.735187531],[4.520825863,36.731235504],[4.522051811,36.725849152],[4.518266201,36.713863373],[4.528131008,36.712673187],[4.547576904,36.703502655],[4.564939022,36.700008392],[4.57179594,36.69726181],[4.577250004,36.692447662],[4.598054886,36.688663483],[4.601079941,36.681789398],[4.603233814,36.670269012],[4.595786095,36.661449432],[4.580235958,36.658180237],[4.573989868,36.653427124],[4.565701962,36.63885498],[4.570668221,36.632858276],[4.563625813,36.625640869],[4.540295124,36.61566925],[4.542387009,36.60931015],[4.549176216,36.604782104],[4.555369854,36.592235565],[4.559064865,36.589729309],[4.553307056,36.587478638],[4.553153038,36.583526611],[4.549457073,36.579402924],[4.540101051,36.574474335],[4.534095764,36.569316864],[4.533380032,36.564559937],[4.530206203,36.561698914],[4.520551205,36.556999207],[4.517096043,36.553501129],[4.515645981,36.54794693],[4.511390209,36.54479599],[4.499432087,36.538265228],[4.491302013,36.535629272],[4.48250103,36.535339355],[4.463936806,36.526977539],[4.464314938,36.523536682],[4.459037781,36.517807007],[4.45805788,36.512310028],[4.451944828,36.506519318],[4.452717781,36.500217438],[4.450891018,36.496665955],[4.445201874,36.49666214],[4.437868118,36.490592957],[4.416450024,36.490535736],[4.403674126,36.48033905],[4.397509098,36.480335236],[4.394626141,36.483032227],[4.384625912,36.480270386],[4.380210876,36.478504181],[4.363292217,36.465900421],[4.353796959,36.471511841],[4.34450388,36.473922729],[4.340641975,36.47833252],[4.335702896,36.477016449],[4.332157135,36.467388153],[4.313043118,36.465614319],[4.306252956,36.466358185],[4.297812939,36.461601257],[4.270191193,36.462059021],[4.256698132,36.460453033],[4.251225948,36.458335876],[4.24419117,36.458393097],[4.241635799,36.459423065],[4.24151516,36.46257782],[4.237842083,36.466186523],[4.236770153,36.473922729],[4.231614113,36.479305267],[4.206443787,36.471343994],[4.182723999,36.459136963],[4.166544914,36.459815979],[4.166954994,36.46572876],[4.162405968,36.468704224],[4.144943237,36.469394684],[4.13796711,36.466545105],[4.129747868,36.465438843],[4.114789009,36.468761444],[4.112285137,36.465610504],[4.103013992,36.463607788],[4.090122223,36.468933105],[4.082989216,36.46383667],[4.078960896,36.464523315],[4.066236019,36.460681915],[4.060632229,36.460681915],[4.05625391,36.46389389],[4.052193165,36.463150024],[4.04341507,36.465667725],[4.038596153,36.462120056],[4.027212143,36.459022522],[4.017809868,36.459606171],[4.016159058,36.458335876],[4.011988163,36.460971832],[3.99196291,36.461315155],[3.988106012,36.460514069],[3.983925104,36.456157684],[3.96510911,36.457992554],[3.954583883,36.454727173],[3.951643944,36.452377319],[3.938052893,36.452720642],[3.932020903,36.456790924],[3.925144911,36.458450317],[3.91147995,36.457187653],[3.906339884,36.462127686],[3.881256104,36.470710754],[3.877044916,36.471225739],[3.872014046,36.46818924],[3.863121986,36.466758728],[3.848104954,36.470825195],[3.850821018,36.474147797],[3.844335079,36.486240387],[3.839060068,36.488254547],[3.832892895,36.486122131],[3.826281071,36.494548798],[3.824080944,36.500450134],[3.819783926,36.501304626],[3.820167065,36.502967834],[3.815572977,36.502109528],[3.814639091,36.50944519],[3.811201096,36.512310028],[3.815165997,36.514369965],[3.816203117,36.518325806],[3.814122915,36.522449493],[3.808094978,36.525314331],[3.807487011,36.531394958],[3.804646015,36.534824371],[3.796945095,36.533107758],[3.796883106,36.534828186],[3.793771029,36.536777496],[3.791965961,36.535858154],[3.793283939,36.534698486],[3.789649963,36.533847809],[3.79054594,36.531757355],[3.784801006,36.53219986],[3.780575037,36.534515381],[3.775676012,36.53212738],[3.770124912,36.532245636],[3.764062881,36.537002563],[3.760231018,36.542331696],[3.759973049,36.545196533],[3.756887913,36.545196533],[3.755789995,36.550296783],[3.748336077,36.55430603],[3.743792057,36.554363251],[3.733151913,36.560092926],[3.730901003,36.567481995],[3.726226091,36.572124481],[3.723743916,36.579631805],[3.726664066,36.584323883],[3.730093956,36.583759308],[3.732455015,36.585533142],[3.734337091,36.592693329],[3.733746052,36.598110199],[3.734697104,36.60017395],[3.737982988,36.601268768],[3.737801075,36.603988647],[3.734611988,36.609912872],[3.734076023,36.614372253],[3.727227926,36.621570587],[3.728281975,36.62254715],[3.72636795,36.624778748],[3.727691889,36.626213074],[3.726118088,36.628879547],[3.72154808,36.631507874],[3.721065998,36.638477325],[3.718408108,36.640830994],[3.719845057,36.64245224],[3.716330051,36.647926331],[3.722656012,36.648330688],[3.724575043,36.64655304],[3.728712082,36.647697449],[3.731071949,36.646091461],[3.736222982,36.647586823],[3.737169027,36.650676727],[3.748472929,36.648960114],[3.755057096,36.648902893],[3.756586075,36.650276184],[3.763513088,36.649589539],[3.771512032,36.645809174],[3.774480104,36.651473999],[3.783710003,36.652454376],[3.784735918,36.655033112],[3.782742023,36.658412933],[3.784586906,36.659389496],[3.787652016,36.658870697],[3.792115927,36.650104523],[3.786648989,36.643569946],[3.789422989,36.640991211],[3.802479982,36.634922028],[3.806061983,36.636699677],[3.813172102,36.634922028],[3.824647903,36.635894775],[3.826939106,36.637096405],[3.828743935,36.64276886],[3.817101955,36.657039642],[3.820460081,36.671245575],[3.811039925,36.67640686],[3.813159943,36.678237915],[3.820976019,36.676860809],[3.818649054,36.68012619],[3.819498062,36.682994843],[3.817830086,36.68585968],[3.832932949,36.687465668],[3.842850924,36.679782867],[3.852952003,36.677436829],[3.860096931,36.671936035],[3.869069099,36.672103882],[3.871401072,36.675144196],[3.872656107,36.67382431],[3.87539506,36.674514771],[3.875125885,36.672908783],[3.882688046,36.672786713],[3.877909899,36.67565918],[3.871699095,36.684597015],[3.863740921,36.685455322],[3.864090919,36.692276001],[3.858537912,36.69846344],[3.853971958,36.698291779],[3.84869504,36.701843262],[3.846374989,36.70671463],[3.845491886,36.716510773],[3.850752115,36.722126007],[3.848747015,36.727451324],[3.85371995,36.73072052],[3.853461981,36.733013153],[3.856395006,36.736103058],[3.857306004,36.740345001],[3.861999035,36.741546631],[3.864439964,36.745384216],[3.868668079,36.747623444],[3.867001057,36.752490997],[3.869257927,36.753810883],[3.869534016,36.75604248],[3.866173029,36.762180328],[3.873166084,36.766471863],[3.884223938,36.767272949],[3.886567116,36.770256042],[3.892740965,36.772140503],[3.895768881,36.76234436],[3.898113012,36.759483337],[3.906970978,36.754039764],[3.916034937,36.752490997],[3.917896986,36.753635406],[3.915949106,36.756961823],[3.922101974,36.767044067],[3.921432018,36.770885468],[3.925219059,36.775753021],[3.928817987,36.770027161],[3.936237097,36.76927948],[3.96518898,36.775352478],[3.970665932,36.778045654],[3.974265099,36.785438538],[3.977009058,36.796665192],[3.981358051,36.802627563],[3.978579044,36.805831909],[3.973541975,36.808185577],[3.983833075,36.809158325],[3.991430044,36.807956696],[4.000655174,36.815689087],[4.010503769,36.820560455],[4.009667873,36.823539734],[4.012876034,36.823898315],[4.012887001,36.831161499],[4.014326096,36.832305908],[4.013339996,36.837688446],[4.032586098,36.844108582],[4.035840034,36.846916199],[4.033456802,36.848865509],[4.036973953,36.851902008],[4.039724827,36.852127075],[4.034154892,36.85338974],[4.033227921,36.855396271],[4.032998085,36.861984253],[4.036584854,36.868000031],[4.033043861,36.884498596],[4.035634041,36.887882233],[4.035139084,36.900970459],[4.042084217,36.900417328],[4.047359943,36.897361755],[4.055417061,36.898750305],[4.05847311,36.898750305],[4.060695171,36.896251678],[4.072638035,36.897361755],[4.08319521,36.895137787],[4.091248989,36.89125061],[4.095416069,36.892082214],[4.111804962,36.889862061],[4.121806145,36.895137787],[4.140417099,36.893749237],[4.145418167,36.89541626],[4.147918224,36.897361755],[4.147918224,36.904582977],[4.150415897,36.90486145],[4.153749943,36.908195496],[4.160695076,36.907917023],[4.163195133,36.905139923],[4.175415993,36.900970459],[4.178750038,36.897361755],[4.186251163,36.894584656],[4.194304943,36.896251678],[4.205694199,36.892082214],[4.209581852,36.892082214],[4.224027157,36.898193359],[4.229862213,36.897361755],[4.235415936,36.899028778],[4.238193989,36.902915955],[4.243195057,36.904304504],[4.260694027,36.90625],[4.269005775,36.901527405],[4.286528111,36.907360077],[4.296528816,36.908195496],[4.300694942,36.905693054],[4.300971031,36.902084351],[4.308750153,36.89541626],[4.314861774,36.89541626],[4.329861164,36.900695801],[4.333470821,36.897914886],[4.349027157,36.89680481],[4.352917194,36.893196106],[4.359026909,36.895137787],[4.362915993,36.89263916],[4.379860878,36.89263916],[4.385138988,36.890140533],[4.404304981,36.890972137],[4.415972233,36.893196106],[4.419305801,36.895694733],[4.421249866,36.901248932],[4.419861794,36.907360077],[4.422083855,36.909862518],[4.433195114,36.910331726]]]]},"properties":{"name":"Tizi Ouzou","mapcolor":47,"cartodb_id":47}},{"type":"Feature","geometry":{"type":"MultiPolygon","coordinates":[[[[-1.630694032,35.219581604],[-1.630972028,35.218193054],[-1.634027958,35.217918396],[-1.633749962,35.219306946],[-1.630694032,35.219581604]]],[[[-1.58405602,35.23638916],[-1.573976994,35.223083496],[-1.548032045,35.214672089],[-1.545436025,35.21037674],[-1.54668498,35.202011108],[-1.552809954,35.196109772],[-1.55211699,35.194160461],[-1.555171013,35.190608978],[-1.553629994,35.188549042],[-1.555698037,35.176914215],[-1.531129003,35.176399231],[-1.528619051,35.173709869],[-1.532073975,35.171131134],[-1.531666994,35.16992569],[-1.528287053,35.170383453],[-1.510736942,35.165111542],[-1.506744027,35.160354614],[-1.505162001,35.152050018],[-1.500010967,35.151245117],[-1.500040054,35.153079987],[-1.490041971,35.153369904],[-1.487864971,35.151077271],[-1.48793304,35.152507782],[-1.482450008,35.151935577],[-1.482169032,35.153884888],[-1.479292989,35.152965546],[-1.476251006,35.154285431],[-1.471392035,35.152965546],[-1.47031498,35.156173706],[-1.463801026,35.158351898],[-1.463405013,35.16178894],[-1.46133697,35.163566589],[-1.458603978,35.164596558],[-1.454282999,35.163394928],[-1.44667995,35.16998291],[-1.447798014,35.172561646],[-1.452175021,35.173877716],[-1.451820016,35.175540924],[-1.43908298,35.181903839],[-1.439288974,35.184879303],[-1.432567954,35.18837738],[-1.432247996,35.194160461],[-1.429515004,35.194446564],[-1.427675009,35.192100525],[-1.423452973,35.192443848],[-1.422088981,35.196281433],[-1.423400998,35.203384399],[-1.417539954,35.207164764],[-1.420300961,35.2135849],[-1.415070057,35.211120605],[-1.412475944,35.216171265],[-1.41021204,35.21490097],[-1.408149004,35.210544586],[-1.403359056,35.207569122],[-1.397807002,35.207054138],[-1.392714024,35.209403992],[-1.388604999,35.206768036],[-1.382084966,35.208141327],[-1.375061035,35.211982727],[-1.364169002,35.211238861],[-1.355391026,35.198402405],[-1.344974995,35.203098297],[-1.341858029,35.20098114],[-1.332672954,35.199489594],[-1.325145006,35.201839447],[-1.318182945,35.19903183],[-1.314154983,35.200122833],[-1.304517984,35.196510315],[-1.304020047,35.192268372],[-1.300948977,35.1876297],[-1.301097035,35.198169708],[-1.294410944,35.201210022],[-1.283588052,35.202869415],[-1.281908989,35.199893951],[-1.27868402,35.200576782],[-1.27551496,35.203788757],[-1.271882057,35.203559875],[-1.270650983,35.205448151],[-1.266669035,35.203788757],[-1.259385943,35.206420898],[-1.250334024,35.206310272],[-1.245388985,35.204303741],[-1.253445029,35.201152802],[-1.254441977,35.199146271],[-1.249714971,35.196800232],[-1.244014025,35.184135437],[-1.237939954,35.183273315],[-1.231878996,35.176689148],[-1.221456051,35.179950714],[-1.217887044,35.18321991],[-1.21895802,35.187400818],[-1.216575027,35.189807892],[-1.21023798,35.181957245],[-1.206352949,35.181270599],[-1.204326034,35.175350189],[-1.197890997,35.169639587],[-1.193158031,35.168895721],[-1.179911017,35.172847748],[-1.175997972,35.167293549],[-1.174875021,35.168323517],[-1.167495012,35.164199829],[-1.167173982,35.155948639],[-1.161180973,35.157951355],[-1.155823946,35.156116486],[-1.151572943,35.159381866],[-1.128654003,35.156860352],[-1.126883984,35.154800415],[-1.130259037,35.150615692],[-1.129645944,35.146949768],[-1.120427012,35.14723587],[-1.119510055,35.14522934],[-1.115378976,35.144889832],[-1.115069985,35.139961243],[-1.110227942,35.139446259],[-1.110857964,35.136581421],[-1.105695963,35.134117126],[-1.094275951,35.132453918],[-1.091164947,35.135490417],[-1.088035941,35.132396698],[-1.075798035,35.133602142],[-1.067479014,35.12752533],[-1.068549991,35.121681213],[-1.066166997,35.123340607],[-1.058019042,35.123806],[-1.055498004,35.125694275],[-1.053390026,35.122653961],[-1.049693942,35.125007629],[-1.047441959,35.123630524],[-1.044492006,35.119216919],[-1.046501994,35.112411499],[-1.045115948,35.103862762],[-1.04243505,35.099624634],[-1.040159941,35.098705292],[-1.040159941,35.097045898],[-1.042927027,35.096183777],[-1.044188023,35.093551636],[-1.036350012,35.089885712],[-1.031903982,35.092460632],[-1.02155602,35.094524384],[-1.015161991,35.089710236],[-1.009408951,35.094238281],[-1.003981948,35.093193054],[-1.000023961,35.087589264],[-0.993188977,35.08581543],[-0.987133026,35.080028534],[-0.985363007,35.082778931],[-0.979764998,35.084728241],[-0.974022985,35.081401825],[-0.971176028,35.076076508],[-0.958203971,35.076358795],[-0.950021982,35.072353363],[-0.938723981,35.064388275],[-0.940540016,35.062095642],[-0.941416979,35.055679321],[-0.911170006,35.05355835],[-0.931509972,35.007144928],[-0.933229029,35.000217438],[-0.945541978,34.991390228],[-0.952435017,34.981479645],[-0.965022027,34.977237701],[-0.971020997,34.969848633],[-0.967624009,34.963718414],[-0.961647987,34.959938049],[-0.958365023,34.952259064],[-0.94827503,34.942234039],[-0.943409979,34.932487488],[-0.94245398,34.92653656],[-0.944539011,34.923492432],[-0.94075799,34.924182892],[-0.940527976,34.919425964],[-0.943702996,34.920059204],[-0.945833981,34.915130615],[-0.950675011,34.910491943],[-0.950416982,34.907665253],[-0.945536017,34.902984619],[-0.945312977,34.899261475],[-0.942991972,34.89868927],[-0.931831002,34.903614044],[-0.920451999,34.911403656],[-0.913667977,34.907108307],[-0.905422986,34.905330658],[-0.889077008,34.898460388],[-0.891763985,34.894218445],[-0.891873002,34.890266418],[-0.901624978,34.882987976],[-0.919587016,34.873935699],[-0.919667006,34.869812012],[-0.926055014,34.857433319],[-0.925844014,34.853710175],[-0.920561016,34.852104187],[-0.884307981,34.873245239],[-0.870598972,34.864025116],[-0.868937016,34.854282379],[-0.875028014,34.851760864],[-0.878353,34.846645355],[-0.874454975,34.844429016],[-0.878735006,34.835262299],[-0.884006023,34.829471588],[-0.876518011,34.819904327],[-0.875395,34.808158875],[-0.886618972,34.789714813],[-0.887129009,34.783584595],[-0.890743971,34.778427124],[-0.890693009,34.760490417],[-0.889575005,34.757568359],[-0.885828018,34.757621765],[-0.882710993,34.75567627],[-0.884917021,34.750637054],[-0.886327028,34.750579834],[-0.885770977,34.7474823],[-0.883548021,34.748683929],[-0.886178017,34.743759155],[-0.884728014,34.742782593],[-0.887867987,34.739521027],[-0.864805996,34.741523743],[-0.842570007,34.746738434],[-0.832485974,34.746566772],[-0.830343008,34.743358612],[-0.818184972,34.740608215],[-0.812896013,34.746047974],[-0.807837009,34.743186951],[-0.800554991,34.743816376],[-0.791616976,34.749317169],[-0.780192018,34.74943161],[-0.776260972,34.751953125],[-0.771815002,34.737915039],[-0.767111003,34.732646942],[-0.76779902,34.723018646],[-0.762413025,34.713108063],[-0.766589999,34.71522522],[-0.772714972,34.723819733],[-0.776260972,34.725883484],[-0.776965976,34.722904205],[-0.782266021,34.719581604],[-0.785835981,34.714138031],[-0.787193,34.709323883],[-0.786580026,34.694141388],[-0.774342,34.687664032],[-0.782455027,34.673400879],[-0.793748021,34.66286087],[-0.798377991,34.660568237],[-0.80191803,34.653289795],[-0.796521008,34.649848938],[-0.798978984,34.645839691],[-0.800382972,34.636100769],[-0.802652001,34.633922577],[-0.80370599,34.629684448],[-0.80815202,34.626987457],[-0.808220983,34.622692108],[-0.813359976,34.617191315],[-0.814792991,34.610946655],[-0.820064008,34.608943939],[-0.818786025,34.600635529],[-0.822287023,34.596622467],[-0.82248801,34.59381485],[-0.829586983,34.58745575],[-0.829369009,34.584075928],[-0.83138001,34.586425781],[-0.83218199,34.579608917],[-0.846247971,34.57301712],[-0.845018029,34.571826935],[-0.858429015,34.564994812],[-0.867848992,34.568435669],[-0.906919003,34.541332245],[-0.889180005,34.537494659],[-0.874243021,34.53755188],[-0.861769974,34.534397125],[-0.856881976,34.521278381],[-0.850883007,34.516811371],[-0.852482021,34.516178131],[-0.849376023,34.512283325],[-0.84949702,34.510276794],[-0.844609976,34.506843567],[-0.843973994,34.503860474],[-0.850126982,34.501342773],[-0.850269973,34.498130798],[-0.861362994,34.494007111],[-0.893396974,34.468166351],[-0.895883977,34.464271545],[-0.894657016,34.459629059],[-0.908774972,34.443641663],[-0.937578022,34.427371979],[-0.938688993,34.419807434],[-0.945725024,34.414306641],[-0.955380023,34.411212921],[-0.977111995,34.398841858],[-1.013178945,34.383369446],[-1.021005988,34.381820679],[-1.025074005,34.378898621],[-1.043558002,34.361423492],[-1.073958993,34.338562012],[-1.096189976,34.307796478],[-1.111235976,34.290607452],[-1.121405005,34.283157349],[-1.126350045,34.276798248],[-1.167132974,34.262817383],[-1.18513,34.258865356],[-1.195351005,34.259441376],[-1.215227962,34.222770691],[-1.237442017,34.207813263],[-1.251222014,34.203517914],[-1.269837022,34.200592041],[-1.28676796,34.203975677],[-1.309594035,34.215320587],[-1.322859049,34.215034485],[-1.332730055,34.207012177],[-1.363877058,34.209590912],[-1.383826971,34.207241058],[-1.415030003,34.208961487],[-1.419625044,34.205410004],[-1.452993989,34.204376221],[-1.465060949,34.195323944],[-1.485126019,34.199562073],[-1.514713049,34.179794312],[-1.524441957,34.167251587],[-1.537894964,34.167419434],[-1.583451033,34.136081696],[-1.596588969,34.129417419],[-1.623288989,34.110240936],[-1.650889993,34.093864441],[-1.647634029,34.106685638],[-1.711799979,34.238754272],[-1.713634014,34.250389099],[-1.706575036,34.273078918],[-1.709828973,34.290378571],[-1.704105973,34.304416656],[-1.704156995,34.309288025],[-1.730839968,34.344238281],[-1.751729965,34.362400055],[-1.767336965,34.372367859],[-1.776000023,34.386287689],[-1.781190991,34.391448975],[-1.779196978,34.395515442],[-1.685047984,34.493549347],[-1.693174005,34.497272491],[-1.696467996,34.496353149],[-1.701413035,34.499507904],[-1.707216978,34.499965668],[-1.72232604,34.508102417],[-1.733011007,34.507301331],[-1.73761797,34.511825562],[-1.746142983,34.514808655],[-1.750669956,34.519962311],[-1.751832962,34.523975372],[-1.750779033,34.526493073],[-1.752560973,34.529701233],[-1.757642984,34.529132843],[-1.762621999,34.532222748],[-1.761865973,34.540130615],[-1.765326023,34.544887543],[-1.769021988,34.548381805],[-1.775874019,34.551357269],[-1.781970978,34.559268951],[-1.787487984,34.562133789],[-1.785871983,34.565055847],[-1.787407994,34.572273254],[-1.794839025,34.578517914],[-1.797628999,34.586425781],[-1.80272305,34.588485718],[-1.809048057,34.595420837],[-1.813660979,34.605903625],[-1.817998052,34.606994629],[-1.821671009,34.611637115],[-1.823956966,34.611118317],[-1.828328967,34.613758087],[-1.831943989,34.613983154],[-1.836527944,34.618736267],[-1.847442031,34.61592865],[-1.850250006,34.61725235],[-1.833273053,34.630199432],[-1.821143985,34.64887619],[-1.816107988,34.653518677],[-1.811139941,34.661369324],[-1.807427049,34.662742615],[-1.805999994,34.666755676],[-1.802234054,34.668632507],[-1.792827964,34.682796478],[-1.773880005,34.6994133],[-1.770002007,34.713737488],[-1.771559954,34.716602325],[-1.770225048,34.724910736],[-1.749477983,34.738548279],[-1.736804008,34.743530273],[-1.736809969,34.744735718],[-1.746011972,34.747711182],[-1.750962019,34.752811432],[-1.762272,34.756134033],[-1.780681014,34.764842987],[-1.787418962,34.766448975],[-1.796627045,34.772521973],[-1.806607962,34.775501251],[-1.810647011,34.778022766],[-1.802700043,34.785125732],[-1.804826021,34.787132263],[-1.811913013,34.782089233],[-1.819069982,34.782375336],[-1.837725043,34.788333893],[-1.856868029,34.803230286],[-1.886455059,34.807991028],[-1.887938976,34.828273773],[-1.891834974,34.842193604],[-1.921205997,34.857032776],[-1.938446045,34.86259079],[-1.945322037,34.866943359],[-1.948696971,34.871013641],[-1.958884001,34.874622345],[-1.959290981,34.876628876],[-1.969408989,34.877662659],[-1.972589016,34.896854401],[-1.971855998,34.903556824],[-1.969746947,34.907623291],[-1.971804023,34.916332245],[-1.972784042,34.935527802],[-1.986287951,34.931289673],[-2.000623941,34.929626465],[-2.013789892,34.931632996],[-2.016969919,34.928596497],[-2.03273201,34.925041199],[-2.042387009,34.926876068],[-2.082499027,34.952831268],[-2.088905096,34.955295563],[-2.096066952,34.96446228],[-2.108334064,34.972602844],[-2.108747005,34.975978851],[-2.11086607,34.975978851],[-2.11412096,34.978042603],[-2.114928961,34.980506897],[-2.120296955,34.982738495],[-2.122647047,34.98846817],[-2.119884968,34.990589142],[-2.125545979,34.996433258],[-2.129327059,34.998039246],[-2.132651091,34.996318817],[-2.134972095,35.000213623],[-2.142925024,34.999469757],[-2.154814005,35.005947113],[-2.157478094,35.005313873],[-2.15734005,35.008636475],[-2.169162035,35.010387421],[-2.181282043,35.020336151],[-2.186383009,35.031761169],[-2.215342045,35.047271729],[-2.211107969,35.062023163],[-2.211900949,35.08430481],[-2.200416088,35.083751678],[-2.192084074,35.088748932],[-2.190418005,35.086250305],[-2.187083006,35.088195801],[-2.186527014,35.085693359],[-2.184304953,35.085414886],[-2.182082891,35.089862823],[-2.175137997,35.090415955],[-2.169862032,35.095417023],[-2.170137882,35.099304199],[-2.164583921,35.097084045],[-2.162362099,35.097976685],[-2.162640095,35.100139618],[-2.157361031,35.101806641],[-2.154582977,35.101806641],[-2.152916908,35.099304199],[-2.146806002,35.097637177],[-2.145138025,35.093193054],[-2.136528015,35.092639923],[-2.134027004,35.090694427],[-2.12430501,35.091251373],[-2.117638111,35.09513855],[-2.11680603,35.093471527],[-2.119028091,35.090694427],[-2.118472099,35.088748932],[-2.112915993,35.086250305],[-2.110418081,35.080970764],[-2.089862108,35.074306488],[-2.056806087,35.07069397],[-2.051527023,35.071250916],[-2.047638893,35.073749542],[-2.035415888,35.072360992],[-2.022083044,35.079582214],[-2.016804934,35.075695038],[-2.014859915,35.071250916],[-2.007361889,35.07069397],[-1.998471022,35.074584961],[-1.982915998,35.073749542],[-1.979027987,35.075416565],[-1.971804976,35.073192596],[-1.954306006,35.074306488],[-1.941805005,35.078472137],[-1.939582944,35.080417633],[-1.939304948,35.083473206],[-1.93680501,35.085140228],[-1.927638054,35.083473206],[-1.921249032,35.083751678],[-1.918470979,35.085971832],[-1.914860964,35.084583282],[-1.913195014,35.088748932],[-1.910972953,35.085140228],[-1.906806946,35.084861755],[-1.903749943,35.086528778],[-1.900972009,35.091526031],[-1.896528006,35.093193054],[-1.886250973,35.090415955],[-1.883473039,35.09236145],[-1.881528974,35.0965271],[-1.874861956,35.097362518],[-1.873749971,35.100971222],[-1.868749976,35.099582672],[-1.865970969,35.101249695],[-1.865417004,35.103473663],[-1.863749027,35.100971222],[-1.862082958,35.102916718],[-1.859305024,35.102916718],[-1.858194947,35.104305267],[-1.859305024,35.106803894],[-1.856804967,35.106529236],[-1.853472948,35.10874939],[-1.850137949,35.106803894],[-1.840692997,35.107639313],[-1.839861989,35.110973358],[-1.832916975,35.110973358],[-1.819306016,35.119861603],[-1.815693974,35.128749847],[-1.814028025,35.126525879],[-1.808194995,35.127918243],[-1.805695057,35.132637024],[-1.802917004,35.125694275],[-1.79597199,35.120693207],[-1.789306045,35.120693207],[-1.785418034,35.121807098],[-1.783748984,35.124027252],[-1.782083035,35.118751526],[-1.775138974,35.119026184],[-1.768749952,35.123470306],[-1.762915969,35.124862671],[-1.758471012,35.129306793],[-1.751804948,35.130973816],[-1.752917051,35.132362366],[-1.750972986,35.135139465],[-1.747638941,35.133472443],[-1.746528983,35.137084961],[-1.742637992,35.139583588],[-1.74041605,35.143749237],[-1.737362027,35.141803741],[-1.732640028,35.14541626],[-1.731804967,35.154026031],[-1.725139022,35.155139923],[-1.724027038,35.15625],[-1.725417018,35.158195496],[-1.72458303,35.161251068],[-1.722082973,35.163471222],[-1.716249943,35.164878845],[-1.714859962,35.170139313],[-1.712916017,35.171527863],[-1.708472013,35.170139313],[-1.709028006,35.173751831],[-1.704027057,35.178749084],[-1.699583054,35.180416107],[-1.69513905,35.179584503],[-1.689306021,35.182640076],[-1.681527972,35.179584503],[-1.678195953,35.180416107],[-1.658750057,35.176250458],[-1.658471942,35.182640076],[-1.647917032,35.186248779],[-1.649582982,35.189582825],[-1.649304986,35.194583893],[-1.644860983,35.196804047],[-1.645138979,35.200138092],[-1.64041698,35.20513916],[-1.637359977,35.20513916],[-1.636250019,35.210414886],[-1.638473034,35.211807251],[-1.638195038,35.213470459],[-1.636806965,35.211807251],[-1.631806016,35.212917328],[-1.626528025,35.218193054],[-1.623196006,35.217918396],[-1.621526957,35.220973969],[-1.618473053,35.220973969],[-1.617082953,35.222637177],[-1.615972996,35.22013855],[-1.612360001,35.220417023],[-1.610138059,35.223194122],[-1.609859943,35.23097229],[-1.599583983,35.232917786],[-1.588194966,35.237487793],[-1.58405602,35.23638916]]]]},"properties":{"name":"Tlemcen","mapcolor":48,"cartodb_id":48}}]}