{"type":"FeatureCollection","features":[{"type":"Feature","geometry":{"type":"MultiPolygon","coordinates":[[[[5.632083893,-1.403471947],[5.632083893,-1.403749943],[5.632586002,-1.403749943],[5.632637978,-1.404028058],[5.634270191,-1.404028058],[5.634860039,-1.404028058],[5.634860039,-1.404109955],[5.634860039,-1.404306054],[5.635681152,-1.404296994],[5.635694027,-1.40486002],[5.635511875,-1.40486002],[5.635416031,-1.40486002],[5.635416031,-1.405138016],[5.635069847,-1.405089974],[5.635138035,-1.405694008],[5.63527298,-1.405694008],[5.635416031,-1.405694008],[5.635416031,-1.405822039],[5.635416031,-1.405972004],[5.636528015,-1.405972004],[5.636528015,-1.405822039],[5.636528015,-1.405694008],[5.637084961,-1.405694008],[5.637084961,-1.405822039],[5.637084961,-1.405972004],[5.637382984,-1.405972004],[5.637638092,-1.405972004],[5.637638092,-1.406100035],[5.637638092,-1.40625],[5.637742996,-1.40625],[5.637916088,-1.40625],[5.637916088,-1.406501055],[5.637916088,-1.406806946],[5.638155937,-1.406838059],[5.638195038,-1.407081962],[5.638364792,-1.407084942],[5.638473034,-1.407084942],[5.638473034,-1.407207966],[5.638473034,-1.407359958],[5.640686035,-1.407287002],[5.640695095,-1.407917023],[5.640929222,-1.407897949],[5.640973091,-1.408473015],[5.64129591,-1.408509016],[5.641251087,-1.408751011],[5.642089844,-1.408691049],[5.642089844,-1.409304976],[5.641805172,-1.409304976],[5.641805172,-1.409860969],[5.642083168,-1.409860969],[5.642083168,-1.410416961],[5.642296791,-1.410449028],[5.642361164,-1.410972953],[5.642568111,-1.410972953],[5.64263916,-1.411527038],[5.642882824,-1.411499023],[5.642882824,-1.412109971],[5.643195152,-1.41208303],[5.643195152,-1.412242055],[5.643195152,-1.412361026],[5.643311024,-1.412292004],[5.643473148,-1.412361026],[5.643473148,-1.412561059],[5.643473148,-1.412639022],[5.64402914,-1.412593007],[5.644027233,-1.41374898],[5.644278049,-1.413751006],[5.644305229,-1.414026976],[5.644556046,-1.414026976],[5.644583225,-1.414304972],[5.644804001,-1.414304972],[5.644861221,-1.414582968],[5.645013809,-1.414582968],[5.645139217,-1.414582968],[5.645139217,-1.414672017],[5.645139217,-1.414860964],[5.645593166,-1.414860964],[5.645678997,-1.414898038],[5.64569521,-1.41513896],[5.646007061,-1.415097952],[5.645973206,-1.415416956],[5.646360874,-1.415416956],[5.646526814,-1.415416956],[5.646526814,-1.415526986],[5.646526814,-1.415694952],[5.646702766,-1.415694952],[5.646757126,-1.41574502],[5.64680481,-1.415972948],[5.646977901,-1.415972948],[5.647082806,-1.415972948],[5.647082806,-1.416093946],[5.647082806,-1.416249037],[5.647337914,-1.416285038],[5.647360802,-1.416527033],[5.647705078,-1.416504025],[5.647638798,-1.416805029],[5.647871971,-1.416874051],[5.647916794,-1.417083025],[5.648179054,-1.417083025],[5.64819479,-1.417361021],[5.648438931,-1.417361021],[5.648472786,-1.417639017],[5.648623943,-1.417639017],[5.648709774,-1.417695999],[5.648748875,-1.417917013],[5.649034023,-1.417917013],[5.649304867,-1.417917013],[5.649304867,-1.418091059],[5.64927578,-1.418184042],[5.649026871,-1.418195009],[5.649026871,-1.418701053],[5.648498058,-1.418701053],[5.648472786,-1.419860959],[5.648672104,-1.419860959],[5.648748875,-1.419860959],[5.648748875,-1.420140028],[5.649026871,-1.420140028],[5.649026871,-1.420418024],[5.649263859,-1.420418024],[5.649269104,-1.42069602],[5.649026871,-1.42069304],[5.649026871,-1.422083974],[5.649291992,-1.422083974],[5.649304867,-1.42236197],[5.649582863,-1.42236197],[5.649582863,-1.422744989],[5.649535179,-1.422901988],[5.649304867,-1.422917962],[5.649304867,-1.423472047],[5.649631023,-1.423450947],[5.649582863,-1.424028039],[5.649901867,-1.424070954],[5.649860859,-1.424306035],[5.650370121,-1.424306035],[5.650417805,-1.424584031],[5.65075922,-1.424584031],[5.650970936,-1.424584031],[5.650952816,-1.424868941],[5.65069294,-1.424862027],[5.65069294,-1.425140023],[5.650970936,-1.425140023],[5.650970936,-1.425415993],[5.651169777,-1.425415993],[5.651248932,-1.425415993],[5.651248932,-1.425632],[5.651248932,-1.426249981],[5.651482105,-1.426249981],[5.651526928,-1.426527977],[5.651842117,-1.426468968],[5.651821136,-1.426656008],[5.651749134,-1.426766992],[5.651526928,-1.426805973],[5.651526928,-1.427083969],[5.65184021,-1.427047968],[5.651805878,-1.427361965],[5.652100086,-1.42730701],[5.652083874,-1.427638054],[5.652266026,-1.427638054],[5.65236187,-1.427638054],[5.65236187,-1.42791605],[5.652893066,-1.42791605],[5.652915001,-1.428194046],[5.65275383,-1.428194046],[5.652680874,-1.428251028],[5.652639866,-1.428472042],[5.652288914,-1.428472042],[5.652083874,-1.428472042],[5.652083874,-1.428588033],[5.652085781,-1.428750038],[5.651805878,-1.428750038],[5.651805878,-1.42930603],[5.652100086,-1.42930603],[5.65236187,-1.42930603],[5.65236187,-1.429859996],[5.652282238,-1.429859996],[5.652083874,-1.429862022],[5.652100086,-1.430726051],[5.651526928,-1.430693984],[5.651526928,-1.43097198],[5.651805878,-1.43097198],[5.651805878,-1.431527972],[5.651526928,-1.431527972],[5.651526928,-1.431805968],[5.652368069,-1.431805968],[5.652639866,-1.431805968],[5.652639866,-1.432083964],[5.652525902,-1.432083964],[5.65236187,-1.432083964],[5.65236187,-1.432916045],[5.652525902,-1.432916045],[5.652639866,-1.432916045],[5.652639866,-1.433066964],[5.652639866,-1.433472037],[5.652893066,-1.433411002],[5.652893066,-1.43402195],[5.653471947,-1.434028983],[5.653471947,-1.434195042],[5.653502941,-1.434295058],[5.653749943,-1.434303999],[5.653686047,-1.434875965],[5.654305935,-1.434859991],[5.654305935,-1.435119987],[5.654305935,-1.435417056],[5.655437946,-1.435417056],[5.65570116,-1.435417056],[5.655972004,-1.435417056],[5.655972004,-1.435695052],[5.655416012,-1.435695052],[5.655416012,-1.435973048],[5.654907227,-1.435912967],[5.654907227,-1.436524034],[5.654583931,-1.43652904],[5.654583931,-1.43758595],[5.654583931,-1.437916994],[5.654482841,-1.437916994],[5.654305935,-1.437916994],[5.654305935,-1.438449979],[5.654861927,-1.438472986],[5.654861927,-1.43858695],[5.654813766,-1.438735008],[5.654583931,-1.438750982],[5.654583931,-1.439026952],[5.654725075,-1.439026952],[5.655139923,-1.439026952],[5.655139923,-1.439429998],[5.655089855,-1.43957603],[5.654861927,-1.439582944],[5.654861927,-1.440613031],[5.654861927,-1.440695047],[5.655416012,-1.440695047],[5.655416012,-1.441527009],[5.655688763,-1.441527009],[5.655636787,-1.441794038],[5.655416012,-1.441805005],[5.655416012,-1.442384005],[5.654861927,-1.442360997],[5.654861927,-1.443194985],[5.654027939,-1.443194985],[5.654027939,-1.443341017],[5.654027939,-1.443472981],[5.653749943,-1.443472981],[5.653749943,-1.443748951],[5.653481007,-1.443748951],[5.653471947,-1.443603039],[5.653471947,-1.443472981],[5.653193951,-1.443472981],[5.653193951,-1.444026947],[5.653502941,-1.444090962],[5.653471947,-1.444304943],[5.654861927,-1.444304943],[5.654861927,-1.444026947],[5.655098915,-1.444026947],[5.655139923,-1.444583058],[5.655273914,-1.444583058],[5.656311035,-1.444581032],[5.65625,-1.444026947],[5.656488895,-1.44401598],[5.656527996,-1.443889976],[5.656527996,-1.443748951],[5.656801224,-1.443748951],[5.657083988,-1.443748951],[5.657083988,-1.443603039],[5.657083988,-1.443472981],[5.657361984,-1.443470955],[5.657361984,-1.443194985],[5.657091141,-1.443194985],[5.657083988,-1.442991972],[5.657082081,-1.442916989],[5.656805992,-1.442916989],[5.656805992,-1.442360997],[5.656921864,-1.442360997],[5.65763998,-1.442360997],[5.65763998,-1.442491055],[5.65763998,-1.442638993],[5.658201218,-1.442602992],[5.658194065,-1.443194985],[5.658507824,-1.443176985],[5.658507824,-1.444581032],[5.658740997,-1.444627047],[5.658750057,-1.444861054],[5.659028053,-1.444861054],[5.659028053,-1.444684029],[5.659028053,-1.444304943],[5.659119129,-1.444275975],[5.659584045,-1.444275975],[5.659584045,-1.444583058],[5.659306049,-1.444583058],[5.659306049,-1.444861054],[5.659584045,-1.444861054],[5.659584045,-1.445103049],[5.659584045,-1.445417047],[5.65948391,-1.445374012],[5.659306049,-1.445417047],[5.659306049,-1.446089983],[5.659306049,-1.446249008],[5.659028053,-1.446249008],[5.659028053,-1.446074009],[5.659028053,-1.445971012],[5.657361984,-1.445971012],[5.657361984,-1.447361946],[5.657083988,-1.447361946],[5.657115936,-1.446900964],[5.657123089,-1.446812034],[5.656805992,-1.446805],[5.656805992,-1.446969986],[5.656805992,-1.447082996],[5.656311035,-1.447082996],[5.65625,-1.447877049],[5.656527996,-1.447918057],[5.656527996,-1.448034048],[5.656527996,-1.448192954],[5.6566782,-1.448192954],[5.656805992,-1.448192954],[5.656805992,-1.448750019],[5.6566782,-1.448750019],[5.656538963,-1.448788047],[5.656527996,-1.449028015],[5.655972004,-1.449028015],[5.655972004,-1.449416995],[5.655972004,-1.450139999],[5.656115055,-1.450139999],[5.65625,-1.450139999],[5.65625,-1.450224042],[5.65625,-1.450415969],[5.656535149,-1.450409055],[5.656490803,-1.450646043],[5.65625,-1.450693965],[5.65625,-1.450832963],[5.65625,-1.450971961],[5.656143188,-1.450996995],[5.656016827,-1.451024055],[5.655972004,-1.451527953],[5.65570116,-1.451527953],[5.65570116,-1.451292992],[5.655416012,-1.451249957],[5.655416012,-1.451805949],[5.65570116,-1.451805949],[5.655697823,-1.451904058],[5.655665874,-1.452079058],[5.655416012,-1.452083945],[5.655416012,-1.452898026],[5.654583931,-1.452916026],[5.654583931,-1.453194022],[5.655068874,-1.453194022],[5.655132771,-1.453449011],[5.654861927,-1.453472018],[5.654861927,-1.453675032],[5.654583931,-1.453750014],[5.654583931,-1.454285979],[5.653686047,-1.454285979],[5.653749943,-1.454584002],[5.653532982,-1.454622984],[5.653471947,-1.454712033],[5.653439999,-1.454853058],[5.653193951,-1.454861999],[5.653195858,-1.455417991],[5.652917862,-1.455415964],[5.652917862,-1.45549798],[5.652917862,-1.45569396],[5.653224945,-1.45569396],[5.653471947,-1.45569396],[5.653471947,-1.455850959],[5.653508186,-1.455960989],[5.653749943,-1.455971956],[5.653749943,-1.456712961],[5.653749943,-1.457360029],[5.653930187,-1.457360029],[5.654027939,-1.457360029],[5.654027939,-1.457916021],[5.653930187,-1.457887053],[5.653749943,-1.457916021],[5.653749943,-1.458194017],[5.653930187,-1.458194017],[5.654027939,-1.458194017],[5.654027939,-1.458472013],[5.653891087,-1.458472013],[5.653749943,-1.458472013],[5.653749943,-1.459035039],[5.653686047,-1.459290981],[5.653471947,-1.459306002],[5.653471947,-1.459777951],[5.653471947,-1.459859967],[5.653275967,-1.459859967],[5.652917862,-1.459859967],[5.652915001,-1.460013032],[5.652890205,-1.460134029],[5.652639866,-1.460137963],[5.652639866,-1.460973024],[5.65236187,-1.460973024],[5.65236187,-1.46123004],[5.65236187,-1.46133697],[5.65236187,-1.461529016],[5.652709961,-1.461488008],[5.652647018,-1.462273955],[5.652639866,-1.462360978],[5.652083874,-1.462360978],[5.652085781,-1.462280989],[5.652101994,-1.461213946],[5.651805878,-1.46125102],[5.651805878,-1.461120963],[5.651805878,-1.460973024],[5.64819479,-1.460973024],[5.64819479,-1.461156964],[5.64819479,-1.46125102],[5.647882938,-1.46125102],[5.647638798,-1.46125102],[5.647638798,-1.461529016],[5.647119999,-1.461585999],[5.647082806,-1.461807013],[5.646759987,-1.461807013],[5.646526814,-1.461807013],[5.646526814,-1.461948037],[5.646496773,-1.462075949],[5.646251202,-1.462082028],[5.646300793,-1.462892056],[5.645973206,-1.46291697],[5.645973206,-1.463456988],[5.645417213,-1.463472962],[5.645417213,-1.46331799],[5.645417213,-1.463194966],[5.644861221,-1.463194966],[5.644861221,-1.46331799],[5.644861221,-1.463472962],[5.644571781,-1.463472962],[5.644305229,-1.463472962],[5.644305229,-1.463613987],[5.644305229,-1.463750958],[5.644027233,-1.463750958],[5.644027233,-1.464861035],[5.644287109,-1.464861035],[5.644305229,-1.465139031],[5.644583225,-1.465139031],[5.644583225,-1.465579033],[5.644583225,-1.46597302],[5.644477844,-1.46597302],[5.644305229,-1.46597302],[5.644305229,-1.466248989],[5.644027233,-1.466251016],[5.644027233,-1.467082977],[5.643751144,-1.467082977],[5.643751144,-1.467195034],[5.643751144,-1.467360973],[5.642917156,-1.467360973],[5.642917156,-1.467224002],[5.642917156,-1.467082977],[5.642258167,-1.467082977],[5.641527176,-1.467082977],[5.641527176,-1.466918945],[5.641527176,-1.466804981],[5.639583111,-1.466804981],[5.639583111,-1.466994047],[5.639583111,-1.467082977],[5.639433861,-1.467082977],[5.639029026,-1.467082977],[5.639029026,-1.467285991],[5.639029026,-1.467638969],[5.636108875,-1.467638969],[5.635972023,-1.467638969],[5.635972023,-1.465417027],[5.635694027,-1.465417027],[5.635662079,-1.465211987],[5.635651112,-1.465139031],[5.635416031,-1.465139031],[5.635416031,-1.464861035],[5.635138035,-1.464861035],[5.635138035,-1.464722037],[5.635138035,-1.464583039],[5.634860039,-1.464583039],[5.634860039,-1.464733005],[5.634860039,-1.464861035],[5.63237381,-1.464861035],[5.631529808,-1.464903951],[5.631527901,-1.465139031],[5.631141186,-1.465139031],[5.630971909,-1.465139031],[5.630971909,-1.465239048],[5.630971909,-1.465417027],[5.630889893,-1.465417027],[5.630693913,-1.465417027],[5.630693913,-1.465842962],[5.630672932,-1.465968013],[5.630415916,-1.46597302],[5.630420208,-1.467110038],[5.62930584,-1.467082977],[5.62930584,-1.467224002],[5.62930584,-1.467360973],[5.629027843,-1.467360973],[5.629027843,-1.467082977],[5.628749847,-1.467082977],[5.628749847,-1.466918945],[5.628749847,-1.466804981],[5.628635883,-1.466804981],[5.628471851,-1.466804981],[5.628418922,-1.466529012],[5.628193855,-1.466529012],[5.628174782,-1.466251016],[5.627917767,-1.466248989],[5.627929211,-1.466002941],[5.627639771,-1.46597302],[5.627639771,-1.465417027],[5.627929211,-1.46539402],[5.627917767,-1.464861035],[5.628075123,-1.464861035],[5.628193855,-1.464861035],[5.628193855,-1.464583039],[5.628055096,-1.464583039],[5.627917767,-1.464583039],[5.627929211,-1.46429503],[5.627083778,-1.464305043],[5.627083778,-1.464108944],[5.627083778,-1.464028955],[5.627308846,-1.464028955],[5.627917767,-1.464028955],[5.627929211,-1.46380496],[5.628163815,-1.46368897],[5.628193855,-1.463472962],[5.628295898,-1.463472962],[5.628471851,-1.463472962],[5.628471851,-1.461529016],[5.628295898,-1.461529016],[5.628193855,-1.461529016],[5.628193855,-1.461344004],[5.628193855,-1.46125102],[5.62807703,-1.46125102],[5.627917767,-1.46125102],[5.627917767,-1.461120963],[5.627917767,-1.460973024],[5.627083778,-1.460973024],[5.627083778,-1.461120963],[5.627083778,-1.46125102],[5.62624979,-1.461181998],[5.62624979,-1.461074948],[5.62624979,-1.460693955],[5.626135826,-1.460693955],[5.625971794,-1.460693955],[5.625918865,-1.460415959],[5.625692844,-1.460415959],[5.62567091,-1.460204005],[5.625500202,-1.460137963],[5.624862194,-1.460137963],[5.62487793,-1.459898949],[5.624703884,-1.459859967],[5.624026775,-1.459859967],[5.624026775,-1.459710002],[5.624026775,-1.459584951],[5.622917175,-1.459584951],[5.621527195,-1.459581971],[5.621488094,-1.459419966],[5.621460915,-1.459306002],[5.621249199,-1.459306002],[5.621275902,-1.458984971],[5.620727062,-1.458984971],[5.620695114,-1.458894014],[5.620695114,-1.458194017],[5.620417118,-1.458130002],[5.620417118,-1.457916021],[5.620139122,-1.457916021],[5.620139122,-1.457510948],[5.620139122,-1.457360029],[5.620482922,-1.457360029],[5.620482922,-1.455078959],[5.620139122,-1.455113053],[5.620139122,-1.454861999],[5.619861126,-1.454861999],[5.619861126,-1.455137968],[5.61958313,-1.455137968],[5.61959219,-1.455721021],[5.619305134,-1.45569396],[5.619305134,-1.455809951],[5.619305134,-1.455971956],[5.618195057,-1.455971956],[5.618195057,-1.455809951],[5.618195057,-1.45569396],[5.617917061,-1.45569396],[5.617917061,-1.455809951],[5.617917061,-1.455971956],[5.617083073,-1.455971956],[5.617068768,-1.455814958],[5.617060184,-1.45569396],[5.616805077,-1.45569396],[5.616782188,-1.455415964],[5.616528988,-1.455415964],[5.616528988,-1.455502987],[5.616527081,-1.45569396],[5.615695,-1.45569396],[5.615664959,-1.455477953],[5.615543842,-1.455415964],[5.615139008,-1.455415964],[5.615110874,-1.455199003],[5.615036011,-1.455137968],[5.614583015,-1.455137968],[5.614624023,-1.454810023],[5.614305019,-1.454861999],[5.614305019,-1.454584002],[5.614028931,-1.454584002],[5.61407423,-1.453979969],[5.613750935,-1.45402801],[5.613750935,-1.452916026],[5.61407423,-1.452882051],[5.614028931,-1.452361941],[5.614256859,-1.452343941],[5.614305019,-1.452200055],[5.614305019,-1.452083945],[5.614142895,-1.452083945],[5.613750935,-1.452083945],[5.613750935,-1.451926947],[5.613750935,-1.451805949],[5.613194942,-1.451805949],[5.613194942,-1.452010989],[5.613101006,-1.452036023],[5.612916946,-1.452083945],[5.612916946,-1.452265978],[5.61287117,-1.452324986],[5.61263895,-1.452361941],[5.612669945,-1.452576041],[5.612121105,-1.452697039],[5.612082005,-1.452916026],[5.610473156,-1.452882051],[5.610473156,-1.452361941],[5.609859943,-1.452361941],[5.609879017,-1.452204943],[5.609891891,-1.452077031],[5.609581947,-1.452083945],[5.609581947,-1.451249957],[5.609027863,-1.451249957],[5.609027863,-1.450415969],[5.608749866,-1.450415969],[5.608749866,-1.450139999],[5.609027863,-1.450139999],[5.609027863,-1.449584007],[5.609305859,-1.449584007],[5.609305859,-1.449862003],[5.609581947,-1.449862003],[5.609581947,-1.449306011],[5.60992384,-1.449280977],[5.610410213,-1.44935298],[5.610415936,-1.449584007],[5.610693932,-1.449584007],[5.610693932,-1.449398994],[5.610693932,-1.449306011],[5.611528873,-1.449306011],[5.611528873,-1.449401021],[5.611528873,-1.449584007],[5.61188221,-1.449584007],[5.612082005,-1.449584007],[5.612082005,-1.44968605],[5.612082005,-1.449862003],[5.612360954,-1.449862003],[5.612360954,-1.449699998],[5.612360954,-1.449584007],[5.612586021,-1.44954896],[5.61263895,-1.449466944],[5.61263895,-1.449028015],[5.612916946,-1.449028015],[5.612854958,-1.44847095],[5.612082005,-1.44847095],[5.612082005,-1.448289037],[5.612082005,-1.448192954],[5.611838818,-1.448192954],[5.611528873,-1.448192954],[5.611528873,-1.448075056],[5.611528873,-1.447918057],[5.610972881,-1.447918057],[5.610972881,-1.448125005],[5.610415936,-1.448192954],[5.610415936,-1.448302984],[5.610415936,-1.44847095],[5.610105991,-1.448487043],[5.609581947,-1.44847095],[5.609581947,-1.448289037],[5.609581947,-1.448192954],[5.60897398,-1.448192954],[5.608887196,-1.448181987],[5.608749866,-1.448192954],[5.608749866,-1.448547006],[5.608749866,-1.44867003],[5.608723164,-1.448740005],[5.60847187,-1.448750019],[5.608520031,-1.449280977],[5.607915878,-1.449306011],[5.607909203,-1.449095964],[5.607731819,-1.449028015],[5.607083797,-1.449028015],[5.607116222,-1.448791027],[5.606805801,-1.448750019],[5.606805801,-1.448346019],[5.606805801,-1.448192954],[5.60668993,-1.448181987],[5.606527805,-1.448192954],[5.606527805,-1.448989034],[5.606527805,-1.449095964],[5.606527805,-1.449306011],[5.606249809,-1.449306011],[5.606249809,-1.449130058],[5.606249809,-1.449028015],[5.605693817,-1.449028015],[5.605693817,-1.449198008],[5.605693817,-1.449306011],[5.605137825,-1.449306011],[5.605137825,-1.447918057],[5.604584217,-1.447918057],[5.604554176,-1.447639942],[5.604306221,-1.447639942],[5.604279041,-1.447515965],[5.604245186,-1.447361946],[5.604028225,-1.447361946],[5.604042053,-1.447114944],[5.603472233,-1.447082996],[5.603515148,-1.447327018],[5.603194237,-1.447361946],[5.603194237,-1.447739959],[5.603194237,-1.447918057],[5.603088856,-1.447918057],[5.602915764,-1.447918057],[5.602875233,-1.447361946],[5.602637768,-1.447361946],[5.60260582,-1.447119951],[5.602362156,-1.447082996],[5.602362156,-1.446899056],[5.602362156,-1.446805],[5.60208416,-1.446805],[5.60208416,-1.447082996],[5.601806164,-1.447082996],[5.601771832,-1.44658196],[5.601685047,-1.446527004],[5.601528168,-1.446527004],[5.60148716,-1.445971012],[5.601250172,-1.445971012],[5.601212978,-1.445736051],[5.600972176,-1.445695043],[5.600972176,-1.445528984],[5.600972176,-1.445417047],[5.600843906,-1.445417047],[5.60069418,-1.445417047],[5.60069418,-1.445287943],[5.60069418,-1.44513905],[5.600524902,-1.44513905],[5.600140095,-1.44513905],[5.600140095,-1.443472981],[5.600416183,-1.443470955],[5.600416183,-1.44334805],[5.600416183,-1.443194985],[5.60018301,-1.443194985],[5.599862099,-1.443194985],[5.599874973,-1.442989945],[5.599882126,-1.442908049],[5.599584103,-1.442916989],[5.599584103,-1.442360997],[5.599669933,-1.442360997],[5.600140095,-1.442360997],[5.600140095,-1.442440987],[5.600140095,-1.442638993],[5.600416183,-1.442638993],[5.600416183,-1.442916989],[5.60069418,-1.442916989],[5.60069418,-1.442505002],[5.60069418,-1.442360997],[5.600972176,-1.442360997],[5.600972176,-1.442505002],[5.600972176,-1.442638993],[5.601500034,-1.442628026],[5.601528168,-1.443748951],[5.601317883,-1.443786025],[5.601250172,-1.444026947],[5.601800919,-1.444026947],[5.601806164,-1.444304943],[5.602324963,-1.444304943],[5.602362156,-1.444583058],[5.602722168,-1.444583058],[5.602795124,-1.444583058],[5.602915764,-1.444583058],[5.602915764,-1.444692969],[5.602915764,-1.444861054],[5.603155136,-1.444905043],[5.603194237,-1.44513905],[5.603424072,-1.44513905],[5.603472233,-1.445417047],[5.603700161,-1.445374012],[5.603750229,-1.445971012],[5.604028225,-1.445971012],[5.604028225,-1.446527004],[5.604290009,-1.446527004],[5.604306221,-1.446805],[5.604584217,-1.446805],[5.604584217,-1.44671905],[5.604584217,-1.445971012],[5.604674816,-1.445971012],[5.605137825,-1.445979953],[5.605101109,-1.445374012],[5.604862213,-1.445417047],[5.604814053,-1.444861054],[5.604028225,-1.444861054],[5.604028225,-1.444681048],[5.604028225,-1.444583058],[5.603515148,-1.444581032],[5.603515148,-1.443748951],[5.603194237,-1.443748951],[5.603194237,-1.443472981],[5.603472233,-1.443470955],[5.603472233,-1.443194985],[5.603700161,-1.443176985],[5.603700161,-1.442628026],[5.603472233,-1.442638993],[5.603472233,-1.442083001],[5.603703976,-1.442083001],[5.603703976,-1.441854954],[5.603652,-1.441805005],[5.603472233,-1.441805005],[5.603472233,-1.441475034],[5.603472233,-1.441249013],[5.603351116,-1.441249013],[5.603194237,-1.441249013],[5.603194237,-1.441056967],[5.603194237,-1.440973043],[5.603038788,-1.440973043],[5.602637768,-1.440973043],[5.602637768,-1.440776944],[5.602637768,-1.440695047],[5.602254868,-1.440695047],[5.601528168,-1.440695047],[5.601528168,-1.440536022],[5.601528168,-1.440417051],[5.600972176,-1.440417051],[5.600892067,-1.440979958],[5.60069418,-1.440973043],[5.60069418,-1.439861059],[5.600892067,-1.439861059],[5.600972176,-1.439861059],[5.600972176,-1.439582944],[5.600869179,-1.439582944],[5.60069418,-1.439582944],[5.60069418,-1.438616037],[5.60069418,-1.437916994],[5.600567818,-1.437916994],[5.600416183,-1.437916994],[5.600416183,-1.437638998],[5.600140095,-1.437638998],[5.600140095,-1.437083006],[5.600416183,-1.437083006],[5.600416183,-1.436807036],[5.600547791,-1.436807036],[5.60069418,-1.43680501],[5.60069418,-1.436251044],[5.601806164,-1.436251044],[5.601806164,-1.436385036],[5.601806164,-1.43652904],[5.602915764,-1.43652904],[5.602915764,-1.436393976],[5.602915764,-1.436251044],[5.603194237,-1.436251044],[5.603208065,-1.435423017],[5.602915764,-1.435417056],[5.602915764,-1.435240984],[5.602915764,-1.435138941],[5.602722168,-1.435138941],[5.602362156,-1.435138941],[5.602362156,-1.435063004],[5.602362156,-1.434859991],[5.601806164,-1.434859991],[5.601806164,-1.435034037],[5.601806164,-1.435138941],[5.601457119,-1.435138941],[5.601250172,-1.435138941],[5.601250172,-1.435417056],[5.599306107,-1.435417056],[5.599306107,-1.434875965],[5.599306107,-1.434581995],[5.599028111,-1.434581995],[5.599028111,-1.434875965],[5.598509789,-1.434875965],[5.598509789,-1.434581995],[5.59819603,-1.434581995],[5.59819603,-1.434303999],[5.599028111,-1.434303999],[5.599028111,-1.434028983],[5.599121094,-1.434026003],[5.599584103,-1.43402195],[5.599584103,-1.433472037],[5.599923134,-1.433501959],[5.599862099,-1.433194041],[5.600087166,-1.433169007],[5.600140095,-1.433063984],[5.600140095,-1.432916045],[5.600280762,-1.432916045],[5.600416183,-1.432916045],[5.600416183,-1.432780027],[5.600416183,-1.432638049],[5.600554943,-1.432638049],[5.60069418,-1.432638049],[5.60069418,-1.432494998],[5.60069418,-1.432360053],[5.600858212,-1.432360053],[5.601250172,-1.432360053],[5.601250172,-1.432006955],[5.601250172,-1.431805968],[5.601819992,-1.43185401],[5.601806164,-1.431249976],[5.602110863,-1.431213975],[5.60208416,-1.430693984],[5.602330208,-1.43068099],[5.602362156,-1.430603027],[5.602362156,-1.429978967],[5.602362156,-1.426527977],[5.602722168,-1.426527977],[5.602903843,-1.426573992],[5.602915764,-1.426805973],[5.603750229,-1.426784992],[5.603750229,-1.426249981],[5.604045868,-1.426249981],[5.604584217,-1.426249981],[5.604584217,-1.426527977],[5.604862213,-1.426527977],[5.604862213,-1.426249981],[5.605137825,-1.426249981],[5.605137825,-1.427083969],[5.604862213,-1.427083969],[5.604862213,-1.427361965],[5.604584217,-1.427361965],[5.604584217,-1.428194046],[5.604306221,-1.428194046],[5.604306221,-1.428472042],[5.604028225,-1.428472042],[5.604028225,-1.428750038],[5.604306221,-1.428750038],[5.604306221,-1.429028034],[5.604028225,-1.429028034],[5.604028225,-1.429584026],[5.604306221,-1.429584026],[5.604306221,-1.42930603],[5.604584217,-1.42930603],[5.604584217,-1.429859996],[5.605415821,-1.429859996],[5.605415821,-1.429584026],[5.606527805,-1.429584026],[5.606527805,-1.428472042],[5.606805801,-1.428472042],[5.606805801,-1.428194046],[5.606527805,-1.428194046],[5.606527805,-1.42791605],[5.606805801,-1.42791605],[5.606805801,-1.426805973],[5.607083797,-1.426805973],[5.607083797,-1.426249981],[5.607637882,-1.426249981],[5.607637882,-1.425971985],[5.607915878,-1.425971985],[5.607915878,-1.425693989],[5.608193874,-1.425693989],[5.608193874,-1.424584031],[5.60847187,-1.424584031],[5.60847187,-1.423194051],[5.608193874,-1.423194051],[5.608193874,-1.423472047],[5.607637882,-1.423472047],[5.607637882,-1.424306035],[5.607361794,-1.424306035],[5.607361794,-1.424862027],[5.606527805,-1.424862027],[5.606527805,-1.425140023],[5.606249809,-1.425140023],[5.606249809,-1.425693989],[5.605415821,-1.425693989],[5.605415821,-1.425140023],[5.604584217,-1.425140023],[5.604584217,-1.425415993],[5.604306221,-1.425415993],[5.604306221,-1.425971985],[5.604125977,-1.425971985],[5.603984833,-1.425971985],[5.603750229,-1.425971985],[5.603750229,-1.425884962],[5.603750229,-1.425693989],[5.603472233,-1.425693989],[5.603472233,-1.425780058],[5.603472233,-1.425971985],[5.602637768,-1.425971985],[5.602637768,-1.425693989],[5.602362156,-1.425693989],[5.602362156,-1.424862027],[5.602637768,-1.424862027],[5.602637768,-1.424306035],[5.602739811,-1.424306035],[5.603194237,-1.424306035],[5.603194237,-1.424028039],[5.603290081,-1.424028039],[5.603472233,-1.424028039],[5.603519917,-1.423468947],[5.604584217,-1.423400998],[5.604584217,-1.422917962],[5.604823112,-1.422906041],[5.604877949,-1.422726035],[5.604887009,-1.422631025],[5.604584217,-1.422639966],[5.604584217,-1.422083974],[5.604704857,-1.422083974],[5.604961872,-1.422083974],[5.605123997,-1.422130942],[5.605137825,-1.42236197],[5.605389118,-1.42236197],[5.605415821,-1.422639966],[5.605532169,-1.422633052],[5.605971813,-1.422608018],[5.605971813,-1.422083974],[5.605693817,-1.422083974],[5.60569191,-1.421875954],[5.605415821,-1.421805978],[5.605415821,-1.421527982],[5.605137825,-1.421527982],[5.605137825,-1.421249032],[5.605415821,-1.421249032],[5.605415821,-1.42069304],[5.605529785,-1.42069304],[5.605967999,-1.420739055],[5.605971813,-1.420971036],[5.606249809,-1.420971036],[5.606249809,-1.421249032],[5.606527805,-1.421249032],[5.606527805,-1.420971036],[5.607083797,-1.420971036],[5.607087135,-1.420896053],[5.607116222,-1.42010498],[5.608193874,-1.420140028],[5.608193874,-1.420971036],[5.60847187,-1.420971036],[5.60847187,-1.420140028],[5.608749866,-1.420140028],[5.608691216,-1.419860959],[5.608477116,-1.419893026],[5.608520031,-1.419006944],[5.607915878,-1.419006944],[5.607915878,-1.419582963],[5.607361794,-1.419582963],[5.607361794,-1.418470979],[5.607637882,-1.418470979],[5.607646942,-1.417884946],[5.607083797,-1.417917013],[5.607087135,-1.417724013],[5.607087135,-1.417636991],[5.606805801,-1.417639017],[5.606805801,-1.417083025],[5.606249809,-1.417083025],[5.606249809,-1.416249037],[5.606527805,-1.416249037],[5.606527805,-1.415694952],[5.606805801,-1.415694952],[5.606844902,-1.415932059],[5.607083797,-1.415972948],[5.607083797,-1.416164994],[5.607083797,-1.416249037],[5.607637882,-1.416249037],[5.607654095,-1.41603303],[5.607915878,-1.415972948],[5.607915878,-1.416249037],[5.608193874,-1.416249037],[5.608193874,-1.417083025],[5.60847187,-1.417083025],[5.60847187,-1.416805029],[5.608749866,-1.416805029],[5.608749866,-1.416527033],[5.60847187,-1.416527033],[5.60847187,-1.416319966],[5.60847187,-1.415972948],[5.609777927,-1.415972948],[5.610137939,-1.415994048],[5.610137939,-1.416249037],[5.610415936,-1.416249037],[5.610473156,-1.416017056],[5.610693932,-1.415972948],[5.610693932,-1.415838957],[5.610693932,-1.415694952],[5.610933781,-1.41564703],[5.610972881,-1.415416956],[5.611127853,-1.415416956],[5.611250877,-1.415416956],[5.611246109,-1.415122986],[5.611244202,-1.414903998],[5.610972881,-1.414860964],[5.610972881,-1.41513896],[5.609859943,-1.41513896],[5.609852791,-1.414919972],[5.609686852,-1.414860964],[5.608749866,-1.414860964],[5.608749866,-1.414582968],[5.608269215,-1.414582968],[5.608193874,-1.414582968],[5.608193874,-1.414224982],[5.608193874,-1.413751006],[5.608094215,-1.413751006],[5.607915878,-1.413751006],[5.607915878,-1.413195014],[5.608520031,-1.413208961],[5.608520031,-1.412598014],[5.608193874,-1.412639022],[5.608193874,-1.41208303],[5.607915878,-1.41208303],[5.607915878,-1.411805034],[5.608152866,-1.41178894],[5.608193874,-1.41169095],[5.60827589,-1.411499023],[5.608749866,-1.411499023],[5.608749866,-1.411250949],[5.609027863,-1.411250949],[5.609027863,-1.410972953],[5.609859943,-1.410972953],[5.609859943,-1.411250949],[5.610137939,-1.411250949],[5.610137939,-1.411805034],[5.610473156,-1.411805034],[5.610415936,-1.41347301],[5.61071682,-1.413514018],[5.610693932,-1.41374898],[5.611250877,-1.41374898],[5.611250877,-1.413673997],[5.611250877,-1.41347301],[5.611433029,-1.41347301],[5.611528873,-1.41347301],[5.611528873,-1.41326797],[5.611528873,-1.413195014],[5.611804008,-1.413195014],[5.611804008,-1.41307199],[5.611804008,-1.412917018],[5.612362862,-1.412927985],[5.612360954,-1.412361026],[5.612669945,-1.412292004],[5.61263895,-1.411805034],[5.612914085,-1.411805034],[5.612914085,-1.411193967],[5.613750935,-1.411250949],[5.613750935,-1.410972953],[5.613892078,-1.410972953],[5.61457777,-1.411038995],[5.614583015,-1.411250949],[5.61508894,-1.411250949],[5.615139008,-1.411527038],[5.615374088,-1.411564946],[5.615417004,-1.411805034],[5.615512848,-1.411805034],[5.615695,-1.411805034],[5.615695,-1.41248405],[5.615695,-1.413195014],[5.615933895,-1.413236022],[5.615972996,-1.41347301],[5.616527081,-1.41347301],[5.616527081,-1.41326797],[5.616527081,-1.413195014],[5.616805077,-1.413195014],[5.616805077,-1.411805034],[5.617125988,-1.411805034],[5.617083073,-1.410416961],[5.617309093,-1.410400987],[5.617361069,-1.410313964],[5.617361069,-1.409860969],[5.617674828,-1.409790039],[5.617639065,-1.409304976],[5.617918968,-1.409301996],[5.617918968,-1.408691049],[5.618751049,-1.408691049],[5.618751049,-1.408473015],[5.618980885,-1.408453941],[5.619027138,-1.408324003],[5.619027138,-1.408195019],[5.619241238,-1.408195019],[5.61958313,-1.408195019],[5.61958313,-1.407917023],[5.620139122,-1.407917023],[5.620107174,-1.407596946],[5.620417118,-1.407637954],[5.620417118,-1.407359958],[5.620645046,-1.407359958],[5.620971203,-1.407359958],[5.620971203,-1.407261968],[5.620971203,-1.407084942],[5.62146616,-1.407081962],[5.621805191,-1.407081962],[5.621805191,-1.406952024],[5.621805191,-1.406806946],[5.621940136,-1.406806946],[5.622083187,-1.406806946],[5.622083187,-1.406491995],[5.622083187,-1.405972004],[5.622326851,-1.40595603],[5.622361183,-1.405884027],[5.622361183,-1.405634999],[5.622361183,-1.404306054],[5.622639179,-1.404306054],[5.622639179,-1.404028058],[5.622917175,-1.404028058],[5.622923851,-1.404113054],[5.622917175,-1.404306054],[5.623154163,-1.404306054],[5.623196125,-1.404582024],[5.623565197,-1.404582024],[5.623748779,-1.404582024],[5.623748779,-1.404693961],[5.623748779,-1.40486002],[5.623968124,-1.404896975],[5.624021053,-1.405105948],[5.62485218,-1.405208945],[5.624862194,-1.405416012],[5.625418186,-1.405416012],[5.625435829,-1.405145049],[5.625692844,-1.405138016],[5.62567091,-1.404296994],[5.629027843,-1.404306054],[5.629027843,-1.404113054],[5.629027843,-1.404028058],[5.629206181,-1.404028058],[5.629583836,-1.404028058],[5.629583836,-1.403749943],[5.629700184,-1.403749943],[5.629826069,-1.403749943],[5.630415916,-1.403749943],[5.630415916,-1.403471947],[5.630493164,-1.403471947],[5.632083893,-1.403471947]]]]},"properties":{"name":"Annobón","mapcolor":1,"cartodb_id":1}},{"type":"Feature","geometry":{"type":"MultiPolygon","coordinates":[[[[8.910694122,3.75402689],[8.910971642,3.75402689],[8.910971642,3.753748894],[8.911250114,3.753748894],[8.911250114,3.753473043],[8.911527634,3.753473043],[8.911527634,3.753195047],[8.911806107,3.753195047],[8.911806107,3.752917051],[8.912083626,3.752917051],[8.912083626,3.752639055],[8.912362099,3.752639055],[8.912362099,3.752361059],[8.912637711,3.752361059],[8.912637711,3.752083063],[8.912918091,3.752083063],[8.912918091,3.751805067],[8.913193703,3.751805067],[8.913193703,3.751249075],[8.913472176,3.751249075],[8.913472176,3.750658989],[8.913472176,3.750138998],[8.913749695,3.750138998],[8.913749695,3.748472929],[8.914028168,3.748472929],[8.914028168,3.748194933],[8.914305687,3.748194933],[8.914305687,3.747916937],[8.91458416,3.747916937],[8.91458416,3.747638941],[8.915140152,3.747638941],[8.915140152,3.747360945],[8.915415764,3.747360945],[8.915415764,3.747082949],[8.915694237,3.747082949],[8.915712357,3.746807098],[8.915971756,3.746804953],[8.915971756,3.746529102],[8.916250229,3.746526957],[8.916250229,3.746251106],[8.916527748,3.746251106],[8.916527748,3.745695114],[8.916806221,3.745695114],[8.916806221,3.744860888],[8.91708374,3.744860888],[8.91708374,3.744581938],[8.917637825,3.744581938],[8.917637825,3.744307041],[8.917916298,3.744307041],[8.917916298,3.743751049],[8.917637825,3.743751049],[8.917637825,3.742916107],[8.917360306,3.742916107],[8.917360306,3.742638111],[8.91708374,3.742638111],[8.91708374,3.742082119],[8.916806221,3.742082119],[8.916806221,3.740972042],[8.916527748,3.740972042],[8.916527748,3.739305973],[8.916250229,3.739305973],[8.916250229,3.738193989],[8.916527748,3.738193989],[8.916527748,3.737637997],[8.916806221,3.737637997],[8.916806221,3.737361908],[8.91708374,3.737361908],[8.91708374,3.736876965],[8.91729641,3.736737967],[8.917360306,3.73652792],[8.917580605,3.73652792],[8.917637825,3.735415936],[8.917916298,3.735415936],[8.917916298,3.734862089],[8.918193817,3.734862089],[8.918193817,3.733472109],[8.918749809,3.733472109],[8.918749809,3.732916117],[8.919026375,3.732916117],[8.919029236,3.732362032],[8.919306755,3.732362032],[8.919306755,3.731528044],[8.919582367,3.731528044],[8.919582367,3.731250048],[8.919859886,3.731250048],[8.919859886,3.730971098],[8.920695305,3.730971098],[8.920695305,3.731250048],[8.921251297,3.731250048],[8.921251297,3.731528044],[8.921548843,3.731528044],[8.922917366,3.731528044],[8.922917366,3.731250048],[8.923473358,3.731250048],[8.923473358,3.730971098],[8.923750877,3.730971098],[8.923750877,3.730693102],[8.92430687,3.730693102],[8.92430687,3.730139971],[8.924583435,3.730139971],[8.924583435,3.728749037],[8.92430687,3.728749037],[8.92430687,3.728194952],[8.924027443,3.728194952],[8.924027443,3.727360964],[8.923750877,3.727360964],[8.923750877,3.727082968],[8.923473358,3.727082968],[8.923473358,3.72624898],[8.923750877,3.72624898],[8.923750877,3.725972891],[8.924027443,3.725972891],[8.924027443,3.725694895],[8.923750877,3.725694895],[8.923750877,3.725138903],[8.924027443,3.725138903],[8.924027443,3.724304914],[8.92430687,3.724304914],[8.92430687,3.723195076],[8.924583435,3.723195076],[8.924583435,3.722560883],[8.924583435,3.720417023],[8.924860954,3.720417023],[8.924860954,3.720139027],[8.925139427,3.720139027],[8.925139427,3.720417023],[8.925972939,3.720417023],[8.925972939,3.720695019],[8.926527023,3.720695019],[8.926527023,3.720973015],[8.927360535,3.720973015],[8.927360535,3.721251011],[8.927639008,3.721251011],[8.927639008,3.7215271],[8.927916527,3.7215271],[8.927916527,3.721805096],[8.929305077,3.721805096],[8.929305077,3.7215271],[8.929861069,3.7215271],[8.929861069,3.721251011],[8.930138588,3.721251011],[8.930138588,3.720973015],[8.930417061,3.720973015],[8.930417061,3.720139027],[8.93069458,3.720139027],[8.93069458,3.718472958],[8.931248665,3.718472958],[8.931248665,3.717916965],[8.931527138,3.717916965],[8.931527138,3.717638969],[8.93208313,3.717638969],[8.93208313,3.717082024],[8.932360649,3.717082024],[8.932360649,3.716806889],[8.932640076,3.716804028],[8.932640076,3.716528893],[8.932917595,3.716528893],[8.932917595,3.716250896],[8.933193207,3.716250896],[8.933193207,3.715971947],[8.933473587,3.715971947],[8.933473587,3.715693951],[8.933749199,3.715693951],[8.933749199,3.713749886],[8.934027672,3.713749886],[8.934027672,3.710694075],[8.934306145,3.710694075],[8.934306145,3.709306002],[8.934080124,3.709312916],[8.934027672,3.707361937],[8.934336662,3.70736599],[8.934306145,3.704305887],[8.934583664,3.704305887],[8.934583664,3.702361107],[8.934306145,3.702361107],[8.934306145,3.700417042],[8.934027672,3.700417042],[8.934027672,3.700139046],[8.933749199,3.700139046],[8.933749199,3.69986105],[8.933473587,3.69986105],[8.933473587,3.698472977],[8.933749199,3.698472977],[8.933749199,3.697638988],[8.934027672,3.697638988],[8.934027672,3.697360992],[8.934306145,3.697360992],[8.934306145,3.696805],[8.934583664,3.696805],[8.934583664,3.696250916],[8.934862137,3.696250916],[8.934862137,3.695694923],[8.935416222,3.695694923],[8.935416222,3.695416927],[8.935693741,3.695416927],[8.935693741,3.694304943],[8.935972214,3.694304943],[8.935972214,3.693195105],[8.935693741,3.693195105],[8.935693741,3.692917109],[8.935416222,3.692917109],[8.935416222,3.692361116],[8.935139656,3.692361116],[8.935139656,3.691804886],[8.935416222,3.691804886],[8.935416222,3.69125104],[8.935693741,3.69125104],[8.935693741,3.690417051],[8.935972214,3.690417051],[8.935972214,3.689860106],[8.935693741,3.689860106],[8.935693741,3.689028978],[8.935416222,3.689028978],[8.935416222,3.687360048],[8.935693741,3.687360048],[8.935693741,3.686805964],[8.935972214,3.686805964],[8.935972214,3.686527967],[8.936249733,3.686527967],[8.936249733,3.685415983],[8.936528206,3.685415983],[8.936528206,3.683749914],[8.936805725,3.683749914],[8.936805725,3.682084084],[8.937084198,3.682084084],[8.937084198,3.681806087],[8.936805725,3.681806087],[8.936805725,3.681528091],[8.937084198,3.681528091],[8.937084198,3.679584026],[8.936805725,3.679584026],[8.936805725,3.678750038],[8.936528206,3.678750038],[8.936528206,3.678472042],[8.936218262,3.678473949],[8.93624115,3.677685022],[8.936249733,3.677361965],[8.936161041,3.677361965],[8.935972214,3.677361965],[8.935972214,3.676527023],[8.936294556,3.676533937],[8.936249733,3.676249027],[8.936341286,3.676249027],[8.936528206,3.676249027],[8.936528206,3.675682068],[8.936805725,3.675695896],[8.936805725,3.6754179],[8.937084198,3.6754179],[8.937084198,3.67513895],[8.937361717,3.67513895],[8.937361717,3.674582958],[8.93764019,3.674582958],[8.93764019,3.674304962],[8.937915802,3.674304962],[8.937915802,3.672638893],[8.93764019,3.672638893],[8.93764019,3.671526909],[8.937361717,3.671526909],[8.937361717,3.670973063],[8.937243462,3.670973063],[8.937084198,3.670973063],[8.937084198,3.670695066],[8.936805725,3.670695066],[8.936805725,3.67041707],[8.937084198,3.67041707],[8.937084198,3.670139074],[8.937384605,3.670144081],[8.937361717,3.66902709],[8.93764019,3.66902709],[8.93764019,3.668195009],[8.937717438,3.668195009],[8.937915802,3.668195009],[8.937915802,3.667639017],[8.938194275,3.667639017],[8.938194275,3.666250944],[8.938471794,3.666250944],[8.938471794,3.665694952],[8.938194275,3.665694952],[8.938194275,3.664028883],[8.937915802,3.664028883],[8.937915802,3.662915945],[8.937732697,3.662915945],[8.937361717,3.662915945],[8.937361717,3.662081957],[8.937084198,3.662081957],[8.937084198,3.661528111],[8.936805725,3.661528111],[8.936805725,3.660972118],[8.936249733,3.660972118],[8.936249733,3.660137892],[8.935972214,3.660137892],[8.935972214,3.659859896],[8.935693741,3.659859896],[8.935693741,3.658194065],[8.935416222,3.658194065],[8.935416222,3.657916069],[8.935139656,3.657916069],[8.935139656,3.657638073],[8.934862137,3.657638073],[8.934862137,3.655694008],[8.934583664,3.655694008],[8.934583664,3.654305935],[8.934862137,3.654305935],[8.934862137,3.653749943],[8.935139656,3.653749943],[8.935139656,3.653193951],[8.935416222,3.653193951],[8.935416222,3.652362108],[8.935693741,3.652362108],[8.935693741,3.652084112],[8.935972214,3.652084112],[8.935972214,3.651527882],[8.935693741,3.651527882],[8.935693741,3.650971889],[8.935972214,3.650971889],[8.935972214,3.65069294],[8.935693741,3.65069294],[8.935693741,3.650418043],[8.935416222,3.650418043],[8.935416222,3.650140047],[8.934508324,3.650140047],[8.934306145,3.650140047],[8.934306145,3.649584055],[8.934027672,3.649584055],[8.934027672,3.649027109],[8.933749199,3.649027109],[8.933749199,3.648471117],[8.933473587,3.648471117],[8.933473587,3.64736104],[8.933193207,3.64736104],[8.933193207,3.645786047],[8.933193207,3.644582987],[8.933473587,3.644582987],[8.933473587,3.644026995],[8.933749199,3.644026995],[8.933749199,3.642360926],[8.933473587,3.642360926],[8.933473587,3.641251087],[8.933193207,3.641251087],[8.933193207,3.640695095],[8.932917595,3.640695095],[8.932917595,3.640139103],[8.932640076,3.640139103],[8.932640076,3.639583111],[8.932360649,3.639583111],[8.932360649,3.639029026],[8.93208313,3.639029026],[8.93208313,3.63875103],[8.932360649,3.63875103],[8.932360649,3.637639046],[8.93208313,3.637639046],[8.93208313,3.636250973],[8.931804657,3.636250973],[8.931804657,3.635972977],[8.93069458,3.635972977],[8.93069458,3.636250973],[8.930417061,3.636250973],[8.930417061,3.635694027],[8.930138588,3.635694027],[8.930138588,3.635416031],[8.929861069,3.635416031],[8.929861069,3.634582043],[8.929582596,3.634582043],[8.929582596,3.634304047],[8.928473473,3.634304047],[8.928473473,3.634027958],[8.928098679,3.634027958],[8.927916527,3.634027958],[8.927916527,3.633740902],[8.927916527,3.633471966],[8.927698135,3.633443117],[8.927639008,3.633328915],[8.927639008,3.63319397],[8.927916527,3.63319397],[8.927916527,3.632915974],[8.927639008,3.632915974],[8.927639008,3.631249905],[8.927083015,3.631249905],[8.927083015,3.630415916],[8.926804543,3.630415916],[8.926804543,3.62986207],[8.926251411,3.62986207],[8.926251411,3.629584074],[8.925695419,3.629584074],[8.925695419,3.62986207],[8.925425529,3.62986207],[8.924583435,3.62986207],[8.924583435,3.629584074],[8.924027443,3.629584074],[8.924027443,3.629028082],[8.923750877,3.629028082],[8.923750877,3.628750086],[8.923473358,3.628750086],[8.923473358,3.62847209],[8.923194885,3.62847209],[8.923194885,3.627638102],[8.922917366,3.627638102],[8.922917366,3.627362013],[8.923194885,3.627362013],[8.92325592,3.626532078],[8.922917366,3.626528025],[8.922917366,3.625951052],[8.922917366,3.624861956],[8.922638893,3.624861956],[8.922638893,3.624027967],[8.922361374,3.624027967],[8.922361374,3.622917891],[8.920968056,3.622917891],[8.920138359,3.622917891],[8.920138359,3.622639894],[8.919582367,3.622639894],[8.919582367,3.622361898],[8.919306755,3.622361898],[8.919306755,3.622082949],[8.919029236,3.622082949],[8.919026375,3.621804953],[8.918749809,3.621804953],[8.918749809,3.62124896],[8.91847229,3.62124896],[8.91847229,3.620970964],[8.918193817,3.620970964],[8.918193817,3.619860888],[8.917916298,3.619860888],[8.917916298,3.619582891],[8.917637825,3.619582891],[8.917637825,3.618751049],[8.917360306,3.618748903],[8.917360306,3.618195057],[8.91708374,3.618195057],[8.91708374,3.617917061],[8.916806221,3.617917061],[8.916806221,3.617361069],[8.916527748,3.617361069],[8.916527748,3.616805077],[8.916250229,3.616805077],[8.916250229,3.616475105],[8.916250229,3.616250992],[8.915971756,3.616250992],[8.915971756,3.615972996],[8.915694237,3.615972996],[8.915694237,3.615417004],[8.915197372,3.615417004],[8.914859772,3.615417004],[8.914859772,3.615139008],[8.914305687,3.615139008],[8.914305687,3.614861012],[8.913749695,3.614861012],[8.913749695,3.614583015],[8.912918091,3.614583015],[8.912918091,3.614027023],[8.912362099,3.614027023],[8.912362099,3.613472939],[8.912083626,3.613472939],[8.912083626,3.612916946],[8.911806107,3.612916946],[8.911806107,3.61263895],[8.911527634,3.61263895],[8.911527634,3.612082958],[8.911250114,3.612082958],[8.911250114,3.611529112],[8.910971642,3.611529112],[8.910971642,3.610694885],[8.910415649,3.610694885],[8.910415649,3.610416889],[8.909861565,3.610416889],[8.909861565,3.609859943],[8.908193588,3.609859943],[8.908193588,3.609581947],[8.907917976,3.609581947],[8.907917976,3.609307051],[8.907361984,3.609307051],[8.907361984,3.609029055],[8.907084465,3.609029055],[8.907084465,3.609307051],[8.906805992,3.609307051],[8.906805992,3.609029055],[8.906526566,3.609029055],[8.906526566,3.608751059],[8.905418396,3.608751059],[8.905418396,3.608472109],[8.90486145,3.608472109],[8.90486145,3.608194113],[8.904582977,3.608194113],[8.904582977,3.607637882],[8.904305458,3.607637882],[8.904305458,3.607359886],[8.904026985,3.607359886],[8.904026985,3.606250048],[8.903751373,3.606250048],[8.903751373,3.605972052],[8.904026985,3.605972052],[8.904026985,3.605694056],[8.903751373,3.605694056],[8.903751373,3.604305983],[8.903470993,3.604305983],[8.903470993,3.603193998],[8.903751373,3.603193998],[8.903751373,3.602638006],[8.904026985,3.602638006],[8.904026985,3.602361917],[8.903751373,3.602361917],[8.903751373,3.602083921],[8.903470993,3.602083921],[8.903470993,3.601805925],[8.903195381,3.601805925],[8.903195381,3.601527929],[8.902639389,3.601527929],[8.902639389,3.601249933],[8.902083397,3.601249933],[8.902083397,3.600693941],[8.901804924,3.600693941],[8.901804924,3.600415945],[8.90097332,3.600415945],[8.90097332,3.600140095],[8.900138855,3.600140095],[8.900138855,3.599862099],[8.899861336,3.599862099],[8.899861336,3.599306107],[8.900138855,3.599306107],[8.900138855,3.597362041],[8.899861336,3.597362041],[8.899861336,3.596806049],[8.899305344,3.596806049],[8.899305344,3.596528053],[8.898751259,3.596528053],[8.898751259,3.595971107],[8.898470879,3.595971107],[8.898470879,3.59513998],[8.898195267,3.59513998],[8.898189545,3.593441963],[8.897916794,3.59347105],[8.897916794,3.592724085],[8.897916794,3.592360973],[8.897639275,3.592360973],[8.897639275,3.591248989],[8.897360802,3.591248989],[8.897360802,3.590416908],[8.897083282,3.590416908],[8.897083282,3.589860916],[8.897360802,3.589860916],[8.897360802,3.589304924],[8.897639275,3.589304924],[8.897639275,3.589026928],[8.897360802,3.589026928],[8.897360802,3.588195086],[8.897083282,3.588195086],[8.897083282,3.587361097],[8.89680481,3.587361097],[8.89680481,3.587083101],[8.895973206,3.587083101],[8.895973206,3.586805105],[8.895417213,3.586805105],[8.895417213,3.586529016],[8.895138741,3.586529016],[8.895138741,3.58625102],[8.89457798,3.586252928],[8.894584656,3.585973024],[8.894438744,3.585973024],[8.894028664,3.585973024],[8.894028664,3.585417032],[8.893472672,3.585417032],[8.893472672,3.585139036],[8.893195152,3.585139036],[8.893195152,3.584305048],[8.892915726,3.584305048],[8.892915726,3.583472967],[8.892638206,3.583472967],[8.892638206,3.582916975],[8.891806602,3.582916975],[8.891806602,3.582638025],[8.891249657,3.582638025],[8.891249657,3.582360029],[8.890693665,3.582360029],[8.890693665,3.582082033],[8.890416145,3.582082033],[8.890416145,3.581806898],[8.890137672,3.581806898],[8.890137672,3.581249952],[8.889860153,3.581249952],[8.889860153,3.58069396],[8.889583588,3.58069396],[8.889583588,3.580415964],[8.889304161,3.580415964],[8.889304161,3.579583883],[8.889027596,3.579583883],[8.889027596,3.579305887],[8.888471603,3.579305887],[8.888471603,3.579027891],[8.888194084,3.579027891],[8.888194084,3.578471899],[8.887638092,3.578471899],[8.887638092,3.578193903],[8.887084007,3.578193903],[8.887084007,3.577915907],[8.886528015,3.577915907],[8.886528015,3.577637911],[8.886249542,3.577637911],[8.886249542,3.577359915],[8.88569355,3.577359915],[8.88569355,3.577084064],[8.885417938,3.577084064],[8.885417938,3.576528072],[8.885137558,3.576528072],[8.885137558,3.57597208],[8.884861946,3.57597208],[8.884861946,3.575416088],[8.884584427,3.575416088],[8.884584427,3.574584007],[8.884028435,3.574584007],[8.884028435,3.574028015],[8.883749962,3.574028015],[8.883749962,3.573750019],[8.883195877,3.573750019],[8.88319397,3.573472023],[8.882639885,3.573472023],[8.882639885,3.573194027],[8.882362366,3.573194027],[8.882362366,3.572639942],[8.881806374,3.572638035],[8.881806374,3.572361946],[8.881527901,3.572361946],[8.881527901,3.571805954],[8.881250381,3.571805954],[8.881250381,3.571527958],[8.880971909,3.571527958],[8.880971909,3.571249962],[8.880693436,3.571249962],[8.880693436,3.570971966],[8.880417824,3.570971966],[8.880417824,3.57069397],[8.880140305,3.57069397],[8.880140305,3.570139885],[8.879584312,3.570139885],[8.879584312,3.569583893],[8.879304886,3.569583893],[8.879304886,3.569026947],[8.878748894,3.569026947],[8.878748894,3.568748951],[8.878195763,3.568748951],[8.878195763,3.568470955],[8.877915382,3.568470955],[8.877915382,3.567918062],[8.877638817,3.567918062],[8.877638817,3.567639112],[8.877361298,3.567639112],[8.877361298,3.567082882],[8.877082825,3.567082882],[8.877082825,3.56652689],[8.876805305,3.56652689],[8.876805305,3.565973043],[8.876526833,3.565970898],[8.876526833,3.565417051],[8.876249313,3.565417051],[8.876249313,3.564861059],[8.876526833,3.564861059],[8.876526833,3.563749075],[8.876249313,3.563749075],[8.876249313,3.563472986],[8.875695229,3.563472986],[8.875695229,3.56319499],[8.875416756,3.56319499],[8.875416756,3.562916994],[8.874860764,3.562916994],[8.874860764,3.562638998],[8.874583244,3.562638998],[8.874583244,3.562361002],[8.873748779,3.562361002],[8.873748779,3.56180501],[8.873473167,3.56180501],[8.873473167,3.561527014],[8.872917175,3.561527014],[8.872917175,3.561250925],[8.872638702,3.561250925],[8.872638702,3.560972929],[8.872361183,3.560972929],[8.872361183,3.560694933],[8.87208271,3.560694933],[8.87208271,3.559860945],[8.871526718,3.559860945],[8.871526718,3.559304953],[8.871251106,3.559304953],[8.871251106,3.55874896],[8.870972633,3.55874896],[8.870972633,3.558195114],[8.870416641,3.558195114],[8.870416641,3.557638884],[8.869860649,3.557638884],[8.869860649,3.557360888],[8.868748665,3.557360888],[8.868748665,3.556807041],[8.868473053,3.556807041],[8.868473053,3.556529045],[8.86819458,3.556529045],[8.86819458,3.555416107],[8.867917061,3.555416107],[8.867917061,3.553472042],[8.867638588,3.553472042],[8.867638588,3.552638054],[8.867361069,3.552638054],[8.867361069,3.551805973],[8.867081642,3.551805973],[8.867081642,3.551527977],[8.866806984,3.551527977],[8.866806984,3.550693989],[8.866529465,3.550693989],[8.866529465,3.550137997],[8.866250992,3.550137997],[8.866250992,3.549583912],[8.865973473,3.549583912],[8.865973473,3.54902792],[8.865694046,3.54902792],[8.865694046,3.547915936],[8.865973473,3.547915936],[8.865973473,3.547362089],[8.866250992,3.547362089],[8.866250992,3.546858072],[8.866250992,3.546528101],[8.865973473,3.546528101],[8.865973473,3.546250105],[8.865694046,3.546250105],[8.865694046,3.545972109],[8.865973473,3.545972109],[8.865973473,3.545416117],[8.865694046,3.545416117],[8.865694046,3.545140028],[8.865415573,3.545140028],[8.865415573,3.544584036],[8.865138054,3.544584036],[8.865138054,3.544028044],[8.864011765,3.544028044],[8.863750458,3.544028044],[8.863750458,3.54430604],[8.863471985,3.54430604],[8.863471985,3.544028044],[8.862638474,3.544028044],[8.862638474,3.543750048],[8.862360001,3.543750048],[8.862360001,3.544028044],[8.860972404,3.544028044],[8.860972404,3.543472052],[8.860416412,3.543472052],[8.860416412,3.542917967],[8.860137939,3.542915106],[8.860137939,3.542361975],[8.859581947,3.542361975],[8.859581947,3.541805029],[8.859306335,3.541805029],[8.859306335,3.541527033],[8.859027863,3.541527033],[8.859027863,3.541249037],[8.858750343,3.541249037],[8.858750343,3.540416956],[8.85847187,3.540416956],[8.85847187,3.53874898],[8.858194351,3.53874898],[8.858194351,3.537082911],[8.857915878,3.537082911],[8.857915878,3.536804914],[8.857640266,3.536804914],[8.857640266,3.536251068],[8.857361794,3.536248922],[8.857361794,3.535695076],[8.857084274,3.535695076],[8.857084274,3.534869909],[8.857084274,3.534583092],[8.856842041,3.534559965],[8.856746674,3.534550905],[8.855984688,3.535948038],[8.840471268,3.56359601],[8.821417809,3.578234911],[8.807510376,3.578738928],[8.787221909,3.578025103],[8.765774727,3.577301025],[8.746647835,3.577182055],[8.738518715,3.57418108],[8.727556229,3.584146976],[8.705613136,3.601126909],[8.68885231,3.611054897],[8.674987793,3.621001005],[8.660570145,3.636255026],[8.637399673,3.639058113],[8.61712265,3.64069891],[8.611573219,3.643660069],[8.610971451,3.644026995],[8.610971451,3.645416975],[8.610695839,3.645416975],[8.610695839,3.645694971],[8.610415459,3.645694971],[8.610415459,3.646249056],[8.610695839,3.646249056],[8.610695839,3.64736104],[8.610415459,3.64736104],[8.610415459,3.647639036],[8.610695839,3.647639036],[8.610695839,3.647917032],[8.610971451,3.647917032],[8.610971451,3.648749113],[8.611805916,3.648749113],[8.611805916,3.649027109],[8.612084389,3.649027109],[8.612084389,3.650140047],[8.611885071,3.650140047],[8.611805916,3.650140047],[8.611805916,3.650971889],[8.611528397,3.650971889],[8.611528397,3.653193951],[8.61124897,3.653193951],[8.61124897,3.653471947],[8.610971451,3.653471947],[8.610971451,3.654027939],[8.610695839,3.654027939],[8.610695839,3.655139923],[8.610971451,3.655139923],[8.610971451,3.655972004],[8.61124897,3.655972004],[8.61124897,3.656805992],[8.610971451,3.656805992],[8.610971451,3.658194065],[8.61124897,3.658194065],[8.61124897,3.658472061],[8.611528397,3.658472061],[8.611528397,3.658750057],[8.611805916,3.658750057],[8.611805916,3.659028053],[8.612084389,3.659028053],[8.612084389,3.659859896],[8.612361908,3.659859896],[8.612361908,3.660085917],[8.612361908,3.662637949],[8.612084389,3.662637949],[8.612084389,3.663472891],[8.611805916,3.663472891],[8.611805916,3.664582968],[8.611528397,3.664582968],[8.611528397,3.665972948],[8.611805916,3.665972948],[8.611805916,3.666805029],[8.612084389,3.666805029],[8.612084389,3.667639017],[8.612636566,3.667639017],[8.612636566,3.667917013],[8.6129179,3.667917013],[8.6129179,3.668195009],[8.613194466,3.668195009],[8.613194466,3.668473005],[8.613471985,3.668473005],[8.613471985,3.66902709],[8.613750458,3.66902709],[8.613750458,3.670139074],[8.613471985,3.670139074],[8.613471985,3.67041707],[8.613194466,3.67041707],[8.613194466,3.670695066],[8.613471985,3.670695066],[8.613471985,3.670973063],[8.613750458,3.670973063],[8.613750458,3.671804905],[8.61430645,3.671804905],[8.61430645,3.672082901],[8.617083549,3.672082901],[8.617083549,3.672360897],[8.617362022,3.672360897],[8.617362022,3.672916889],[8.617637634,3.672916889],[8.617637634,3.673194885],[8.617916107,3.673194885],[8.617916107,3.673470974],[8.618193626,3.673470974],[8.618193626,3.67374897],[8.618749619,3.67374897],[8.618749619,3.674026966],[8.62069416,3.674026966],[8.62069416,3.674304962],[8.621804237,3.674304962],[8.621804237,3.674582958],[8.622360229,3.674582958],[8.622360229,3.674860954],[8.622916222,3.674860954],[8.622916222,3.67513895],[8.623193741,3.67513895],[8.623193741,3.677361965],[8.623472214,3.677361965],[8.623472214,3.677639961],[8.623750687,3.677639961],[8.623750687,3.678472042],[8.62402916,3.678472042],[8.62402916,3.679584026],[8.624306679,3.679584026],[8.624306679,3.681250095],[8.624582291,3.681250095],[8.624582291,3.682084084],[8.62485981,3.682084084],[8.62485981,3.68236208],[8.625139236,3.68236208],[8.625139236,3.68263793],[8.625416756,3.68263793],[8.625416756,3.682915926],[8.625695229,3.682915926],[8.625695229,3.683193922],[8.625972748,3.683193922],[8.625972748,3.683471918],[8.626251221,3.683471918],[8.626251221,3.683749914],[8.62652874,3.683749914],[8.62652874,3.68402791],[8.626805305,3.68402791],[8.626805305,3.684305906],[8.627361298,3.684305906],[8.627361298,3.684583902],[8.627638817,3.684583902],[8.627638817,3.684859991],[8.62791729,3.684859991],[8.62791729,3.685137987],[8.628194809,3.685137987],[8.628194809,3.685971975],[8.628473282,3.685971975],[8.628473282,3.686249971],[8.628750801,3.686249971],[8.628750801,3.686527967],[8.629860878,3.686527967],[8.629860878,3.686805964],[8.630139351,3.686805964],[8.630139351,3.687360048],[8.63041687,3.687360048],[8.63041687,3.687638044],[8.631526947,3.687638044],[8.631526947,3.688194036],[8.63180542,3.688194036],[8.63180542,3.688750029],[8.632082939,3.688750029],[8.632082939,3.690973043],[8.632361412,3.690973043],[8.632361412,3.691529036],[8.632638931,3.691529036],[8.632638931,3.691804886],[8.633193016,3.691804886],[8.633193016,3.692082882],[8.633473396,3.692082882],[8.633473396,3.692361116],[8.634305,3.692361116],[8.634305,3.692639112],[8.634860992,3.692639112],[8.634860992,3.692917109],[8.635139465,3.692917109],[8.635139465,3.693195105],[8.635416985,3.693195105],[8.635416985,3.693473101],[8.635696411,3.693473101],[8.635696411,3.693751097],[8.636248589,3.693751097],[8.636248589,3.694026947],[8.636527061,3.694029093],[8.636527061,3.694304943],[8.637083054,3.694304943],[8.637083054,3.694860935],[8.637361526,3.694860935],[8.637361526,3.694582939],[8.637639999,3.694582939],[8.637639999,3.694860935],[8.63819313,3.694860935],[8.63819313,3.695138931],[8.63847065,3.695138931],[8.63847065,3.694860935],[8.638796806,3.694869995],[8.638750076,3.695138931],[8.639027596,3.695138931],[8.639027596,3.695416927],[8.639306068,3.695416927],[8.639306068,3.695694923],[8.639583588,3.695694923],[8.639583588,3.695972919],[8.639882088,3.695972919],[8.640137672,3.695972919],[8.640137672,3.696250916],[8.640418053,3.696250916],[8.640418053,3.696527004],[8.640972137,3.696527004],[8.640972137,3.696805],[8.64152813,3.696805],[8.64152813,3.697360992],[8.641805649,3.697360992],[8.641805649,3.697638988],[8.642084122,3.697638988],[8.642084122,3.697916985],[8.642359734,3.697916985],[8.642359734,3.698594093],[8.642359734,3.698749065],[8.642640114,3.698817015],[8.642640114,3.698894978],[8.642640114,3.699305058],[8.642960548,3.699314117],[8.642915726,3.699583054],[8.643194199,3.699583054],[8.643194199,3.700695038],[8.643471718,3.700695038],[8.643471718,3.701248884],[8.643750191,3.701248884],[8.643750191,3.702361107],[8.64402771,3.702361107],[8.64402771,3.702918053],[8.643750191,3.702918053],[8.643750191,3.703470945],[8.64402771,3.703470945],[8.64402771,3.704027891],[8.644583702,3.704027891],[8.644583702,3.704305887],[8.645137787,3.704305887],[8.645137787,3.704583883],[8.646249771,3.704583883],[8.646249771,3.704862118],[8.647359848,3.704862118],[8.647359848,3.705140114],[8.647638321,3.705140114],[8.647638321,3.70569396],[8.64791584,3.70569396],[8.64791584,3.705971956],[8.648194313,3.705971956],[8.648194313,3.706527948],[8.648750305,3.706527948],[8.648750305,3.706805944],[8.649027824,3.706805944],[8.649027824,3.707361937],[8.64930439,3.707361937],[8.64930439,3.708472013],[8.649581909,3.708472013],[8.649581909,3.709306002],[8.650137901,3.709306002],[8.650137901,3.709583998],[8.650416374,3.709583998],[8.650416374,3.709861994],[8.650693893,3.709861994],[8.650693893,3.710138083],[8.651250839,3.710138083],[8.651250839,3.710416079],[8.651526451,3.710416079],[8.651526451,3.710972071],[8.651806831,3.710972071],[8.651806831,3.711806059],[8.652082443,3.711806059],[8.652082443,3.712359905],[8.652360916,3.712359905],[8.652360916,3.713471889],[8.652639389,3.713471889],[8.652639389,3.713749886],[8.652916908,3.713749886],[8.652916908,3.714306116],[8.653195381,3.714306116],[8.653195381,3.714859962],[8.653751373,3.714859962],[8.653751373,3.715137959],[8.654305458,3.715137959],[8.654305458,3.715415955],[8.654028893,3.715415955],[8.654028893,3.715693951],[8.654582977,3.715693951],[8.654582977,3.715971947],[8.65486145,3.715971947],[8.65486145,3.716528893],[8.655138969,3.716528893],[8.655138969,3.716804028],[8.655417442,3.716806889],[8.655417442,3.717082024],[8.655973434,3.717082024],[8.655973434,3.71736002],[8.656250954,3.71736002],[8.656250954,3.717638969],[8.656526566,3.717638969],[8.656526566,3.718472958],[8.656805038,3.718472958],[8.656805038,3.718750954],[8.657082558,3.718750954],[8.657082558,3.719861031],[8.65763855,3.719861031],[8.65763855,3.720695019],[8.657917023,3.720695019],[8.657917023,3.720973015],[8.658473015,3.720973015],[8.658473015,3.721251011],[8.6590271,3.721251011],[8.6590271,3.7215271],[8.659304619,3.7215271],[8.659304619,3.721805096],[8.659583092,3.721805096],[8.659583092,3.722639084],[8.660139084,3.722639084],[8.660139084,3.723195076],[8.660416603,3.723195076],[8.660416603,3.726526976],[8.660139084,3.726526976],[8.660139084,3.72763896],[8.660416603,3.72763896],[8.660416603,3.728194952],[8.660693169,3.728194952],[8.660693169,3.728471041],[8.66152668,3.728471041],[8.66152668,3.728749037],[8.661805153,3.728749037],[8.661805153,3.729027033],[8.662082672,3.729027033],[8.662082672,3.729583025],[8.662361145,3.729583025],[8.662361145,3.729861975],[8.663471222,3.729861975],[8.663471222,3.730139971],[8.664027214,3.730139971],[8.664027214,3.730693102],[8.664304733,3.730693102],[8.664304733,3.731250048],[8.66458416,3.731250048],[8.66458416,3.732084036],[8.664861679,3.732084036],[8.664861679,3.732362032],[8.665140152,3.732362032],[8.665140152,3.732916117],[8.665417671,3.732916117],[8.665417671,3.732640028],[8.665693283,3.732640028],[8.665693283,3.732916117],[8.665971756,3.732916117],[8.665971756,3.733472109],[8.666527748,3.733472109],[8.666527748,3.734306097],[8.666806221,3.734306097],[8.666806221,3.734584093],[8.66708374,3.734584093],[8.66708374,3.735140085],[8.667362213,3.735140085],[8.667362213,3.735693932],[8.667639732,3.735693932],[8.667639732,3.735971928],[8.668193817,3.735971928],[8.668193817,3.736249924],[8.66847229,3.736249924],[8.66847229,3.73652792],[8.668749809,3.73652792],[8.668749809,3.736805916],[8.669028282,3.736805916],[8.669028282,3.738193989],[8.669305801,3.738193989],[8.669305801,3.738749981],[8.669028282,3.738749981],[8.669028282,3.739860058],[8.668749809,3.739860058],[8.668749809,3.74041605],[8.669028282,3.74041605],[8.669028282,3.740694046],[8.669305801,3.740694046],[8.669305801,3.740972042],[8.669584274,3.740972042],[8.669584274,3.740694046],[8.669859886,3.740694046],[8.669859886,3.74041605],[8.670140266,3.74041605],[8.670140266,3.739861965],[8.670415878,3.739860058],[8.670415878,3.739583969],[8.671806335,3.739583969],[8.671806335,3.739860058],[8.672418594,3.739873886],[8.672362328,3.740138054],[8.672637939,3.740138054],[8.672637939,3.74041605],[8.672847748,3.74041605],[8.673193932,3.74041605],[8.673193932,3.740694046],[8.673472404,3.740694046],[8.673436165,3.741275072],[8.674028397,3.741250038],[8.674002647,3.7421],[8.674584389,3.742082119],[8.674584389,3.742360115],[8.674305916,3.742360115],[8.674305916,3.742638111],[8.674584389,3.742638111],[8.674584389,3.742940903],[8.674584389,3.743194103],[8.674860001,3.743242025],[8.674860001,3.743345022],[8.674860001,3.744860888],[8.675138474,3.744860888],[8.675138474,3.745695114],[8.675415993,3.745695114],[8.675415993,3.746251106],[8.675138474,3.746251106],[8.675138474,3.746526957],[8.675694466,3.746529102],[8.675694466,3.746804953],[8.676527977,3.746804953],[8.676527977,3.746529102],[8.677082062,3.746529102],[8.677082062,3.746804953],[8.677240372,3.746804953],[8.677638054,3.746804953],[8.677638054,3.747082949],[8.677915573,3.747082949],[8.677915573,3.747360945],[8.678195,3.747360945],[8.678195,3.748194933],[8.678473473,3.748194933],[8.678473473,3.748516083],[8.678473473,3.748750925],[8.678750992,3.748750925],[8.678752899,3.749061108],[8.679304123,3.749027014],[8.679306984,3.749583006],[8.679861069,3.749583006],[8.679861069,3.750138998],[8.680138588,3.750138998],[8.680138588,3.752083063],[8.679582596,3.752083063],[8.679582596,3.752361059],[8.679861069,3.752361059],[8.679861069,3.752639055],[8.680138588,3.752639055],[8.680138588,3.752917051],[8.680417061,3.752917051],[8.680417061,3.753473043],[8.68069458,3.753473043],[8.68069458,3.753748894],[8.680843353,3.753748894],[8.680973053,3.753748894],[8.680973053,3.75402689],[8.68208313,3.75402689],[8.68208313,3.754304886],[8.682639122,3.754304886],[8.682639122,3.754861116],[8.682916641,3.754861116],[8.682916641,3.755417109],[8.683472633,3.755417109],[8.683472633,3.755970955],[8.683751106,3.755970955],[8.683751106,3.756804943],[8.684026718,3.756804943],[8.684026718,3.759305954],[8.683751106,3.759305954],[8.683751106,3.762351036],[8.683751106,3.764028072],[8.684165955,3.764028072],[8.68458271,3.764028072],[8.68458271,3.764584064],[8.684861183,3.764584064],[8.684861183,3.764862061],[8.685138702,3.764862061],[8.685138702,3.765137911],[8.685417175,3.765137911],[8.685417175,3.765971899],[8.685694695,3.765971899],[8.685694695,3.766805887],[8.685973167,3.766805887],[8.685973167,3.767083883],[8.686248779,3.767083883],[8.686248779,3.767359972],[8.68652916,3.767359972],[8.68652916,3.76819396],[8.686804771,3.76819396],[8.686804771,3.768471956],[8.687083244,3.768471956],[8.687083244,3.769027948],[8.687360764,3.769027948],[8.687360764,3.769582033],[8.687083244,3.769582033],[8.687083244,3.770416021],[8.687360764,3.770416021],[8.687360764,3.770694971],[8.687639236,3.770694971],[8.687639236,3.770972967],[8.687916756,3.770972967],[8.687916756,3.771250963],[8.688195229,3.771250963],[8.688195229,3.771528959],[8.68847084,3.771528959],[8.68847084,3.771804094],[8.688749313,3.771804094],[8.688749313,3.77236104],[8.689026833,3.77236104],[8.689026833,3.772917032],[8.689305305,3.772917032],[8.689305305,3.774029016],[8.689026833,3.774029016],[8.689026833,3.774305105],[8.689305305,3.774305105],[8.689305305,3.774938107],[8.689305305,3.775417089],[8.689648628,3.775424004],[8.689582825,3.775973082],[8.689861298,3.775973082],[8.689861298,3.776248932],[8.690138817,3.776251078],[8.690138817,3.776526928],[8.690415382,3.776526928],[8.690415382,3.776804924],[8.690971375,3.776804924],[8.690971375,3.77708292],[8.69180584,3.77708292],[8.69180584,3.777360916],[8.694306374,3.777360916],[8.694306374,3.777638912],[8.695139885,3.777638912],[8.695139885,3.777916908],[8.69569397,3.777916908],[8.69569397,3.778194904],[8.695972443,3.778194904],[8.695972443,3.7784729],[8.696805954,3.7784729],[8.696805954,3.778748989],[8.697084427,3.778748989],[8.697084427,3.779026985],[8.697637558,3.779026985],[8.697637558,3.779104948],[8.697637558,3.779304981],[8.697916031,3.779304981],[8.697916031,3.779386997],[8.697916031,3.779582977],[8.69819355,3.779582977],[8.69819355,3.779666901],[8.69819355,3.779860973],[8.698472023,3.779860973],[8.698472023,3.779949903],[8.698472023,3.780138969],[8.698749542,3.780138969],[8.698749542,3.780230045],[8.698749542,3.780416965],[8.699028015,3.780416965],[8.699028015,3.780513048],[8.699028015,3.780694962],[8.699305534,3.780694962],[8.699305534,3.780792952],[8.699305534,3.78097105],[8.6995821,3.781023979],[8.6995821,3.781249046],[8.699754715,3.781249046],[8.700138092,3.781249046],[8.700082779,3.781582117],[8.700415611,3.781527042],[8.700359344,3.78186202],[8.700971603,3.781805038],[8.700971603,3.782083035],[8.701250076,3.782083035],[8.701250076,3.782361031],[8.701804161,3.782361031],[8.701804161,3.782639027],[8.702374458,3.782639027],[8.702360153,3.782917976],[8.702637672,3.782917976],[8.702637672,3.783195972],[8.703193665,3.783195972],[8.703193665,3.783471107],[8.703749657,3.783471107],[8.703749657,3.783749104],[8.704582214,3.783749104],[8.704582214,3.7840271],[8.705138206,3.7840271],[8.705138206,3.784306049],[8.708473206,3.784306049],[8.708473206,3.784584045],[8.708748817,3.784584045],[8.708748817,3.784862041],[8.70930481,3.784862041],[8.70930481,3.785140038],[8.709860802,3.785140038],[8.709860802,3.785418034],[8.710139275,3.785418034],[8.710139275,3.78569293],[8.710695267,3.78569293],[8.710695267,3.785972118],[8.710970879,3.785972118],[8.710970879,3.786250114],[8.711251259,3.786250114],[8.711251259,3.786528111],[8.711526871,3.786528111],[8.711526871,3.786806107],[8.711805344,3.786806107],[8.711805344,3.787084103],[8.712082863,3.787084103],[8.712082863,3.787362099],[8.712361336,3.787362099],[8.712361336,3.787640095],[8.712638855,3.787640095],[8.712638855,3.787915945],[8.712917328,3.787915945],[8.712917328,3.788193941],[8.713194847,3.788193941],[8.713194847,3.788471937],[8.71347332,3.788471937],[8.71347332,3.788749933],[8.714860916,3.788749933],[8.714860916,3.788471937],[8.715695381,3.788471937],[8.715695381,3.788193941],[8.715970993,3.788193941],[8.715970993,3.787915945],[8.716526985,3.787915945],[8.716526985,3.787640095],[8.716805458,3.787640095],[8.716805458,3.787362099],[8.71736145,3.787362099],[8.71736145,3.787084103],[8.718193054,3.787084103],[8.718193054,3.786806107],[8.718749046,3.786806107],[8.718749046,3.786528111],[8.719028473,3.786528111],[8.719040871,3.785974026],[8.719305992,3.785972118],[8.719305992,3.78569293],[8.719584465,3.78569293],[8.719584465,3.785418034],[8.719861984,3.785418034],[8.719861984,3.785140038],[8.720136642,3.785140038],[8.720136642,3.784584045],[8.721254349,3.784590006],[8.72124958,3.784306049],[8.72162056,3.784306049],[8.721805573,3.784306049],[8.721805573,3.784162045],[8.721805573,3.7840271],[8.722084045,3.7840271],[8.722084045,3.783749104],[8.722361565,3.783749104],[8.722361565,3.783471107],[8.722658157,3.783495903],[8.722640038,3.783195972],[8.722964287,3.7832551],[8.722915649,3.782917976],[8.723194122,3.782917976],[8.723194122,3.782639027],[8.723471642,3.782639027],[8.723471642,3.782361031],[8.723750114,3.782361031],[8.723750114,3.782083035],[8.724351883,3.782077074],[8.724306107,3.781805038],[8.724821091,3.781805038],[8.725137711,3.781805038],[8.725137711,3.781527042],[8.725416183,3.781527042],[8.725418091,3.781805038],[8.725972176,3.781805038],[8.725972176,3.782083035],[8.726528168,3.782083035],[8.726528168,3.782361031],[8.72708416,3.782361031],[8.72708416,3.782639027],[8.728194237,3.782639027],[8.728194237,3.782361031],[8.728471756,3.782361031],[8.728471756,3.782083035],[8.729027748,3.782083035],[8.729027748,3.781805038],[8.729860306,3.781805038],[8.729860306,3.781527042],[8.730137825,3.781527042],[8.730137825,3.78097105],[8.730416298,3.78097105],[8.730416298,3.780694962],[8.730137825,3.780694962],[8.730137825,3.780416965],[8.730416298,3.780416965],[8.730416298,3.779582977],[8.730693817,3.779582977],[8.730693817,3.778748989],[8.730416298,3.778748989],[8.730416298,3.777916908],[8.730137825,3.777916908],[8.730137825,3.777360916],[8.729860306,3.777360916],[8.729860306,3.77708292],[8.728471756,3.77708292],[8.728471756,3.776804924],[8.728194237,3.776804924],[8.728194237,3.776526928],[8.727638245,3.776526928],[8.727638245,3.775973082],[8.727359772,3.775973082],[8.727359772,3.775139093],[8.72708416,3.775139093],[8.72708416,3.774861097],[8.726805687,3.774861097],[8.726805687,3.772917032],[8.726528168,3.772917032],[8.726528168,3.77236104],[8.725693703,3.77236104],[8.725693703,3.772083044],[8.725418091,3.772083044],[8.725418091,3.771804094],[8.724862099,3.771804094],[8.724862099,3.771528959],[8.724583626,3.771528959],[8.724583626,3.771250963],[8.724306107,3.771250963],[8.724306107,3.770416021],[8.724583626,3.770416021],[8.724583626,3.769306898],[8.724862099,3.769306898],[8.724862099,3.768471956],[8.725137711,3.768471956],[8.725137711,3.76819396],[8.725418091,3.76819396],[8.725418091,3.766805887],[8.725693703,3.766805887],[8.725693703,3.766527891],[8.725972176,3.766527891],[8.725972176,3.766249895],[8.726249695,3.766249895],[8.726249695,3.765971899],[8.726528168,3.765971899],[8.726528168,3.765693903],[8.72708416,3.765693903],[8.72708416,3.765415907],[8.727359772,3.765415907],[8.727359772,3.765137911],[8.727638245,3.765137911],[8.727638245,3.764584064],[8.727915764,3.764584064],[8.727915764,3.764028072],[8.728194237,3.764028072],[8.728194237,3.76347208],[8.728471756,3.76347208],[8.728471756,3.762916088],[8.728750229,3.762916088],[8.728750229,3.762638092],[8.729027748,3.762638092],[8.729027748,3.762362003],[8.729304314,3.762362003],[8.729304314,3.762084007],[8.72958374,3.762084007],[8.72958374,3.761806011],[8.729860306,3.761806011],[8.729860306,3.761528015],[8.730137825,3.761528015],[8.730137825,3.761250019],[8.730416298,3.761250019],[8.730416298,3.760972023],[8.730693817,3.760972023],[8.730693817,3.760694027],[8.73097229,3.760694027],[8.73097229,3.760417938],[8.731526375,3.760417938],[8.731529236,3.760139942],[8.731806755,3.760139942],[8.731806755,3.759861946],[8.732359886,3.759861946],[8.732359886,3.75958395],[8.732639313,3.75958395],[8.732639313,3.759305954],[8.732916832,3.759305954],[8.732916832,3.759027958],[8.734028816,3.759027958],[8.734028816,3.758749962],[8.734305382,3.758749962],[8.734305382,3.759027958],[8.735417366,3.759027958],[8.735417366,3.759305954],[8.735694885,3.759305954],[8.735694885,3.75958395],[8.736250877,3.75958395],[8.736250877,3.759861946],[8.736527443,3.759861946],[8.736527443,3.760139942],[8.736804962,3.760139942],[8.736804962,3.760417938],[8.737639427,3.760417938],[8.737639427,3.760139942],[8.739866257,3.760139942],[8.739860535,3.759861946],[8.744027138,3.759861946],[8.744027138,3.75958395],[8.744304657,3.75958395],[8.744304657,3.759861946],[8.745611191,3.759861946],[8.745960236,3.759861946],[8.746250153,3.759861946],[8.746250153,3.760139942],[8.747083664,3.760139942],[8.747083664,3.760417938],[8.750021935,3.760417938],[8.751806259,3.760417938],[8.751806259,3.760694027],[8.752083778,3.760694027],[8.752083778,3.760417938],[8.755694389,3.760417938],[8.755694389,3.760139942],[8.756250381,3.760139942],[8.756250381,3.75958395],[8.756527901,3.75958395],[8.756527901,3.759305954],[8.756806374,3.759305954],[8.756806374,3.759027958],[8.757081985,3.759027958],[8.757081985,3.758749962],[8.757637978,3.758749962],[8.757637978,3.758471966],[8.757916451,3.758471966],[8.757916451,3.758193016],[8.758473396,3.758193016],[8.758473396,3.757917881],[8.759025574,3.757917881],[8.759025574,3.757639885],[8.759581566,3.757639885],[8.759581566,3.757361889],[8.759860992,3.757361889],[8.759860992,3.757083893],[8.760139465,3.757083893],[8.760139465,3.756804943],[8.760416985,3.756804943],[8.760416985,3.756526947],[8.760695457,3.756526947],[8.760695457,3.756248951],[8.761248589,3.756248951],[8.76125145,3.755970955],[8.761528969,3.755970955],[8.761528969,3.755692959],[8.761804581,3.755692959],[8.761804581,3.755417109],[8.762360573,3.755417109],[8.762360573,3.755139112],[8.762916565,3.755139112],[8.762916565,3.754861116],[8.763472557,3.754861116],[8.763472557,3.754582882],[8.764582634,3.754582882],[8.764582634,3.754861116],[8.765694618,3.754861116],[8.765694618,3.755139112],[8.766527176,3.755139112],[8.766527176,3.755417109],[8.767360687,3.755417109],[8.767360687,3.755692959],[8.767916679,3.755692959],[8.767916679,3.755970955],[8.769026756,3.755970955],[8.769026756,3.756526947],[8.770138741,3.756526947],[8.770138741,3.756804943],[8.770415306,3.756804943],[8.770415306,3.757083893],[8.770695686,3.757083893],[8.770695686,3.757361889],[8.770971298,3.757361889],[8.770971298,3.757639885],[8.771248817,3.757639885],[8.771248817,3.757917881],[8.77152729,3.757917881],[8.77152729,3.758193016],[8.772084236,3.758193016],[8.772084236,3.757917881],[8.772361755,3.757917881],[8.772361755,3.757639885],[8.772917747,3.757639885],[8.772917747,3.757083893],[8.773193359,3.757083893],[8.773193359,3.756804943],[8.773471832,3.756804943],[8.773471832,3.756526947],[8.774027824,3.756526947],[8.774027824,3.756395102],[8.774027824,3.756248951],[8.775695801,3.756248951],[8.775695801,3.756762028],[8.775695801,3.757083893],[8.775972366,3.757083893],[8.775972366,3.757361889],[8.776249886,3.757361889],[8.776249886,3.757639885],[8.776528358,3.757639885],[8.776528358,3.758471966],[8.776249886,3.758471966],[8.776249886,3.758749962],[8.776528358,3.758749962],[8.776528358,3.759305954],[8.776805878,3.759305954],[8.776805878,3.75958395],[8.777084351,3.75958395],[8.777084351,3.759861946],[8.777638435,3.759861946],[8.777638435,3.760139942],[8.778194427,3.760139942],[8.778194427,3.760417938],[8.778471947,3.760417938],[8.778471947,3.760139942],[8.77875042,3.760139942],[8.77875042,3.75958395],[8.779027939,3.75958395],[8.779027939,3.759305954],[8.779306412,3.759305954],[8.779306412,3.758749962],[8.779582024,3.758749962],[8.779582024,3.757639885],[8.779862404,3.757639885],[8.779862404,3.757361889],[8.780694008,3.757361889],[8.780694008,3.757639885],[8.782084465,3.757639885],[8.782084465,3.757917881],[8.782360077,3.757917881],[8.782360077,3.758193016],[8.782637596,3.758193016],[8.782637596,3.758471966],[8.782916069,3.758471966],[8.782916069,3.760139942],[8.783193588,3.760139942],[8.783193588,3.760694027],[8.783472061,3.760694027],[8.783472061,3.760972023],[8.784028053,3.760972023],[8.784028053,3.760694027],[8.784859657,3.760694027],[8.784863472,3.760972023],[8.78513813,3.760972023],[8.78513813,3.761806011],[8.784863472,3.761806011],[8.784863472,3.762202024],[8.784859657,3.763194084],[8.784582138,3.763194084],[8.784582138,3.763750076],[8.784028053,3.763750076],[8.784028053,3.764028072],[8.78374958,3.764028072],[8.78374958,3.764584064],[8.783193588,3.764584064],[8.783193588,3.764862061],[8.783472061,3.764862061],[8.783472061,3.765693903],[8.784028053,3.765693903],[8.784028053,3.765415907],[8.784582138,3.765415907],[8.784582138,3.765137911],[8.78513813,3.765137911],[8.78513813,3.764862061],[8.785415649,3.764862061],[8.785415649,3.763750076],[8.785695076,3.763750076],[8.785695076,3.762638092],[8.785972595,3.762638092],[8.785972595,3.762281895],[8.785972595,3.762084007],[8.786251068,3.762084007],[8.786251068,3.761806011],[8.786528587,3.761806011],[8.786528587,3.761528015],[8.786804199,3.761528015],[8.786804199,3.761250019],[8.787082672,3.761250019],[8.787082672,3.760972023],[8.787638664,3.760972023],[8.787638664,3.760694027],[8.787917137,3.760694027],[8.787917137,3.760417938],[8.788473129,3.760417938],[8.788473129,3.760694027],[8.788748741,3.760694027],[8.788748741,3.760972023],[8.789304733,3.760972023],[8.789304733,3.761250019],[8.789583206,3.761250019],[8.789583206,3.760972023],[8.789860725,3.760972023],[8.789860725,3.760694027],[8.790139198,3.760694027],[8.790139198,3.760139942],[8.790416718,3.760139942],[8.790416718,3.759861946],[8.791251183,3.759861946],[8.791251183,3.760417938],[8.791526794,3.760417938],[8.791526794,3.760972023],[8.792361259,3.760972023],[8.792361259,3.761250019],[8.794304848,3.761250019],[8.794304848,3.760972023],[8.795416832,3.760972023],[8.795416832,3.761250019],[8.795695305,3.761250019],[8.795695305,3.762916088],[8.795970917,3.762916088],[8.795970917,3.763194084],[8.797082901,3.763194084],[8.797082901,3.762916088],[8.797638893,3.762916088],[8.797638893,3.762638092],[8.79791832,3.762638092],[8.79791832,3.762362003],[8.79874897,3.762362003],[8.79874897,3.762084007],[8.799027443,3.762084007],[8.799027443,3.761806011],[8.799305916,3.761806011],[8.799305916,3.761528015],[8.799584389,3.761528015],[8.799584389,3.761806011],[8.799861908,3.761806011],[8.799861908,3.761528015],[8.800136566,3.761528015],[8.800136566,3.760972023],[8.800694466,3.760972023],[8.800694466,3.760694027],[8.8004179,3.760694027],[8.8004179,3.760179043],[8.8004179,3.759861946],[8.800694466,3.759861946],[8.800694466,3.75958395],[8.800971985,3.75958395],[8.800971985,3.759305954],[8.801174164,3.759305954],[8.801250458,3.759177923],[8.801250458,3.759078026],[8.80180645,3.759027958],[8.80180645,3.758749962],[8.802083969,3.758749962],[8.802083969,3.758471966],[8.802362442,3.758471966],[8.802362442,3.758193016],[8.802639961,3.758193016],[8.802639961,3.757917881],[8.802915573,3.757917881],[8.802915573,3.757639885],[8.803194046,3.757639885],[8.803194046,3.757361889],[8.804027557,3.757361889],[8.804027557,3.757083893],[8.80430603,3.757083893],[8.80430603,3.756804943],[8.804583549,3.756804943],[8.804583549,3.756248951],[8.804862022,3.756248951],[8.804862022,3.755970955],[8.804583549,3.755970955],[8.804583549,3.755139112],[8.804862022,3.755139112],[8.804862022,3.754861116],[8.805418015,3.754861116],[8.805418015,3.754582882],[8.805693626,3.754582882],[8.805693626,3.754304886],[8.806528091,3.754304886],[8.806528091,3.75402689],[8.807359695,3.75402689],[8.807359695,3.754304886],[8.80819416,3.754304886],[8.80819416,3.754582882],[8.808750153,3.754582882],[8.808750153,3.754861116],[8.809583664,3.754861116],[8.809583664,3.754582882],[8.809860229,3.754582882],[8.809860229,3.754304886],[8.810693741,3.754304886],[8.810693741,3.754582882],[8.810972214,3.754582882],[8.810972214,3.755139112],[8.811249733,3.755139112],[8.811249733,3.756526947],[8.81152916,3.756526947],[8.81152916,3.756804943],[8.811806679,3.756804943],[8.811806679,3.757083893],[8.812638283,3.757083893],[8.812638283,3.756804943],[8.812916756,3.756804943],[8.812916756,3.756526947],[8.813195229,3.756526947],[8.813195229,3.756248951],[8.813751221,3.756248951],[8.813751221,3.755970955],[8.814584732,3.755970955],[8.814584732,3.756248951],[8.815012932,3.756248951],[8.81541729,3.756248951],[8.815440178,3.756485939],[8.815665245,3.756591082],[8.815694809,3.756804943],[8.815973282,3.756804943],[8.815973282,3.758193016],[8.816250801,3.758193016],[8.816250801,3.758471966],[8.816804886,3.758471966],[8.816804886,3.758193016],[8.817083359,3.758193016],[8.817083359,3.758471966],[8.817639351,3.758471966],[8.817639351,3.758749962],[8.819026947,3.758749962],[8.819026947,3.758471966],[8.819582939,3.758471966],[8.819582939,3.758193016],[8.819861412,3.758193016],[8.819861412,3.758471966],[8.820417404,3.758471966],[8.820417404,3.758193016],[8.820693016,3.758193016],[8.820694923,3.757917881],[8.821249008,3.757917881],[8.821249008,3.757361889],[8.821526527,3.757361889],[8.821526527,3.757083893],[8.821805,3.757083893],[8.821805,3.756804943],[8.823748589,3.756804943],[8.823748589,3.757083893],[8.825139999,3.757083893],[8.825139999,3.757361889],[8.82597065,3.757361889],[8.82597065,3.757639885],[8.827918053,3.757639885],[8.827918053,3.757361889],[8.828749657,3.757361889],[8.828749657,3.757083893],[8.829305649,3.757083893],[8.829305649,3.756526947],[8.829584122,3.756526947],[8.829584122,3.756248951],[8.829859734,3.756248951],[8.829859734,3.755970955],[8.830140114,3.755986929],[8.830140114,3.755139112],[8.830415726,3.755139112],[8.830415726,3.754861116],[8.830971718,3.754861116],[8.830971718,3.754582882],[8.832362175,3.754582882],[8.832362175,3.754861116],[8.832637787,3.754861116],[8.832637787,3.755139112],[8.83291626,3.755139112],[8.83291626,3.755692959],[8.833193779,3.755692959],[8.833193779,3.755768061],[8.833193779,3.756248951],[8.833472252,3.756248951],[8.833472252,3.756804943],[8.833749771,3.756804943],[8.833749771,3.757083893],[8.834305763,3.757083893],[8.834305763,3.757361889],[8.834584236,3.757361889],[8.834584236,3.757083893],[8.835140228,3.757083893],[8.835140228,3.756804943],[8.83541584,3.756804943],[8.83541584,3.756526947],[8.835971832,3.756526947],[8.835971832,3.755970955],[8.836250305,3.755970955],[8.836250305,3.755692959],[8.837081909,3.755692959],[8.837081909,3.755970955],[8.837360382,3.755970955],[8.837360382,3.756248951],[8.837637901,3.756248951],[8.837637901,3.756526947],[8.837916374,3.756526947],[8.837916374,3.756804943],[8.838750839,3.756804943],[8.838750839,3.756526947],[8.839026451,3.756526947],[8.839026451,3.756248951],[8.839306831,3.756248951],[8.839306831,3.755970955],[8.839582443,3.755970955],[8.839582443,3.755692959],[8.839859962,3.755692959],[8.839859962,3.755417109],[8.840695381,3.755417109],[8.840695381,3.755228043],[8.840695381,3.755139112],[8.842638969,3.755139112],[8.842638969,3.755417109],[8.842917442,3.755417109],[8.842917442,3.755692959],[8.843194962,3.755692959],[8.843194962,3.755970955],[8.843473434,3.755970955],[8.843473434,3.756248951],[8.843750954,3.756248951],[8.843750954,3.756526947],[8.844026566,3.756526947],[8.844026566,3.757361889],[8.844306946,3.757361889],[8.844306946,3.758749962],[8.844582558,3.758749962],[8.844582558,3.759027958],[8.84513855,3.759027958],[8.84513855,3.758749962],[8.8465271,3.758749962],[8.8465271,3.759027958],[8.848193169,3.759027958],[8.848193169,3.759305954],[8.848749161,3.759305954],[8.848749161,3.75958395],[8.84902668,3.75958395],[8.84902668,3.759861946],[8.849582672,3.759861946],[8.849582672,3.760139942],[8.849861145,3.760139942],[8.849861145,3.759861946],[8.850417137,3.759861946],[8.850417137,3.759305954],[8.850971222,3.759305954],[8.850971222,3.759027958],[8.851248741,3.759027958],[8.851248741,3.759305954],[8.854618073,3.759305954],[8.855139732,3.759305954],[8.855139732,3.75958395],[8.855348587,3.75958395],[8.855695724,3.75958395],[8.855695724,3.759716034],[8.855695724,3.759861946],[8.856249809,3.759861946],[8.856249809,3.760139942],[8.856528282,3.760139942],[8.856528282,3.760417938],[8.857640266,3.760417938],[8.857640266,3.760139942],[8.857915878,3.760139942],[8.857915878,3.760417938],[8.860972404,3.760417938],[8.860974312,3.760139942],[8.861249924,3.760139942],[8.861249924,3.760049105],[8.861249924,3.759861946],[8.861528397,3.759861946],[8.861528397,3.75958395],[8.861805916,3.75958395],[8.861805916,3.759305954],[8.862084389,3.759305954],[8.862084389,3.759027958],[8.862915993,3.759027958],[8.862915993,3.759305954],[8.86430645,3.759305954],[8.86430645,3.759027958],[8.865694046,3.759027958],[8.865694046,3.759305954],[8.865973473,3.759305954],[8.865973473,3.759861946],[8.866250992,3.759861946],[8.866248131,3.76017189],[8.867081642,3.760139942],[8.867081642,3.760417938],[8.867912292,3.760417938],[8.868473053,3.760417938],[8.868473053,3.760694027],[8.868748665,3.760694027],[8.868694305,3.761042118],[8.869029045,3.760972023],[8.869029045,3.761308908],[8.869029045,3.761528015],[8.869304657,3.761528015],[8.869304657,3.762084007],[8.86958313,3.762084007],[8.86958313,3.762638092],[8.869860649,3.762638092],[8.869860649,3.762916088],[8.870139122,3.762916088],[8.870139122,3.76347208],[8.870416641,3.76347208],[8.870416641,3.763750076],[8.871526718,3.763750076],[8.871526718,3.76347208],[8.871735573,3.76347208],[8.87208271,3.76347208],[8.87208271,3.763750076],[8.873473167,3.763750076],[8.873473167,3.76386404],[8.873473167,3.764028072],[8.874304771,3.764028072],[8.874304771,3.764306068],[8.874860764,3.764306068],[8.874860764,3.764584064],[8.875139236,3.764584064],[8.875139236,3.764862061],[8.875416756,3.764862061],[8.875416756,3.765137911],[8.875695229,3.765137911],[8.875695229,3.765415907],[8.87597084,3.765415907],[8.87597084,3.765693903],[8.877361298,3.765693903],[8.877361298,3.765415907],[8.880137444,3.765415907],[8.880140305,3.765693903],[8.880417824,3.765693903],[8.880417824,3.767083883],[8.880693436,3.767083883],[8.880693436,3.767359972],[8.881250381,3.767359972],[8.881250381,3.767637968],[8.883472443,3.767637968],[8.883472443,3.767915964],[8.884028435,3.767915964],[8.884028435,3.767745018],[8.884028435,3.767637968],[8.884305954,3.767637968],[8.884305954,3.767359972],[8.884861946,3.767359972],[8.884861946,3.767083883],[8.885137558,3.767083883],[8.885137558,3.766805887],[8.885972023,3.766805887],[8.885972023,3.76748991],[8.885972023,3.767637968],[8.886249542,3.767637968],[8.886249542,3.767915964],[8.886805534,3.767915964],[8.886805534,3.76819396],[8.887361526,3.76819396],[8.887361526,3.767915964],[8.887915611,3.767915964],[8.887915611,3.767637968],[8.888471603,3.767637968],[8.888471603,3.767359972],[8.889304161,3.767359972],[8.889304161,3.767083883],[8.889860153,3.767083883],[8.889860153,3.766805887],[8.890137672,3.766805887],[8.890137672,3.766527891],[8.890693665,3.766527891],[8.890693665,3.766249895],[8.891249657,3.766249895],[8.891249657,3.765971899],[8.892082214,3.765971899],[8.892082214,3.766249895],[8.892359734,3.766249895],[8.892359734,3.766527891],[8.894028664,3.766527891],[8.894028664,3.766249895],[8.894861221,3.766249895],[8.894861221,3.765971899],[8.895694733,3.765971899],[8.895694733,3.765693903],[8.895973206,3.765693903],[8.895973206,3.765415907],[8.896529198,3.765415907],[8.896529198,3.765137911],[8.89680481,3.765137911],[8.89680481,3.764862061],[8.897360802,3.764862061],[8.897360802,3.765137911],[8.898470879,3.765137911],[8.898470879,3.764862061],[8.898751259,3.764862061],[8.898751259,3.764584064],[8.899026871,3.764584064],[8.899026871,3.764306068],[8.899305344,3.764306068],[8.899305344,3.764028072],[8.900417328,3.764028072],[8.900417328,3.763750076],[8.900694847,3.763750076],[8.900694847,3.76347208],[8.90097332,3.76347208],[8.90097332,3.762638092],[8.901248932,3.762638092],[8.901248932,3.760694027],[8.901527405,3.760694027],[8.901527405,3.760139942],[8.901804924,3.760139942],[8.901804924,3.759861946],[8.902083397,3.759861946],[8.902083397,3.759305954],[8.902360916,3.759305954],[8.902360916,3.759027958],[8.902639389,3.759027958],[8.902639389,3.758749962],[8.902916908,3.758749962],[8.902916908,3.758193016],[8.903195381,3.758193016],[8.903195381,3.757639885],[8.903470993,3.757639885],[8.903470993,3.756804943],[8.903751373,3.756804943],[8.903751373,3.756248951],[8.904026985,3.756248951],[8.904026985,3.755970955],[8.904305458,3.755970955],[8.904305458,3.755692959],[8.905693054,3.755692959],[8.905693054,3.755139112],[8.90874958,3.755139112],[8.90874958,3.754861116],[8.909861565,3.754861116],[8.909861565,3.754582882],[8.910415649,3.754582882],[8.910415649,3.754304886],[8.910694122,3.754304886],[8.910694122,3.75402689]]],[[[8.909028053,3.761250019],[8.909028053,3.760694027],[8.909305573,3.760694027],[8.909305573,3.760139942],[8.909584045,3.760139942],[8.909584045,3.759861946],[8.909861565,3.759861946],[8.909861565,3.759305954],[8.910140038,3.759305954],[8.910140038,3.759027958],[8.910415649,3.759027958],[8.910415649,3.758471966],[8.910694122,3.758471966],[8.910694122,3.758193016],[8.909028053,3.758193016],[8.909028053,3.757917881],[8.907084465,3.757917881],[8.907084465,3.758193016],[8.906805992,3.758193016],[8.906805992,3.758471966],[8.906526566,3.758471966],[8.906526566,3.759861946],[8.906805992,3.759861946],[8.906805992,3.760139942],[8.907084465,3.760139942],[8.907084465,3.760417938],[8.907640457,3.760417938],[8.907640457,3.760694027],[8.907917976,3.760694027],[8.907917976,3.760972023],[8.908193588,3.760972023],[8.908193588,3.761250019],[8.909028053,3.761250019]]]]},"properties":{"name":"Bioko Norte","mapcolor":2,"cartodb_id":2}},{"type":"Feature","geometry":{"type":"MultiPolygon","coordinates":[[[[8.795367241,3.409028053],[8.795139313,3.409028053],[8.795139313,3.408677101],[8.795139313,3.408471107],[8.795004845,3.408471107],[8.79486084,3.408471107],[8.79486084,3.408247948],[8.79486084,3.406527042],[8.795139313,3.406527042],[8.795139313,3.406249046],[8.793748856,3.406249046],[8.793748856,3.40597105],[8.793409348,3.406014919],[8.793473244,3.405416965],[8.793194771,3.405416965],[8.793194771,3.405138969],[8.792823792,3.405138969],[8.792638779,3.405138969],[8.792638779,3.404860973],[8.792082787,3.404860973],[8.792082787,3.404582977],[8.791526794,3.404582977],[8.791526794,3.404304981],[8.79069519,3.404304981],[8.79069519,3.404026985],[8.789583206,3.404026985],[8.789583206,3.403748989],[8.787638664,3.403748989],[8.787638664,3.403470993],[8.787082672,3.403470993],[8.787082672,3.402916908],[8.786804199,3.402916908],[8.786804199,3.402360916],[8.786528587,3.402360916],[8.786528587,3.40208292],[8.786251068,3.40208292],[8.786251068,3.401526928],[8.785972595,3.401526928],[8.785972595,3.400973082],[8.78513813,3.400973082],[8.78513813,3.400695086],[8.784863472,3.400695086],[8.784863472,3.400417089],[8.784582138,3.400417089],[8.784582138,3.400139093],[8.784306526,3.400139093],[8.784306526,3.399861097],[8.784028053,3.399861097],[8.784028053,3.399583101],[8.783472061,3.399583101],[8.783472061,3.399305105],[8.782637596,3.399305105],[8.782637596,3.399027109],[8.782360077,3.399027109],[8.782360077,3.39875102],[8.782084465,3.39875102],[8.782084465,3.398473024],[8.781805992,3.398473024],[8.781805992,3.398195028],[8.780694008,3.398195028],[8.780694008,3.398473024],[8.780138016,3.398473024],[8.780136108,3.398683071],[8.778471947,3.39875102],[8.778471947,3.399027109],[8.777915955,3.399027109],[8.777915955,3.399305105],[8.775416374,3.399305105],[8.775416374,3.399027109],[8.774862289,3.399027109],[8.774862289,3.39875102],[8.774583817,3.39875102],[8.774583817,3.398473024],[8.773193359,3.398473024],[8.773193359,3.398195028],[8.772084236,3.398195028],[8.772084236,3.397917032],[8.77180481,3.397917032],[8.77180481,3.397639036],[8.770971298,3.397639036],[8.770971298,3.39736104],[8.770415306,3.39736104],[8.770415306,3.397083044],[8.770138741,3.397083044],[8.770138741,3.39736104],[8.769861221,3.39736104],[8.769861221,3.396805048],[8.769582748,3.396805048],[8.769582748,3.396528959],[8.769026756,3.396528959],[8.769026756,3.396250963],[8.768472672,3.396250963],[8.768472672,3.395694971],[8.768195152,3.395694971],[8.768195152,3.395416975],[8.767916679,3.395416975],[8.767916679,3.394860029],[8.76763916,3.394860029],[8.76763916,3.394582033],[8.767360687,3.394582033],[8.767360687,3.394304037],[8.767083168,3.394304037],[8.767083168,3.394028902],[8.766804695,3.394028902],[8.766804695,3.393471956],[8.766248703,3.393471956],[8.766248703,3.39319396],[8.765973091,3.39319396],[8.765973091,3.392637968],[8.765694618,3.392637968],[8.765694618,3.392083883],[8.765417099,3.392083883],[8.765417099,3.391805887],[8.765138626,3.391805887],[8.765138626,3.390137911],[8.764861107,3.390137911],[8.764861107,3.389584064],[8.764582634,3.389584064],[8.764582634,3.38847208],[8.764861107,3.38847208],[8.764861107,3.387916088],[8.764582634,3.387916088],[8.764582634,3.387362003],[8.764305115,3.387362003],[8.764305115,3.384861946],[8.764582634,3.384861946],[8.764582634,3.384305954],[8.764861107,3.384305954],[8.764861107,3.384027958],[8.765138626,3.384027958],[8.765138626,3.38319397],[8.765694618,3.38319397],[8.765694618,3.382917881],[8.765973091,3.382917881],[8.765973091,3.382361889],[8.766248703,3.382361889],[8.766248703,3.382083893],[8.766527176,3.382102013],[8.766527176,3.381248951],[8.766853333,3.381263018],[8.766804695,3.380970955],[8.766929626,3.380970955],[8.767083168,3.380970955],[8.767083168,3.380418062],[8.767360687,3.380418062],[8.767360687,3.379861116],[8.76763916,3.379861116],[8.76763916,3.379304886],[8.767916679,3.379304886],[8.767916679,3.378470898],[8.768195152,3.378470898],[8.768195152,3.377917051],[8.768472672,3.377917051],[8.768472672,3.376805067],[8.768749237,3.376805067],[8.768749237,3.376527071],[8.769026756,3.376527071],[8.769026756,3.375972986],[8.769582748,3.375972986],[8.769582748,3.375138998],[8.769861221,3.375138998],[8.769861221,3.374861002],[8.770415306,3.374861002],[8.770415306,3.374583006],[8.770695686,3.374583006],[8.770695686,3.374027014],[8.770971298,3.374027014],[8.770971298,3.373472929],[8.771248817,3.373472929],[8.771248817,3.373194933],[8.77152729,3.373194933],[8.77152729,3.371529102],[8.77180481,3.371526957],[8.77180481,3.368751049],[8.772084236,3.368751049],[8.772084236,3.368195057],[8.772361755,3.368195057],[8.772361755,3.367082119],[8.772640228,3.367082119],[8.772640228,3.365694046],[8.772917747,3.365694046],[8.772917747,3.364860058],[8.772640228,3.364860058],[8.772640228,3.364582062],[8.772917747,3.364582062],[8.772917747,3.363193989],[8.772640228,3.363193989],[8.772640228,3.362637997],[8.772084236,3.362637997],[8.772084236,3.362361908],[8.77180481,3.362361908],[8.77180481,3.361805916],[8.771248817,3.361805916],[8.771248817,3.360693932],[8.770971298,3.360693932],[8.770971298,3.359306097],[8.77152729,3.359306097],[8.77152729,3.359028101],[8.77180481,3.359028101],[8.77180481,3.358750105],[8.772361755,3.358750105],[8.772361755,3.358194113],[8.772640228,3.358194113],[8.772640228,3.357084036],[8.772361755,3.357084036],[8.772361755,3.355972052],[8.772640228,3.355972052],[8.772640228,3.354305983],[8.772361755,3.354305983],[8.772361755,3.354027033],[8.772084236,3.354027033],[8.772084236,3.353749037],[8.77180481,3.353749037],[8.77180481,3.353471041],[8.77152729,3.353471041],[8.77152729,3.35291791],[8.771248817,3.35291791],[8.771248817,3.351804972],[8.770971298,3.351804972],[8.770971298,3.350416899],[8.772640228,3.350416899],[8.772640228,3.350138903],[8.772917747,3.350138903],[8.772917747,3.349860907],[8.773193359,3.349860907],[8.773193359,3.349304914],[8.772917747,3.349304914],[8.772917747,3.348195076],[8.772640228,3.348195076],[8.772640228,3.346805096],[8.772361755,3.346805096],[8.772361755,3.3465271],[8.772640228,3.3465271],[8.772640228,3.346251011],[8.772361755,3.346251011],[8.772361755,3.345973015],[8.772640228,3.345973015],[8.772640228,3.345417023],[8.772361755,3.345417023],[8.772361755,3.344583035],[8.772640228,3.344583035],[8.772640228,3.343194962],[8.772361755,3.343194962],[8.772361755,3.342360973],[8.772084236,3.342360973],[8.772084236,3.341804028],[8.77180481,3.341804028],[8.77180481,3.341528893],[8.77152729,3.341528893],[8.77152729,3.340694904],[8.771248817,3.340694904],[8.771248817,3.340415955],[8.770971298,3.340415955],[8.770971298,3.340137959],[8.770651817,3.340150118],[8.770695686,3.339581966],[8.770492554,3.339581966],[8.770415306,3.339581966],[8.770415306,3.339283943],[8.770415306,3.338749886],[8.770695686,3.338749886],[8.770695686,3.336806059],[8.770138741,3.336806059],[8.770138741,3.336528063],[8.769659042,3.336528063],[8.769582748,3.336528063],[8.769582748,3.336250067],[8.769305229,3.336250067],[8.769305229,3.335694075],[8.769026756,3.335694075],[8.769026756,3.334860086],[8.768749237,3.334860086],[8.768749237,3.334306002],[8.769026756,3.334306002],[8.769026756,3.333472013],[8.768749237,3.333472013],[8.768749237,3.331805944],[8.768472672,3.331805944],[8.768472672,3.330971956],[8.768749237,3.330971956],[8.768749237,3.329583883],[8.768472672,3.329583883],[8.768472672,3.329027891],[8.768195152,3.329027891],[8.768195152,3.328471899],[8.76763916,3.328471899],[8.76763916,3.328192949],[8.76734066,3.328200102],[8.767360687,3.327640057],[8.76718998,3.327640057],[8.766804695,3.327640057],[8.766804695,3.326510906],[8.766527176,3.326527119],[8.766527176,3.326248884],[8.765973091,3.326248884],[8.765973091,3.325970888],[8.765417099,3.325970888],[8.765417099,3.325417042],[8.765138626,3.325417042],[8.765138626,3.325139046],[8.764861107,3.325139046],[8.764861107,3.324305058],[8.764582634,3.324305058],[8.764582634,3.321527004],[8.764861107,3.321527004],[8.764861107,3.320416927],[8.765138626,3.320416927],[8.765138626,3.319972992],[8.765138626,3.319026947],[8.764861107,3.319026947],[8.764861107,3.318195105],[8.764582634,3.318195105],[8.764582634,3.318026066],[8.764582634,3.317917109],[8.764305115,3.317917109],[8.764305115,3.317486048],[8.764305115,3.317082882],[8.764072418,3.317082882],[8.76375103,3.317082882],[8.76375103,3.316529036],[8.763472557,3.316529036],[8.763472557,3.31625104],[8.763195038,3.31625104],[8.763195038,3.315695047],[8.762916565,3.315695047],[8.762916565,3.315139055],[8.762360573,3.315139055],[8.762360573,3.314861059],[8.762083054,3.314861059],[8.762083054,3.314582109],[8.760972977,3.314582109],[8.760972977,3.314304113],[8.760416985,3.314304113],[8.760416985,3.314028978],[8.760139465,3.314028978],[8.760139465,3.313472986],[8.759581566,3.313472986],[8.759581566,3.31291604],[8.759306908,3.31291604],[8.759306908,3.312360048],[8.759025574,3.312360048],[8.759025574,3.311805964],[8.758750916,3.311805964],[8.758750916,3.311249971],[8.758473396,3.311249971],[8.758473396,3.310693979],[8.75819397,3.310693979],[8.75819397,3.310415983],[8.757916451,3.310415983],[8.757916451,3.310137987],[8.757637978,3.310137987],[8.757637978,3.309583902],[8.757081985,3.309581995],[8.757081985,3.30902791],[8.756806374,3.30902791],[8.756806374,3.308471918],[8.756250381,3.308471918],[8.756250381,3.307915926],[8.755971909,3.307915926],[8.755971909,3.30763793],[8.755140305,3.30763793],[8.755140305,3.30736208],[8.753472328,3.30736208],[8.753472328,3.307084084],[8.752637863,3.307084084],[8.752637863,3.306806087],[8.751527786,3.306806087],[8.751527786,3.306528091],[8.751250267,3.306528091],[8.751250267,3.305694103],[8.750971794,3.305694103],[8.750971794,3.303750038],[8.750694275,3.303750038],[8.750694275,3.303194046],[8.750415802,3.303194046],[8.750415802,3.302639961],[8.75014019,3.302639961],[8.75014019,3.302361965],[8.74985981,3.302361965],[8.74985981,3.302083969],[8.749584198,3.302083969],[8.749584198,3.301805973],[8.749305725,3.301805973],[8.749305725,3.301527977],[8.749028206,3.301527977],[8.749028206,3.301249981],[8.748749733,3.301249981],[8.748749733,3.300693035],[8.748472214,3.300693035],[8.748472214,3.300415039],[8.748193741,3.300415039],[8.748193741,3.299304962],[8.747916222,3.299304962],[8.747916222,3.299026966],[8.747639656,3.299026966],[8.747639656,3.298470974],[8.747362137,3.298470974],[8.747362137,3.297638893],[8.747083664,3.297638893],[8.747083664,3.296804905],[8.746806145,3.296804905],[8.746806145,3.296248913],[8.746527672,3.296248913],[8.746527672,3.295970917],[8.745973587,3.295970917],[8.745973587,3.295695066],[8.745417595,3.295695066],[8.745417595,3.29541707],[8.745140076,3.29541707],[8.745140076,3.295139074],[8.74458313,3.295139074],[8.74458313,3.294583082],[8.744027138,3.294583082],[8.744027138,3.294305086],[8.743748665,3.294305086],[8.743748665,3.293751001],[8.74319458,3.293751001],[8.74319458,3.293195009],[8.742917061,3.293195009],[8.742917061,3.292917013],[8.742638588,3.292917013],[8.742638588,3.292639017],[8.742361069,3.292639017],[8.742361069,3.292361021],[8.741805077,3.292361021],[8.741805077,3.292083025],[8.740973473,3.292083025],[8.740973473,3.291527033],[8.740416527,3.291527033],[8.740416527,3.290416956],[8.740139008,3.290416956],[8.740139008,3.289860964],[8.739860535,3.289860964],[8.739860535,3.289582968],[8.739583015,3.289582968],[8.739583015,3.289304972],[8.739304543,3.289304972],[8.739304543,3.289028883],[8.738751411,3.289028883],[8.738751411,3.288750887],[8.737916946,3.288750887],[8.737916946,3.288472891],[8.737360954,3.288472891],[8.737360954,3.287916899],[8.737083435,3.287916899],[8.737083435,3.287359953],[8.736527443,3.287359953],[8.736527443,3.28680706],[8.736250877,3.28680706],[8.736250877,3.286251068],[8.735973358,3.286251068],[8.735973358,3.285972118],[8.735694885,3.285972118],[8.735694885,3.285415888],[8.735417366,3.285415888],[8.735417366,3.284859896],[8.734861374,3.284859896],[8.734861374,3.2845819],[8.734582901,3.2845819],[8.734582901,3.284028053],[8.734028816,3.284028053],[8.734028816,3.283750057],[8.733751297,3.283750057],[8.733751297,3.283472061],[8.733472824,3.283472061],[8.733472824,3.282916069],[8.733195305,3.282916069],[8.733195305,3.282638073],[8.732916832,3.282638073],[8.732916832,3.282083988],[8.732639313,3.282083988],[8.732639313,3.281805992],[8.732082367,3.281805992],[8.732082367,3.281527996],[8.730137825,3.281527996],[8.730137825,3.28125],[8.729860306,3.28125],[8.729860306,3.280972004],[8.72958374,3.280972004],[8.72958374,3.280416012],[8.729304314,3.280416012],[8.729304314,3.279583931],[8.729027748,3.279583931],[8.729027748,3.278471947],[8.728750229,3.278471947],[8.728750229,3.277915955],[8.728194237,3.277915955],[8.728194237,3.277640104],[8.727915764,3.277640104],[8.727915764,3.277084112],[8.727359772,3.277084112],[8.727359772,3.276527882],[8.72708416,3.276527882],[8.72708416,3.276249886],[8.726805687,3.276249886],[8.726805687,3.275971889],[8.726528168,3.275971889],[8.726528168,3.275693893],[8.725972176,3.275693893],[8.725972176,3.275415897],[8.725693703,3.275415897],[8.725693703,3.275140047],[8.725137711,3.275140047],[8.725137711,3.274862051],[8.724583626,3.274862051],[8.724583626,3.274584055],[8.724027634,3.274584055],[8.724027634,3.274306059],[8.723750114,3.274306059],[8.723750114,3.274028063],[8.723471642,3.274028063],[8.723471642,3.274306059],[8.723194122,3.274306059],[8.723194122,3.274028063],[8.722084045,3.274028063],[8.722084045,3.273749113],[8.720972061,3.273749113],[8.720972061,3.273471117],[8.720693588,3.273471117],[8.720693588,3.27263999],[8.720136642,3.27263999],[8.720136642,3.271527052],[8.719861984,3.271527052],[8.719861984,3.271249056],[8.719584465,3.271249056],[8.719584465,3.270694971],[8.719028473,3.270694971],[8.719028473,3.270416975],[8.718470573,3.270416975],[8.718470573,3.269860983],[8.718193054,3.269860983],[8.718193054,3.269582987],[8.717918396,3.269582987],[8.717918396,3.269304991],[8.717639923,3.269304991],[8.717639923,3.269026995],[8.717082977,3.269026995],[8.717082977,3.268748999],[8.716805458,3.268748999],[8.716805458,3.268194914],[8.716252327,3.268194914],[8.716252327,3.267638922],[8.715970993,3.267638922],[8.715970993,3.26708293],[8.715416908,3.26708293],[8.715416908,3.266526937],[8.715139389,3.266526937],[8.715139389,3.266248941],[8.714860916,3.266248941],[8.714860916,3.265973091],[8.714583397,3.265973091],[8.714583397,3.265695095],[8.714027405,3.265695095],[8.714027405,3.265417099],[8.713748932,3.265417099],[8.713748932,3.265139103],[8.71347332,3.265139103],[8.71347332,3.264861107],[8.713194847,3.264861107],[8.713194847,3.264583111],[8.712917328,3.264583111],[8.712917328,3.26375103],[8.712638855,3.26375103],[8.712638855,3.263473034],[8.712361336,3.263473034],[8.712361336,3.262639046],[8.712082863,3.262639046],[8.712082863,3.262083054],[8.711805344,3.262083054],[8.711805344,3.260972977],[8.711526871,3.260972977],[8.711526871,3.257915974],[8.711251259,3.257915974],[8.711251259,3.256805897],[8.710695267,3.256805897],[8.710695267,3.256249905],[8.710139275,3.256249905],[8.710139275,3.255415916],[8.709860802,3.255415916],[8.709860802,3.25513792],[8.70930481,3.25513792],[8.70930481,3.254859924],[8.709029198,3.254859924],[8.709029198,3.254584074],[8.708748817,3.254584074],[8.708748817,3.254306078],[8.708473206,3.254306078],[8.708473206,3.253750086],[8.708194733,3.253750086],[8.708194733,3.252084017],[8.707917213,3.252084017],[8.707917213,3.251250029],[8.707638741,3.251250029],[8.707638741,3.250694036],[8.707082748,3.250694036],[8.707082748,3.250139952],[8.706805229,3.250138044],[8.706805229,3.249861956],[8.706251144,3.249861956],[8.706251144,3.24958396],[8.705695152,3.24958396],[8.705695152,3.249305964],[8.705416679,3.249305964],[8.705416679,3.248749971],[8.704859734,3.248749971],[8.704859734,3.248193979],[8.704582214,3.248193979],[8.704582214,3.247917891],[8.704029083,3.247917891],[8.704029083,3.247361898],[8.703749657,3.247361898],[8.703749657,3.247083902],[8.703193665,3.247083902],[8.703193665,3.246526957],[8.702916145,3.246526957],[8.702916145,3.24624896],[8.702637672,3.24624896],[8.702637672,3.245692968],[8.702360153,3.245692968],[8.702360153,3.245418072],[8.702083588,3.245418072],[8.702083588,3.245138884],[8.701804161,3.245138884],[8.701804161,3.244582891],[8.701527596,3.244582891],[8.701527596,3.244026899],[8.701250076,3.244026899],[8.701250076,3.243748903],[8.700971603,3.243748903],[8.700971603,3.243473053],[8.700138092,3.243470907],[8.700138092,3.242917061],[8.699861526,3.242917061],[8.699861526,3.242639065],[8.6995821,3.242639065],[8.6995821,3.242083073],[8.699305534,3.242083073],[8.699305534,3.241805077],[8.699028015,3.241805077],[8.699028015,3.240695],[8.698749542,3.240695],[8.698749542,3.239027023],[8.698472023,3.239027023],[8.698472023,3.237916946],[8.698749542,3.237916946],[8.698749542,3.23763895],[8.698472023,3.23763895],[8.698472023,3.236804962],[8.698749542,3.236804962],[8.698749542,3.236529112],[8.699028015,3.236526966],[8.699028015,3.235972881],[8.699305534,3.235972881],[8.699305534,3.235694885],[8.6995821,3.235694885],[8.6995821,3.233195066],[8.699305534,3.233195066],[8.699305534,3.232916117],[8.697637558,3.232916117],[8.697637558,3.232637882],[8.696528435,3.232637882],[8.696528435,3.232359886],[8.696249962,3.232359886],[8.696249962,3.23208189],[8.695972443,3.23208189],[8.695972443,3.231250048],[8.695695877,3.231250048],[8.695695877,3.230972052],[8.695972443,3.230972052],[8.695972443,3.230138063],[8.695139885,3.230138063],[8.695139885,3.229583979],[8.694862366,3.229583979],[8.694862366,3.229305983],[8.694583893,3.229305983],[8.694583893,3.229027987],[8.694027901,3.229027987],[8.694027901,3.22874999],[8.693750381,3.22874999],[8.693750381,3.228471994],[8.692640305,3.228471994],[8.692640305,3.228193998],[8.692361832,3.228193998],[8.692361832,3.227916002],[8.692084312,3.227916002],[8.692084312,3.227638006],[8.69180584,3.227638006],[8.69180584,3.227083921],[8.691527367,3.227083921],[8.691527367,3.224028111],[8.691248894,3.224028111],[8.691248894,3.223750114],[8.690971375,3.223750114],[8.690971375,3.223472118],[8.690695763,3.223472118],[8.690695763,3.223193884],[8.690138817,3.223193884],[8.690138817,3.222915888],[8.689861298,3.222915888],[8.689861298,3.222640038],[8.689582825,3.222640038],[8.689582825,3.222362041],[8.689305305,3.222362041],[8.689305305,3.222084045],[8.689026833,3.222084045],[8.689026833,3.221528053],[8.688749313,3.221528053],[8.688749313,3.220972061],[8.68847084,3.220972061],[8.68847084,3.220693111],[8.688195229,3.220693111],[8.688195229,3.220417976],[8.687916756,3.220415115],[8.687916756,3.219861984],[8.687639236,3.219861984],[8.687639236,3.219583988],[8.687360764,3.219583988],[8.687360764,3.219305038],[8.686804771,3.219305038],[8.686804771,3.21847105],[8.68652916,3.21847105],[8.68652916,3.218195915],[8.685973167,3.218195915],[8.685973167,3.217917919],[8.685694695,3.217917919],[8.685694695,3.217638969],[8.685138702,3.217638969],[8.685138702,3.217360973],[8.684861183,3.217360973],[8.684861183,3.217082977],[8.68458271,3.217082977],[8.68458271,3.216804981],[8.684305191,3.216804981],[8.684305191,3.216248989],[8.684026718,3.216248989],[8.684026718,3.215970993],[8.683751106,3.215970993],[8.683751106,3.215694904],[8.683472633,3.215694904],[8.683472633,3.215138912],[8.682916641,3.215138912],[8.682916641,3.214860916],[8.682360649,3.214860916],[8.682360649,3.21458292],[8.68208313,3.21458292],[8.68208313,3.214304924],[8.681529045,3.214304924],[8.681529045,3.214026928],[8.681248665,3.214026928],[8.681248665,3.213748932],[8.680973053,3.213748932],[8.680973053,3.213473082],[8.68069458,3.213473082],[8.68069458,3.212917089],[8.680138588,3.212917089],[8.680138588,3.212361097],[8.679861069,3.212361097],[8.679861069,3.212083101],[8.679582596,3.212083101],[8.679582596,3.211805105],[8.679306984,3.211805105],[8.679306984,3.21125102],[8.67902565,3.21125102],[8.67902565,3.210695028],[8.678473473,3.210695028],[8.678473473,3.210139036],[8.677915573,3.210139036],[8.677915573,3.209955931],[8.677915573,3.20986104],[8.677638054,3.20986104],[8.677638054,3.209583044],[8.677359581,3.209583044],[8.677359581,3.209305048],[8.677082062,3.209305048],[8.677082062,3.209028959],[8.676807404,3.209028959],[8.676807404,3.208750963],[8.676250458,3.208750963],[8.676250458,3.209028959],[8.674860001,3.209028959],[8.674860001,3.209305048],[8.674305916,3.209305048],[8.674305916,3.209583044],[8.673472404,3.209583044],[8.673472404,3.20986104],[8.672637939,3.20986104],[8.672637939,3.210139036],[8.672362328,3.210139036],[8.672362328,3.210417032],[8.671527863,3.210417032],[8.671527863,3.210695028],[8.67097187,3.210695028],[8.67097187,3.210973024],[8.670694351,3.210973024],[8.670694351,3.21125102],[8.670415878,3.21125102],[8.670415878,3.211527109],[8.670140266,3.211527109],[8.670140266,3.211805105],[8.669584274,3.211805105],[8.669584274,3.212083101],[8.669305801,3.212083101],[8.669305801,3.212361097],[8.669028282,3.212361097],[8.669028282,3.212639093],[8.66847229,3.212639093],[8.66847229,3.212917089],[8.668193817,3.212917089],[8.668193817,3.213195086],[8.667916298,3.213195086],[8.667916298,3.213473082],[8.667362213,3.213473082],[8.667362213,3.213748932],[8.66708374,3.213748932],[8.66708374,3.214026928],[8.666527748,3.214026928],[8.666527748,3.214304924],[8.666250229,3.214304924],[8.666250229,3.215039015],[8.666250229,3.215416908],[8.665971756,3.215416908],[8.665971756,3.217360973],[8.665693283,3.217360973],[8.665693283,3.217638969],[8.66458416,3.217638969],[8.66458416,3.217917919],[8.663748741,3.217917919],[8.663748741,3.21847105],[8.663471222,3.21847105],[8.663471222,3.218749046],[8.66319561,3.218749046],[8.66319561,3.219027042],[8.662917137,3.219027042],[8.66291523,3.219305038],[8.662638664,3.219305038],[8.662638664,3.219583988],[8.662361145,3.219583988],[8.662361145,3.219861984],[8.661805153,3.219861984],[8.661805153,3.22013998],[8.661249161,3.22013998],[8.661249161,3.220415115],[8.660972595,3.220417976],[8.660972595,3.220693111],[8.660693169,3.220693111],[8.660693169,3.220972061],[8.660139084,3.220972061],[8.660139084,3.221250057],[8.658748627,3.221250057],[8.658748627,3.221528053],[8.657361031,3.221528053],[8.657361031,3.221806049],[8.657082558,3.221806049],[8.657082558,3.222084045],[8.656805038,3.222084045],[8.656805038,3.222362041],[8.656526566,3.222362041],[8.656526566,3.222640038],[8.656250954,3.222640038],[8.656250954,3.222915888],[8.655973434,3.222915888],[8.655973434,3.223193884],[8.655694962,3.223193884],[8.655694962,3.223472118],[8.655138969,3.223472118],[8.655138969,3.223750114],[8.653751373,3.223750114],[8.653751373,3.224028111],[8.652360916,3.224028111],[8.652360916,3.224306107],[8.652082443,3.224306107],[8.652082443,3.224584103],[8.651806831,3.224584103],[8.651806831,3.224862099],[8.65097332,3.224862099],[8.65097332,3.225137949],[8.650137901,3.225137949],[8.650137901,3.225415945],[8.649860382,3.225415945],[8.649860382,3.225693941],[8.64930439,3.225693941],[8.64930439,3.225971937],[8.649027824,3.225971937],[8.649027824,3.226249933],[8.648194313,3.226249933],[8.648194313,3.226527929],[8.647084236,3.226527929],[8.647084236,3.226805925],[8.646805763,3.226805925],[8.646805763,3.227083921],[8.646528244,3.227083921],[8.646528244,3.227361917],[8.646249771,3.227361917],[8.646249771,3.227638006],[8.645693779,3.227638006],[8.645693779,3.227916002],[8.645137787,3.227916002],[8.645137787,3.228193998],[8.644583702,3.228193998],[8.644583702,3.228471994],[8.64402771,3.228471994],[8.64402771,3.22874999],[8.643471718,3.22874999],[8.643471718,3.229027987],[8.642915726,3.229027987],[8.642915726,3.229305983],[8.642084122,3.229305983],[8.642084122,3.229583979],[8.641249657,3.229583979],[8.641249657,3.229860067],[8.640137672,3.229860067],[8.640137672,3.230138063],[8.639862061,3.230138063],[8.639862061,3.230416059],[8.63847065,3.230416059],[8.63847065,3.230694056],[8.63819313,3.230694056],[8.63819313,3.230972052],[8.637083054,3.230972052],[8.637083054,3.231250048],[8.636527061,3.231250048],[8.636527061,3.231528997],[8.635696411,3.231528997],[8.635696411,3.231806993],[8.635139465,3.231806993],[8.635139465,3.23208189],[8.634583473,3.23208189],[8.634583473,3.232359886],[8.633473396,3.232359886],[8.633473396,3.232637882],[8.632361412,3.232637882],[8.632361412,3.232916117],[8.631251335,3.232916117],[8.631251335,3.233195066],[8.630139351,3.233195066],[8.630139351,3.232916117],[8.629860878,3.232916117],[8.629860878,3.232637882],[8.629304886,3.232637882],[8.629304886,3.232916117],[8.629027367,3.232916117],[8.629027367,3.233195066],[8.628194809,3.233195066],[8.628194809,3.233473063],[8.626805305,3.233473063],[8.626805305,3.233751059],[8.625416756,3.233751059],[8.625416756,3.234029055],[8.623472214,3.234029055],[8.623472214,3.234303951],[8.622084618,3.234303951],[8.622084618,3.234029055],[8.621804237,3.234029055],[8.621804237,3.233473063],[8.621527672,3.233473063],[8.621527672,3.232637882],[8.621250153,3.232637882],[8.621250153,3.23208189],[8.62069416,3.23208189],[8.62069416,3.231528997],[8.620415688,3.231528997],[8.620415688,3.231250048],[8.619859695,3.231250048],[8.619859695,3.231528997],[8.618193626,3.231528997],[8.618193626,3.231806993],[8.617916107,3.231806993],[8.617916107,3.23208189],[8.617637634,3.23208189],[8.617637634,3.232637882],[8.617362022,3.232637882],[8.617362022,3.232916117],[8.617083549,3.232916117],[8.617083549,3.232637882],[8.61680603,3.232637882],[8.61680603,3.232359886],[8.615694046,3.232359886],[8.615694046,3.232637882],[8.615415573,3.232637882],[8.615415573,3.232916117],[8.614583969,3.232916117],[8.614583969,3.233195066],[8.614027977,3.233195066],[8.614027977,3.233473063],[8.61430645,3.233473063],[8.61430645,3.234582901],[8.613750458,3.234582901],[8.613750458,3.234860897],[8.6129179,3.234860897],[8.6129179,3.235138893],[8.611805916,3.235138893],[8.611805916,3.235416889],[8.610695839,3.235416889],[8.610695839,3.235694885],[8.610415459,3.235694885],[8.610415459,3.235972881],[8.610139847,3.235972881],[8.610139847,3.236251116],[8.609582901,3.236251116],[8.609582901,3.236526966],[8.609305382,3.236526966],[8.609305382,3.236804962],[8.609026909,3.236804962],[8.609026909,3.237082958],[8.608470917,3.237082958],[8.608470917,3.237360954],[8.608195305,3.237360954],[8.608195305,3.23763895],[8.607639313,3.23763895],[8.607639313,3.237916946],[8.607083321,3.237916946],[8.607083321,3.238194942],[8.606804848,3.238194942],[8.606804848,3.238472939],[8.606248856,3.238472939],[8.606248856,3.238750935],[8.605973244,3.238750935],[8.605973244,3.239027023],[8.605417252,3.239027023],[8.605417252,3.239305019],[8.605138779,3.239305019],[8.605138779,3.239583015],[8.602639198,3.239583015],[8.602639198,3.239861012],[8.602083206,3.239861012],[8.602083206,3.240139008],[8.601529121,3.240139008],[8.601529121,3.240417004],[8.600973129,3.240417004],[8.600973129,3.240695],[8.600417137,3.240695],[8.600417137,3.240972996],[8.599861145,3.240972996],[8.599861145,3.241249084],[8.599028587,3.241249084],[8.599028587,3.241527081],[8.598195076,3.241527081],[8.598195076,3.241805077],[8.59763813,3.241805077],[8.59763813,3.242083073],[8.597082138,3.242083073],[8.597082138,3.242361069],[8.596529007,3.242361069],[8.596529007,3.242639065],[8.596250534,3.242639065],[8.596250534,3.242917061],[8.595416069,3.242917061],[8.595416069,3.243195057],[8.595137596,3.243195057],[8.595137596,3.243470907],[8.594860077,3.243473053],[8.594860077,3.243748903],[8.594305992,3.243748903],[8.594305992,3.244026899],[8.59375,3.244026899],[8.59375,3.244304895],[8.593194008,3.244304895],[8.593194008,3.244582891],[8.592915535,3.244582891],[8.592915535,3.244860888],[8.592082024,3.244860888],[8.592082024,3.245138884],[8.591527939,3.245138884],[8.591527939,3.245418072],[8.590971947,3.245418072],[8.590971947,3.245692968],[8.590138435,3.245692968],[8.590138435,3.245970964],[8.589859962,3.245970964],[8.589859962,3.24624896],[8.589584351,3.24624896],[8.589584351,3.245970964],[8.589028358,3.245970964],[8.589028358,3.245692968],[8.588749886,3.245692968],[8.588749886,3.245418072],[8.587639809,3.245418072],[8.587639809,3.245138884],[8.58402729,3.245138884],[8.58402729,3.244860888],[8.583471298,3.244860888],[8.583471298,3.244582891],[8.583195686,3.244582891],[8.583195686,3.244860888],[8.582915306,3.244860888],[8.582915306,3.244582891],[8.577917099,3.244582891],[8.577917099,3.244304895],[8.576805115,3.244304895],[8.576805115,3.244582891],[8.574304581,3.244582891],[8.574304581,3.244860888],[8.573748589,3.244860888],[8.573748589,3.245138884],[8.573472977,3.245138884],[8.573472977,3.245418072],[8.572916985,3.245418072],[8.572916985,3.245692968],[8.572360992,3.245692968],[8.572360992,3.245970964],[8.571806908,3.245970964],[8.571806908,3.24624896],[8.568471909,3.24624896],[8.568471909,3.245970964],[8.568194389,3.245970964],[8.568194389,3.245692968],[8.567915916,3.245692968],[8.567915916,3.245418072],[8.567638397,3.245418072],[8.567638397,3.245138884],[8.567359924,3.245138884],[8.567359924,3.243195057],[8.56680584,3.243195057],[8.56680584,3.242639065],[8.566249847,3.242639065],[8.566249847,3.242361069],[8.565972328,3.242361069],[8.565972328,3.242083073],[8.565693855,3.242083073],[8.565693855,3.241805077],[8.565416336,3.241805077],[8.565416336,3.241249084],[8.565137863,3.241249084],[8.565137863,3.240972996],[8.564862251,3.240972996],[8.564862251,3.240695],[8.564583778,3.240695],[8.564583778,3.240417004],[8.564306259,3.240417004],[8.564306259,3.239861012],[8.563750267,3.239861012],[8.563750267,3.239583015],[8.563471794,3.239583015],[8.563471794,3.239305019],[8.562915802,3.239305019],[8.562915802,3.239027023],[8.56264019,3.239027023],[8.56264019,3.238750935],[8.56235981,3.238750935],[8.56235981,3.239027023],[8.557917595,3.239027023],[8.557917595,3.239305019],[8.557640076,3.239305019],[8.557640076,3.239583015],[8.556804657,3.239583015],[8.556804657,3.239861012],[8.555971146,3.239861012],[8.555971146,3.240139008],[8.555695534,3.240139008],[8.555695534,3.240417004],[8.555418015,3.240417004],[8.555418015,3.240695],[8.554861069,3.240695],[8.554861069,3.240972996],[8.554582596,3.240972996],[8.554582596,3.241249084],[8.554305077,3.241249084],[8.554305077,3.241527081],[8.554026604,3.241527081],[8.554026604,3.241805077],[8.553473473,3.241805077],[8.553473473,3.242083073],[8.552639008,3.242083073],[8.552639008,3.242361069],[8.551527023,3.242361069],[8.551527023,3.242639065],[8.550139427,3.242639065],[8.550139427,3.242917061],[8.546805382,3.242917061],[8.546805382,3.243195057],[8.545139313,3.243195057],[8.545139313,3.243470907],[8.54486084,3.243473053],[8.54486084,3.243748903],[8.544582367,3.243748903],[8.544582367,3.244026899],[8.544306755,3.244026899],[8.544306755,3.244304895],[8.544026375,3.244304895],[8.544026375,3.244582891],[8.543750763,3.244582891],[8.543750763,3.244860888],[8.543473244,3.244860888],[8.543473244,3.245138884],[8.542916298,3.245138884],[8.542916298,3.245418072],[8.542360306,3.245418072],[8.542360306,3.245692968],[8.541804314,3.245692968],[8.541804314,3.245970964],[8.541527748,3.245970964],[8.541527748,3.24624896],[8.540971756,3.24624896],[8.540971756,3.246526957],[8.540415764,3.246526957],[8.540415764,3.246805906],[8.539305687,3.246805906],[8.539305687,3.247083902],[8.538472176,3.247083902],[8.538472176,3.247361898],[8.537362099,3.247361898],[8.537362099,3.247639894],[8.536806107,3.247639894],[8.536806107,3.247917891],[8.536250114,3.247917891],[8.536250114,3.248193979],[8.535694122,3.248193979],[8.535694122,3.248471975],[8.535415649,3.248471975],[8.535415649,3.248749971],[8.535140038,3.248749971],[8.535140038,3.249027967],[8.534584045,3.249027967],[8.534584045,3.249305964],[8.534305573,3.249305964],[8.534305573,3.24958396],[8.53374958,3.24958396],[8.53374958,3.249861956],[8.533472061,3.249861956],[8.533472061,3.250138044],[8.531528473,3.250139952],[8.531528473,3.25041604],[8.53125,3.25041604],[8.53125,3.250694036],[8.530693054,3.250694036],[8.530693054,3.250972033],[8.530139923,3.250972033],[8.530139923,3.251250029],[8.529583931,3.251250029],[8.529583931,3.251528025],[8.529026985,3.251528025],[8.529026985,3.251806021],[8.528749466,3.251806021],[8.528749466,3.252084017],[8.528470993,3.252084017],[8.528470993,3.252362013],[8.525694847,3.252362013],[8.525694847,3.252638102],[8.525138855,3.252638102],[8.525138855,3.252916098],[8.524861336,3.252916098],[8.524861336,3.253194094],[8.524305344,3.253194094],[8.524305344,3.25347209],[8.524026871,3.25347209],[8.524026871,3.253750086],[8.523195267,3.253750086],[8.523195267,3.254028082],[8.522360802,3.254028082],[8.522360802,3.254306078],[8.520694733,3.254306078],[8.520694733,3.254584074],[8.519305229,3.254584074],[8.519305229,3.254859924],[8.519028664,3.254859924],[8.519028664,3.25513792],[8.518751144,3.25513792],[8.518751144,3.255415916],[8.51763916,3.255415916],[8.51763916,3.255693913],[8.517082214,3.255693913],[8.517082214,3.255971909],[8.515973091,3.255971909],[8.515973091,3.256249905],[8.514860153,3.256249905],[8.514860153,3.256527901],[8.514304161,3.256527901],[8.514304161,3.256805897],[8.513194084,3.256805897],[8.513194084,3.257083893],[8.5120821,3.257083893],[8.5120821,3.257359982],[8.51069355,3.257359982],[8.51069355,3.257637978],[8.506806374,3.257637978],[8.506806374,3.257915974],[8.502082825,3.257915974],[8.502082825,3.257637978],[8.501526833,3.257637978],[8.501526833,3.257359982],[8.500693321,3.257359982],[8.500693321,3.257083893],[8.499860764,3.257083893],[8.499860764,3.256805897],[8.499583244,3.256805897],[8.499583244,3.255693913],[8.499304771,3.255693913],[8.499304771,3.255415916],[8.499027252,3.255415916],[8.499027252,3.25513792],[8.498748779,3.25513792],[8.498748779,3.254859924],[8.497361183,3.254859924],[8.497361183,3.25513792],[8.496805191,3.25513792],[8.496805191,3.255415916],[8.496251106,3.255415916],[8.496251106,3.255693913],[8.495695114,3.255693913],[8.495695114,3.255971909],[8.495416641,3.255971909],[8.495416641,3.256249905],[8.494860649,3.256249905],[8.494860649,3.256527901],[8.49458313,3.256527901],[8.49458313,3.257083893],[8.494304657,3.257083893],[8.494304657,3.257359982],[8.494029045,3.257359982],[8.494029045,3.257637978],[8.493473053,3.257637978],[8.493473053,3.257915974],[8.492082596,3.257915974],[8.492082596,3.25819397],[8.490416527,3.25819397],[8.490416527,3.258471966],[8.489859581,3.258471966],[8.489859581,3.258749962],[8.486528397,3.258749962],[8.486528397,3.25819397],[8.486249924,3.25819397],[8.486249924,3.257915974],[8.485693932,3.257915974],[8.485693932,3.25819397],[8.485416412,3.25819397],[8.485416412,3.258471966],[8.485137939,3.258471966],[8.485137939,3.258749962],[8.484862328,3.258749962],[8.484862328,3.259306908],[8.483750343,3.259306908],[8.483750343,3.259582043],[8.483194351,3.259582043],[8.483194351,3.259860039],[8.481805801,3.259860039],[8.481805801,3.260138035],[8.481249809,3.260138035],[8.481249809,3.260416985],[8.480693817,3.260416985],[8.480693817,3.260694981],[8.479306221,3.260694981],[8.479306221,3.260972977],[8.479027748,3.260972977],[8.479027748,3.261528969],[8.477640152,3.261528969],[8.477640152,3.261805058],[8.477361679,3.261805058],[8.477361679,3.262083054],[8.476528168,3.262083054],[8.476528168,3.26236105],[8.475797653,3.26236105],[8.475418091,3.26236105],[8.47541523,3.262639046],[8.474861145,3.262639046],[8.474861145,3.262917042],[8.474305153,3.262917042],[8.474308014,3.263199091],[8.47402668,3.263195038],[8.47402668,3.263356924],[8.47402668,3.263473034],[8.473749161,3.263473034],[8.473749161,3.26375103],[8.473193169,3.26375103],[8.473193169,3.263823986],[8.473193169,3.264027119],[8.472830772,3.264027119],[8.472360611,3.264027119],[8.472360611,3.264305115],[8.472083092,3.264305115],[8.472083092,3.264447927],[8.472083092,3.264583111],[8.471843719,3.264583111],[8.4715271,3.264583111],[8.471500397,3.264796972],[8.471346855,3.264861107],[8.470971107,3.264861107],[8.470971107,3.265073061],[8.470971107,3.265417099],[8.470357895,3.265417099],[8.47013855,3.265417099],[8.47013855,3.265539885],[8.47013855,3.265695095],[8.469865799,3.265695095],[8.469582558,3.265695095],[8.469582558,3.265851974],[8.469582558,3.265973091],[8.469305038,3.265973091],[8.469305038,3.266248941],[8.468999863,3.266252995],[8.469026566,3.266526937],[8.468750954,3.266526937],[8.468750954,3.266804934],[8.468473434,3.266804934],[8.468473434,3.26708293],[8.467638969,3.26708293],[8.467638969,3.267360926],[8.46736145,3.267360926],[8.46736145,3.267638922],[8.466528893,3.267638922],[8.466528893,3.267916918],[8.465909004,3.267916918],[8.465139389,3.267916918],[8.46513176,3.268249989],[8.464687347,3.268194914],[8.464035988,3.268194914],[8.464026451,3.26847291],[8.463194847,3.26847291],[8.463194847,3.268748999],[8.462917328,3.268748999],[8.462917328,3.270138979],[8.462360382,3.270138979],[8.462360382,3.270416975],[8.460971832,3.270416975],[8.460971832,3.270138979],[8.460138321,3.270138979],[8.460138321,3.269860983],[8.459305763,3.269860983],[8.459305763,3.269304991],[8.459028244,3.269304991],[8.459028244,3.269026995],[8.457627296,3.269026995],[8.457362175,3.269026995],[8.457362175,3.269304991],[8.457263947,3.269304991],[8.455694199,3.269304991],[8.455694199,3.269026995],[8.453472137,3.269026995],[8.453472137,3.269304991],[8.452918053,3.269304991],[8.452918053,3.269582987],[8.452362061,3.269582987],[8.452362061,3.269860983],[8.451806068,3.269860983],[8.451806068,3.270138979],[8.451527596,3.270138979],[8.451527596,3.271249056],[8.451250076,3.271249056],[8.451250076,3.271805048],[8.450971603,3.271805048],[8.450971603,3.272083044],[8.450694084,3.272083044],[8.450694084,3.27236104],[8.449305534,3.27236104],[8.449305534,3.272083044],[8.447917938,3.272083044],[8.447917938,3.27236104],[8.447639465,3.27236104],[8.447639465,3.27263999],[8.447360992,3.27263999],[8.447360992,3.273192883],[8.447083473,3.273195982],[8.447083473,3.273471117],[8.446805,3.273471117],[8.446805,3.273749113],[8.445693016,3.273749113],[8.445693016,3.274028063],[8.445417404,3.274028063],[8.445417404,3.274306059],[8.444861412,3.274306059],[8.444861412,3.274584055],[8.44430542,3.274584055],[8.44430542,3.274862051],[8.444026947,3.274862051],[8.444026947,3.275140047],[8.443751335,3.275140047],[8.443751335,3.275415897],[8.443470955,3.275415897],[8.443470955,3.275693893],[8.443195343,3.275693893],[8.443195343,3.275971889],[8.44291687,3.275971889],[8.44291687,3.276527882],[8.442639351,3.276527882],[8.442639351,3.276806116],[8.442360878,3.276806116],[8.442360878,3.277640104],[8.442083359,3.277640104],[8.442083359,3.278749943],[8.441804886,3.278749943],[8.441804886,3.279305935],[8.441527367,3.279305935],[8.441527367,3.279583931],[8.440973282,3.279583931],[8.440973282,3.27986002],[8.440694809,3.279861927],[8.440694809,3.280138016],[8.44041729,3.280138016],[8.44041729,3.280416012],[8.440138817,3.280416012],[8.440138817,3.280972004],[8.439582825,3.280972004],[8.439582825,3.28125],[8.439305305,3.28125],[8.439305305,3.281805992],[8.43902874,3.281805992],[8.43902874,3.283472061],[8.439305305,3.283472061],[8.439305305,3.283750057],[8.43902874,3.283750057],[8.43902874,3.284028053],[8.439305305,3.284028053],[8.439305305,3.284306049],[8.43902874,3.284306049],[8.43902874,3.2845819],[8.439305305,3.2845819],[8.439305305,3.285137892],[8.43902874,3.285137892],[8.43902874,3.286529064],[8.439305305,3.286529064],[8.439305305,3.288472891],[8.439582825,3.288472891],[8.439582825,3.289304972],[8.439305305,3.289304972],[8.439305305,3.289860964],[8.437360764,3.289860964],[8.437360764,3.29013896],[8.437083244,3.29013896],[8.437083244,3.290416956],[8.436806679,3.290416956],[8.436806679,3.290694952],[8.43652916,3.290694952],[8.43652916,3.290972948],[8.436250687,3.290972948],[8.436250687,3.291805029],[8.43652916,3.291805029],[8.43652916,3.292083025],[8.436250687,3.292083025],[8.436250687,3.292639017],[8.43652916,3.292639017],[8.43652916,3.293473005],[8.436806679,3.293473005],[8.436806679,3.29402709],[8.437083244,3.29402709],[8.437083244,3.29541707],[8.436806679,3.29541707],[8.436806679,3.295695066],[8.43652916,3.295695066],[8.43652916,3.296248913],[8.436250687,3.296248913],[8.436250687,3.296526909],[8.435973167,3.296526909],[8.435973167,3.296804905],[8.435694695,3.296804905],[8.435694695,3.297360897],[8.435416222,3.297360897],[8.435416222,3.298194885],[8.435694695,3.298194885],[8.435694695,3.299026966],[8.435973167,3.299026966],[8.435973167,3.300139904],[8.436250687,3.300139904],[8.436250687,3.300415039],[8.43652916,3.300415039],[8.43652916,3.300971031],[8.436806679,3.300971031],[8.436806679,3.301249981],[8.437083244,3.301249981],[8.437083244,3.301527977],[8.437360764,3.301527977],[8.437360764,3.303194046],[8.437083244,3.303194046],[8.437083244,3.303472042],[8.436806679,3.303472042],[8.436806679,3.303750038],[8.435973167,3.303750038],[8.435973167,3.303472042],[8.435694695,3.303472042],[8.435694695,3.303194046],[8.435137749,3.303194046],[8.435137749,3.302917957],[8.434584618,3.302917957],[8.434584618,3.303194046],[8.434027672,3.303194046],[8.434027672,3.302917957],[8.433750153,3.302917957],[8.433750153,3.303194046],[8.43347168,3.303194046],[8.43347168,3.303750038],[8.43319416,3.303750038],[8.43319416,3.30430603],[8.43347168,3.30430603],[8.43347168,3.305138111],[8.433750153,3.305138111],[8.433750153,3.305416107],[8.434027672,3.305416107],[8.434027672,3.305694103],[8.434304237,3.305694103],[8.434304237,3.305972099],[8.434584618,3.305972099],[8.434584618,3.306250095],[8.434860229,3.306250095],[8.434860229,3.306806087],[8.435137749,3.306806087],[8.435137749,3.30763793],[8.435416222,3.30763793],[8.435416222,3.308193922],[8.435137749,3.308193922],[8.435137749,3.308471918],[8.434584618,3.308471918],[8.434584618,3.308749914],[8.434304237,3.308749914],[8.434304237,3.30902791],[8.433750153,3.30902791],[8.433750153,3.309305906],[8.432915688,3.309305906],[8.432915688,3.309581995],[8.432359695,3.309583902],[8.432359695,3.309859991],[8.432082176,3.309859991],[8.432082176,3.310137987],[8.431805611,3.310137987],[8.431805611,3.310415983],[8.431249619,3.310415983],[8.431249619,3.310693979],[8.430972099,3.310693979],[8.430972099,3.312360048],[8.430693626,3.312360048],[8.430693626,3.31625104],[8.430416107,3.31625104],[8.430416107,3.316804886],[8.430137634,3.316804886],[8.430137634,3.317082882],[8.429862022,3.317082882],[8.429862022,3.317361116],[8.429583549,3.317361116],[8.429583549,3.317639112],[8.428750038,3.317639112],[8.428750038,3.317917109],[8.428194046,3.317917109],[8.428194046,3.318195105],[8.427915573,3.318195105],[8.427915573,3.319026947],[8.428194046,3.319026947],[8.428194046,3.319304943],[8.428471565,3.319304943],[8.428471565,3.319582939],[8.428750038,3.319582939],[8.428750038,3.320972919],[8.428194046,3.320972919],[8.428194046,3.321249008],[8.427915573,3.321249008],[8.427915573,3.321527004],[8.427639961,3.321527004],[8.427639961,3.321805],[8.427362442,3.321805],[8.427362442,3.322360992],[8.427083969,3.322360992],[8.427083969,3.322638988],[8.42680645,3.322638988],[8.42680645,3.322916985],[8.425694466,3.322916985],[8.425694466,3.323472977],[8.4254179,3.323472977],[8.4254179,3.323749065],[8.423472404,3.323749065],[8.423472404,3.324583054],[8.423195839,3.324583054],[8.423195839,3.325139046],[8.422915459,3.325139046],[8.422915459,3.326248884],[8.422639847,3.326248884],[8.422639847,3.327640057],[8.422083855,3.327640057],[8.422083855,3.328749895],[8.421805382,3.328749895],[8.421805382,3.329027891],[8.421526909,3.329027891],[8.421526909,3.330415964],[8.421805382,3.330415964],[8.421805382,3.33069396],[8.422083855,3.33069396],[8.422083855,3.335416079],[8.421805382,3.335416079],[8.421805382,3.335694075],[8.420416832,3.335694075],[8.420416832,3.335972071],[8.420139313,3.335972071],[8.420139313,3.336250067],[8.41986084,3.336250067],[8.41986084,3.336528063],[8.419583321,3.336528063],[8.419583321,3.337084055],[8.419304848,3.337084055],[8.419304848,3.339027882],[8.419027328,3.339027882],[8.419027328,3.33930707],[8.418748856,3.33930707],[8.418748856,3.340694904],[8.418473244,3.340694904],[8.418473244,3.3409729],[8.417917252,3.3409729],[8.417917252,3.341250896],[8.417638779,3.341250896],[8.417638779,3.341528893],[8.417361259,3.341528893],[8.417361259,3.341804028],[8.417082787,3.341804028],[8.417082787,3.342082977],[8.416805267,3.342082977],[8.416805267,3.342916965],[8.417082787,3.342916965],[8.417082787,3.343472958],[8.417361259,3.343472958],[8.417361259,3.350694895],[8.417638779,3.350694895],[8.417638779,3.353195906],[8.417361259,3.353195906],[8.417361259,3.354861975],[8.417082787,3.354861975],[8.417082787,3.357084036],[8.416805267,3.357084036],[8.416805267,3.357640028],[8.416526794,3.357640028],[8.416526794,3.357916117],[8.416251183,3.357916117],[8.416251183,3.358472109],[8.415970802,3.358472109],[8.415970802,3.358750105],[8.41569519,3.358750105],[8.41569519,3.359028101],[8.415416718,3.359028101],[8.415416718,3.359306097],[8.415139198,3.359306097],[8.415139198,3.359584093],[8.414860725,3.359584093],[8.414860725,3.359862089],[8.414583206,3.359862089],[8.414583206,3.360137939],[8.414304733,3.360137939],[8.414304733,3.360415936],[8.414029121,3.360415936],[8.414029121,3.36152792],[8.414304733,3.36152792],[8.414304733,3.361805916],[8.414583206,3.361805916],[8.414583206,3.362361908],[8.414860725,3.362361908],[8.414860725,3.363193989],[8.415139198,3.363193989],[8.415139198,3.363749981],[8.415416718,3.363749981],[8.415416718,3.364582062],[8.41569519,3.364582062],[8.41569519,3.364860058],[8.416251183,3.364860058],[8.416251183,3.365138054],[8.416526794,3.365138054],[8.416526794,3.36541605],[8.417361259,3.36541605],[8.417361259,3.365694046],[8.417917252,3.365694046],[8.417917252,3.365972042],[8.418194771,3.365972042],[8.418194771,3.366528988],[8.418473244,3.366528988],[8.418473244,3.366806984],[8.418748856,3.366806984],[8.418748856,3.368751049],[8.419027328,3.368751049],[8.419027328,3.369304895],[8.419304848,3.369304895],[8.419304848,3.369582891],[8.419583321,3.369582891],[8.419583321,3.369860888],[8.41986084,3.369860888],[8.41986084,3.370138884],[8.420139313,3.370138884],[8.420139313,3.370417118],[8.420416832,3.370417118],[8.420416832,3.370695114],[8.420693398,3.370695114],[8.420693398,3.371526957],[8.420416832,3.371526957],[8.420416832,3.372082949],[8.420139313,3.372082949],[8.420139313,3.37430501],[8.41986084,3.37430501],[8.41986084,3.374583006],[8.419583321,3.374583006],[8.419583321,3.374861002],[8.419304848,3.374861002],[8.419304848,3.375416994],[8.419583321,3.375416994],[8.419583321,3.375972986],[8.41986084,3.375972986],[8.41986084,3.376527071],[8.420139313,3.376527071],[8.420139313,3.377917051],[8.41986084,3.377917051],[8.41986084,3.378195047],[8.419583321,3.378195047],[8.419583321,3.37902689],[8.419304848,3.37902689],[8.419304848,3.379582882],[8.419027328,3.379582882],[8.419027328,3.379861116],[8.418748856,3.379861116],[8.418748856,3.380140066],[8.418194771,3.380140066],[8.418194771,3.380418062],[8.417917252,3.380418062],[8.417917252,3.380692959],[8.417638779,3.380692959],[8.417638779,3.380970955],[8.417917252,3.380970955],[8.417917252,3.381248951],[8.418194771,3.381248951],[8.418194771,3.381527901],[8.417917252,3.381527901],[8.417917252,3.381805897],[8.418194771,3.381805897],[8.418194771,3.382361889],[8.418473244,3.382361889],[8.418473244,3.383471966],[8.418748856,3.383471966],[8.418748856,3.384027958],[8.419027328,3.384027958],[8.419027328,3.384305954],[8.419304848,3.384305954],[8.419304848,3.38458395],[8.419583321,3.38458395],[8.419583321,3.385694027],[8.419304848,3.385694027],[8.419304848,3.387362003],[8.41986084,3.387362003],[8.41986084,3.387638092],[8.420416832,3.387638092],[8.420416832,3.388194084],[8.420693398,3.388194084],[8.420693398,3.389306068],[8.420416832,3.389306068],[8.420416832,3.389859915],[8.420693398,3.389859915],[8.420693398,3.390693903],[8.421805382,3.390693903],[8.421805382,3.391249895],[8.422083855,3.391249895],[8.422083855,3.391805887],[8.422362328,3.391805887],[8.422362328,3.39319396],[8.422915459,3.39319396],[8.422915459,3.393471956],[8.423195839,3.393471956],[8.423195839,3.393750906],[8.423472404,3.393750906],[8.423472404,3.394028902],[8.424028397,3.394028902],[8.424028397,3.394304037],[8.424305916,3.394304037],[8.424305916,3.394582033],[8.424028397,3.394582033],[8.424028397,3.394860029],[8.424305916,3.394860029],[8.424305916,3.396528959],[8.424584389,3.396528959],[8.424584389,3.397083044],[8.424861908,3.397083044],[8.424861908,3.397639036],[8.425138474,3.397639036],[8.425138474,3.398195028],[8.4254179,3.398195028],[8.4254179,3.398473024],[8.425694466,3.398473024],[8.425694466,3.39875102],[8.425971985,3.39875102],[8.425971985,3.399027109],[8.426250458,3.399027109],[8.426250458,3.399305105],[8.426527977,3.399305105],[8.426527977,3.399861097],[8.42680645,3.399861097],[8.42680645,3.400139093],[8.426527977,3.400139093],[8.426527977,3.400417089],[8.42680645,3.400417089],[8.42680645,3.400695086],[8.427083969,3.400695086],[8.427083969,3.401526928],[8.427362442,3.401526928],[8.427362442,3.40208292],[8.427083969,3.40208292],[8.427083969,3.402360916],[8.42680645,3.402360916],[8.42680645,3.407361984],[8.427083969,3.407361984],[8.427083969,3.407917976],[8.428194046,3.407917976],[8.428194046,3.408193111],[8.428750038,3.408193111],[8.428750038,3.408471107],[8.429027557,3.408471107],[8.429027557,3.409028053],[8.42930603,3.409028053],[8.42930603,3.409584045],[8.429583549,3.409584045],[8.429583549,3.410140038],[8.429862022,3.410140038],[8.429862022,3.410415888],[8.430137634,3.410415888],[8.430137634,3.411528111],[8.430416107,3.411528111],[8.430416107,3.411806107],[8.430137634,3.411806107],[8.430137634,3.413749933],[8.430416107,3.413749933],[8.430416107,3.414305925],[8.430693626,3.414305925],[8.430693626,3.414583921],[8.430972099,3.414583921],[8.430972099,3.415971994],[8.431249619,3.415971994],[8.431249619,3.41624999],[8.431528091,3.41624999],[8.431528091,3.416527987],[8.431805611,3.416527987],[8.431805611,3.416805983],[8.432082176,3.416805983],[8.432082176,3.417360067],[8.432359695,3.417360067],[8.432359695,3.417638063],[8.432638168,3.417638063],[8.432638168,3.420137882],[8.432359695,3.420137882],[8.432359695,3.421529055],[8.432638168,3.421529055],[8.432638168,3.421803951],[8.432915688,3.421803951],[8.432915688,3.422360897],[8.43319416,3.422360897],[8.43319416,3.422638893],[8.43347168,3.422638893],[8.43347168,3.422916889],[8.433750153,3.422916889],[8.433750153,3.423472881],[8.434027672,3.423472881],[8.434027672,3.423751116],[8.434304237,3.423751116],[8.434304237,3.424304962],[8.434584618,3.424304962],[8.434584618,3.427083015],[8.434304237,3.427083015],[8.434304237,3.429583073],[8.434860229,3.429583073],[8.434860229,3.429861069],[8.435416222,3.429861069],[8.435416222,3.430139065],[8.435694695,3.430139065],[8.435694695,3.430695057],[8.435973167,3.430695057],[8.435973167,3.431248903],[8.435694695,3.431248903],[8.435694695,3.431526899],[8.435973167,3.431526899],[8.435973167,3.432360888],[8.435416222,3.432360888],[8.435416222,3.432638884],[8.435694695,3.432638884],[8.435694695,3.432917118],[8.436250687,3.432917118],[8.436250687,3.433470964],[8.43652916,3.433470964],[8.43652916,3.43374896],[8.436806679,3.43374896],[8.436806679,3.434304953],[8.437083244,3.434304953],[8.437083244,3.434583902],[8.437360764,3.434583902],[8.437360764,3.435417891],[8.437639236,3.435417891],[8.437639236,3.435971975],[8.437916756,3.435971975],[8.437916756,3.436249971],[8.438195229,3.436249971],[8.438195229,3.436805964],[8.438472748,3.436805964],[8.438472748,3.43708396],[8.438751221,3.43708396],[8.438751221,3.437639952],[8.43902874,3.437639952],[8.43902874,3.439306021],[8.439305305,3.439306021],[8.439305305,3.439584017],[8.439582825,3.439584017],[8.439582825,3.439862013],[8.439861298,3.439862013],[8.439861298,3.440694094],[8.440138817,3.440694094],[8.440138817,3.44097209],[8.440694809,3.44097209],[8.440694809,3.441250086],[8.440973282,3.441250086],[8.440973282,3.441528082],[8.441248894,3.441528082],[8.441248894,3.441806078],[8.441527367,3.441806078],[8.441527367,3.442084074],[8.441804886,3.442084074],[8.441804886,3.44236207],[8.442083359,3.44236207],[8.442083359,3.442915916],[8.442360878,3.442915916],[8.442360878,3.443193913],[8.442639351,3.443193913],[8.442639351,3.443471909],[8.44291687,3.443471909],[8.44291687,3.444305897],[8.443195343,3.444305897],[8.443195343,3.444859982],[8.443470955,3.444859982],[8.443470955,3.445137978],[8.443751335,3.445137978],[8.443751335,3.445415974],[8.444026947,3.445415974],[8.444026947,3.44569397],[8.446526527,3.44569397],[8.446526527,3.446527958],[8.446805,3.446527958],[8.446805,3.447360039],[8.447083473,3.447360039],[8.447083473,3.447916031],[8.447360992,3.447916031],[8.447360992,3.448750973],[8.447083473,3.448750973],[8.447083473,3.449028969],[8.446805,3.449028969],[8.446805,3.450417042],[8.447083473,3.450417042],[8.447083473,3.450973034],[8.447639465,3.450973034],[8.447639465,3.451529026],[8.448471069,3.451529026],[8.448471069,3.451805115],[8.449027061,3.451805115],[8.449027061,3.452083111],[8.449305534,3.452083111],[8.449305534,3.452361107],[8.449584007,3.452361107],[8.449584007,3.454304934],[8.449861526,3.454304934],[8.449861526,3.455138922],[8.450139999,3.455138922],[8.450139999,3.45597291],[8.450414658,3.45597291],[8.450414658,3.456804991],[8.450694084,3.456804991],[8.450694084,3.457360983],[8.450971603,3.457360983],[8.450971603,3.457638979],[8.451250076,3.457638979],[8.451250076,3.457916975],[8.452918053,3.457916975],[8.452918053,3.458749056],[8.453193665,3.458749056],[8.453193665,3.460139036],[8.453472137,3.460139036],[8.453472137,3.460417986],[8.454305649,3.460417986],[8.454305649,3.460139036],[8.454584122,3.460139036],[8.454584122,3.460695982],[8.454859734,3.460695982],[8.454859734,3.462084055],[8.455140114,3.462084055],[8.455140114,3.462362051],[8.455415726,3.462362051],[8.455415726,3.462918043],[8.455694199,3.462918043],[8.455694199,3.463193893],[8.455971718,3.463193893],[8.455971718,3.463471889],[8.456250191,3.463471889],[8.456250191,3.463749886],[8.45652771,3.463749886],[8.45652771,3.464306116],[8.456806183,3.464306116],[8.456806183,3.464862108],[8.457083702,3.464862108],[8.457083702,3.465140104],[8.457362175,3.465140104],[8.457362175,3.465415955],[8.457637787,3.465415955],[8.457637787,3.465693951],[8.458472252,3.465693951],[8.458472252,3.465971947],[8.459305763,3.465971947],[8.459305763,3.465693951],[8.46041584,3.465693951],[8.46041584,3.465971947],[8.46180439,3.465971947],[8.46180439,3.466249943],[8.462081909,3.466249943],[8.462081909,3.466527939],[8.462360382,3.466527939],[8.462360382,3.466805935],[8.462637901,3.466805935],[8.462637901,3.467361927],[8.462360382,3.467361927],[8.462360382,3.467916012],[8.462637901,3.467916012],[8.462637901,3.468194008],[8.46347332,3.468194008],[8.46347332,3.467916012],[8.464026451,3.467916012],[8.464026451,3.467638016],[8.464306831,3.467638016],[8.464306831,3.467361927],[8.464860916,3.467361927],[8.464860916,3.467638016],[8.465139389,3.467638016],[8.465139389,3.467916012],[8.465416908,3.467916012],[8.465416908,3.468194008],[8.465695381,3.468194008],[8.465695381,3.468472004],[8.4659729,3.468472004],[8.4659729,3.46875],[8.466805458,3.46875],[8.466805458,3.469027996],[8.468473434,3.469027996],[8.468473434,3.46875],[8.46940136,3.46875],[8.469582558,3.46875],[8.469582558,3.469027996],[8.469861031,3.469027996],[8.469861031,3.469340086],[8.469861031,3.469583988],[8.470059395,3.469583988],[8.47013855,3.469583988],[8.47013855,3.469860077],[8.469861031,3.469860077],[8.469861031,3.470138073],[8.469582558,3.470138073],[8.469582558,3.470416069],[8.469305038,3.470416069],[8.469305038,3.470972061],[8.469026566,3.470972061],[8.469026566,3.471528053],[8.469582558,3.471528053],[8.469582558,3.471806049],[8.469305038,3.471806049],[8.469305038,3.472359896],[8.469582558,3.472359896],[8.469582558,3.472637892],[8.470417023,3.472637892],[8.470417023,3.472915888],[8.471804619,3.472915888],[8.471804619,3.472637892],[8.472360611,3.472637892],[8.472360611,3.472359896],[8.472639084,3.472359896],[8.472639084,3.472084045],[8.473193169,3.472084045],[8.473193169,3.471806049],[8.47402668,3.471806049],[8.47402668,3.471888065],[8.47402668,3.472084045],[8.474305153,3.472084045],[8.474305153,3.472637892],[8.474582672,3.472637892],[8.474582672,3.472915888],[8.474861145,3.472915888],[8.474861145,3.473193884],[8.475139618,3.473193884],[8.475139618,3.473472118],[8.47541523,3.473472118],[8.475418091,3.474029064],[8.47569561,3.474029064],[8.47569561,3.47430706],[8.477640152,3.47430706],[8.477640152,3.474581957],[8.480137825,3.474581957],[8.480137825,3.474430084],[8.480137825,3.47430706],[8.481805801,3.47430706],[8.481805801,3.474029064],[8.482084274,3.474029064],[8.482084274,3.473472118],[8.482359886,3.473472118],[8.482359886,3.473193884],[8.482640266,3.473193884],[8.482640266,3.472915888],[8.482915878,3.472915888],[8.482915878,3.471806049],[8.483194351,3.471806049],[8.483194351,3.470694065],[8.482915878,3.470694065],[8.482915878,3.470138073],[8.483750343,3.470138073],[8.483750343,3.470694065],[8.484027863,3.470694065],[8.484027863,3.470972061],[8.484306335,3.470972061],[8.484306335,3.471250057],[8.485234261,3.471250057],[8.485416412,3.471250057],[8.485416412,3.470972061],[8.485693932,3.470972061],[8.485693932,3.470563889],[8.485693932,3.470462084],[8.485972404,3.470416069],[8.485972404,3.470694065],[8.488194466,3.470694065],[8.488194466,3.470416069],[8.488471985,3.470416069],[8.488471985,3.469860077],[8.49152565,3.469860077],[8.49152565,3.470138073],[8.492082596,3.470138073],[8.492082596,3.469860077],[8.492638588,3.469860077],[8.492638588,3.469583988],[8.493748665,3.469583988],[8.493748665,3.469305992],[8.494029045,3.469305992],[8.494029045,3.469027996],[8.495139122,3.469027996],[8.495139122,3.469305992],[8.495695114,3.469305992],[8.495695114,3.469583988],[8.495972633,3.469583988],[8.495972633,3.469860077],[8.496251106,3.469860077],[8.496251106,3.470138073],[8.49708271,3.470138073],[8.49708271,3.470416069],[8.497361183,3.470416069],[8.497361183,3.470694065],[8.497638702,3.470694065],[8.497638702,3.470972061],[8.497917175,3.470972061],[8.497917175,3.471528053],[8.498194695,3.471528053],[8.498194695,3.471806049],[8.498748779,3.471806049],[8.498748779,3.472084045],[8.499027252,3.472084045],[8.499027252,3.472359896],[8.500139236,3.472359896],[8.500139236,3.472084045],[8.500693321,3.472084045],[8.500693321,3.471806049],[8.50097084,3.471806049],[8.50097084,3.471250057],[8.501249313,3.471250057],[8.501249313,3.470694065],[8.501526833,3.470694065],[8.501526833,3.470416069],[8.502082825,3.470416069],[8.502082825,3.470138073],[8.502915382,3.470138073],[8.502915382,3.469860077],[8.503471375,3.469860077],[8.503471375,3.469583988],[8.50402832,3.469583988],[8.50402832,3.469305992],[8.504584312,3.469305992],[8.504584312,3.469027996],[8.504861832,3.469027996],[8.504861832,3.46875],[8.505140305,3.46875],[8.505140305,3.468472004],[8.505694389,3.468472004],[8.505694389,3.46875],[8.506806374,3.46875],[8.506806374,3.468472004],[8.507083893,3.468472004],[8.507083893,3.468194008],[8.509863853,3.468194008],[8.509860039,3.467916012],[8.51069355,3.467916012],[8.51069355,3.467638016],[8.511528015,3.467638016],[8.511528015,3.467361927],[8.512638092,3.467361927],[8.512638092,3.467638016],[8.512915611,3.467638016],[8.512915611,3.467361927],[8.513194084,3.467361927],[8.513194084,3.467638016],[8.513471603,3.467638016],[8.513471603,3.467916012],[8.514304161,3.467916012],[8.514304161,3.468194008],[8.514860153,3.468194008],[8.514860153,3.468472004],[8.515693665,3.468472004],[8.515693665,3.46875],[8.520417213,3.46875],[8.520417213,3.468472004],[8.521248817,3.468472004],[8.521248817,3.468194008],[8.521529198,3.468194008],[8.521529198,3.467916012],[8.52180481,3.467916012],[8.52180481,3.467638016],[8.522083282,3.467638016],[8.522083282,3.467361927],[8.522360802,3.467361927],[8.522360802,3.467083931],[8.522639275,3.467083931],[8.522639275,3.466805935],[8.52597332,3.466805935],[8.52597332,3.467083931],[8.527360916,3.467083931],[8.527360916,3.467361927],[8.527916908,3.467361927],[8.527916908,3.467083931],[8.528196335,3.467083931],[8.528196335,3.467361927],[8.529026985,3.467361927],[8.529026985,3.467083931],[8.530139923,3.467083931],[8.530139923,3.467361927],[8.530970573,3.467361927],[8.530970573,3.467638016],[8.53125,3.467638016],[8.53125,3.467916012],[8.532084465,3.467916012],[8.532084465,3.468194008],[8.532637596,3.468194008],[8.532637596,3.468472004],[8.533193588,3.468472004],[8.533193588,3.46875],[8.534028053,3.46875],[8.534028053,3.469027996],[8.535140038,3.469027996],[8.535140038,3.469305992],[8.535694122,3.469305992],[8.535694122,3.469583988],[8.536250114,3.469583988],[8.536250114,3.469860077],[8.536527634,3.469860077],[8.536527634,3.470138073],[8.537083626,3.470138073],[8.537083626,3.469583988],[8.537916183,3.469583988],[8.537916183,3.469305992],[8.538472176,3.469305992],[8.538472176,3.469027996],[8.538749695,3.469027996],[8.538749695,3.46875],[8.539305687,3.46875],[8.539305687,3.469027996],[8.539582253,3.469027996],[8.539582253,3.469305992],[8.539859772,3.469305992],[8.539859772,3.469583988],[8.540138245,3.469583988],[8.540138245,3.469860077],[8.540415764,3.469860077],[8.540415764,3.470138073],[8.540694237,3.470138073],[8.540694237,3.469860077],[8.541250229,3.469860077],[8.541250229,3.469027996],[8.541527748,3.469027996],[8.541527748,3.46875],[8.541804314,3.46875],[8.541804314,3.468472004],[8.542916298,3.468472004],[8.542916298,3.46875],[8.543473244,3.46875],[8.543473244,3.469027996],[8.543750763,3.469027996],[8.543750763,3.46875],[8.544026375,3.46875],[8.544026375,3.469027996],[8.545416832,3.469027996],[8.545416832,3.46875],[8.545972824,3.46875],[8.545972824,3.468472004],[8.545695305,3.468472004],[8.545695305,3.467916012],[8.545416832,3.467916012],[8.545416832,3.467638016],[8.545139313,3.467638016],[8.545139313,3.467083931],[8.545416832,3.467083931],[8.545416832,3.466249943],[8.545972824,3.466249943],[8.545972824,3.465971947],[8.547361374,3.465971947],[8.547361374,3.465693951],[8.547917366,3.465693951],[8.547917366,3.465415955],[8.548750877,3.465415955],[8.548750877,3.465140104],[8.549027443,3.465140104],[8.549027443,3.464862108],[8.549583435,3.464862108],[8.549583435,3.464584112],[8.549860954,3.464584112],[8.549860954,3.464477062],[8.549860954,3.464306116],[8.550156593,3.464303017],[8.550139427,3.464027882],[8.550695419,3.464027882],[8.550695419,3.463749886],[8.550971031,3.463749886],[8.550971031,3.463471889],[8.551527023,3.463471889],[8.551527023,3.463193893],[8.551804543,3.463193893],[8.551804543,3.462918043],[8.552083015,3.462918043],[8.552083015,3.462362051],[8.552360535,3.462362051],[8.552360535,3.462084055],[8.552639008,3.462084055],[8.552639008,3.461806059],[8.552916527,3.461806059],[8.552916527,3.461527109],[8.553749084,3.461527109],[8.553749084,3.461249113],[8.554026604,3.461249113],[8.554026604,3.460971117],[8.554861069,3.460971117],[8.554861069,3.461249113],[8.555695534,3.461249113],[8.555695534,3.460971117],[8.556804657,3.460971117],[8.556804657,3.461249113],[8.557361603,3.461249113],[8.557361603,3.461527109],[8.557640076,3.461527109],[8.557640076,3.461806059],[8.55847168,3.461806059],[8.55847168,3.462084055],[8.559862137,3.462084055],[8.559862137,3.461806059],[8.560416222,3.461806059],[8.560416222,3.462084055],[8.560693741,3.462084055],[8.560693741,3.462362051],[8.561249733,3.462362051],[8.561249733,3.462918043],[8.561528206,3.462918043],[8.561528206,3.463193893],[8.561616898,3.463193893],[8.561805725,3.463193893],[8.561805725,3.463471889],[8.562084198,3.463471889],[8.562084198,3.464027882],[8.56235981,3.464027882],[8.56235981,3.464306116],[8.56264019,3.464306116],[8.56264019,3.464584112],[8.563194275,3.464584112],[8.563194275,3.464862108],[8.563750267,3.464862108],[8.563750267,3.464584112],[8.564306259,3.464584112],[8.564306259,3.464862108],[8.565416336,3.464862108],[8.565416336,3.464960098],[8.565416336,3.465140104],[8.565972328,3.465140104],[8.565972328,3.465226889],[8.565972328,3.465415955],[8.566249847,3.465415955],[8.566249847,3.465693951],[8.56652832,3.465693951],[8.56652832,3.465492964],[8.56652832,3.465415955],[8.56680584,3.465415955],[8.56680584,3.465693951],[8.567359924,3.465693951],[8.567359924,3.465971947],[8.567526817,3.465971947],[8.567638397,3.465971947],[8.567638397,3.465693951],[8.567915916,3.465693951],[8.567915916,3.465971947],[8.568194389,3.465971947],[8.568194389,3.466293097],[8.568194389,3.466527939],[8.568750381,3.466527939],[8.568750381,3.466805935],[8.569307327,3.466805935],[8.569307327,3.467083931],[8.569581985,3.467083931],[8.569581985,3.466959],[8.569581985,3.466805935],[8.569860458,3.466805935],[8.569857597,3.467091084],[8.570694923,3.467083931],[8.570694923,3.467361927],[8.571250916,3.467361927],[8.571250916,3.467638016],[8.572083473,3.467638016],[8.572083473,3.467916012],[8.572639465,3.467916012],[8.572639465,3.468194008],[8.573195457,3.468194008],[8.573195457,3.468472004],[8.573472977,3.468472004],[8.573472977,3.468822956],[8.573472977,3.470416069],[8.573748589,3.470416069],[8.573748589,3.470972061],[8.574028969,3.470972061],[8.574028969,3.471528053],[8.574860573,3.471528053],[8.574860573,3.471806049],[8.575416565,3.471806049],[8.575416565,3.472084045],[8.575695038,3.472084045],[8.575695038,3.472359896],[8.575972557,3.472359896],[8.575972557,3.472637892],[8.57625103,3.472637892],[8.57625103,3.473193884],[8.576526642,3.473193884],[8.576526642,3.473750114],[8.576805115,3.473750114],[8.576805115,3.474029064],[8.577082634,3.474029064],[8.577082634,3.474859953],[8.577361107,3.474859953],[8.577361107,3.475137949],[8.577082634,3.475137949],[8.577082634,3.476250887],[8.577361107,3.476250887],[8.577361107,3.476528883],[8.577638626,3.476528883],[8.577638626,3.47763896],[8.578194618,3.47763896],[8.578194618,3.478194952],[8.578748703,3.478194952],[8.578748703,3.478472948],[8.578935623,3.478472948],[8.579304695,3.478472948],[8.579269409,3.479321003],[8.579583168,3.479305029],[8.579583168,3.479583025],[8.579860687,3.479583025],[8.579815865,3.480712891],[8.58013916,3.480695009],[8.58013916,3.480973005],[8.580416679,3.480973005],[8.580416679,3.481251001],[8.580693245,3.481251001],[8.580693245,3.482083082],[8.580970764,3.482083082],[8.580972672,3.482639074],[8.581249237,3.482639074],[8.581249237,3.483195066],[8.581526756,3.483195066],[8.581526756,3.483748913],[8.581805229,3.483748913],[8.581805229,3.484304905],[8.582082748,3.484304905],[8.582082748,3.485138893],[8.582361221,3.485138893],[8.582361221,3.486526966],[8.582639694,3.486526966],[8.582639694,3.487360954],[8.583195686,3.487360954],[8.583195686,3.488471031],[8.583471298,3.488471031],[8.583471298,3.49180603],[8.583748817,3.49180603],[8.583748817,3.492916107],[8.58402729,3.492916107],[8.58402729,3.494306087],[8.584305763,3.494306087],[8.584305763,3.49513793],[8.584584236,3.49513793],[8.584584236,3.49652791],[8.584861755,3.49652791],[8.584861755,3.498193979],[8.585140228,3.498193979],[8.585140228,3.499027967],[8.585417747,3.499027967],[8.585417747,3.501806974],[8.585694313,3.501806974],[8.585694313,3.503473043],[8.585417747,3.503473043],[8.585417747,3.504029036],[8.585140228,3.504029036],[8.585140228,3.504582882],[8.584584236,3.504582882],[8.584584236,3.504861116],[8.584305763,3.504861116],[8.584305763,3.505139112],[8.58402729,3.505139112],[8.58402729,3.505695105],[8.583748817,3.505695105],[8.583748817,3.505973101],[8.583195686,3.505973101],[8.583195686,3.506526947],[8.582915306,3.506526947],[8.582915306,3.507082939],[8.582639694,3.507082939],[8.582639694,3.507638931],[8.582082748,3.507638931],[8.582082748,3.507916927],[8.581805229,3.507916927],[8.581805229,3.508194923],[8.581526756,3.508194923],[8.581526756,3.508472919],[8.581249237,3.508472919],[8.581249237,3.508749008],[8.580693245,3.508749008],[8.580693245,3.509027004],[8.58013916,3.509027004],[8.58013916,3.509860992],[8.579860687,3.509860992],[8.579860687,3.510416985],[8.578748703,3.510416985],[8.578748703,3.510138988],[8.578473091,3.510138988],[8.578473091,3.510416985],[8.578186035,3.510416985],[8.577638626,3.510416985],[8.577681541,3.510688066],[8.577082634,3.510694981],[8.577082634,3.510972977],[8.575972557,3.510972977],[8.575972557,3.511249065],[8.575695038,3.511249065],[8.575695038,3.511527061],[8.575139046,3.511527061],[8.575139046,3.511805058],[8.574860573,3.511805058],[8.574860573,3.51236105],[8.574583054,3.51236105],[8.574583054,3.512639046],[8.574860573,3.512639046],[8.574860573,3.512825966],[8.574860573,3.513192892],[8.574583054,3.513195038],[8.574583054,3.513470888],[8.573971748,3.513470888],[8.57375145,3.513470888],[8.573748589,3.513195038],[8.573472977,3.513195038],[8.573472977,3.513470888],[8.572916985,3.513470888],[8.572916985,3.513748884],[8.572639465,3.513748884],[8.572639465,3.514583111],[8.572360992,3.514583111],[8.572360992,3.515140057],[8.572639465,3.515140057],[8.572639465,3.516249895],[8.572916985,3.516249895],[8.572916985,3.516527891],[8.573195457,3.51653409],[8.573251724,3.51680994],[8.573472977,3.516805887],[8.573472977,3.517362118],[8.573195457,3.517362118],[8.573195457,3.517488956],[8.573195457,3.517640114],[8.572360992,3.517640114],[8.572360992,3.517362118],[8.572083473,3.517362118],[8.572083473,3.517083883],[8.571250916,3.517083883],[8.571250916,3.517362118],[8.570973396,3.517362118],[8.570973396,3.517640114],[8.570694923,3.517640114],[8.570694923,3.51819396],[8.570973396,3.51819396],[8.570973396,3.519861937],[8.570694923,3.519861937],[8.570694923,3.52125001],[8.570973396,3.52125001],[8.570973396,3.521806002],[8.571525574,3.521806002],[8.571525574,3.522083998],[8.571806908,3.522083998],[8.571806908,3.522638083],[8.573195457,3.522638083],[8.573195457,3.522916079],[8.573472977,3.522916079],[8.573472977,3.523472071],[8.573748589,3.523472071],[8.573748589,3.524306059],[8.574028969,3.524306059],[8.574028969,3.525693893],[8.574304581,3.525693893],[8.574304581,3.527359962],[8.574583054,3.527359962],[8.574583054,3.527637959],[8.575139046,3.527637959],[8.575139046,3.527915955],[8.575695038,3.527915955],[8.575695038,3.528193951],[8.575972557,3.528193951],[8.575972557,3.5284729],[8.576526642,3.5284729],[8.576526642,3.528750896],[8.576805115,3.528750896],[8.576805115,3.529028893],[8.577361107,3.529028893],[8.577361107,3.529304028],[8.577638626,3.529306889],[8.577638626,3.530138969],[8.577917099,3.530138969],[8.577917099,3.530694962],[8.578194618,3.530694962],[8.578194618,3.531805038],[8.578473091,3.531805038],[8.578473091,3.533473015],[8.578194618,3.533473015],[8.578194618,3.534305096],[8.577917099,3.534305096],[8.577917099,3.53541708],[8.578194618,3.53541708],[8.578194618,3.535695076],[8.578473091,3.535695076],[8.578473091,3.536251068],[8.579027176,3.536251068],[8.579027176,3.536526918],[8.58013916,3.536526918],[8.58013916,3.537082911],[8.580416679,3.537082911],[8.580416679,3.537360907],[8.580693245,3.537360907],[8.580693245,3.537082911],[8.581805229,3.537082911],[8.581805229,3.537360907],[8.582082748,3.537360907],[8.582082748,3.539582968],[8.582639694,3.539582968],[8.582639694,3.539860964],[8.583195686,3.539860964],[8.583195686,3.54013896],[8.58402729,3.54013896],[8.58402729,3.540416956],[8.584305763,3.540416956],[8.584305763,3.540971041],[8.584584236,3.540971041],[8.584584236,3.541805029],[8.584305763,3.541805029],[8.584305763,3.542083979],[8.584584236,3.542083979],[8.584584236,3.542361975],[8.584305763,3.542361975],[8.584305763,3.543472052],[8.584584236,3.543472052],[8.584584236,3.544028044],[8.584861755,3.544028044],[8.584861755,3.54430604],[8.585417747,3.54430604],[8.585417747,3.544028044],[8.585694313,3.544028044],[8.585694313,3.543750048],[8.586806297,3.543750048],[8.586806297,3.543472052],[8.589859962,3.543472052],[8.589859962,3.543750048],[8.590415955,3.543750048],[8.590415955,3.544028044],[8.59125042,3.544028044],[8.59125042,3.544584036],[8.591806412,3.544584036],[8.591806412,3.544862032],[8.592362404,3.544862032],[8.592362404,3.545416117],[8.592638016,3.545416117],[8.592638016,3.545694113],[8.592915535,3.545694113],[8.592915535,3.545972109],[8.593194008,3.545972109],[8.593194008,3.546528101],[8.593471527,3.546528101],[8.593471527,3.547362089],[8.594028473,3.547362089],[8.594028473,3.548471928],[8.594305992,3.548471928],[8.594305992,3.548749924],[8.594028473,3.548749924],[8.594028473,3.549583912],[8.594305992,3.549583912],[8.594305992,3.549861908],[8.594028473,3.549861908],[8.594028473,3.550137997],[8.594305992,3.550137997],[8.594305992,3.550693989],[8.594584465,3.550693989],[8.594584465,3.550971985],[8.594860077,3.550971985],[8.594860077,3.551249981],[8.595137596,3.551249981],[8.595137596,3.551527977],[8.595693588,3.551527977],[8.595693588,3.551805973],[8.596806526,3.551805973],[8.596806526,3.552083969],[8.597359657,3.552083969],[8.597359657,3.552360058],[8.59763813,3.552360058],[8.59763813,3.552638054],[8.597916603,3.552638054],[8.597916603,3.553194046],[8.598195076,3.553194046],[8.598195076,3.554028034],[8.598472595,3.554028034],[8.598472595,3.555138111],[8.599861145,3.555138111],[8.599861145,3.555416107],[8.600417137,3.555416107],[8.600417137,3.555695057],[8.601804733,3.555695057],[8.601804733,3.555973053],[8.602360725,3.555973053],[8.602360725,3.556251049],[8.602639198,3.556251049],[8.602639198,3.557082891],[8.602916718,3.557082891],[8.602916718,3.557638884],[8.60319519,3.557638884],[8.60319519,3.559304953],[8.603470802,3.559304953],[8.603470802,3.560138941],[8.603751183,3.560138941],[8.603751183,3.560416937],[8.604026794,3.560416937],[8.604026794,3.560694933],[8.605694771,3.560694933],[8.605694771,3.560972929],[8.606248856,3.560972929],[8.606248856,3.561250925],[8.606527328,3.561250925],[8.606527328,3.561527014],[8.606804848,3.561527014],[8.606804848,3.562083006],[8.607083321,3.562083006],[8.607083321,3.562361002],[8.60736084,3.562361002],[8.60736084,3.564027071],[8.607639313,3.564027071],[8.607639313,3.564583063],[8.607916832,3.564583063],[8.607916832,3.565139055],[8.608195305,3.565139055],[8.608195305,3.565695047],[8.608470917,3.565695047],[8.608470917,3.565973043],[8.60874939,3.565973043],[8.60874939,3.56652689],[8.609026909,3.56652689],[8.609026909,3.567082882],[8.609131813,3.567082882],[8.609305382,3.567082882],[8.609305382,3.568192959],[8.609026909,3.568192959],[8.609026909,3.57069397],[8.609305382,3.57069397],[8.609305382,3.570971966],[8.609026909,3.570971966],[8.609026909,3.571249962],[8.609305382,3.571249962],[8.609305382,3.571527958],[8.609026909,3.571527958],[8.609026909,3.571805954],[8.60874939,3.571805954],[8.60874939,3.572361946],[8.608470917,3.572361946],[8.608470917,3.572638035],[8.607916832,3.572639942],[8.607916832,3.573194027],[8.608195305,3.573194027],[8.608195305,3.573472023],[8.608470917,3.573472023],[8.608470917,3.574584007],[8.609026909,3.574601889],[8.609026909,3.575138092],[8.60874939,3.575138092],[8.60874939,3.575416088],[8.608924866,3.575416088],[8.609026909,3.575416088],[8.609026909,3.575694084],[8.608859062,3.575694084],[8.60874939,3.575694084],[8.60874939,3.576250076],[8.609026909,3.576250076],[8.609026909,3.577359915],[8.60874939,3.577359915],[8.60874939,3.577915907],[8.608329773,3.577915907],[8.608195305,3.577915907],[8.608259201,3.578210115],[8.60736084,3.578193903],[8.60736084,3.578471899],[8.606804848,3.578471899],[8.606804848,3.581528902],[8.607083321,3.581528902],[8.607083321,3.583472967],[8.60736084,3.583472967],[8.60736084,3.585973024],[8.607083321,3.585973024],[8.607083321,3.586529016],[8.606804848,3.586529016],[8.606804848,3.587083101],[8.606527328,3.587083101],[8.606527328,3.587639093],[8.606804848,3.587639093],[8.606804848,3.588195086],[8.607083321,3.588195086],[8.607083321,3.588473082],[8.60736084,3.588473082],[8.60736084,3.589026928],[8.607639313,3.589026928],[8.607639313,3.58958292],[8.607916832,3.58958292],[8.607916832,3.590138912],[8.608195305,3.590138912],[8.608195305,3.590416908],[8.608470917,3.590416908],[8.608470917,3.590694904],[8.60874939,3.590694904],[8.60874939,3.591526985],[8.609305382,3.591526985],[8.609305382,3.591804981],[8.609582901,3.591804981],[8.609582901,3.592082977],[8.609861374,3.592082977],[8.609861374,3.592916965],[8.610139847,3.592916965],[8.610139847,3.594305038],[8.610415459,3.594305038],[8.610415459,3.595417976],[8.610695839,3.595417976],[8.610695839,3.596249104],[8.610971451,3.596249104],[8.610971451,3.597640038],[8.610695839,3.597640038],[8.610695839,3.598750114],[8.610415459,3.598750114],[8.610415459,3.599584103],[8.610139847,3.599584103],[8.610139847,3.600971937],[8.609861374,3.600971937],[8.609861374,3.602638006],[8.609582901,3.602638006],[8.609582901,3.60374999],[8.609305382,3.60374999],[8.609305382,3.604027987],[8.609582901,3.604027987],[8.609582901,3.604860067],[8.609861374,3.604860067],[8.609861374,3.60708189],[8.609582901,3.60708189],[8.609582901,3.607359886],[8.609861374,3.607359886],[8.609861374,3.609029055],[8.610139847,3.609029055],[8.610139847,3.609307051],[8.609861374,3.609307051],[8.609861374,3.612082958],[8.609582901,3.612082958],[8.609582901,3.612360954],[8.609861374,3.612360954],[8.609861374,3.612466097],[8.609861374,3.616250992],[8.609582901,3.616250992],[8.609582901,3.616527081],[8.609026909,3.616527081],[8.609026909,3.617639065],[8.609305382,3.617639065],[8.609305382,3.618195057],[8.609582901,3.618195057],[8.609582901,3.619304895],[8.609861374,3.619304895],[8.609861374,3.620695114],[8.610139847,3.620695114],[8.610139847,3.62124896],[8.609861374,3.62124896],[8.609861374,3.622082949],[8.610139847,3.622082949],[8.610139847,3.622361898],[8.609861374,3.622361898],[8.609861374,3.622917891],[8.610415459,3.622917891],[8.610415459,3.623471022],[8.610695839,3.623471022],[8.610695839,3.624305964],[8.610971451,3.624305964],[8.610971451,3.625694036],[8.610695839,3.625694036],[8.610695839,3.626806021],[8.610415459,3.626806021],[8.610415459,3.628750086],[8.610695839,3.628750086],[8.610695839,3.629028082],[8.610415459,3.629028082],[8.610415459,3.629306078],[8.610139847,3.629306078],[8.610139847,3.630415916],[8.609861374,3.630415916],[8.609861374,3.630971909],[8.609582901,3.630971909],[8.609582901,3.631249905],[8.609305382,3.631249905],[8.609305382,3.631527901],[8.609026909,3.631527901],[8.609026909,3.632359982],[8.60874939,3.632359982],[8.60874939,3.632915974],[8.609026909,3.632915974],[8.609026909,3.63319397],[8.609305382,3.63319397],[8.609305382,3.633749962],[8.609582901,3.633749962],[8.609582901,3.634582043],[8.609861374,3.634584904],[8.609861374,3.635694027],[8.610139847,3.635694027],[8.610139847,3.63736105],[8.610415459,3.63736105],[8.610415459,3.639029026],[8.609861374,3.639029026],[8.609861374,3.639583111],[8.609582901,3.639583111],[8.609582901,3.640139103],[8.609305382,3.640139103],[8.609305382,3.640695095],[8.609026909,3.640695095],[8.609026909,3.640973091],[8.609305382,3.640973091],[8.609305382,3.641251087],[8.609026909,3.641251087],[8.609026909,3.64208293],[8.609305382,3.64208293],[8.609305382,3.642916918],[8.610139847,3.642916918],[8.610139847,3.643194914],[8.610415459,3.643194914],[8.610415459,3.64347291],[8.610695839,3.64347291],[8.610695839,3.644026995],[8.610812187,3.644026995],[8.610971451,3.644026995],[8.611573219,3.643660069],[8.61712265,3.64069891],[8.637399673,3.639058113],[8.660570145,3.636255026],[8.674987793,3.621001005],[8.68885231,3.611054897],[8.705613136,3.601126909],[8.727556229,3.584146976],[8.738518715,3.57418108],[8.746647835,3.577182055],[8.765774727,3.577301025],[8.787221909,3.578025103],[8.807510376,3.578738928],[8.821417809,3.578234911],[8.840471268,3.56359601],[8.855984688,3.535948038],[8.856746674,3.534550905],[8.856805801,3.534446001],[8.856805801,3.5340271],[8.856472969,3.534070015],[8.856528282,3.533473015],[8.856249809,3.533473015],[8.856249809,3.533195019],[8.85597229,3.533195019],[8.85597229,3.532917023],[8.855695724,3.532917023],[8.855695724,3.532083035],[8.85538578,3.532094002],[8.855416298,3.529860973],[8.855139732,3.529860973],[8.855139732,3.529582024],[8.854862213,3.529582024],[8.854862213,3.529304028],[8.85458374,3.529304028],[8.85458374,3.528750896],[8.854121208,3.528750896],[8.853750229,3.528750896],[8.853750229,3.5284729],[8.853473663,3.5284729],[8.853470802,3.527359962],[8.853193283,3.527359962],[8.853193283,3.5262959],[8.853193283,3.525415897],[8.852869987,3.525434017],[8.852917671,3.524584055],[8.852560043,3.524614096],[8.852640152,3.524306059],[8.852361679,3.524306059],[8.852361679,3.523194075],[8.852083206,3.523194075],[8.852083206,3.520972013],[8.852361679,3.520972013],[8.852361679,3.520139933],[8.852083206,3.520139933],[8.852083206,3.519861937],[8.851527214,3.519861937],[8.851527214,3.519583941],[8.851248741,3.519583941],[8.851248741,3.519305944],[8.850694656,3.519305944],[8.850694656,3.518749952],[8.850417137,3.518749952],[8.850417137,3.51819396],[8.850097656,3.518209934],[8.850138664,3.517640114],[8.849861145,3.517640114],[8.849861145,3.516805887],[8.849557877,3.516814947],[8.849582672,3.516527891],[8.849452972,3.516527891],[8.849305153,3.516527891],[8.849305153,3.516249895],[8.84902668,3.516249895],[8.84902668,3.515970945],[8.848749161,3.515970945],[8.848749161,3.515418053],[8.848472595,3.515418053],[8.848472595,3.515140057],[8.848193169,3.515140057],[8.848193169,3.514305115],[8.847916603,3.514305115],[8.847916603,3.513195038],[8.847639084,3.513192892],[8.847639084,3.512639046],[8.847916603,3.512639046],[8.847916603,3.51236105],[8.847639084,3.51236105],[8.847639084,3.511672974],[8.847639084,3.511249065],[8.847916603,3.511249065],[8.847916603,3.510972977],[8.847639084,3.510972977],[8.847639084,3.510694981],[8.847083092,3.510694981],[8.847083092,3.510416985],[8.846935272,3.510416985],[8.8465271,3.510416985],[8.8465271,3.510138988],[8.846248627,3.510138988],[8.84632206,3.509311914],[8.845973015,3.509305],[8.845973015,3.50860095],[8.845973015,3.507916927],[8.845626831,3.507951021],[8.845694542,3.507360935],[8.845314026,3.507360935],[8.84513855,3.507360935],[8.84513855,3.507082939],[8.844861031,3.507082939],[8.844861031,3.506804943],[8.844582558,3.506804943],[8.844582558,3.506251097],[8.844306946,3.506251097],[8.844306946,3.505695105],[8.843750954,3.505695105],[8.843750954,3.505417109],[8.843473434,3.505417109],[8.843473434,3.505139112],[8.843194962,3.505139112],[8.843194962,3.504861116],[8.842917442,3.504861116],[8.842917442,3.504304886],[8.842638969,3.504304886],[8.842638969,3.50375104],[8.84236145,3.50375104],[8.84236145,3.502917051],[8.842082977,3.502917051],[8.842082977,3.501806974],[8.841805458,3.501806974],[8.841805458,3.501250982],[8.841528893,3.501250982],[8.841528893,3.500972033],[8.841805458,3.500972033],[8.841805458,3.500746965],[8.841805458,3.500138044],[8.841491699,3.500157118],[8.841528893,3.499860048],[8.841805458,3.499860048],[8.841805458,3.498749971],[8.842082977,3.498749971],[8.842082977,3.495415926],[8.841805458,3.495415926],[8.841805458,3.49486208],[8.841528893,3.49486208],[8.841528893,3.494306087],[8.8409729,3.494306087],[8.8409729,3.494028091],[8.840416908,3.494028091],[8.840416908,3.493750095],[8.839859962,3.493750095],[8.839859962,3.493472099],[8.839582443,3.493472099],[8.839582443,3.493194103],[8.839026451,3.493194103],[8.839026451,3.492916107],[8.838472366,3.492916107],[8.838472366,3.492640018],[8.837916374,3.492640018],[8.837916374,3.492362022],[8.837637901,3.492362022],[8.837637901,3.491528034],[8.837360382,3.491528034],[8.837360382,3.489583969],[8.837083817,3.489583969],[8.837083817,3.489027977],[8.837360382,3.489027977],[8.837360382,3.488749027],[8.837637901,3.488749027],[8.837637901,3.487639904],[8.836806297,3.487639904],[8.836806297,3.4879179],[8.835694313,3.4879179],[8.835694313,3.487360954],[8.83541584,3.487360954],[8.83541584,3.48624897],[8.835694313,3.48624897],[8.835694313,3.485970974],[8.83541584,3.485970974],[8.83541584,3.485138893],[8.835694313,3.485138893],[8.835694313,3.484860897],[8.83541584,3.484860897],[8.83541584,3.484582901],[8.835694313,3.484582901],[8.835694313,3.484304905],[8.835971832,3.484304905],[8.835971832,3.483748913],[8.835694313,3.483748913],[8.835694313,3.483195066],[8.835140228,3.483195066],[8.835140228,3.482639074],[8.834859848,3.482639074],[8.834859848,3.482361078],[8.834305763,3.482361078],[8.834305763,3.482083082],[8.833749771,3.482083082],[8.833749771,3.481805086],[8.833472252,3.481805086],[8.833472252,3.482083082],[8.833193779,3.482083082],[8.833193779,3.480695009],[8.83291626,3.480695009],[8.83291626,3.479861021],[8.832362175,3.479861021],[8.832362175,3.480139017],[8.832083702,3.480139017],[8.832083702,3.480417013],[8.830971718,3.480417013],[8.830971718,3.480139017],[8.830825806,3.480139017],[8.829859734,3.480139017],[8.829859734,3.479583025],[8.829584122,3.479583025],[8.829584122,3.479027033],[8.829305649,3.479027033],[8.829305649,3.478194952],[8.82902813,3.478194952],[8.82902813,3.477916956],[8.828749657,3.477916956],[8.828749657,3.477360964],[8.828472137,3.477360964],[8.828472137,3.477082968],[8.828193665,3.477082968],[8.828193665,3.476804972],[8.827918053,3.476804972],[8.827918053,3.476250887],[8.82763958,3.476250887],[8.82763958,3.475416899],[8.827362061,3.475416899],[8.827362061,3.474859953],[8.82763958,3.474859953],[8.82763958,3.474070072],[8.82763958,3.473750114],[8.827445984,3.473750114],[8.827362061,3.473750114],[8.827362061,3.473551989],[8.827362061,3.473472118],[8.827083588,3.473472118],[8.827083588,3.473011971],[8.827083588,3.472915888],[8.826806068,3.472915888],[8.826806068,3.47248292],[8.826806068,3.472359896],[8.826527596,3.472359896],[8.826527596,3.471955061],[8.826527596,3.471250057],[8.82618618,3.471271038],[8.826249123,3.470972061],[8.825966835,3.470977068],[8.82597065,3.470138073],[8.82569313,3.470138073],[8.82569313,3.469860077],[8.825139999,3.469860077],[8.825139999,3.469583988],[8.824954987,3.469583988],[8.824583054,3.469583988],[8.824583054,3.469305992],[8.823471069,3.469305992],[8.823471069,3.469027996],[8.823195457,3.469027996],[8.823195457,3.46875],[8.822916985,3.46875],[8.822916985,3.468472004],[8.822639465,3.468472004],[8.822639465,3.467916012],[8.822360992,3.467916012],[8.822360992,3.467638016],[8.822083473,3.467638016],[8.822083473,3.467083931],[8.821805,3.467083931],[8.821805,3.466527939],[8.821526527,3.466527939],[8.821526527,3.466249943],[8.820973396,3.466249943],[8.820973396,3.465971947],[8.820417404,3.465971947],[8.820417404,3.465415955],[8.820138931,3.465415955],[8.820138931,3.464584112],[8.819861412,3.464584112],[8.819861412,3.463749886],[8.819582939,3.463749886],[8.819582939,3.463471889],[8.819861412,3.463471889],[8.819861412,3.462640047],[8.819582939,3.462640047],[8.819582939,3.462084055],[8.819856644,3.462052107],[8.819861412,3.461527109],[8.819578171,3.46152997],[8.819582939,3.461249113],[8.81930542,3.461249113],[8.81930542,3.460417986],[8.819026947,3.460417986],[8.819026947,3.460139036],[8.818751335,3.460139036],[8.818751335,3.459583044],[8.818470955,3.459583044],[8.818470955,3.459027052],[8.817885399,3.459048033],[8.81791687,3.458749056],[8.817639351,3.458749056],[8.817639351,3.458194971],[8.817303658,3.458194971],[8.816804886,3.458194971],[8.816804886,3.457916975],[8.816527367,3.457916975],[8.816527367,3.457638979],[8.813751221,3.457638979],[8.813751221,3.457360983],[8.813195229,3.457360983],[8.813195229,3.457082987],[8.812916756,3.457082987],[8.812916756,3.456526995],[8.812638283,3.456526995],[8.812638283,3.45597291],[8.81235981,3.45597291],[8.81235981,3.455694914],[8.812082291,3.455694914],[8.812082291,3.455138922],[8.81152916,3.455138922],[8.81152916,3.454860926],[8.810693741,3.454860926],[8.810693741,3.454304934],[8.810416222,3.454304934],[8.810416222,3.453751087],[8.810693741,3.453748941],[8.810693741,3.453473091],[8.810821533,3.453473091],[8.810972214,3.453473091],[8.810972214,3.453195095],[8.81152916,3.453195095],[8.81152916,3.452917099],[8.812082291,3.452917099],[8.812082291,3.452361107],[8.81235981,3.452361107],[8.81235981,3.451529026],[8.812082291,3.451529026],[8.812082291,3.450139046],[8.811806679,3.450139046],[8.811806679,3.44986105],[8.81152916,3.44986105],[8.81152916,3.449583054],[8.810693741,3.449583054],[8.810693741,3.449304104],[8.810297966,3.449304104],[8.810137749,3.449304104],[8.810137749,3.449028969],[8.809860229,3.449028969],[8.809860229,3.448194981],[8.810137749,3.448194981],[8.810137749,3.447360039],[8.810053825,3.447360039],[8.809860229,3.447360039],[8.809860229,3.447084904],[8.810016632,3.447082043],[8.810137749,3.447082043],[8.810137749,3.446249962],[8.810416222,3.446249962],[8.810416222,3.44569397],[8.810137749,3.44569397],[8.810137749,3.445415974],[8.809809685,3.445422888],[8.809860229,3.445137978],[8.809776306,3.445137978],[8.809304237,3.445137978],[8.809304237,3.444859982],[8.809027672,3.444859982],[8.809027672,3.444305897],[8.808750153,3.444305897],[8.808750153,3.443471909],[8.809027672,3.443471909],[8.809027672,3.442915916],[8.809304237,3.442915916],[8.809304237,3.44263792],[8.80946064,3.44263792],[8.809860229,3.44263792],[8.809860229,3.44236207],[8.810137749,3.44236207],[8.810137749,3.440694094],[8.809860229,3.440694094],[8.809860229,3.439584017],[8.809583664,3.439584017],[8.809583664,3.439007044],[8.809860229,3.439028025],[8.809860229,3.437772036],[8.809860229,3.437639952],[8.809583664,3.437639952],[8.809583664,3.437361956],[8.80819416,3.437361956],[8.80819416,3.43708396],[8.807915688,3.43708396],[8.807915688,3.436805964],[8.807638168,3.436805964],[8.807638168,3.435693026],[8.807361603,3.435693026],[8.807359695,3.434583902],[8.807084084,3.434583902],[8.807084084,3.434304953],[8.806805611,3.434304953],[8.806805611,3.434026957],[8.806249619,3.434026957],[8.806249619,3.43374896],[8.805972099,3.43374896],[8.805972099,3.432917118],[8.806249619,3.432917118],[8.806249619,3.432638884],[8.807084084,3.432638884],[8.807084084,3.432360888],[8.80819416,3.432360888],[8.80819416,3.432082891],[8.808754921,3.432082891],[8.809027672,3.432082891],[8.809027672,3.431804895],[8.809304237,3.431804895],[8.809304237,3.431248903],[8.809583664,3.431248903],[8.809583664,3.430973053],[8.809860229,3.430973053],[8.809860229,3.429861069],[8.810137749,3.429861069],[8.810137749,3.42828393],[8.810137749,3.427917004],[8.809860229,3.427917004],[8.809860229,3.427361012],[8.809583664,3.427361012],[8.809583664,3.426528931],[8.809304237,3.426528931],[8.809304237,3.426250935],[8.809027672,3.426250935],[8.809027672,3.425416946],[8.808750153,3.425416946],[8.808750153,3.424582958],[8.80847168,3.424582958],[8.80847168,3.424026966],[8.80819416,3.424026966],[8.80819416,3.423472881],[8.807915688,3.423472881],[8.807915688,3.423194885],[8.807638168,3.423194885],[8.807638168,3.422916889],[8.807361603,3.422916889],[8.807359695,3.422360897],[8.806528091,3.422360897],[8.806528091,3.422081947],[8.806249619,3.422081947],[8.806249619,3.421529055],[8.805972099,3.421529055],[8.805972099,3.421251059],[8.805418015,3.421251059],[8.805418015,3.420973063],[8.805137634,3.420973063],[8.805137634,3.420694113],[8.804862022,3.420694113],[8.804862022,3.420416117],[8.804583549,3.420416117],[8.804583549,3.420137882],[8.804027557,3.420137882],[8.804027557,3.419859886],[8.803194046,3.419859886],[8.803194046,3.41958189],[8.802639961,3.41958189],[8.802639961,3.41930604],[8.802083969,3.41930604],[8.802083969,3.418750048],[8.801527977,3.418750048],[8.801527977,3.418472052],[8.800971985,3.418472052],[8.800971985,3.418194056],[8.799584389,3.418194056],[8.799584389,3.417916059],[8.799305916,3.417916059],[8.799305916,3.417638063],[8.799027443,3.417638063],[8.799027443,3.417360067],[8.79874897,3.417360067],[8.79874897,3.417083979],[8.798471451,3.417083979],[8.798471451,3.416805983],[8.798195839,3.416805983],[8.798195839,3.416527987],[8.79791832,3.416527987],[8.79791832,3.415693998],[8.797638893,3.415693998],[8.797638893,3.414583921],[8.797361374,3.414583921],[8.797361374,3.414027929],[8.797082901,3.414027929],[8.797082901,3.412362099],[8.796805382,3.412362099],[8.796805382,3.411241055],[8.796805382,3.409862041],[8.796526909,3.409862041],[8.796526909,3.409584045],[8.795970917,3.409584045],[8.795970917,3.409306049],[8.795695305,3.409306049],[8.795695305,3.409028053],[8.795367241,3.409028053]]],[[[8.569028854,3.544862032],[8.569028854,3.54430604],[8.569307327,3.54430604],[8.569307327,3.544028044],[8.569581985,3.544028044],[8.569581985,3.543472052],[8.569860458,3.543472052],[8.569860458,3.542361975],[8.570137978,3.542361975],[8.570137978,3.540971041],[8.567915916,3.540971041],[8.567915916,3.541249037],[8.567638397,3.541249037],[8.567638397,3.541527033],[8.567084312,3.541527033],[8.567084312,3.541805029],[8.56680584,3.541805029],[8.56680584,3.543472052],[8.567084312,3.543472052],[8.567084312,3.543750048],[8.567359924,3.543750048],[8.567359924,3.544028044],[8.567638397,3.544028044],[8.567638397,3.54430604],[8.567915916,3.54430604],[8.567915916,3.544584036],[8.568194389,3.544584036],[8.568194389,3.544862032],[8.569028854,3.544862032]]]]},"properties":{"name":"Bioko Sur","mapcolor":3,"cartodb_id":3}},{"type":"Feature","geometry":{"type":"MultiPolygon","coordinates":[[[[10.192523956,2.17174387],[10.180403709,2.163897991],[10.178215027,2.162481308],[10.179331779,2.165124893],[10.181886673,2.167052031],[10.182151794,2.169465065],[10.181765556,2.170998812],[10.184048653,2.172815561],[10.185846329,2.172985792],[10.188080788,2.171730757],[10.192523956,2.17174387]]],[[[10.005554199,0.997668028],[10.005544662,1.004807949],[10.003837585,1.007694006],[10.012764931,1.048473954],[10.024963379,1.055616975],[10.049310684,1.062819004],[10.060415268,1.080585003],[10.080734253,1.091310978],[10.102146149,1.091416001],[10.127004623,1.087401986],[10.147845268,1.088683009],[10.169241905,1.086423993],[10.190630913,1.082983017],[10.211494446,1.087808013],[10.237602234,1.098557949],[10.242266655,1.104483962],[10.253954887,1.122843027],[10.255210876,1.138790011],[10.25880909,1.159468055],[10.24906826,1.174775004],[10.236357689,1.178254962],[10.228783607,1.169955015],[10.217169762,1.163403988],[10.202138901,1.165694952],[10.191724777,1.16623497],[10.189489365,1.179211974],[10.191913605,1.196935058],[10.186239243,1.215211034],[10.168379784,1.228114009],[10.177749634,1.245869994],[10.166910172,1.271204948],[10.148365021,1.266983986],[10.146138191,1.281141996],[10.139364243,1.308858991],[10.141238213,1.331300974],[10.134400368,1.348981023],[10.133319855,1.361371994],[10.134667397,1.392078996],[10.119038582,1.39200604],[10.104625702,1.400794983],[10.097779274,1.416697979],[10.091531754,1.436153054],[10.098023415,1.456256986],[10.11324501,1.48466897],[10.103431702,1.488755941],[10.092528343,1.504052997],[10.07463932,1.512822986],[10.052686691,1.519209027],[10.033046722,1.525609016],[10.001274109,1.53549397],[9.982816696,1.546030045],[9.962044716,1.556555033],[9.938335419,1.559983015],[9.916371346,1.565189004],[9.91534996,1.587617993],[9.929307938,1.598314047],[9.947282791,1.603714943],[9.966427803,1.610893965],[9.983241081,1.615699053],[9.993784904,1.635820985],[10.003691673,1.647089005],[10.007838249,1.662457943],[10.014279366,1.674298048],[10.029494286,1.701529026],[10.037121773,1.718688011],[10.047654152,1.73704195],[10.052360535,1.749461055],[10.062894821,1.767814994],[10.082725525,1.792117953],[10.087407112,1.800405025],[10.097968102,1.823480964],[10.101596832,1.848883986],[10.106982231,1.877249956],[10.110048294,1.905012012],[10.108492851,1.934525013],[10.117349625,1.96231401],[10.121450424,1.970008969],[10.131955147,1.983638048],[10.144775391,1.997279048],[10.157600403,2.011507034],[10.171588898,2.026926041],[10.186161995,2.042936087],[10.19270134,2.070123911],[10.195202827,2.100244999],[10.198879242,2.13273406],[10.197627068,2.171759129],[10.234233856,2.171867371],[10.305386543,2.172078133],[10.404314995,2.172622204],[10.401585579,2.143125057],[10.412981033,2.114248037],[10.420907974,2.086535931],[10.432311058,2.058842897],[10.434487343,2.037008047],[10.427394867,2.013950109],[10.4180336,1.998556972],[10.409815788,1.980810046],[10.409132004,1.964277029],[10.411893845,1.943624973],[10.419371605,1.935986042],[10.441364288,1.934905052],[10.458189964,1.940886021],[10.483646393,1.938640952],[10.500386238,1.931041956],[10.513246536,1.917896032],[10.515912056,1.915174961],[10.53488636,1.894597054],[10.545226097,1.882835984],[10.55907917,1.876407027],[10.569471359,1.872320056],[10.582104683,1.856438994],[10.594142914,1.83818996],[10.589913368,1.810425997],[10.585754395,1.793877006],[10.582163811,1.775557041],[10.581492424,1.760794997],[10.569220543,1.743029952],[10.560419083,1.72409904],[10.556241035,1.704599023],[10.566537857,1.685752988],[10.573949814,1.668076038],[10.565737724,1.650918007],[10.558130264,1.637894988],[10.553417206,1.624886036],[10.559688568,1.610156059],[10.568833351,1.591896057],[10.585058212,1.594921947],[10.608166695,1.588533998],[10.625404358,1.568539023],[10.643890381,1.563310981],[10.656619072,1.562777042],[10.670546532,1.568743944],[10.682174683,1.577062964],[10.696105003,1.583029985],[10.7175951,1.594933987],[10.730899811,1.593811989],[10.743663788,1.598592043],[10.750631332,1.602164984],[10.766326904,1.612861037],[10.780124664,1.598755956],[10.791145325,1.60234499],[10.805100441,1.612444043],[10.822353363,1.595402956],[10.826927185,1.587157011],[10.83976078,1.602563977],[10.847315788,1.607321024],[10.870509148,1.613916993],[10.873843193,1.592676997],[10.894042969,1.584504008],[10.907366753,1.586331964],[10.922397614,1.584038973],[10.935696602,1.582324982],[10.953697205,1.591261983],[10.971578598,1.582484961],[10.977892876,1.574247956],[10.981292725,1.563637018],[10.942428589,1.549888968],[10.92565918,1.551586986],[10.904149055,1.536733985],[10.886066437,1.514811039],[10.860393524,1.482818007],[10.854504585,1.466855049],[10.841617584,1.443184018],[10.828201294,1.426594019],[10.816525459,1.410604],[10.806578636,1.394027948],[10.791995049,1.375663042],[10.785558701,1.365007997],[10.771489143,1.336606979],[10.769022942,1.312981963],[10.774657249,1.289394975],[10.788968086,1.265254021],[10.804466248,1.245254993],[10.822275162,1.225265026],[10.836620331,1.206439018],[10.856795311,1.194133997],[10.876465797,1.19363296],[10.90185833,1.183122993],[10.920872688,1.170812011],[10.927079201,1.146044016],[10.938976288,1.106549025],[10.938777924,1.075850964],[10.940382957,1.055197954],[10.955404282,1.051723957],[10.962834358,1.037588954],[10.948895454,1.029260993],[10.948262215,1.014652014],[10.947982788,0.998053014],[10.841751099,0.997277975],[10.835308075,0.997232974],[10.799671173,0.998422027],[10.788943291,0.997444987],[10.716240883,0.997637987],[10.590669632,0.997956991],[10.465098381,0.998257995],[10.446810722,0.998301029],[10.442937851,0.996670008],[10.433341026,0.997763991],[10.41497612,0.99792999],[10.339917183,0.99861598],[10.295157433,0.999019027],[10.284431458,0.997807026],[10.214419365,0.997255027],[10.162705421,0.996841013],[10.13049221,0.998481989],[10.12456131,0.997066021],[10.109482765,0.998121023],[10.091672897,0.997093976],[10.089143753,0.997448981],[10.074529648,0.999513984],[10.071344376,0.997887015],[10.005554199,0.997668028]]]]},"properties":{"name":"Centro Sur","mapcolor":4,"cartodb_id":4}},{"type":"Feature","geometry":{"type":"MultiPolygon","coordinates":[[[[11.334410667,2.172394753],[11.332393646,2.157207966],[11.335540771,2.119498968],[11.334217072,2.109373093],[11.333519936,2.035034895],[11.333144188,1.995282054],[11.334543228,1.989539027],[11.332970619,1.983551025],[11.335158348,1.909010053],[11.335684776,1.891106963],[11.333106995,1.854756951],[11.33455658,1.837743998],[11.333661079,1.834290981],[11.333815575,1.827025056],[11.334756851,1.782873034],[11.334828377,1.779561996],[11.334003448,1.758368015],[11.323471069,1.761067033],[11.270300865,1.771471024],[11.229240417,1.775429964],[11.192252159,1.782948971],[11.181711197,1.764605999],[11.170639038,1.753345013],[11.154965401,1.746194959],[11.118498802,1.74545002],[11.089611053,1.752410054],[11.05663681,1.75462997],[11.037565231,1.758679986],[11.017866135,1.755645037],[10.997556686,1.747882009],[10.986639977,1.759642005],[10.984454155,1.779111028],[10.976531982,1.806231976],[10.972725868,1.843405008],[10.968824387,1.865818024],[10.974803925,1.894770026],[10.971668243,1.94493103],[10.959256172,1.993284941],[10.934942245,1.99318099],[10.922712326,1.98190999],[10.911084175,1.974185944],[10.906371117,1.961770058],[10.893573761,1.952270031],[10.877373695,1.953379989],[10.859455109,1.957435012],[10.81897068,1.962571979],[10.791812897,1.970126987],[10.770432472,1.975937009],[10.747919083,1.985283017],[10.722468376,1.988123059],[10.704519272,1.988042951],[10.679118156,1.998556972],[10.656537056,1.997866988],[10.628135681,1.992426038],[10.613632202,1.987640023],[10.571803093,1.964426994],[10.557252884,1.951961994],[10.536318779,1.937700033],[10.517704964,1.924039006],[10.513246536,1.917896032],[10.500386238,1.931041956],[10.483646393,1.938640952],[10.458189964,1.940886021],[10.441364288,1.934905052],[10.419371605,1.935986042],[10.411893845,1.943624973],[10.409132004,1.964277029],[10.409815788,1.980810046],[10.4180336,1.998556972],[10.427394867,2.013950109],[10.434487343,2.037008047],[10.432311058,2.058842897],[10.420907974,2.086535931],[10.412981033,2.114248037],[10.401585579,2.143125057],[10.404314995,2.172622204],[10.438577652,2.172810793],[10.575309753,2.172577858],[10.596955299,2.172544003],[10.628523827,2.172494411],[10.628547668,2.17252636],[10.628671646,2.172480345],[10.6287117,2.172465563],[10.704288483,2.172323227],[10.710043907,2.17231226],[10.845335007,2.172157288],[10.978837967,2.171663523],[11.061976433,2.171750307],[11.11353302,2.17180419],[11.138483047,2.171790123],[11.138560295,2.171789885],[11.138594627,2.171789646],[11.249957085,2.171721935],[11.334410667,2.172394753]]]]},"properties":{"name":"Kié-Ntem","mapcolor":5,"cartodb_id":5}},{"type":"Feature","geometry":{"type":"MultiPolygon","coordinates":[[[[9.430973053,1.290971994],[9.430973053,1.29124999],[9.431250572,1.29124999],[9.431250572,1.291805983],[9.431529045,1.291805983],[9.431529045,1.292083979],[9.431806564,1.292083979],[9.431806564,1.292637944],[9.432082176,1.292637944],[9.432082176,1.295415998],[9.432360649,1.295415998],[9.432360649,1.297081947],[9.432639122,1.297081947],[9.432639122,1.297639012],[9.432360649,1.297639012],[9.432360649,1.298195004],[9.432639122,1.298195004],[9.432639122,1.298473001],[9.432916641,1.298473001],[9.432916641,1.298750997],[9.433195114,1.298750997],[9.433195114,1.299026966],[9.432916641,1.299026966],[9.432916641,1.299304962],[9.433195114,1.299304962],[9.433195114,1.299860954],[9.433472633,1.299860954],[9.433472633,1.30013895],[9.433751106,1.30013895],[9.433751106,1.301805019],[9.434026718,1.301805019],[9.434026718,1.302083015],[9.434305191,1.302083015],[9.434305191,1.302361012],[9.434861183,1.302361012],[9.434861183,1.302639008],[9.435138702,1.302639008],[9.435138702,1.303195],[9.435417175,1.303195],[9.435417175,1.303472996],[9.435973167,1.303472996],[9.435973167,1.303748965],[9.436248779,1.303750992],[9.436248779,1.304304957],[9.43652916,1.304304957],[9.43652916,1.304582953],[9.436804771,1.304582953],[9.436804771,1.30486095],[9.437083244,1.30486095],[9.437083244,1.305416942],[9.437360764,1.305416942],[9.437360764,1.305695057],[9.437639236,1.305695057],[9.437639236,1.306249022],[9.438195229,1.306249022],[9.438195229,1.306527019],[9.43847084,1.306527019],[9.43847084,1.307083011],[9.439026833,1.307083011],[9.439026833,1.307639003],[9.439305305,1.307639003],[9.439305305,1.307916999],[9.439582825,1.307916999],[9.439582825,1.308192968],[9.439861298,1.308192968],[9.439861298,1.308470964],[9.440138817,1.308470964],[9.440138817,1.30874896],[9.44041729,1.30874896],[9.44041729,1.309304953],[9.440694809,1.309304953],[9.440694809,1.31041801],[9.440973282,1.31041801],[9.440973282,1.310971975],[9.441527367,1.310971975],[9.441527367,1.311249971],[9.441804886,1.311249971],[9.441804886,1.312361956],[9.442083359,1.312361956],[9.442083359,1.313472033],[9.441804886,1.313472033],[9.441804886,1.314584017],[9.441527367,1.314584017],[9.441527367,1.315971971],[9.441804886,1.315971971],[9.441804886,1.316249967],[9.442083359,1.316249967],[9.442083359,1.316527963],[9.443193436,1.316527963],[9.443193436,1.316249967],[9.444862366,1.316249967],[9.444862366,1.315971971],[9.446249962,1.315971971],[9.446249962,1.315693974],[9.446528435,1.315693974],[9.446528435,1.315415978],[9.446805954,1.315415978],[9.446805954,1.315693974],[9.447361946,1.315693974],[9.447361946,1.315971971],[9.448472023,1.315971971],[9.448472023,1.316249967],[9.449584007,1.316249967],[9.449584007,1.316527963],[9.449861526,1.316527963],[9.449861526,1.316805959],[9.450139999,1.316805959],[9.450139999,1.316527963],[9.450415611,1.316527963],[9.450415611,1.316805959],[9.450694084,1.316805959],[9.450694084,1.317083955],[9.451250076,1.317083955],[9.451250076,1.317361951],[9.451806068,1.317361951],[9.451806068,1.31763804],[9.452083588,1.31763804],[9.452083588,1.317916036],[9.452362061,1.317916036],[9.452362061,1.318194032],[9.452916145,1.318194032],[9.452916145,1.318472028],[9.453193665,1.318472028],[9.453193665,1.318750024],[9.453749657,1.318750024],[9.453749657,1.31902802],[9.45402813,1.31902802],[9.45402813,1.319584012],[9.454582214,1.319584012],[9.454582214,1.319859982],[9.455138206,1.319859982],[9.455138206,1.320137978],[9.455415726,1.320137978],[9.455415726,1.32069397],[9.455694199,1.32069397],[9.455694199,1.321527958],[9.455971718,1.321527958],[9.455971718,1.321807027],[9.45652771,1.321807027],[9.45652771,1.322360039],[9.456804276,1.322360039],[9.456804276,1.322916031],[9.457360268,1.322916031],[9.457360268,1.323472977],[9.457637787,1.323472977],[9.457637787,1.323750973],[9.45791626,1.323750973],[9.45791626,1.324303985],[9.458194733,1.324303985],[9.458194733,1.325139046],[9.458473206,1.325139046],[9.458473206,1.325695038],[9.458750725,1.325695038],[9.458750725,1.32625103],[9.459306717,1.32625103],[9.459306717,1.326804996],[9.459583282,1.326804996],[9.459583282,1.327360988],[9.459860802,1.327360988],[9.459860802,1.328472972],[9.460416794,1.328472972],[9.460416794,1.329305053],[9.460695267,1.329305053],[9.460695267,1.330139041],[9.460972786,1.330139041],[9.460972786,1.331248999],[9.461251259,1.331248999],[9.461251259,1.331526995],[9.460972786,1.331526995],[9.460972786,1.331804991],[9.461251259,1.331804991],[9.461251259,1.333472967],[9.461528778,1.333472967],[9.461528778,1.334027052],[9.461805344,1.334027052],[9.461805344,1.33652699],[9.461528778,1.33652699],[9.461528778,1.336806059],[9.461805344,1.336806059],[9.461805344,1.337362051],[9.461528778,1.337362051],[9.461528778,1.340693951],[9.461251259,1.340693951],[9.461251259,1.341249943],[9.460972786,1.341249943],[9.460972786,1.342916012],[9.460695267,1.342916012],[9.460695267,1.343194008],[9.460972786,1.343194008],[9.460972786,1.344305992],[9.461251259,1.344305992],[9.461251259,1.344583988],[9.460972786,1.344583988],[9.460972786,1.344859958],[9.461251259,1.344859958],[9.461251259,1.345137954],[9.460972786,1.345137954],[9.460972786,1.349859953],[9.461251259,1.349859953],[9.461251259,1.350137949],[9.461805344,1.350137949],[9.461805344,1.350417018],[9.462082863,1.350417018],[9.462082863,1.350695014],[9.462917328,1.350695014],[9.462917328,1.350417018],[9.46347332,1.350417018],[9.46347332,1.350137949],[9.464027405,1.350137949],[9.464027405,1.350417018],[9.464304924,1.350417018],[9.464304924,1.35097301],[9.464027405,1.35097301],[9.464027405,1.351529002],[9.463748932,1.351529002],[9.463748932,1.351804972],[9.463601112,1.351804972],[9.46347332,1.351804972],[9.46347332,1.352360964],[9.463194847,1.352360964],[9.463194847,1.35263896],[9.462917328,1.35263896],[9.462917328,1.352916956],[9.462638855,1.352916956],[9.462638855,1.353194952],[9.462917328,1.353194952],[9.462917328,1.354027033],[9.462638855,1.354027033],[9.462638855,1.354305029],[9.462917328,1.354305029],[9.462917328,1.354583025],[9.463194847,1.354583025],[9.463194847,1.355417013],[9.46347332,1.355417013],[9.46347332,1.358749032],[9.463748932,1.358749032],[9.463748932,1.361526966],[9.46347332,1.361526966],[9.46347332,1.361804962],[9.463194847,1.361804962],[9.463194847,1.362918019],[9.462917328,1.362918019],[9.462917328,1.36847198],[9.463194847,1.368482947],[9.463194847,1.369027972],[9.462917328,1.369027972],[9.462917328,1.369305968],[9.462638855,1.369305968],[9.462638855,1.372084022],[9.462556839,1.372084022],[9.462361336,1.372084022],[9.462361336,1.373064041],[9.462361336,1.376528978],[9.462638855,1.376528978],[9.462638855,1.376803994],[9.462917328,1.376803994],[9.462917328,1.377639055],[9.462638855,1.377639055],[9.462638855,1.378195047],[9.462361336,1.378195047],[9.462361336,1.378473043],[9.462082863,1.378473043],[9.462082863,1.379583001],[9.461805344,1.379583001],[9.461805344,1.380416989],[9.461528778,1.380416989],[9.461528778,1.382083058],[9.461251259,1.382083058],[9.461251259,1.383473039],[9.460972786,1.383473039],[9.460972786,1.383749008],[9.460695267,1.383751035],[9.460695267,1.384305],[9.460416794,1.384305],[9.460416794,1.385694981],[9.460139275,1.385694981],[9.460139275,1.386248946],[9.459860802,1.386248946],[9.459860802,1.386566043],[9.459860802,1.38736105],[9.459583282,1.38736105],[9.459583282,1.387917042],[9.459306717,1.387917042],[9.459306717,1.389304996],[9.459029198,1.389304996],[9.459029198,1.390970945],[9.458750725,1.390970945],[9.458750725,1.391250014],[9.458473206,1.391250014],[9.458473206,1.39319396],[9.458750725,1.39319396],[9.458750725,1.393471956],[9.459029198,1.393471956],[9.459029198,1.393749952],[9.459583282,1.393749952],[9.459583282,1.394027948],[9.460139275,1.394027948],[9.460139275,1.394305944],[9.460695267,1.394305944],[9.460695267,1.394583941],[9.461251259,1.394583941],[9.461251259,1.395140052],[9.461528778,1.395140052],[9.461528778,1.395972013],[9.461805344,1.395972013],[9.461805344,1.396528006],[9.462082863,1.396528006],[9.462082863,1.397637963],[9.462361336,1.397637963],[9.462361336,1.398471951],[9.462638855,1.398471951],[9.462638855,1.399306059],[9.463748932,1.399306059],[9.463748932,1.399027944],[9.464583397,1.399027944],[9.464583397,1.399306059],[9.465139389,1.399306059],[9.465139389,1.399584055],[9.465970993,1.399584055],[9.465970993,1.399860024],[9.466251373,1.399860024],[9.466251373,1.400138021],[9.466526985,1.400138021],[9.466526985,1.400694013],[9.466805458,1.400694013],[9.466805458,1.401250005],[9.467082977,1.401250005],[9.467082977,1.401528001],[9.467638969,1.401528001],[9.467638969,1.401805997],[9.467917442,1.401805997],[9.467917442,1.402081966],[9.468473434,1.402081966],[9.468473434,1.402359962],[9.468749046,1.402359962],[9.468749046,1.402637959],[9.469026566,1.402637959],[9.469026566,1.402915955],[9.469305038,1.402915955],[9.469305038,1.40347302],[9.469582558,1.40347302],[9.469582558,1.403751016],[9.470417976,1.403751016],[9.470417976,1.404307008],[9.470696449,1.404307008],[9.470696449,1.404582024],[9.470834732,1.404582024],[9.470971107,1.404582024],[9.470971107,1.404860973],[9.471248627,1.404860973],[9.471248627,1.405416965],[9.4715271,1.405416965],[9.4715271,1.405972958],[9.471805573,1.405972958],[9.471805573,1.406527042],[9.472084045,1.406527042],[9.472084045,1.407083035],[9.472640038,1.407083035],[9.472566605,1.407953024],[9.472914696,1.407917023],[9.47284317,1.408509016],[9.473194122,1.408473015],[9.473194122,1.408751011],[9.473471642,1.408751011],[9.473471642,1.40902698],[9.473750114,1.409029007],[9.473750114,1.409304976],[9.474027634,1.409304976],[9.474027634,1.409582973],[9.474306107,1.409582973],[9.474306107,1.410416961],[9.474583626,1.410416961],[9.474583626,1.410972953],[9.475137711,1.410972953],[9.475137711,1.411527038],[9.475418091,1.411527038],[9.475418091,1.41208303],[9.475693703,1.41208303],[9.475693703,1.412361026],[9.475972176,1.412361026],[9.475972176,1.412917018],[9.476249695,1.412917018],[9.476249695,1.414026976],[9.476528168,1.414026976],[9.476528168,1.414860964],[9.476805687,1.414860964],[9.476805687,1.415416956],[9.47708416,1.415416956],[9.47708416,1.416391015],[9.47708416,1.416527033],[9.477359772,1.416527033],[9.477359772,1.416604996],[9.477359772,1.416805029],[9.477640152,1.416805029],[9.477640152,1.417361975],[9.477915764,1.417361975],[9.477915764,1.417639971],[9.478194237,1.417639971],[9.478194237,1.417917967],[9.478471756,1.417917967],[9.478471756,1.419028044],[9.478750229,1.419028044],[9.478750229,1.41930604],[9.479306221,1.41930604],[9.479306221,1.419584036],[9.47958374,1.419584036],[9.47958374,1.419862032],[9.480137825,1.419862032],[9.480137825,1.420140028],[9.480416298,1.420140028],[9.480416298,1.419862032],[9.480693817,1.419862032],[9.480693817,1.419584036],[9.481249809,1.419584036],[9.481249809,1.419862032],[9.481580734,1.419862032],[9.482359886,1.419862032],[9.482359886,1.420140028],[9.483194351,1.420140028],[9.483194351,1.420415998],[9.483750343,1.420415998],[9.483750343,1.420693994],[9.484028816,1.420693994],[9.484028816,1.420415998],[9.48486042,1.420415998],[9.48486042,1.420693994],[9.485137939,1.420693994],[9.485137939,1.42097199],[9.485417366,1.42097199],[9.485417366,1.421249986],[9.485694885,1.421249986],[9.485694885,1.421527982],[9.486250877,1.421527982],[9.486250877,1.421805978],[9.486525536,1.421805978],[9.486525536,1.422083974],[9.487083435,1.422083974],[9.487083435,1.42236197],[9.487360954,1.42236197],[9.487360954,1.422916055],[9.487916946,1.422916055],[9.487916946,1.423194051],[9.488472939,1.423194051],[9.488472939,1.423472047],[9.488751411,1.423472047],[9.488751411,1.424306035],[9.489304543,1.424306035],[9.489304543,1.424584031],[9.489583015,1.424584031],[9.489583015,1.425137997],[9.489860535,1.425137997],[9.489860535,1.425415993],[9.490416527,1.425415993],[9.490416527,1.425971985],[9.490695,1.425971985],[9.490695,1.426527977],[9.490973473,1.426527977],[9.490973473,1.427109003],[9.490973473,1.42791605],[9.491250992,1.42791605],[9.491250992,1.428472042],[9.491805077,1.428472042],[9.491805077,1.429028034],[9.492361069,1.429028034],[9.492361069,1.429306984],[9.492638588,1.429306984],[9.492638588,1.429582],[9.49319458,1.429582],[9.49319458,1.429859996],[9.493748665,1.429859996],[9.493748665,1.430137992],[9.494304657,1.430137992],[9.494304657,1.430415988],[9.49458313,1.430415988],[9.49458313,1.430695057],[9.494860649,1.430695057],[9.494860649,1.431251049],[9.495139122,1.431251049],[9.495139122,1.431529045],[9.495416641,1.431529045],[9.495416641,1.431803942],[9.495972633,1.431807041],[9.495972633,1.432083011],[9.496526718,1.432083011],[9.496526718,1.432639003],[9.496805191,1.432639003],[9.496805191,1.432916999],[9.497361183,1.432916999],[9.497361183,1.433194995],[9.497915268,1.433194995],[9.497915268,1.433472991],[9.49847126,1.433472991],[9.49847126,1.433750987],[9.498748779,1.433750987],[9.498748779,1.434028983],[9.499305725,1.434028983],[9.499305725,1.434304953],[9.499861717,1.434304953],[9.499861717,1.434582949],[9.50014019,1.434582949],[9.50014019,1.434860945],[9.500694275,1.434860945],[9.500694275,1.434582949],[9.501250267,1.434582949],[9.501250267,1.434860945],[9.501806259,1.434860945],[9.501806259,1.434582949],[9.502916336,1.434582949],[9.502916336,1.434860945],[9.503472328,1.434860945],[9.503472328,1.435138941],[9.504666328,1.435138941],[9.505140305,1.435138941],[9.505140305,1.435417056],[9.505694389,1.435417056],[9.50568676,1.435706019],[9.506527901,1.435695052],[9.506527901,1.435973048],[9.507362366,1.435973048],[9.507362366,1.436249018],[9.507916451,1.436249018],[9.507916451,1.436527014],[9.508472443,1.436527014],[9.508472443,1.43680501],[9.508749962,1.43680501],[9.508749962,1.437083006],[9.509305954,1.437083006],[9.509305954,1.437361002],[9.510137558,1.437361002],[9.510094643,1.438192964],[9.51069355,1.43819499],[9.51069355,1.438472986],[9.510972023,1.438472986],[9.510951996,1.43878305],[9.51125145,1.438750982],[9.511281967,1.438974977],[9.511528969,1.439026952],[9.511528969,1.439118028],[9.511528969,1.439304948],[9.511807442,1.439304948],[9.511807442,1.439582944],[9.5120821,1.439582944],[9.5120821,1.439861059],[9.512663841,1.439792991],[9.512639046,1.440139055],[9.513274193,1.440139055],[9.51375103,1.440139055],[9.51375103,1.440417051],[9.514026642,1.440417051],[9.514026642,1.440539956],[9.514026642,1.440695047],[9.514292717,1.440695047],[9.514582634,1.440695047],[9.514582634,1.440891027],[9.514582634,1.440971017],[9.514861107,1.440971017],[9.514861107,1.441249013],[9.515138626,1.441249013],[9.515138626,1.441527009],[9.515417099,1.441527009],[9.515417099,1.441805005],[9.515694618,1.441805005],[9.515694618,1.442083001],[9.515973091,1.442083001],[9.515973091,1.442360997],[9.516529083,1.442360997],[9.516529083,1.442638993],[9.5167799,1.442638993],[9.517360687,1.442638993],[9.517360687,1.442917943],[9.51763916,1.442917943],[9.51763916,1.443192959],[9.518195152,1.443192959],[9.518195152,1.443470955],[9.518472672,1.443470955],[9.518472672,1.443748951],[9.518751144,1.443748951],[9.518751144,1.444306016],[9.519305229,1.444306016],[9.519305229,1.444584012],[9.519861221,1.444584012],[9.519861221,1.444862008],[9.520138741,1.444862008],[9.520138741,1.445140004],[9.520417213,1.445140004],[9.520417213,1.445418],[9.520694733,1.445418],[9.520694733,1.44569397],[9.520973206,1.44569397],[9.520973206,1.446249962],[9.521248817,1.446249962],[9.521248817,1.446527958],[9.52152729,1.446527958],[9.52152729,1.446805954],[9.52180481,1.446805954],[9.52180481,1.447361946],[9.522083282,1.447361946],[9.522083282,1.447639942],[9.522639275,1.447639942],[9.522639275,1.447916031],[9.522916794,1.447916031],[9.522916794,1.448472023],[9.523193359,1.448472023],[9.523193359,1.448750019],[9.523749352,1.448750019],[9.523749352,1.449028015],[9.524026871,1.449028015],[9.524026871,1.449306011],[9.524305344,1.449306011],[9.524305344,1.449584007],[9.524582863,1.449584007],[9.524582863,1.449862003],[9.524862289,1.449862003],[9.524862289,1.450137973],[9.525139809,1.450137973],[9.525139809,1.450415969],[9.525415421,1.450415969],[9.525415421,1.450693965],[9.525695801,1.450693965],[9.525695801,1.450971961],[9.526249886,1.450971961],[9.526249886,1.451249957],[9.526528358,1.451249957],[9.526528358,1.451805949],[9.526805878,1.451805949],[9.526805878,1.452083945],[9.527084351,1.452083945],[9.527084351,1.45263803],[9.52736187,1.45263803],[9.52736187,1.452916026],[9.527917862,1.452916026],[9.527917862,1.453194022],[9.528194427,1.453194022],[9.528194427,1.453472018],[9.528471947,1.453472018],[9.528471947,1.453750014],[9.52875042,1.453750014],[9.52875042,1.45402801],[9.529027939,1.45402801],[9.529027939,1.454306006],[9.529306412,1.454306006],[9.529306412,1.454584002],[9.529862404,1.454584002],[9.529862404,1.454859972],[9.530415535,1.454859972],[9.530415535,1.454584002],[9.530694008,1.454584002],[9.530694008,1.454859972],[9.530971527,1.454859972],[9.530971527,1.455137968],[9.53125,1.455137968],[9.53125,1.455415964],[9.531528473,1.455415964],[9.531528473,1.45569396],[9.531805992,1.45569396],[9.531805992,1.455971956],[9.532361984,1.455971956],[9.532361984,1.456249952],[9.533193588,1.456249952],[9.533193588,1.456529021],[9.533472061,1.456529021],[9.533472061,1.456807017],[9.53374958,1.456807017],[9.53374958,1.457082033],[9.534305573,1.457082033],[9.534305573,1.457360029],[9.534861565,1.457360029],[9.534861565,1.457638025],[9.535694122,1.457638025],[9.535694122,1.457916975],[9.535971642,1.457916975],[9.535971642,1.458194971],[9.536804199,1.458194971],[9.536804199,1.458472967],[9.537084579,1.458472967],[9.537084579,1.458750963],[9.537360191,1.458750963],[9.537360191,1.459305048],[9.537637711,1.459305048],[9.537637711,1.459583044],[9.537916183,1.459583044],[9.537916183,1.45986104],[9.538473129,1.45986104],[9.538473129,1.460139036],[9.538750648,1.460139036],[9.538750648,1.460417032],[9.539029121,1.460417032],[9.539029121,1.460695028],[9.539306641,1.460695028],[9.539306641,1.460973024],[9.539582253,1.460973024],[9.539582253,1.46125102],[9.539860725,1.46125102],[9.539860725,1.462082982],[9.540139198,1.462082982],[9.540139198,1.462360978],[9.540416718,1.462360978],[9.540416718,1.46291697],[9.54069519,1.46291697],[9.54069519,1.463194966],[9.54097271,1.463194966],[9.54097271,1.464027047],[9.541251183,1.464027047],[9.541251183,1.464583039],[9.541528702,1.464583039],[9.541528702,1.465139031],[9.541805267,1.465139031],[9.541805267,1.465970993],[9.542082787,1.465970993],[9.542082787,1.466526985],[9.542361259,1.466526985],[9.542361259,1.467638969],[9.542638779,1.467638969],[9.542638779,1.469027042],[9.542917252,1.469027042],[9.542917252,1.469583035],[9.543194771,1.469583035],[9.543194771,1.471248984],[9.543473244,1.471248984],[9.543473244,1.473194003],[9.543748856,1.473194003],[9.543748856,1.473749995],[9.543473244,1.473749995],[9.543473244,1.475139976],[9.543748856,1.475139976],[9.543748856,1.476250052],[9.543473244,1.476250052],[9.543473244,1.476528049],[9.543748856,1.476528049],[9.543748856,1.476806045],[9.544027328,1.476806045],[9.544029236,1.477084041],[9.544304848,1.477084041],[9.544304848,1.479027987],[9.544583321,1.479027987],[9.544583321,1.479305983],[9.54486084,1.479305983],[9.54486084,1.479859948],[9.545139313,1.479859948],[9.545139313,1.480694056],[9.545416832,1.480694056],[9.545416832,1.481250048],[9.545970917,1.481250048],[9.545970917,1.481528044],[9.546251297,1.481528044],[9.546251297,1.48180604],[9.546526909,1.48180604],[9.546526909,1.482360005],[9.546805382,1.482360005],[9.546805382,1.482915998],[9.547361374,1.482915998],[9.547361374,1.483751059],[9.547638893,1.483751059],[9.547638893,1.484307051],[9.547917366,1.484307051],[9.547917366,1.484459043],[9.547917366,1.484581947],[9.548194885,1.484581947],[9.548194885,1.485139012],[9.548473358,1.485139012],[9.548473358,1.485417008],[9.54874897,1.485417008],[9.54874897,1.485695004],[9.549027443,1.485695004],[9.549027443,1.485973001],[9.550416946,1.485973001],[9.550416946,1.486250997],[9.551527023,1.486250997],[9.551527023,1.485973001],[9.552071571,1.486029983],[9.552083969,1.485695004],[9.552914619,1.485695004],[9.552914619,1.485973001],[9.553471565,1.485973001],[9.553471565,1.485695004],[9.553750038,1.485695004],[9.553750038,1.485973001],[9.554583549,1.485973001],[9.554583549,1.486250997],[9.556249619,1.486250997],[9.556249619,1.486528993],[9.557640076,1.486528993],[9.557640076,1.486804962],[9.55847168,1.486804962],[9.55847168,1.487082958],[9.559862137,1.487082958],[9.559862137,1.486804962],[9.560137749,1.486804962],[9.560137749,1.487082958],[9.560416222,1.487082958],[9.560416222,1.487360954],[9.560972214,1.487360954],[9.560972214,1.48763895],[9.561249733,1.48763895],[9.561249733,1.488194942],[9.561528206,1.488194942],[9.561528206,1.488473058],[9.561805725,1.488473058],[9.561805725,1.488751054],[9.562084198,1.488751054],[9.562084198,1.489305019],[9.56235981,1.489305019],[9.56235981,1.489583015],[9.562638283,1.489583015],[9.562638283,1.490139008],[9.562915802,1.490139008],[9.562915802,1.490695],[9.563194275,1.490695],[9.563194275,1.491248965],[9.563471794,1.491250992],[9.563471794,1.491804957],[9.563750267,1.491804957],[9.563750267,1.492638946],[9.564027786,1.492638946],[9.564027786,1.492916942],[9.564304352,1.492916942],[9.564304352,1.493749022],[9.564584732,1.493749022],[9.564584732,1.494027019],[9.564860344,1.494027019],[9.564860344,1.494305015],[9.565137863,1.494305015],[9.565137863,1.494861007],[9.565694809,1.494861007],[9.565694809,1.495416999],[9.566001892,1.495416999],[9.566250801,1.495416999],[9.566250801,1.495970964],[9.566526413,1.495970964],[9.566526413,1.49635601],[9.566526413,1.496526957],[9.566806793,1.496526957],[9.566806793,1.496955991],[9.566806793,1.497082949],[9.567083359,1.497082949],[9.567087173,1.497387052],[9.567360878,1.497362018],[9.567360878,1.498149991],[9.567360878,1.498471022],[9.567510605,1.498471022],[9.567639351,1.498471022],[9.567639351,1.498749971],[9.56791687,1.498749971],[9.56791687,1.499027967],[9.568195343,1.499027967],[9.568195343,1.499305964],[9.568472862,1.499305964],[9.568472862,1.499861956],[9.568751335,1.499861956],[9.568722725,1.500985026],[9.569028854,1.500972033],[9.569018364,1.501528025],[9.56930542,1.501528025],[9.56930542,1.501806021],[9.569582939,1.501806021],[9.569582939,1.502084017],[9.56930542,1.502084017],[9.569235802,1.502380013],[9.569582939,1.502362013],[9.569582939,1.502915978],[9.569861412,1.502915978],[9.569861412,1.504583955],[9.570138931,1.504583955],[9.570138931,1.505157948],[9.570417404,1.50513804],[9.570417404,1.505416036],[9.570694923,1.505416036],[9.570694923,1.505972028],[9.570973396,1.505972028],[9.570973396,1.507084012],[9.571250916,1.507084012],[9.571250916,1.507637978],[9.571526527,1.507637978],[9.571526527,1.507915974],[9.571805,1.507915974],[9.571805,1.508471966],[9.572083473,1.508471966],[9.572083473,1.509027958],[9.572360992,1.509027958],[9.572360992,1.509305954],[9.572639465,1.509305954],[9.572639465,1.510138035],[9.572916985,1.510138035],[9.572916985,1.510694027],[9.573195457,1.510694027],[9.573195457,1.510972977],[9.573471069,1.510972977],[9.573471069,1.511528969],[9.573748589,1.511528969],[9.57375145,1.511803985],[9.574027061,1.511803985],[9.574027061,1.512081981],[9.57375145,1.512081981],[9.573748589,1.513473034],[9.573471069,1.513473034],[9.573471069,1.514582992],[9.574027061,1.514582992],[9.574027061,1.515138984],[9.574304581,1.515138984],[9.574304581,1.516250968],[9.574583054,1.516250968],[9.574583054,1.517361045],[9.574860573,1.517361045],[9.574860573,1.518195033],[9.575139046,1.518195033],[9.575139046,1.518748999],[9.575416565,1.518748999],[9.575416565,1.519582987],[9.57569313,1.519582987],[9.57569313,1.519860983],[9.575972557,1.519860983],[9.575972557,1.520138979],[9.576249123,1.520138979],[9.576249123,1.520694971],[9.576526642,1.520694971],[9.576526642,1.521249056],[9.576805115,1.521249056],[9.576805115,1.522083044],[9.577082634,1.522083044],[9.577082634,1.522639036],[9.577361107,1.522639036],[9.577361107,1.523748994],[9.577638626,1.523748994],[9.577638626,1.524862051],[9.577918053,1.524862051],[9.577918053,1.525972009],[9.578195572,1.525972009],[9.578195572,1.526250005],[9.578471184,1.526250005],[9.578471184,1.526528001],[9.578748703,1.526528001],[9.578748703,1.526805997],[9.579027176,1.526805997],[9.579027176,1.527083993],[9.578748703,1.527083993],[9.578748703,1.527361989],[9.578471184,1.527361989],[9.578471184,1.527639985],[9.578748703,1.527639985],[9.578748703,1.527915955],[9.579027176,1.527915955],[9.579027176,1.530140042],[9.579305649,1.530140042],[9.579305649,1.530416012],[9.579584122,1.530416012],[9.579584122,1.53125],[9.579861641,1.53125],[9.579861641,1.531805992],[9.580140114,1.531805992],[9.580140114,1.532637954],[9.580417633,1.532637954],[9.580417633,1.533471942],[9.580694199,1.533471942],[9.580694199,1.534306049],[9.580971718,1.534306049],[9.580971718,1.535138011],[9.581250191,1.535138011],[9.581250191,1.535416007],[9.58152771,1.535416007],[9.58152771,1.535971999],[9.581806183,1.535971999],[9.581806183,1.536527991],[9.582083702,1.536527991],[9.582083702,1.537081957],[9.582362175,1.537081957],[9.582362175,1.537359953],[9.582637787,1.537359953],[9.582637787,1.53847301],[9.58291626,1.53847301],[9.58291626,1.538751006],[9.583193779,1.538751006],[9.583193779,1.539304018],[9.583472252,1.539304018],[9.583472252,1.539860964],[9.583749771,1.539860964],[9.583749771,1.54013896],[9.584028244,1.54013896],[9.584028244,1.540416956],[9.584305763,1.540416956],[9.584305763,1.541250944],[9.584584236,1.541250944],[9.584584236,1.541527033],[9.584859848,1.541527033],[9.584859848,1.542083025],[9.585140228,1.542083025],[9.585140228,1.542361021],[9.58541584,1.542361021],[9.58541584,1.542639017],[9.585140228,1.542639017],[9.585140228,1.542917013],[9.585694313,1.542917013],[9.585694313,1.543473005],[9.585971832,1.543473005],[9.585971832,1.544026971],[9.586250305,1.544026971],[9.586250305,1.545416951],[9.586527824,1.545416951],[9.586527824,1.545694947],[9.586806297,1.545694947],[9.586806297,1.545972943],[9.587081909,1.545972943],[9.587083817,1.546527028],[9.587362289,1.546527028],[9.587362289,1.547361016],[9.587637901,1.547361016],[9.587637901,1.548195004],[9.587916374,1.548195004],[9.587916374,1.54874897],[9.588193893,1.54874897],[9.588193893,1.549304962],[9.588472366,1.549304962],[9.588472366,1.549860954],[9.588749886,1.549860954],[9.588749886,1.550696015],[9.589028358,1.550696015],[9.589028358,1.551527023],[9.589305878,1.551527023],[9.589305878,1.552083969],[9.589584351,1.552083969],[9.589584351,1.552361965],[9.590138435,1.552361965],[9.590138435,1.552917957],[9.590415955,1.552917957],[9.590415955,1.553194046],[9.590694427,1.553194046],[9.590694427,1.553472042],[9.590971947,1.553472042],[9.590971947,1.553750038],[9.59125042,1.553750038],[9.59125042,1.55430603],[9.591807365,1.55430603],[9.591807365,1.554862022],[9.592082024,1.554862022],[9.592082024,1.554584026],[9.592359543,1.554584026],[9.592359543,1.554862022],[9.592638016,1.554862022],[9.592638016,1.555693984],[9.592917442,1.555693984],[9.592917442,1.55597198],[9.593194962,1.55597198],[9.593194962,1.556249976],[9.593473434,1.556249976],[9.593473434,1.556805968],[9.593750954,1.556805968],[9.593750954,1.55736196],[9.594025612,1.55736196],[9.594025612,1.557638049],[9.593750954,1.557638049],[9.593750954,1.558472037],[9.594025612,1.558472037],[9.594025612,1.559584022],[9.594306946,1.559584022],[9.594306946,1.560137987],[9.594582558,1.560137987],[9.594582558,1.560693979],[9.594861031,1.560693979],[9.594861031,1.56291604],[9.59513855,1.56291604],[9.59513855,1.564859986],[9.595417023,1.564859986],[9.595417023,1.565695047],[9.595694542,1.565695047],[9.595694542,1.567916989],[9.595417023,1.567916989],[9.595417023,1.568194985],[9.595694542,1.568194985],[9.595694542,1.569026947],[9.595973015,1.569026947],[9.595973015,1.569583058],[9.595694542,1.569583058],[9.595694542,1.570417047],[9.595973015,1.570417047],[9.595973015,1.572082996],[9.595694542,1.572082996],[9.595694542,1.572360992],[9.595973015,1.572360992],[9.595973015,1.574026942],[9.596248627,1.574026942],[9.596248627,1.574305058],[9.596529007,1.574305058],[9.596529007,1.574583054],[9.596804619,1.574583054],[9.596804619,1.57486105],[9.597360611,1.57486105],[9.597360611,1.575139046],[9.597639084,1.575139046],[9.597639084,1.575417042],[9.598195076,1.575417042],[9.598195076,1.575695038],[9.598472595,1.575695038],[9.598472595,1.575971007],[9.59902668,1.575971007],[9.59902668,1.576249003],[9.599582672,1.576249003],[9.599582672,1.576526999],[9.599861145,1.576526999],[9.599861145,1.576804996],[9.600138664,1.576804996],[9.600138664,1.577360988],[9.600417137,1.577360988],[9.600417137,1.577640057],[9.600694656,1.577640057],[9.600694656,1.577918053],[9.600973129,1.577918053],[9.600973129,1.578192949],[9.601248741,1.578192949],[9.601248741,1.578470945],[9.602639198,1.578470945],[9.602639198,1.578748941],[9.603193283,1.578748941],[9.603193283,1.57902801],[9.603470802,1.57902801],[9.60347271,1.579306006],[9.603749275,1.579306006],[9.603749275,1.58069396],[9.604026794,1.58069396],[9.603985786,1.581578016],[9.604305267,1.581527948],[9.60428524,1.581830978],[9.604582787,1.581805944],[9.604582787,1.582083941],[9.605139732,1.582083941],[9.605139732,1.582362056],[9.605695724,1.582362056],[9.605695724,1.582640052],[9.605971336,1.582640052],[9.605971336,1.582916021],[9.606248856,1.582916021],[9.606248856,1.583194017],[9.606528282,1.583194017],[9.606528282,1.583472013],[9.607084274,1.583472013],[9.607084274,1.58375001],[9.607361794,1.58375001],[9.607361794,1.584028006],[9.607640266,1.584028006],[9.607640266,1.584583998],[9.607917786,1.584583998],[9.607917786,1.585137963],[9.608194351,1.585137963],[9.608194351,1.585693955],[9.60847187,1.585693955],[9.60847187,1.585971951],[9.609027863,1.585971951],[9.609027863,1.586249948],[9.609306335,1.586249948],[9.609306335,1.585971951],[9.609583855,1.585971951],[9.609583855,1.585693955],[9.610139847,1.585693955],[9.610139847,1.585415959],[9.610416412,1.585415959],[9.610416412,1.585137963],[9.610972404,1.585137963],[9.610972404,1.584861994],[9.611249924,1.584861994],[9.611249924,1.585137963],[9.612084389,1.585137963],[9.612084389,1.585415959],[9.612360001,1.585415959],[9.612360001,1.585971951],[9.612638474,1.585971951],[9.612638474,1.586806059],[9.612915993,1.586806059],[9.612915993,1.587084055],[9.613194466,1.587084055],[9.613194466,1.587916017],[9.613471985,1.587916017],[9.613471985,1.588194013],[9.613750458,1.588194013],[9.613750458,1.588472009],[9.614027977,1.588472009],[9.614027977,1.589028001],[9.614582062,1.589028001],[9.614582062,1.589305997],[9.614862442,1.589305997],[9.614862442,1.589581966],[9.615138054,1.589581966],[9.615138054,1.589859962],[9.615415573,1.589859962],[9.615415573,1.590137959],[9.615971565,1.590137959],[9.615971565,1.590415955],[9.616527557,1.590415955],[9.616527557,1.590693951],[9.61680603,1.590693951],[9.61680603,1.591251016],[9.617637634,1.591251016],[9.617637634,1.591529012],[9.619029045,1.591529012],[9.619029045,1.591251016],[9.619859695,1.591251016],[9.619859695,1.590971947],[9.620139122,1.590971947],[9.620139122,1.590693951],[9.620416641,1.590693951],[9.620416641,1.590971947],[9.620695114,1.590971947],[9.620695114,1.591251016],[9.621251106,1.591251016],[9.621251106,1.591529012],[9.621528625,1.591529012],[9.621528625,1.591807008],[9.62208271,1.591807008],[9.62208271,1.592082024],[9.622361183,1.592082024],[9.622361183,1.59236002],[9.622917175,1.59236002],[9.622917175,1.592638969],[9.623194695,1.592638969],[9.623194695,1.592916965],[9.623748779,1.592916965],[9.623748779,1.593194962],[9.62402916,1.593194962],[9.62402916,1.593472958],[9.624583244,1.593472958],[9.624583244,1.593750954],[9.624860764,1.593750954],[9.624860764,1.594027042],[9.625416756,1.594027042],[9.625416756,1.594305038],[9.625695229,1.594305038],[9.625695229,1.594583035],[9.626251221,1.594583035],[9.626251221,1.594861031],[9.626526833,1.594861031],[9.626526833,1.595139027],[9.626805305,1.595139027],[9.626805305,1.595973015],[9.626526833,1.595973015],[9.626526833,1.596529007],[9.626251221,1.596529007],[9.626251221,1.597360969],[9.62597084,1.597360969],[9.62597084,1.598194957],[9.625695229,1.598194957],[9.625695229,1.599305034],[9.625416756,1.599305034],[9.625416756,1.59958303],[9.625139236,1.59958303],[9.625139236,1.600695014],[9.624860764,1.600695014],[9.624860764,1.60124898],[9.624583244,1.60124898],[9.624583244,1.601804972],[9.62402916,1.601804972],[9.624076843,1.602677941],[9.623748779,1.60263896],[9.623748779,1.603194952],[9.623473167,1.603194952],[9.623473167,1.603471041],[9.623194695,1.603471041],[9.623194695,1.603821993],[9.623194695,1.604027033],[9.62297821,1.604056954],[9.622917175,1.604184985],[9.622917175,1.604583025],[9.622638702,1.604583025],[9.622638702,1.605139971],[9.62208271,1.605185032],[9.62208271,1.605290055],[9.622010231,1.605417967],[9.621805191,1.605417967],[9.621805191,1.605692983],[9.621528625,1.605692983],[9.621528625,1.605986953],[9.621528625,1.606528044],[9.621251106,1.606528044],[9.621251106,1.607362032],[9.620972633,1.607362032],[9.620972633,1.607640028],[9.620695114,1.607640028],[9.620695114,1.607915998],[9.620083809,1.607921958],[9.620139122,1.60847199],[9.619582176,1.60847199],[9.619582176,1.609027982],[9.619306564,1.609027982],[9.619306564,1.609305978],[9.617916107,1.609305978],[9.617916107,1.60986197],[9.617637634,1.60986197],[9.617637634,1.610138059],[9.617360115,1.610138059],[9.617360115,1.610416055],[9.61680603,1.610416055],[9.61680603,1.610694051],[9.616250038,1.610694051],[9.616250038,1.610972047],[9.615415573,1.610972047],[9.615415573,1.611250043],[9.614501953,1.611250043],[9.61430645,1.611250043],[9.61430645,1.611516953],[9.61430645,1.612637997],[9.614027977,1.612637997],[9.614027977,1.613193989],[9.613750458,1.613193989],[9.613750458,1.613471985],[9.613194466,1.613471985],[9.613194466,1.613749981],[9.612915993,1.613749981],[9.612915993,1.614027977],[9.612638474,1.614027977],[9.612638474,1.614305973],[9.612238884,1.614305973],[9.612084389,1.614305973],[9.612084389,1.61451602],[9.612084389,1.615972042],[9.611805916,1.615972042],[9.611805916,1.617637992],[9.611528397,1.617637992],[9.611528397,1.618751049],[9.611249924,1.618751049],[9.611249924,1.619582057],[9.610972404,1.619582057],[9.610972404,1.620139003],[9.610693932,1.620139003],[9.610693932,1.620694995],[9.610416412,1.620694995],[9.610416412,1.621250987],[9.610139847,1.621250987],[9.610139847,1.621528983],[9.609862328,1.621528983],[9.609862328,1.622082949],[9.609583855,1.622082949],[9.609583855,1.622360945],[9.609306335,1.622360945],[9.609306335,1.622638941],[9.608750343,1.622638941],[9.608750343,1.622917056],[9.60847187,1.622917056],[9.60847187,1.623195052],[9.608194351,1.623195052],[9.608194351,1.622917056],[9.607917786,1.622917056],[9.607917786,1.623749018],[9.607786179,1.623749018],[9.607640266,1.623749018],[9.607640266,1.623473048],[9.607084274,1.623473048],[9.607084274,1.623195052],[9.606805801,1.623195052],[9.606805801,1.622917056],[9.606528282,1.622917056],[9.606528282,1.622638941],[9.606248856,1.622638941],[9.606248856,1.622360945],[9.605139732,1.622360945],[9.605139732,1.622638941],[9.604861259,1.622638941],[9.604861259,1.623473048],[9.605139732,1.623473048],[9.605139732,1.625416994],[9.604861259,1.625416994],[9.604861259,1.626250982],[9.604582787,1.626250982],[9.604582787,1.626804948],[9.604861259,1.626804948],[9.604861259,1.627917051],[9.605139732,1.627917051],[9.605139732,1.628471017],[9.605415344,1.628471017],[9.605415344,1.629860997],[9.605139732,1.629860997],[9.605139732,1.630696058],[9.604861259,1.630696058],[9.604861259,1.631526947],[9.604582787,1.631526947],[9.604582787,1.632918],[9.604305267,1.632918],[9.604305267,1.634027958],[9.604582787,1.634027958],[9.604582787,1.634861946],[9.604861259,1.634861946],[9.604861259,1.635139942],[9.605139732,1.635139942],[9.605139732,1.635416031],[9.605695724,1.635416031],[9.605695724,1.635972023],[9.605971336,1.635972023],[9.605971336,1.636250019],[9.606248856,1.636250019],[9.606248856,1.637084007],[9.606528282,1.637084007],[9.606528282,1.637639999],[9.606805801,1.637639999],[9.606805801,1.637915969],[9.606528282,1.637915969],[9.606528282,1.639027953],[9.606805801,1.639027953],[9.606805801,1.642915964],[9.607084274,1.642915964],[9.607084274,1.643749952],[9.607361794,1.643749952],[9.607361794,1.644027948],[9.607640266,1.644027948],[9.607640266,1.644582033],[9.607917786,1.644582033],[9.607917786,1.645416021],[9.608194351,1.645416021],[9.608194351,1.64736104],[9.60847187,1.64736104],[9.60847187,1.652917027],[9.608194351,1.652917027],[9.608194351,1.653195024],[9.607917786,1.653195024],[9.607917786,1.656527042],[9.608194351,1.656527042],[9.608194351,1.658195972],[9.60847187,1.658195972],[9.60847187,1.661527991],[9.608750343,1.661527991],[9.608750343,1.662083983],[9.609027863,1.662083983],[9.609027863,1.664584041],[9.608750343,1.664584041],[9.608750343,1.66624999],[9.60847187,1.66624999],[9.60847187,1.666805983],[9.608750343,1.666805983],[9.608750343,1.667637944],[9.609027863,1.667637944],[9.609027863,1.667916059],[9.609306335,1.667916059],[9.609306335,1.668194056],[9.609583855,1.668194056],[9.609583855,1.668472052],[9.609862328,1.668472052],[9.609862328,1.668750048],[9.610139847,1.668750048],[9.610139847,1.669028044],[9.610416412,1.669028044],[9.610416412,1.66930604],[9.610693932,1.66930604],[9.610693932,1.669582009],[9.610972404,1.669582009],[9.610972404,1.670415998],[9.611249924,1.670415998],[9.611249924,1.670693994],[9.611528397,1.670693994],[9.611528397,1.67097199],[9.611805916,1.67097199],[9.611805916,1.671249986],[9.612360001,1.671249986],[9.612360001,1.671529055],[9.612638474,1.671529055],[9.612638474,1.672081947],[9.612915993,1.672085047],[9.612915993,1.672359943],[9.613194466,1.672359943],[9.613194466,1.672917008],[9.613471985,1.672917008],[9.613471985,1.673195004],[9.614027977,1.673195004],[9.614027977,1.673473001],[9.614862442,1.673473001],[9.614862442,1.673195004],[9.615971565,1.673195004],[9.615971565,1.673473001],[9.616250038,1.673473001],[9.616250038,1.673750997],[9.616527557,1.673750997],[9.616527557,1.674028993],[9.617083549,1.674028993],[9.617083549,1.674304962],[9.617360115,1.674304962],[9.617360115,1.674582958],[9.617916107,1.674582958],[9.617916107,1.674860954],[9.618193626,1.674860954],[9.618193626,1.67513895],[9.618472099,1.67513895],[9.618472099,1.675416946],[9.618750572,1.675416946],[9.618750572,1.675694942],[9.619029045,1.675694942],[9.619029045,1.676251054],[9.619306564,1.676251054],[9.619306564,1.677083015],[9.619859695,1.677083015],[9.619859695,1.677639008],[9.620139122,1.677639008],[9.620139122,1.677917004],[9.620695114,1.677917004],[9.620695114,1.678472996],[9.620972633,1.678472996],[9.620972633,1.679026961],[9.621251106,1.679026961],[9.621251106,1.679304957],[9.621528625,1.679304957],[9.621528625,1.679582953],[9.621805191,1.679582953],[9.621805191,1.681249022],[9.621528625,1.681249022],[9.621528625,1.681527019],[9.621805191,1.681527019],[9.621805191,1.682083011],[9.62208271,1.682083011],[9.62208271,1.682639003],[9.622361183,1.682639003],[9.622361183,1.682916999],[9.622638702,1.682916999],[9.622638702,1.68374896],[9.623194695,1.68374896],[9.623194695,1.684304953],[9.623473167,1.684304953],[9.623473167,1.684860945],[9.62402916,1.684860945],[9.62402916,1.685140014],[9.624304771,1.685140014],[9.624304771,1.68541801],[9.624583244,1.68541801],[9.624583244,1.685693026],[9.624860764,1.685693026],[9.624860764,1.685971022],[9.625416756,1.685971022],[9.625416756,1.685693026],[9.62597084,1.685693026],[9.62597084,1.685971022],[9.626526833,1.685971022],[9.626526833,1.686249018],[9.626805305,1.686249018],[9.626805305,1.68708396],[9.627082825,1.68708396],[9.627082825,1.687361956],[9.627361298,1.687361956],[9.627361298,1.687917948],[9.62791729,1.687917948],[9.62791729,1.688194036],[9.628194809,1.688194036],[9.628194809,1.688472033],[9.628473282,1.688472033],[9.628473282,1.688750029],[9.628748894,1.688750029],[9.628748894,1.689028025],[9.629027367,1.689028025],[9.629027367,1.689862013],[9.629304886,1.689862013],[9.629304886,1.690140009],[9.629583359,1.690140009],[9.629583359,1.690693974],[9.630139351,1.690693974],[9.630139351,1.690971971],[9.63041687,1.690971971],[9.63041687,1.691249967],[9.630695343,1.691249967],[9.630695343,1.691527963],[9.630970955,1.691527963],[9.630970955,1.691805959],[9.631526947,1.691805959],[9.631526947,1.692083955],[9.632082939,1.692083955],[9.632082939,1.692361951],[9.632639885,1.692361951],[9.632639885,1.69263804],[9.633749962,1.69263804],[9.633749962,1.692916036],[9.634305954,1.692916036],[9.634305954,1.69263804],[9.634584427,1.69263804],[9.634584427,1.692361951],[9.63569355,1.692361951],[9.63569355,1.69263804],[9.636528015,1.69263804],[9.636528015,1.692916036],[9.636805534,1.692916036],[9.636805534,1.693194032],[9.637361526,1.693194032],[9.637361526,1.693472028],[9.638750076,1.693472028],[9.638750076,1.693750024],[9.639583588,1.693750024],[9.639583588,1.694306016],[9.639862061,1.694306016],[9.639862061,1.694584012],[9.640416145,1.694584012],[9.640416145,1.694859982],[9.640693665,1.694859982],[9.640693665,1.695137978],[9.640972137,1.695137978],[9.640972137,1.69569397],[9.641249657,1.69569397],[9.641249657,1.695971966],[9.641805649,1.695971966],[9.641805649,1.696249962],[9.642082214,1.696249962],[9.642082214,1.696805954],[9.642359734,1.696805954],[9.642359734,1.69708395],[9.642638206,1.69708395],[9.642638206,1.697638035],[9.642915726,1.697638035],[9.642915726,1.697916031],[9.643194199,1.697916031],[9.643194199,1.698194027],[9.643471718,1.698194027],[9.643471718,1.698472023],[9.643750191,1.698472023],[9.643750191,1.699303985],[9.64402771,1.699303985],[9.64402771,1.699581981],[9.644304276,1.699581981],[9.644304276,1.699859977],[9.644584656,1.699859977],[9.644584656,1.700695038],[9.644860268,1.700695038],[9.644860268,1.70125103],[9.645137787,1.70125103],[9.645137787,1.701804996],[9.64541626,1.701807022],[9.64541626,1.702360988],[9.645693779,1.702360988],[9.645693779,1.702638984],[9.645973206,1.702638984],[9.645973206,1.703194976],[9.646806717,1.703194976],[9.646806717,1.703472972],[9.647639275,1.703472972],[9.647639275,1.703750968],[9.648195267,1.703750968],[9.648195267,1.704027057],[9.648751259,1.704027057],[9.648751259,1.704305053],[9.649582863,1.704305053],[9.64958477,1.704861045],[9.650138855,1.704861045],[9.650138855,1.705139041],[9.650417328,1.705139041],[9.650417328,1.705417037],[9.650694847,1.705417037],[9.650694847,1.705695033],[9.651804924,1.705695033],[9.651804924,1.705417037],[9.652360916,1.705417037],[9.652360916,1.705695033],[9.65486145,1.705695033],[9.65486145,1.705973029],[9.655138969,1.705973029],[9.655138969,1.706248999],[9.655973434,1.706248999],[9.655973434,1.706804991],[9.656249046,1.706804991],[9.656249046,1.707082987],[9.656805038,1.707082987],[9.656805038,1.707360983],[9.657082558,1.707360983],[9.657082558,1.707916975],[9.657361031,1.707916975],[9.657361031,1.708472967],[9.65763855,1.708472967],[9.65763855,1.708749056],[9.657917023,1.708749056],[9.657917023,1.709583044],[9.658196449,1.709583044],[9.658196449,1.710417032],[9.658471107,1.710417032],[9.658471107,1.710970998],[9.658748627,1.710970998],[9.658748627,1.711248994],[9.6590271,1.711248994],[9.6590271,1.71152699],[9.659304619,1.71152699],[9.659304619,1.711804986],[9.659584045,1.711804986],[9.659584045,1.712362051],[9.659861565,1.712362051],[9.659861565,1.712918043],[9.660140038,1.712918043],[9.660140038,1.713471055],[9.660417557,1.713471055],[9.660417557,1.713750005],[9.660693169,1.713750005],[9.660693169,1.714583993],[9.660971642,1.714583993],[9.660971642,1.714861989],[9.661250114,1.714861989],[9.661250114,1.715415955],[9.661527634,1.715415955],[9.661527634,1.715971947],[9.661806107,1.715971947],[9.661806107,1.716249943],[9.662083626,1.716249943],[9.662083626,1.716806054],[9.662362099,1.716806054],[9.662362099,1.717362046],[9.662637711,1.717362046],[9.662637711,1.717640042],[9.663193703,1.717640042],[9.663193703,1.718194008],[9.663472176,1.718194008],[9.663472176,1.71875],[9.663749695,1.71875],[9.663749695,1.719027996],[9.664305687,1.719027996],[9.664305687,1.719583988],[9.66458416,1.719583988],[9.664526939,1.720173955],[9.664859772,1.720137954],[9.664859772,1.72041595],[9.665140152,1.72041595],[9.665079117,1.72101295],[9.665415764,1.720971942],[9.665415764,1.721528053],[9.665694237,1.721528053],[9.665637016,1.721845031],[9.665971756,1.721806049],[9.665971756,1.722084045],[9.666527748,1.722084045],[9.666527748,1.722360015],[9.666806221,1.722360015],[9.666806221,1.722638011],[9.66708374,1.722638011],[9.66708374,1.723194003],[9.667362213,1.723194003],[9.667362213,1.723471999],[9.667637825,1.723471999],[9.667637825,1.723749995],[9.667916298,1.723749995],[9.667916298,1.724027991],[9.668193817,1.724027991],[9.668193817,1.724305987],[9.66847229,1.724305987],[9.66847229,1.724581957],[9.668749809,1.724585056],[9.668749809,1.725137949],[9.669028282,1.725137949],[9.669028282,1.725693941],[9.669305801,1.725693941],[9.669305801,1.726251006],[9.669584274,1.726251006],[9.669584274,1.726529002],[9.669859886,1.726529002],[9.669859886,1.727082014],[9.670138359,1.727082014],[9.670138359,1.72763896],[9.670694351,1.72763896],[9.670694351,1.728194952],[9.67097187,1.728194952],[9.67097187,1.728472948],[9.671250343,1.728472948],[9.671250343,1.729029059],[9.671527863,1.729029059],[9.671527863,1.729583025],[9.671804428,1.729583025],[9.671804428,1.729861021],[9.672081947,1.729861021],[9.672081947,1.730417013],[9.67236042,1.730417013],[9.67236042,1.730973005],[9.672637939,1.730973005],[9.672637939,1.731804967],[9.672916412,1.731804967],[9.672916412,1.732082963],[9.673194885,1.732082963],[9.673194885,1.732638955],[9.673473358,1.732638955],[9.673473358,1.732916951],[9.673750877,1.732916951],[9.673750877,1.733194947],[9.674025536,1.733194947],[9.674025536,1.734027028],[9.673750877,1.734027028],[9.673750877,1.734125018],[9.673750877,1.73458302],[9.674025536,1.73458302],[9.674025536,1.734861016],[9.67430687,1.734861016],[9.67430687,1.735970974],[9.674583435,1.735970974],[9.674583435,1.73624897],[9.674860954,1.73624897],[9.674860954,1.736804962],[9.675139427,1.736804962],[9.675139427,1.737082958],[9.675416946,1.737082958],[9.675416946,1.737360954],[9.675695419,1.737360954],[9.675695419,1.73763895],[9.676030159,1.73765099],[9.675972939,1.737916946],[9.676255226,1.737916946],[9.676528931,1.737916946],[9.67646122,1.738237023],[9.676804543,1.738196015],[9.676804543,1.738471031],[9.677083015,1.738471031],[9.677083015,1.739027023],[9.677360535,1.739027023],[9.677360535,1.739305019],[9.677916527,1.739305019],[9.677916527,1.739583969],[9.678195,1.739583969],[9.678195,1.739861965],[9.678473473,1.739861965],[9.678473473,1.740417957],[9.678750992,1.740417957],[9.678750992,1.740692973],[9.679026604,1.740692973],[9.679026604,1.741250038],[9.679306984,1.741250038],[9.679306984,1.741528034],[9.679582596,1.741528034],[9.679582596,1.742084026],[9.679861069,1.742084026],[9.679861069,1.742640018],[9.680138588,1.742640018],[9.680138588,1.74347198],[9.680417061,1.74347198],[9.680417061,1.744027972],[9.68069458,1.744027972],[9.68069458,1.744583964],[9.680973053,1.744583964],[9.680923462,1.745172024],[9.681248665,1.745138049],[9.681248665,1.745416045],[9.681527138,1.745416045],[9.681469917,1.746011019],[9.681804657,1.745972037],[9.681804657,1.746528029],[9.681912422,1.746528029],[9.682360649,1.746528029],[9.682360649,1.746651053],[9.682360649,1.746806026],[9.682924271,1.746806026],[9.682916641,1.747084022],[9.683472633,1.747084022],[9.683472633,1.747362018],[9.683749199,1.747362018],[9.683749199,1.747637987],[9.684026718,1.747637987],[9.684026718,1.747915983],[9.684305191,1.747915983],[9.684305191,1.748471975],[9.68458271,1.748471975],[9.68458271,1.748749971],[9.685138702,1.748749971],[9.685138702,1.749027967],[9.68597126,1.749027967],[9.68597126,1.748749971],[9.686527252,1.748749971],[9.686527252,1.748471975],[9.68764019,1.748471975],[9.68764019,1.748749971],[9.687917709,1.748749971],[9.687917709,1.749027967],[9.688194275,1.749027967],[9.688194275,1.749305964],[9.689583778,1.749305964],[9.689583778,1.749027967],[9.689862251,1.749027967],[9.689862251,1.748749971],[9.689583778,1.748749971],[9.689583778,1.748471975],[9.689862251,1.748471975],[9.689862251,1.748193979],[9.689583778,1.748193979],[9.689583778,1.747915983],[9.689306259,1.747915983],[9.689306259,1.747637987],[9.689027786,1.747637987],[9.689027786,1.74733901],[9.689027786,1.747084022],[9.689862251,1.747084022],[9.689862251,1.747362018],[9.690139771,1.747362018],[9.690139771,1.747637987],[9.690416336,1.747637987],[9.690416336,1.747915983],[9.690972328,1.747915983],[9.690972328,1.748193979],[9.691249847,1.748193979],[9.691249847,1.748471975],[9.69180584,1.748471975],[9.69180584,1.748749971],[9.693471909,1.748749971],[9.693471909,1.749027967],[9.693750381,1.749027967],[9.693750381,1.749305964],[9.694581985,1.749305964],[9.694581985,1.74958396],[9.695137978,1.74958396],[9.695137978,1.749860048],[9.695416451,1.749860048],[9.695416451,1.750138044],[9.69569397,1.750138044],[9.69569397,1.750694036],[9.696249962,1.750694036],[9.696249962,1.750972033],[9.696528435,1.750972033],[9.696528435,1.751250029],[9.696805954,1.751250029],[9.696805954,1.751528025],[9.697084427,1.751528025],[9.697084427,1.751806974],[9.697360039,1.751806974],[9.697360039,1.75208199],[9.697637558,1.75208199],[9.697637558,1.752915978],[9.697916031,1.752915978],[9.697916031,1.753195047],[9.69819355,1.753195047],[9.69819355,1.753473043],[9.6995821,1.753473043],[9.6995821,1.75375104],[9.700138092,1.75375104],[9.700138092,1.754029036],[9.700416565,1.754029036],[9.700416565,1.754304051],[9.700695038,1.754307032],[9.700695038,1.754582047],[9.700972557,1.754582047],[9.700972557,1.754307032],[9.70125103,1.754307032],[9.70125103,1.754582047],[9.702638626,1.754582047],[9.702638626,1.754860997],[9.702917099,1.754860997],[9.702917099,1.755138993],[9.703194618,1.755138993],[9.703194618,1.755416989],[9.704304695,1.755416989],[9.704304695,1.755694985],[9.704860687,1.755694985],[9.704860687,1.755972981],[9.705416679,1.755972981],[9.705416679,1.756250978],[9.705695152,1.756250978],[9.705695152,1.756528974],[9.705972672,1.756528974],[9.705972672,1.756804943],[9.706251144,1.756804943],[9.706251144,1.757083058],[9.706805229,1.757083058],[9.706805229,1.757361054],[9.707082748,1.757361054],[9.707082748,1.75763905],[9.707361221,1.75763905],[9.707361221,1.758195043],[9.707638741,1.758195043],[9.707638741,1.758473039],[9.707917213,1.758473039],[9.707917213,1.758751035],[9.708194733,1.758751035],[9.708194733,1.759027004],[9.708473206,1.759027004],[9.708473206,1.759305],[9.708748817,1.759305],[9.708748817,1.759582996],[9.709029198,1.759582996],[9.709029198,1.759860992],[9.709583282,1.759860992],[9.709583282,1.760138988],[9.710139275,1.760138988],[9.710139275,1.760416985],[9.710416794,1.760416985],[9.710416794,1.760694981],[9.710695267,1.760694981],[9.710695267,1.76097095],[9.710970879,1.760972977],[9.710970879,1.761526942],[9.711249352,1.761526942],[9.711249352,1.761805058],[9.711526871,1.761805058],[9.711526871,1.762083054],[9.712082863,1.762083054],[9.712082863,1.76236105],[9.712361336,1.76236105],[9.712361336,1.762639046],[9.712639809,1.762639046],[9.712639809,1.762917042],[9.712915421,1.762917042],[9.712915421,1.763195038],[9.713471413,1.763195038],[9.713471413,1.763749003],[9.713748932,1.763749003],[9.713748932,1.764026999],[9.714305878,1.764026999],[9.714305878,1.764860988],[9.714584351,1.764860988],[9.714584351,1.765418053],[9.71486187,1.765418053],[9.71486187,1.765692949],[9.715136528,1.765692949],[9.715140343,1.765970945],[9.715417862,1.765970945],[9.715417862,1.766248941],[9.715694427,1.766248941],[9.715694427,1.766527057],[9.715971947,1.766527057],[9.715971947,1.766806006],[9.71625042,1.766806006],[9.71625042,1.767084002],[9.716527939,1.767084002],[9.716527939,1.767361999],[9.716806412,1.767361999],[9.716806412,1.767639995],[9.717083931,1.767639995],[9.717083931,1.767917991],[9.717362404,1.767917991],[9.717362404,1.768193007],[9.717639923,1.768193007],[9.717639923,1.768749952],[9.717915535,1.768749952],[9.717915535,1.769027948],[9.718194008,1.769027948],[9.718194008,1.769305944],[9.71875,1.769305944],[9.71875,1.769583941],[9.719028473,1.769583941],[9.719028473,1.769862056],[9.719305992,1.769862056],[9.719305992,1.770416021],[9.719584465,1.770416021],[9.719584465,1.770694017],[9.719861984,1.770694017],[9.719861984,1.77125001],[9.720137596,1.77125001],[9.720137596,1.771528006],[9.720416069,1.771528006],[9.720416069,1.771806002],[9.720693588,1.771806002],[9.720693588,1.772083998],[9.720972061,1.772083998],[9.720972061,1.772361994],[9.72124958,1.772361994],[9.72124958,1.772637963],[9.721528053,1.772637963],[9.721528053,1.772915959],[9.722082138,1.772915959],[9.722082138,1.773471951],[9.722361565,1.773471951],[9.722361565,1.773749948],[9.72263813,1.773749948],[9.72263813,1.774027944],[9.722915649,1.774027944],[9.722915649,1.774306059],[9.723194122,1.774306059],[9.723194122,1.774584055],[9.723471642,1.774584055],[9.723471642,1.775138021],[9.724027634,1.775138021],[9.724027634,1.775416017],[9.724304199,1.775416017],[9.724304199,1.775694013],[9.724583626,1.775694013],[9.724583626,1.775972009],[9.724860191,1.775972009],[9.724860191,1.776250005],[9.725416183,1.776250005],[9.725416183,1.776805997],[9.725693703,1.776805997],[9.725693703,1.777081966],[9.725972176,1.777081966],[9.725972176,1.777637959],[9.726250648,1.777637959],[9.726250648,1.777915955],[9.726529121,1.777915955],[9.726529121,1.778471947],[9.726806641,1.778471947],[9.726806641,1.778749943],[9.727082253,1.778749943],[9.727082253,1.779307008],[9.727359772,1.779307008],[9.727359772,1.779582024],[9.727639198,1.779582024],[9.727639198,1.780138016],[9.727916718,1.780138016],[9.727916718,1.780416965],[9.72819519,1.780416965],[9.72819519,1.780694962],[9.72847271,1.780694962],[9.72847271,1.780972958],[9.729028702,1.780972958],[9.729028702,1.78152895],[9.729305267,1.78152895],[9.729305267,1.782083035],[9.729582787,1.782083035],[9.729582787,1.782361031],[9.729861259,1.782361031],[9.729861259,1.782917023],[9.730138779,1.782917023],[9.730138779,1.783195019],[9.730417252,1.783195019],[9.730417252,1.783751011],[9.730694771,1.783751011],[9.730694771,1.784304976],[9.730973244,1.784304976],[9.730973244,1.784582973],[9.731250763,1.784582973],[9.731250763,1.785138965],[9.731527328,1.785138965],[9.731529236,1.785694957],[9.731804848,1.785694957],[9.731804848,1.785972953],[9.732083321,1.785972953],[9.732083321,1.786250949],[9.73236084,1.786250949],[9.73236084,1.786527038],[9.732639313,1.786527038],[9.732639313,1.786805034],[9.732916832,1.786805034],[9.732916832,1.78708303],[9.733195305,1.78708303],[9.733195305,1.787361026],[9.733470917,1.787361026],[9.733470917,1.787639022],[9.733751297,1.787639022],[9.733751297,1.789026976],[9.734305382,1.789026976],[9.734305382,1.789304972],[9.734026909,1.789304972],[9.734026909,1.789582968],[9.734582901,1.789582968],[9.734582901,1.789026976],[9.734861374,1.789026976],[9.734861374,1.789304972],[9.735138893,1.789304972],[9.735138893,1.789860964],[9.735417366,1.789860964],[9.735417366,1.79013896],[9.735694885,1.79013896],[9.735694885,1.790971041],[9.735973358,1.790971041],[9.735973358,1.792083025],[9.73624897,1.792083025],[9.73624897,1.793195963],[9.736527443,1.793195963],[9.736527443,1.793748975],[9.736804962,1.793748975],[9.736804962,1.79430604],[9.737360954,1.79430604],[9.737360954,1.794584036],[9.737639427,1.794584036],[9.737639427,1.795140028],[9.737916946,1.795140028],[9.737916946,1.79597199],[9.738195419,1.79597199],[9.738195419,1.796527982],[9.738752365,1.796527982],[9.738752365,1.797083974],[9.739027023,1.797083974],[9.739027023,1.797639966],[9.739304543,1.797639966],[9.739304543,1.797916055],[9.739583015,1.797916055],[9.739583015,1.798194051],[9.739862442,1.798194051],[9.739862442,1.799862027],[9.739583015,1.799862027],[9.739583015,1.800137997],[9.739304543,1.800137997],[9.739304543,1.800415993],[9.739583015,1.800415993],[9.739583015,1.800971985],[9.739862442,1.800971985],[9.739862442,1.801527977],[9.740139961,1.801527977],[9.740139961,1.801805973],[9.740418434,1.801805973],[9.740418434,1.802083969],[9.740693092,1.802083969],[9.740693092,1.802360058],[9.740970612,1.802360058],[9.740970612,1.80291605],[9.741250038,1.80291605],[9.741250038,1.803750038],[9.740970612,1.803750038],[9.740970612,1.803472042],[9.740693092,1.803472042],[9.740693092,1.80430603],[9.740970612,1.80430603],[9.740970612,1.805137992],[9.741250038,1.805137992],[9.741250038,1.805693984],[9.741527557,1.805693984],[9.741527557,1.806251049],[9.74180603,1.806251049],[9.74180603,1.807082057],[9.742083549,1.807082057],[9.742083549,1.809304953],[9.742362022,1.809304953],[9.742362022,1.809860945],[9.742637634,1.809860945],[9.742591858,1.811270952],[9.742918015,1.811251044],[9.742918015,1.81180501],[9.742839813,1.81180501],[9.742637634,1.81180501],[9.742637634,1.812083006],[9.742918015,1.812083006],[9.742918015,1.812361002],[9.743114471,1.812361002],[9.743193626,1.812361002],[9.743193626,1.812572956],[9.743193626,1.813472986],[9.743472099,1.813472986],[9.743472099,1.813678026],[9.743472099,1.813750982],[9.743749619,1.813750982],[9.743749619,1.815139055],[9.743472099,1.815139055],[9.743472099,1.815417051],[9.743749619,1.815417051],[9.743749619,1.815695047],[9.744028091,1.815695047],[9.744028091,1.818470955],[9.743749619,1.818470955],[9.743749619,1.820140004],[9.743193626,1.820140004],[9.743193626,1.820418],[9.743472099,1.820418],[9.743472099,1.820971012],[9.743749619,1.820971012],[9.743749619,1.821249008],[9.743472099,1.821249008],[9.743472099,1.821805954],[9.743193626,1.821805954],[9.743193626,1.82208395],[9.742918015,1.82208395],[9.742918015,1.822361946],[9.742678642,1.822363973],[9.742655754,1.822639942],[9.742083549,1.822639942],[9.742083549,1.822361946],[9.74180603,1.822361946],[9.74180603,1.822639942],[9.741527557,1.822639942],[9.741527557,1.822918057],[9.74180603,1.822918057],[9.74180603,1.823194027],[9.742083549,1.823194027],[9.742083549,1.823472023],[9.742589951,1.823472023],[9.743472099,1.823472023],[9.743472099,1.824028015],[9.743749619,1.824028015],[9.743749619,1.824584007],[9.744028091,1.824584007],[9.744028091,1.824862003],[9.744305611,1.824862003],[9.744305611,1.825415969],[9.744028091,1.825415969],[9.744028091,1.825693965],[9.744305611,1.825693965],[9.744305611,1.82763803],[9.744028091,1.82763803],[9.744028091,1.827916026],[9.744305611,1.827916026],[9.744305611,1.830137968],[9.744584084,1.830137968],[9.744584084,1.829584002],[9.744859695,1.829584002],[9.744859695,1.829306006],[9.745415688,1.829306006],[9.745415688,1.832360029],[9.746250153,1.832360029],[9.746250153,1.832916021],[9.74569416,1.832916021],[9.74569416,1.834859967],[9.745415688,1.834859967],[9.745415688,1.835973024],[9.745140076,1.835973024],[9.745140076,1.837638974],[9.745415688,1.837638974],[9.745415688,1.837360978],[9.747362137,1.837360978],[9.747362137,1.837082982],[9.747916222,1.837082982],[9.747916222,1.836529016],[9.748193741,1.83652699],[9.748193741,1.83625102],[9.748749733,1.83625102],[9.748749733,1.835973024],[9.749305725,1.835973024],[9.749305725,1.835695028],[9.74985981,1.835695028],[9.74985981,1.835417032],[9.750138283,1.835417032],[9.750138283,1.835139036],[9.750694275,1.835139036],[9.750694275,1.834859967],[9.751527786,1.834859967],[9.751527786,1.834581971],[9.751804352,1.834581971],[9.751804352,1.834303975],[9.752360344,1.834303975],[9.752360344,1.834028959],[9.752637863,1.834028959],[9.752637863,1.833750963],[9.753193855,1.833750963],[9.753193855,1.833472967],[9.754026413,1.833472967],[9.754026413,1.833194017],[9.754582405,1.833194017],[9.754582405,1.832916021],[9.754860878,1.832916021],[9.754860878,1.832638025],[9.755139351,1.832638025],[9.755139351,1.832360029],[9.75541687,1.832360029],[9.75541687,1.832082033],[9.756251335,1.832082033],[9.756251335,1.831805944],[9.75680542,1.831805944],[9.75680542,1.832082033],[9.757082939,1.832082033],[9.757082939,1.832916021],[9.75680542,1.832916021],[9.75680542,1.833194017],[9.755972862,1.833194017],[9.755972862,1.833472967],[9.755695343,1.833472967],[9.755695343,1.833750963],[9.75541687,1.833750963],[9.75541687,1.834028959],[9.754860878,1.834028959],[9.754860878,1.834303975],[9.754306793,1.834303975],[9.754306793,1.834581971],[9.753473282,1.834581971],[9.753473282,1.834859967],[9.752916336,1.834859967],[9.752916336,1.835139036],[9.752637863,1.835139036],[9.752637863,1.835417032],[9.752084732,1.835417032],[9.752084732,1.835973024],[9.751804352,1.835973024],[9.751804352,1.83625102],[9.751527786,1.83625102],[9.751527786,1.836529016],[9.750415802,1.836529016],[9.750415802,1.836804986],[9.750138283,1.836804986],[9.750138283,1.837082982],[9.74985981,1.837082982],[9.74985981,1.837360978],[9.748749733,1.837360978],[9.748749733,1.837638974],[9.748472214,1.837638974],[9.748472214,1.83791697],[9.748193741,1.83791697],[9.748193741,1.838194966],[9.747637749,1.838194966],[9.747637749,1.838472962],[9.745415688,1.838472962],[9.745415688,1.838194966],[9.745140076,1.838194966],[9.745140076,1.838750958],[9.743472099,1.838750958],[9.743472099,1.839027047],[9.743193626,1.839027047],[9.743193626,1.839305043],[9.742918015,1.839305043],[9.742918015,1.840417027],[9.742637634,1.840417027],[9.742637634,1.841248989],[9.742362022,1.841248989],[9.742362022,1.841804981],[9.742083549,1.841804981],[9.742083549,1.842360973],[9.74180603,1.842360973],[9.74180603,1.842702985],[9.74180603,1.843194962],[9.742083549,1.843194962],[9.742083549,1.843749046],[9.742362022,1.843749046],[9.742362022,1.844305038],[9.742637634,1.844305038],[9.742637634,1.844583035],[9.742918015,1.844583035],[9.742918015,1.845417023],[9.743193626,1.845417023],[9.743193626,1.845695972],[9.743472099,1.845695972],[9.743472099,1.845970988],[9.744305611,1.845970988],[9.744305611,1.846248984],[9.744584084,1.846248984],[9.744584084,1.84652698],[9.744859695,1.84652698],[9.744861603,1.846804976],[9.745140076,1.846804976],[9.745140076,1.847362041],[9.745415688,1.847362041],[9.745415688,1.847082973],[9.74569416,1.847082973],[9.74569416,1.847362041],[9.74597168,1.847362041],[9.74597168,1.848471045],[9.746250153,1.848471045],[9.746250153,1.848749995],[9.746527672,1.848749995],[9.746527672,1.849305987],[9.746806145,1.849305987],[9.746806145,1.849861979],[9.747362137,1.849861979],[9.747362137,1.850139976],[9.747637749,1.850139976],[9.747637749,1.850415945],[9.747916222,1.850415945],[9.747916222,1.850693941],[9.748472214,1.850693941],[9.748472214,1.850972056],[9.749028206,1.850972056],[9.749028206,1.851250052],[9.749305725,1.851250052],[9.749305725,1.851528049],[9.749584198,1.851528049],[9.749584198,1.852084041],[9.74985981,1.852084041],[9.74985981,1.852362037],[9.750138283,1.852362037],[9.750138283,1.852638006],[9.750415802,1.852638006],[9.750415802,1.852916002],[9.750694275,1.852916002],[9.750694275,1.853193998],[9.751250267,1.853193998],[9.751250267,1.853471994],[9.751527786,1.853471994],[9.751527786,1.85374999],[9.754977226,1.85374999],[9.75541687,1.85374999],[9.75541687,1.854027987],[9.755695343,1.854027987],[9.755695343,1.854125977],[9.755695343,1.854305983],[9.755984306,1.854305983],[9.756528854,1.854305983],[9.756528854,1.854642987],[9.756528854,1.854861975],[9.75680542,1.854861975],[9.75680542,1.856528044],[9.757082939,1.856528044],[9.757082939,1.85680604],[9.757361412,1.85680604],[9.757361412,1.857360005],[9.757638931,1.857360005],[9.757638931,1.859027982],[9.757917404,1.859027982],[9.757917404,1.859859943],[9.758194923,1.859859943],[9.758194923,1.860416055],[9.758473396,1.860416055],[9.758473396,1.860694051],[9.758750916,1.860694051],[9.758750916,1.861250997],[9.759026527,1.861250997],[9.759026527,1.861528993],[9.759305,1.861528993],[9.759305,1.861804008],[9.759583473,1.861804008],[9.759583473,1.862082005],[9.760139465,1.862082005],[9.760139465,1.862360954],[9.760416985,1.862360954],[9.760416985,1.862916946],[9.760940552,1.862916946],[9.761248589,1.862916946],[9.761248589,1.863194942],[9.760882378,1.863194942],[9.760416985,1.863194942],[9.760416985,1.864305019],[9.76064682,1.864305019],[9.760972977,1.864305019],[9.760972977,1.864583015],[9.761248589,1.864583015],[9.76125145,1.865417004],[9.761527061,1.865417004],[9.761527061,1.865695],[9.761804581,1.865695],[9.761804581,1.865972996],[9.762639046,1.865972996],[9.762639046,1.866248965],[9.76319313,1.866250992],[9.76319313,1.866526961],[9.763472557,1.866526961],[9.763472557,1.866804957],[9.764026642,1.866804957],[9.764026642,1.867082953],[9.764305115,1.867082953],[9.764305115,1.86736095],[9.764582634,1.86736095],[9.764582634,1.867640972],[9.765138626,1.867638946],[9.765138626,1.867916942],[9.765417099,1.867916942],[9.765417099,1.868195057],[9.765695572,1.868195057],[9.765695572,1.868473053],[9.765971184,1.868473053],[9.765971184,1.868749022],[9.766527176,1.868749022],[9.766527176,1.869027019],[9.766804695,1.869027019],[9.766804695,1.869305015],[9.767361641,1.869305015],[9.767361641,1.869583011],[9.767917633,1.869583011],[9.767917633,1.869861007],[9.768473625,1.869861007],[9.768473625,1.870139003],[9.768750191,1.870139003],[9.768750191,1.870416999],[9.76902771,1.870416999],[9.76902771,1.870970964],[9.769862175,1.870970964],[9.769862175,1.87124896],[9.770139694,1.87124896],[9.770139694,1.871526957],[9.770693779,1.871526957],[9.770693779,1.87124896],[9.770972252,1.87124896],[9.770972252,1.870970964],[9.771249771,1.870970964],[9.771249771,1.870694995],[9.771528244,1.870694995],[9.771528244,1.870139003],[9.774306297,1.870139003],[9.774306297,1.870694995],[9.774581909,1.870694995],[9.774583817,1.870970964],[9.774862289,1.870970964],[9.774862289,1.87124896],[9.775137901,1.87124896],[9.775137901,1.871526957],[9.775416374,1.871526957],[9.775416374,1.871804953],[9.775693893,1.871804953],[9.775693893,1.872082949],[9.775972366,1.872082949],[9.775972366,1.872360945],[9.776249886,1.872360945],[9.776249886,1.87291801],[9.776528358,1.87291801],[9.776528358,1.873471022],[9.776805878,1.873471022],[9.776805878,1.87458396],[9.777084351,1.87458396],[9.777084351,1.874861956],[9.777359962,1.874861956],[9.777359962,1.875417948],[9.778194427,1.875417948],[9.778194427,1.875972033],[9.77875042,1.875972033],[9.77875042,1.876250029],[9.780138016,1.876250029],[9.780138016,1.876528025],[9.781525612,1.876528025],[9.781525612,1.876806021],[9.782196045,1.876806021],[9.782361031,1.876806021],[9.782361031,1.877084017],[9.782917023,1.877084017],[9.782917023,1.877362013],[9.783473015,1.877362013],[9.783473015,1.877640009],[9.783748627,1.877640009],[9.783748627,1.877915978],[9.784583092,1.877915978],[9.784583092,1.879305959],[9.784860611,1.879305959],[9.784860611,1.879583955],[9.785139084,1.879583955],[9.785139084,1.879861951],[9.785695076,1.879861951],[9.785695076,1.88013804],[9.785972595,1.88013804],[9.785972595,1.880416036],[9.786251068,1.880416036],[9.786251068,1.880972028],[9.786805153,1.880972028],[9.786805153,1.881250024],[9.787082672,1.881250024],[9.787082672,1.88152802],[9.787361145,1.88152802],[9.787361145,1.882084012],[9.787917137,1.882084012],[9.787917137,1.88319397],[9.788194656,1.88319397],[9.788194656,1.884027958],[9.788473129,1.884027958],[9.788473129,1.88458395],[9.788748741,1.88458395],[9.788748741,1.884860039],[9.789027214,1.884860039],[9.789027214,1.885416031],[9.789304733,1.885416031],[9.789304733,1.887081981],[9.789583206,1.887081981],[9.789583206,1.887359977],[9.789860725,1.887359977],[9.789860725,1.887915969],[9.790139198,1.887915969],[9.790139198,1.888473034],[9.790416718,1.888473034],[9.790416718,1.88875103],[9.79069519,1.88875103],[9.79069519,1.889304042],[9.790970802,1.889307022],[9.79097271,1.890138984],[9.791249275,1.890138984],[9.791249275,1.891608953],[9.791249275,1.891805053],[9.791370392,1.891805053],[9.791526794,1.891805053],[9.791526794,1.892065048],[9.791526794,1.892361045],[9.791707039,1.892361045],[9.791805267,1.892361045],[9.791805267,1.892083049],[9.792082787,1.892083049],[9.792082787,1.894304991],[9.792361259,1.894304991],[9.792361259,1.895138979],[9.792082787,1.895138979],[9.792082787,1.895694971],[9.792361259,1.895694971],[9.792361259,1.897349954],[9.792361259,1.898195028],[9.792466164,1.898265958],[9.792638779,1.898195028],[9.792638779,1.898470998],[9.792915344,1.898470998],[9.792915344,1.898748994],[9.793471336,1.898748994],[9.793471336,1.89902699],[9.793748856,1.89902699],[9.793748856,1.899582982],[9.794027328,1.899582982],[9.794027328,1.900138974],[9.793748856,1.900138974],[9.793748856,1.900418043],[9.793471336,1.900418043],[9.793471336,1.900971055],[9.793195724,1.900971055],[9.793195724,1.901805997],[9.793471336,1.901805997],[9.793471336,1.902083993],[9.793195724,1.902083993],[9.793195724,1.903471947],[9.792915344,1.903471947],[9.792915344,1.904028058],[9.792638779,1.904028058],[9.792638779,1.904888988],[9.792638779,1.905140042],[9.792361259,1.905140042],[9.792361259,1.905694008],[9.792082787,1.905694008],[9.792082787,1.905972004],[9.792361259,1.905972004],[9.792361259,1.906805992],[9.792638779,1.906805992],[9.792638779,1.907083988],[9.793195724,1.907083988],[9.793195724,1.907361984],[9.793471336,1.907361984],[9.793471336,1.907637954],[9.793748856,1.907637954],[9.793748856,1.90791595],[9.794027328,1.90791595],[9.794027328,1.908193946],[9.794584274,1.908193946],[9.794584274,1.90791595],[9.794861794,1.90791595],[9.794861794,1.907637954],[9.795694351,1.907637954],[9.795694351,1.907361984],[9.79597187,1.907361984],[9.79597187,1.907083988],[9.796250343,1.907083988],[9.796250343,1.906805992],[9.796527863,1.906805992],[9.796527863,1.90625],[9.797083855,1.90625],[9.797083855,1.905972004],[9.797362328,1.905972004],[9.797362328,1.905694008],[9.797639847,1.905694008],[9.797639847,1.905416012],[9.798749924,1.905416012],[9.798749924,1.905694008],[9.799305916,1.905694008],[9.799305916,1.905972004],[9.799861908,1.905972004],[9.799861908,1.90625],[9.800138474,1.90625],[9.800138474,1.906527996],[9.800415993,1.906527996],[9.800415993,1.906805992],[9.800694466,1.906805992],[9.800694466,1.907083988],[9.800971985,1.907083988],[9.800971985,1.907361984],[9.801250458,1.907361984],[9.801250458,1.907637954],[9.80180645,1.907637954],[9.80180645,1.90791595],[9.802082062,1.90791595],[9.802082062,1.908193946],[9.802638054,1.908193946],[9.802638054,1.908471942],[9.804105759,1.908471942],[9.804860115,1.908471942],[9.804860115,1.908193946],[9.805137634,1.908193946],[9.805137634,1.908471942],[9.805416107,1.908471942],[9.805416107,1.908193946],[9.805693626,1.908193946],[9.805693626,1.908471942],[9.805972099,1.908471942],[9.805972099,1.908750057],[9.806249619,1.908750057],[9.806249619,1.908471942],[9.806529045,1.908471942],[9.806529045,1.908750057],[9.806806564,1.908750057],[9.806806564,1.909028053],[9.807082176,1.909028053],[9.807082176,1.909306049],[9.807359695,1.909306049],[9.807362556,1.909584045],[9.807638168,1.909584045],[9.807638168,1.909860015],[9.807916641,1.909860015],[9.807916641,1.910416007],[9.808195114,1.910416007],[9.808195114,1.911249995],[9.808472633,1.911249995],[9.808472633,1.911527991],[9.808751106,1.911527991],[9.808751106,1.912081957],[9.809028625,1.912083983],[9.809028625,1.912359953],[9.809305191,1.912359953],[9.809305191,1.913472056],[9.80958271,1.913472056],[9.80958271,1.914306998],[9.809861183,1.914306998],[9.809861183,1.915416956],[9.810138702,1.915416956],[9.810138702,1.916529059],[9.810417175,1.916529059],[9.810417175,1.917639017],[9.810694695,1.917639017],[9.810694695,1.919304967],[9.810973167,1.919304967],[9.810973167,1.920972943],[9.811248779,1.920972943],[9.811248779,1.924795032],[9.811248779,1.925971031],[9.81152916,1.925971031],[9.81152916,1.926527023],[9.811804771,1.926527023],[9.811804771,1.926805019],[9.81152916,1.926805019],[9.81152916,1.932638049],[9.811248779,1.932638049],[9.811248779,1.932916045],[9.811804771,1.932916045],[9.811853409,1.936282039],[9.81152916,1.936249971],[9.81152916,1.936758041],[9.81152916,1.93708396],[9.811248779,1.93708396],[9.811248779,1.937168956],[9.811248779,1.937360048],[9.81152916,1.937360048],[9.81152916,1.938472033],[9.811804771,1.938472033],[9.811804771,1.940415978],[9.812083244,1.940415978],[9.812083244,1.940693974],[9.811804771,1.940693974],[9.811804771,1.941807032],[9.81152916,1.941807032],[9.81152916,1.942638993],[9.811804771,1.942638993],[9.811804771,1.942916989],[9.81152916,1.942916989],[9.81152916,1.943194985],[9.811804771,1.943194985],[9.811804771,1.943750978],[9.81152916,1.943750978],[9.81152916,1.944028974],[9.811248779,1.944028974],[9.811248779,1.944861054],[9.810973167,1.944861054],[9.810973167,1.94513905],[9.810694695,1.94513905],[9.810694695,1.945417047],[9.810417175,1.945417047],[9.810417175,1.945695043],[9.810138702,1.945695043],[9.810138702,1.945973039],[9.809861183,1.945973039],[9.809861183,1.946251035],[9.80958271,1.946251035],[9.80958271,1.946527004],[9.809305191,1.946527004],[9.809305191,1.947916985],[9.80958271,1.947916985],[9.80958271,1.948472977],[9.809861183,1.948472977],[9.809861183,1.94986105],[9.80958271,1.94986105],[9.80958271,1.952082992],[9.809861183,1.952082992],[9.809861183,1.952360988],[9.80958271,1.952360988],[9.80958271,1.953194976],[9.809305191,1.953194976],[9.809305191,1.954027057],[9.809028625,1.954027057],[9.809028625,1.955971003],[9.808751106,1.955971003],[9.808751106,1.956805944],[9.808472633,1.956805944],[9.808472633,1.957362056],[9.808195114,1.957362056],[9.808195114,1.959306002],[9.807916641,1.959306002],[9.807916641,1.959583998],[9.807638168,1.959583998],[9.807638168,1.96013999],[9.807362556,1.96013999],[9.807359695,1.960693955],[9.807082176,1.960693955],[9.807082176,1.961527944],[9.806806564,1.961527944],[9.806806564,1.961806059],[9.806529045,1.961806059],[9.806529045,1.964028001],[9.806249619,1.964028001],[9.806249619,1.964861989],[9.805972099,1.964861989],[9.805972099,1.965415955],[9.805693626,1.965415955],[9.805693626,1.965971947],[9.805416107,1.965971947],[9.805416107,1.967082024],[9.805137634,1.967082024],[9.805137634,1.968194008],[9.804860115,1.968194008],[9.804860115,1.969303966],[9.804583549,1.969303966],[9.804583549,1.969861031],[9.80430603,1.969861031],[9.80430603,1.970417023],[9.804027557,1.970417023],[9.804027557,1.970695019],[9.80430603,1.970695019],[9.80430603,1.971251011],[9.804027557,1.971251011],[9.804027557,1.972360969],[9.803750038,1.972360969],[9.803750038,1.973472953],[9.803471565,1.973472953],[9.803471565,1.974027038],[9.803194046,1.974027038],[9.803194046,1.974861026],[9.802915573,1.974861026],[9.802915573,1.975695014],[9.803194046,1.975695014],[9.803194046,1.976526976],[9.802915573,1.976526976],[9.802915573,1.978749037],[9.802638054,1.978749037],[9.802638054,1.981248975],[9.802362442,1.981248975],[9.802362442,1.981804967],[9.802638054,1.981804967],[9.802638054,1.982362032],[9.802362442,1.982362032],[9.802362442,1.98319304],[9.802082062,1.98319304],[9.802082062,1.984027982],[9.80180645,1.984027982],[9.80180645,1.985139966],[9.801527977,1.985139966],[9.801527977,1.985694051],[9.801250458,1.985694051],[9.801250458,1.987637997],[9.800971985,1.987640023],[9.800971985,1.989861965],[9.800694466,1.989861965],[9.800694466,1.990138054],[9.800415993,1.990138054],[9.800415993,1.990694046],[9.800138474,1.990694046],[9.800138474,1.99180603],[9.799861908,1.99180603],[9.799861908,1.992084026],[9.799584389,1.992084026],[9.799584389,1.992359996],[9.799305916,1.992359996],[9.799305916,1.992637992],[9.799584389,1.992637992],[9.799584389,1.993193984],[9.799305916,1.993193984],[9.799305916,1.994027972],[9.799028397,1.994027972],[9.799028397,1.994860053],[9.798749924,1.994860053],[9.798749924,1.995694995],[9.798472404,1.995694995],[9.798472404,1.996806979],[9.798195839,1.996806979],[9.798195839,1.998195052],[9.797916412,1.998195052],[9.797916412,1.998473048],[9.797639847,1.998473048],[9.797639847,1.999583006],[9.797362328,1.999583006],[9.797362328,2.000138998],[9.797362328,2.00069499],[9.797083855,2.00069499],[9.797083855,2.002083063],[9.796806335,2.002083063],[9.796806335,2.002917051],[9.796527863,2.002917051],[9.796527863,2.003748894],[9.796250343,2.003748894],[9.796250343,2.004582882],[9.79597187,2.004582882],[9.79597187,2.005139112],[9.795694351,2.005139112],[9.795694351,2.006526947],[9.795417786,2.006526947],[9.795417786,2.006804943],[9.795140266,2.006804943],[9.795140266,2.007360935],[9.794861794,2.007360935],[9.794861794,2.007917881],[9.794584274,2.007917881],[9.794584274,2.008471012],[9.794305801,2.008471012],[9.794305801,2.00958395],[9.794027328,2.00958395],[9.794027328,2.010417938],[9.793748856,2.010417938],[9.793748856,2.011250019],[9.793471336,2.011250019],[9.793471336,2.011806011],[9.793195724,2.011806011],[9.793195724,2.012916088],[9.792915344,2.012916088],[9.792915344,2.013194084],[9.792638779,2.013194084],[9.792638779,2.013750076],[9.792361259,2.013750076],[9.792361259,2.014306068],[9.792082787,2.014306068],[9.792082787,2.014584064],[9.792361259,2.014584064],[9.792361259,2.015137911],[9.792082787,2.015137911],[9.792082787,2.015971899],[9.791805267,2.015971899],[9.791805267,2.016527891],[9.791526794,2.016527891],[9.791526794,2.017362118],[9.791249275,2.017362118],[9.791249275,2.017637968],[9.79097271,2.017637968],[9.79097271,2.01819396],[9.791249275,2.01819396],[9.791249275,2.018471956],[9.791526794,2.018471956],[9.791526794,2.019860029],[9.791249275,2.019860029],[9.791249275,2.020138025],[9.79097271,2.020138025],[9.79097271,2.021528959],[9.791249275,2.021528959],[9.791249275,2.021806955],[9.791526794,2.021806955],[9.791526794,2.02208209],[9.791249275,2.02208209],[9.791249275,2.022360086],[9.79069519,2.022360086],[9.79069519,2.022638083],[9.790416718,2.022638083],[9.790416718,2.022917032],[9.790139198,2.022917032],[9.790139198,2.022638083],[9.789860725,2.022638083],[9.789860725,2.022917032],[9.789304733,2.022917032],[9.789304733,2.023195028],[9.789027214,2.023195028],[9.789027214,2.024861097],[9.788748741,2.024861097],[9.788748741,2.025695086],[9.788473129,2.025695086],[9.788473129,2.025973082],[9.788194656,2.025973082],[9.788194656,2.026529074],[9.787917137,2.026529074],[9.787917137,2.02708292],[9.787638664,2.02708292],[9.787638664,2.027638912],[9.787361145,2.027638912],[9.787361145,2.0284729],[9.787082672,2.0284729],[9.787082672,2.029304981],[9.786805153,2.029304981],[9.786805153,2.030694962],[9.78652668,2.030694962],[9.78652668,2.031527042],[9.786251068,2.031527042],[9.786251068,2.031805038],[9.785972595,2.031805038],[9.785972595,2.032639027],[9.785695076,2.032639027],[9.785695076,2.032917023],[9.785416603,2.032917023],[9.785416603,2.033471107],[9.785139084,2.033471107],[9.785139084,2.034583092],[9.784860611,2.034583092],[9.784860611,2.03569293],[9.784583092,2.03569293],[9.784583092,2.036248922],[9.784304619,2.036248922],[9.784304619,2.037084103],[9.784029007,2.037084103],[9.784029007,2.038193941],[9.783748627,2.038193941],[9.783748627,2.038749933],[9.783473015,2.038749933],[9.783473015,2.040693998],[9.783194542,2.040693998],[9.783194542,2.04124999],[9.782917023,2.04124999],[9.782917023,2.042083979],[9.78263855,2.042083979],[9.78263855,2.043472052],[9.782361031,2.043472052],[9.782361031,2.044584036],[9.782082558,2.044584036],[9.782082558,2.047084093],[9.781806946,2.047084093],[9.781806946,2.047915936],[9.781525612,2.047915936],[9.781525612,2.049029112],[9.781250954,2.049029112],[9.781250954,2.049582005],[9.780973434,2.049582005],[9.780973434,2.050694942],[9.780694962,2.050694942],[9.780694962,2.050972939],[9.780973434,2.050972939],[9.780973434,2.051250935],[9.780694962,2.051250935],[9.780694962,2.052361012],[9.780415535,2.052361012],[9.780415535,2.053195],[9.780138016,2.053195],[9.780138016,2.054027081],[9.779859543,2.054027081],[9.779859543,2.054861069],[9.779582024,2.054861069],[9.779582024,2.055695057],[9.779307365,2.055695057],[9.779307365,2.056804895],[9.779027939,2.056804895],[9.779027939,2.057638884],[9.77875042,2.057638884],[9.77875042,2.058195114],[9.778471947,2.058195114],[9.778471947,2.059304953],[9.778194427,2.059304953],[9.778194427,2.059860945],[9.777915955,2.059860945],[9.777915955,2.061527014],[9.777640343,2.061527014],[9.777638435,2.062361956],[9.777359962,2.062361956],[9.777359962,2.063193083],[9.777084351,2.063193083],[9.777084351,2.064306021],[9.776805878,2.064306021],[9.776805878,2.064584017],[9.776528358,2.064584017],[9.776528358,2.065694094],[9.776249886,2.065694094],[9.776249886,2.066806078],[9.775972366,2.066806078],[9.775972366,2.06736207],[9.775693893,2.06736207],[9.775693893,2.067451],[9.775693893,2.067915916],[9.775587082,2.067915916],[9.775416374,2.067915916],[9.77545929,2.068480968],[9.775137901,2.068471909],[9.775168419,2.069317102],[9.774862289,2.069305897],[9.774862289,2.069583893],[9.774583817,2.069583893],[9.774583817,2.069861889],[9.774862289,2.069861889],[9.774862289,2.07003808],[9.774862289,2.071527958],[9.774583817,2.071527958],[9.774581909,2.072916031],[9.774306297,2.072916031],[9.774306297,2.073472023],[9.774027824,2.073472023],[9.774027824,2.074028015],[9.773750305,2.074028015],[9.773750305,2.0745821],[9.773471832,2.0745821],[9.773471832,2.075138092],[9.773194313,2.075138092],[9.773194313,2.075694084],[9.77291584,2.075694084],[9.77291584,2.07625103],[9.772640228,2.07625103],[9.772640228,2.076529026],[9.772359848,2.076529026],[9.772359848,2.077081919],[9.772084236,2.077081919],[9.772084236,2.077639103],[9.771805763,2.077639103],[9.771805763,2.079029083],[9.771528244,2.079029083],[9.771528244,2.07958293],[9.771249771,2.07958293],[9.771249771,2.080138922],[9.770972252,2.080138922],[9.770972252,2.080416918],[9.770693779,2.080416918],[9.770693779,2.080694914],[9.770350456,2.080702066],[9.77041626,2.081250906],[9.770139694,2.081250906],[9.770139694,2.081526995],[9.76997757,2.081526995],[9.769862175,2.081526995],[9.769862175,2.081803083],[9.769862175,2.082082987],[9.769741058,2.082082987],[9.769583702,2.082082987],[9.769583702,2.082453966],[9.769583702,2.082916975],[9.769306183,2.082947016],[9.769306183,2.083194971],[9.76902771,2.083194971],[9.769031525,2.083750963],[9.768750191,2.083749056],[9.768750191,2.084027052],[9.768473625,2.084027052],[9.768473625,2.084305048],[9.768193245,2.084305048],[9.768193245,2.08486104],[9.767917633,2.08486104],[9.767917633,2.085695028],[9.767640114,2.085695028],[9.767640114,2.087083101],[9.767361641,2.087083101],[9.767377853,2.087646008],[9.767084122,2.087639093],[9.767084122,2.088336945],[9.767084122,2.088748932],[9.766892433,2.088748932],[9.766804695,2.088748932],[9.766804695,2.088989019],[9.766804695,2.089304924],[9.766671181,2.089304924],[9.766527176,2.089304924],[9.766550064,2.089592934],[9.766248703,2.089584112],[9.766248703,2.089862108],[9.765971184,2.089862108],[9.765971184,2.090140104],[9.765417099,2.090140104],[9.765417099,2.091805935],[9.765138626,2.091805935],[9.765138626,2.092361927],[9.764861107,2.092361927],[9.764861107,2.092639923],[9.764582634,2.092639923],[9.764582634,2.094027996],[9.764861107,2.094027996],[9.764861107,2.094305992],[9.765417099,2.094305992],[9.765417099,2.094583988],[9.76551342,2.094583988],[9.765971184,2.094583988],[9.765971184,2.094861984],[9.766248703,2.094861984],[9.766248703,2.095416069],[9.766527176,2.095416069],[9.766527176,2.095694065],[9.766804695,2.095694065],[9.766804695,2.099859953],[9.766527176,2.099859953],[9.766527176,2.101249933],[9.766248703,2.101249933],[9.766248703,2.102082014],[9.766527176,2.102082014],[9.766527176,2.10236001],[9.766684532,2.10236001],[9.766804695,2.10236001],[9.766804695,2.103163004],[9.766804695,2.105139017],[9.767084122,2.105139017],[9.767084122,2.108195066],[9.767361641,2.108195066],[9.767361641,2.108748913],[9.767640114,2.108751059],[9.767640114,2.109026909],[9.767361641,2.109026909],[9.767361641,2.109304905],[9.767640114,2.109304905],[9.767640114,2.109860897],[9.768193245,2.109860897],[9.768193245,2.110416889],[9.768473625,2.110416889],[9.768473625,2.110694885],[9.769306183,2.110694885],[9.769306183,2.110972881],[9.769583702,2.110972881],[9.769583702,2.11124897],[9.769862175,2.11124897],[9.769862175,2.111526966],[9.77041626,2.111526966],[9.77041626,2.111804962],[9.770972252,2.111804962],[9.770972252,2.112082958],[9.77137661,2.112082958],[9.771805763,2.112082958],[9.771766663,2.112406969],[9.773194313,2.112360954],[9.773194313,2.11263895],[9.775972366,2.11263895],[9.775972366,2.112916946],[9.776528358,2.112916946],[9.776528358,2.113194942],[9.777359962,2.113194942],[9.777359962,2.113749027],[9.777915955,2.113749027],[9.777915955,2.114027023],[9.778194427,2.114027023],[9.778194427,2.114305019],[9.778471947,2.114305019],[9.778471947,2.114583015],[9.779027939,2.114583015],[9.779027939,2.114861012],[9.779307365,2.114861012],[9.779307365,2.115139008],[9.779582024,2.115139008],[9.779582024,2.115695953],[9.780138016,2.115695953],[9.780138016,2.115971088],[9.780415535,2.115971088],[9.780415535,2.116527081],[9.781250954,2.116527081],[9.781250954,2.11680603],[9.781525612,2.11680603],[9.781525612,2.117084026],[9.782082558,2.117084026],[9.782082558,2.117362022],[9.782361031,2.117362022],[9.782361031,2.117640018],[9.78263855,2.117640018],[9.78263855,2.117914915],[9.782917023,2.117914915],[9.782917023,2.118472099],[9.783194542,2.118472099],[9.783194542,2.118750095],[9.783473015,2.118750095],[9.783473015,2.119028091],[9.783748627,2.119028091],[9.783748627,2.119306087],[9.784029007,2.119306087],[9.784029007,2.11986208],[9.784304619,2.11986208],[9.784304619,2.120415926],[9.784583092,2.120415926],[9.784583092,2.120971918],[9.784860611,2.120971918],[9.784860611,2.121249914],[9.785139084,2.121249914],[9.785139084,2.121805906],[9.785416603,2.121805906],[9.785416603,2.122637987],[9.785695076,2.122637987],[9.785695076,2.122915983],[9.785972595,2.122915983],[9.785972595,2.123193979],[9.786251068,2.123193979],[9.786251068,2.123471975],[9.78652668,2.123471975],[9.78652668,2.12458396],[9.786805153,2.12458396],[9.786805153,2.124860048],[9.787082672,2.124860048],[9.787082672,2.125972033],[9.787361145,2.125972033],[9.787361145,2.126250029],[9.787638664,2.126250029],[9.787638664,2.127360106],[9.787917137,2.127360106],[9.787917137,2.128194094],[9.788194656,2.128194094],[9.788194656,2.128750086],[9.788473129,2.128750086],[9.788473129,2.129029036],[9.788748741,2.129029036],[9.788748741,2.13013792],[9.789027214,2.13013792],[9.789027214,2.130695105],[9.789304733,2.130695105],[9.789304733,2.132360935],[9.789583206,2.132360935],[9.789583206,2.132916927],[9.789860725,2.132916927],[9.789860725,2.133194923],[9.790139198,2.133194923],[9.790139198,2.137639046],[9.79069519,2.137639046],[9.79069519,2.138470888],[9.790970802,2.138473034],[9.79097271,2.139305115],[9.791249275,2.139305115],[9.791249275,2.139861107],[9.791526794,2.139861107],[9.791526794,2.140139103],[9.791805267,2.140139103],[9.791805267,2.140417099],[9.792361259,2.140417099],[9.792361259,2.141804934],[9.792638779,2.141804934],[9.792638779,2.142360926],[9.792915344,2.142360926],[9.792915344,2.144027948],[9.793195724,2.144027948],[9.793195724,2.144305944],[9.793471336,2.144305944],[9.793471336,2.144861937],[9.793748856,2.144861937],[9.793748856,2.148472071],[9.794027328,2.148472071],[9.794027328,2.151249886],[9.794305801,2.151249886],[9.794305801,2.152637959],[9.794584274,2.152637959],[9.794584274,2.155972004],[9.794861794,2.155972004],[9.794861794,2.157082081],[9.795140266,2.157082081],[9.795140266,2.158473015],[9.795417786,2.158473015],[9.795417786,2.161251068],[9.795694351,2.161251068],[9.795694351,2.164304972],[9.79597187,2.164304972],[9.79597187,2.167083025],[9.796250343,2.167083025],[9.796250343,2.167361021],[9.796527863,2.167361021],[9.796527863,2.167917013],[9.796806335,2.167917013],[9.796806335,2.168471098],[9.796527863,2.168471098],[9.796527863,2.169583082],[9.796250343,2.169583082],[9.796250343,2.170140028],[9.79597187,2.170140028],[9.79597187,2.170970917],[9.795694351,2.170970917],[9.795694351,2.171250105],[9.795417786,2.171250105],[9.795417786,2.171379089],[9.795417786,2.172084093],[9.795301437,2.172084093],[9.795140266,2.172084093],[9.795162201,2.172919989],[9.794861794,2.172915936],[9.794861794,2.173471928],[9.794584274,2.173471928],[9.794584274,2.175139904],[9.794305801,2.175139904],[9.794305801,2.176527977],[9.794027328,2.176527977],[9.794027328,2.177360058],[9.793748856,2.177360058],[9.793748856,2.178472042],[9.793471336,2.178472042],[9.793471336,2.179584026],[9.793195724,2.179584026],[9.793195724,2.180138111],[9.792915344,2.180138111],[9.792915344,2.186528921],[9.793195724,2.186528921],[9.793195724,2.19152689],[9.793471336,2.19152689],[9.793471336,2.191804886],[9.793748856,2.191804886],[9.793748856,2.193470955],[9.794027328,2.193470955],[9.794027328,2.200416088],[9.793748856,2.200417995],[9.793748856,2.200956106],[9.793748856,2.202362061],[9.79389286,2.202362061],[9.794027328,2.202362061],[9.794027328,2.203701973],[9.794027328,2.205137968],[9.794173241,2.205137968],[9.794305801,2.205137968],[9.794305801,2.206453085],[9.794305801,2.209306955],[9.794584274,2.209306955],[9.794584274,2.210416079],[9.794305801,2.210416079],[9.794305801,2.212917089],[9.794027328,2.212917089],[9.794027328,2.214304924],[9.794305801,2.214304924],[9.794305801,2.215694904],[9.794584274,2.215694904],[9.794584274,2.2159729],[9.794305801,2.2159729],[9.794305801,2.216804981],[9.794584274,2.216804981],[9.794584274,2.219583035],[9.794305801,2.219583035],[9.794305801,2.220695019],[9.794027328,2.220695019],[9.794027328,2.222918034],[9.793748856,2.222918034],[9.793748856,2.229594946],[9.793471336,2.229583979],[9.793471336,2.232084036],[9.793373108,2.232084036],[9.793195724,2.232084036],[9.793195724,2.232649088],[9.792915344,2.232637882],[9.792963028,2.234313011],[9.792638779,2.234306097],[9.792638779,2.235415936],[9.792361259,2.235415936],[9.792361259,2.236804008],[9.792082787,2.236807108],[9.792082787,2.238472939],[9.791805267,2.238472939],[9.791805267,2.239305019],[9.791526794,2.239305019],[9.791526794,2.240695],[9.791249275,2.240695],[9.791249275,2.240972996],[9.791526794,2.240972996],[9.791526794,2.241527081],[9.791249275,2.241527081],[9.791249275,2.242361069],[9.79097271,2.242361069],[9.790970802,2.242917061],[9.79069519,2.242917061],[9.79069519,2.244582891],[9.790416718,2.244582891],[9.790416718,2.245138884],[9.790139198,2.245138884],[9.790139198,2.247082949],[9.789860725,2.247082949],[9.789860725,2.247638941],[9.789583206,2.247638941],[9.789583206,2.249027014],[9.789304733,2.249027014],[9.789304733,2.249583006],[9.789027214,2.249583006],[9.789027214,2.250417948],[9.788748741,2.250417948],[9.788748741,2.250971079],[9.788473129,2.250971079],[9.788473129,2.251528025],[9.788194656,2.251528025],[9.788194656,2.252084017],[9.787917137,2.252084017],[9.787917137,2.252640009],[9.787638664,2.252640009],[9.787638664,2.256249905],[9.787917137,2.256249905],[9.787917137,2.256805897],[9.788194656,2.256805897],[9.788194656,2.257083893],[9.788473129,2.257083893],[9.788473129,2.257361889],[9.788748741,2.257361889],[9.788748741,2.257915974],[9.789027214,2.257915974],[9.789027214,2.258471966],[9.789304733,2.258471966],[9.789304733,2.259860039],[9.789583206,2.259845972],[9.789583206,2.261806011],[9.789860725,2.261806011],[9.789860725,2.262360096],[9.790139198,2.262360096],[9.790139198,2.267916918],[9.789860725,2.267916918],[9.789860725,2.269026995],[9.789583206,2.269026995],[9.789583206,2.270416975],[9.789304733,2.270416975],[9.789304733,2.271249056],[9.789027214,2.271249056],[9.789027214,2.272083044],[9.788748741,2.272083044],[9.788748741,2.272917032],[9.788473129,2.272917032],[9.788473129,2.273749113],[9.788194656,2.273749113],[9.788194656,2.274583101],[9.787917137,2.274583101],[9.787917137,2.275417089],[9.787638664,2.275417089],[9.787638664,2.275695086],[9.787917137,2.275695086],[9.787917137,2.277640104],[9.787638664,2.277640104],[9.787638664,2.278192997],[9.787361145,2.278192997],[9.787361145,2.279027939],[9.787082672,2.279027939],[9.787082672,2.279861927],[9.786805153,2.279861927],[9.786805153,2.280417919],[9.78652668,2.280417919],[9.78652668,2.280972004],[9.786251068,2.280972004],[9.786251068,2.281805992],[9.785972595,2.281805992],[9.785972595,2.282361984],[9.785695076,2.282361984],[9.785695076,2.283750057],[9.785416603,2.283750057],[9.785416603,2.284306049],[9.785139084,2.284306049],[9.785139084,2.285972118],[9.784860611,2.285972118],[9.784860611,2.286528111],[9.784583092,2.286528111],[9.784583092,2.287084103],[9.784304619,2.287084103],[9.784304619,2.287359953],[9.784583092,2.287359953],[9.784583092,2.287637949],[9.784304619,2.287637949],[9.784304619,2.28986001],[9.784029007,2.28986001],[9.784029007,2.290693998],[9.783748627,2.290693998],[9.783748627,2.291804075],[9.783473015,2.291804075],[9.783473015,2.292361021],[9.783194542,2.292361021],[9.783194542,2.292917013],[9.782917023,2.292917013],[9.782917023,2.293751001],[9.78263855,2.293751001],[9.78263855,2.295139074],[9.782361031,2.295139074],[9.782361031,2.295973063],[9.782082558,2.295973063],[9.782082558,2.297082901],[9.781806946,2.297082901],[9.781806946,2.297638893],[9.781525612,2.297638893],[9.781525612,2.298194885],[9.781250954,2.298194885],[9.781250954,2.299026966],[9.780973434,2.299026966],[9.780973434,2.299860954],[9.780694962,2.299860954],[9.780694962,2.30013895],[9.780415535,2.30013895],[9.780415535,2.300971031],[9.780138016,2.300971031],[9.780138016,2.301249027],[9.779582024,2.301249027],[9.779582024,2.301527023],[9.779859543,2.301527023],[9.779859543,2.302639008],[9.779582024,2.302639008],[9.779582024,2.303195953],[9.779307365,2.303195953],[9.779307365,2.303749084],[9.779027939,2.303749084],[9.779027939,2.304305077],[9.77875042,2.304305077],[9.77875042,2.304584026],[9.778471947,2.304584026],[9.778471947,2.305140018],[9.778194427,2.305140018],[9.778194427,2.305972099],[9.777915955,2.305972099],[9.777915955,2.306806087],[9.777640343,2.306806087],[9.777638435,2.308471918],[9.777359962,2.308471918],[9.777359962,2.310971975],[9.777084351,2.310971975],[9.777084351,2.311527967],[9.776805878,2.311527967],[9.776805878,2.312360048],[9.776528358,2.312361956],[9.776528358,2.314028025],[9.776249886,2.314028025],[9.776249886,2.314584017],[9.775693893,2.314584017],[9.775693893,2.315138102],[9.775416374,2.315138102],[9.775416374,2.315416098],[9.775137901,2.315416098],[9.775137901,2.31597209],[9.775416374,2.31597209],[9.775416374,2.316528082],[9.775137901,2.316528082],[9.775137901,2.317359924],[9.775416374,2.317359924],[9.775416374,2.318473101],[9.775693893,2.318473101],[9.775693893,2.319303989],[9.775972366,2.319307089],[9.775972366,2.320694923],[9.776249886,2.320694923],[9.776249886,2.321805],[9.776528358,2.321805],[9.776528358,2.322916985],[9.776805878,2.322916985],[9.776805878,2.32486105],[9.777084351,2.32486105],[9.777084351,2.325417042],[9.777359962,2.325417042],[9.777359962,2.325973034],[9.777638435,2.325973034],[9.777640343,2.326527119],[9.777915955,2.326527119],[9.777915955,2.327083111],[9.778194427,2.327083111],[9.778194427,2.327361107],[9.779582024,2.327361107],[9.779582024,2.327083111],[9.780694962,2.327083111],[9.780694962,2.327361107],[9.781525612,2.327361107],[9.781525612,2.327639103],[9.781806946,2.327639103],[9.781806946,2.327917099],[9.782361031,2.327917099],[9.782361031,2.328195095],[9.78263855,2.328195095],[9.78263855,2.328473091],[9.783194542,2.328473091],[9.783194542,2.328748941],[9.783748627,2.328748941],[9.783748627,2.329026937],[9.785695076,2.329026937],[9.785695076,2.328748941],[9.78652668,2.328748941],[9.78652668,2.328195095],[9.786805153,2.328195095],[9.786805153,2.327917099],[9.787361145,2.327917099],[9.787361145,2.328195095],[9.787638664,2.328195095],[9.787638664,2.328473091],[9.787917137,2.328473091],[9.787917137,2.328748941],[9.788194656,2.328748941],[9.788196564,2.328999996],[9.788473129,2.329026937],[9.788473129,2.329304934],[9.789304733,2.329304934],[9.789304733,2.32958293],[9.789860725,2.32958293],[9.789860725,2.329257011],[9.789860725,2.329026937],[9.790139198,2.329026937],[9.790139198,2.328748941],[9.79069519,2.328748941],[9.79069519,2.329026937],[9.790970802,2.329026937],[9.79097271,2.329304934],[9.791249275,2.329304934],[9.791249275,2.329472065],[9.791249275,2.32958293],[9.791805267,2.32958293],[9.791805267,2.330138922],[9.792082787,2.330138922],[9.792082787,2.330971003],[9.792361259,2.330971003],[9.792361259,2.331248999],[9.792638779,2.331248999],[9.792638779,2.331805944],[9.792915344,2.331805944],[9.792915344,2.332361937],[9.793195724,2.332361937],[9.793195724,2.332917929],[9.793471336,2.332917929],[9.793471336,2.333194017],[9.793748856,2.333194017],[9.793748856,2.333472013],[9.794027328,2.333472013],[9.794027328,2.334028006],[9.794305801,2.334028006],[9.794305801,2.334306002],[9.795140266,2.334306002],[9.795140266,2.334583998],[9.795417786,2.334583998],[9.795417786,2.334306002],[9.795694351,2.334306002],[9.795694351,2.334028006],[9.796250343,2.334028006],[9.796250343,2.334306002],[9.796527863,2.334306002],[9.796527863,2.334583998],[9.796806335,2.334583998],[9.796806335,2.33513999],[9.797083855,2.33513999],[9.797083855,2.335416079],[9.797362328,2.335416079],[9.797362328,2.335694075],[9.797639847,2.335694075],[9.797639847,2.335972071],[9.797916412,2.335972071],[9.797916412,2.336250067],[9.798195839,2.336250067],[9.798195839,2.336528063],[9.798472404,2.336528063],[9.798472404,2.336806059],[9.798749924,2.336806059],[9.798749924,2.337084055],[9.799028397,2.337084055],[9.799028397,2.337362051],[9.799305916,2.337362051],[9.799305916,2.337637901],[9.799584389,2.337637901],[9.799584389,2.337362051],[9.800138474,2.337362051],[9.800138474,2.337084055],[9.800415993,2.337084055],[9.800415993,2.336806059],[9.801322937,2.336806059],[9.80180645,2.336806059],[9.80180645,2.336528063],[9.802915573,2.336528063],[9.802915573,2.336250067],[9.803471565,2.336250067],[9.803471565,2.335972071],[9.803750038,2.335972071],[9.803750038,2.335694075],[9.804027557,2.335694075],[9.804027557,2.335416079],[9.804860115,2.335416079],[9.804860115,2.33513999],[9.807638168,2.33513999],[9.807638168,2.335416079],[9.808751106,2.335416079],[9.808751106,2.335694075],[9.80958271,2.335694075],[9.80958271,2.335972071],[9.809861183,2.335972071],[9.809861183,2.336250067],[9.810138702,2.336250067],[9.810138702,2.336528063],[9.810694695,2.336528063],[9.810694695,2.336806059],[9.811248779,2.336806059],[9.811248779,2.337084055],[9.81152916,2.337084055],[9.81152916,2.337362051],[9.811804771,2.337362051],[9.811804771,2.337637901],[9.812360764,2.337637901],[9.812360764,2.337915897],[9.812916756,2.337915897],[9.812916756,2.338193893],[9.813195229,2.338193893],[9.813195229,2.338471889],[9.813751221,2.338471889],[9.813751221,2.338749886],[9.814026833,2.338749886],[9.814026833,2.339027882],[9.814305305,2.339027882],[9.814305305,2.339306116],[9.814582825,2.339306116],[9.814582825,2.339584112],[9.814861298,2.339584112],[9.814861298,2.339862108],[9.815138817,2.339862108],[9.815138817,2.340137959],[9.816527367,2.340137959],[9.816527367,2.340415955],[9.816804886,2.340415955],[9.816804886,2.340971947],[9.817083359,2.340971947],[9.817083359,2.341249943],[9.817360878,2.341249943],[9.817360878,2.341527939],[9.81791687,2.341527939],[9.81791687,2.341805935],[9.818195343,2.341805935],[9.818195343,2.342082024],[9.818470955,2.342082024],[9.818470955,2.342916012],[9.818752289,2.342916012],[9.818752289,2.343472004],[9.819026947,2.343472004],[9.819026947,2.345695019],[9.81930542,2.345695019],[9.81930542,2.346805096],[9.819582939,2.346805096],[9.819582939,2.347639084],[9.821249008,2.347639084],[9.821264267,2.347920179],[9.8213377,2.347550154],[9.823309898,2.344488859],[9.825216293,2.342818022],[9.825551033,2.342524767],[9.826698303,2.341597557],[9.828726768,2.338152885],[9.830590248,2.335036516],[9.833985329,2.3301723],[9.835247993,2.327491999],[9.835419655,2.325246096],[9.834566116,2.320311308],[9.834000587,2.315939426],[9.833664894,2.313349009],[9.833084106,2.308250904],[9.833197594,2.307534218],[9.833586693,2.305074692],[9.833599091,2.301622629],[9.833005905,2.299757481],[9.831708908,2.296903372],[9.831305504,2.296048641],[9.83124733,2.295924425],[9.83046627,2.294268608],[9.830093384,2.292824268],[9.829928398,2.292184591],[9.830044746,2.290157557],[9.832081795,2.284082651],[9.832468987,2.282495022],[9.834218979,2.280473948],[9.835042953,2.278613806],[9.837350845,2.27292347],[9.838476181,2.269058943],[9.839502335,2.265533924],[9.840338707,2.26271677],[9.840769768,2.261264324],[9.841364861,2.259647846],[9.842200279,2.257378817],[9.842756271,2.254202843],[9.843369484,2.252477169],[9.844020844,2.250645638],[9.844758034,2.2479527],[9.845069885,2.246813536],[9.845705986,2.245477676],[9.846112251,2.24462533],[9.848404884,2.243208885],[9.848984718,2.24301672],[9.850859642,2.242395639],[9.852053642,2.241979837],[9.853040695,2.241636038],[9.856309891,2.241318941],[9.856856346,2.241234064],[9.859416962,2.240836859],[9.860850334,2.23981452],[9.861328125,2.239473581],[9.862145424,2.237875462],[9.862699509,2.23679328],[9.862894058,2.236534357],[9.864340782,2.23460722],[9.86783123,2.233468771],[9.872246742,2.232497931],[9.874862671,2.232287884],[9.877590179,2.231256247],[9.878182411,2.229487658],[9.878305435,2.229121685],[9.878330231,2.228970528],[9.878528595,2.227752447],[9.879295349,2.226439953],[9.879193306,2.224521637],[9.878980637,2.222931623],[9.878627777,2.222668171],[9.877947807,2.222160816],[9.877738953,2.21963954],[9.878126144,2.217941999],[9.878487587,2.217747927],[9.878835678,2.217561007],[9.880578995,2.217457533],[9.881831169,2.217735767],[9.882758141,2.217410088],[9.884081841,2.217555046],[9.884827614,2.217636585],[9.885411263,2.217825651],[9.886024475,2.218024254],[9.886617661,2.218542099],[9.887599945,2.219399929],[9.888064384,2.219017506],[9.888243675,2.218869925],[9.888325691,2.218802691],[9.888528824,2.218635798],[9.889570236,2.216776371],[9.88972187,2.215240955],[9.88985157,2.213927746],[9.890185356,2.21201086],[9.891550064,2.211084127],[9.894166946,2.210709572],[9.896456718,2.210169315],[9.896632195,2.209645033],[9.896841049,2.209019899],[9.896524429,2.206114292],[9.896459579,2.205694914],[9.89631176,2.204743624],[9.896969795,2.203485489],[9.897341728,2.20253849],[9.897463799,2.202226877],[9.898774147,2.201354504],[9.901720047,2.200104237],[9.902236938,2.198945284],[9.902379036,2.198626757],[9.902820587,2.197039127],[9.905765533,2.195843697],[9.9080019,2.195138931],[9.909907341,2.19541955],[9.911865234,2.196357727],[9.914643288,2.196476936],[9.917201042,2.197307825],[9.918725967,2.197477341],[9.919108391,2.197316647],[9.919761658,2.197042465],[9.919988632,2.195705652],[9.920040131,2.195399284],[9.91999054,2.19391942],[9.922177315,2.191625357],[9.926271439,2.189282894],[9.929655075,2.187431097],[9.931400299,2.186888933],[9.931893349,2.186068535],[9.931925774,2.18490696],[9.931954384,2.183876514],[9.932430267,2.183069944],[9.932502747,2.182946682],[9.933703423,2.18223834],[9.935447693,2.181860685],[9.935907364,2.182290316],[9.936154366,2.182520866],[9.936279297,2.184091806],[9.936310768,2.184494257],[9.936351776,2.184705257],[9.936525345,2.185590982],[9.937829971,2.186362743],[9.937821388,2.186740875],[9.937766075,2.189047813],[9.938263893,2.190354586],[9.938414574,2.190749168],[9.938411713,2.191571236],[9.939610481,2.191520452],[9.943489075,2.188409805],[9.94659996,2.186721325],[9.948560715,2.186728001],[9.952206612,2.188055754],[9.953892708,2.188828707],[9.955582619,2.188615322],[9.959951401,2.185396433],[9.96235466,2.183595896],[9.96459198,2.182397842],[9.967211723,2.180027246],[9.967488289,2.179776907],[9.969124794,2.17917943],[9.97239399,2.178916454],[9.974282265,2.178386688],[9.974903107,2.178212404],[9.977688789,2.17608428],[9.979452133,2.175002813],[9.980799675,2.174176455],[9.982765198,2.173032045],[9.985267639,2.174081802],[9.986300468,2.174742937],[9.987447739,2.173815012],[9.987887383,2.17261076],[9.987678528,2.169979334],[9.98751545,2.169532537],[9.987138748,2.168497562],[9.987649918,2.168146372],[9.98888588,2.167297602],[9.990142822,2.167360783],[9.991228104,2.167415142],[9.992387772,2.16801548],[9.993784904,2.16873908],[9.99444294,2.168782711],[9.996398926,2.168912172],[9.998303413,2.169685841],[10.000694275,2.171612024],[10.002223015,2.170575857],[10.004349709,2.169980049],[10.006052971,2.170061827],[10.006801605,2.170097828],[10.007228851,2.170099258],[10.00979805,2.170107841],[10.010998726,2.170015097],[10.012522697,2.169897556],[10.017213821,2.16810441],[10.019189835,2.167242765],[10.020706177,2.166581392],[10.025016785,2.164622307],[10.025499344,2.16433692],[10.029165268,2.162169456],[10.031023026,2.160476446],[10.031902313,2.160685778],[10.03265667,2.160865545],[10.03533268,2.163933277],[10.035533905,2.164163828],[10.038147926,2.164391756],[10.041035652,2.164456129],[10.041100502,2.161331892],[10.041487694,2.159634113],[10.042031288,2.159725189],[10.044156075,2.160081148],[10.046007156,2.159897327],[10.046826363,2.159816027],[10.047386169,2.162376404],[10.047953606,2.164972067],[10.050028801,2.164423943],[10.05471611,2.163185596],[10.062309265,2.161770821],[10.064256668,2.161407948],[10.070145607,2.160111666],[10.071296692,2.160340309],[10.073793411,2.16083622],[10.075717926,2.160924435],[10.08022213,2.161131144],[10.087471962,2.160387516],[10.092814445,2.159472942],[10.094558716,2.159478664],[10.097500801,2.159543037],[10.098492622,2.160144091],[10.102775574,2.162739754],[10.10379982,2.162743092],[10.104192734,2.162744284],[10.106430054,2.161655188],[10.107990265,2.161660194],[10.109699249,2.161665916],[10.112394333,2.15985775],[10.113358498,2.15921092],[10.11478138,2.157351732],[10.113918304,2.154552937],[10.112765312,2.154021263],[10.110326767,2.152896881],[10.112027168,2.149448872],[10.112945557,2.147243261],[10.113235474,2.146547318],[10.116617203,2.145626307],[10.117919922,2.14380312],[10.118805885,2.142563343],[10.119371414,2.141875505],[10.120064735,2.141032457],[10.123223305,2.141590834],[10.125683784,2.143863916],[10.129416466,2.147311926],[10.134408951,2.153906584],[10.135412216,2.154643059],[10.136584282,2.155503273],[10.141542435,2.15562892],[10.146282196,2.15608263],[10.145663261,2.154738188],[10.145524025,2.154435635],[10.145745277,2.153285027],[10.1471138,2.153151989],[10.147926331,2.153072834],[10.150807381,2.153140545],[10.153320312,2.153199673],[10.155660629,2.152108192],[10.157523155,2.151239634],[10.159597397,2.150204659],[10.162077904,2.150248766],[10.163356781,2.150271416],[10.166080475,2.150718689],[10.166236877,2.150877237],[10.166368484,2.151010752],[10.169650078,2.154333353],[10.172218323,2.156933308],[10.174072266,2.158264637],[10.175209045,2.159080982],[10.175440788,2.159306288],[10.17787075,2.161666393],[10.178215027,2.162481308],[10.180403709,2.163897991],[10.192523956,2.17174387],[10.197627068,2.171759129],[10.198879242,2.13273406],[10.195202827,2.100244999],[10.19270134,2.070123911],[10.186161995,2.042936087],[10.171588898,2.026926041],[10.157600403,2.011507034],[10.144775391,1.997279048],[10.131955147,1.983638048],[10.121450424,1.970008969],[10.117349625,1.96231401],[10.108492851,1.934525013],[10.110048294,1.905012012],[10.106982231,1.877249956],[10.101596832,1.848883986],[10.097968102,1.823480964],[10.087407112,1.800405025],[10.082725525,1.792117953],[10.062894821,1.767814994],[10.052360535,1.749461055],[10.047654152,1.73704195],[10.037121773,1.718688011],[10.029494286,1.701529026],[10.014279366,1.674298048],[10.007838249,1.662457943],[10.003691673,1.647089005],[9.993784904,1.635820985],[9.983241081,1.615699053],[9.966427803,1.610893965],[9.947282791,1.603714943],[9.929307938,1.598314047],[9.91534996,1.587617993],[9.916371346,1.565189004],[9.938335419,1.559983015],[9.962044716,1.556555033],[9.982816696,1.546030045],[10.001274109,1.53549397],[10.033046722,1.525609016],[10.052686691,1.519209027],[10.07463932,1.512822986],[10.092528343,1.504052997],[10.103431702,1.488755941],[10.11324501,1.48466897],[10.098023415,1.456256986],[10.091531754,1.436153054],[10.097779274,1.416697979],[10.104625702,1.400794983],[10.119038582,1.39200604],[10.134667397,1.392078996],[10.133319855,1.361371994],[10.134400368,1.348981023],[10.141238213,1.331300974],[10.139364243,1.308858991],[10.146138191,1.281141996],[10.148365021,1.266983986],[10.166910172,1.271204948],[10.177749634,1.245869994],[10.168379784,1.228114009],[10.186239243,1.215211034],[10.191913605,1.196935058],[10.189489365,1.179211974],[10.191724777,1.16623497],[10.202138901,1.165694952],[10.217169762,1.163403988],[10.228783607,1.169955015],[10.236357689,1.178254962],[10.24906826,1.174775004],[10.25880909,1.159468055],[10.255210876,1.138790011],[10.253954887,1.122843027],[10.242266655,1.104483962],[10.237602234,1.098557949],[10.211494446,1.087808013],[10.190630913,1.082983017],[10.169241905,1.086423993],[10.147845268,1.088683009],[10.127004623,1.087401986],[10.102146149,1.091416001],[10.080734253,1.091310978],[10.060415268,1.080585003],[10.049310684,1.062819004],[10.024963379,1.055616975],[10.012764931,1.048473954],[10.003837585,1.007694006],[10.005544662,1.004807949],[10.005554199,0.997668028],[10,0.997650027],[9.996741295,0.997637987],[9.997266769,0.996446013],[9.999027252,0.992448986],[9.995393753,0.986232996],[9.996548653,0.982101023],[9.989941597,0.977486014],[9.990138054,0.97201401],[9.990446091,0.963472009],[9.992288589,0.958653986],[9.997092247,0.95660001],[9.994370461,0.950847983],[9.995758057,0.946026981],[9.989844322,0.938887],[9.995789528,0.936380029],[9.996254921,0.934081972],[9.992161751,0.929246008],[9.986686707,0.92693001],[9.980971336,0.928750992],[9.970697403,0.927798986],[9.962024689,0.925934017],[9.956104279,0.920861006],[9.949935913,0.921301007],[9.942612648,0.925411999],[9.93023777,0.938009024],[9.908061981,0.944369972],[9.907273293,0.944751024],[9.900512695,0.948019028],[9.894779205,0.954665005],[9.892339706,0.965036988],[9.884882927,0.976706982],[9.878223419,0.982411027],[9.842037201,0.998035014],[9.80688858,0.997132003],[9.805958748,0.997108996],[9.79019165,0.998383999],[9.788955688,1.012856007],[9.786136627,1.024786949],[9.760634422,1.048063993],[9.748416901,1.064990997],[9.743369102,1.068405032],[9.736286163,1.069049954],[9.72259903,1.067502975],[9.699539185,1.064895988],[9.671224594,1.063557982],[9.665300369,1.061177969],[9.661847115,1.068518996],[9.657051086,1.067813039],[9.650671959,1.06319499],[9.6451931,1.062255979],[9.642244339,1.057191968],[9.637233734,1.053267002],[9.633355141,1.052358031],[9.626280785,1.050701022],[9.618078232,1.044695973],[9.608260155,1.043972969],[9.601884842,1.038665056],[9.587288857,1.031955004],[9.585694313,1.030908942],[9.58541584,1.030972958],[9.58541584,1.031250954],[9.585140228,1.031250954],[9.585140228,1.031805038],[9.584859848,1.031805038],[9.584859848,1.032361031],[9.584584236,1.032361031],[9.584584236,1.032639027],[9.584028244,1.032639027],[9.584028244,1.033473015],[9.583749771,1.033473015],[9.583749771,1.03402698],[9.583472252,1.03402698],[9.583472252,1.034582973],[9.583193779,1.034582973],[9.583193779,1.034860969],[9.58291626,1.034860969],[9.58291626,1.035416961],[9.582637787,1.035416961],[9.582637787,1.035971045],[9.582083702,1.035971045],[9.582083702,1.036249042],[9.582362175,1.036249042],[9.582362175,1.036527038],[9.582083702,1.036527038],[9.582083702,1.036805034],[9.581806183,1.036805034],[9.581806183,1.03708303],[9.58152771,1.03708303],[9.58152771,1.037639022],[9.581250191,1.037639022],[9.581250191,1.038192987],[9.580971718,1.038192987],[9.580971718,1.039862037],[9.580694199,1.039862037],[9.580694199,1.040418029],[9.580417633,1.040418029],[9.580417633,1.040971041],[9.580140114,1.040971041],[9.580140114,1.04124999],[9.579861641,1.04124999],[9.579861641,1.041527987],[9.579584122,1.041527987],[9.579584122,1.041805983],[9.579305649,1.041805983],[9.579305649,1.042083979],[9.579027176,1.042083979],[9.579027176,1.042639971],[9.579305649,1.042639971],[9.579305649,1.043750048],[9.579027176,1.043750048],[9.579027176,1.044862032],[9.578748703,1.044862032],[9.578748703,1.048472047],[9.579027176,1.048472047],[9.579027176,1.048750043],[9.578748703,1.048750043],[9.578748703,1.049028039],[9.579027176,1.049028039],[9.579027176,1.050693989],[9.578748703,1.050693989],[9.578748703,1.051805973],[9.578471184,1.051805973],[9.578471184,1.052081943],[9.578748703,1.052081943],[9.578748703,1.053472996],[9.578471184,1.053472996],[9.578471184,1.054028988],[9.578195572,1.054028988],[9.578195572,1.05486095],[9.577918053,1.05486095],[9.577918053,1.056529045],[9.577638626,1.056529045],[9.577638626,1.058194995],[9.577361107,1.058194995],[9.577361107,1.058472991],[9.577082634,1.058472991],[9.577082634,1.058750987],[9.577361107,1.058750987],[9.577361107,1.059026957],[9.577082634,1.059026957],[9.577082634,1.059860945],[9.576805115,1.059860945],[9.576805115,1.060138941],[9.576526642,1.060138941],[9.576526642,1.061249018],[9.576249123,1.061249018],[9.576249123,1.062638998],[9.575972557,1.062638998],[9.575972557,1.062916994],[9.57569313,1.062916994],[9.57569313,1.063748956],[9.575416565,1.063748956],[9.575416565,1.064026952],[9.575139046,1.064026952],[9.575139046,1.064861059],[9.574860573,1.064861059],[9.574860573,1.065139055],[9.575139046,1.065139055],[9.575139046,1.065417051],[9.574860573,1.065417051],[9.574860573,1.066527009],[9.574583054,1.066527009],[9.574583054,1.066805005],[9.574304581,1.066805005],[9.574304581,1.067639947],[9.574027061,1.067639947],[9.574027061,1.068192959],[9.57375145,1.068192959],[9.573748589,1.068750024],[9.573471069,1.068750024],[9.573471069,1.069584012],[9.573195457,1.069584012],[9.573195457,1.069862008],[9.572916985,1.069862008],[9.572916985,1.070140004],[9.572639465,1.070140004],[9.572639465,1.070971966],[9.572916985,1.070971966],[9.572916985,1.072361946],[9.572639465,1.072361946],[9.572639465,1.073194027],[9.572360992,1.073194027],[9.572360992,1.073750019],[9.572083473,1.073750019],[9.572083473,1.074028015],[9.571526527,1.074028015],[9.571526527,1.075137973],[9.571250916,1.075137973],[9.571250916,1.075971961],[9.570973396,1.075971961],[9.570973396,1.076805949],[9.570694923,1.076805949],[9.570694923,1.077360034],[9.570417404,1.077360034],[9.570417404,1.078472018],[9.570138931,1.078472018],[9.570138931,1.079581976],[9.569861412,1.079581976],[9.569861412,1.079859972],[9.569582939,1.079859972],[9.569582939,1.080415964],[9.56930542,1.080415964],[9.56930542,1.080695033],[9.569028854,1.080695033],[9.569028854,1.081251025],[9.568751335,1.081251025],[9.568751335,1.082082033],[9.568472862,1.082082033],[9.568472862,1.082638979],[9.56791687,1.082638979],[9.56791687,1.083194971],[9.567360878,1.083194971],[9.567360878,1.083472967],[9.567083359,1.083472967],[9.567083359,1.083750963],[9.566806793,1.083750963],[9.566806793,1.084305048],[9.566526413,1.084305048],[9.566526413,1.085417032],[9.566250801,1.085417032],[9.566250801,1.085973024],[9.565973282,1.085973024],[9.565973282,1.08652699],[9.565416336,1.08652699],[9.565416336,1.08791697],[9.565137863,1.08791697],[9.565137863,1.088749051],[9.564860344,1.088749051],[9.564860344,1.089305043],[9.564304352,1.089305043],[9.564304352,1.089861035],[9.564027786,1.089861035],[9.564027786,1.090139031],[9.563750267,1.090139031],[9.563750267,1.090970993],[9.563194275,1.09097302],[9.563194275,1.091526985],[9.562915802,1.091526985],[9.562915802,1.092082977],[9.562638283,1.092082977],[9.562638283,1.093196034],[9.56235981,1.093196034],[9.56235981,1.09347105],[9.562084198,1.09347105],[9.562084198,1.094305992],[9.561805725,1.094305992],[9.561805725,1.094583988],[9.561528206,1.094583988],[9.561528206,1.09513998],[9.561249733,1.09513998],[9.561249733,1.095692992],[9.560972214,1.095692992],[9.560972214,1.096528053],[9.560693741,1.096528053],[9.560693741,1.096806049],[9.560416222,1.096806049],[9.560416222,1.097084045],[9.560137749,1.097084045],[9.560137749,1.097638011],[9.559862137,1.097640038],[9.559862137,1.098471999],[9.559583664,1.098471999],[9.559583664,1.099305987],[9.559027672,1.099305987],[9.559027672,1.099861979],[9.558750153,1.099861979],[9.558750153,1.100139976],[9.55819416,1.100139976],[9.55819416,1.100415945],[9.557915688,1.100415945],[9.557915688,1.101528049],[9.557084084,1.101528049],[9.557084084,1.101806045],[9.556805611,1.101806045],[9.556805611,1.10374999],[9.556528091,1.10374999],[9.556528091,1.104027987],[9.556249619,1.104027987],[9.556249619,1.104583979],[9.555972099,1.104583979],[9.555972099,1.105416059],[9.555693626,1.105416059],[9.555693626,1.106250048],[9.555418015,1.106250048],[9.555418015,1.106806993],[9.555137634,1.106806993],[9.555137634,1.107082009],[9.554862022,1.107082009],[9.554862022,1.107360005],[9.554583549,1.107360005],[9.554583549,1.107638001],[9.55430603,1.107638001],[9.55430603,1.108194947],[9.554027557,1.108194947],[9.554027557,1.108472943],[9.553471565,1.108472943],[9.553471565,1.108751059],[9.553193092,1.108751059],[9.553193092,1.109303951],[9.552914619,1.109303951],[9.552914619,1.109861016],[9.552362442,1.109861016],[9.552362442,1.110417008],[9.552083969,1.110417008],[9.552083969,1.110695004],[9.551804543,1.110695004],[9.551804543,1.110973001],[9.551527023,1.110973001],[9.551527023,1.111804962],[9.551804543,1.111804962],[9.551804543,1.112082958],[9.551527023,1.112082958],[9.551527023,1.113199949],[9.551527023,1.113473058],[9.55124855,1.113473058],[9.55124855,1.113749027],[9.550971031,1.113749027],[9.550971031,1.114027023],[9.550696373,1.114027023],[9.550696373,1.114305019],[9.550416946,1.114307046],[9.550416946,1.114027023],[9.550139427,1.114027023],[9.550139427,1.114305019],[9.549583435,1.114305019],[9.549583435,1.114861012],[9.549304962,1.114861012],[9.549304962,1.115417004],[9.547917366,1.115417004],[9.547917366,1.115139008],[9.547638893,1.115139008],[9.547638893,1.114861012],[9.547082901,1.114861012],[9.547082901,1.115139008],[9.546805382,1.115139008],[9.546805382,1.115417004],[9.546526909,1.115417004],[9.546526909,1.116248965],[9.546251297,1.116248965],[9.546251297,1.116526961],[9.545970917,1.116526961],[9.545970917,1.116804957],[9.545695305,1.116804957],[9.545695305,1.117638946],[9.545416832,1.117638946],[9.545416832,1.117916942],[9.545139313,1.117916942],[9.545139313,1.118749022],[9.54486084,1.118749022],[9.54486084,1.119027019],[9.544583321,1.119027019],[9.544583321,1.119305015],[9.544304848,1.119305015],[9.544304848,1.119583011],[9.544029236,1.119583011],[9.544027328,1.120139956],[9.543748856,1.120139956],[9.543748856,1.120417953],[9.543473244,1.120417953],[9.543473244,1.120692968],[9.543194771,1.120695949],[9.543194771,1.120970964],[9.542917252,1.120970964],[9.542917252,1.121526957],[9.542638779,1.121526957],[9.542638779,1.121806026],[9.542361259,1.121806026],[9.542361259,1.122084022],[9.542082787,1.122084022],[9.542082787,1.122362018],[9.541805267,1.122362018],[9.541805267,1.12291801],[9.541528702,1.12291801],[9.541528702,1.123193979],[9.54097271,1.123193979],[9.54097271,1.123471975],[9.540416718,1.123471975],[9.540416718,1.124027967],[9.540139198,1.124027967],[9.540139198,1.124305964],[9.539860725,1.124305964],[9.539860725,1.12458396],[9.539029121,1.12458396],[9.539029121,1.124861956],[9.538750648,1.124861956],[9.538772583,1.125468016],[9.538193703,1.12541604],[9.538212776,1.125730038],[9.537637711,1.125694036],[9.537647247,1.12599194],[9.537360191,1.125972033],[9.537360191,1.126127005],[9.537360191,1.126250029],[9.53708744,1.126256943],[9.537084579,1.125972033],[9.536527634,1.125972033],[9.536527634,1.126528025],[9.536250114,1.126528025],[9.536250114,1.126646042],[9.536250114,1.127084017],[9.535971642,1.127084017],[9.535971642,1.127637982],[9.535415649,1.127637982],[9.535415649,1.127915978],[9.53513813,1.127915978],[9.53513813,1.128471971],[9.534582138,1.128471971],[9.534582138,1.129027963],[9.534028053,1.129027963],[9.534028053,1.129305959],[9.53374958,1.129305959],[9.53374958,1.129583955],[9.533193588,1.129583955],[9.533193588,1.129861951],[9.532637596,1.129861951],[9.532637596,1.13013804],[9.532084465,1.13013804],[9.532084465,1.130416036],[9.531805992,1.130416036],[9.531805992,1.130694032],[9.530694008,1.130694032],[9.530694008,1.130972028],[9.530139923,1.130972028],[9.530139923,1.131250024],[9.528471947,1.131250024],[9.528471947,1.130972028],[9.527917862,1.130972028],[9.527917862,1.13013804],[9.52736187,1.13013804],[9.52736187,1.129861951],[9.525695801,1.129861951],[9.525695801,1.129583955],[9.525139809,1.129583955],[9.525139809,1.129305959],[9.524582863,1.129305959],[9.524582863,1.129583955],[9.524305344,1.129583955],[9.524305344,1.129305959],[9.523749352,1.129305959],[9.523749352,1.129583955],[9.523470879,1.129583955],[9.523470879,1.129861951],[9.523193359,1.129861951],[9.523193359,1.13013804],[9.522916794,1.13013804],[9.522916794,1.130694032],[9.52180481,1.130694032],[9.52180481,1.130972028],[9.52152729,1.130972028],[9.52152729,1.131250024],[9.521248817,1.131250024],[9.521248817,1.13152802],[9.520973206,1.13152802],[9.520973206,1.131806016],[9.520417213,1.131806016],[9.520417213,1.132081985],[9.519861221,1.132081985],[9.519861221,1.132359982],[9.519305229,1.132359982],[9.519305229,1.132637978],[9.518751144,1.132637978],[9.518751144,1.132915974],[9.518195152,1.132915974],[9.518195152,1.13319397],[9.516545296,1.133219004],[9.516529083,1.132915974],[9.516248703,1.132915974],[9.516248703,1.13319397],[9.515973091,1.13319397],[9.516020775,1.133550048],[9.515694618,1.133471966],[9.515696526,1.133752942],[9.514861107,1.133751035],[9.514861107,1.134029031],[9.514026642,1.134029031],[9.514026642,1.134307027],[9.51375103,1.134307027],[9.51375103,1.134860039],[9.512916565,1.134860039],[9.512882233,1.135416985],[9.5120821,1.135416985],[9.512078285,1.135663033],[9.511807442,1.135694981],[9.511807442,1.135972977],[9.51125145,1.135972977],[9.51125145,1.136250973],[9.51069355,1.136250973],[9.51069355,1.136528969],[9.509584427,1.136528969],[9.509584427,1.136805058],[9.509028435,1.136805058],[9.509028435,1.137083054],[9.508472443,1.137083054],[9.508472443,1.13736105],[9.507637978,1.13736105],[9.507637978,1.137639046],[9.506806374,1.137639046],[9.506806374,1.137917042],[9.506527901,1.137917042],[9.506527901,1.137639046],[9.505415916,1.137639046],[9.505415916,1.137083054],[9.505140305,1.137083054],[9.505138397,1.136805058],[9.504859924,1.136805058],[9.504859924,1.136250973],[9.504584312,1.136250973],[9.504584312,1.135972977],[9.503749847,1.135972977],[9.503749847,1.135694981],[9.502916336,1.135694981],[9.502916336,1.135416985],[9.502362251,1.135416985],[9.502362251,1.135138035],[9.501250267,1.135138035],[9.501250267,1.134860039],[9.500971794,1.134860039],[9.500971794,1.134582043],[9.500694275,1.134582043],[9.500694275,1.134307027],[9.500417709,1.134307027],[9.500417709,1.134029031],[9.50014019,1.134029031],[9.50014019,1.133751035],[9.499305725,1.133751035],[9.499305725,1.134029031],[9.497915268,1.134029031],[9.497915268,1.134307027],[9.497361183,1.134307027],[9.497361183,1.134582043],[9.496526718,1.134582043],[9.496526718,1.134860039],[9.495693207,1.134860039],[9.495693207,1.135138035],[9.494860649,1.135138035],[9.494860649,1.135416985],[9.494304657,1.135416985],[9.494304657,1.135694981],[9.492638588,1.135694981],[9.492638588,1.135972977],[9.492082596,1.135972977],[9.492082596,1.136250973],[9.491805077,1.136250973],[9.491805077,1.135972977],[9.491250992,1.135972977],[9.491250992,1.136250973],[9.490416527,1.136250973],[9.490416527,1.136528969],[9.490139008,1.136528969],[9.490139008,1.136805058],[9.488472939,1.136805058],[9.488472939,1.136528969],[9.485137939,1.136528969],[9.485137939,1.136805058],[9.483194351,1.136805058],[9.483194351,1.137083054],[9.47958374,1.137083054],[9.47958374,1.136805058],[9.479027748,1.136805058],[9.479027748,1.136528969],[9.478194237,1.136528969],[9.478194237,1.136250973],[9.477915764,1.136250973],[9.477915764,1.135972977],[9.477640152,1.135972977],[9.477640152,1.135416985],[9.477359772,1.135416985],[9.477359772,1.135138035],[9.47708416,1.135138035],[9.47708416,1.134860039],[9.476805687,1.134860039],[9.476805687,1.134307027],[9.474583626,1.134307027],[9.474583626,1.134029031],[9.473750114,1.134029031],[9.473750114,1.133751035],[9.473471642,1.133751035],[9.473471642,1.133471966],[9.473194122,1.133471966],[9.473194122,1.132359982],[9.472914696,1.132359982],[9.472914696,1.132081985],[9.472640038,1.132081985],[9.472640038,1.131806016],[9.472361565,1.131806016],[9.472361565,1.131250024],[9.472084045,1.131250024],[9.472084045,1.130972028],[9.471805573,1.130972028],[9.471805573,1.130694032],[9.4715271,1.130694032],[9.4715271,1.13013804],[9.471248627,1.13013804],[9.471248627,1.129027963],[9.470971107,1.129027963],[9.470971107,1.128749967],[9.470696449,1.128749967],[9.470696449,1.128193974],[9.470417976,1.128193974],[9.470417976,1.127915978],[9.467917442,1.127915978],[9.467917442,1.127637982],[9.467638969,1.127637982],[9.467638969,1.127362013],[9.467082977,1.127359986],[9.467082977,1.127084017],[9.466526985,1.127084017],[9.466526985,1.126806021],[9.465970993,1.126806021],[9.465970993,1.126528025],[9.465416908,1.126528025],[9.465416908,1.126250029],[9.464860916,1.126250029],[9.464860916,1.125972033],[9.464027405,1.125972033],[9.464027405,1.125694036],[9.46347332,1.125694036],[9.46347332,1.125972033],[9.463194847,1.125972033],[9.463194847,1.125694036],[9.462917328,1.125694036],[9.462917328,1.125972033],[9.462082863,1.125972033],[9.462082863,1.125694036],[9.461528778,1.125694036],[9.461528778,1.12541604],[9.461251259,1.12541604],[9.461251259,1.125694036],[9.459860802,1.125694036],[9.459860802,1.12541604],[9.459583282,1.12541604],[9.459583282,1.125139952],[9.459306717,1.125139952],[9.459306717,1.124861956],[9.458750725,1.124861956],[9.458750725,1.12458396],[9.457360268,1.12458396],[9.457360268,1.124305964],[9.456250191,1.124305964],[9.456250191,1.124027967],[9.454582214,1.124027967],[9.454582214,1.123749971],[9.454305649,1.123749971],[9.454305649,1.123193979],[9.45402813,1.123193979],[9.45402813,1.12291801],[9.453749657,1.12291801],[9.453749657,1.122084022],[9.453472137,1.122084022],[9.453472137,1.121526957],[9.453193665,1.121526957],[9.453193665,1.120695949],[9.452637672,1.120692968],[9.452637672,1.120139956],[9.452362061,1.120139956],[9.452362061,1.119861007],[9.452083588,1.119861007],[9.452083588,1.119583011],[9.451806068,1.119583011],[9.451806068,1.119305015],[9.451250076,1.119305015],[9.451250076,1.118749022],[9.450971603,1.118749022],[9.450971603,1.118471026],[9.450415611,1.118471026],[9.450415611,1.118195057],[9.449305534,1.118195057],[9.449305534,1.117916942],[9.449028015,1.117916942],[9.449028015,1.118195057],[9.448472023,1.118195057],[9.448472023,1.117916942],[9.44819355,1.117916942],[9.44819355,1.117638946],[9.446528435,1.117638946],[9.446528435,1.117916942],[9.445693016,1.117916942],[9.445693016,1.117638946],[9.444583893,1.117638946],[9.444583893,1.117916942],[9.44430542,1.117916942],[9.44430542,1.117638946],[9.443470955,1.117638946],[9.443470955,1.11736095],[9.441804886,1.11736095],[9.441804886,1.117082953],[9.441248894,1.117082953],[9.441248894,1.116804957],[9.440138817,1.116804957],[9.440138817,1.116526961],[9.439582825,1.116526961],[9.439582825,1.116248965],[9.439305305,1.116248965],[9.439305305,1.115972996],[9.439026833,1.115972996],[9.439026833,1.115695],[9.438751221,1.115695],[9.438751221,1.115417004],[9.43847084,1.115417004],[9.43847084,1.114861012],[9.438195229,1.114861012],[9.438195229,1.114305019],[9.437916756,1.114305019],[9.437916756,1.114583015],[9.437639236,1.114583015],[9.437639236,1.114305019],[9.437083244,1.114305019],[9.437083244,1.114027023],[9.436804771,1.114027023],[9.436804771,1.113749027],[9.436248779,1.113749027],[9.436248779,1.113473058],[9.43458271,1.113473058],[9.43458271,1.113194942],[9.433472633,1.113194942],[9.433472633,1.113473058],[9.431250572,1.113473058],[9.431250572,1.113749027],[9.430137634,1.113749027],[9.430137634,1.114027023],[9.427638054,1.114027023],[9.427638054,1.113749027],[9.427082062,1.113749027],[9.427082062,1.113473058],[9.426527977,1.113473058],[9.426527977,1.113194942],[9.426250458,1.113194942],[9.426250458,1.11263895],[9.425694466,1.11263895],[9.425694466,1.112360954],[9.425415993,1.112360954],[9.425415993,1.11263895],[9.424584389,1.11263895],[9.424584389,1.112916946],[9.422639847,1.112916946],[9.422639847,1.113194942],[9.420694351,1.113194942],[9.420694351,1.113473058],[9.420417786,1.113473058],[9.420417786,1.113194942],[9.419305801,1.113194942],[9.419305801,1.112916946],[9.418471336,1.112916946],[9.418471336,1.11263895],[9.417915344,1.11263895],[9.417915344,1.112082958],[9.417639732,1.112082958],[9.417639732,1.111804962],[9.417362213,1.111804962],[9.417362213,1.110695004],[9.417082787,1.110695004],[9.417082787,1.110417008],[9.417362213,1.110417008],[9.417362213,1.109861016],[9.417082787,1.109861016],[9.417082787,1.109303951],[9.416805267,1.109303951],[9.416805267,1.108751059],[9.415970802,1.108751059],[9.415970802,1.108472943],[9.415693283,1.108472943],[9.415693283,1.107916951],[9.415416718,1.107916951],[9.415416718,1.107360005],[9.414860725,1.107360005],[9.414860725,1.107082009],[9.414304733,1.107082009],[9.414304733,1.106528997],[9.413194656,1.106528997],[9.413194656,1.105972052],[9.412917137,1.105972052],[9.412917137,1.106250048],[9.412082672,1.106250048],[9.412082672,1.105694056],[9.411805153,1.105694056],[9.411805153,1.105137944],[9.41152668,1.105137944],[9.41152668,1.104859948],[9.410972595,1.104859948],[9.410972595,1.104305983],[9.410695076,1.104305983],[9.410695076,1.103193998],[9.410139084,1.103193998],[9.410139084,1.102638006],[9.410416603,1.102638006],[9.410416603,1.10236001],[9.410695076,1.10236001],[9.410695076,1.102084041],[9.410972595,1.102084041],[9.410972595,1.101250052],[9.410695076,1.101250052],[9.410695076,1.100693941],[9.410416603,1.100693941],[9.410416603,1.100415945],[9.410139084,1.100415945],[9.410139084,1.100139976],[9.409583092,1.100139976],[9.409583092,1.100415945],[9.409304619,1.100415945],[9.409304619,1.100693941],[9.408666611,1.100693941],[9.408473015,1.100693941],[9.408473015,1.100972056],[9.40763855,1.100972056],[9.40763855,1.101250052],[9.407361031,1.101250052],[9.407361031,1.101806045],[9.406806946,1.101806045],[9.406806946,1.10236001],[9.406526566,1.10236001],[9.406526566,1.102916002],[9.405973434,1.102916002],[9.405973434,1.103193998],[9.405417442,1.103193998],[9.405417442,1.10374999],[9.405138969,1.10374999],[9.405138969,1.104305983],[9.404859543,1.104305983],[9.404859543,1.104583979],[9.404582024,1.104583979],[9.404582024,1.105137944],[9.404303551,1.105137944],[9.40429306,1.105416059],[9.404028893,1.105416059],[9.404028893,1.105507016],[9.404028893,1.105694056],[9.403751373,1.105694056],[9.403751373,1.105972052],[9.403471947,1.105972052],[9.403471947,1.106250048],[9.403194427,1.106250048],[9.403194427,1.106528997],[9.402915955,1.106528997],[9.402915955,1.106806993],[9.402638435,1.106806993],[9.402638435,1.107082009],[9.402084351,1.107082009],[9.402084351,1.107360005],[9.401805878,1.107360005],[9.401805878,1.107638001],[9.401249886,1.107638001],[9.401249886,1.107916951],[9.400693893,1.107916951],[9.400693893,1.108194947],[9.399583817,1.108194947],[9.399581909,1.108472943],[9.398750305,1.108472943],[9.398750305,1.108751059],[9.398194313,1.108751059],[9.398194313,1.109029055],[9.39791584,1.109029055],[9.39791584,1.109303951],[9.397359848,1.109303951],[9.397359848,1.10958302],[9.396528244,1.10958302],[9.396528244,1.109303951],[9.396249771,1.109303951],[9.396249771,1.109029055],[9.395972252,1.109029055],[9.395972252,1.108751059],[9.395693779,1.108751059],[9.395693779,1.108472943],[9.39541626,1.108472943],[9.39541626,1.108194947],[9.392917633,1.108194947],[9.392917633,1.108472943],[9.392640114,1.108472943],[9.392640114,1.108751059],[9.391248703,1.108751059],[9.391248703,1.108472943],[9.39013958,1.108472943],[9.39013958,1.107916951],[9.389305115,1.107916951],[9.389305115,1.107638001],[9.389198303,1.107638001],[9.389026642,1.107638001],[9.389026642,1.107916951],[9.388749123,1.107916951],[9.388749123,1.108194947],[9.38819313,1.108194947],[9.38819313,1.107916951],[9.387360573,1.107916951],[9.387360573,1.107638001],[9.385971069,1.107638001],[9.385971069,1.107916951],[9.385416985,1.107916951],[9.385416985,1.108194947],[9.385139465,1.108194947],[9.385139465,1.108472943],[9.384583473,1.108472943],[9.384583473,1.108751059],[9.384305,1.108751059],[9.384305,1.109029055],[9.384026527,1.109029055],[9.384026527,1.111804962],[9.383749008,1.111804962],[9.383749008,1.112360954],[9.383473396,1.112360954],[9.383473396,1.11263895],[9.383194923,1.11263895],[9.383194923,1.114861012],[9.382917404,1.114861012],[9.382917404,1.115417004],[9.382638931,1.115417004],[9.382638931,1.115972996],[9.382361412,1.115972996],[9.382361412,1.116248965],[9.382082939,1.116248965],[9.382082939,1.116804957],[9.38180542,1.116804957],[9.38180542,1.11736095],[9.381528854,1.11736095],[9.381528854,1.118749022],[9.381251335,1.118749022],[9.381251335,1.119305015],[9.380972862,1.119305015],[9.380972862,1.120417953],[9.380695343,1.120417953],[9.380695343,1.120970964],[9.38041687,1.120970964],[9.38041687,1.12124896],[9.380695343,1.12124896],[9.380695343,1.121526957],[9.38041687,1.121526957],[9.38041687,1.122084022],[9.380139351,1.122084022],[9.380139351,1.12291801],[9.379860878,1.12291801],[9.379860878,1.123471975],[9.379583359,1.123471975],[9.379583359,1.12458396],[9.379306793,1.12458396],[9.379306793,1.125139952],[9.379026413,1.125139952],[9.379026413,1.125694036],[9.378750801,1.125694036],[9.378750801,1.126250029],[9.378473282,1.126250029],[9.378473282,1.127084017],[9.378194809,1.127084017],[9.378194809,1.127637982],[9.37791729,1.127637982],[9.37791729,1.127915978],[9.377637863,1.127915978],[9.377637863,1.128471971],[9.377360344,1.128471971],[9.377360344,1.129027963],[9.377084732,1.129027963],[9.377084732,1.129583955],[9.376804352,1.129583955],[9.376804352,1.129861951],[9.37652874,1.129861951],[9.37652874,1.131250024],[9.376250267,1.131250024],[9.376250267,1.132081985],[9.375971794,1.132081985],[9.375971794,1.132637978],[9.375694275,1.132637978],[9.375694275,1.132915974],[9.375415802,1.132915974],[9.375415802,1.13319397],[9.375138283,1.13319397],[9.375138283,1.133751035],[9.37485981,1.133751035],[9.37485981,1.134029031],[9.374582291,1.134029031],[9.374582291,1.134111047],[9.374582291,1.134307027],[9.374305725,1.134307027],[9.374305725,1.134582043],[9.374028206,1.134582043],[9.374028206,1.134860039],[9.373472214,1.134860039],[9.373472214,1.135138035],[9.373193741,1.135138035],[9.373193741,1.135694981],[9.372916222,1.135694981],[9.372916222,1.135972977],[9.372362137,1.135972977],[9.372362137,1.136250973],[9.372083664,1.136250973],[9.372083664,1.136528969],[9.371806145,1.136528969],[9.371806145,1.136805058],[9.371250153,1.136805058],[9.371250153,1.137083054],[9.370140076,1.137083054],[9.370140076,1.13736105],[9.369861603,1.13736105],[9.369859695,1.137639046],[9.369584084,1.137639046],[9.369584084,1.13736105],[9.369305611,1.13736105],[9.369305611,1.137639046],[9.367362022,1.137639046],[9.367362022,1.137917042],[9.36680603,1.137917042],[9.36680603,1.138195038],[9.366527557,1.138195038],[9.366527557,1.13875103],[9.365971565,1.13875103],[9.365971565,1.139582992],[9.365694046,1.139582992],[9.365694046,1.139860988],[9.365414619,1.139860988],[9.365414619,1.140138984],[9.36430645,1.140138984],[9.36430645,1.139860988],[9.36374855,1.139860988],[9.36374855,1.139582992],[9.363196373,1.139582992],[9.363196373,1.139304996],[9.363040924,1.139304996],[9.362639427,1.139304996],[9.362639427,1.139026999],[9.360694885,1.139026999],[9.360694885,1.13875103],[9.359026909,1.13875103],[9.359026909,1.139026999],[9.358751297,1.139026999],[9.358751297,1.139304996],[9.358470917,1.139304996],[9.358470917,1.139860988],[9.358195305,1.139860988],[9.358195305,1.140138984],[9.357916832,1.140138984],[9.357916832,1.140694976],[9.357639313,1.140694976],[9.357639313,1.141250968],[9.35736084,1.141250968],[9.35736084,1.141527057],[9.357083321,1.141527057],[9.357083321,1.141805053],[9.356804848,1.141805053],[9.356804848,1.142083049],[9.356248856,1.142083049],[9.356248856,1.143195033],[9.355973244,1.143195033],[9.355973244,1.145138979],[9.356248856,1.145138979],[9.356248856,1.145694971],[9.356804848,1.145694971],[9.356804848,1.14597404],[9.357639313,1.14597404],[9.357639313,1.146249056],[9.359582901,1.146249056],[9.359582901,1.146527052],[9.360138893,1.146527052],[9.360138893,1.146805048],[9.360417366,1.146805048],[9.360417366,1.148470998],[9.360138893,1.148470998],[9.360138893,1.149306059],[9.359861374,1.149306059],[9.359861374,1.149584055],[9.359582901,1.149584055],[9.359582901,1.150416017],[9.359305382,1.150418043],[9.359305382,1.152639985],[9.359582901,1.152639985],[9.359582901,1.153193951],[9.359861374,1.153193951],[9.359861374,1.154028058],[9.360138893,1.154028058],[9.360138893,1.154306054],[9.359861374,1.154306054],[9.359861374,1.15458405],[9.360138893,1.15458405],[9.360138893,1.154862046],[9.359861374,1.154862046],[9.359861374,1.155972004],[9.359582901,1.155972004],[9.359582901,1.156527996],[9.359305382,1.156527996],[9.359305382,1.157083988],[9.359026909,1.157083988],[9.359026909,1.157637954],[9.358751297,1.157637954],[9.358751297,1.15791595],[9.358470917,1.15791595],[9.358470917,1.158193946],[9.358195305,1.158193946],[9.358195305,1.158471942],[9.357916832,1.158471942],[9.357916832,1.158750057],[9.35736084,1.158750057],[9.35736084,1.159306049],[9.357083321,1.159306049],[9.357083321,1.159582019],[9.356804848,1.159582019],[9.356804848,1.159860015],[9.356529236,1.159860015],[9.356527328,1.161250949],[9.356248856,1.161250949],[9.356248856,1.161528945],[9.355973244,1.161528945],[9.355973244,1.161806941],[9.355694771,1.161806941],[9.355694771,1.162359953],[9.355417252,1.162359953],[9.355417252,1.162639022],[9.355138779,1.162639022],[9.355138779,1.162917018],[9.354861259,1.162917018],[9.354861259,1.163195014],[9.354582787,1.163195014],[9.354582787,1.16347301],[9.354305267,1.16347301],[9.354305267,1.163751006],[9.354026794,1.163751006],[9.354026794,1.164029002],[9.353751183,1.164029002],[9.353751183,1.164582968],[9.352916718,1.164582968],[9.352916718,1.164860964],[9.352639198,1.164860964],[9.352639198,1.165416956],[9.352360725,1.165416956],[9.352360725,1.165694952],[9.352083206,1.165694952],[9.352083206,1.165972948],[9.351806641,1.165972948],[9.351806641,1.166250944],[9.351529121,1.166250944],[9.351529121,1.166805029],[9.351250648,1.166805029],[9.351250648,1.167083025],[9.350973129,1.167083025],[9.350973129,1.167361021],[9.350694656,1.167361021],[9.350694656,1.167639017],[9.350416183,1.167639017],[9.350416183,1.168195009],[9.350137711,1.168195009],[9.350137711,1.168748975],[9.349860191,1.168748975],[9.349860191,1.169026971],[9.349027634,1.169026971],[9.349027634,1.169304967],[9.348471642,1.169304967],[9.348471642,1.169582963],[9.348194122,1.169582963],[9.348194122,1.169860959],[9.34763813,1.169860959],[9.34763813,1.170416951],[9.347082138,1.170416951],[9.347082138,1.170694947],[9.346528053,1.170694947],[9.346528053,1.170972943],[9.345972061,1.170972943],[9.345972061,1.171249032],[9.345693588,1.171249032],[9.345693588,1.171527028],[9.345137596,1.171527028],[9.345137596,1.171805024],[9.344860077,1.171805024],[9.344860077,1.17208302],[9.343471527,1.17208302],[9.343471527,1.171805024],[9.342639923,1.171805024],[9.342639923,1.17208302],[9.342083931,1.17208302],[9.342083931,1.172639012],[9.341806412,1.172639012],[9.341806412,1.172917008],[9.341527939,1.172917008],[9.341527939,1.173192978],[9.340694427,1.173195958],[9.340694427,1.174582958],[9.340971947,1.174582958],[9.340971947,1.175696015],[9.342083931,1.175696015],[9.342083931,1.175971031],[9.342362404,1.175971031],[9.342362404,1.176249981],[9.342639923,1.176249981],[9.342639923,1.176527977],[9.342915535,1.176527977],[9.342915535,1.177361965],[9.343194008,1.177361965],[9.343194008,1.178750038],[9.343471527,1.178750038],[9.343471527,1.17930603],[9.34375,1.17930603],[9.34375,1.179584026],[9.344028473,1.179584026],[9.344028473,1.179862022],[9.344305992,1.179862022],[9.344305992,1.180137992],[9.344584465,1.180140018],[9.344584465,1.180693984],[9.345693588,1.180693984],[9.345693588,1.180415988],[9.345972061,1.180415988],[9.345972061,1.180140018],[9.346528053,1.180140018],[9.346528053,1.180415988],[9.346805573,1.180415988],[9.346805573,1.180693984],[9.347359657,1.180693984],[9.347361565,1.180415988],[9.347915649,1.180415988],[9.347915649,1.180140018],[9.348194122,1.180137992],[9.348194122,1.179862022],[9.348750114,1.179862022],[9.348750114,1.179584026],[9.350416183,1.179584026],[9.350416183,1.179862022],[9.350973129,1.179862022],[9.350973129,1.180137992],[9.351250648,1.180140018],[9.351250648,1.180693984],[9.351529121,1.180693984],[9.351529121,1.181249976],[9.352083206,1.181249976],[9.352083206,1.181527972],[9.35347271,1.181527972],[9.35347271,1.181805968],[9.353751183,1.181805968],[9.353751183,1.182083964],[9.354026794,1.182083964],[9.354026794,1.183194041],[9.355694771,1.183194041],[9.355694771,1.182916045],[9.356527328,1.182916045],[9.356529236,1.183194041],[9.357083321,1.183194041],[9.357083321,1.183472037],[9.35736084,1.183472037],[9.35736084,1.183750033],[9.357639313,1.183750033],[9.357639313,1.184306026],[9.357916832,1.184306026],[9.357916832,1.184584022],[9.358195305,1.184584022],[9.358195305,1.185415983],[9.360694885,1.185415983],[9.360694885,1.185137987],[9.361527443,1.185137987],[9.361527443,1.184859991],[9.361804962,1.184859991],[9.361804962,1.184584022],[9.362639427,1.184584022],[9.362639427,1.184306026],[9.363196373,1.184306026],[9.363196373,1.184584022],[9.364027023,1.184584022],[9.364027023,1.184028029],[9.36430645,1.184028029],[9.36430645,1.183472037],[9.364583969,1.183472037],[9.364583969,1.182638049],[9.365414619,1.182638049],[9.365414619,1.183109999],[9.365414619,1.183194041],[9.365694046,1.183194041],[9.365694046,1.183472037],[9.365971565,1.183472037],[9.365971565,1.183750033],[9.366250038,1.183750033],[9.366250038,1.184028029],[9.36680603,1.184028029],[9.36680603,1.184306026],[9.367083549,1.184306026],[9.367083549,1.184584022],[9.367362022,1.184584022],[9.367362022,1.184859991],[9.367637634,1.184859991],[9.367637634,1.185415983],[9.368472099,1.185415983],[9.368472099,1.185693979],[9.368749619,1.185693979],[9.368749619,1.186249971],[9.369305611,1.186249971],[9.369305611,1.187360048],[9.369584084,1.187360048],[9.369584084,1.187638044],[9.369859695,1.187638044],[9.369861603,1.188750982],[9.370140076,1.188750982],[9.370140076,1.189028978],[9.370415688,1.189028978],[9.370415688,1.190973043],[9.370140076,1.190973043],[9.370140076,1.19125104],[9.370415688,1.19125104],[9.370415688,1.192360997],[9.37069416,1.192360997],[9.37069416,1.192638993],[9.370415688,1.192638993],[9.370415688,1.193472981],[9.37069416,1.193472981],[9.37069416,1.194026947],[9.37097168,1.194026947],[9.37097168,1.194861054],[9.371250153,1.194861054],[9.371250153,1.195973039],[9.371527672,1.195973039],[9.371527672,1.196249008],[9.371806145,1.196249008],[9.371806145,1.196527004],[9.372083664,1.196527004],[9.372083664,1.197082996],[9.372362137,1.197082996],[9.372362137,1.197360992],[9.372637749,1.197360992],[9.372637749,1.197638988],[9.372916222,1.197638988],[9.372916222,1.198194981],[9.373193741,1.198194981],[9.373193741,1.199026942],[9.373472214,1.199026942],[9.373472214,1.199305058],[9.373749733,1.199305058],[9.373749733,1.19986105],[9.374028206,1.19986105],[9.374028206,1.200695992],[9.374305725,1.200695992],[9.374305725,1.201526999],[9.374582291,1.201526999],[9.374582291,1.202640057],[9.37485981,1.202640057],[9.37485981,1.204306006],[9.375138283,1.204306006],[9.375138283,1.205971956],[9.375415802,1.205971956],[9.375415802,1.206527948],[9.375694275,1.206527948],[9.375694275,1.206805944],[9.375971794,1.206805944],[9.375971794,1.207640052],[9.376250267,1.207640052],[9.376250267,1.208194017],[9.37652874,1.208194017],[9.37652874,1.208472013],[9.376804352,1.208472013],[9.376804352,1.20875001],[9.377084732,1.20875001],[9.377084732,1.209028006],[9.377360344,1.209028006],[9.377360344,1.209306002],[9.377637863,1.209306002],[9.377637863,1.209859967],[9.37791729,1.209859967],[9.37791729,1.210137963],[9.378194809,1.210137963],[9.378194809,1.210415959],[9.379026413,1.210415959],[9.379026413,1.210693955],[9.380139351,1.210693955],[9.380139351,1.210971951],[9.380695343,1.210971951],[9.380695343,1.211249948],[9.38180542,1.211249948],[9.38180542,1.212360024],[9.382082939,1.212360024],[9.382082939,1.212638021],[9.382638931,1.212638021],[9.382638931,1.212916017],[9.383194923,1.212916017],[9.383194923,1.213194013],[9.383473396,1.213194013],[9.383473396,1.213472009],[9.384026527,1.213472009],[9.384026527,1.214028001],[9.384305,1.214028001],[9.384305,1.214306951],[9.384583473,1.214306951],[9.384583473,1.215415955],[9.384860992,1.215415955],[9.384860992,1.216529012],[9.385139465,1.216529012],[9.385139465,1.216804028],[9.384860992,1.216804028],[9.384860992,1.217360973],[9.385416985,1.217360973],[9.385416985,1.217916965],[9.385695457,1.217916965],[9.385695457,1.218750954],[9.385971069,1.218750954],[9.385971069,1.220139027],[9.386248589,1.220139027],[9.386248589,1.22152698],[9.385971069,1.22152698],[9.385971069,1.224305034],[9.385695457,1.224305034],[9.385695457,1.22458303],[9.385971069,1.22458303],[9.385971069,1.224861026],[9.385695457,1.224861026],[9.385695457,1.225139022],[9.385416985,1.225139022],[9.385416985,1.225417018],[9.385139465,1.225417018],[9.385139465,1.225695014],[9.384860992,1.225695014],[9.384860992,1.225970984],[9.385139465,1.225970984],[9.385139465,1.226526976],[9.385416985,1.226526976],[9.385416985,1.227360964],[9.385139465,1.227360964],[9.385139465,1.228471041],[9.385416985,1.228471041],[9.385416985,1.229583979],[9.385695457,1.229583979],[9.385695457,1.230139971],[9.385971069,1.230139971],[9.385971069,1.230417967],[9.386248589,1.230417967],[9.38625145,1.231250048],[9.386527061,1.231250048],[9.386527061,1.232362032],[9.38625145,1.232362032],[9.38625145,1.232915998],[9.386527061,1.232915998],[9.386527061,1.23347199],[9.386804581,1.23347199],[9.386804581,1.233749986],[9.387083054,1.233749986],[9.387083054,1.234027982],[9.387639046,1.234027982],[9.387639046,1.234305978],[9.387916565,1.234305978],[9.387916565,1.234583974],[9.38819313,1.234583974],[9.38819313,1.23486197],[9.388472557,1.23486197],[9.388472557,1.235138059],[9.388749123,1.235138059],[9.388749123,1.24041605],[9.389026642,1.24041605],[9.389026642,1.241528988],[9.389305115,1.241528988],[9.389305115,1.241806984],[9.389582634,1.241806984],[9.389582634,1.242082],[9.389305115,1.242082],[9.389305115,1.242359996],[9.389582634,1.242359996],[9.389582634,1.244029045],[9.389861107,1.244029045],[9.389861107,1.244305015],[9.389582634,1.244305015],[9.389582634,1.245694995],[9.389305115,1.245694995],[9.389305115,1.247082949],[9.389582634,1.247082949],[9.389582634,1.247638941],[9.389861107,1.247638941],[9.389861107,1.24930501],[9.39013958,1.24930501],[9.39013958,1.249583006],[9.390418053,1.249583006],[9.390418053,1.249861002],[9.390695572,1.249861002],[9.390695572,1.250416994],[9.391248703,1.250416994],[9.391248703,1.25069499],[9.391805649,1.25069499],[9.391805649,1.250972986],[9.392084122,1.250972986],[9.392084122,1.251804948],[9.392640114,1.251804948],[9.392640114,1.252639055],[9.392917633,1.252639055],[9.392917633,1.252917051],[9.393471718,1.252917051],[9.393471718,1.253195047],[9.39402771,1.253195047],[9.39402771,1.253471017],[9.394306183,1.253471017],[9.394306183,1.253749013],[9.394862175,1.253749013],[9.394862175,1.254027009],[9.395137787,1.254027009],[9.395137787,1.254583001],[9.39541626,1.254583001],[9.39541626,1.254860997],[9.395693779,1.254860997],[9.395693779,1.255417943],[9.395972252,1.255417943],[9.395972252,1.256248951],[9.396249771,1.256248951],[9.396249771,1.257918],[9.396528244,1.257918],[9.396528244,1.260694027],[9.396805763,1.260694027],[9.396805763,1.260972023],[9.397084236,1.260972023],[9.397084236,1.261806011],[9.397359848,1.261806011],[9.397359848,1.262637973],[9.397640228,1.262637973],[9.397640228,1.262915969],[9.39791584,1.262915969],[9.39791584,1.263471961],[9.398194313,1.263471961],[9.398194313,1.264860034],[9.39791584,1.264860034],[9.39791584,1.265416026],[9.397640228,1.265416026],[9.397640228,1.266806006],[9.397359848,1.266806006],[9.397359848,1.268471956],[9.397084236,1.268471956],[9.397084236,1.268751025],[9.396805763,1.268751025],[9.396805763,1.269029021],[9.396528244,1.269029021],[9.396528244,1.269582033],[9.396249771,1.269582033],[9.396249771,1.270416975],[9.395972252,1.270416975],[9.395972252,1.271528959],[9.395693779,1.271528959],[9.395693779,1.271805048],[9.39541626,1.271805048],[9.39541626,1.273473024],[9.395693779,1.273473024],[9.395693779,1.27375102],[9.396249771,1.27375102],[9.396249771,1.27402699],[9.398471832,1.27402699],[9.398471832,1.274304986],[9.399581909,1.274304986],[9.399583817,1.274582982],[9.399862289,1.274582982],[9.399862289,1.274860978],[9.400137901,1.274860978],[9.400137901,1.275138974],[9.399862289,1.275138974],[9.399862289,1.27541697],[9.400137901,1.27541697],[9.400137901,1.275694966],[9.400416374,1.275694966],[9.400416374,1.275972962],[9.400693893,1.275972962],[9.400693893,1.276527047],[9.400972366,1.276527047],[9.400972366,1.277083039],[9.401528358,1.277083039],[9.401528358,1.277639031],[9.401805878,1.277639031],[9.401805878,1.277917027],[9.402084351,1.277917027],[9.402084351,1.278195024],[9.402359962,1.278195024],[9.402359962,1.278470993],[9.402915955,1.278470993],[9.402915955,1.278748989],[9.403194427,1.278748989],[9.403194427,1.279026985],[9.403471947,1.279026985],[9.403471947,1.279304981],[9.404028893,1.279304981],[9.404028893,1.279860973],[9.404303551,1.279860973],[9.404303551,1.280138969],[9.404582024,1.280138969],[9.404582024,1.280693054],[9.404859543,1.280694962],[9.404859543,1.28097105],[9.405138969,1.28097105],[9.405138969,1.281249046],[9.405694962,1.281249046],[9.405694962,1.281527042],[9.405973434,1.281527042],[9.405973434,1.282083035],[9.406526566,1.282083035],[9.406526566,1.282361984],[9.406806946,1.282361984],[9.406806946,1.28263998],[9.407361031,1.28263998],[9.407361031,1.282917976],[9.409029007,1.282917976],[9.409029007,1.28263998],[9.409304619,1.28263998],[9.409304619,1.282917976],[9.410416603,1.282917976],[9.410416603,1.283192992],[9.412082672,1.283192992],[9.412082672,1.283470988],[9.412361145,1.283470988],[9.412361145,1.283750057],[9.414583206,1.283750057],[9.414583206,1.283470988],[9.414860725,1.283470988],[9.414860725,1.283192992],[9.415139198,1.283192992],[9.415139198,1.282917976],[9.416526794,1.282917976],[9.416526794,1.283192992],[9.416805267,1.283192992],[9.416805267,1.282917976],[9.417915344,1.282917976],[9.417915344,1.28263998],[9.418195724,1.28263998],[9.418195724,1.282361984],[9.418471336,1.282361984],[9.418471336,1.282083035],[9.420140266,1.282083035],[9.420140266,1.281805038],[9.422916412,1.281805038],[9.422916412,1.282083035],[9.423193932,1.282083035],[9.423193932,1.282361984],[9.423472404,1.282361984],[9.423472404,1.28263998],[9.423749924,1.28263998],[9.423749924,1.282917976],[9.424305916,1.282917976],[9.424305916,1.283192992],[9.425138474,1.283192992],[9.425138474,1.283470988],[9.425694466,1.283470988],[9.425694466,1.283750057],[9.426250458,1.283750057],[9.426250458,1.284028053],[9.42680645,1.284028053],[9.42680645,1.284306049],[9.427362442,1.284306049],[9.427362442,1.284862041],[9.427638054,1.284862041],[9.427638054,1.285140038],[9.427915573,1.285140038],[9.427915573,1.285416007],[9.428194046,1.285416007],[9.428194046,1.285971999],[9.428471565,1.285971999],[9.428471565,1.286805987],[9.429027557,1.286805987],[9.429027557,1.287639976],[9.42930603,1.287639976],[9.42930603,1.288193941],[9.429585457,1.288193941],[9.429585457,1.288750052],[9.429860115,1.288750052],[9.429860115,1.289584041],[9.430416107,1.289584041],[9.430416107,1.290416002],[9.430693626,1.290416002],[9.430693626,1.290971994],[9.430973053,1.290971994]]],[[[9.739027023,1.826249957],[9.739027023,1.825971961],[9.739304543,1.825971961],[9.739304543,1.825693965],[9.739583015,1.825693965],[9.739583015,1.825139999],[9.739304543,1.825139999],[9.739304543,1.824862003],[9.739583015,1.824862003],[9.739583015,1.823472023],[9.739304543,1.823472023],[9.739304543,1.822918057],[9.738752365,1.822918057],[9.738752365,1.822639942],[9.737639427,1.822639942],[9.737639427,1.822918057],[9.737360954,1.822918057],[9.737360954,1.823194027],[9.737639427,1.823194027],[9.737639427,1.823750019],[9.737360954,1.823750019],[9.737360954,1.824584007],[9.737639427,1.824584007],[9.737639427,1.824862003],[9.737916946,1.824862003],[9.737916946,1.825139999],[9.737639427,1.825139999],[9.737639427,1.825971961],[9.73874855,1.825971961],[9.738752365,1.826249957],[9.739027023,1.826249957]]],[[[9.515417099,1.005694985],[9.515417099,1.005416989],[9.515694618,1.005416989],[9.515694618,1.005138993],[9.515973091,1.005138993],[9.515973091,1.004860997],[9.516248703,1.004860997],[9.516248703,1.004583001],[9.516529083,1.004583001],[9.516529083,1.004029036],[9.516804695,1.004029036],[9.516804695,1.00375104],[9.517360687,1.00375104],[9.517360687,1.003473043],[9.518195152,1.003473043],[9.518195152,1.003195047],[9.518470764,1.003195047],[9.518472672,1.002917051],[9.518751144,1.002917051],[9.518751144,1.002639055],[9.519026756,1.002639055],[9.519026756,1.001804948],[9.519305229,1.001804948],[9.519305229,1.000972986],[9.519582748,1.000972986],[9.519582748,1.000416994],[9.520138741,1.000416994],[9.520138741,0.999953985],[9.520138741,0.999028981],[9.519861221,0.999028981],[9.519861221,0.998749971],[9.519582748,0.998749971],[9.519582748,0.998471975],[9.519305229,0.998471975],[9.519305229,0.998193979],[9.519026756,0.998193979],[9.519026756,0.997915983],[9.517916679,0.997915983],[9.517916679,0.997637987],[9.51763916,0.997637987],[9.51763916,0.997915983],[9.516804695,0.997915983],[9.516804695,0.998471975],[9.516529083,0.998471975],[9.516529083,0.999303997],[9.516804695,0.999303997],[9.516804695,0.999859989],[9.516804695,1.000138044],[9.516804695,1.001804948],[9.516529083,1.001804948],[9.516529083,1.002082944],[9.515138626,1.002082944],[9.515138626,1.002639055],[9.514861107,1.002639055],[9.514861107,1.004029036],[9.514582634,1.004029036],[9.514582634,1.005138993],[9.514861107,1.005138993],[9.514861107,1.005694985],[9.515417099,1.005694985]]],[[[9.505140305,0.994306028],[9.505140305,0.994027972],[9.505778313,0.994027972],[9.506250381,0.994027972],[9.506250381,0.993749976],[9.506527901,0.993749976],[9.506527901,0.992637992],[9.506381989,0.992637992],[9.506250381,0.992637992],[9.506250381,0.992362022],[9.506527901,0.992362022],[9.506527901,0.992084026],[9.506608009,0.992084026],[9.506806374,0.992084026],[9.506806374,0.991662025],[9.506806374,0.990140021],[9.506527901,0.990140021],[9.506527901,0.989862025],[9.506806374,0.989862025],[9.506806374,0.989305973],[9.507081985,0.989305973],[9.507081985,0.988193989],[9.507362366,0.988193989],[9.507362366,0.987640023],[9.507637978,0.987640023],[9.507637978,0.987083972],[9.507916451,0.987083972],[9.507916451,0.986805975],[9.508472443,0.986805975],[9.508472443,0.985970974],[9.508749962,0.985970974],[9.508749962,0.985696018],[9.509028435,0.985696018],[9.509028435,0.985418022],[9.509305954,0.985418022],[9.509305954,0.985139012],[9.509028435,0.985139012],[9.509028435,0.98458302],[9.508749962,0.98458302],[9.508749962,0.984305024],[9.508472443,0.984305024],[9.508472443,0.983748972],[9.50819397,0.983748972],[9.50819397,0.982361019],[9.507916451,0.982361019],[9.507916451,0.981526971],[9.50819397,0.981526971],[9.50819397,0.980973005],[9.508472443,0.980973005],[9.508472443,0.980417013],[9.509028435,0.980417013],[9.509028435,0.980139017],[9.509305954,0.980139017],[9.509305954,0.979305029],[9.509584427,0.979305029],[9.509584427,0.978807986],[9.509584427,0.978473008],[9.509271622,0.978506982],[9.509305954,0.976804972],[9.509584427,0.976804972],[9.509584427,0.976526976],[9.510137558,0.976526976],[9.510137558,0.976251006],[9.510416031,0.976251006],[9.510416031,0.97597301],[9.51069355,0.97597301],[9.51069355,0.975417018],[9.510972023,0.975417018],[9.510972023,0.975139022],[9.51125145,0.975139022],[9.51125145,0.97458303],[9.511528969,0.97458303],[9.511528969,0.97430402],[9.510972023,0.97430402],[9.510972023,0.974029005],[9.51069355,0.974029005],[9.51069355,0.973751009],[9.510137558,0.973751009],[9.510137558,0.973473012],[9.509584427,0.973473012],[9.509584427,0.973195016],[9.509305954,0.973195016],[9.509305954,0.972916007],[9.508749962,0.972916007],[9.508749962,0.973195016],[9.508472443,0.973195016],[9.508472443,0.973473012],[9.50819397,0.973473012],[9.50819397,0.973751009],[9.507916451,0.973751009],[9.507916451,0.974029005],[9.507081985,0.974029005],[9.507081985,0.97430402],[9.506527901,0.97430402],[9.506527901,0.97458303],[9.505971909,0.97458303],[9.505971909,0.975139022],[9.505791664,0.975139022],[9.505140305,0.975139022],[9.505138397,0.975417018],[9.50430584,0.975417018],[9.50430584,0.975695014],[9.503749847,0.975695014],[9.503749847,0.975417018],[9.502637863,0.975417018],[9.502637863,0.975139022],[9.502362251,0.975139022],[9.502362251,0.97458303],[9.502083778,0.97458303],[9.502083778,0.974029005],[9.501806259,0.974029005],[9.501806259,0.973473012],[9.501527786,0.973473012],[9.501527786,0.972916007],[9.501250267,0.972916007],[9.501250267,0.972638011],[9.500694275,0.972638011],[9.500694275,0.972916007],[9.50014019,0.972916007],[9.50014019,0.973473012],[9.499584198,0.973473012],[9.499584198,0.973751009],[9.498748779,0.973751009],[9.498748779,0.97430402],[9.49847126,0.97430402],[9.49847126,0.975695014],[9.498748779,0.975695014],[9.498748779,0.97597301],[9.499028206,0.97597301],[9.499028206,0.976251006],[9.499305725,0.976251006],[9.499305725,0.976804972],[9.499584198,0.976804972],[9.499584198,0.977083027],[9.499861717,0.977083027],[9.499861717,0.977361023],[9.50014019,0.977361023],[9.50014019,0.977639019],[9.500417709,0.977639019],[9.500417709,0.978195012],[9.500694275,0.978195012],[9.500694275,0.979305029],[9.500971794,0.979305029],[9.500971794,0.979861021],[9.500694275,0.979861021],[9.500694275,0.980695009],[9.50014019,0.980695009],[9.50014019,0.980973005],[9.499028206,0.980973005],[9.499028206,0.980695009],[9.497915268,0.980695009],[9.497915268,0.980973005],[9.498195648,0.980973005],[9.498195648,0.981526971],[9.49847126,0.981526971],[9.49847126,0.982083023],[9.499028206,0.982083023],[9.499028206,0.982361019],[9.499584198,0.982361019],[9.499584198,0.982639015],[9.499861717,0.982639015],[9.499861717,0.983195007],[9.50014019,0.983195007],[9.50014019,0.983748972],[9.500417709,0.983748972],[9.500417709,0.984861016],[9.500694275,0.984861016],[9.500694275,0.985139012],[9.500821114,0.985139012],[9.500971794,0.985139012],[9.500971794,0.985418022],[9.501250267,0.985418022],[9.501250267,0.985696018],[9.501527786,0.985696018],[9.501527786,0.987362027],[9.501806259,0.987362027],[9.501806259,0.987640023],[9.502083778,0.987640023],[9.502083778,0.988193989],[9.502362251,0.988193989],[9.502362251,0.989027977],[9.502083778,0.989027977],[9.502083778,0.990693986],[9.502362251,0.990693986],[9.502362251,0.992084026],[9.502637863,0.992084026],[9.502637863,0.992637992],[9.502916336,0.992637992],[9.502916336,0.992915988],[9.503749847,0.992915988],[9.503749847,0.993193984],[9.50402832,0.993193984],[9.50402832,0.99347198],[9.50430584,0.99347198],[9.50430584,0.993749976],[9.504584312,0.993749976],[9.504584312,0.994027972],[9.504859924,0.994027972],[9.504859924,0.994306028],[9.505140305,0.994306028]]],[[[9.321528435,0.937640011],[9.321528435,0.937362015],[9.322637558,0.937362015],[9.322637558,0.937084019],[9.32319355,0.937084019],[9.32319355,0.936806023],[9.323472977,0.936806023],[9.323472977,0.936528027],[9.324028969,0.936528027],[9.324028969,0.936249971],[9.3245821,0.936249971],[9.3245821,0.93541801],[9.324860573,0.93541801],[9.324860573,0.935140014],[9.325139046,0.935140014],[9.325139046,0.934862018],[9.325416565,0.934862018],[9.325416565,0.934584022],[9.328194618,0.934584022],[9.328194618,0.934306026],[9.328748703,0.934306026],[9.328748703,0.934028029],[9.329304695,0.934028029],[9.329304695,0.933749974],[9.329860687,0.933749974],[9.329860687,0.933471024],[9.330416679,0.933471024],[9.330416679,0.933193028],[9.330695152,0.933193028],[9.330695152,0.932918012],[9.330972672,0.932918012],[9.330972672,0.932640016],[9.331805229,0.932640016],[9.331805229,0.931805015],[9.332361221,0.931805015],[9.332361221,0.931527019],[9.332638741,0.931527019],[9.332638741,0.930971026],[9.333194733,0.930971026],[9.333194733,0.930694997],[9.333471298,0.930694997],[9.333471298,0.930139005],[9.33402729,0.930139005],[9.33402729,0.929027021],[9.33430481,0.929027021],[9.33430481,0.928749025],[9.334583282,0.928749025],[9.334583282,0.928195],[9.334860802,0.928195],[9.334860802,0.927639008],[9.335139275,0.927639008],[9.335139275,0.927083015],[9.335416794,0.927083015],[9.335416794,0.926805019],[9.335693359,0.926805019],[9.335693359,0.926527023],[9.336249352,0.926527023],[9.336249352,0.926250994],[9.336805344,0.926249027],[9.336805344,0.925972998],[9.337083817,0.925972998],[9.337083817,0.925695002],[9.337362289,0.925695002],[9.337362289,0.925417006],[9.337639809,0.925417006],[9.337639809,0.924305022],[9.337362289,0.924305022],[9.337362289,0.924027026],[9.337083817,0.924027026],[9.337083817,0.923750997],[9.336805344,0.923750997],[9.336805344,0.923473001],[9.336526871,0.923473001],[9.336526871,0.922917008],[9.336249352,0.922917008],[9.336249352,0.922639012],[9.335970879,0.922639012],[9.335970879,0.922361016],[9.335693359,0.922361016],[9.335693359,0.92208302],[9.335416794,0.92208302],[9.335416794,0.921528995],[9.335139275,0.921528995],[9.335139275,0.921250999],[9.334583282,0.921250999],[9.334583282,0.920695007],[9.33430481,0.920695007],[9.33430481,0.919582009],[9.33402729,0.919582009],[9.33402729,0.918471992],[9.333748817,0.918471992],[9.333748817,0.917638004],[9.333471298,0.917638004],[9.333471298,0.915971994],[9.333748817,0.915971994],[9.333748817,0.91486001],[9.33402729,0.91486001],[9.33402729,0.914305985],[9.33430481,0.914305985],[9.33430481,0.913749993],[9.334583282,0.913749993],[9.334583282,0.913194001],[9.33430481,0.913194001],[9.33430481,0.912916005],[9.33402729,0.912916005],[9.33402729,0.912639976],[9.333748817,0.912638009],[9.333748817,0.912083983],[9.333471298,0.912083983],[9.333471298,0.910971999],[9.333194733,0.910971999],[9.333194733,0.910694003],[9.333471298,0.910694003],[9.333471298,0.908749998],[9.33430481,0.908749998],[9.33430481,0.908194005],[9.334583282,0.908194005],[9.334583282,0.90763998],[9.334860802,0.90763998],[9.334860802,0.907361984],[9.335139275,0.907361984],[9.335139275,0.907083988],[9.335416794,0.907083988],[9.335416794,0.906527996],[9.335693359,0.906527996],[9.335693359,0.905692995],[9.335970879,0.905692995],[9.335970879,0.904860973],[9.336249352,0.904860973],[9.336249352,0.904026985],[9.336526871,0.904026985],[9.336526871,0.903748989],[9.336805344,0.903748989],[9.336805344,0.903195024],[9.337083817,0.903195024],[9.337083817,0.902638972],[9.337362289,0.902638972],[9.337362289,0.901804984],[9.337639809,0.901804984],[9.337639809,0.900695026],[9.337915421,0.900695026],[9.337915421,0.90041697],[9.338195801,0.90041697],[9.338195801,0.899860978],[9.338472366,0.899860978],[9.338472366,0.89902699],[9.338749886,0.89902699],[9.338749886,0.898473024],[9.339028358,0.898473024],[9.339028358,0.898195028],[9.339584351,0.898195028],[9.339584351,0.897916973],[9.33986187,0.897916973],[9.33986187,0.897638977],[9.340417862,0.897638977],[9.340417862,0.897360981],[9.340971947,0.897360981],[9.340971947,0.897082984],[9.341527939,0.897082984],[9.341527939,0.896804988],[9.342362404,0.896804988],[9.342362404,0.896529019],[9.342639923,0.896529019],[9.342639923,0.895973027],[9.343194008,0.895973027],[9.343194008,0.895694971],[9.344305992,0.895694971],[9.344305992,0.895416975],[9.344860077,0.895416975],[9.344860077,0.894860983],[9.345137596,0.894860983],[9.345137596,0.894582987],[9.34375,0.894582987],[9.34375,0.894304991],[9.340694427,0.894304991],[9.340694427,0.894582987],[9.340140343,0.894582987],[9.340138435,0.894304991],[9.339028358,0.894304991],[9.339028358,0.894029021],[9.338472366,0.894029021],[9.338472366,0.893751025],[9.337639809,0.893751025],[9.337639809,0.893473029],[9.337083817,0.893473029],[9.337083817,0.893194973],[9.335139275,0.893194973],[9.335139275,0.892916977],[9.334860802,0.892916977],[9.334860802,0.892638028],[9.33430481,0.892638028],[9.33430481,0.892359972],[9.33402729,0.892359972],[9.33402729,0.892081976],[9.333471298,0.892081976],[9.333471298,0.89180702],[9.333194733,0.89180702],[9.333194733,0.891529024],[9.332917213,0.891529024],[9.332917213,0.891250014],[9.332638741,0.891250014],[9.332638741,0.890972018],[9.332082748,0.890972018],[9.332082748,0.890694022],[9.331805229,0.890694022],[9.331805229,0.89013797],[9.331526756,0.89013797],[9.331526756,0.889859974],[9.331251144,0.889859974],[9.331251144,0.889584005],[9.330695152,0.889584005],[9.330695152,0.889306009],[9.33013916,0.889306009],[9.33013916,0.889584005],[9.329860687,0.889584005],[9.329860687,0.889859974],[9.329029083,0.889859974],[9.329029083,0.89013797],[9.327638626,0.89013797],[9.327638626,0.890416026],[9.32625103,0.890416026],[9.32625103,0.890694022],[9.325416565,0.890694022],[9.325416565,0.890416026],[9.322637558,0.890416026],[9.322637558,0.89013797],[9.322360039,0.89013797],[9.322360039,0.889859974],[9.322085381,0.889859974],[9.322085381,0.889584005],[9.321806908,0.889584005],[9.321806908,0.889306009],[9.32069397,0.889306009],[9.32069397,0.889584005],[9.320416451,0.889584005],[9.320416451,0.889859974],[9.320137978,0.889859974],[9.320137978,0.89013797],[9.319862366,0.89013797],[9.319862366,0.890416026],[9.319581985,0.890416026],[9.319581985,0.890972018],[9.319027901,0.890972018],[9.319027901,0.891250014],[9.318750381,0.891250014],[9.318750381,0.891529024],[9.318194389,0.891529024],[9.318194389,0.892081976],[9.317640305,0.892081976],[9.317638397,0.892359972],[9.317359924,0.892359972],[9.317359924,0.892638028],[9.317084312,0.892638028],[9.317084312,0.892916977],[9.31680584,0.892916977],[9.31680584,0.893194973],[9.315972328,0.893194973],[9.315972328,0.893473029],[9.316249847,0.893473029],[9.316249847,0.893751025],[9.315972328,0.893751025],[9.315972328,0.894029021],[9.315693855,0.894029021],[9.315693855,0.894304991],[9.315416336,0.894304991],[9.315416336,0.894582987],[9.315137863,0.894582987],[9.315137863,0.895138979],[9.314583778,0.895138979],[9.314583778,0.895416975],[9.314027786,0.895416975],[9.314027786,0.895694971],[9.313750267,0.895694971],[9.313750267,0.896251023],[9.313194275,0.896251023],[9.313194275,0.896529019],[9.31264019,0.896529019],[9.31264019,0.897082984],[9.312084198,0.897082984],[9.312084198,0.897360981],[9.311805725,0.897360981],[9.311805725,0.897638977],[9.311249733,0.897638977],[9.311249733,0.897916973],[9.310695648,0.897916973],[9.310695648,0.898195028],[9.310139656,0.898195028],[9.310139656,0.897916973],[9.309862137,0.897916973],[9.309862137,0.898195028],[9.30958271,0.898195028],[9.30958271,0.897916973],[9.308193207,0.897916973],[9.308193207,0.898195028],[9.306248665,0.898195028],[9.306248665,0.897916973],[9.305971146,0.897916973],[9.305971146,0.897638977],[9.30569458,0.897638977],[9.30569458,0.897360981],[9.305138588,0.897360981],[9.305138588,0.897082984],[9.304748535,0.897082984],[9.304305077,0.897082984],[9.304305077,0.896804988],[9.304026604,0.896804988],[9.304026604,0.896529019],[9.303749084,0.896529019],[9.303749084,0.895973027],[9.303473473,0.895973027],[9.303473473,0.895694971],[9.302639008,0.895694971],[9.302639008,0.897360981],[9.302916527,0.897360981],[9.302916527,0.899304986],[9.303195,0.899304986],[9.303195,0.899582982],[9.302916527,0.899582982],[9.302916527,0.90041697],[9.303195,0.90041697],[9.303195,0.901248991],[9.303473473,0.901248991],[9.303473473,0.902360976],[9.303195,0.902360976],[9.303195,0.903195024],[9.302916527,0.903195024],[9.302916527,0.903748989],[9.302639008,0.903748989],[9.302639008,0.905692995],[9.302916527,0.905692995],[9.302916527,0.906805992],[9.303195,0.906805992],[9.303195,0.907083988],[9.303473473,0.907083988],[9.303473473,0.908749998],[9.303749084,0.908749998],[9.303749084,0.909861982],[9.304026604,0.909861982],[9.304026604,0.911249995],[9.304305077,0.911249995],[9.304305077,0.911527991],[9.304026604,0.911527991],[9.304026604,0.911805987],[9.304305077,0.911805987],[9.304305077,0.912361979],[9.304582596,0.912361979],[9.304582596,0.912916005],[9.304861069,0.912916005],[9.304861069,0.913194001],[9.304582596,0.913194001],[9.304582596,0.913471997],[9.304861069,0.913471997],[9.304861069,0.914027989],[9.305138588,0.914027989],[9.305138588,0.915416002],[9.304861069,0.915416002],[9.304861069,0.91624999],[9.305138588,0.91624999],[9.305138588,0.916527987],[9.305417061,0.916527987],[9.305417061,0.917360008],[9.305138588,0.917360008],[9.305138588,0.920417011],[9.305417061,0.920417011],[9.305417061,0.921528995],[9.30569458,0.921528995],[9.30569458,0.924583018],[9.305971146,0.924583018],[9.305971146,0.924861014],[9.306248665,0.924861014],[9.306248665,0.925972998],[9.30569458,0.925972998],[9.30569458,0.927917004],[9.305971146,0.927917004],[9.305971146,0.928472996],[9.306248665,0.928472996],[9.306248665,0.929027021],[9.306527138,0.929027021],[9.306527138,0.929861009],[9.306804657,0.929861009],[9.306804657,0.930971026],[9.30708313,0.930971026],[9.30708313,0.931527019],[9.306804657,0.931527019],[9.306804657,0.932640016],[9.30708313,0.932640016],[9.30708313,0.933749974],[9.307360649,0.933749974],[9.307360649,0.934028029],[9.307639122,0.934028029],[9.307639122,0.934306026],[9.307360649,0.934306026],[9.307360649,0.934584022],[9.307639122,0.934584022],[9.307639122,0.934862018],[9.307916641,0.934862018],[9.307916641,0.935140014],[9.308749199,0.935140014],[9.308749199,0.93541801],[9.309862137,0.93541801],[9.309862137,0.935693979],[9.31097126,0.935693979],[9.31097126,0.935971975],[9.311805725,0.935971975],[9.311805725,0.936249971],[9.31264019,0.936249971],[9.31264019,0.936528027],[9.313194275,0.936528027],[9.313194275,0.935971975],[9.313750267,0.935971975],[9.313750267,0.93541801],[9.314862251,0.93541801],[9.314862251,0.935693979],[9.315972328,0.935693979],[9.315972328,0.935971975],[9.31680584,0.935971975],[9.31680584,0.935693979],[9.318194389,0.935693979],[9.318194389,0.936249971],[9.319306374,0.936249971],[9.319306374,0.936528027],[9.319862366,0.936528027],[9.319862366,0.937084019],[9.320416451,0.937084019],[9.320416451,0.937362015],[9.321249962,0.937362015],[9.321249962,0.937640011],[9.321528435,0.937640011]]],[[[9.379860878,0.810137987],[9.379860878,0.809859991],[9.379306793,0.809859991],[9.379306793,0.809581995],[9.379026413,0.809581995],[9.379026413,0.809306026],[9.378473282,0.809306026],[9.378473282,0.809581995],[9.37791729,0.809581995],[9.37791729,0.809859991],[9.377637863,0.809859991],[9.377637863,0.810137987],[9.377360344,0.810137987],[9.377360344,0.810693979],[9.380695343,0.810693979],[9.380695343,0.810415983],[9.380139351,0.810415983],[9.380139351,0.810137987],[9.379860878,0.810137987]]]]},"properties":{"name":"Litoral","mapcolor":6,"cartodb_id":6}},{"type":"Feature","geometry":{"type":"MultiPolygon","coordinates":[[[[11.001465797,0.997802019],[10.996088982,0.997837007],[10.99609375,0.996918023],[10.986266136,0.998266995],[10.967320442,0.998193979],[10.947982788,0.998053014],[10.948262215,1.014652014],[10.948895454,1.029260993],[10.962834358,1.037588954],[10.955404282,1.051723957],[10.940382957,1.055197954],[10.938777924,1.075850964],[10.938976288,1.106549025],[10.927079201,1.146044016],[10.920872688,1.170812011],[10.90185833,1.183122993],[10.876465797,1.19363296],[10.856795311,1.194133997],[10.836620331,1.206439018],[10.822275162,1.225265026],[10.804466248,1.245254993],[10.788968086,1.265254021],[10.774657249,1.289394975],[10.769022942,1.312981963],[10.771489143,1.336606979],[10.785558701,1.365007997],[10.791995049,1.375663042],[10.806578636,1.394027948],[10.816525459,1.410604],[10.828201294,1.426594019],[10.841617584,1.443184018],[10.854504585,1.466855049],[10.860393524,1.482818007],[10.886066437,1.514811039],[10.904149055,1.536733985],[10.92565918,1.551586986],[10.942428589,1.549888968],[10.981292725,1.563637018],[10.977892876,1.574247956],[10.971578598,1.582484961],[10.953697205,1.591261983],[10.935696602,1.582324982],[10.922397614,1.584038973],[10.907366753,1.586331964],[10.894042969,1.584504008],[10.873843193,1.592676997],[10.870509148,1.613916993],[10.847315788,1.607321024],[10.83976078,1.602563977],[10.826927185,1.587157011],[10.822353363,1.595402956],[10.805100441,1.612444043],[10.791145325,1.60234499],[10.780124664,1.598755956],[10.766326904,1.612861037],[10.750631332,1.602164984],[10.743663788,1.598592043],[10.730899811,1.593811989],[10.7175951,1.594933987],[10.696105003,1.583029985],[10.682174683,1.577062964],[10.670546532,1.568743944],[10.656619072,1.562777042],[10.643890381,1.563310981],[10.625404358,1.568539023],[10.608166695,1.588533998],[10.585058212,1.594921947],[10.568833351,1.591896057],[10.559688568,1.610156059],[10.553417206,1.624886036],[10.558130264,1.637894988],[10.565737724,1.650918007],[10.573949814,1.668076038],[10.566537857,1.685752988],[10.556241035,1.704599023],[10.560419083,1.72409904],[10.569220543,1.743029952],[10.581492424,1.760794997],[10.582163811,1.775557041],[10.585754395,1.793877006],[10.589913368,1.810425997],[10.594142914,1.83818996],[10.582104683,1.856438994],[10.569471359,1.872320056],[10.55907917,1.876407027],[10.545226097,1.882835984],[10.53488636,1.894597054],[10.515912056,1.915174961],[10.513246536,1.917896032],[10.517704964,1.924039006],[10.536318779,1.937700033],[10.557252884,1.951961994],[10.571803093,1.964426994],[10.613632202,1.987640023],[10.628135681,1.992426038],[10.656537056,1.997866988],[10.679118156,1.998556972],[10.704519272,1.988042951],[10.722468376,1.988123059],[10.747919083,1.985283017],[10.770432472,1.975937009],[10.791812897,1.970126987],[10.81897068,1.962571979],[10.859455109,1.957435012],[10.877373695,1.953379989],[10.893573761,1.952270031],[10.906371117,1.961770058],[10.911084175,1.974185944],[10.922712326,1.98190999],[10.934942245,1.99318099],[10.959256172,1.993284941],[10.971668243,1.94493103],[10.974803925,1.894770026],[10.968824387,1.865818024],[10.972725868,1.843405008],[10.976531982,1.806231976],[10.984454155,1.779111028],[10.986639977,1.759642005],[10.997556686,1.747882009],[11.017866135,1.755645037],[11.037565231,1.758679986],[11.05663681,1.75462997],[11.089611053,1.752410054],[11.118498802,1.74545002],[11.154965401,1.746194959],[11.170639038,1.753345013],[11.181711197,1.764605999],[11.192252159,1.782948971],[11.229240417,1.775429964],[11.270300865,1.771471024],[11.323471069,1.761067033],[11.334003448,1.758368015],[11.333601952,1.748049974],[11.334771156,1.692863941],[11.33367157,1.683429956],[11.334344864,1.65656805],[11.334794044,1.638597012],[11.334736824,1.552366018],[11.333460808,1.531896949],[11.333478928,1.530207992],[11.334927559,1.412114978],[11.334403992,1.403843999],[11.333864212,1.395326972],[11.335723877,1.388208985],[11.334218979,1.367509961],[11.333603859,1.303135991],[11.3346138,1.277801037],[11.334636688,1.277163029],[11.333388329,1.152335048],[11.333410263,1.151440978],[11.33509922,1.078559041],[11.334884644,1.025109053],[11.334807396,1.005493999],[11.334781647,0.999262989],[11.316747665,0.997108996],[11.235021591,0.997545004],[11.202551842,0.997713029],[11.176981926,0.996212006],[11.172633171,0.997569978],[11.159386635,0.997503996],[11.152984619,0.99931097],[11.124900818,0.997335017],[11.12101078,0.999383986],[11.110582352,0.998212993],[11.103890419,0.997460008],[11.048389435,0.997873008],[11.021219254,0.996357024],[11.015730858,0.997707009],[11.001465797,0.997802019]]]]},"properties":{"name":"Wele-Nzás","mapcolor":7,"cartodb_id":7}}]}