{"type":"FeatureCollection","features":[{"type":"Feature","geometry":{"type":"MultiPolygon","coordinates":[[[[-77.812106112,-2.989615346],[-77.816946612,-3.002784347],[-77.808263487,-3.022954096],[-77.793147237,-3.043981347],[-77.787664112,-3.074775346],[-77.794452112,-3.089258846],[-77.785827862,-3.106282721],[-77.790936487,-3.117630346],[-77.783287112,-3.174232472],[-77.777855362,-3.191860722],[-77.779849612,-3.291579972],[-77.775275237,-3.324059971],[-77.777954862,-3.381630347],[-77.772543237,-3.428809472],[-77.764266487,-3.443524722],[-77.762605487,-3.456792972],[-77.753012487,-3.462410472],[-77.745642237,-3.482228971],[-77.727725487,-3.505457097],[-77.715131236,-3.514853597],[-77.710894487,-3.526257847],[-77.717201487,-3.537307472],[-77.716459612,-3.542305097],[-77.689839862,-3.555693347],[-77.666672987,-3.571871972],[-77.643009612,-3.619346347],[-77.619966737,-3.622408222],[-77.616935612,-3.634301972],[-77.620213486,-3.648856347],[-77.616716737,-3.652400347],[-77.621062487,-3.659316472],[-77.617783237,-3.674724597],[-77.621352737,-3.686109347],[-77.615622987,-3.707718722],[-77.622302737,-3.717730472],[-77.626052362,-3.734964347],[-77.643206486,-3.753061597],[-77.651914112,-3.780562347],[-77.639153237,-3.795822097],[-77.628220862,-3.817050722],[-77.621626612,-3.822892972],[-77.609236362,-3.825242222],[-77.598919861,-3.835662097],[-77.598925737,-3.841978472],[-77.581915987,-3.862816347],[-77.561493611,-3.876165847],[-77.567375737,-3.881251723],[-77.569018612,-3.893073972],[-77.544196487,-3.937350973],[-77.537877362,-3.961899472],[-77.541229362,-3.986378223],[-77.538123362,-4.028707972],[-77.548405362,-4.105404848],[-77.565587861,-4.155445347],[-77.576622987,-4.224040973],[-77.585550737,-4.251333973],[-77.579560486,-4.276179723],[-77.579005362,-4.301156472],[-77.565859236,-4.365535723],[-77.568162112,-4.388412097],[-77.564657862,-4.394871848],[-77.568275361,-4.420919972],[-77.589087861,-4.480464848],[-77.604546862,-4.485810598],[-77.611020487,-4.494265723],[-77.640630861,-4.496515597],[-77.641352612,-4.510060723],[-77.655456987,-4.518544973],[-77.654646237,-4.531076348],[-77.649015612,-4.546415973],[-77.659653362,-4.557974223],[-77.657022362,-4.569785348],[-77.652613237,-4.574570348],[-77.660027362,-4.582603473],[-77.666158237,-4.615683598],[-77.672571737,-4.630480348],[-77.694512362,-4.658673098],[-77.705338987,-4.659719973],[-77.715969737,-4.665087973],[-77.731394112,-4.688440223],[-77.755958112,-4.702461223],[-77.771878862,-4.717558598],[-77.775223737,-4.728319848],[-77.787311362,-4.739265473],[-77.794685362,-4.760216848],[-77.789267112,-4.785106474],[-77.795402487,-4.793040723],[-77.795113362,-4.814787848],[-77.799113487,-4.824592848],[-77.791842362,-4.832951223],[-77.795294862,-4.839234348],[-77.793574862,-4.849963473],[-77.774802737,-4.878218723],[-77.771762987,-4.895747224],[-77.760151737,-4.909345098],[-77.766931612,-4.921218723],[-77.758445487,-4.950052723],[-77.768176987,-4.955934223],[-77.786267362,-4.988049974],[-77.824619612,-5.031778724],[-77.825742237,-5.037144473],[-77.813874737,-5.039809474],[-77.814915987,-5.048025973],[-77.811817362,-5.056345598],[-77.817879112,-5.063792599],[-77.821762112,-5.085665724],[-77.817660112,-5.091230474],[-77.808783487,-5.092501973],[-77.801322237,-5.085971848],[-77.791004987,-5.095220223],[-77.774286737,-5.097177973],[-77.768713362,-5.103292724],[-77.765053862,-5.115220974],[-77.745285112,-5.133017598],[-77.719996362,-5.140624349],[-77.708322736,-5.150824098],[-77.704862862,-5.158642724],[-77.695280987,-5.164740348],[-77.697580612,-5.170802973],[-77.703434237,-5.174775098],[-77.708242612,-5.190907348],[-77.717475987,-5.198259223],[-77.727537112,-5.200897723],[-77.739707862,-5.211856599],[-77.730183862,-5.228512473],[-77.709831987,-5.239740349],[-77.696296737,-5.258770974],[-77.692747112,-5.283588848],[-77.684148237,-5.295881224],[-77.686199237,-5.302466848],[-77.682066487,-5.338395598],[-77.688050487,-5.346352349],[-77.696226612,-5.373441474],[-77.702786737,-5.380687724],[-77.696015487,-5.411624098],[-77.712702612,-5.416411224],[-77.744827737,-5.406899098],[-77.746719612,-5.413786849],[-77.768451237,-5.438048724],[-77.748831987,-5.459859349],[-77.751885987,-5.464918974],[-77.765364737,-5.470994849],[-77.770637487,-5.478153098],[-77.771570362,-5.493920599],[-77.757037362,-5.513941599],[-77.765761737,-5.538982474],[-77.751057487,-5.568272349],[-77.751675737,-5.582263599],[-77.744455862,-5.587332974],[-77.736383987,-5.609290099],[-77.738918737,-5.622166474],[-77.752606237,-5.637577599],[-77.750904987,-5.643037599],[-77.754365237,-5.658997723],[-77.769170862,-5.674501599],[-77.768622987,-5.679466849],[-77.775090862,-5.689679349],[-77.775147987,-5.710751974],[-77.765905862,-5.716028974],[-77.759358612,-5.729847974],[-77.764873237,-5.748372224],[-77.772418612,-5.753351349],[-77.760560112,-5.770454474],[-77.767173862,-5.776275349],[-77.770355487,-5.788142599],[-77.763929112,-5.819708724],[-77.746138362,-5.835110474],[-77.740514237,-5.8350886],[-77.726415987,-5.843981974],[-77.694813361,-5.840232849],[-77.681526736,-5.849487099],[-77.677882862,-5.859646599],[-77.683080487,-5.877575599],[-77.665512362,-5.892204724],[-77.668886737,-5.896810974],[-77.663293862,-5.917670224],[-77.651890612,-5.935331974],[-77.659913862,-5.955134849],[-77.672008612,-5.964744599],[-77.673576987,-5.970299975],[-77.669892362,-5.979357224],[-77.662702737,-5.983530349],[-77.660626362,-5.988450349],[-77.649247737,-5.992227974],[-77.639139862,-6.001079474],[-77.622080862,-6.004831724],[-77.615390237,-6.000789975],[-77.596465612,-6.005280224],[-77.593456361,-6.00934735],[-77.597973737,-6.027817099],[-77.596361612,-6.03333085],[-77.586199487,-6.036916599],[-77.582240737,-6.032730349],[-77.572677487,-6.033477974],[-77.566803237,-6.028121974],[-77.557951112,-6.039595724],[-77.554735362,-6.050728725],[-77.542228112,-6.05278785],[-77.541493362,-6.059503474],[-77.533808862,-6.063371349],[-77.517921862,-6.054853349],[-77.509751862,-6.032496099],[-77.489020737,-6.028510974],[-77.487075362,-6.010248849],[-77.474138987,-5.999784099],[-77.471142737,-6.008222974],[-77.466974612,-6.010966724],[-77.467508362,-6.019614974],[-77.459434612,-6.023613474],[-77.449682612,-6.043867974],[-77.432115736,-6.061916349],[-77.429637737,-6.061125224],[-77.429076362,-6.051940474],[-77.421846987,-6.049208349],[-77.419304737,-6.032380849],[-77.395497612,-6.039376724],[-77.389289237,-6.05781235],[-77.382417987,-6.063468724],[-77.385454486,-6.068642099],[-77.380500112,-6.079985975],[-77.358679361,-6.072820224],[-77.351216362,-6.090191849],[-77.346427987,-6.114341099],[-77.332410736,-6.112181599],[-77.316872487,-6.125550599],[-77.310396736,-6.126616974],[-77.303357862,-6.1325491],[-77.290002611,-6.133130724],[-77.280478487,-6.142209099],[-77.272875737,-6.13873735],[-77.257955612,-6.138015724],[-77.253014362,-6.138925974],[-77.240654111,-6.149761724],[-77.233863611,-6.148758974],[-77.229206487,-6.143759849],[-77.224366362,-6.145546849],[-77.202056737,-6.179714849],[-77.219190736,-6.194313099],[-77.211626736,-6.21584035],[-77.190443362,-6.239356099],[-77.174070236,-6.246529349],[-77.168863362,-6.256074099],[-77.170790736,-6.265198975],[-77.159467486,-6.270348599],[-77.147614486,-6.2862161],[-77.138898861,-6.291730349],[-77.132725236,-6.302421099],[-77.132302736,-6.322550724],[-77.150309611,-6.360530974],[-77.161740237,-6.371463849],[-77.163410612,-6.3780811],[-77.171732487,-6.381169974],[-77.181481236,-6.378459474],[-77.194874236,-6.381291224],[-77.208964986,-6.375043349],[-77.221456362,-6.381132725],[-77.233470236,-6.359931725],[-77.241275986,-6.352639975],[-77.243653111,-6.338120475],[-77.256015861,-6.33594185],[-77.261690362,-6.327144849],[-77.266813736,-6.330282475],[-77.275261861,-6.327519974],[-77.286659986,-6.331023474],[-77.280838611,-6.363939849],[-77.282549237,-6.3733356],[-77.275466111,-6.382201474],[-77.278260861,-6.388031724],[-77.273158612,-6.406530849],[-77.290159486,-6.42195585],[-77.297670737,-6.424739975],[-77.305914736,-6.453723725],[-77.326356612,-6.46802735],[-77.332785487,-6.490165224],[-77.330483487,-6.497492725],[-77.335152362,-6.522328475],[-77.344846737,-6.547229099],[-77.359290987,-6.56444535],[-77.380511737,-6.569227975],[-77.393869861,-6.602688225],[-77.437880862,-6.60252735],[-77.435654362,-6.61807035],[-77.423692612,-6.638061975],[-77.407656237,-6.646331975],[-77.404986112,-6.66305435],[-77.397728111,-6.669349225],[-77.381732986,-6.6975891],[-77.400135362,-6.70845285],[-77.405557237,-6.726214225],[-77.419871362,-6.706720225],[-77.438669112,-6.7001291],[-77.456467487,-6.68052235],[-77.475481986,-6.683628475],[-77.491322737,-6.674800225],[-77.504119112,-6.675980475],[-77.510655861,-6.67233935],[-77.517175487,-6.673627975],[-77.521197612,-6.679679099],[-77.534969362,-6.674035475],[-77.544074237,-6.6769961],[-77.558852986,-6.659139225],[-77.563697612,-6.644084725],[-77.568764737,-6.638217725],[-77.575308612,-6.634490225],[-77.583902736,-6.6346266],[-77.603179112,-6.616329725],[-77.612336737,-6.612261225],[-77.631173862,-6.613367225],[-77.642869112,-6.621863224],[-77.660517612,-6.641505849],[-77.662661862,-6.65989985],[-77.673146362,-6.66592835],[-77.679156112,-6.6738281],[-77.688372987,-6.6773651],[-77.701933612,-6.676761725],[-77.711003112,-6.6705146],[-77.715935487,-6.6591231],[-77.733203362,-6.64803585],[-77.739892612,-6.646917975],[-77.738740237,-6.652957475],[-77.746365862,-6.6689851],[-77.740822237,-6.685585975],[-77.745052362,-6.693598225],[-77.743795987,-6.7066186],[-77.739500487,-6.711099725],[-77.748109362,-6.744924975],[-77.745683237,-6.75336085],[-77.737169237,-6.76032935],[-77.735206987,-6.777949225],[-77.731897862,-6.78346735],[-77.737444612,-6.789093725],[-77.759480862,-6.793269725],[-77.764748987,-6.799758475],[-77.741684862,-6.840586475],[-77.740978112,-6.85391735],[-77.736867487,-6.863603475],[-77.730987987,-6.866959225],[-77.733236612,-6.873833475],[-77.723324862,-6.893455975],[-77.707308737,-6.908847475],[-77.714285362,-6.91544385],[-77.715760612,-6.921201975],[-77.733816362,-6.92857735],[-77.740253987,-6.937091975],[-77.738384487,-6.94834335],[-77.758933612,-6.96450785],[-77.765935862,-6.962118975],[-77.779299862,-6.941452725],[-77.787631862,-6.954910351],[-77.801931987,-6.966144475],[-77.809889612,-6.961182725],[-77.833434612,-6.956782725],[-77.838419737,-6.9716446],[-77.843262112,-6.976978475],[-77.880341737,-6.962503851],[-77.898665362,-6.980124225],[-77.915290237,-6.98056785],[-77.928650237,-6.98675935],[-77.939822237,-6.976136725],[-77.947966738,-6.973615225],[-77.961855487,-6.9766426],[-77.983579987,-6.963089975],[-78.001749863,-6.969338975],[-77.997739612,-6.952039725],[-78.000845612,-6.94024485],[-78.011833987,-6.9366216],[-78.014143362,-6.931602726],[-78.000673112,-6.912483475],[-78.000882863,-6.896759225],[-78.006054362,-6.8907841],[-78.001406987,-6.881559225],[-78.007138988,-6.877232725],[-78.001449737,-6.865782725],[-78.011039112,-6.85406135],[-78.027164487,-6.85112735],[-78.031219737,-6.847048225],[-78.015714487,-6.8323541],[-78.014063862,-6.821706725],[-78.021010112,-6.81825635],[-78.017551238,-6.808165975],[-78.023824862,-6.797097725],[-78.020843112,-6.79306635],[-78.023991862,-6.783882475],[-78.021773487,-6.777990475],[-78.026591987,-6.7746986],[-78.022322237,-6.770309475],[-78.030790363,-6.766397225],[-78.029597613,-6.758978725],[-78.038146487,-6.74575785],[-78.034249112,-6.74039635],[-78.039377737,-6.73197585],[-78.039783362,-6.71570735],[-78.045031237,-6.711389725],[-78.045985362,-6.69159085],[-78.057322987,-6.676702725],[-78.065285112,-6.676513725],[-78.078299112,-6.668735225],[-78.075613112,-6.660186225],[-78.080003987,-6.655737349],[-78.094845112,-6.6571211],[-78.098235987,-6.6495146],[-78.107599112,-6.642332225],[-78.103822988,-6.635601724],[-78.104725112,-6.6238236],[-78.121565362,-6.594503475],[-78.117052612,-6.577369349],[-78.137558487,-6.5627291],[-78.132216987,-6.5518986],[-78.137585738,-6.548901849],[-78.135737988,-6.527062725],[-78.144430363,-6.519529225],[-78.145770488,-6.512575225],[-78.151166987,-6.51159735],[-78.152181112,-6.49982635],[-78.164365362,-6.49080085],[-78.173839862,-6.493705475],[-78.176725238,-6.474639849],[-78.187134737,-6.469351599],[-78.190029488,-6.457016099],[-78.197635363,-6.459551349],[-78.201981612,-6.454879224],[-78.204553112,-6.458718349],[-78.209985863,-6.458030225],[-78.210673987,-6.448323599],[-78.218062612,-6.446947475],[-78.221322238,-6.430612725],[-78.241206238,-6.41047535],[-78.243451737,-6.401710475],[-78.250007362,-6.399682224],[-78.252410112,-6.395542975],[-78.268287112,-6.391109349],[-78.271883362,-6.392728225],[-78.272245488,-6.39855935],[-78.277511737,-6.398929724],[-78.280068862,-6.395806849],[-78.277931863,-6.388961475],[-78.291260237,-6.37251835],[-78.303248612,-6.37411185],[-78.309622987,-6.36389835],[-78.332642613,-6.352304724],[-78.335386113,-6.318679474],[-78.347742363,-6.29854435],[-78.358124113,-6.293697599],[-78.358961863,-6.282298724],[-78.365124987,-6.280772849],[-78.369343487,-6.273293224],[-78.372231738,-6.253929849],[-78.370089113,-6.239083975],[-78.380255863,-6.230738224],[-78.399933737,-6.228421599],[-78.404001112,-6.21737035],[-78.415417237,-6.212606474],[-78.419210988,-6.204909974],[-78.417789487,-6.190516349],[-78.437022738,-6.173629849],[-78.438164237,-6.16569285],[-78.464713612,-6.143923225],[-78.466654612,-6.134718725],[-78.475842237,-6.132626224],[-78.479011738,-6.126210974],[-78.477282738,-6.114830349],[-78.482645863,-6.109029475],[-78.498443862,-6.10250085],[-78.498882612,-6.088653224],[-78.509064237,-6.085308349],[-78.511035862,-6.077338099],[-78.517506862,-6.071517349],[-78.540536613,-6.073214849],[-78.556813488,-6.070969724],[-78.564296988,-6.076769475],[-78.582351613,-6.078621849],[-78.589442737,-6.076535849],[-78.601903488,-6.065527224],[-78.603859363,-6.059230474],[-78.610548863,-6.053394474],[-78.613041863,-6.01652035],[-78.624879488,-6.00735835],[-78.628185488,-5.990613224],[-78.636404238,-5.988263724],[-78.641517488,-5.969847599],[-78.660320363,-5.955558599],[-78.660988238,-5.944646474],[-78.673150363,-5.916445349],[-78.684027237,-5.909940849],[-78.687658238,-5.896908224],[-78.695933613,-5.888527349],[-78.691136988,-5.874303724],[-78.698372738,-5.860865974],[-78.699147988,-5.840760849],[-78.702311488,-5.835437099],[-78.712120738,-5.829907099],[-78.704316488,-5.794555224],[-78.692891988,-5.773072849],[-78.689948238,-5.747832849],[-78.682457238,-5.743068099],[-78.655009863,-5.736513974],[-78.652249612,-5.723822974],[-78.654182863,-5.718734599],[-78.666431988,-5.717390849],[-78.683797863,-5.707054099],[-78.686330238,-5.698887974],[-78.679209113,-5.690732474],[-78.651081863,-5.675630099],[-78.648314863,-5.660191974],[-78.639033238,-5.645114849],[-78.624770988,-5.639364724],[-78.619565237,-5.622724474],[-78.605437613,-5.609708474],[-78.608121112,-5.596149974],[-78.599995113,-5.590243224],[-78.594189113,-5.570713724],[-78.584201112,-5.563649099],[-78.582990488,-5.550738599],[-78.569828113,-5.545378349],[-78.564080612,-5.538277099],[-78.554032362,-5.537723224],[-78.550234613,-5.533094724],[-78.552098863,-5.508629349],[-78.558249987,-5.496361349],[-78.543077113,-5.481767099],[-78.547599613,-5.477519474],[-78.543436987,-5.471767348],[-78.513960112,-5.453374723],[-78.511280363,-5.443427349],[-78.513757112,-5.426090349],[-78.522770612,-5.416873849],[-78.518580113,-5.398476599],[-78.528706112,-5.382180848],[-78.539046863,-5.372157349],[-78.539871612,-5.365686474],[-78.551628863,-5.360009724],[-78.563978863,-5.344624224],[-78.578649487,-5.335861598],[-78.605240237,-5.309441349],[-78.641570488,-5.303751973],[-78.654425863,-5.274300724],[-78.670385113,-5.267047973],[-78.684244113,-5.267490223],[-78.688431613,-5.254953099],[-78.684086238,-5.239026723],[-78.693552738,-5.232746099],[-78.702988238,-5.207726599],[-78.702338238,-5.198486099],[-78.705477988,-5.180682723],[-78.709113238,-5.179628848],[-78.710894988,-5.156772223],[-78.705831613,-5.149594599],[-78.700624238,-5.104082724],[-78.696821237,-5.101019098],[-78.694673112,-5.092119849],[-78.683410988,-5.087025723],[-78.680618488,-5.072479973],[-78.657714113,-5.067422973],[-78.647456988,-5.039331223],[-78.640528237,-5.034244473],[-78.643054238,-5.006055848],[-78.652844863,-4.988215348],[-78.651434363,-4.978569098],[-78.660166112,-4.977110474],[-78.666219987,-4.979503849],[-78.678327738,-4.968381598],[-78.672555488,-4.957822473],[-78.662981863,-4.949093598],[-78.661433238,-4.938534474],[-78.645104613,-4.907473598],[-78.640726488,-4.891824098],[-78.645756738,-4.881763598],[-78.643800488,-4.858149598],[-78.637372988,-4.851163223],[-78.631876988,-4.836445223],[-78.635882613,-4.830297223],[-78.641937488,-4.802351598],[-78.620698738,-4.767931973],[-78.631131863,-4.757312598],[-78.628268612,-4.739678973],[-78.640396488,-4.739851598],[-78.645026863,-4.734833473],[-78.639999988,-4.705228473],[-78.631710238,-4.698434598],[-78.635783613,-4.685378973],[-78.643631613,-4.682156973],[-78.637872487,-4.656415223],[-78.651722613,-4.646183598],[-78.663787738,-4.656023473],[-78.667704488,-4.654522098],[-78.678409988,-4.647341598],[-78.680522613,-4.642275598],[-78.686765613,-4.643294348],[-78.692248988,-4.639965223],[-78.705998238,-4.622928223],[-78.695618113,-4.607451723],[-78.682523863,-4.599837848],[-78.680547488,-4.595031348],[-78.674865113,-4.592021723],[-78.668218238,-4.594110098],[-78.661901988,-4.586560222],[-78.655818863,-4.584882598],[-78.662860237,-4.570089598],[-78.656571488,-4.562093848],[-78.662680612,-4.538675723],[-78.661123362,-4.530080973],[-78.650010113,-4.516572098],[-78.647523487,-4.508970722],[-78.635750238,-4.500882473],[-78.638767988,-4.485157473],[-78.634236488,-4.474764723],[-78.634481238,-4.464015223],[-78.627611737,-4.458215098],[-78.623228113,-4.441739348],[-78.619888613,-4.436785098],[-78.609700238,-4.436003723],[-78.600361613,-4.427531848],[-78.602745488,-4.411041348],[-78.621856363,-4.414469473],[-78.625785113,-4.418470722],[-78.634093738,-4.415164098],[-78.641128863,-4.400931598],[-78.638566363,-4.379863223],[-78.648919363,-4.359125847],[-78.650758488,-4.351823473],[-78.647544863,-4.346062472],[-78.652615863,-4.334840223],[-78.646106613,-4.325048098],[-78.645619738,-4.316068723],[-78.640625988,-4.306101098],[-78.634204612,-4.300199473],[-78.618244112,-4.294221723],[-78.610861488,-4.267262348],[-78.598543988,-4.257924097],[-78.606019738,-4.247206973],[-78.608954738,-4.226094222],[-78.599982238,-4.209218847],[-78.592772113,-4.207506722],[-78.577281238,-4.195548973],[-78.578636738,-4.180660973],[-78.574374113,-4.170737848],[-78.581154363,-4.134865222],[-78.567742363,-4.101176598],[-78.562866988,-4.099636222],[-78.557648488,-4.089216847],[-78.540792363,-4.073877223],[-78.537225363,-4.061587973],[-78.567688613,-4.045099973],[-78.569724238,-4.036644222],[-78.565545738,-4.026457847],[-78.562359238,-4.001311222],[-78.565861988,-3.997773223],[-78.565712863,-3.991962847],[-78.549408862,-3.975450098],[-78.542670112,-3.974473473],[-78.542377113,-3.963144597],[-78.528671613,-3.949662473],[-78.524504863,-3.937263972],[-78.488826113,-3.933821222],[-78.475547613,-3.906055597],[-78.475974613,-3.901679723],[-78.486798612,-3.893720473],[-78.477835987,-3.883162097],[-78.476249988,-3.857714847],[-78.468368237,-3.844620847],[-78.462369238,-3.844235347],[-78.459960987,-3.836992097],[-78.461005862,-3.831941472],[-78.466033238,-3.831380723],[-78.465872988,-3.827533222],[-78.461937488,-3.824650347],[-78.453190238,-3.826937348],[-78.436000237,-3.819118347],[-78.437115238,-3.815978473],[-78.413907363,-3.792609722],[-78.409366862,-3.782391097],[-78.408674238,-3.771677347],[-78.416138237,-3.765425473],[-78.402476487,-3.735387597],[-78.411245987,-3.733171097],[-78.421798488,-3.724064347],[-78.417205112,-3.717697222],[-78.418280863,-3.707753847],[-78.422834237,-3.705272472],[-78.423436613,-3.693202347],[-78.415751237,-3.685974722],[-78.409969112,-3.690648722],[-78.400235863,-3.689732972],[-78.393217488,-3.677179972],[-78.399344488,-3.669664472],[-78.394571363,-3.659815972],[-78.400817613,-3.650409847],[-78.386309738,-3.640098722],[-78.397657363,-3.624086847],[-78.396148362,-3.616218597],[-78.399776613,-3.606203722],[-78.392861362,-3.603675597],[-78.394752237,-3.587757972],[-78.389886987,-3.575679722],[-78.386206362,-3.573709222],[-78.385611362,-3.565158097],[-78.391188238,-3.560101597],[-78.387693362,-3.554970972],[-78.377617113,-3.550179722],[-78.376320362,-3.543859347],[-78.369072237,-3.539244097],[-78.369996113,-3.536087847],[-78.364929738,-3.529699222],[-78.366570362,-3.514140597],[-78.355375738,-3.494353972],[-78.353919988,-3.480944097],[-78.358093738,-3.477109347],[-78.359183112,-3.469521972],[-78.345351613,-3.448437472],[-78.341384737,-3.427103472],[-78.356231112,-3.403558097],[-78.344258112,-3.391818722],[-78.346370362,-3.382405222],[-78.339992487,-3.382154972],[-78.317696488,-3.395777222],[-78.306200737,-3.396593472],[-78.302648363,-3.399751097],[-78.288729238,-3.396129097],[-78.270695862,-3.404872222],[-78.246210988,-3.402326222],[-78.241556612,-3.409965097],[-78.244263487,-3.437759972],[-78.236650737,-3.445585222],[-78.236367487,-3.461518972],[-78.226169863,-3.491545222],[-78.231402113,-3.498810847],[-78.217292362,-3.508856597],[-78.205951738,-3.505000347],[-78.200488863,-3.495478847],[-78.192322862,-3.500338722],[-78.182145113,-3.496634097],[-78.177441488,-3.491322097],[-78.168163238,-3.490678847],[-78.160393738,-3.480071472],[-78.148394112,-3.480374847],[-78.144635737,-3.461161972],[-78.146693737,-3.447799097],[-78.151360237,-3.441965971],[-78.154913487,-3.411561721],[-78.159690487,-3.406943722],[-78.164704612,-3.411144972],[-78.177742737,-3.410091096],[-78.181280737,-3.402768847],[-78.179041238,-3.397828722],[-78.187241862,-3.390813721],[-78.189854488,-3.370963722],[-78.195739863,-3.360758721],[-78.189683988,-3.360229347],[-78.175994112,-3.350095722],[-78.170308613,-3.350638847],[-78.156669737,-3.334775472],[-78.151606987,-3.333211847],[-78.151738862,-3.328535222],[-78.136797987,-3.326541596],[-78.141411362,-3.320159597],[-78.127339863,-3.298615222],[-78.113452112,-3.287237222],[-78.112521487,-3.280686221],[-78.107254737,-3.277150347],[-78.106510363,-3.264402097],[-78.098353488,-3.260953097],[-78.099736113,-3.256715847],[-78.094764987,-3.251467597],[-78.090711737,-3.234310597],[-78.083433237,-3.229403347],[-78.064771112,-3.224447972],[-78.054677237,-3.208386972],[-78.042381363,-3.204741347],[-78.036219862,-3.189635722],[-78.021294862,-3.186726597],[-78.012693987,-3.178848472],[-78.009134362,-3.158069097],[-77.984957987,-3.133603597],[-77.982446362,-3.119654347],[-77.970755737,-3.117413722],[-77.962265737,-3.100247597],[-77.962684487,-3.095395596],[-77.950308362,-3.089514097],[-77.947332612,-3.072538346],[-77.940754737,-3.065473597],[-77.840053862,-3.008198097],[-77.844574237,-2.997998096],[-77.808615987,-2.986125096],[-77.812106112,-2.989615346]]]]},"properties":{"name":"Amazonas","mapcolor":1,"cartodb_id":1}},{"type":"Feature","geometry":{"type":"MultiPolygon","coordinates":[[[[-77.646923862,-8.050861351],[-77.647078112,-8.060619101],[-77.643861361,-8.066623101],[-77.623251987,-8.073531226],[-77.618751987,-8.079831976],[-77.624525362,-8.093531226],[-77.636663362,-8.108586101],[-77.623253862,-8.118587851],[-77.616589862,-8.131244101],[-77.602137862,-8.135938977],[-77.608121986,-8.147281352],[-77.605390612,-8.155208976],[-77.594122986,-8.162828101],[-77.575671861,-8.167996101],[-77.564216612,-8.187779352],[-77.556921862,-8.194249976],[-77.572755862,-8.210876976],[-77.574908236,-8.230941351],[-77.563669861,-8.238214852],[-77.548792987,-8.236748101],[-77.531091736,-8.243337851],[-77.526685487,-8.250722601],[-77.527615237,-8.267081976],[-77.504451112,-8.273681601],[-77.491368487,-8.282553102],[-77.486587612,-8.297610976],[-77.487630111,-8.303545976],[-77.481333611,-8.315409351],[-77.473638362,-8.320501102],[-77.478284737,-8.326065101],[-77.472846862,-8.331434226],[-77.462728236,-8.331548852],[-77.458896362,-8.335655977],[-77.459332361,-8.355560477],[-77.453297986,-8.356673226],[-77.446956111,-8.369374226],[-77.450012862,-8.375142102],[-77.448791111,-8.380662976],[-77.437537861,-8.401149227],[-77.438355486,-8.422328102],[-77.418336237,-8.439649352],[-77.405460611,-8.441483352],[-77.399109986,-8.459747101],[-77.402272361,-8.472062601],[-77.399534362,-8.483406727],[-77.388174612,-8.493197852],[-77.368232236,-8.500306477],[-77.364488112,-8.509343727],[-77.347632237,-8.517642477],[-77.334942736,-8.532973227],[-77.325935487,-8.529111351],[-77.311683611,-8.531425727],[-77.310636737,-8.537158227],[-77.315162111,-8.545519477],[-77.305007862,-8.565437477],[-77.296259737,-8.570617227],[-77.297154236,-8.578396477],[-77.288455112,-8.591285102],[-77.291564486,-8.623578101],[-77.294671862,-8.626548852],[-77.293642611,-8.637025352],[-77.285117236,-8.644347601],[-77.269263611,-8.644533227],[-77.260595736,-8.648521477],[-77.258382861,-8.655732476],[-77.261152362,-8.667197226],[-77.251781236,-8.682753852],[-77.251357236,-8.697496102],[-77.246189486,-8.702732477],[-77.248167986,-8.727308602],[-77.227490237,-8.742826227],[-77.223402486,-8.763210976],[-77.225812487,-8.766937477],[-77.221410112,-8.773648476],[-77.206537112,-8.781624976],[-77.199925736,-8.794089852],[-77.195734362,-8.814992227],[-77.184966737,-8.827900352],[-77.174263611,-8.834494101],[-77.177496111,-8.840458977],[-77.177054736,-8.848304727],[-77.169968737,-8.857519477],[-77.173068361,-8.862400352],[-77.170617236,-8.870835977],[-77.172662112,-8.876025352],[-77.165146487,-8.880765601],[-77.164835986,-8.889097602],[-77.155160111,-8.900378852],[-77.147417986,-8.895753852],[-77.138267611,-8.907908227],[-77.138976611,-8.911425727],[-77.131023486,-8.916284977],[-77.129519486,-8.919505852],[-77.133165986,-8.926054727],[-77.130535111,-8.931814477],[-77.124144486,-8.934208977],[-77.122628861,-8.946257852],[-77.117419861,-8.944972602],[-77.105728486,-8.949191352],[-77.102490236,-8.960947227],[-77.107177736,-8.963201227],[-77.110037112,-8.969966852],[-77.097376986,-8.974964852],[-77.092097611,-8.971566352],[-77.066019487,-8.990915977],[-77.054505986,-8.992226602],[-77.035708986,-8.999958977],[-77.032628862,-9.014234352],[-77.021310487,-9.020242227],[-77.016775362,-9.026621102],[-77.002787111,-9.032619102],[-77.000476612,-9.041081977],[-76.982035112,-9.055831977],[-76.980101611,-9.062918102],[-76.966453111,-9.060412102],[-76.961718736,-9.067634727],[-76.950654236,-9.067884727],[-76.944964736,-9.074415977],[-76.927896486,-9.071078102],[-76.915695361,-9.076458977],[-76.896806611,-9.099039102],[-76.870744111,-9.113316352],[-76.848956986,-9.114968727],[-76.820277361,-9.124265602],[-76.815871111,-9.130195352],[-76.788580111,-9.136238227],[-76.787040986,-9.143170102],[-76.768189486,-9.156626977],[-76.765740236,-9.170300727],[-76.741425736,-9.196025352],[-76.733837861,-9.208667977],[-76.727544861,-9.234183602],[-76.730494111,-9.245943352],[-76.725749986,-9.255947352],[-76.739564486,-9.274005852],[-76.739611361,-9.285654352],[-76.744644486,-9.297130852],[-76.738999986,-9.317085977],[-76.740333986,-9.330802727],[-76.746011736,-9.336201227],[-76.757488236,-9.362197228],[-76.764619111,-9.367195352],[-76.779105486,-9.345671853],[-76.793839736,-9.332927727],[-76.804568361,-9.331628852],[-76.814062486,-9.326505852],[-76.815040986,-9.316273477],[-76.832470736,-9.281466852],[-76.833964861,-9.266007852],[-76.842294861,-9.261734352],[-76.846706986,-9.264212853],[-76.854556736,-9.288521477],[-76.868726611,-9.292749977],[-76.870097612,-9.300914102],[-76.866074361,-9.307585977],[-76.870263611,-9.314427727],[-76.878234486,-9.318040977],[-76.881831986,-9.326681602],[-76.892915986,-9.331960977],[-76.900603361,-9.359066352],[-76.909585986,-9.368548852],[-76.917900361,-9.369507852],[-76.923956986,-9.382533228],[-76.924132861,-9.391531228],[-76.930652361,-9.393140602],[-76.935236236,-9.398548852],[-76.936290986,-9.408976603],[-76.929244111,-9.426134727],[-76.930304736,-9.433185602],[-76.940415986,-9.448581978],[-76.948482361,-9.452687478],[-76.953294861,-9.467478477],[-76.938619111,-9.491699227],[-76.940228486,-9.510119103],[-76.937550736,-9.525367228],[-76.945191362,-9.535843727],[-76.955095737,-9.542689478],[-76.952894486,-9.547812478],[-76.955111361,-9.560298853],[-76.980244111,-9.564031227],[-76.983023486,-9.577130852],[-76.990208861,-9.579365227],[-76.988240237,-9.592486352],[-76.995160111,-9.603331978],[-77.012665986,-9.609978477],[-77.015296861,-9.614269478],[-77.023673862,-9.610658228],[-77.029236362,-9.612996102],[-77.031796861,-9.619642602],[-77.047150361,-9.632531227],[-77.044081986,-9.642900352],[-77.048488236,-9.647460978],[-77.047306611,-9.653937477],[-77.041353486,-9.658859353],[-77.040761736,-9.668007853],[-77.022330236,-9.701964853],[-77.020611361,-9.711314478],[-77.002371111,-9.725404353],[-76.986603486,-9.743275353],[-76.984423861,-9.747089852],[-76.986505861,-9.749105478],[-76.974277361,-9.760236353],[-76.969482361,-9.757808603],[-76.973039112,-9.748203103],[-76.976283236,-9.747861352],[-76.980294736,-9.740285102],[-76.981042987,-9.724568353],[-76.971839861,-9.711812477],[-76.961613361,-9.713456978],[-76.945388612,-9.702568353],[-76.941365236,-9.705912103],[-76.934660111,-9.719988227],[-76.934249986,-9.729474603],[-76.925331986,-9.740083978],[-76.917353487,-9.743662228],[-76.911912111,-9.763665978],[-76.904603486,-9.764615227],[-76.901583986,-9.769701227],[-76.903078111,-9.785148478],[-76.897757861,-9.809289103],[-76.880796861,-9.833029353],[-76.872251987,-9.850968728],[-76.869275361,-9.860394353],[-76.872982361,-9.863765603],[-76.862105486,-9.875451227],[-76.858833986,-9.889244103],[-76.851246112,-9.893654353],[-76.845732361,-9.910212853],[-76.841988236,-9.910892603],[-76.841861487,-9.930621103],[-76.828980486,-9.938421853],[-76.813757861,-9.960146478],[-76.817718736,-9.978527353],[-76.825615111,-9.989292978],[-76.823027361,-9.996298853],[-76.825027361,-10.009232478],[-76.823242236,-10.017037103],[-76.814964861,-10.023431603],[-76.812290986,-10.049929728],[-76.809011736,-10.053640603],[-76.812915986,-10.057380853],[-76.810140736,-10.070119103],[-76.812455111,-10.072206978],[-76.807189486,-10.084478478],[-76.843238236,-10.086785103],[-76.853580111,-10.101779353],[-76.859861361,-10.096410103],[-76.871337861,-10.094300728],[-76.879886736,-10.116552728],[-76.889664111,-10.112527353],[-76.901943361,-10.113341853],[-76.915697237,-10.120427728],[-76.910689487,-10.159953104],[-76.912613236,-10.163290978],[-76.908535111,-10.176783228],[-76.914199236,-10.188136853],[-76.909437486,-10.199017603],[-76.916099611,-10.224587853],[-76.904841736,-10.237697228],[-76.902800736,-10.252070353],[-76.906693361,-10.256996103],[-76.906246111,-10.274185603],[-76.911829611,-10.277502604],[-76.920859486,-10.275425729],[-76.936009236,-10.278506103],[-76.942928862,-10.287515603],[-76.951157111,-10.288929353],[-76.953301486,-10.293106978],[-76.962267611,-10.297206978],[-76.965451486,-10.305378603],[-76.974849237,-10.303828353],[-76.979910111,-10.297062353],[-76.998154237,-10.291392603],[-76.999850112,-10.283347478],[-77.003625236,-10.282123103],[-77.007672487,-10.286544478],[-77.009100861,-10.307766853],[-77.018419736,-10.320724728],[-77.023045111,-10.322051104],[-77.024711612,-10.327526728],[-77.038429737,-10.334066354],[-77.045423737,-10.333784604],[-77.047396361,-10.338784103],[-77.051715611,-10.339940478],[-77.062326986,-10.334634854],[-77.071611611,-10.338103978],[-77.080771111,-10.357680353],[-77.089607361,-10.361081979],[-77.090200111,-10.372630228],[-77.110884736,-10.392089853],[-77.112134111,-10.404844728],[-77.117515612,-10.407220853],[-77.128291362,-10.421212228],[-77.138244986,-10.426469354],[-77.150017737,-10.451093728],[-77.174624861,-10.464601728],[-77.176039987,-10.483099978],[-77.168447236,-10.492529353],[-77.167308736,-10.508142604],[-77.170831986,-10.517304729],[-77.181578111,-10.524513604],[-77.180589987,-10.533314479],[-77.188576111,-10.541574229],[-77.190988236,-10.552132853],[-77.209298862,-10.555394479],[-77.220142486,-10.551837853],[-77.225773486,-10.546005854],[-77.236769486,-10.544806604],[-77.242152362,-10.547687479],[-77.252236361,-10.545267604],[-77.267263611,-10.550537103],[-77.269425736,-10.560228478],[-77.277763612,-10.556281228],[-77.285242111,-10.558513729],[-77.291023487,-10.556113228],[-77.310628861,-10.567691353],[-77.320507862,-10.587917978],[-77.327533236,-10.594101604],[-77.338345736,-10.596054729],[-77.343482362,-10.607312478],[-77.347718737,-10.606892854],[-77.361393612,-10.625611854],[-77.367304737,-10.638301354],[-77.380112487,-10.639444229],[-77.388900486,-10.657650854],[-77.395309986,-10.661539978],[-77.402259986,-10.677552104],[-77.403793987,-10.690967728],[-77.385657557,-10.707792956],[-77.391326362,-10.710199228],[-77.395251612,-10.717806603],[-77.415429987,-10.729979979],[-77.427603487,-10.729455103],[-77.436139236,-10.723640103],[-77.452654237,-10.728931604],[-77.459875112,-10.737090354],[-77.465679486,-10.736514229],[-77.471108362,-10.741870729],[-77.491475487,-10.746037979],[-77.497799112,-10.744682979],[-77.506796861,-10.734619229],[-77.523947112,-10.734982103],[-77.542932996,-10.750842255],[-77.552815073,-10.753508009],[-77.5729558,-10.774096468],[-77.591191833,-10.786449563],[-77.592997673,-10.777498361],[-77.587796731,-10.773056822],[-77.585206509,-10.764185216],[-77.588798862,-10.757681728],[-77.584686237,-10.741452229],[-77.577174487,-10.728570228],[-77.578439862,-10.722718104],[-77.575696332,-10.7168874],[-77.56314383,-10.709428116],[-77.574537147,-10.694307931],[-77.575354487,-10.658866354],[-77.590581114,-10.645564025],[-77.582974247,-10.638929542],[-77.582664362,-10.621851604],[-77.574115236,-10.614662104],[-77.574251361,-10.588413353],[-77.576650361,-10.583748103],[-77.584621362,-10.583833228],[-77.604940362,-10.590129354],[-77.608052862,-10.595473104],[-77.61931006,-10.60229419],[-77.619508463,-10.614245598],[-77.628471818,-10.611206404],[-77.638163056,-10.602901615],[-77.64533671,-10.582856219],[-77.63949324,-10.577645949],[-77.63820858,-10.563026335],[-77.631225576,-10.560120282],[-77.621073392,-10.54815602],[-77.614583676,-10.546392891],[-77.612871543,-10.538183275],[-77.616333039,-10.524671532],[-77.600919047,-10.518774021],[-77.601322863,-10.50930371],[-77.614413441,-10.503267316],[-77.620231504,-10.505705582],[-77.624741903,-10.502034569],[-77.630097118,-10.506867074],[-77.633265109,-10.515829447],[-77.641075123,-10.513852008],[-77.651390737,-10.530133478],[-77.661987612,-10.532280729],[-77.670171362,-10.540980229],[-77.676154487,-10.537644853],[-77.694000612,-10.539501729],[-77.708820862,-10.548063729],[-77.710083437,-10.560170407],[-77.727556917,-10.552705248],[-77.734215464,-10.568065822],[-77.744794738,-10.560781244],[-77.746693617,-10.553113147],[-77.742963934,-10.546235247],[-77.744624112,-10.532266978],[-77.737942362,-10.520786478],[-77.721882862,-10.511888353],[-77.720234862,-10.502741728],[-77.710594237,-10.503848604],[-77.712406837,-10.49165417],[-77.707340968,-10.489058307],[-77.708396487,-10.484914104],[-77.701395237,-10.468808979],[-77.693628612,-10.463255604],[-77.688181112,-10.453771853],[-77.689285612,-10.440817978],[-77.686736112,-10.434020729],[-77.665776737,-10.427118853],[-77.663025361,-10.418330103],[-77.652798112,-10.416231229],[-77.645299362,-10.408660353],[-77.634555862,-10.412265604],[-77.605189487,-10.390587853],[-77.597757737,-10.381049229],[-77.598808612,-10.363134728],[-77.615999987,-10.338337853],[-77.619427237,-10.327825353],[-77.631655736,-10.322205229],[-77.651253611,-10.344611228],[-77.666882486,-10.338634122],[-77.678507737,-10.327191978],[-77.692390612,-10.320902478],[-77.705923487,-10.325328979],[-77.720498112,-10.322195354],[-77.734068862,-10.323779729],[-77.740379987,-10.320699978],[-77.744973111,-10.324276478],[-77.752507454,-10.321895453],[-77.756355487,-10.328123104],[-77.753929612,-10.333339853],[-77.757195362,-10.345363228],[-77.751828612,-10.361385603],[-77.755622987,-10.383999979],[-77.749871612,-10.406796103],[-77.757690487,-10.414639853],[-77.760022362,-10.430079978],[-77.767861987,-10.428790478],[-77.764603112,-10.439481104],[-77.787566362,-10.457097603],[-77.791806487,-10.472208603],[-77.798840862,-10.477335353],[-77.796177737,-10.483292853],[-77.786441362,-10.488920103],[-77.779037112,-10.510081978],[-77.770669862,-10.515671853],[-77.774273987,-10.554014603],[-77.771376487,-10.571614603],[-77.775871487,-10.575348478],[-77.784996112,-10.572039103],[-77.790021181,-10.577260661],[-77.791097862,-10.583801978],[-77.799683362,-10.585323228],[-77.818348853,-10.580442765],[-77.828757051,-10.568649406],[-77.839688436,-10.567918825],[-77.847134388,-10.574383133],[-77.854318678,-10.576027411],[-77.868613762,-10.596501454],[-77.880261736,-10.607894715],[-77.882752635,-10.608666828],[-77.885584714,-10.611739322],[-77.886592111,-10.612055274],[-77.886005862,-10.605066354],[-77.908681612,-10.569593729],[-77.900779362,-10.564199103],[-77.908160112,-10.544287103],[-77.936039112,-10.517283228],[-77.939402362,-10.509013604],[-77.960167987,-10.492650353],[-77.963246112,-10.494908229],[-77.965607362,-10.492970728],[-77.962302737,-10.485802728],[-77.963320362,-10.471113228],[-77.974792987,-10.458757853],[-77.980406237,-10.439374979],[-77.999347612,-10.428882853],[-77.998158237,-10.425558604],[-78.014415987,-10.411244103],[-78.012474612,-10.403249979],[-78.004632862,-10.403818353],[-78.000706987,-10.397468728],[-78.010603487,-10.374699103],[-78.025197237,-10.362548853],[-78.042580112,-10.355474604],[-78.042724613,-10.351626979],[-78.055226612,-10.345365228],[-78.054062487,-10.320646479],[-78.061648487,-10.308097603],[-78.056830112,-10.303456978],[-78.069378862,-10.289035103],[-78.087074237,-10.277117228],[-78.084177738,-10.272683603],[-78.087203112,-10.259107478],[-78.081007862,-10.248318353],[-78.088247987,-10.248537103],[-78.087667988,-10.242914103],[-78.091955112,-10.241976603],[-78.087294862,-10.230119104],[-78.096621112,-10.221277353],[-78.101583862,-10.201105478],[-78.113330112,-10.195878853],[-78.122697237,-10.176374978],[-78.130970737,-10.175998104],[-78.154066362,-10.156712853],[-78.154019487,-10.152683603],[-78.163570362,-10.147191353],[-78.168556613,-10.136990228],[-78.167431737,-10.130015603],[-78.173581987,-10.124087853],[-78.173443362,-10.115214853],[-78.179572237,-10.115837853],[-78.179984363,-10.109417978],[-78.185017612,-10.109388728],[-78.182208987,-10.101099603],[-78.168699238,-10.097738228],[-78.165742237,-10.091949228],[-78.167279238,-10.080851603],[-78.175763612,-10.069703103],[-78.171988237,-10.061404353],[-78.176224487,-10.051331978],[-78.175767612,-10.043955103],[-78.185679738,-10.028718728],[-78.191427737,-10.027015603],[-78.189738238,-10.020124978],[-78.196099612,-10.020115228],[-78.193435362,-10.017482478],[-78.197037112,-10.011792978],[-78.193062487,-10.001353478],[-78.201888613,-9.987035103],[-78.199710987,-9.981570353],[-78.208439488,-9.977568353],[-78.208076113,-9.966769478],[-78.233560487,-9.951306603],[-78.227312487,-9.948787103],[-78.231935487,-9.941894478],[-78.225326112,-9.942230478],[-78.224244112,-9.939845728],[-78.224753862,-9.931095728],[-78.227535238,-9.929826228],[-78.223933612,-9.928015603],[-78.222902363,-9.922712853],[-78.230222612,-9.912544978],[-78.224509737,-9.907222603],[-78.228808612,-9.894373103],[-78.234568362,-9.893050603],[-78.233777362,-9.882021477],[-78.242648488,-9.873646478],[-78.243785112,-9.868488228],[-78.240949363,-9.864308602],[-78.242128863,-9.857333978],[-78.234285112,-9.854027353],[-78.237802738,-9.834187478],[-78.229986362,-9.829851603],[-78.225128863,-9.798361352],[-78.235544862,-9.787876978],[-78.236171863,-9.782361353],[-78.245072238,-9.777806603],[-78.243193363,-9.774900353],[-78.245853487,-9.770496103],[-78.259861363,-9.759261728],[-78.270121112,-9.757771477],[-78.274658238,-9.751998103],[-78.275019488,-9.743290978],[-78.283009737,-9.736164102],[-78.287033237,-9.736439478],[-78.288277488,-9.729093728],[-78.295894487,-9.726290978],[-78.296812487,-9.718708978],[-78.293861362,-9.717646478],[-78.293326112,-9.712771478],[-78.293972612,-9.708232477],[-78.297312488,-9.707427727],[-78.294341738,-9.705425728],[-78.297826112,-9.703636728],[-78.299103487,-9.696517603],[-78.306515612,-9.695230478],[-78.304515612,-9.691437478],[-78.307609363,-9.683935603],[-78.319292987,-9.681498102],[-78.319015612,-9.676173852],[-78.322648487,-9.675206978],[-78.318162113,-9.672425727],[-78.318835987,-9.666658228],[-78.326622987,-9.657312478],[-78.330023488,-9.658035102],[-78.329849613,-9.654771478],[-78.335785112,-9.654753853],[-78.333492238,-9.650029352],[-78.338472612,-9.646453103],[-78.338667988,-9.640203103],[-78.343855488,-9.639273478],[-78.343369113,-9.632910102],[-78.349869113,-9.632915978],[-78.358589738,-9.623976603],[-78.363269487,-9.625076228],[-78.365005862,-9.631441352],[-78.366867237,-9.629685602],[-78.367943238,-9.625943227],[-78.363722613,-9.624275352],[-78.365324112,-9.619642602],[-78.361328113,-9.610070352],[-78.367455113,-9.603087852],[-78.364648487,-9.597591852],[-78.369384738,-9.594998103],[-78.367759737,-9.589581978],[-78.372273488,-9.586238228],[-78.365318362,-9.581277353],[-78.365874988,-9.570664103],[-78.369644488,-9.570531227],[-78.366203113,-9.568398477],[-78.370945363,-9.565978478],[-78.366384737,-9.558914102],[-78.374304737,-9.548275353],[-78.382072237,-9.545802728],[-78.381523488,-9.538624977],[-78.387703113,-9.535363228],[-78.387023362,-9.531310603],[-78.391267613,-9.531017728],[-78.385456988,-9.527865103],[-78.384490238,-9.520964853],[-78.394267613,-9.507519478],[-78.391306613,-9.505373102],[-78.396662112,-9.498968728],[-78.393087862,-9.498656102],[-78.391962862,-9.490804728],[-78.397845738,-9.487956978],[-78.394586112,-9.477658228],[-78.402794862,-9.478675728],[-78.404714987,-9.475085977],[-78.401935487,-9.470800728],[-78.396613237,-9.471691477],[-78.398968738,-9.464607602],[-78.393064488,-9.463197227],[-78.391947237,-9.457939478],[-78.386712863,-9.455912102],[-78.384570363,-9.458599603],[-78.380880862,-9.455716853],[-78.380111362,-9.445490228],[-78.382906237,-9.437956977],[-78.391992238,-9.429124978],[-78.397568363,-9.427910102],[-78.399630862,-9.432316352],[-78.407638612,-9.435845727],[-78.406675737,-9.424824227],[-78.410148488,-9.426404353],[-78.414331988,-9.423079977],[-78.417757863,-9.426154353],[-78.416011737,-9.418748103],[-78.424673863,-9.417671852],[-78.423581988,-9.415117228],[-78.427941363,-9.411289102],[-78.424683613,-9.410064602],[-78.429843737,-9.401435602],[-78.426581988,-9.399677727],[-78.426792988,-9.392035102],[-78.433728487,-9.390374977],[-78.431974488,-9.379023478],[-78.427326112,-9.376523477],[-78.428281238,-9.371568352],[-78.412753862,-9.369830102],[-78.409499862,-9.363119103],[-78.413910113,-9.359859353],[-78.423644488,-9.362290978],[-78.424177737,-9.357804727],[-78.427617362,-9.360322228],[-78.426640612,-9.354560602],[-78.429152363,-9.355826227],[-78.430476738,-9.353937477],[-78.427417988,-9.351574228],[-78.428626988,-9.349117228],[-78.424257863,-9.348353477],[-78.425396487,-9.341298852],[-78.430705113,-9.340058602],[-78.431968737,-9.342716852],[-78.435804737,-9.336933602],[-78.437679737,-9.341753853],[-78.442937487,-9.327027353],[-78.448974613,-9.326193352],[-78.451531237,-9.329998228],[-78.456699238,-9.327431602],[-78.460855488,-9.316185603],[-78.474607362,-9.317935602],[-78.472201113,-9.328816352],[-78.478142613,-9.331236352],[-78.478490238,-9.334763728],[-78.481330113,-9.333337853],[-78.479482362,-9.321902227],[-78.486679737,-9.321835977],[-78.492847612,-9.310402352],[-78.493880863,-9.313427727],[-78.498341738,-9.311970727],[-78.494986363,-9.305365227],[-78.501781237,-9.300333978],[-78.501648487,-9.296005977],[-78.496560487,-9.296232477],[-78.498865113,-9.286921852],[-78.512406238,-9.277132852],[-78.522882863,-9.277708977],[-78.525523488,-9.274564478],[-78.523046863,-9.273814477],[-78.524855487,-9.268613227],[-78.517380863,-9.270956977],[-78.507894487,-9.257732478],[-78.497535112,-9.257921852],[-78.491796863,-9.250869227],[-78.484970737,-9.207906227],[-78.494556612,-9.196361353],[-78.496277362,-9.189505853],[-78.509068362,-9.180023352],[-78.533242238,-9.174615227],[-78.549195363,-9.175753852],[-78.562185488,-9.181742227],[-78.566361363,-9.193564477],[-78.556761737,-9.203484352],[-78.559693362,-9.209794977],[-78.552843738,-9.228302728],[-78.553878862,-9.235123102],[-78.569439487,-9.223787102],[-78.567685487,-9.216654352],[-78.576201113,-9.213792978],[-78.575859363,-9.205187477],[-78.579974612,-9.207365227],[-78.581740237,-9.201755852],[-78.583812488,-9.203359352],[-78.577040988,-9.194738227],[-78.582531238,-9.197728477],[-78.582415988,-9.194693352],[-78.590003863,-9.195675727],[-78.597613237,-9.185486352],[-78.601138488,-9.185988227],[-78.603081988,-9.175437477],[-78.610025363,-9.176441352],[-78.605484362,-9.171197227],[-78.609933613,-9.160109352],[-78.603040988,-9.165441352],[-78.598078112,-9.163691352],[-78.597853488,-9.167314477],[-78.585443363,-9.163888727],[-78.580986488,-9.170789102],[-78.569687488,-9.169999977],[-78.559318363,-9.150246102],[-78.559343738,-9.122349602],[-78.568300738,-9.102328102],[-78.585027363,-9.082476602],[-78.604718863,-9.076134727],[-78.613103488,-9.081531227],[-78.608999988,-9.075115227],[-78.615792988,-9.080355477],[-78.612550738,-9.072941227],[-78.621394612,-9.077417977],[-78.622605488,-9.081240227],[-78.629912113,-9.073570352],[-78.633324238,-9.066415977],[-78.630999987,-9.057507852],[-78.637740238,-9.047718727],[-78.633525362,-9.028593727],[-78.621222613,-9.020544977],[-78.621507863,-9.015955102],[-78.639337863,-9.001654352],[-78.657937488,-8.995935602],[-78.658480488,-8.986304727],[-78.649537113,-8.990513727],[-78.643994113,-8.982994102],[-78.644923863,-8.969228477],[-78.629728612,-8.970889852],[-78.619511362,-8.966529977],[-78.589943613,-8.942622352],[-78.590292988,-8.926560602],[-78.580145737,-8.906423352],[-78.576484738,-8.889046602],[-78.582788112,-8.865678977],[-78.588281113,-8.858677477],[-78.565343113,-8.792598977],[-78.551573488,-8.775022727],[-78.530100613,-8.763780227],[-78.518138738,-8.752980602],[-78.500926613,-8.748655476],[-78.487242488,-8.751163227],[-78.466402612,-8.740864477],[-78.438414363,-8.732746601],[-78.425328862,-8.723901852],[-78.411334487,-8.708756602],[-78.403077488,-8.707937477],[-78.397328113,-8.702560602],[-78.379171863,-8.696566352],[-78.373198112,-8.687242352],[-78.354810488,-8.673279351],[-78.337683613,-8.675861352],[-78.334249988,-8.666451227],[-78.310947237,-8.667206977],[-78.301177737,-8.663947227],[-78.296261738,-8.658718727],[-78.287165988,-8.662548852],[-78.272660112,-8.656314477],[-78.246134862,-8.658363226],[-78.205009737,-8.630587852],[-78.200513613,-8.622509726],[-78.201744113,-8.614078101],[-78.193525362,-8.600111351],[-78.201810613,-8.582946852],[-78.201654238,-8.574178102],[-78.207929987,-8.566089977],[-78.215149987,-8.565709976],[-78.216878738,-8.556917977],[-78.211576113,-8.542498102],[-78.203033237,-8.531830226],[-78.202597613,-8.526066352],[-78.189665987,-8.513925852],[-78.187872987,-8.508099727],[-78.183960988,-8.510333976],[-78.173656237,-8.503537102],[-78.169357237,-8.489656227],[-78.157386738,-8.478853476],[-78.156490237,-8.462484352],[-78.151111362,-8.457269477],[-78.139273488,-8.427152227],[-78.140613237,-8.414134727],[-78.134640612,-8.393492227],[-78.139394487,-8.389705101],[-78.137497987,-8.368667977],[-78.129386738,-8.361417976],[-78.122474613,-8.360076226],[-78.115349612,-8.351830102],[-78.114699237,-8.344236352],[-78.108394487,-8.338109352],[-78.114956987,-8.322726602],[-78.120636737,-8.318685601],[-78.119431612,-8.313652352],[-78.102229987,-8.305379977],[-78.094249988,-8.294129977],[-78.089807363,-8.293789226],[-78.081980487,-8.281085851],[-78.067375738,-8.278630976],[-78.064719987,-8.270910351],[-78.045507737,-8.257872352],[-78.036798862,-8.255951227],[-78.033775613,-8.244325226],[-78.018634738,-8.224316476],[-77.990080112,-8.218380851],[-77.981447237,-8.214876976],[-77.978722612,-8.210451226],[-77.956662112,-8.208138726],[-77.933212862,-8.197009727],[-77.926695362,-8.157460976],[-77.920441362,-8.147730476],[-77.914203112,-8.121441352],[-77.910636737,-8.119595726],[-77.908236362,-8.108627101],[-77.904511737,-8.105040976],[-77.905427737,-8.094923851],[-77.895625612,-8.061949101],[-77.883522237,-8.063712476],[-77.867910862,-8.055890351],[-77.852208112,-8.074779476],[-77.833278237,-8.075741476],[-77.826033737,-8.070148976],[-77.810441362,-8.067734976],[-77.795796862,-8.071015601],[-77.791698737,-8.077652101],[-77.785784862,-8.079198851],[-77.761046612,-8.075226352],[-77.751271737,-8.077438851],[-77.743388112,-8.070184727],[-77.718279237,-8.073435601],[-77.690984362,-8.060396476],[-77.683683611,-8.062839852],[-77.646923862,-8.050861351]]]]},"properties":{"name":"Ancash","mapcolor":2,"cartodb_id":2}},{"type":"Feature","geometry":{"type":"MultiPolygon","coordinates":[[[[-73.746320108,-13.174564356],[-73.737550733,-13.177193356],[-73.728960983,-13.187867231],[-73.728261733,-13.198025355],[-73.740091858,-13.211484356],[-73.730863358,-13.242649231],[-73.736367483,-13.257447481],[-73.726828108,-13.260537106],[-73.727640609,-13.268310606],[-73.706578108,-13.269324231],[-73.698103483,-13.265496106],[-73.695197233,-13.273884731],[-73.686833983,-13.277080106],[-73.686976608,-13.282101606],[-73.680851608,-13.280312481],[-73.673533233,-13.284843731],[-73.663345733,-13.281898481],[-73.657540983,-13.293175731],[-73.652154358,-13.293072231],[-73.641949233,-13.299478481],[-73.635722608,-13.310660106],[-73.627035108,-13.314165981],[-73.625636983,-13.320781606],[-73.611292483,-13.323296981],[-73.608081858,-13.331597356],[-73.598914108,-13.327956981],[-73.587790983,-13.339224356],[-73.581396483,-13.336976606],[-73.573628858,-13.338900356],[-73.571305358,-13.362779981],[-73.557554733,-13.366492231],[-73.543441358,-13.364277356],[-73.539300733,-13.371123106],[-73.529740233,-13.373933606],[-73.527183608,-13.383658231],[-73.521587858,-13.387720731],[-73.511095733,-13.382974606],[-73.507107483,-13.384124981],[-73.494177733,-13.399804731],[-73.480910108,-13.431371106],[-73.473882858,-13.432914106],[-73.469425733,-13.429216856],[-73.461484358,-13.434040981],[-73.450134733,-13.429593731],[-73.436084358,-13.429960731],[-73.428921607,-13.437868106],[-73.410460358,-13.435949106],[-73.403978858,-13.444793731],[-73.387233857,-13.439847481],[-73.368876108,-13.442335607],[-73.365986858,-13.436764106],[-73.347163358,-13.434832231],[-73.342195483,-13.440774606],[-73.333225733,-13.443995981],[-73.334403107,-13.451275231],[-73.331793108,-13.456377981],[-73.321359483,-13.456469982],[-73.311670732,-13.446597106],[-73.292518982,-13.455995231],[-73.282155483,-13.454898981],[-73.260507858,-13.467937106],[-73.245433607,-13.465350231],[-73.239988733,-13.475394856],[-73.233903233,-13.476586981],[-73.220637983,-13.465110107],[-73.223707483,-13.450617106],[-73.209774982,-13.432538731],[-73.211875608,-13.419064732],[-73.204821108,-13.411719856],[-73.186494608,-13.417021106],[-73.190726858,-13.425154106],[-73.183897983,-13.432315607],[-73.186124358,-13.441134231],[-73.175572982,-13.451510732],[-73.167542232,-13.452282106],[-73.157721732,-13.437368356],[-73.148647608,-13.435212731],[-73.150551108,-13.424539356],[-73.143658607,-13.419063606],[-73.126092607,-13.440045356],[-73.110664857,-13.434543481],[-73.104076607,-13.448154731],[-73.097288357,-13.448876106],[-73.088848732,-13.444260856],[-73.076506608,-13.443687231],[-73.060444232,-13.438020356],[-73.044051607,-13.411962481],[-73.038332483,-13.415230481],[-73.031570357,-13.413544356],[-73.028022857,-13.419819106],[-73.016890108,-13.426712231],[-73.007224983,-13.423053106],[-73.001462357,-13.411823356],[-72.987633858,-13.404287731],[-72.986460483,-13.398629356],[-72.979263732,-13.394300981],[-72.977064733,-13.388173231],[-72.951913607,-13.389610481],[-72.925960607,-13.383068356],[-72.910984608,-13.384450856],[-72.908621358,-13.389595856],[-72.901192108,-13.387406731],[-72.893894482,-13.390337106],[-72.888605358,-13.400188481],[-72.889662483,-13.408861606],[-72.884072983,-13.416978981],[-72.865786482,-13.415880856],[-72.838273357,-13.427069981],[-72.829166608,-13.421462481],[-72.816256233,-13.426515731],[-72.805747607,-13.421940606],[-72.797488232,-13.422158106],[-72.793054482,-13.426939606],[-72.792750232,-13.434090231],[-72.797586232,-13.449347981],[-72.792745732,-13.456507732],[-72.780649357,-13.456535731],[-72.774884357,-13.449532732],[-72.770948983,-13.449293731],[-72.769755107,-13.454488106],[-72.751339733,-13.472357731],[-72.748466357,-13.481120356],[-72.732467357,-13.484173357],[-72.728195483,-13.491699482],[-72.716290857,-13.490433356],[-72.709238107,-13.501178232],[-72.702599483,-13.502621856],[-72.695700483,-13.510360981],[-72.679334732,-13.515307481],[-72.672067483,-13.522099606],[-72.668364982,-13.517283606],[-72.655868732,-13.513496981],[-72.648141357,-13.518881231],[-72.649170857,-13.524880856],[-72.642768982,-13.530880481],[-72.640800358,-13.539603731],[-72.636033982,-13.542129481],[-72.626552607,-13.535368606],[-72.621035483,-13.540899106],[-72.614738482,-13.542101231],[-72.613426607,-13.546048481],[-72.601430732,-13.544301607],[-72.594848733,-13.552301356],[-72.593390357,-13.562169106],[-72.574310357,-13.562509357],[-72.564446232,-13.552184856],[-72.560480482,-13.551805357],[-72.543536232,-13.557971981],[-72.536160357,-13.572100606],[-72.523166732,-13.566597481],[-72.516346482,-13.572950606],[-72.504921607,-13.574171356],[-72.494838232,-13.579348731],[-72.488959982,-13.591821231],[-72.465884107,-13.587834481],[-72.459856107,-13.590217357],[-72.458349607,-13.594965356],[-72.451286607,-13.599967856],[-72.438211232,-13.605152731],[-72.421397857,-13.606079732],[-72.418142232,-13.615040231],[-72.405956232,-13.623510856],[-72.399829357,-13.633684731],[-72.397597607,-13.647119232],[-72.404109357,-13.652208981],[-72.403039107,-13.658640606],[-72.389402357,-13.663962856],[-72.378472607,-13.661542982],[-72.369437481,-13.665660106],[-72.354644607,-13.681632856],[-72.341093732,-13.684474607],[-72.332976607,-13.691669982],[-72.314996107,-13.698324231],[-72.316773482,-13.704626982],[-72.312339732,-13.708490232],[-72.297754982,-13.703659106],[-72.297285857,-13.696478107],[-72.290283482,-13.690056356],[-72.281784606,-13.690536606],[-72.277417857,-13.684148482],[-72.266160482,-13.685008481],[-72.260766357,-13.682339231],[-72.257873732,-13.687967981],[-72.249408356,-13.693228106],[-72.244762482,-13.687431856],[-72.244775107,-13.698213231],[-72.230926732,-13.705277106],[-72.228623732,-13.715972356],[-72.232726607,-13.718923607],[-72.231875107,-13.721723232],[-72.206366732,-13.728071981],[-72.189401732,-13.745352856],[-72.177092857,-13.744121981],[-72.165909732,-13.747636482],[-72.147551857,-13.779242482],[-72.131734857,-13.786946482],[-72.119648482,-13.821064481],[-72.113179732,-13.822550732],[-72.108456981,-13.831783107],[-72.104730482,-13.856078106],[-72.093261731,-13.875089856],[-72.091236856,-13.885389106],[-72.082087856,-13.888066356],[-72.077826232,-13.906728481],[-72.062808607,-13.919921857],[-72.055546231,-13.930678731],[-72.056046857,-13.952390607],[-72.060170106,-13.965085981],[-72.056691357,-13.970535231],[-72.058279356,-13.986409982],[-72.051673856,-14.012386731],[-72.053886732,-14.022486232],[-72.051203107,-14.026748106],[-72.063083857,-14.045677732],[-72.063253857,-14.063498107],[-72.067902356,-14.076542982],[-72.061765606,-14.082396482],[-72.064613232,-14.090617232],[-72.057540981,-14.106660107],[-72.064378857,-14.116423857],[-72.056693357,-14.129339857],[-72.063001982,-14.137519482],[-72.061492232,-14.141853482],[-72.086722607,-14.161664232],[-72.089419981,-14.169874982],[-72.095187482,-14.173404357],[-72.089271482,-14.190576232],[-72.076480481,-14.207429731],[-72.085362232,-14.208612981],[-72.095609606,-14.220145482],[-72.100320606,-14.230696732],[-72.125928731,-14.254001982],[-72.136272607,-14.259819482],[-72.143206857,-14.256169607],[-72.161167732,-14.263794732],[-72.170642856,-14.275503982],[-72.170282481,-14.291179357],[-72.176445357,-14.299437482],[-72.186220732,-14.304244107],[-72.187106857,-14.313223607],[-72.199164482,-14.315266982],[-72.205577357,-14.320250357],[-72.206982732,-14.331172107],[-72.216217232,-14.334086107],[-72.224838481,-14.349294607],[-72.239515607,-14.348472357],[-72.240389107,-14.361510107],[-72.248742356,-14.386142107],[-72.249505232,-14.402926232],[-72.269782732,-14.404452107],[-72.280446232,-14.410783732],[-72.294802232,-14.410792357],[-72.289855357,-14.423930482],[-72.298175232,-14.428588232],[-72.305691357,-14.428753857],[-72.317199232,-14.440689482],[-72.325944982,-14.438741732],[-72.340888232,-14.427838358],[-72.357625357,-14.435963857],[-72.363884732,-14.449472607],[-72.365489607,-14.461765107],[-72.381864732,-14.467474482],[-72.394947232,-14.483011607],[-72.408571357,-14.483730482],[-72.427460982,-14.479023482],[-72.441312107,-14.482365732],[-72.440497232,-14.488858857],[-72.444440482,-14.497034482],[-72.459759232,-14.504466107],[-72.470360357,-14.517276232],[-72.487601357,-14.529370357],[-72.493271732,-14.536049482],[-72.494650357,-14.546482232],[-72.503010107,-14.551844982],[-72.493834107,-14.566101857],[-72.484701482,-14.573598857],[-72.483985857,-14.582015858],[-72.470230482,-14.589910107],[-72.468071982,-14.601064857],[-72.461699482,-14.605869607],[-72.465461607,-14.625020857],[-72.463778232,-14.642502357],[-72.470405357,-14.659850483],[-72.477600107,-14.658349983],[-72.483978232,-14.665302232],[-72.504249607,-14.664142607],[-72.511154232,-14.671439233],[-72.525390607,-14.667128732],[-72.560775732,-14.678380983],[-72.578765857,-14.687869108],[-72.586273232,-14.700225857],[-72.585098232,-14.707862857],[-72.591926607,-14.713619232],[-72.602157607,-14.702789357],[-72.599311982,-14.690110982],[-72.605140733,-14.687033607],[-72.605537357,-14.681243857],[-72.611015357,-14.676129357],[-72.624191232,-14.675822232],[-72.634712233,-14.668666857],[-72.644821107,-14.667281108],[-72.663879357,-14.676436482],[-72.678398107,-14.678450608],[-72.690643358,-14.688655857],[-72.697631857,-14.679063857],[-72.714263858,-14.680430358],[-72.724418608,-14.676703483],[-72.726150482,-14.664709107],[-72.722999608,-14.657297107],[-72.725433357,-14.643874107],[-72.730781482,-14.646640733],[-72.741195732,-14.644521732],[-72.758285482,-14.661045107],[-72.770408607,-14.664712857],[-72.779479982,-14.660707482],[-72.789695732,-14.650213232],[-72.799827608,-14.661721232],[-72.805931108,-14.675564733],[-72.828247108,-14.701556233],[-72.826560982,-14.710892732],[-72.832748357,-14.720339733],[-72.833549482,-14.736896483],[-72.839698733,-14.744985607],[-72.842147857,-14.757084857],[-72.846359233,-14.759940107],[-72.850206108,-14.757557233],[-72.851746357,-14.744262358],[-72.855397107,-14.740488608],[-72.854908482,-14.730334232],[-72.864752607,-14.725883483],[-72.866879233,-14.708312607],[-72.878548733,-14.708124358],[-72.890594857,-14.700670857],[-72.910356857,-14.697582482],[-72.917807732,-14.685262107],[-72.935725107,-14.695265733],[-72.955306608,-14.682683607],[-72.974557733,-14.651816857],[-72.981505982,-14.653189733],[-72.985045232,-14.660310107],[-72.997808483,-14.662773608],[-73.006704358,-14.650857607],[-73.009412232,-14.637388857],[-73.014666108,-14.630905857],[-73.042647983,-14.623083858],[-73.040196108,-14.651499107],[-73.043312608,-14.657244232],[-73.057627733,-14.661139357],[-73.063124983,-14.665804732],[-73.078426858,-14.656055232],[-73.098056982,-14.650765857],[-73.102725357,-14.665563232],[-73.110054732,-14.669921107],[-73.104640233,-14.682994857],[-73.106488983,-14.690654233],[-73.109856482,-14.692304857],[-73.121147357,-14.691578607],[-73.125301482,-14.681160232],[-73.153237358,-14.674345107],[-73.161623108,-14.681674232],[-73.178426108,-14.685681607],[-73.190411608,-14.705774733],[-73.211066358,-14.705843732],[-73.218274733,-14.701611607],[-73.228532108,-14.710010357],[-73.245083357,-14.712377608],[-73.263621107,-14.709789108],[-73.268166482,-14.719430607],[-73.284238608,-14.734101107],[-73.289726607,-14.732734358],[-73.296797733,-14.723752607],[-73.308570358,-14.716513732],[-73.328330108,-14.717361357],[-73.350806608,-14.704029358],[-73.358269483,-14.683388733],[-73.364368108,-14.681649233],[-73.370094233,-14.688158607],[-73.371647608,-14.698226732],[-73.380865358,-14.704064482],[-73.390403107,-14.716061608],[-73.398479233,-14.736075483],[-73.404548858,-14.765496233],[-73.409119108,-14.771206982],[-73.418231358,-14.772099357],[-73.439922483,-14.786953608],[-73.441276108,-14.793334732],[-73.453817483,-14.804909358],[-73.454280483,-14.820235233],[-73.464484358,-14.839828107],[-73.471055108,-14.838638732],[-73.485027358,-14.842570358],[-73.499355483,-14.828752107],[-73.513441358,-14.826189482],[-73.515890608,-14.816978483],[-73.528187483,-14.801703108],[-73.534220733,-14.798835982],[-73.549572233,-14.801433607],[-73.553519483,-14.789355482],[-73.563425733,-14.779392732],[-73.565777358,-14.772878858],[-73.562898483,-14.739339858],[-73.571777358,-14.727529358],[-73.568943358,-14.720124983],[-73.573464858,-14.720289107],[-73.577136733,-14.714431607],[-73.571220733,-14.707183607],[-73.575492233,-14.695087857],[-73.570880858,-14.694130857],[-73.571098983,-14.687271608],[-73.562118983,-14.680119482],[-73.553225108,-14.680373482],[-73.540518733,-14.673350107],[-73.523081733,-14.673049357],[-73.510060983,-14.650100733],[-73.513361108,-14.633097232],[-73.533589858,-14.584078232],[-73.527831983,-14.573998107],[-73.512283233,-14.565855482],[-73.510535108,-14.548831982],[-73.507011733,-14.544308607],[-73.520751608,-14.533547733],[-73.522836733,-14.513788732],[-73.533161983,-14.506294357],[-73.536684108,-14.498196732],[-73.535056608,-14.491544982],[-73.542015608,-14.484763732],[-73.554560608,-14.480695357],[-73.551404858,-14.465004482],[-73.570641358,-14.456570107],[-73.574732733,-14.443287732],[-73.573471733,-14.433059857],[-73.581825983,-14.416420482],[-73.559636233,-14.409907107],[-73.553856733,-14.401220482],[-73.553506358,-14.377507357],[-73.549023108,-14.374985357],[-73.546991483,-14.366543982],[-73.542175733,-14.365494107],[-73.535520108,-14.357800857],[-73.528009858,-14.322561982],[-73.517191358,-14.309361357],[-73.512249983,-14.268158232],[-73.519822233,-14.257939482],[-73.518742233,-14.242220732],[-73.523363233,-14.228330107],[-73.528843733,-14.227753857],[-73.528623108,-14.221115232],[-73.544058608,-14.208664107],[-73.545310608,-14.196005982],[-73.553132858,-14.192113232],[-73.557720733,-14.176175732],[-73.564665983,-14.168249981],[-73.572933608,-14.149113232],[-73.577283233,-14.147175732],[-73.586625108,-14.110341857],[-73.591775358,-14.109562481],[-73.603728608,-14.093411982],[-73.611072233,-14.089935607],[-73.609097608,-14.085654357],[-73.614441358,-14.077289107],[-73.613035108,-14.073662232],[-73.618886733,-14.057878856],[-73.625781233,-14.049019482],[-73.620115233,-14.040919982],[-73.621851609,-14.029353481],[-73.618001983,-14.025529357],[-73.619402358,-14.017062482],[-73.626124983,-14.005925732],[-73.625894484,-13.994906232],[-73.642760483,-13.978535982],[-73.642217108,-13.962442482],[-73.653737608,-13.942880357],[-73.655966858,-13.930845731],[-73.663025358,-13.923714857],[-73.680037108,-13.915322357],[-73.688870608,-13.891127857],[-73.694785608,-13.884248107],[-73.692881608,-13.865563606],[-73.697779358,-13.847415981],[-73.721996108,-13.826931607],[-73.733544233,-13.801439606],[-73.742435609,-13.791757857],[-73.741301733,-13.778608107],[-73.747887734,-13.763366106],[-73.739987358,-13.756233606],[-73.734403733,-13.754099107],[-73.728489108,-13.757269856],[-73.716403983,-13.750393732],[-73.693339108,-13.749593107],[-73.686297608,-13.746216731],[-73.686477233,-13.738601106],[-73.670113733,-13.738528481],[-73.669667858,-13.734259856],[-73.678549483,-13.725136981],[-73.689815608,-13.719228732],[-73.701928358,-13.705283606],[-73.711134358,-13.707793731],[-73.715142608,-13.704534481],[-73.714238983,-13.689667481],[-73.721267608,-13.681634982],[-73.728485108,-13.683144981],[-73.727761733,-13.669079107],[-73.743619734,-13.655562481],[-73.750651108,-13.656275357],[-73.760088733,-13.648704606],[-73.765639233,-13.649438231],[-73.784522484,-13.640254982],[-73.791357108,-13.641288356],[-73.796245608,-13.634286606],[-73.798990358,-13.622780856],[-73.805942358,-13.613761981],[-73.795796108,-13.604320232],[-73.802489859,-13.585061231],[-73.801174608,-13.581021481],[-73.806848858,-13.570262982],[-73.807095608,-13.562431731],[-73.803607233,-13.556528731],[-73.809764859,-13.538468231],[-73.810812483,-13.521797106],[-73.814756483,-13.516525981],[-73.814243733,-13.509212481],[-73.821219609,-13.499448606],[-73.823116109,-13.484335231],[-73.834557733,-13.470803606],[-73.834135638,-13.461434981],[-73.838954013,-13.456375731],[-73.829049514,-13.445226357],[-73.827386889,-13.433735982],[-73.839196138,-13.419706232],[-73.836861763,-13.416564232],[-73.843133888,-13.406902482],[-73.842137638,-13.403996356],[-73.847401889,-13.401474981],[-73.838131013,-13.385138356],[-73.835445513,-13.362224232],[-73.828744264,-13.347267232],[-73.827994263,-13.336509357],[-73.832098513,-13.330156606],[-73.823470013,-13.325016731],[-73.820730013,-13.318102482],[-73.805853241,-13.312997363],[-73.807956366,-13.303795863],[-73.823000991,-13.284598489],[-73.820692241,-13.276060738],[-73.826374616,-13.269725113],[-73.822754741,-13.256638864],[-73.824023866,-13.248392739],[-73.812809491,-13.242240363],[-73.808817858,-13.215100106],[-73.799966858,-13.214542981],[-73.799271483,-13.202710981],[-73.792076234,-13.197548856],[-73.793335858,-13.193914106],[-73.773933609,-13.185154356],[-73.771921358,-13.174611606],[-73.756439608,-13.170714855],[-73.746320108,-13.174564356]]]]},"properties":{"name":"Apurimac","mapcolor":3,"cartodb_id":3}},{"type":"Feature","geometry":{"type":"MultiPolygon","coordinates":[[[[-71.981094357,-14.640622107],[-71.975982607,-14.646298358],[-71.973564107,-14.657990483],[-71.963630731,-14.663763108],[-71.957809482,-14.671484982],[-71.950500482,-14.672820232],[-71.950645481,-14.677140232],[-71.941215482,-14.685324607],[-71.929275357,-14.689303357],[-71.952178981,-14.703801107],[-71.946014357,-14.711064357],[-71.957809481,-14.726017983],[-71.958969107,-14.732593482],[-71.932815482,-14.756463107],[-71.927787732,-14.773058858],[-71.928985607,-14.784958858],[-71.924003607,-14.789796858],[-71.914421106,-14.792074233],[-71.910224857,-14.788849983],[-71.903312731,-14.791962607],[-71.898429856,-14.788132607],[-71.876106231,-14.801252357],[-71.869094857,-14.835970857],[-71.854972857,-14.854579983],[-71.863418732,-14.873355858],[-71.859603856,-14.883615483],[-71.849708607,-14.888747983],[-71.827262856,-14.888825358],[-71.830535857,-14.898614732],[-71.826301607,-14.906635232],[-71.816680857,-14.907340983],[-71.797622731,-14.895981733],[-71.793006857,-14.896168732],[-71.785156231,-14.912559483],[-71.745959981,-14.939869983],[-71.747718856,-14.948301357],[-71.755728481,-14.955448108],[-71.770240732,-14.982176733],[-71.763472231,-14.994795357],[-71.765998857,-15.009585358],[-71.809883106,-15.022927233],[-71.822929357,-15.034991233],[-71.849319482,-15.045089733],[-71.836585982,-15.075693108],[-71.815475481,-15.078221358],[-71.812110856,-15.072751983],[-71.801483106,-15.067335108],[-71.786300607,-15.069550483],[-71.772537356,-15.082439482],[-71.766807482,-15.078485482],[-71.756370607,-15.084654982],[-71.741119356,-15.079942732],[-71.723197981,-15.083298733],[-71.712776232,-15.089032108],[-71.691078231,-15.091177983],[-71.673706106,-15.089055108],[-71.667953481,-15.091896107],[-71.663131731,-15.109844233],[-71.649032606,-15.120671233],[-71.636024481,-15.139139233],[-71.614562981,-15.145854982],[-71.602912856,-15.139182108],[-71.600906357,-15.132205983],[-71.588333106,-15.127825732],[-71.583831732,-15.095996858],[-71.577781732,-15.087873482],[-71.572343731,-15.061931608],[-71.547752356,-15.067787233],[-71.539604231,-15.074290233],[-71.518959106,-15.076421733],[-71.513442981,-15.079844483],[-71.501083356,-15.067757608],[-71.492462106,-15.065747233],[-71.485870356,-15.059104858],[-71.482208231,-15.050675482],[-71.484603856,-15.039325733],[-71.503669856,-15.027326607],[-71.510169981,-15.004634858],[-71.505226106,-14.975560232],[-71.500320481,-14.979240358],[-71.465044481,-14.984069357],[-71.457576106,-14.979546733],[-71.447501981,-14.979785857],[-71.443038981,-14.995569232],[-71.430816606,-14.998084107],[-71.426727356,-15.002123858],[-71.430427606,-15.007965108],[-71.421470606,-15.012394857],[-71.417365856,-15.033725733],[-71.396865856,-15.045240358],[-71.388534606,-15.060146358],[-71.379737856,-15.064546608],[-71.371704106,-15.080225982],[-71.361846981,-15.079142608],[-71.353713981,-15.092702857],[-71.343940731,-15.092888857],[-71.329940856,-15.099460608],[-71.326400731,-15.114474358],[-71.321678106,-15.119058608],[-71.310088981,-15.118760108],[-71.306877106,-15.112330483],[-71.297561606,-15.108616858],[-71.274803105,-15.086042358],[-71.260588481,-15.078270232],[-71.266921981,-15.065906483],[-71.265541106,-15.062999732],[-71.243637231,-15.056817107],[-71.239700356,-15.062112982],[-71.225921606,-15.069413233],[-71.215393106,-15.048888232],[-71.206962606,-15.050965358],[-71.209732106,-15.057251982],[-71.206542981,-15.062187233],[-71.207275356,-15.070551858],[-71.195358231,-15.090189982],[-71.18412023,-15.088316858],[-71.165611231,-15.096799857],[-71.161651606,-15.109302483],[-71.143577606,-15.120560608],[-71.143814106,-15.128975858],[-71.149040231,-15.137721982],[-71.155265856,-15.140792858],[-71.158805856,-15.147913983],[-71.169021606,-15.149497983],[-71.172737106,-15.159146357],[-71.181365981,-15.163462608],[-71.184906105,-15.169772108],[-71.176757856,-15.172599732],[-71.169448855,-15.188775108],[-71.160519356,-15.198294733],[-71.160328606,-15.207768233],[-71.171958981,-15.216564233],[-71.183174106,-15.233542483],[-71.192810106,-15.233615858],[-71.20207973,-15.245132482],[-71.196907106,-15.252601607],[-71.200675981,-15.261866608],[-71.194618231,-15.270928358],[-71.190162606,-15.274388358],[-71.180511481,-15.275163608],[-71.16423798,-15.290927858],[-71.162902856,-15.308910358],[-71.166239981,-15.320869983],[-71.162666355,-15.332484233],[-71.154403731,-15.339155233],[-71.150527981,-15.355904608],[-71.151153606,-15.363941233],[-71.164283731,-15.372275358],[-71.169494606,-15.382284108],[-71.171760605,-15.392475108],[-71.169044481,-15.398091358],[-71.173683106,-15.409442858],[-71.174331606,-15.424456608],[-71.150255981,-15.440592733],[-71.138717606,-15.437887233],[-71.129425106,-15.428173983],[-71.120094355,-15.427102983],[-71.111564605,-15.436775233],[-71.103836105,-15.453269983],[-71.085426356,-15.458013483],[-71.07227323,-15.451497108],[-71.075454731,-15.438301108],[-71.06213373,-15.433956108],[-71.046302856,-15.420523608],[-71.038970981,-15.405165733],[-71.027122481,-15.432039233],[-71.00591273,-15.441682858],[-70.993957481,-15.454841608],[-70.995452855,-15.472278733],[-71.015174855,-15.489165358],[-71.01836398,-15.500021983],[-71.008033731,-15.519240358],[-71.01420598,-15.522013608],[-71.018356355,-15.529378983],[-71.014091481,-15.539554608],[-71.00719448,-15.542949733],[-71.004676856,-15.552507358],[-71.008178731,-15.563968609],[-70.98236848,-15.598043483],[-70.93916323,-15.618023859],[-70.938026481,-15.624060733],[-70.923996105,-15.632996608],[-70.916343731,-15.652198733],[-70.917564355,-15.687380733],[-70.909194855,-15.703784984],[-70.899665855,-15.713405608],[-70.904754606,-15.737339983],[-70.922630356,-15.746190983],[-70.933219855,-15.770673734],[-70.942268355,-15.774924233],[-70.93614198,-15.784839608],[-70.919822731,-15.799978233],[-70.919357355,-15.807164233],[-70.906234731,-15.833316858],[-70.890068105,-15.851938234],[-70.89537048,-15.859914733],[-70.89339448,-15.865535734],[-70.896293606,-15.877407984],[-70.892913855,-15.888401984],[-70.885909981,-15.893464983],[-70.87496948,-15.887630484],[-70.865783605,-15.889386109],[-70.860488855,-15.902879734],[-70.854934731,-15.906308233],[-70.848823605,-15.916986483],[-70.849227855,-15.920739234],[-70.84327698,-15.923255859],[-70.840148981,-15.937896733],[-70.836730981,-15.940340983],[-70.839141856,-15.945099858],[-70.832199231,-15.949095733],[-70.840866106,-15.958840358],[-70.842460605,-15.969344109],[-70.83723448,-15.974691359],[-70.820198106,-15.978467984],[-70.827529855,-15.989150108],[-70.828605605,-15.999205608],[-70.816558855,-16.002756109],[-70.81398773,-16.015001358],[-70.82094573,-16.029750858],[-70.807357731,-16.040828734],[-70.804115355,-16.053045233],[-70.805152855,-16.055635483],[-70.85673523,-16.056337358],[-70.865852355,-16.069673484],[-70.86680598,-16.080081983],[-70.878105105,-16.081443734],[-70.875060981,-16.094577734],[-70.89548498,-16.105224608],[-70.88613123,-16.118141234],[-70.867111231,-16.128484734],[-70.872009231,-16.141185733],[-70.86724848,-16.147106109],[-70.867828356,-16.153865859],[-70.87859348,-16.166616484],[-70.87430573,-16.171035734],[-70.86024473,-16.175571483],[-70.853889481,-16.196687733],[-70.854423481,-16.205253609],[-70.866531356,-16.218389483],[-70.866958605,-16.224584609],[-70.850509606,-16.227981608],[-70.844505355,-16.234723984],[-70.856094356,-16.243679109],[-70.867576605,-16.258640233],[-70.876480105,-16.281553234],[-70.886138856,-16.285272609],[-70.90342698,-16.277610734],[-70.91738123,-16.283174484],[-70.939109856,-16.298932984],[-70.943611106,-16.314405484],[-70.957015981,-16.308402984],[-70.986289981,-16.309946108],[-70.986259481,-16.323148733],[-70.980010981,-16.331798609],[-70.978675856,-16.347211859],[-70.972763106,-16.353748359],[-70.975814856,-16.361701984],[-70.969398605,-16.369607984],[-70.975097605,-16.391029359],[-70.963829106,-16.399740234],[-70.96800998,-16.408237484],[-70.974807731,-16.410848609],[-70.97561648,-16.418321609],[-70.973701481,-16.425865359],[-70.964935356,-16.436477609],[-70.963699356,-16.449422984],[-70.953231855,-16.459947609],[-70.95608523,-16.472520859],[-70.965881356,-16.480720484],[-70.979522731,-16.480573609],[-70.993453981,-16.496553359],[-71.001052855,-16.498409234],[-71.006210356,-16.495510109],[-71.012565606,-16.498578984],[-71.019241356,-16.486890734],[-71.037257855,-16.485685609],[-71.037773105,-16.479398734],[-71.042716981,-16.477094609],[-71.04475398,-16.469610234],[-71.041824356,-16.465949984],[-71.047462481,-16.460439734],[-71.047195481,-16.454402984],[-71.053848231,-16.462203984],[-71.06494898,-16.461805359],[-71.072654856,-16.465755484],[-71.081939731,-16.456857734],[-71.09120173,-16.457168609],[-71.093399106,-16.462289859],[-71.099159231,-16.464170484],[-71.105468731,-16.461219734],[-71.108459481,-16.465705859],[-71.124725356,-16.461072984],[-71.135360731,-16.467872609],[-71.139518731,-16.474973734],[-71.157928356,-16.470966359],[-71.197029106,-16.471658734],[-71.206344606,-16.463804234],[-71.219139106,-16.460565609],[-71.236206106,-16.466009109],[-71.242103606,-16.463064234],[-71.246047981,-16.467639984],[-71.243583731,-16.475603109],[-71.249343856,-16.482358984],[-71.236564606,-16.503356984],[-71.237495481,-16.514591234],[-71.242263856,-16.523179984],[-71.249099731,-16.564100359],[-71.262840231,-16.584911234],[-71.259300231,-16.591058734],[-71.26040648,-16.605201734],[-71.274177606,-16.607513484],[-71.279151856,-16.615821859],[-71.28390498,-16.682239484],[-71.293640106,-16.690559359],[-71.296012856,-16.706266359],[-71.285812356,-16.71635436],[-71.289092981,-16.726457609],[-71.311431856,-16.73867986],[-71.312843356,-16.743671359],[-71.327171356,-16.752445235],[-71.332649356,-16.747089359],[-71.346984856,-16.742242984],[-71.353286731,-16.724952734],[-71.369430481,-16.719676984],[-71.394561731,-16.731199234],[-71.400901856,-16.728143735],[-71.407096856,-16.730108359],[-71.425926231,-16.741376859],[-71.430351231,-16.757022859],[-71.428855856,-16.772985485],[-71.436874356,-16.796888359],[-71.444305481,-16.804674109],[-71.444740231,-16.81593136],[-71.442443856,-16.828548609],[-71.435501106,-16.836147359],[-71.442031856,-16.84354786],[-71.440818731,-16.864692734],[-71.433044481,-16.884872485],[-71.422485356,-16.896398484],[-71.425491356,-16.906383359],[-71.424400356,-16.918313984],[-71.431190481,-16.92653661],[-71.441085856,-16.927987985],[-71.441322356,-16.932466485],[-71.453979481,-16.933252359],[-71.459846481,-16.937362609],[-71.465202356,-16.95391461],[-71.458953856,-16.960912734],[-71.444610606,-16.956321735],[-71.432853731,-16.96051211],[-71.421142606,-16.95476336],[-71.404571481,-16.956764235],[-71.401985106,-16.968997984],[-71.390830981,-16.978069359],[-71.395439106,-16.985786484],[-71.394882106,-16.992849359],[-71.389160106,-17.002500484],[-71.385787981,-17.020501984],[-71.372337356,-17.019037235],[-71.365234356,-17.014110609],[-71.363899231,-17.019876484],[-71.357315106,-17.024354985],[-71.339424106,-17.021758984],[-71.33122248,-17.033288985],[-71.319053606,-17.041454359],[-71.325813356,-17.056396485],[-71.324691856,-17.060308484],[-71.315887481,-17.065282859],[-71.315292356,-17.079431484],[-71.309860231,-17.081535359],[-71.308723481,-17.088752734],[-71.302246106,-17.09385111],[-71.30583948,-17.103668235],[-71.316245981,-17.115657859],[-71.313995356,-17.119306609],[-71.316329981,-17.124738735],[-71.326980606,-17.136486109],[-71.355316106,-17.151273734],[-71.380859356,-17.185708985],[-71.408589731,-17.209682484],[-71.423515356,-17.23661611],[-71.436481731,-17.244054735],[-71.440956106,-17.25171661],[-71.465549981,-17.254502735],[-71.471199981,-17.26522636],[-71.479299981,-17.27024636],[-71.484119981,-17.27985636],[-71.490798981,-17.28500561],[-71.502845731,-17.28113186],[-71.506324731,-17.271049485],[-71.515907231,-17.265943485],[-71.524070731,-17.265325485],[-71.528671231,-17.271131484],[-71.530700731,-17.260520984],[-71.537918106,-17.253957734],[-71.541404731,-17.256376235],[-71.543022106,-17.25439836],[-71.544738731,-17.25909236],[-71.548774731,-17.259742735],[-71.557174731,-17.25613211],[-71.564018231,-17.26156811],[-71.570327731,-17.254260984],[-71.593154856,-17.24795536],[-71.595039357,-17.24963761],[-71.673217732,-17.217367234],[-71.728897107,-17.20255086],[-71.791503856,-17.191129735],[-71.823211731,-17.17962261],[-71.849967981,-17.16490936],[-71.868606607,-17.14927861],[-71.932601981,-17.078779235],[-71.976905856,-17.049938235],[-72.003112731,-17.036247235],[-72.016410857,-17.03286936],[-72.023117107,-17.022392235],[-72.033737231,-17.022458984],[-72.034378107,-17.017612484],[-72.039321856,-17.019857359],[-72.041488607,-17.015876735],[-72.042755107,-17.018409735],[-72.048187232,-17.016248734],[-72.049568231,-17.020370485],[-72.054580732,-17.01626011],[-72.054725607,-17.019508235],[-72.063026482,-17.016862859],[-72.062454107,-17.020967484],[-72.070053232,-17.019739109],[-72.073570232,-17.02236361],[-72.091102732,-17.011894234],[-72.104476982,-17.01649661],[-72.112205481,-17.015758484],[-72.112861607,-17.005948984],[-72.109504732,-17.005824985],[-72.108863857,-17.00064086],[-72.103805482,-16.996259735],[-72.110526982,-16.98834611],[-72.114585856,-16.98944286],[-72.115707356,-16.98269461],[-72.122497481,-16.978174234],[-72.123603857,-16.974601734],[-72.119293232,-16.969924985],[-72.127654982,-16.96685411],[-72.132713357,-16.971342109],[-72.136520357,-16.968936859],[-72.135788106,-16.964294485],[-72.143852232,-16.965789859],[-72.148933357,-16.962043735],[-72.145980857,-16.956531485],[-72.154228232,-16.956804235],[-72.154045106,-16.952476484],[-72.161392232,-16.952070234],[-72.165138232,-16.948177359],[-72.162872357,-16.94127086],[-72.164947482,-16.938108484],[-72.172981232,-16.940793984],[-72.182189981,-16.932321609],[-72.184318482,-16.935749109],[-72.184417732,-16.924783735],[-72.195686357,-16.92680361],[-72.192817732,-16.924232484],[-72.200653107,-16.919181859],[-72.200340231,-16.912519484],[-72.204109107,-16.91543011],[-72.205200232,-16.908578859],[-72.211524982,-16.902446735],[-72.224578857,-16.899978609],[-72.227600107,-16.89432911],[-72.232521106,-16.90055086],[-72.247848482,-16.885658234],[-72.263404856,-16.885662109],[-72.276466357,-16.873100235],[-72.288482607,-16.875133485],[-72.291877732,-16.865426984],[-72.287292482,-16.860589984],[-72.293327357,-16.85763736],[-72.296836857,-16.849033359],[-72.295089732,-16.842746734],[-72.288963357,-16.841489735],[-72.293350232,-16.837963109],[-72.288703857,-16.837026485],[-72.294166607,-16.834651985],[-72.296119732,-16.82936286],[-72.292198232,-16.828321484],[-72.294685357,-16.825262109],[-72.299087482,-16.826436984],[-72.303771982,-16.821445484],[-72.303077732,-16.818166609],[-72.305900607,-16.819463734],[-72.306777982,-16.815586109],[-72.312042232,-16.813777985],[-72.310119607,-16.80761911],[-72.315025357,-16.802881235],[-72.326469482,-16.802850735],[-72.329597482,-16.797410984],[-72.328071607,-16.794773109],[-72.332710232,-16.793886234],[-72.329078732,-16.789230359],[-72.333450357,-16.789512609],[-72.336433357,-16.782773984],[-72.338088982,-16.784810984],[-72.342521607,-16.782798734],[-72.340751732,-16.781801234],[-72.347701982,-16.776243234],[-72.345901482,-16.773401359],[-72.352180482,-16.771875359],[-72.354110731,-16.765956859],[-72.356636107,-16.767528484],[-72.364761357,-16.760604859],[-72.370826732,-16.762800234],[-72.374259982,-16.760751735],[-72.373123107,-16.752489109],[-72.380142232,-16.756015734],[-72.387062107,-16.750091609],[-72.395103482,-16.752780859],[-72.400688231,-16.751111985],[-72.405311607,-16.73894111],[-72.416610732,-16.736162234],[-72.420150732,-16.727222484],[-72.433853107,-16.718841609],[-72.433441107,-16.714958235],[-72.436744732,-16.718332109],[-72.436698857,-16.714057984],[-72.445251482,-16.709419234],[-72.444976857,-16.704246484],[-72.447875982,-16.702382984],[-72.454856857,-16.703105984],[-72.456664982,-16.699405609],[-72.593666107,-16.667327859],[-72.709045357,-16.652692734],[-72.751998857,-16.638114984],[-72.776061982,-16.626071984],[-72.848701483,-16.564599984],[-72.920089733,-16.518485984],[-72.930717482,-16.519926109],[-72.943214357,-16.515390359],[-72.956726108,-16.517154734],[-72.958518983,-16.514833484],[-72.963874982,-16.518772109],[-72.970024107,-16.516040859],[-72.971488983,-16.518495609],[-72.974738983,-16.514127734],[-72.986846983,-16.517435109],[-73.004127483,-16.507032359],[-73.011695858,-16.512359609],[-73.035186733,-16.499351484],[-73.048774733,-16.499944734],[-73.053520233,-16.497121859],[-73.055488607,-16.487121609],[-73.062339733,-16.482004109],[-73.068946857,-16.482309359],[-73.071891732,-16.477230109],[-73.103393608,-16.454816859],[-73.129615732,-16.451028859],[-73.148582482,-16.438812234],[-73.151138357,-16.429973609],[-73.159156858,-16.419925734],[-73.168609607,-16.417318359],[-73.175170857,-16.419692984],[-73.182914732,-16.413824109],[-73.189346358,-16.415397609],[-73.208442733,-16.400392484],[-73.217338608,-16.400691984],[-73.221435608,-16.403934484],[-73.220016482,-16.407646234],[-73.223892233,-16.413303359],[-73.235008233,-16.415277484],[-73.234847983,-16.411216734],[-73.243576108,-16.406793609],[-73.249168357,-16.409824359],[-73.260391233,-16.409278859],[-73.260360733,-16.401985109],[-73.272209108,-16.398200983],[-73.291511483,-16.405775109],[-73.299064608,-16.383140609],[-73.304809608,-16.379739734],[-73.305931108,-16.375270859],[-73.303306608,-16.369754734],[-73.307136483,-16.362617484],[-73.300682108,-16.358106609],[-73.300765983,-16.352064109],[-73.310050983,-16.346183734],[-73.314201358,-16.338703109],[-73.337501483,-16.326587859],[-73.367965733,-16.316164109],[-73.371658358,-16.312047983],[-73.391517608,-16.308954234],[-73.405128482,-16.299354609],[-73.451255858,-16.281307109],[-73.461585983,-16.278625483],[-73.471313483,-16.282115983],[-73.474067733,-16.279113734],[-73.482192858,-16.283689483],[-73.497131358,-16.273298233],[-73.527419983,-16.262023984],[-73.533584608,-16.255577109],[-73.546562233,-16.252776984],[-73.559333858,-16.244493484],[-73.567405733,-16.249540358],[-73.588157483,-16.240899984],[-73.602584858,-16.239929234],[-73.619926483,-16.230085359],[-73.634468108,-16.229515109],[-73.640281608,-16.233085608],[-73.645011858,-16.229192734],[-73.649169983,-16.234289109],[-73.658317608,-16.227771734],[-73.664275983,-16.230732108],[-73.676208483,-16.223558484],[-73.676895109,-16.226947734],[-73.694015483,-16.231416733],[-73.691223109,-16.234180484],[-73.700324984,-16.241554233],[-73.699829108,-16.232192984],[-73.696159358,-16.230775859],[-73.699706983,-16.219940233],[-73.720664983,-16.207057859],[-73.727882358,-16.195247609],[-73.752433733,-16.186939234],[-73.772232108,-16.174779859],[-73.800804108,-16.168674484],[-73.834815983,-16.154563859],[-73.853355358,-16.141916234],[-73.870117233,-16.134908734],[-73.887336733,-16.110494609],[-73.896690358,-16.105100608],[-73.901992858,-16.106134358],[-73.904136483,-16.101083734],[-73.953025859,-16.075109609],[-73.959114109,-16.060815858],[-73.979408234,-16.052959483],[-73.979568484,-16.046913108],[-73.989623983,-16.039115859],[-73.998580984,-16.042251609],[-74.007484484,-16.033824859],[-74.017822233,-16.036874734],[-74.020461984,-16.025798859],[-74.033172608,-16.017574359],[-74.032371484,-16.008771858],[-74.025886484,-16.001047108],[-74.025596608,-15.992517484],[-74.036491359,-15.972963359],[-74.042274484,-15.969068609],[-74.042495733,-15.964167609],[-74.054450983,-15.954523109],[-74.175033609,-15.896978358],[-74.212547359,-15.888867358],[-74.213279733,-15.885316858],[-74.221069234,-15.884791359],[-74.232543983,-15.877011233],[-74.233665484,-15.880003983],[-74.241599984,-15.878699358],[-74.250472983,-15.869496359],[-74.248413109,-15.862485858],[-74.251823484,-15.855140733],[-74.279006984,-15.838818608],[-74.291778609,-15.837009483],[-74.296882608,-15.843515358],[-74.300933859,-15.841507858],[-74.304397609,-15.846495609],[-74.311363234,-15.846085609],[-74.313217109,-15.839898108],[-74.319587733,-15.848800608],[-74.326736483,-15.849730483],[-74.326797484,-15.842042983],[-74.335655233,-15.845242484],[-74.341987609,-15.841019609],[-74.348205609,-15.843150233],[-74.355140734,-15.841097859],[-74.356300359,-15.837881108],[-74.361732484,-15.838441858],[-74.362625109,-15.832459483],[-74.365852359,-15.830634983],[-74.374099734,-15.835419608],[-74.382789609,-15.832929608],[-74.386894234,-15.827632858],[-74.395477233,-15.829357109],[-74.400604234,-15.822526984],[-74.422622733,-15.811025609],[-74.423645109,-15.805816608],[-74.428153984,-15.805656483],[-74.439117484,-15.794912358],[-74.446281484,-15.775589983],[-74.455512984,-15.760277733],[-74.462737984,-15.755429233],[-74.459587109,-15.741620983],[-74.463539109,-15.739150109],[-74.462867734,-15.726044609],[-74.472457859,-15.719484359],[-74.502349984,-15.706769983],[-74.551605234,-15.694103233],[-74.680297859,-15.645125358],[-74.685943609,-15.642435108],[-74.687835734,-15.635757483],[-74.728507984,-15.611685858],[-74.803329359,-15.576839483],[-74.839492859,-15.565086358],[-74.844253484,-15.565243733],[-74.847595234,-15.570832233],[-74.853408859,-15.573210734],[-74.854362485,-15.570054984],[-74.846466109,-15.562552483],[-74.847755484,-15.554538733],[-74.868484484,-15.535679858],[-74.88755036,-15.524126983],[-74.920677234,-15.507514108],[-74.94241336,-15.499548858],[-74.950591984,-15.499441108],[-74.967483485,-15.490364858],[-74.973625234,-15.490573858],[-74.984542859,-15.470192858],[-75.000511109,-15.462119108],[-75.023696859,-15.457629233],[-75.03156286,-15.461025233],[-75.044570984,-15.458476983],[-75.057609609,-15.453984233],[-75.07332611,-15.442941608],[-75.061111484,-15.435283608],[-75.049652109,-15.434503608],[-75.045547484,-15.430330233],[-75.018485984,-15.382413858],[-75.016555734,-15.351096233],[-75.003879735,-15.330230358],[-74.982414234,-15.316829733],[-74.968200734,-15.299422233],[-74.96442411,-15.284999857],[-74.963638359,-15.253898607],[-74.94589986,-15.231486358],[-74.93986511,-15.206011733],[-74.929305985,-15.192401858],[-74.917196984,-15.181780733],[-74.899848609,-15.173950858],[-74.887138359,-15.159728108],[-74.873749359,-15.151843232],[-74.855209359,-15.153830483],[-74.813049359,-15.137898483],[-74.789354984,-15.121134108],[-74.779434234,-15.108506233],[-74.765632609,-15.102794608],[-74.762298609,-15.098054858],[-74.752578734,-15.113404232],[-74.739486734,-15.123146107],[-74.730430734,-15.121656357],[-74.721435609,-15.124651858],[-74.720054609,-15.133335108],[-74.713706984,-15.138533483],[-74.689453109,-15.139066733],[-74.679008484,-15.132204108],[-74.652038609,-15.139133483],[-74.628745984,-15.124123608],[-74.604568484,-15.148839982],[-74.594665609,-15.146550233],[-74.584503234,-15.149031608],[-74.572456359,-15.140941483],[-74.552520734,-15.139941233],[-74.533340484,-15.146689358],[-74.513862609,-15.148321983],[-74.503600234,-15.160322483],[-74.465759234,-15.173476233],[-74.451421359,-15.175972733],[-74.442102859,-15.168660608],[-74.422988859,-15.167847608],[-74.401550233,-15.178522983],[-74.389648484,-15.205404233],[-74.400828109,-15.220859358],[-74.394573859,-15.226756607],[-74.387878359,-15.251779608],[-74.399696359,-15.265863357],[-74.398208609,-15.278050483],[-74.414848359,-15.295417733],[-74.415306109,-15.299266983],[-74.406860359,-15.310270358],[-74.388969483,-15.317246483],[-74.377853359,-15.331878607],[-74.359916734,-15.332700733],[-74.355316109,-15.339845608],[-74.345817609,-15.336347608],[-74.333648734,-15.353262858],[-74.308700608,-15.359717358],[-74.316231484,-15.366149233],[-74.328971483,-15.393821358],[-74.324237608,-15.414059233],[-74.325576733,-15.419557608],[-74.318264733,-15.439284983],[-74.308733609,-15.449324483],[-74.301966484,-15.452056733],[-74.311148234,-15.463907233],[-74.301208358,-15.478084608],[-74.278724609,-15.478726358],[-74.264604484,-15.474836233],[-74.256278984,-15.480646108],[-74.243032109,-15.480332483],[-74.232963608,-15.486171733],[-74.213966359,-15.485726358],[-74.193740859,-15.491660108],[-74.185020484,-15.485732108],[-74.166473359,-15.483957233],[-74.148437484,-15.449382733],[-74.153922984,-15.446191733],[-74.150474608,-15.427576108],[-74.138336234,-15.426009233],[-74.129562358,-15.413083983],[-74.115005483,-15.411566733],[-74.113075233,-15.404983483],[-74.094520609,-15.392003108],[-74.085525484,-15.391332608],[-74.072273233,-15.404052733],[-74.065429733,-15.402194983],[-74.053733859,-15.417725608],[-74.045532233,-15.443377483],[-74.037292483,-15.455479608],[-74.042411858,-15.463548608],[-74.038589484,-15.480372483],[-74.043418858,-15.491040358],[-74.061614983,-15.499895108],[-74.073440609,-15.501918733],[-74.079185484,-15.515720358],[-74.067283609,-15.539294233],[-74.076545734,-15.552215608],[-74.073951734,-15.563053108],[-74.084930359,-15.591535608],[-74.081542984,-15.613071483],[-74.084739733,-15.618906983],[-74.068649233,-15.629886608],[-74.063415484,-15.629616733],[-74.019660983,-15.599853483],[-74.013275108,-15.571353859],[-74.009429984,-15.568044608],[-74.010276734,-15.559402483],[-73.995674108,-15.552880233],[-73.988227859,-15.540866858],[-73.981323234,-15.540305109],[-73.969215358,-15.532937984],[-73.952407859,-15.513881733],[-73.954688984,-15.511996233],[-73.949859609,-15.499013858],[-73.940299984,-15.483388858],[-73.912513733,-15.456251108],[-73.893897983,-15.449352233],[-73.888641358,-15.439101233],[-73.876556358,-15.439152858],[-73.872123733,-15.432975733],[-73.868270859,-15.426130233],[-73.868797358,-15.417262983],[-73.873557983,-15.410548233],[-73.869705234,-15.400246608],[-73.877075359,-15.389162983],[-73.870819109,-15.379905733],[-73.874725358,-15.370973608],[-73.874145483,-15.358586358],[-73.877860983,-15.345155733],[-73.884079108,-15.337456733],[-73.869209233,-15.331710858],[-73.865112358,-15.323971733],[-73.842048608,-15.327308608],[-73.805930983,-15.324446733],[-73.793060358,-15.339756983],[-73.776336609,-15.338743233],[-73.779319733,-15.346400358],[-73.769638108,-15.357040358],[-73.758865358,-15.385265358],[-73.726844733,-15.409983608],[-73.710395858,-15.417724733],[-73.694557233,-15.434776358],[-73.685829108,-15.437656358],[-73.667732233,-15.429122983],[-73.653037983,-15.416530608],[-73.623512234,-15.421111108],[-73.612861608,-15.419228608],[-73.594108608,-15.403695108],[-73.555931108,-15.408222233],[-73.529571483,-15.392054608],[-73.503448483,-15.383031858],[-73.478111233,-15.379620608],[-73.441673233,-15.355775858],[-73.427131608,-15.363207858],[-73.432189983,-15.373642983],[-73.430351233,-15.379127483],[-73.421119733,-15.380023983],[-73.416854983,-15.375821108],[-73.403312733,-15.391476608],[-73.391235358,-15.399143108],[-73.365966858,-15.387431108],[-73.347488358,-15.394449108],[-73.336280858,-15.405148483],[-73.312644983,-15.400051108],[-73.296302857,-15.392517108],[-73.285530108,-15.395982733],[-73.274795483,-15.392953858],[-73.279823358,-15.390246358],[-73.284210232,-15.377342233],[-73.290618858,-15.371318858],[-73.293800358,-15.359410233],[-73.289360108,-15.345177608],[-73.289825482,-15.334361108],[-73.277732858,-15.318183858],[-73.282592733,-15.312066108],[-73.284919733,-15.294937108],[-73.275299107,-15.288929983],[-73.245933483,-15.286091858],[-73.221565232,-15.297965108],[-73.206832858,-15.293938608],[-73.186378483,-15.305456983],[-73.172134358,-15.306076108],[-73.160041858,-15.286355983],[-73.152954107,-15.283064858],[-73.149536108,-15.273655858],[-73.149940483,-15.259839108],[-73.139549233,-15.255932858],[-73.135848983,-15.243744857],[-73.120582608,-15.230816858],[-73.112235982,-15.206482857],[-73.111671483,-15.186534858],[-73.100784358,-15.187635482],[-73.099410983,-15.180940608],[-73.089660607,-15.169843733],[-73.082870483,-15.163974733],[-73.074691733,-15.163361483],[-73.072456357,-15.155105733],[-73.066108732,-15.154405608],[-73.061912483,-15.145384733],[-73.046768232,-15.140701233],[-73.047561608,-15.134347858],[-73.026725607,-15.129758357],[-73.021837983,-15.131798858],[-73.019210858,-15.119814858],[-73.024528482,-15.091757733],[-73.015975983,-15.075985858],[-73.004241982,-15.064126983],[-73.008110108,-15.051730108],[-73.004852232,-15.043464607],[-73.005111732,-15.007749608],[-72.997650107,-14.991839357],[-72.982742358,-14.982355107],[-72.986656232,-14.956103358],[-73.025047357,-14.910759982],[-73.031852733,-14.897123357],[-73.025299107,-14.889247858],[-73.026466358,-14.883393233],[-73.003822357,-14.839584357],[-73.002784733,-14.814986232],[-72.992324858,-14.803740482],[-72.979316733,-14.806133232],[-72.969268858,-14.795148858],[-72.963066107,-14.793171858],[-72.954803608,-14.777462982],[-72.944015482,-14.766490982],[-72.929923983,-14.758166357],[-72.920577982,-14.757931857],[-72.909080482,-14.770069982],[-72.885345482,-14.772226357],[-72.872405982,-14.761472733],[-72.852821233,-14.763103482],[-72.842567482,-14.757659858],[-72.839698733,-14.744985607],[-72.833358732,-14.736281357],[-72.832748357,-14.720339733],[-72.826644858,-14.711378107],[-72.828247108,-14.701556233],[-72.805931108,-14.675564733],[-72.799827608,-14.661721232],[-72.789695732,-14.650213232],[-72.779479982,-14.660707482],[-72.770408607,-14.664712857],[-72.758285482,-14.661045107],[-72.741195732,-14.644521732],[-72.730781482,-14.646640733],[-72.725433357,-14.643874107],[-72.722999608,-14.657297107],[-72.726150482,-14.664709107],[-72.724418608,-14.676703483],[-72.714263858,-14.680430358],[-72.697631857,-14.679063857],[-72.690643358,-14.688655857],[-72.678398107,-14.678450608],[-72.663879357,-14.676436482],[-72.644821107,-14.667281108],[-72.634712233,-14.668666857],[-72.624191232,-14.675822232],[-72.611015357,-14.676129357],[-72.605537357,-14.681243857],[-72.605140733,-14.687033607],[-72.599311982,-14.690110982],[-72.602157607,-14.702789357],[-72.594474733,-14.708804107],[-72.594375607,-14.713675482],[-72.585098232,-14.707862857],[-72.584564232,-14.696201357],[-72.578765857,-14.687869108],[-72.570312482,-14.682736358],[-72.525390607,-14.667128732],[-72.511154232,-14.671439233],[-72.504249607,-14.664142607],[-72.483978232,-14.665302232],[-72.477096607,-14.658203107],[-72.463142357,-14.668109858],[-72.460128732,-14.675756483],[-72.471939107,-14.705789607],[-72.487228357,-14.713945233],[-72.488464357,-14.723461108],[-72.482643107,-14.730405857],[-72.486663732,-14.741969108],[-72.479568482,-14.754862733],[-72.468643232,-14.762527482],[-72.470985357,-14.773578607],[-72.469184857,-14.786989232],[-72.459678607,-14.782628107],[-72.450904857,-14.784110107],[-72.444709732,-14.790779107],[-72.434570357,-14.790140107],[-72.432342482,-14.798689857],[-72.419609107,-14.806316358],[-72.416717482,-14.822833983],[-72.406478857,-14.827085482],[-72.393195982,-14.824908232],[-72.350143481,-14.827785608],[-72.315444857,-14.833863232],[-72.292526107,-14.818498607],[-72.270667982,-14.813453732],[-72.252639732,-14.803659483],[-72.241577107,-14.812494232],[-72.224922232,-14.806014107],[-72.220634482,-14.799972608],[-72.212196357,-14.803241733],[-72.202789356,-14.797868733],[-72.202110232,-14.787782608],[-72.189323482,-14.778236358],[-72.186065732,-14.780374482],[-72.179923981,-14.776492107],[-72.170631357,-14.778644482],[-72.159667981,-14.786341607],[-72.156089732,-14.778173483],[-72.145744357,-14.777418107],[-72.136093106,-14.782347732],[-72.131683357,-14.789396232],[-72.138603232,-14.812244357],[-72.132934607,-14.816822983],[-72.131172106,-14.828312857],[-72.117980982,-14.835585608],[-72.115974481,-14.839398358],[-72.118293732,-14.841806357],[-72.111587482,-14.841289483],[-72.107322732,-14.847557107],[-72.098083482,-14.849872607],[-72.090248107,-14.856802983],[-72.076621982,-14.883695607],[-72.063095107,-14.887876483],[-72.055160481,-14.883638358],[-72.046394357,-14.887109733],[-72.042846732,-14.879935233],[-72.047126731,-14.875062982],[-72.042282106,-14.862666108],[-72.040321357,-14.839219107],[-72.025215106,-14.829114857],[-72.025649982,-14.822236108],[-72.032775857,-14.813133232],[-72.040519732,-14.810502107],[-72.034477232,-14.800931982],[-72.034896856,-14.790972732],[-72.038940481,-14.788134482],[-72.040962232,-14.778769482],[-72.037010232,-14.767253858],[-72.047790482,-14.738767607],[-72.041427607,-14.722531357],[-72.044975232,-14.716476482],[-72.040634107,-14.688507982],[-72.024436982,-14.673460983],[-72.024215606,-14.666872982],[-72.015830981,-14.658390982],[-72.014945982,-14.648918107],[-72.008308356,-14.640691732],[-72.000999481,-14.641654983],[-71.988647482,-14.632744732],[-71.981094357,-14.640622107]]]]},"properties":{"name":"Arequipa","mapcolor":4,"cartodb_id":4}},{"type":"Feature","geometry":{"type":"MultiPolygon","coordinates":[[[[-74.348428484,-12.175033105],[-74.351700734,-12.17799998],[-74.344724734,-12.194768355],[-74.336673359,-12.192433355],[-74.333474609,-12.196063605],[-74.329733734,-12.211238855],[-74.336190983,-12.21561898],[-74.321338484,-12.230157605],[-74.314925484,-12.231103855],[-74.311585359,-12.223786605],[-74.300141358,-12.22635073],[-74.291485109,-12.223049605],[-74.291559859,-12.23044273],[-74.284072109,-12.240642605],[-74.269830359,-12.239347855],[-74.257538859,-12.256442355],[-74.247756233,-12.258043355],[-74.245509859,-12.26947923],[-74.232632109,-12.26750598],[-74.225200609,-12.27661548],[-74.218042609,-12.27808023],[-74.220808734,-12.286770105],[-74.215604359,-12.29122298],[-74.222077984,-12.29759498],[-74.218701609,-12.301735605],[-74.213268859,-12.30343648],[-74.206947609,-12.29828298],[-74.199890109,-12.30254798],[-74.190141609,-12.30242098],[-74.186739734,-12.304350355],[-74.188048359,-12.31374498],[-74.184894234,-12.316153605],[-74.179675609,-12.31741523],[-74.175603984,-12.313687605],[-74.166227733,-12.312397355],[-74.160177609,-12.32068398],[-74.147331859,-12.32438273],[-74.141941109,-12.31695648],[-74.131159983,-12.314605105],[-74.130787109,-12.328841606],[-74.125167109,-12.33385948],[-74.119116984,-12.33199573],[-74.112292609,-12.319264605],[-74.104120609,-12.31324323],[-74.097353609,-12.283709355],[-74.076221234,-12.281816855],[-74.071006608,-12.27710123],[-74.059281609,-12.276550855],[-74.055051608,-12.26931698],[-74.044813734,-12.26640498],[-74.039786733,-12.26140873],[-74.021875484,-12.277363855],[-73.999850483,-12.283576855],[-73.987496608,-12.27166473],[-73.986567734,-12.25800998],[-73.980451609,-12.242588355],[-73.980936984,-12.252510355],[-73.970615233,-12.275564105],[-73.973996984,-12.305758355],[-73.965858983,-12.336451355],[-73.970072484,-12.34781148],[-73.959816108,-12.351347105],[-73.947766608,-12.350661855],[-73.940907983,-12.365574605],[-73.932563483,-12.369416355],[-73.928019483,-12.378752355],[-73.905293983,-12.393302605],[-73.899928983,-12.40295973],[-73.885924983,-12.40614048],[-73.872589859,-12.45378173],[-73.854310108,-12.48905673],[-73.852135858,-12.50267273],[-73.855364234,-12.52990498],[-73.853189984,-12.534363105],[-73.844185858,-12.53945823],[-73.833176483,-12.53066698],[-73.824022983,-12.53347798],[-73.822552483,-12.54474798],[-73.811888359,-12.558396605],[-73.804799859,-12.57598048],[-73.800633233,-12.61458348],[-73.785815108,-12.623436356],[-73.764556983,-12.647839981],[-73.753426608,-12.652252606],[-73.743415859,-12.65152823],[-73.735965733,-12.639153356],[-73.725038483,-12.636729605],[-73.723700734,-12.64541673],[-73.712104483,-12.66596498],[-73.698328233,-12.672134105],[-73.697586108,-12.68275623],[-73.693272358,-12.687719355],[-73.682464858,-12.687812105],[-73.677919108,-12.698619605],[-73.656095358,-12.723469731],[-73.659888108,-12.734395105],[-73.644780858,-12.744853605],[-73.625667233,-12.764992481],[-73.626729108,-12.787694481],[-73.615451358,-12.808016481],[-73.603844108,-12.810872606],[-73.590021733,-12.824168106],[-73.588306483,-12.831340981],[-73.591451108,-12.842844606],[-73.581899108,-12.858679856],[-73.560648608,-12.868874355],[-73.523676483,-12.899478106],[-73.522426233,-12.907537981],[-73.533295358,-12.91932948],[-73.529846108,-12.931963356],[-73.520283483,-12.939215606],[-73.504222983,-12.931110481],[-73.496603608,-12.932529856],[-73.496080733,-12.938468606],[-73.500898858,-12.94657348],[-73.510236358,-12.951541106],[-73.508035858,-12.971897355],[-73.530032483,-12.985266105],[-73.521453358,-12.99104523],[-73.519940358,-13.004688106],[-73.504680983,-13.011122481],[-73.499680733,-13.010186231],[-73.487608608,-12.998910981],[-73.476572608,-13.001102231],[-73.479759733,-13.01540548],[-73.478464858,-13.034270731],[-73.492529108,-13.047020106],[-73.489345358,-13.055389605],[-73.490306733,-13.066475981],[-73.483204483,-13.066276731],[-73.481524233,-13.057641605],[-73.478180983,-13.055917981],[-73.465385983,-13.067313231],[-73.466052858,-13.073092606],[-73.461928233,-13.079983355],[-73.448838108,-13.080279731],[-73.455704233,-13.089121731],[-73.455432608,-13.09339448],[-73.452616983,-13.099717231],[-73.443453983,-13.104829731],[-73.448368858,-13.106929106],[-73.449295108,-13.115446856],[-73.455154108,-13.120741606],[-73.438531858,-13.128748981],[-73.434799483,-13.139967981],[-73.424122983,-13.130441606],[-73.414661608,-13.145089106],[-73.415816733,-13.152877731],[-73.407523733,-13.162910356],[-73.409453983,-13.173681856],[-73.402233358,-13.181712731],[-73.404735483,-13.190410981],[-73.414969983,-13.195513981],[-73.409618983,-13.211918731],[-73.400137607,-13.210041231],[-73.382324733,-13.224873606],[-73.382465483,-13.238438731],[-73.370895358,-13.245948606],[-73.370021608,-13.258735481],[-73.364348357,-13.269428481],[-73.352282983,-13.270281856],[-73.346211732,-13.278436856],[-73.346908608,-13.285980981],[-73.352734858,-13.290692356],[-73.341003483,-13.291928481],[-73.348362858,-13.298240606],[-73.348176608,-13.302320481],[-73.340746108,-13.311907231],[-73.329106858,-13.308930731],[-73.321304357,-13.321431856],[-73.311404358,-13.325889481],[-73.312052233,-13.337785106],[-73.303603483,-13.342631481],[-73.302618608,-13.351935481],[-73.289582733,-13.354993606],[-73.286913358,-13.372564981],[-73.279889983,-13.371390981],[-73.272233482,-13.380036606],[-73.260095483,-13.384225106],[-73.258129358,-13.395129731],[-73.250535607,-13.392370607],[-73.249042982,-13.403637231],[-73.236105983,-13.411136356],[-73.227682733,-13.410780981],[-73.210993858,-13.420785981],[-73.209774982,-13.432538731],[-73.223707483,-13.450617106],[-73.220637983,-13.465110107],[-73.235317732,-13.476693731],[-73.239988733,-13.475394856],[-73.245433607,-13.465350231],[-73.260507858,-13.467937106],[-73.282155483,-13.454898981],[-73.292518982,-13.455995231],[-73.311670732,-13.446597106],[-73.321359483,-13.456469982],[-73.331793108,-13.456377981],[-73.334403107,-13.451275231],[-73.333225733,-13.443995981],[-73.342195483,-13.440774606],[-73.347163358,-13.434832231],[-73.365986858,-13.436764106],[-73.368876108,-13.442335607],[-73.387233857,-13.439847481],[-73.403978858,-13.444793731],[-73.410460358,-13.435949106],[-73.428921607,-13.437868106],[-73.436084358,-13.429960731],[-73.450134733,-13.429593731],[-73.461484358,-13.434040981],[-73.469425733,-13.429216856],[-73.473882858,-13.432914106],[-73.480910108,-13.431371106],[-73.494177733,-13.399804731],[-73.507107483,-13.384124981],[-73.511095733,-13.382974606],[-73.521587858,-13.387720731],[-73.527183608,-13.383658231],[-73.529740233,-13.373933606],[-73.539300733,-13.371123106],[-73.543441358,-13.364277356],[-73.557554733,-13.366492231],[-73.571305358,-13.362779981],[-73.573628858,-13.338900356],[-73.581396483,-13.336976606],[-73.587790983,-13.339224356],[-73.598914108,-13.327956981],[-73.608081858,-13.331597356],[-73.611292483,-13.323296981],[-73.625636983,-13.320781606],[-73.627035108,-13.314165981],[-73.635722608,-13.310660106],[-73.641949233,-13.299478481],[-73.652154358,-13.293072231],[-73.657540983,-13.293175731],[-73.663345733,-13.281898481],[-73.673533233,-13.284843731],[-73.680851608,-13.280312481],[-73.686976608,-13.282101606],[-73.686833983,-13.277080106],[-73.695197233,-13.273884731],[-73.698103483,-13.265496106],[-73.706578108,-13.269324231],[-73.727640609,-13.268310606],[-73.726828108,-13.260537106],[-73.736367483,-13.257447481],[-73.730863358,-13.242649231],[-73.740091858,-13.211484356],[-73.728261733,-13.198025355],[-73.729054733,-13.187431606],[-73.737550733,-13.177193356],[-73.752699108,-13.171174105],[-73.771921358,-13.174611606],[-73.773933609,-13.185154356],[-73.793335858,-13.193914106],[-73.792076234,-13.197548856],[-73.799271483,-13.202710981],[-73.799966858,-13.214542981],[-73.808817858,-13.215100106],[-73.812809491,-13.242240363],[-73.824023866,-13.248392739],[-73.822754741,-13.256638864],[-73.826374616,-13.269725113],[-73.820692241,-13.276060738],[-73.823000991,-13.284598489],[-73.807956366,-13.303795863],[-73.805853241,-13.312997363],[-73.820730013,-13.318102482],[-73.823470013,-13.325016731],[-73.832098513,-13.330156606],[-73.827994263,-13.336509357],[-73.828744264,-13.347267232],[-73.835445513,-13.362224232],[-73.838131013,-13.385138356],[-73.847446139,-13.400918606],[-73.842137638,-13.403996356],[-73.843133888,-13.406902482],[-73.836861763,-13.416564232],[-73.839196138,-13.419706232],[-73.827386889,-13.433735982],[-73.829049514,-13.445226357],[-73.838954013,-13.456375731],[-73.834135638,-13.461434981],[-73.834557733,-13.470803606],[-73.823116109,-13.484335231],[-73.821219609,-13.499448606],[-73.814243733,-13.509212481],[-73.814756483,-13.516525981],[-73.810443733,-13.523395356],[-73.809764859,-13.538468231],[-73.803607233,-13.556528731],[-73.807095608,-13.562431731],[-73.806848858,-13.570262982],[-73.801174608,-13.581021481],[-73.802489859,-13.585061231],[-73.795796108,-13.604320232],[-73.805660483,-13.615053732],[-73.798990358,-13.622780856],[-73.791920858,-13.640959607],[-73.784522484,-13.640254982],[-73.765639233,-13.649438231],[-73.760088733,-13.648704606],[-73.750651108,-13.656275357],[-73.744056359,-13.655340231],[-73.732365108,-13.667666231],[-73.728253733,-13.668428356],[-73.729084609,-13.682350356],[-73.726240483,-13.684469357],[-73.721267608,-13.681634982],[-73.713489983,-13.691158106],[-73.715142608,-13.704534481],[-73.711134358,-13.707793731],[-73.701928358,-13.705283606],[-73.689815608,-13.719228732],[-73.678549483,-13.725136981],[-73.669667858,-13.734259856],[-73.670113733,-13.738528481],[-73.686477233,-13.738601106],[-73.686297608,-13.746216731],[-73.693339108,-13.749593107],[-73.716403983,-13.750393732],[-73.728489108,-13.757269856],[-73.734403733,-13.754099107],[-73.739987358,-13.756233606],[-73.747887734,-13.763366106],[-73.741301733,-13.778608107],[-73.742435609,-13.791757857],[-73.733544233,-13.801439606],[-73.721996108,-13.826931607],[-73.697779358,-13.847415981],[-73.692881608,-13.865563606],[-73.694785608,-13.884248107],[-73.688870608,-13.891127857],[-73.680037108,-13.915322357],[-73.663025358,-13.923714857],[-73.655966858,-13.930845731],[-73.653737608,-13.942880357],[-73.642217108,-13.962442482],[-73.642760483,-13.978535982],[-73.625894484,-13.994906232],[-73.626124983,-14.005925732],[-73.619402358,-14.017062482],[-73.618001983,-14.025529357],[-73.621851609,-14.029353481],[-73.620115233,-14.040919982],[-73.625781233,-14.049019482],[-73.618886733,-14.057878856],[-73.613035108,-14.073662232],[-73.614441358,-14.077289107],[-73.609097608,-14.085654357],[-73.611072233,-14.089935607],[-73.603728608,-14.093411982],[-73.591775358,-14.109562481],[-73.586625108,-14.110341857],[-73.577283233,-14.147175732],[-73.572933608,-14.149113232],[-73.564665983,-14.168249981],[-73.557720733,-14.176175732],[-73.553132858,-14.192113232],[-73.545310608,-14.196005982],[-73.544058608,-14.208664107],[-73.528623108,-14.221115232],[-73.528843733,-14.227753857],[-73.523363233,-14.228330107],[-73.518742233,-14.242220732],[-73.519822233,-14.257939482],[-73.512249983,-14.268158232],[-73.517191358,-14.309361357],[-73.528009858,-14.322561982],[-73.535520108,-14.357800857],[-73.542175733,-14.365494107],[-73.546991483,-14.366543982],[-73.549023108,-14.374985357],[-73.553506358,-14.377507357],[-73.553856733,-14.401220482],[-73.559636233,-14.409907107],[-73.581825983,-14.416420482],[-73.573471733,-14.433059857],[-73.574732733,-14.443287732],[-73.570641358,-14.456570107],[-73.551404858,-14.465004482],[-73.554560608,-14.480695357],[-73.542015608,-14.484763732],[-73.535056608,-14.491544982],[-73.536684108,-14.498196732],[-73.533161983,-14.506294357],[-73.522836733,-14.513788732],[-73.520751608,-14.533547733],[-73.507011733,-14.544308607],[-73.510535108,-14.548831982],[-73.512283233,-14.565855482],[-73.527831983,-14.573998107],[-73.533589858,-14.584078232],[-73.511789358,-14.638140233],[-73.510060983,-14.650100733],[-73.514216733,-14.659358233],[-73.523081733,-14.673049357],[-73.540518733,-14.673350107],[-73.553225108,-14.680373482],[-73.562118983,-14.680119482],[-73.572103483,-14.688554732],[-73.571611358,-14.695165983],[-73.575492233,-14.695087857],[-73.571220733,-14.707183607],[-73.576498108,-14.711251982],[-73.576904358,-14.715509732],[-73.573173858,-14.720460982],[-73.568943358,-14.720124983],[-73.571777358,-14.727529358],[-73.562898483,-14.739339858],[-73.565777358,-14.772878858],[-73.563425733,-14.779392732],[-73.553519483,-14.789355482],[-73.549572233,-14.801433607],[-73.534220733,-14.798835982],[-73.528187483,-14.801703108],[-73.515890608,-14.816978483],[-73.513441358,-14.826189482],[-73.499355483,-14.828752107],[-73.485027358,-14.842570358],[-73.471055108,-14.838638732],[-73.465072233,-14.840203108],[-73.454280483,-14.820235233],[-73.453817483,-14.804909358],[-73.441276108,-14.793334732],[-73.439922483,-14.786953608],[-73.418231358,-14.772099357],[-73.409119108,-14.771206982],[-73.404548858,-14.765496233],[-73.398479233,-14.736075483],[-73.390403107,-14.716061608],[-73.380865358,-14.704064482],[-73.371647608,-14.698226732],[-73.370094233,-14.688158607],[-73.364368108,-14.681649233],[-73.358269483,-14.683388733],[-73.350806608,-14.704029358],[-73.328330108,-14.717361357],[-73.308570358,-14.716513732],[-73.296797733,-14.723752607],[-73.289726607,-14.732734358],[-73.284238608,-14.734101107],[-73.268166482,-14.719430607],[-73.263621107,-14.709789108],[-73.245083357,-14.712377608],[-73.228532108,-14.710010357],[-73.218274733,-14.701611607],[-73.211066358,-14.705843732],[-73.190411608,-14.705774733],[-73.178426108,-14.685681607],[-73.161623108,-14.681674232],[-73.153237358,-14.674345107],[-73.125301482,-14.681160232],[-73.121147357,-14.691578607],[-73.109856482,-14.692304857],[-73.106488983,-14.690654233],[-73.104640233,-14.682994857],[-73.110054732,-14.669921107],[-73.102725357,-14.665563232],[-73.098056982,-14.650765857],[-73.078426858,-14.656055232],[-73.063124983,-14.665804732],[-73.057627733,-14.661139357],[-73.043312608,-14.657244232],[-73.040196108,-14.651499107],[-73.042647983,-14.623083858],[-73.014666108,-14.630905857],[-73.009412232,-14.637388857],[-73.006704358,-14.650857607],[-72.997808483,-14.662773608],[-72.985045232,-14.660310107],[-72.981505982,-14.653189733],[-72.974557733,-14.651816857],[-72.955306608,-14.682683607],[-72.935725107,-14.695265733],[-72.917807732,-14.685262107],[-72.910356857,-14.697582482],[-72.890594857,-14.700670857],[-72.878548733,-14.708124358],[-72.866879233,-14.708312607],[-72.864752607,-14.725883483],[-72.854908482,-14.730334232],[-72.855397107,-14.740488608],[-72.851746357,-14.744262358],[-72.850206108,-14.757557233],[-72.846824607,-14.759823857],[-72.858703607,-14.763804482],[-72.872405982,-14.761472733],[-72.885345482,-14.772226357],[-72.909080482,-14.770069982],[-72.920577982,-14.757931857],[-72.929923983,-14.758166357],[-72.944015482,-14.766490982],[-72.954803608,-14.777462982],[-72.963066107,-14.793171858],[-72.969268858,-14.795148858],[-72.979316733,-14.806133232],[-72.992324858,-14.803740482],[-73.002784733,-14.814986232],[-73.003822357,-14.839584357],[-73.026466358,-14.883393233],[-73.025299107,-14.889247858],[-73.031852733,-14.897123357],[-73.025047357,-14.910759982],[-72.986656232,-14.956103358],[-72.982742358,-14.982355107],[-72.997650107,-14.991839357],[-73.005111732,-15.007749608],[-73.004852232,-15.043464607],[-73.008110108,-15.051730108],[-73.004241982,-15.064126983],[-73.015975983,-15.075985858],[-73.024528482,-15.091757733],[-73.019210858,-15.119814858],[-73.021837983,-15.131798858],[-73.026725607,-15.129758357],[-73.047561608,-15.134347858],[-73.046768232,-15.140701233],[-73.061912483,-15.145384733],[-73.066108732,-15.154405608],[-73.072456357,-15.155105733],[-73.074691733,-15.163361483],[-73.082870483,-15.163974733],[-73.089660607,-15.169843733],[-73.099410983,-15.180940608],[-73.100784358,-15.187635482],[-73.111671483,-15.186534858],[-73.112235982,-15.206482857],[-73.120582608,-15.230816858],[-73.135848983,-15.243744857],[-73.139549233,-15.255932858],[-73.149940483,-15.259839108],[-73.149536108,-15.273655858],[-73.152954107,-15.283064858],[-73.160041858,-15.286355983],[-73.172134358,-15.306076108],[-73.186378483,-15.305456983],[-73.206832858,-15.293938608],[-73.221565232,-15.297965108],[-73.245933483,-15.286091858],[-73.275299107,-15.288929983],[-73.284919733,-15.294937108],[-73.282592733,-15.312066108],[-73.277732858,-15.318183858],[-73.289825482,-15.334361108],[-73.289360108,-15.345177608],[-73.293800358,-15.359410233],[-73.290618858,-15.371318858],[-73.284210232,-15.377342233],[-73.280571108,-15.389025733],[-73.275932358,-15.393769233],[-73.287597608,-15.395889233],[-73.296302857,-15.392517108],[-73.312644983,-15.400051108],[-73.336280858,-15.405148483],[-73.347488358,-15.394449108],[-73.365966858,-15.387431108],[-73.391235358,-15.399143108],[-73.403312733,-15.391476608],[-73.416854983,-15.375821108],[-73.421119733,-15.380023983],[-73.430351233,-15.379127483],[-73.432189983,-15.373642983],[-73.427131608,-15.363207858],[-73.441673233,-15.355775858],[-73.478111233,-15.379620608],[-73.503448483,-15.383031858],[-73.529571483,-15.392054608],[-73.555931108,-15.408222233],[-73.594108608,-15.403695108],[-73.612861608,-15.419228608],[-73.623512234,-15.421111108],[-73.653037983,-15.416530608],[-73.667732233,-15.429122983],[-73.685829108,-15.437656358],[-73.694557233,-15.434776358],[-73.710395858,-15.417724733],[-73.726844733,-15.409983608],[-73.758865358,-15.385265358],[-73.769638108,-15.357040358],[-73.779319733,-15.346400358],[-73.776336609,-15.338743233],[-73.793060358,-15.339756983],[-73.805930983,-15.324446733],[-73.842048608,-15.327308608],[-73.865112358,-15.323971733],[-73.869209233,-15.331710858],[-73.884079108,-15.337456733],[-73.877860983,-15.345155733],[-73.874145483,-15.358586358],[-73.874725358,-15.370973608],[-73.870819109,-15.379905733],[-73.877075359,-15.389162983],[-73.869705234,-15.400246608],[-73.873557983,-15.410548233],[-73.868797358,-15.417262983],[-73.868270859,-15.426130233],[-73.872123733,-15.432975733],[-73.876556358,-15.439152858],[-73.888641358,-15.439101233],[-73.893897983,-15.449352233],[-73.912513733,-15.456251108],[-73.940299984,-15.483388858],[-73.949859609,-15.499013858],[-73.954688984,-15.511996233],[-73.952407859,-15.513881733],[-73.969215358,-15.532937984],[-73.981323234,-15.540305109],[-73.988227859,-15.540866858],[-73.995674108,-15.552880233],[-74.010276734,-15.559402483],[-74.009429984,-15.568044608],[-74.013275108,-15.571353859],[-74.019660983,-15.599853483],[-74.066604608,-15.630020108],[-74.084739733,-15.618906983],[-74.081542984,-15.613071483],[-74.084930359,-15.591535608],[-74.073951734,-15.563053108],[-74.076545734,-15.552215608],[-74.067283609,-15.539294233],[-74.079185484,-15.515720358],[-74.073440609,-15.501918733],[-74.061614983,-15.499895108],[-74.043418858,-15.491040358],[-74.038589484,-15.480372483],[-74.042411858,-15.463548608],[-74.037292484,-15.456077608],[-74.045532233,-15.443377483],[-74.053733859,-15.417725608],[-74.065429733,-15.402194983],[-74.072273233,-15.404052733],[-74.085525484,-15.391332608],[-74.094520609,-15.392003108],[-74.113075233,-15.404983483],[-74.115005483,-15.411566733],[-74.129562358,-15.413083983],[-74.138336234,-15.426009233],[-74.150474608,-15.427576108],[-74.153922984,-15.446191733],[-74.148437484,-15.449382733],[-74.166473359,-15.483957233],[-74.185020484,-15.485732108],[-74.193740859,-15.491660108],[-74.213966359,-15.485726358],[-74.232963608,-15.486171733],[-74.243032109,-15.480332483],[-74.256278984,-15.480646108],[-74.264604484,-15.474836233],[-74.278724609,-15.478726358],[-74.301208358,-15.478084608],[-74.311148234,-15.463907233],[-74.301966484,-15.452056733],[-74.308733609,-15.449324483],[-74.318264733,-15.439284983],[-74.325576733,-15.419557608],[-74.324237608,-15.414059233],[-74.328971483,-15.393821358],[-74.316231484,-15.366149233],[-74.308700608,-15.359717358],[-74.333648734,-15.353262858],[-74.345817609,-15.336347608],[-74.355316109,-15.339845608],[-74.359916734,-15.332700733],[-74.377853359,-15.331878607],[-74.388969483,-15.317246483],[-74.406860359,-15.310270358],[-74.415306109,-15.299266983],[-74.414848359,-15.295417733],[-74.398208609,-15.278050483],[-74.399696359,-15.265863357],[-74.387878359,-15.251779608],[-74.394573859,-15.226756607],[-74.400828109,-15.220859358],[-74.389648484,-15.205404233],[-74.401550233,-15.178522983],[-74.422988859,-15.167847608],[-74.442102859,-15.168660608],[-74.451421359,-15.175972733],[-74.465759234,-15.173476233],[-74.503600234,-15.160322483],[-74.513862609,-15.148321983],[-74.533340484,-15.146689358],[-74.552520734,-15.139941233],[-74.572456359,-15.140941483],[-74.584503234,-15.149031608],[-74.594665609,-15.146550233],[-74.604568484,-15.148839982],[-74.628745984,-15.124123608],[-74.652038609,-15.139133483],[-74.679008484,-15.132204108],[-74.689453109,-15.139066733],[-74.713706984,-15.138533483],[-74.720054609,-15.133335108],[-74.722313109,-15.124023483],[-74.730430734,-15.121656357],[-74.739139234,-15.123323483],[-74.752578734,-15.113404232],[-74.762298609,-15.098054858],[-74.757999984,-15.092835982],[-74.736470734,-15.084876858],[-74.729607484,-15.085396483],[-74.704531234,-15.071035107],[-74.697558609,-15.062783233],[-74.673439484,-15.056113233],[-74.665294984,-15.049836232],[-74.665693734,-14.997902358],[-74.65037111,-14.985296982],[-74.646303359,-14.977893483],[-74.659385234,-14.970336108],[-74.665535984,-14.955704482],[-74.673876234,-14.948297858],[-74.685328609,-14.930154482],[-74.684706234,-14.925641982],[-74.664073234,-14.908836858],[-74.662392734,-14.900123108],[-74.671896234,-14.879377357],[-74.681066234,-14.873083232],[-74.675821734,-14.862072483],[-74.680960859,-14.854278857],[-74.689816109,-14.848184108],[-74.69384036,-14.838155232],[-74.72079511,-14.836728483],[-74.729009734,-14.839990233],[-74.732509734,-14.846660107],[-74.730886735,-14.841451233],[-74.733404359,-14.837915982],[-74.732212859,-14.842365232],[-74.746244109,-14.843554732],[-74.750494109,-14.842498107],[-74.754580109,-14.835290983],[-74.751504234,-14.827554482],[-74.726861734,-14.823441983],[-74.714396859,-14.817800982],[-74.721747234,-14.812142733],[-74.747755484,-14.813104357],[-74.754107359,-14.798747983],[-74.764702109,-14.790456482],[-74.755763484,-14.783091983],[-74.756007109,-14.771130858],[-74.752692484,-14.764041357],[-74.738526609,-14.753734482],[-74.734340359,-14.729790732],[-74.715697109,-14.709776732],[-74.731848609,-14.714391357],[-74.750807359,-14.729389232],[-74.777380359,-14.729389232],[-74.802697235,-14.752152358],[-74.809994734,-14.748243982],[-74.815874734,-14.739638108],[-74.825298359,-14.736444982],[-74.831100484,-14.718298733],[-74.845742109,-14.707979482],[-74.837798234,-14.695791107],[-74.845931985,-14.689380482],[-74.848572859,-14.672183857],[-74.844714359,-14.664311357],[-74.828626984,-14.656220983],[-74.81375311,-14.634096857],[-74.796763234,-14.624295107],[-74.788166234,-14.615563232],[-74.81133911,-14.615238732],[-74.833890609,-14.610662107],[-74.852772484,-14.611809108],[-74.859029234,-14.608379607],[-74.876872359,-14.589933857],[-74.883964859,-14.576222607],[-74.875342984,-14.555267108],[-74.884248734,-14.545480982],[-74.902758235,-14.546673482],[-74.913392109,-14.565616357],[-74.92441336,-14.568414732],[-74.933217609,-14.576637732],[-74.946628359,-14.580835233],[-74.94755386,-14.588541607],[-74.958919735,-14.606451232],[-74.978018734,-14.602371607],[-74.996196985,-14.611899607],[-75.010033235,-14.606156232],[-75.016860234,-14.610299732],[-75.031764609,-14.610657108],[-75.05198736,-14.626717482],[-75.05595786,-14.626884857],[-75.062873234,-14.612068107],[-75.06199761,-14.589626232],[-75.065858234,-14.574483482],[-75.080089985,-14.569009983],[-75.078415234,-14.555919857],[-75.080822485,-14.551430233],[-75.06764261,-14.538439482],[-75.06732886,-14.527937357],[-75.082077735,-14.532307607],[-75.086675359,-14.530205858],[-75.091838985,-14.520567732],[-75.09074086,-14.495442732],[-75.098137735,-14.485097232],[-75.094893235,-14.478974357],[-75.068459359,-14.458357607],[-75.070190985,-14.449158482],[-75.05299411,-14.431150357],[-75.061155485,-14.426970233],[-75.069068359,-14.429150357],[-75.076932984,-14.426030232],[-75.088968609,-14.426408982],[-75.105841734,-14.434044232],[-75.121942609,-14.427275732],[-75.11913761,-14.421131107],[-75.139826109,-14.415908232],[-75.131538609,-14.404831607],[-75.13208436,-14.399724482],[-75.126431609,-14.388964857],[-75.120427985,-14.384325732],[-75.11672436,-14.374111732],[-75.10508686,-14.358777857],[-75.107911609,-14.347015857],[-75.099993109,-14.334142482],[-75.09392686,-14.312424482],[-75.086378859,-14.308951357],[-75.082211234,-14.297281982],[-75.071699484,-14.298624857],[-75.062021234,-14.294642482],[-75.055167859,-14.287187107],[-75.04970361,-14.286538732],[-75.032197859,-14.265679107],[-75.03456561,-14.257903607],[-75.03951211,-14.254167482],[-75.05511936,-14.255205107],[-75.066042985,-14.251610857],[-75.072432859,-14.245408857],[-75.073668109,-14.235612357],[-75.088163359,-14.230900357],[-75.090794859,-14.215177732],[-75.08105461,-14.196390357],[-75.076380109,-14.165905357],[-75.067411985,-14.151200482],[-75.064601735,-14.137984357],[-75.055019984,-14.127489982],[-75.054254109,-14.114785857],[-75.044089984,-14.101559982],[-75.036499984,-14.097929982],[-75.02949011,-14.080689982],[-75.029129984,-14.071949982],[-75.01450386,-14.069152357],[-74.989013735,-14.074982357],[-74.975113234,-14.074285106],[-74.957955109,-14.086136732],[-74.948921859,-14.087273482],[-74.943603484,-14.094921856],[-74.933501984,-14.091880856],[-74.924201234,-14.099474607],[-74.907890609,-14.092154231],[-74.896201234,-14.103904232],[-74.878113234,-14.076253857],[-74.869386735,-14.074052731],[-74.860794859,-14.067193357],[-74.85274411,-14.076205106],[-74.841765609,-14.071304732],[-74.825187484,-14.092279231],[-74.810066359,-14.086988232],[-74.792060609,-14.089351606],[-74.787574234,-14.086208981],[-74.771544859,-14.090318357],[-74.758712859,-14.078595732],[-74.765685609,-14.071830107],[-74.767449234,-14.044851607],[-74.773994109,-14.044658232],[-74.783570484,-14.019214857],[-74.778590984,-13.998345982],[-74.785330734,-13.990267981],[-74.780372359,-13.982501357],[-74.769490484,-13.983686106],[-74.767954734,-13.978552357],[-74.775008234,-13.962245856],[-74.776434359,-13.948533607],[-74.785923109,-13.928788357],[-74.777007859,-13.897503856],[-74.783439485,-13.894263607],[-74.785155234,-13.888310232],[-74.782851609,-13.879150481],[-74.767386734,-13.866587856],[-74.762275359,-13.851402356],[-74.760363734,-13.831487231],[-74.768822234,-13.810710981],[-74.776123109,-13.801792981],[-74.778923859,-13.784605482],[-74.767205109,-13.785130857],[-74.762314484,-13.781904356],[-74.766792984,-13.772488231],[-74.759540984,-13.757715981],[-74.761186485,-13.748830606],[-74.753890609,-13.736976606],[-74.763435234,-13.723271231],[-74.772485234,-13.718773607],[-74.775391234,-13.710538481],[-74.772485234,-13.691513981],[-74.773970734,-13.671626981],[-74.781151359,-13.648183731],[-74.774849609,-13.638751981],[-74.778212859,-13.627408231],[-74.772046484,-13.615329482],[-74.771388234,-13.606498856],[-74.779908234,-13.582162106],[-74.799569984,-13.547469981],[-74.814319984,-13.535889981],[-74.821559984,-13.537009982],[-74.831859985,-13.532189981],[-74.832709984,-13.527179981],[-74.840069984,-13.521039981],[-74.839180109,-13.512719981],[-74.845219984,-13.508339856],[-74.847579985,-13.499309981],[-74.854599859,-13.495109981],[-74.862179985,-13.481789981],[-74.871849984,-13.475629981],[-74.883279984,-13.475099981],[-74.889259985,-13.469959981],[-74.902099984,-13.466439981],[-74.903009985,-13.458699981],[-74.899799985,-13.450750106],[-74.904019984,-13.430469981],[-74.892659985,-13.414459982],[-74.897019984,-13.393859981],[-74.869189985,-13.360099981],[-74.848549984,-13.353359856],[-74.808879984,-13.357419981],[-74.786659984,-13.348159856],[-74.770087859,-13.346328106],[-74.763863234,-13.341392606],[-74.764199234,-13.330138606],[-74.759622234,-13.325071106],[-74.752257484,-13.328244606],[-74.745192234,-13.338124106],[-74.739029234,-13.339572231],[-74.736749734,-13.344351106],[-74.738545984,-13.352853481],[-74.734354609,-13.357403981],[-74.728307234,-13.362194106],[-74.718279984,-13.363789981],[-74.699459985,-13.363509981],[-74.688219984,-13.352979981],[-74.679300859,-13.350778981],[-74.661609984,-13.355209981],[-74.655770109,-13.350609981],[-74.646949984,-13.351419981],[-74.633209984,-13.345099981],[-74.650206959,-13.333524231],[-74.658040224,-13.333869156],[-74.666012295,-13.32847282],[-74.665632834,-13.32014656],[-74.670974208,-13.316494481],[-74.677248993,-13.292743931],[-74.689409087,-13.286463962],[-74.663498083,-13.271484356],[-74.653505708,-13.270576106],[-74.644654208,-13.274136731],[-74.622191333,-13.243982481],[-74.608211397,-13.230292087],[-74.600688709,-13.227385481],[-74.601644583,-13.221824356],[-74.595634708,-13.212845731],[-74.585953083,-13.210759731],[-74.584808583,-13.203089856],[-74.579421834,-13.201343731],[-74.580101583,-13.193007856],[-74.572326958,-13.184734481],[-74.557795958,-13.185558481],[-74.542212833,-13.20050198],[-74.537949333,-13.196336106],[-74.530716708,-13.195517606],[-74.525611333,-13.189593731],[-74.517058708,-13.196691856],[-74.494171833,-13.186595731],[-74.481986333,-13.192521481],[-74.467949208,-13.187718731],[-74.458438833,-13.190038106],[-74.449279208,-13.178634731],[-74.420425708,-13.159539106],[-74.409242208,-13.160552856],[-74.396009958,-13.168829981],[-74.398470013,-13.16085002],[-74.389050012,-13.152300019],[-74.388720038,-13.12966002],[-74.410870039,-13.119700019],[-74.411140038,-13.111970019],[-74.408440039,-13.109610019],[-74.411510038,-13.106000019],[-74.411269984,-13.079389981],[-74.400879984,-13.05440998],[-74.389609984,-13.042339981],[-74.386229984,-13.029309981],[-74.379909984,-13.02448998],[-74.367119984,-13.021199981],[-74.357839984,-13.025799981],[-74.345876359,-13.025844606],[-74.337023359,-13.032404106],[-74.331330109,-13.043205106],[-74.311446109,-13.058868981],[-74.289159984,-13.065629981],[-74.281549734,-13.073794605],[-74.27348243,-13.070979238],[-74.270040038,-13.065950019],[-74.275260039,-13.044870019],[-74.271160038,-13.038290019],[-74.272650038,-13.016060019],[-74.279048275,-13.002727297],[-74.290229984,-12.991289981],[-74.297489734,-12.967938981],[-74.299419984,-12.95188998],[-74.295446484,-12.93688173],[-74.304489984,-12.92937998],[-74.326046234,-12.92986448],[-74.330059984,-12.91541998],[-74.320267358,-12.896375981],[-74.319199984,-12.886519981],[-74.332489983,-12.85799998],[-74.329629983,-12.836149981],[-74.323619984,-12.832509981],[-74.313325859,-12.834941231],[-74.306987234,-12.827481355],[-74.294898484,-12.830152355],[-74.292399984,-12.824759981],[-74.298414108,-12.805744981],[-74.295729859,-12.79894998],[-74.286219984,-12.801349856],[-74.284969983,-12.788309981],[-74.288119984,-12.78078998],[-74.286109984,-12.774619856],[-74.293289984,-12.766959981],[-74.288609984,-12.759859981],[-74.294089984,-12.75117998],[-74.313529984,-12.73709998],[-74.324609984,-12.744659981],[-74.328369984,-12.74423998],[-74.332559983,-12.74102998],[-74.331569984,-12.73701998],[-74.340359984,-12.732829981],[-74.340609983,-12.72669998],[-74.349369984,-12.71713998],[-74.340839984,-12.69015998],[-74.333099983,-12.688629981],[-74.327169984,-12.680199981],[-74.331779984,-12.645019981],[-74.340049984,-12.63597998],[-74.342229859,-12.62533998],[-74.336389984,-12.61553998],[-74.330309984,-12.616129981],[-74.324679984,-12.61206998],[-74.324229983,-12.60385998],[-74.330669983,-12.605359981],[-74.363289984,-12.594269981],[-74.368110109,-12.58702998],[-74.366319984,-12.57582998],[-74.382839983,-12.571299981],[-74.386859984,-12.566809981],[-74.383779984,-12.55882998],[-74.384269984,-12.544849981],[-74.400009983,-12.52455998],[-74.397169984,-12.51762998],[-74.398699983,-12.502689981],[-74.404399984,-12.496039981],[-74.412159984,-12.497179981],[-74.415189984,-12.491749981],[-74.411799984,-12.48087998],[-74.403549984,-12.47515998],[-74.401579984,-12.46747998],[-74.409249984,-12.45191998],[-74.422449983,-12.44520998],[-74.443959984,-12.448469981],[-74.453929983,-12.44390998],[-74.506999984,-12.44823998],[-74.522049984,-12.43612998],[-74.516949984,-12.428949981],[-74.520599984,-12.40964998],[-74.529889984,-12.41218998],[-74.534899984,-12.409999981],[-74.539229984,-12.39285998],[-74.548179984,-12.38401998],[-74.549429984,-12.37384998],[-74.564619984,-12.36090998],[-74.571639984,-12.37198998],[-74.575989984,-12.37316998],[-74.575637734,-12.345980605],[-74.581122859,-12.33331898],[-74.580662734,-12.32365548],[-74.574784609,-12.31957398],[-74.572225234,-12.30978323],[-74.555446859,-12.288089105],[-74.535048859,-12.295003855],[-74.523840109,-12.304258105],[-74.519263734,-12.304277355],[-74.513927484,-12.31222073],[-74.507102359,-12.31246448],[-74.502836609,-12.30267373],[-74.495955749,-12.298588876],[-74.497706171,-12.293854431],[-74.494828937,-12.284782926],[-74.485087552,-12.277596157],[-74.479886614,-12.278468126],[-74.474699771,-12.272305395],[-74.461405767,-12.273122959],[-74.453051436,-12.269732956],[-74.440072666,-12.273607306],[-74.435439206,-12.284877759],[-74.422557467,-12.292968229],[-74.416289859,-12.30476998],[-74.406419984,-12.29016998],[-74.384779984,-12.27152998],[-74.392379984,-12.26100998],[-74.393679984,-12.25246998],[-74.376069983,-12.22918998],[-74.377149984,-12.21458998],[-74.388859984,-12.19266998],[-74.387369984,-12.18797998],[-74.380699984,-12.18571998],[-74.382099984,-12.17860998],[-74.378849984,-12.17600998],[-74.369039984,-12.17778998],[-74.349299984,-12.16787998],[-74.345569983,-12.17163998],[-74.348428484,-12.175033105]]]]},"properties":{"name":"Ayacucho","mapcolor":5,"cartodb_id":5}},{"type":"Feature","geometry":{"type":"MultiPolygon","coordinates":[[[[-78.700343238,-4.627692973],[-78.692248988,-4.639965223],[-78.686765613,-4.643294348],[-78.680522613,-4.642275598],[-78.678409988,-4.647341598],[-78.665028113,-4.655827723],[-78.651722613,-4.646183598],[-78.637872487,-4.656415223],[-78.643631613,-4.682156973],[-78.635783613,-4.685378973],[-78.631710238,-4.698434598],[-78.639999988,-4.705228473],[-78.645026863,-4.734833473],[-78.640396488,-4.739851598],[-78.628268612,-4.739678973],[-78.631131863,-4.757312598],[-78.620698738,-4.767931973],[-78.641937488,-4.802351598],[-78.635882613,-4.830297223],[-78.631876988,-4.836445223],[-78.637372988,-4.851163223],[-78.643800488,-4.858149598],[-78.645756738,-4.881763598],[-78.640726488,-4.891824098],[-78.645104613,-4.907473598],[-78.661433238,-4.938534474],[-78.662981863,-4.949093598],[-78.672555488,-4.957822473],[-78.678327738,-4.968381598],[-78.666219987,-4.979503849],[-78.660166112,-4.977110474],[-78.651434363,-4.978569098],[-78.652844863,-4.988215348],[-78.643054238,-5.006055848],[-78.640528237,-5.034244473],[-78.647456988,-5.039331223],[-78.657714113,-5.067422973],[-78.680618488,-5.072479973],[-78.683410988,-5.087025723],[-78.694673112,-5.092119849],[-78.696821237,-5.101019098],[-78.700624238,-5.104082724],[-78.705831613,-5.149594599],[-78.710894988,-5.156772223],[-78.709113238,-5.179628848],[-78.705477988,-5.180682723],[-78.702338238,-5.198486099],[-78.702988238,-5.207726599],[-78.693552738,-5.232746099],[-78.684086238,-5.239026723],[-78.688431613,-5.254953099],[-78.684244113,-5.267490223],[-78.670385113,-5.267047973],[-78.654425863,-5.274300724],[-78.641570488,-5.303751973],[-78.605240237,-5.309441349],[-78.578649487,-5.335861598],[-78.563978863,-5.344624224],[-78.551628863,-5.360009724],[-78.539871612,-5.365686474],[-78.539046863,-5.372157349],[-78.528706112,-5.382180848],[-78.518580113,-5.398476599],[-78.522770612,-5.416873849],[-78.513757112,-5.426090349],[-78.511280363,-5.443427349],[-78.513960112,-5.453374723],[-78.543436987,-5.471767348],[-78.547599613,-5.477519474],[-78.543077113,-5.481767099],[-78.558249987,-5.496361349],[-78.552098863,-5.508629349],[-78.550234613,-5.533094724],[-78.554032362,-5.537723224],[-78.564080612,-5.538277099],[-78.569828113,-5.545378349],[-78.582990488,-5.550738599],[-78.584201112,-5.563649099],[-78.594189113,-5.570713724],[-78.599995113,-5.590243224],[-78.608121112,-5.596149974],[-78.605437613,-5.609708474],[-78.619565237,-5.622724474],[-78.624770988,-5.639364724],[-78.639033238,-5.645114849],[-78.648314863,-5.660191974],[-78.651081863,-5.675630099],[-78.679209113,-5.690732474],[-78.686330238,-5.698887974],[-78.683797863,-5.707054099],[-78.666431988,-5.717390849],[-78.654182863,-5.718734599],[-78.652249612,-5.723822974],[-78.655009863,-5.736513974],[-78.682457238,-5.743068099],[-78.689948238,-5.747832849],[-78.692891988,-5.773072849],[-78.704316488,-5.794555224],[-78.712120738,-5.829907099],[-78.702311488,-5.835437099],[-78.699147988,-5.840760849],[-78.698372738,-5.860865974],[-78.691136988,-5.874303724],[-78.695933613,-5.888527349],[-78.687658238,-5.896908224],[-78.684027237,-5.909940849],[-78.673150363,-5.916445349],[-78.660988238,-5.944646474],[-78.660320363,-5.955558599],[-78.641517488,-5.969847599],[-78.636404238,-5.988263724],[-78.628185488,-5.990613224],[-78.624879488,-6.00735835],[-78.613041863,-6.01652035],[-78.610548863,-6.053394474],[-78.603859363,-6.059230474],[-78.601903488,-6.065527224],[-78.589442737,-6.076535849],[-78.582351613,-6.078621849],[-78.564296988,-6.076769475],[-78.556813488,-6.070969724],[-78.540536613,-6.073214849],[-78.517506862,-6.071517349],[-78.511035862,-6.077338099],[-78.509064237,-6.085308349],[-78.498882612,-6.088653224],[-78.498443862,-6.10250085],[-78.482645863,-6.109029475],[-78.477282738,-6.114830349],[-78.479011738,-6.126210974],[-78.475842237,-6.132626224],[-78.466654612,-6.134718725],[-78.464713612,-6.143923225],[-78.438164237,-6.16569285],[-78.437022738,-6.173629849],[-78.417789487,-6.190516349],[-78.419210988,-6.204909974],[-78.415417237,-6.212606474],[-78.404001112,-6.21737035],[-78.399933737,-6.228421599],[-78.380255863,-6.230738224],[-78.370089113,-6.239083975],[-78.372231738,-6.253929849],[-78.369343487,-6.273293224],[-78.365124987,-6.280772849],[-78.358961863,-6.282298724],[-78.358124113,-6.293697599],[-78.347742363,-6.29854435],[-78.335386113,-6.318679474],[-78.332642613,-6.352304724],[-78.309622987,-6.36389835],[-78.303248612,-6.37411185],[-78.291260237,-6.37251835],[-78.277931863,-6.388961475],[-78.280068862,-6.395806849],[-78.277511737,-6.398929724],[-78.272245488,-6.39855935],[-78.271883362,-6.392728225],[-78.268287112,-6.391109349],[-78.252410112,-6.395542975],[-78.250007362,-6.399682224],[-78.243451737,-6.401710475],[-78.241206238,-6.41047535],[-78.221322238,-6.430612725],[-78.218062612,-6.446947475],[-78.210673987,-6.448323599],[-78.209985863,-6.458030225],[-78.204553112,-6.458718349],[-78.201981612,-6.454879224],[-78.197635363,-6.459551349],[-78.190029488,-6.457016099],[-78.187134737,-6.469351599],[-78.176725238,-6.474639849],[-78.173839862,-6.493705475],[-78.164365362,-6.49080085],[-78.153303862,-6.49866735],[-78.151166987,-6.51159735],[-78.145770488,-6.512575225],[-78.144430363,-6.519529225],[-78.136027738,-6.526301975],[-78.134578987,-6.534704724],[-78.138526737,-6.537384974],[-78.137585738,-6.548901849],[-78.132216987,-6.5518986],[-78.137558487,-6.5627291],[-78.117052612,-6.577369349],[-78.121565362,-6.594503475],[-78.104725112,-6.6238236],[-78.103822988,-6.635601724],[-78.107599112,-6.642332225],[-78.098235987,-6.6495146],[-78.094845112,-6.6571211],[-78.080003987,-6.655737349],[-78.075613112,-6.660186225],[-78.078299112,-6.668735225],[-78.065285112,-6.676513725],[-78.057322987,-6.676702725],[-78.047345112,-6.6894201],[-78.045031237,-6.711389725],[-78.039783362,-6.71570735],[-78.039377737,-6.73197585],[-78.034249112,-6.74039635],[-78.038146487,-6.74575785],[-78.029597613,-6.758978725],[-78.031672863,-6.762461475],[-78.029788487,-6.767900225],[-78.022632237,-6.768878225],[-78.026591987,-6.7746986],[-78.021773487,-6.777990475],[-78.023991862,-6.783882475],[-78.020843112,-6.79306635],[-78.023824862,-6.797097725],[-78.017551238,-6.808165975],[-78.021010112,-6.81825635],[-78.014063862,-6.822303225],[-78.015714487,-6.8323541],[-78.031219737,-6.847048225],[-78.027164487,-6.85112735],[-78.011039112,-6.85406135],[-78.001449737,-6.865782725],[-78.007138988,-6.877232725],[-78.001406987,-6.881559225],[-78.006054362,-6.8907841],[-78.000882863,-6.896759225],[-78.000673112,-6.912483475],[-78.014143362,-6.931602726],[-78.011833987,-6.9366216],[-78.000845612,-6.94024485],[-77.997739612,-6.952039725],[-78.001749863,-6.969338975],[-77.993926363,-6.9694691],[-77.988491112,-6.975324351],[-77.993620988,-6.9778956],[-77.995987238,-6.984292725],[-78.000746363,-6.98328135],[-78.000396487,-6.989135225],[-77.984891987,-7.001248725],[-77.988280862,-7.00621585],[-77.987195112,-7.012597851],[-77.979573987,-7.014888975],[-77.978237488,-7.0245741],[-77.971122237,-7.02588735],[-77.965261487,-7.03829485],[-77.965921112,-7.050773975],[-77.958312863,-7.05389735],[-77.948365362,-7.066804725],[-77.949287112,-7.078424725],[-77.940877738,-7.087502225],[-77.939392862,-7.0969861],[-77.929740237,-7.105546725],[-77.925612487,-7.1545731],[-77.904708987,-7.166326225],[-77.897868987,-7.166807225],[-77.897780112,-7.182487101],[-77.888232487,-7.184386725],[-77.886454237,-7.19082235],[-77.881068612,-7.194615975],[-77.883304112,-7.199442726],[-77.882009737,-7.220549601],[-77.870016737,-7.228645226],[-77.864102862,-7.226372475],[-77.849239612,-7.235571475],[-77.856400987,-7.244259725],[-77.859427737,-7.254023475],[-77.859439862,-7.26601285],[-77.854407237,-7.272065976],[-77.856810862,-7.282620975],[-77.853489237,-7.2863526],[-77.841488987,-7.2887696],[-77.837639112,-7.300256475],[-77.832827862,-7.304550975],[-77.831017487,-7.3113776],[-77.834057362,-7.32445535],[-77.836908487,-7.326041351],[-77.838371737,-7.34111935],[-77.828925362,-7.344413351],[-77.820797737,-7.368649351],[-77.824995737,-7.37866385],[-77.813444987,-7.39253985],[-77.797738862,-7.403701476],[-77.781491112,-7.41019035],[-77.776908237,-7.417247975],[-77.771630737,-7.4188141],[-77.772408487,-7.427509226],[-77.768012487,-7.44014735],[-77.755421362,-7.441045976],[-77.741371612,-7.466694725],[-77.747324237,-7.480345726],[-77.764872987,-7.479449226],[-77.791195362,-7.500001976],[-77.842650362,-7.5136856],[-77.856855487,-7.523531226],[-77.862632862,-7.5344981],[-77.861798862,-7.552257726],[-77.865822237,-7.561148475],[-77.867941362,-7.58302535],[-77.922415987,-7.599736351],[-77.913137862,-7.625865851],[-77.920044987,-7.628582226],[-77.926688612,-7.6373676],[-77.940503237,-7.64062735],[-77.939421612,-7.6479821],[-77.931952487,-7.6524931],[-77.936584237,-7.657477226],[-77.948348862,-7.659731475],[-77.960138987,-7.655261226],[-77.960936737,-7.662713476],[-77.964707988,-7.666193726],[-77.962802237,-7.674313601],[-77.966728487,-7.675148476],[-77.973846237,-7.66703685],[-77.998642237,-7.679073975],[-78.027587862,-7.682593726],[-78.049568363,-7.678562476],[-78.063212862,-7.688806601],[-78.081221112,-7.696168851],[-78.093328237,-7.675342101],[-78.116053362,-7.654007351],[-78.128384237,-7.653224225],[-78.131844737,-7.65988335],[-78.142303863,-7.664832476],[-78.141003862,-7.682720851],[-78.149114362,-7.691651226],[-78.158862738,-7.693350725],[-78.171345112,-7.713393851],[-78.178338738,-7.711858601],[-78.190287737,-7.717504476],[-78.191609487,-7.72615285],[-78.198087363,-7.729085851],[-78.219350737,-7.724458101],[-78.219481737,-7.729173601],[-78.211262987,-7.742506601],[-78.216476613,-7.747287101],[-78.212786113,-7.756863726],[-78.218138738,-7.758253601],[-78.221820363,-7.763460975],[-78.229132862,-7.757478476],[-78.243631988,-7.754295601],[-78.246577862,-7.756742351],[-78.251661738,-7.754152976],[-78.268066488,-7.754639226],[-78.281156112,-7.747277601],[-78.282089862,-7.726400351],[-78.276206988,-7.719557975],[-78.283448613,-7.7160161],[-78.288650613,-7.707035476],[-78.296190987,-7.706568976],[-78.302802738,-7.696462726],[-78.312351363,-7.702871476],[-78.320915987,-7.697394851],[-78.330138863,-7.699628226],[-78.335647363,-7.690535601],[-78.347964987,-7.685716476],[-78.352179737,-7.672956976],[-78.356620363,-7.6738101],[-78.359462737,-7.668005351],[-78.356439738,-7.662309476],[-78.360558487,-7.653840601],[-78.360236237,-7.644890101],[-78.371863238,-7.6446016],[-78.382819238,-7.630107101],[-78.376892238,-7.624650725],[-78.378165988,-7.594035101],[-78.366150613,-7.590236226],[-78.356792237,-7.574006101],[-78.358877737,-7.554533976],[-78.364114238,-7.543766475],[-78.359920488,-7.535220475],[-78.360827238,-7.529961351],[-78.353625488,-7.522628101],[-78.354151487,-7.515990851],[-78.350324987,-7.515192975],[-78.349001987,-7.511246101],[-78.339045238,-7.507866476],[-78.325749988,-7.509904351],[-78.322221112,-7.503325601],[-78.330651363,-7.496333976],[-78.344195363,-7.494087851],[-78.359984363,-7.500394476],[-78.368169863,-7.500316351],[-78.384517613,-7.492035101],[-78.392902487,-7.492021601],[-78.403084487,-7.483492601],[-78.415632863,-7.48507035],[-78.417492238,-7.489417976],[-78.427533238,-7.492423851],[-78.451566363,-7.512583976],[-78.465337863,-7.534640601],[-78.474646488,-7.538959226],[-78.491392612,-7.554873101],[-78.512663613,-7.556458226],[-78.524333988,-7.549745976],[-78.561902363,-7.552605601],[-78.581261738,-7.546992351],[-78.590101613,-7.550187475],[-78.594730488,-7.546759725],[-78.603693363,-7.549140601],[-78.620712863,-7.5454551],[-78.624572238,-7.548558601],[-78.650242362,-7.527798601],[-78.636199363,-7.504302476],[-78.631349738,-7.491805851],[-78.632075487,-7.484295975],[-78.627317237,-7.47885735],[-78.627794737,-7.452641851],[-78.639108988,-7.432537101],[-78.654935237,-7.42603285],[-78.662466612,-7.41299785],[-78.661439613,-7.406493476],[-78.663993737,-7.403621351],[-78.670753988,-7.410689476],[-78.688638612,-7.414081975],[-78.699066363,-7.414587851],[-78.713326237,-7.409636725],[-78.733724612,-7.420677726],[-78.739220612,-7.419233351],[-78.745265863,-7.4070026],[-78.760124988,-7.401984351],[-78.762345737,-7.408656226],[-78.772081987,-7.411814476],[-78.781287488,-7.423668725],[-78.785916238,-7.41174485],[-78.783904987,-7.402599976],[-78.789914112,-7.395154351],[-78.801408113,-7.403512101],[-78.803689612,-7.41937785],[-78.841619363,-7.437617351],[-78.847756488,-7.452768851],[-78.876578863,-7.470335726],[-78.886685113,-7.4841016],[-78.861058363,-7.497857226],[-78.857490863,-7.512429851],[-78.851087988,-7.522117225],[-78.860037488,-7.527281851],[-78.861496988,-7.531857851],[-78.873926112,-7.531195976],[-78.895908363,-7.53743735],[-78.912773987,-7.551086601],[-78.914642612,-7.559988226],[-78.935158238,-7.5818516],[-78.936494113,-7.594904351],[-78.944343738,-7.598417976],[-78.942187488,-7.627201226],[-78.959922896,-7.658744895],[-78.992148738,-7.660949351],[-79.018598613,-7.629061976],[-79.026416738,-7.62545135],[-79.034502488,-7.603556601],[-79.041232488,-7.599887476],[-79.043715113,-7.588042726],[-79.039547488,-7.57906935],[-79.038604238,-7.562062475],[-79.059847238,-7.546675476],[-79.061462363,-7.5387991],[-79.057005613,-7.527702101],[-79.065827886,-7.520982752],[-79.065370988,-7.512960351],[-79.071551863,-7.505345726],[-79.069107738,-7.47962285],[-79.065361658,-7.472703074],[-79.122761739,-7.441644476],[-79.154492239,-7.439134851],[-79.161769613,-7.418381226],[-79.187790113,-7.396876476],[-79.186498488,-7.377347226],[-79.191828488,-7.376918976],[-79.194442738,-7.373373725],[-79.232480238,-7.390682725],[-79.260874614,-7.3789951],[-79.264526989,-7.371778475],[-79.279235239,-7.359532975],[-79.282902113,-7.348743475],[-79.293118614,-7.347260725],[-79.315797613,-7.359554101],[-79.322519988,-7.35452535],[-79.332504738,-7.354349225],[-79.347130988,-7.3366366],[-79.365596989,-7.3324136],[-79.369275363,-7.324124976],[-79.357722613,-7.324828101],[-79.327525489,-7.308937476],[-79.306853488,-7.28371485],[-79.282626988,-7.2750606],[-79.276699238,-7.278826225],[-79.269154988,-7.278338851],[-79.271385114,-7.258774101],[-79.279321988,-7.247702475],[-79.269025364,-7.228054726],[-79.275552988,-7.21553935],[-79.270259864,-7.214450601],[-79.263717488,-7.209211225],[-79.262066988,-7.20345485],[-79.251803738,-7.1983486],[-79.266360613,-7.193523726],[-79.269668239,-7.185458851],[-79.274548988,-7.182782976],[-79.280937363,-7.1697236],[-79.278770238,-7.16325985],[-79.280956364,-7.157078975],[-79.305301238,-7.147146225],[-79.306043613,-7.141663975],[-79.296191364,-7.129617226],[-79.313704488,-7.1206631],[-79.311481738,-7.112714476],[-79.312916238,-7.090386226],[-79.317598738,-7.084760475],[-79.326145863,-7.0829926],[-79.330488364,-7.07597335],[-79.327478489,-7.0714786],[-79.331618613,-7.05735385],[-79.323022738,-7.02648035],[-79.319340489,-7.019670225],[-79.309771363,-7.016151976],[-79.307239364,-7.007403726],[-79.297789989,-7.003923725],[-79.296652238,-7.000738225],[-79.302327363,-6.99377835],[-79.301028988,-6.987768726],[-79.307292989,-6.9686156],[-79.303317739,-6.9624186],[-79.304883738,-6.952982475],[-79.299229989,-6.94072235],[-79.310141488,-6.925395975],[-79.311008863,-6.901341725],[-79.301725864,-6.89448435],[-79.295641614,-6.88350235],[-79.273075988,-6.87665385],[-79.271040488,-6.8664746],[-79.262740364,-6.859156225],[-79.252370739,-6.8620391],[-79.245984364,-6.8586796],[-79.229517238,-6.8605441],[-79.224793613,-6.8583761],[-79.219456989,-6.852518725],[-79.218443613,-6.840252475],[-79.207087863,-6.821439475],[-79.188498363,-6.81521385],[-79.176337739,-6.802049725],[-79.158756614,-6.800929475],[-79.144275113,-6.7886116],[-79.126738238,-6.7846131],[-79.120847738,-6.776969975],[-79.128893363,-6.7596826],[-79.128736363,-6.752482475],[-79.138747363,-6.739241725],[-79.135470863,-6.72700285],[-79.142912114,-6.719106225],[-79.142726613,-6.69989535],[-79.156023363,-6.704761975],[-79.171046863,-6.7017031],[-79.176013738,-6.7104156],[-79.188427738,-6.716540975],[-79.196447114,-6.695170475],[-79.201929114,-6.691858224],[-79.212672113,-6.6956071],[-79.218449238,-6.69267935],[-79.229060363,-6.671405975],[-79.271872239,-6.6802656],[-79.295589988,-6.676136225],[-79.304023363,-6.65160535],[-79.321926613,-6.6468676],[-79.325888614,-6.6404961],[-79.344751988,-6.64646485],[-79.354570113,-6.6370781],[-79.362496363,-6.634765225],[-79.359701738,-6.628862725],[-79.350353989,-6.623538349],[-79.349887613,-6.61502835],[-79.344164113,-6.605960975],[-79.335736113,-6.602429475],[-79.346734363,-6.5831641],[-79.345025363,-6.580546849],[-79.347926738,-6.573687724],[-79.360664114,-6.568835975],[-79.358081988,-6.563751975],[-79.367094738,-6.549136725],[-79.365990488,-6.5357461],[-79.369613364,-6.520802849],[-79.379440738,-6.522719475],[-79.387950239,-6.531416725],[-79.398189239,-6.533036225],[-79.404426488,-6.541321225],[-79.421943739,-6.533363475],[-79.417135988,-6.50532135],[-79.424767863,-6.488672725],[-79.433889488,-6.481160224],[-79.422695489,-6.467488849],[-79.422888238,-6.451881975],[-79.436276738,-6.421358475],[-79.446307613,-6.415039225],[-79.453155864,-6.3990856],[-79.446990239,-6.3859336],[-79.446671863,-6.376717724],[-79.458451114,-6.37209185],[-79.442890614,-6.35967185],[-79.445434863,-6.355078599],[-79.426563989,-6.328897475],[-79.428029113,-6.318954975],[-79.422657738,-6.310430099],[-79.416090363,-6.308597974],[-79.405620738,-6.312071974],[-79.386180613,-6.29812835],[-79.352772988,-6.303981725],[-79.344662988,-6.2877386],[-79.344821489,-6.281345224],[-79.329034863,-6.266270224],[-79.319951238,-6.262986599],[-79.312343739,-6.265271474],[-79.308440613,-6.270053599],[-79.300487488,-6.267469725],[-79.284738238,-6.254496099],[-79.276995989,-6.241553599],[-79.276050238,-6.232880474],[-79.279048364,-6.229257724],[-79.270160988,-6.225313849],[-79.253118113,-6.226919975],[-79.249102863,-6.224439349],[-79.254639988,-6.2155081],[-79.265725489,-6.179299475],[-79.273952988,-6.16486585],[-79.273383613,-6.147727724],[-79.260202613,-6.142091099],[-79.256245613,-6.127499599],[-79.243281238,-6.105792974],[-79.235150238,-6.101864724],[-79.235093364,-6.093722725],[-79.227121988,-6.091559099],[-79.212093489,-6.0993181],[-79.201334364,-6.100412349],[-79.181916738,-6.089338724],[-79.182850613,-6.068216974],[-79.188935613,-6.058923975],[-79.175441363,-6.041955099],[-79.176749738,-6.036847099],[-79.190003988,-6.024765599],[-79.203960988,-6.024056599],[-79.210294863,-6.042126974],[-79.216656238,-6.047146474],[-79.216443363,-6.051576224],[-79.224938613,-6.054705849],[-79.236871114,-6.043142849],[-79.237394238,-6.032946474],[-79.240874239,-6.028633724],[-79.261896863,-6.0281766],[-79.266012488,-6.025022724],[-79.263300738,-6.003262724],[-79.300404614,-5.985154349],[-79.316221738,-5.991576974],[-79.322141113,-5.999126099],[-79.320555613,-6.020812349],[-79.311087614,-6.034648725],[-79.317009738,-6.042896474],[-79.333892614,-6.017091725],[-79.345398489,-6.005841849],[-79.349017614,-5.979687849],[-79.364711864,-5.976387474],[-79.395917864,-5.977193099],[-79.403218738,-5.984976599],[-79.409181239,-6.000115224],[-79.417211114,-6.005238224],[-79.418016113,-6.002987099],[-79.415988113,-5.9907911],[-79.420509988,-5.972099975],[-79.398359363,-5.949929724],[-79.361890613,-5.932759724],[-79.359581988,-5.919539099],[-79.333570363,-5.894150349],[-79.340222613,-5.890939474],[-79.338988238,-5.880859349],[-79.352789113,-5.872630849],[-79.351480488,-5.864220724],[-79.354349613,-5.859289099],[-79.350316363,-5.855107474],[-79.355640613,-5.851349474],[-79.358189488,-5.842619099],[-79.362210988,-5.842269474],[-79.369769488,-5.833880849],[-79.377560488,-5.812179724],[-79.375142613,-5.809837849],[-79.376470738,-5.799099599],[-79.389820363,-5.791089849],[-79.392769488,-5.778990224],[-79.398523488,-5.770925724],[-79.400839863,-5.752460974],[-79.396810488,-5.722599599],[-79.398289113,-5.700509724],[-79.386570363,-5.685999974],[-79.382929738,-5.668638724],[-79.385109363,-5.657820349],[-79.377570363,-5.645279349],[-79.380789113,-5.630390599],[-79.376150363,-5.607349599],[-79.371468738,-5.598730474],[-79.380230488,-5.590120973],[-79.377849613,-5.582949224],[-79.380480488,-5.571220724],[-79.384529113,-5.560999973],[-79.393570363,-5.551130724],[-79.398480488,-5.533480474],[-79.387130863,-5.521919849],[-79.373070363,-5.524199224],[-79.365800738,-5.528919974],[-79.352119113,-5.527148474],[-79.336199238,-5.529890599],[-79.328960988,-5.535080099],[-79.316669863,-5.528800724],[-79.310070363,-5.519769474],[-79.286240238,-5.525580099],[-79.276392374,-5.519946969],[-79.278911014,-5.516928255],[-79.279163653,-5.497193252],[-79.28281103,-5.490830165],[-79.280569244,-5.486612937],[-79.288907769,-5.479220115],[-79.291629042,-5.469313355],[-79.295951029,-5.467411645],[-79.299270755,-5.460004406],[-79.294590183,-5.439889586],[-79.305461145,-5.427012621],[-79.304287741,-5.392646718],[-79.310950799,-5.375405527],[-79.308538725,-5.365398064],[-79.320209521,-5.362137089],[-79.330539047,-5.331559755],[-79.327695605,-5.316737313],[-79.333382658,-5.310344143],[-79.344828333,-5.307631121],[-79.346668075,-5.299420879],[-79.356599336,-5.291542207],[-79.36087675,-5.27697399],[-79.360599753,-5.273384358],[-79.352482795,-5.266816773],[-79.347307976,-5.252447541],[-79.34884145,-5.233826733],[-79.35589666,-5.223854759],[-79.369719423,-5.213004422],[-79.378252846,-5.189487638],[-79.368718493,-5.175249032],[-79.362026496,-5.174005549],[-79.355819687,-5.16740503],[-79.344368989,-5.16584399],[-79.341678178,-5.140293712],[-79.330282781,-5.124296891],[-79.303075842,-5.116630887],[-79.295128519,-5.110764821],[-79.296127558,-5.101599821],[-79.287664928,-5.094980652],[-79.285925166,-5.0851906],[-79.279969122,-5.083265518],[-79.273600935,-5.073709073],[-79.272910305,-5.058483219],[-79.248068408,-5.056345586],[-79.242279729,-5.051246391],[-79.232135125,-5.05195953],[-79.225910007,-5.047400707],[-79.219083963,-5.021284191],[-79.219814591,-5.0124002],[-79.214943163,-5.009898781],[-79.212955786,-5.001332499],[-79.222060863,-4.982381598],[-79.213194113,-4.976600598],[-79.208272489,-4.964179349],[-79.199796238,-4.965468349],[-79.178742614,-4.961171723],[-79.168821238,-4.966015224],[-79.149738363,-4.964721848],[-79.139292739,-4.967026099],[-79.125928363,-4.975974099],[-79.110711363,-4.979403473],[-79.093986239,-4.973241598],[-79.076160613,-4.971040848],[-79.071043988,-4.991067098],[-79.062626364,-4.987821098],[-79.056354363,-4.989086473],[-79.049202238,-5.000860223],[-79.034359238,-5.013336724],[-79.025166113,-5.015314598],[-79.016613738,-5.012807348],[-79.014447613,-5.015291974],[-79.004824113,-4.993798848],[-79.005902238,-4.986581973],[-78.991394488,-4.965775348],[-78.993056613,-4.959167973],[-78.983984363,-4.942656223],[-78.985742238,-4.935046848],[-78.972275363,-4.894865224],[-78.954511738,-4.893726599],[-78.944974613,-4.898152473],[-78.929123113,-4.892929723],[-78.909497113,-4.892292098],[-78.898820988,-4.886113599],[-78.891657738,-4.887343724],[-78.889533238,-4.873026348],[-78.907349488,-4.861832598],[-78.911862113,-4.851635223],[-78.910523113,-4.842686474],[-78.902924738,-4.839536974],[-78.896896488,-4.832195348],[-78.895481738,-4.811372973],[-78.891685488,-4.808005848],[-78.912727988,-4.791000973],[-78.915423613,-4.780856098],[-78.902526613,-4.772708348],[-78.897122113,-4.773117848],[-78.889629488,-4.763926098],[-78.887629238,-4.752909848],[-78.892331738,-4.730803223],[-78.890489363,-4.717291973],[-78.863221238,-4.690597098],[-78.864121988,-4.679378723],[-78.856178988,-4.667668973],[-78.840170238,-4.653113723],[-78.814797988,-4.641683723],[-78.807868863,-4.641969473],[-78.804759738,-4.637925723],[-78.796053863,-4.640023723],[-78.784720738,-4.638123098],[-78.774335613,-4.642060723],[-78.769394488,-4.641069348],[-78.762062488,-4.629105098],[-78.747922238,-4.632185098],[-78.735309613,-4.625869598],[-78.715919487,-4.628587973],[-78.705955113,-4.623873098],[-78.700343238,-4.627692973]]]]},"properties":{"name":"Cajamarca","mapcolor":6,"cartodb_id":6}},{"type":"Feature","geometry":{"type":"MultiPolygon","coordinates":[[[[-77.135207751,-11.817821213],[-77.126844321,-11.818483511],[-77.11641183,-11.831223897],[-77.112970821,-11.847567634],[-77.116215316,-11.848608674],[-77.106223993,-11.856455101],[-77.106199443,-11.867933369],[-77.096073322,-11.871519661],[-77.089273968,-11.899177615],[-77.09767339,-11.916460288],[-77.097270142,-11.924306138],[-77.102499117,-11.927824173],[-77.104114578,-11.935632314],[-77.095233634,-11.945317203],[-77.0952227,-11.949677775],[-77.120728987,-11.945105855],[-77.128661362,-11.93747773],[-77.117549611,-11.956969605],[-77.117707486,-11.97050723],[-77.110679737,-11.975441355],[-77.117913736,-11.99428723],[-77.113256361,-11.997001355],[-77.110170612,-11.99415748],[-77.104388736,-12.000238229],[-77.103293862,-11.997799105],[-77.100143361,-12.004229605],[-77.095269236,-12.00484398],[-77.089119111,-12.01215823],[-77.087271487,-12.01575973],[-77.096183612,-12.033703105],[-77.093466986,-12.038436605],[-77.082940486,-12.036417854],[-77.081546861,-12.047017605],[-77.076867236,-12.04700973],[-77.078218736,-12.05004298],[-77.087600736,-12.05186573],[-77.087257361,-12.061511355],[-77.104571112,-12.063350605],[-77.104857361,-12.07199023],[-77.111533237,-12.07949223],[-77.132771486,-12.070431605],[-77.150865236,-12.06705073],[-77.156232361,-12.06747073],[-77.159208987,-12.07432623],[-77.170742237,-12.073003855],[-77.168665986,-12.071173855],[-77.168279362,-12.06890823],[-77.168013737,-12.068552855],[-77.166827987,-12.067623105],[-77.168322236,-12.071517605],[-77.148621111,-12.05860748],[-77.156320361,-12.048474605],[-77.150302737,-12.05599998],[-77.147324237,-12.05288473],[-77.148714861,-12.057414105],[-77.144437487,-12.05234373],[-77.146271486,-12.04407223],[-77.142056611,-12.04676173],[-77.140824361,-12.04561723],[-77.142642486,-12.042402355],[-77.138765611,-12.039105479],[-77.143634736,-12.04047848],[-77.140706986,-12.038892605],[-77.142953112,-12.03743748],[-77.148962861,-12.038912105],[-77.155683736,-12.046685604],[-77.156287111,-12.046921855],[-77.148833986,-12.038640605],[-77.147712862,-12.03785348],[-77.148542987,-12.030892605],[-77.145058611,-12.03054498],[-77.142738236,-12.022121104],[-77.141265611,-12.022240105],[-77.140328111,-12.02166998],[-77.138718737,-12.019349605],[-77.142150362,-12.022097605],[-77.136146486,-12.006037105],[-77.132665987,-11.97346098],[-77.140656237,-11.926091855],[-77.146822236,-11.909609354],[-77.145431611,-11.905710979],[-77.156830112,-11.874302729],[-77.172033236,-11.84647848],[-77.183976611,-11.84426373],[-77.182433611,-11.840705105],[-77.186525361,-11.84014848],[-77.184605487,-11.836482479],[-77.187955467,-11.828569931],[-77.184866885,-11.825712084],[-77.177687072,-11.828732976],[-77.174790335,-11.825511114],[-77.156771491,-11.825847331],[-77.14807329,-11.819336581],[-77.143294488,-11.82110204],[-77.135207751,-11.817821213]]]]},"properties":{"name":"Callao","mapcolor":7,"cartodb_id":7}},{"type":"Feature","geometry":{"type":"MultiPolygon","coordinates":[[[[-72.972802108,-11.251894479],[-72.968444608,-11.252643729],[-72.967449482,-11.266828604],[-72.963238108,-11.268980604],[-72.960137358,-11.263982354],[-72.955879483,-11.263380729],[-72.956272857,-11.272868105],[-72.945188858,-11.275436729],[-72.935886482,-11.290014979],[-72.943314483,-11.29515198],[-72.952824983,-11.293277729],[-72.951529233,-11.298784979],[-72.955555607,-11.304616354],[-72.934960858,-11.303829604],[-72.932461858,-11.307346854],[-72.937066482,-11.320837479],[-72.940445107,-11.322688729],[-72.945952482,-11.315862354],[-72.942180607,-11.313316979],[-72.944425357,-11.309869104],[-72.959512483,-11.314196479],[-72.959882733,-11.319310229],[-72.951968857,-11.320374729],[-72.950927608,-11.324632479],[-72.952547358,-11.32847373],[-72.961487982,-11.328010729],[-72.964973233,-11.331611729],[-72.960673982,-11.334984479],[-72.949518108,-11.330499854],[-72.949036232,-11.338653729],[-72.944736982,-11.339913854],[-72.939659483,-11.337893854],[-72.936601732,-11.332075105],[-72.924352607,-11.327405229],[-72.921331982,-11.335225354],[-72.934692982,-11.347066855],[-72.923185108,-11.35510948],[-72.920016233,-11.354034729],[-72.926372483,-11.348252979],[-72.921461608,-11.343416229],[-72.894683857,-11.358259855],[-72.891644732,-11.354090229],[-72.895147232,-11.345992104],[-72.890366107,-11.343175354],[-72.887234357,-11.356499355],[-72.882582983,-11.357296229],[-72.880630232,-11.352481104],[-72.876180608,-11.355288979],[-72.877061108,-11.364306979],[-72.873206357,-11.364425979],[-72.868542607,-11.356240604],[-72.859167483,-11.355431604],[-72.852861982,-11.365282604],[-72.844438607,-11.363283854],[-72.844414857,-11.373348979],[-72.838775482,-11.370422229],[-72.833968983,-11.374300729],[-72.834087982,-11.379654479],[-72.842082982,-11.380772854],[-72.842463732,-11.386840479],[-72.821782233,-11.389625479],[-72.819821107,-11.387514855],[-72.823593732,-11.380916979],[-72.816198107,-11.375083604],[-72.813755107,-11.37996973],[-72.805312608,-11.376645854],[-72.803899982,-11.383725604],[-72.799728607,-11.385570354],[-72.796105607,-11.371876104],[-72.799828232,-11.367255979],[-72.797036232,-11.364430729],[-72.791601732,-11.364729979],[-72.789457857,-11.368602229],[-72.796271732,-11.379404604],[-72.794975482,-11.384556604],[-72.783425107,-11.375416105],[-72.763349232,-11.371610229],[-72.757416108,-11.362752229],[-72.738237607,-11.347429354],[-72.733634108,-11.352099354],[-72.723263732,-11.350753104],[-72.722698732,-11.360199604],[-72.717679732,-11.36211073],[-72.718294607,-11.350311104],[-72.712826982,-11.347236605],[-72.707259482,-11.35220573],[-72.714654982,-11.35925223],[-72.709735607,-11.378812979],[-72.706561357,-11.381505354],[-72.698617482,-11.380408479],[-72.692335607,-11.388252854],[-72.692302232,-11.395698104],[-72.688612857,-11.39682823],[-72.678990357,-11.388452105],[-72.665694982,-11.385909355],[-72.664016607,-11.394983604],[-72.650322233,-11.398307229],[-72.652582482,-11.402678104],[-72.645569107,-11.412765854],[-72.643059607,-11.413015354],[-72.639835607,-11.406267854],[-72.634218232,-11.405054729],[-72.631376357,-11.408411729],[-72.631891607,-11.415674355],[-72.627670357,-11.416538479],[-72.623116608,-11.412815854],[-72.617166982,-11.417784979],[-72.624329857,-11.425612605],[-72.607511232,-11.429252229],[-72.609538857,-11.439938354],[-72.603206983,-11.432609229],[-72.604785732,-11.423036604],[-72.600315107,-11.418532854],[-72.595661857,-11.420560354],[-72.591041732,-11.432094104],[-72.596609107,-11.436082605],[-72.596143732,-11.44003798],[-72.591806107,-11.44003798],[-72.589878357,-11.433307229],[-72.580820857,-11.430797604],[-72.578610482,-11.433755979],[-72.581817982,-11.439123979],[-72.576072857,-11.438850229],[-72.566484732,-11.431599104],[-72.560166357,-11.435513104],[-72.553665357,-11.432079854],[-72.552193982,-11.443014104],[-72.547731732,-11.44834198],[-72.545971982,-11.444072104],[-72.548847357,-11.436888354],[-72.545260357,-11.432772355],[-72.536316482,-11.434801479],[-72.535066357,-11.425396229],[-72.531363857,-11.427396479],[-72.535200982,-11.435666979],[-72.533633358,-11.43920598],[-72.524891732,-11.438975229],[-72.526228482,-11.434214854],[-72.523670357,-11.430839355],[-72.516669232,-11.431964479],[-72.518054107,-11.41801998],[-72.513409107,-11.417885354],[-72.511841607,-11.425030729],[-72.507427482,-11.42110698],[-72.509821982,-11.411509354],[-72.506686982,-11.40655673],[-72.501214982,-11.409018604],[-72.497674357,-11.402957855],[-72.503790107,-11.400012729],[-72.498951607,-11.39502398],[-72.496622607,-11.399261355],[-72.493812607,-11.397818854],[-72.493061357,-11.404009729],[-72.491738982,-11.399937604],[-72.487862232,-11.402882854],[-72.487847107,-11.398870729],[-72.482212232,-11.398119354],[-72.487516607,-11.39334098],[-72.481115357,-11.387555854],[-72.474338482,-11.392349229],[-72.469364732,-11.385256979],[-72.464856857,-11.390606229],[-72.463819982,-11.387570854],[-72.460078482,-11.38991498],[-72.457358607,-11.383724104],[-72.449033982,-11.385767729],[-72.447666607,-11.379411604],[-72.451363107,-11.376826979],[-72.449229357,-11.370801479],[-72.441565982,-11.375098979],[-72.435480232,-11.372454354],[-72.436036232,-11.366098229],[-72.425127107,-11.368487354],[-72.426193982,-11.358915604],[-72.423594357,-11.355173979],[-72.417884357,-11.356841979],[-72.411678482,-11.351582729],[-72.403383982,-11.357112479],[-72.404360732,-11.352559479],[-72.399326857,-11.34315298],[-72.396501857,-11.349764479],[-72.393436482,-11.342101104],[-72.388447732,-11.343768979],[-72.390325982,-11.346338479],[-72.387095357,-11.34766073],[-72.384369107,-11.339699229],[-72.379433607,-11.338744229],[-72.381164107,-11.334023479],[-72.377021481,-11.332414104],[-72.373511607,-11.335998104],[-72.372955107,-11.331212854],[-72.368583982,-11.336152229],[-72.361023482,-11.333863229],[-72.348869107,-11.322533229],[-72.338859357,-11.323617355],[-72.338294981,-11.317080104],[-72.322882857,-11.316759729],[-72.322792982,-11.324708979],[-72.314400357,-11.321371104],[-72.317306606,-11.319609479],[-72.314681607,-11.314046855],[-72.305679732,-11.307333979],[-72.294380982,-11.317123229],[-72.286644482,-11.313935604],[-72.286499982,-11.317214854],[-72.283751982,-11.316890605],[-72.280089857,-11.325628854],[-72.282958982,-11.330470729],[-72.280060607,-11.339605479],[-72.261283232,-11.337173854],[-72.257331982,-11.330007854],[-72.253189482,-11.330078104],[-72.248734357,-11.33348823],[-72.250212857,-11.340583979],[-72.247825232,-11.34483973],[-72.239258357,-11.34506098],[-72.247894482,-11.385005854],[-72.270821357,-11.400189104],[-72.281408482,-11.421027854],[-72.287408857,-11.424253104],[-72.288332857,-11.430047604],[-72.292550732,-11.433273105],[-72.293146232,-11.441956854],[-72.289672731,-11.444090479],[-72.292352232,-11.45093823],[-72.287456732,-11.466647979],[-72.289627732,-11.48285248],[-72.304173482,-11.497114229],[-72.298030357,-11.504116105],[-72.305296356,-11.513099729],[-72.303578981,-11.530604355],[-72.313024857,-11.561518355],[-72.306221232,-11.572417605],[-72.307894482,-11.587537104],[-72.313447232,-11.589365229],[-72.316088607,-11.596505729],[-72.328762232,-11.608366479],[-72.348041982,-11.61785898],[-72.355623107,-11.635025354],[-72.370990732,-11.630784729],[-72.375642356,-11.633173729],[-72.374283232,-11.64203798],[-72.378183481,-11.64717923],[-72.390301732,-11.65068423],[-72.387710232,-11.66045923],[-72.395555357,-11.670017605],[-72.405293857,-11.674796604],[-72.410072982,-11.693011354],[-72.414852107,-11.698872605],[-72.428197607,-11.705184604],[-72.425064482,-11.733169229],[-72.413136232,-11.746036605],[-72.391299232,-11.760923355],[-72.385006482,-11.761721479],[-72.382185607,-11.774910104],[-72.370767982,-11.784967355],[-72.374532232,-11.794683979],[-72.390998982,-11.806610229],[-72.390151482,-11.814540855],[-72.393057357,-11.81811273],[-72.390756857,-11.827556855],[-72.368841607,-11.835669105],[-72.359700107,-11.84650573],[-72.331839732,-11.85608623],[-72.334830481,-11.865774855],[-72.341221107,-11.86921148],[-72.347514232,-11.89126748],[-72.344649482,-11.903203855],[-72.346900357,-11.91568598],[-72.338266482,-11.924212729],[-72.336821482,-11.937336604],[-72.340489732,-11.965767729],[-72.311843857,-11.97444098],[-72.286221731,-11.975316355],[-72.282367982,-11.97947573],[-72.281544482,-11.99579723],[-72.259164607,-12.00572348],[-72.269600232,-12.02283648],[-72.269005606,-12.035483605],[-72.272485357,-12.04738198],[-72.268932857,-12.054375355],[-72.245860232,-12.058609605],[-72.238934607,-12.057251605],[-72.230424607,-12.061778104],[-72.173732982,-12.059810355],[-72.094446607,-12.085190979],[-72.093473232,-12.12719248],[-72.087558606,-12.142690355],[-72.100436231,-12.16941873],[-72.092204981,-12.19441798],[-72.100292482,-12.21237398],[-72.100409231,-12.225979605],[-72.105611357,-12.23879298],[-72.096380106,-12.23800873],[-72.087153982,-12.24618373],[-72.075300106,-12.243264105],[-72.056438981,-12.25727848],[-72.043358856,-12.254884355],[-72.033198357,-12.266271105],[-72.028935731,-12.287234355],[-72.010119482,-12.30000498],[-71.990885732,-12.30600623],[-71.977429607,-12.318754105],[-71.955661232,-12.32113973],[-71.945890357,-12.330223605],[-71.947134731,-12.334392605],[-71.961886106,-12.33817423],[-71.967178982,-12.347641981],[-71.970571106,-12.358973481],[-71.962967106,-12.37146048],[-71.963302482,-12.376902605],[-71.965166232,-12.382829231],[-71.971105481,-12.384652355],[-71.976646857,-12.39945373],[-71.992525357,-12.398976605],[-72.009089732,-12.403670481],[-72.017476606,-12.41517898],[-72.037138981,-12.42277373],[-72.047529232,-12.42300673],[-72.049893107,-12.43444248],[-72.060557606,-12.43836148],[-72.059488481,-12.450697731],[-72.064765856,-12.45667123],[-72.064669481,-12.470226855],[-72.070226607,-12.48047398],[-72.070869106,-12.488857856],[-72.078961607,-12.49862723],[-72.072638232,-12.511065981],[-72.065281856,-12.50671698],[-72.057338357,-12.50795673],[-72.051960482,-12.511767231],[-72.049790232,-12.52094648],[-72.028831981,-12.52637173],[-72.009872481,-12.547101481],[-72.008043982,-12.560415105],[-72.000534982,-12.56961548],[-71.992439731,-12.57753948],[-71.986895607,-12.576555855],[-71.981396107,-12.58049048],[-71.984212982,-12.608166605],[-71.966410607,-12.612820106],[-71.965056732,-12.631967605],[-71.957125856,-12.639487856],[-71.956132356,-12.65445823],[-71.970085482,-12.66213923],[-71.971024857,-12.67197548],[-71.978070481,-12.67893823],[-71.978595481,-12.683331356],[-71.967653982,-12.691896605],[-71.957757857,-12.69392773],[-71.951656357,-12.690763855],[-71.928557732,-12.69916323],[-71.917782106,-12.69891448],[-71.918206982,-12.720165356],[-71.900351607,-12.73335548],[-71.881615231,-12.730439481],[-71.869484356,-12.73571098],[-71.858009731,-12.734787106],[-71.831290981,-12.742706981],[-71.821808606,-12.740406231],[-71.812240231,-12.74385748],[-71.804070356,-12.753638731],[-71.799507856,-12.765556606],[-71.764664106,-12.76745898],[-71.760208982,-12.787921855],[-71.753738231,-12.794619106],[-71.747558606,-12.796164106],[-71.722984356,-12.786546855],[-71.708091856,-12.772923855],[-71.694748106,-12.753736356],[-71.692703106,-12.746775356],[-71.694968732,-12.738793106],[-71.682861356,-12.732736356],[-71.660544982,-12.728923856],[-71.638960981,-12.709435605],[-71.600298481,-12.700058105],[-71.565744106,-12.705437231],[-71.560089231,-12.71089323],[-71.552700982,-12.708705105],[-71.548791856,-12.71404173],[-71.552729481,-12.724675105],[-71.546875731,-12.730727855],[-71.546591356,-12.73541648],[-71.533437856,-12.738579105],[-71.523525731,-12.747195606],[-71.513135731,-12.74438673],[-71.502649356,-12.75616523],[-71.495657606,-12.781980355],[-71.487958731,-12.785742856],[-71.479115481,-12.798262606],[-71.464846481,-12.80969723],[-71.459427856,-12.825183356],[-71.446482856,-12.82721598],[-71.456075731,-12.840321356],[-71.452063856,-12.842478731],[-71.445074231,-12.840731606],[-71.442506731,-12.854443106],[-71.449763731,-12.858294481],[-71.448872231,-12.863340606],[-71.441365481,-12.867602106],[-71.437389356,-12.876267605],[-71.423980856,-12.873254356],[-71.427190356,-12.881973481],[-71.424230481,-12.884237856],[-71.417936231,-12.88259748],[-71.419006106,-12.890496356],[-71.416367231,-12.89406248],[-71.396842856,-12.882633105],[-71.380942481,-12.898874481],[-71.375058356,-12.900546105],[-71.361730106,-12.892054356],[-71.358988731,-12.880754231],[-71.334908106,-12.902712731],[-71.326106606,-12.918312605],[-71.320062231,-12.92106973],[-71.319527356,-12.92491798],[-71.315810606,-12.92448823],[-71.314749981,-12.931482481],[-71.309882856,-12.929990231],[-71.307572231,-12.934419981],[-71.302222481,-12.934351606],[-71.300673856,-12.941845731],[-71.296074356,-12.946421856],[-71.292556606,-12.944357481],[-71.287964856,-12.948906231],[-71.278763731,-12.951246105],[-71.278915981,-12.953648481],[-71.272316356,-12.954140606],[-71.271011731,-12.962492231],[-71.252113231,-12.963976606],[-71.242728481,-12.970644481],[-71.233390606,-12.969740231],[-71.230857481,-12.97248248],[-71.226042981,-12.96058598],[-71.223289106,-12.961511855],[-71.220931606,-12.957663981],[-71.205572106,-12.961573106],[-71.195945856,-12.95958148],[-71.186455731,-12.96875073],[-71.178951856,-12.968242606],[-71.176410106,-12.970943355],[-71.17156523,-12.964959605],[-71.162063106,-12.966768481],[-71.159000606,-12.978678856],[-71.171916231,-12.981982981],[-71.179395106,-12.99834223],[-71.178258105,-13.003727731],[-71.167965856,-13.010968231],[-71.16652973,-13.017670231],[-71.173798856,-13.055007856],[-71.161578106,-13.066461356],[-71.161374605,-13.075749605],[-71.167626606,-13.089920606],[-71.166931856,-13.102146606],[-71.161192605,-13.120426356],[-71.151143856,-13.124119856],[-71.143975606,-13.137234606],[-71.146500731,-13.147498481],[-71.14042023,-13.166698106],[-71.142321481,-13.178105481],[-71.131536606,-13.220017106],[-71.122011731,-13.233529231],[-71.091591856,-13.240037106],[-71.086822231,-13.245281231],[-71.082892606,-13.244644481],[-71.03626123,-13.270494856],[-71.018352106,-13.269025356],[-71.012001981,-13.264962856],[-71.007978855,-13.254844231],[-71.011212856,-13.238714231],[-71.00785923,-13.230968731],[-70.990850856,-13.221546356],[-70.994204605,-13.202222356],[-70.977236231,-13.169682981],[-70.963501855,-13.169682981],[-70.950730606,-13.159187606],[-70.94219023,-13.156498855],[-70.93763623,-13.144084606],[-70.942280355,-13.135486606],[-70.937056606,-13.130561481],[-70.927631356,-13.128779606],[-70.922334355,-13.122459231],[-70.921392855,-13.110830981],[-70.887291105,-13.103364481],[-70.898842481,-13.081407231],[-70.89926623,-13.069684856],[-70.882176855,-13.070673481],[-70.863110356,-13.080324356],[-70.852423606,-13.079100481],[-70.849081106,-13.071473856],[-70.842960981,-13.067048481],[-70.817353481,-13.069851481],[-70.799413856,-13.090352106],[-70.759941231,-13.108095981],[-70.74601698,-13.10349298],[-70.711666855,-13.109513105],[-70.704078356,-13.104555356],[-70.68520873,-13.106781231],[-70.68293223,-13.097624606],[-70.674635606,-13.096612856],[-70.669620981,-13.09067248],[-70.66032523,-13.088332731],[-70.65008098,-13.093834231],[-70.641673855,-13.090755856],[-70.62782173,-13.092316606],[-70.606384606,-13.101738855],[-70.599491855,-13.099146231],[-70.58608573,-13.104141856],[-70.583556231,-13.112994855],[-70.571288355,-13.129626106],[-70.558008481,-13.13669423],[-70.54942523,-13.153170981],[-70.527852231,-13.152557856],[-70.50585773,-13.159493355],[-70.499841855,-13.156274731],[-70.46424773,-13.159690605],[-70.44650573,-13.170378106],[-70.413725355,-13.17675673],[-70.409597605,-13.182751981],[-70.39547648,-13.183050856],[-70.385327105,-13.199038356],[-70.384463855,-13.204735856],[-70.39107423,-13.219084606],[-70.387946605,-13.225163231],[-70.390077605,-13.231333481],[-70.416308855,-13.242607106],[-70.422706481,-13.255464481],[-70.407923605,-13.263042231],[-70.405352355,-13.269408481],[-70.38037998,-13.271991731],[-70.37083748,-13.276411356],[-70.354734105,-13.291897981],[-70.346648105,-13.295187231],[-70.345846605,-13.312746106],[-70.36805748,-13.307072481],[-70.371902605,-13.313310856],[-70.38394923,-13.310944606],[-70.39559873,-13.316665481],[-70.402502605,-13.329410481],[-70.392731105,-13.344771856],[-70.39942598,-13.362988107],[-70.399500355,-13.371643606],[-70.419825355,-13.358553731],[-70.431267606,-13.357658731],[-70.434048355,-13.362101481],[-70.451115855,-13.365169732],[-70.452362356,-13.368525731],[-70.44264598,-13.395405482],[-70.44868673,-13.397770607],[-70.451083855,-13.411865731],[-70.45709373,-13.416324231],[-70.45916298,-13.423443357],[-70.471826981,-13.439927981],[-70.46866273,-13.443028231],[-70.453161356,-13.445457356],[-70.45261798,-13.447918356],[-70.46910023,-13.474258606],[-70.48258873,-13.487651981],[-70.48879473,-13.500380731],[-70.519873855,-13.513967606],[-70.538873605,-13.531256732],[-70.546597731,-13.549843356],[-70.542152855,-13.559774731],[-70.54362548,-13.577635231],[-70.55027123,-13.576837606],[-70.560372731,-13.586614356],[-70.577870105,-13.585841106],[-70.58860423,-13.598584481],[-70.600719355,-13.599075606],[-70.61067898,-13.608953482],[-70.616190856,-13.609062482],[-70.625260605,-13.625852482],[-70.636916356,-13.632775231],[-70.63740298,-13.637666107],[-70.647428105,-13.644163106],[-70.64836173,-13.650231606],[-70.662806981,-13.660567106],[-70.670658355,-13.662069981],[-70.68951998,-13.652593106],[-70.69951823,-13.659769731],[-70.704241231,-13.658420107],[-70.715374231,-13.662652606],[-70.714252355,-13.677209357],[-70.720940481,-13.683006856],[-70.721235106,-13.700155607],[-70.735866856,-13.712450357],[-70.732538105,-13.728123607],[-70.73537573,-13.735299356],[-70.72641023,-13.747134856],[-70.718702105,-13.764901857],[-70.72209148,-13.770641981],[-70.71386398,-13.772801356],[-70.69885823,-13.803167607],[-70.708558355,-13.828099732],[-70.70918573,-13.843148481],[-70.719808606,-13.830343732],[-70.732216855,-13.823449231],[-70.767726605,-13.814384731],[-70.792982481,-13.817001982],[-70.796718731,-13.822357481],[-70.817906231,-13.820525357],[-70.828400356,-13.827630856],[-70.849082855,-13.815299231],[-70.850599981,-13.802672232],[-70.853926481,-13.798604982],[-70.863512106,-13.800904981],[-70.88004798,-13.817367857],[-70.878430731,-13.827983606],[-70.881225355,-13.832837731],[-70.875135856,-13.838986107],[-70.86127973,-13.843310606],[-70.854160606,-13.853548232],[-70.838745355,-13.852812732],[-70.832420355,-13.856872481],[-70.830008105,-13.871140356],[-70.825624731,-13.878053732],[-70.830859606,-13.895075107],[-70.814184231,-13.901128357],[-70.809672856,-13.912264231],[-70.811043355,-13.918603231],[-70.819912105,-13.929408231],[-70.833039106,-13.938099732],[-70.840190356,-13.956424482],[-70.846275606,-13.963541231],[-70.843903356,-13.976124482],[-70.852636106,-13.998196731],[-70.84036223,-14.008167107],[-70.853534605,-14.012859357],[-70.86121048,-14.023208982],[-70.860391106,-14.030841857],[-70.852878981,-14.040919232],[-70.849524105,-14.054171482],[-70.831665981,-14.061521482],[-70.829471731,-14.076336857],[-70.817914731,-14.067582857],[-70.795882855,-14.072119107],[-70.79004298,-14.080968357],[-70.80561023,-14.099284357],[-70.806130106,-14.120320107],[-70.821676856,-14.133816482],[-70.82114448,-14.141146857],[-70.833113356,-14.142634357],[-70.84625973,-14.148899107],[-70.854400856,-14.159243357],[-70.862686981,-14.159965106],[-70.86733798,-14.169561231],[-70.874127355,-14.171325357],[-70.882039356,-14.168251482],[-70.886610106,-14.172314357],[-70.889393481,-14.187038857],[-70.882988981,-14.192748732],[-70.882143856,-14.198785607],[-70.886852605,-14.205335606],[-70.89457973,-14.209108607],[-70.899792605,-14.232986231],[-70.88216498,-14.253465232],[-70.882627855,-14.266598482],[-70.879914605,-14.270434107],[-70.890989356,-14.272714982],[-70.892822731,-14.286671857],[-70.913456856,-14.303319482],[-70.91388048,-14.324260482],[-70.90782698,-14.333973732],[-70.912182105,-14.341473107],[-70.91878923,-14.344723607],[-70.92977273,-14.340878232],[-70.942879105,-14.351939482],[-70.962084981,-14.361168232],[-70.970482481,-14.378283857],[-70.98603598,-14.379762482],[-70.980217855,-14.386461107],[-70.978691605,-14.394484357],[-70.985820856,-14.406725607],[-70.978378981,-14.417038607],[-70.972060855,-14.420402607],[-70.973962856,-14.429005857],[-70.966358106,-14.435221857],[-70.962352981,-14.444538982],[-70.981993731,-14.449272482],[-70.987972606,-14.455320357],[-70.988454356,-14.461225357],[-70.982551231,-14.475310732],[-70.98920648,-14.487162482],[-70.986585355,-14.498717982],[-70.999348856,-14.502638107],[-70.978850231,-14.539119357],[-70.982499731,-14.543493357],[-70.981572105,-14.548516982],[-70.973222355,-14.554477857],[-70.966116481,-14.568335982],[-70.973232856,-14.570518982],[-70.977703231,-14.583021107],[-70.999542855,-14.572301483],[-71.014710356,-14.577978482],[-71.020430731,-14.585345482],[-71.015105231,-14.588285107],[-71.010053106,-14.597541982],[-71.024895606,-14.591925107],[-71.03104198,-14.593262607],[-71.073904856,-14.631446482],[-71.082688231,-14.629854358],[-71.109118481,-14.633950857],[-71.112456356,-14.643492608],[-71.118091731,-14.647949858],[-71.11010698,-14.673537107],[-71.104814105,-14.677529483],[-71.102999481,-14.684485733],[-71.09743448,-14.685241857],[-71.088042981,-14.695701107],[-71.089510356,-14.713188107],[-71.064861355,-14.734402858],[-71.053240481,-14.754330483],[-71.035693856,-14.752117358],[-71.032418856,-14.759127482],[-71.027763481,-14.760074983],[-71.019941231,-14.745594357],[-71.013093481,-14.739693857],[-70.981528606,-14.755488233],[-70.975059231,-14.764981982],[-70.983708981,-14.786031233],[-70.977382855,-14.806458982],[-70.978326606,-14.824154607],[-70.99467548,-14.829898983],[-70.991535481,-14.841194858],[-70.996591855,-14.843943483],[-70.991367856,-14.861269358],[-70.995973356,-14.893905232],[-70.986291731,-14.915480858],[-70.99057023,-14.926872233],[-70.984740356,-14.946068482],[-70.996638981,-14.953934358],[-70.996254856,-14.963716607],[-71.004050106,-14.971877232],[-71.004206356,-14.998656733],[-70.996574356,-15.016730357],[-70.996787106,-15.028825358],[-70.99338348,-15.035814858],[-70.99654673,-15.054349858],[-70.991905356,-15.070626358],[-70.994138855,-15.094801858],[-70.980619231,-15.105855733],[-70.978641856,-15.111367858],[-70.976647731,-15.142257358],[-70.982009731,-15.149451983],[-70.976048105,-15.159950983],[-70.976230856,-15.175641733],[-70.971536731,-15.180707483],[-70.972911105,-15.196548607],[-70.967025356,-15.202634733],[-70.966787481,-15.210928608],[-70.962502481,-15.215636858],[-70.969873356,-15.232588858],[-70.985280605,-15.249029608],[-70.98299098,-15.256030483],[-70.976766856,-15.260954983],[-70.974393605,-15.274151733],[-70.955218355,-15.286551358],[-70.950032231,-15.298258858],[-70.951005981,-15.306633233],[-70.959058356,-15.319051608],[-70.977553481,-15.320414733],[-70.985113356,-15.316676608],[-71.00611898,-15.335227358],[-71.013338731,-15.346638483],[-71.019881981,-15.373258983],[-71.036416856,-15.391950608],[-71.044082606,-15.418115608],[-71.06213373,-15.433956108],[-71.075454731,-15.438301108],[-71.07227323,-15.451497108],[-71.08201598,-15.457074108],[-71.094436606,-15.457504233],[-71.103836105,-15.453269983],[-71.111564605,-15.436775233],[-71.120094355,-15.427102983],[-71.129425106,-15.428173983],[-71.138717606,-15.437887233],[-71.150255981,-15.440592733],[-71.174331606,-15.424456608],[-71.173683106,-15.409442858],[-71.169044481,-15.398091358],[-71.171760605,-15.392475108],[-71.169494606,-15.382284108],[-71.164283731,-15.372275358],[-71.151153606,-15.363941233],[-71.150527981,-15.355904608],[-71.154403731,-15.339155233],[-71.162666355,-15.332484233],[-71.166239981,-15.320869983],[-71.162902856,-15.308910358],[-71.16423798,-15.290927858],[-71.180511481,-15.275163608],[-71.190162606,-15.274388358],[-71.194618231,-15.270928358],[-71.200675981,-15.261866608],[-71.196907106,-15.252601607],[-71.20207973,-15.245132482],[-71.192810106,-15.233615858],[-71.183174106,-15.233542483],[-71.171958981,-15.216564233],[-71.160328606,-15.207768233],[-71.160519356,-15.198294733],[-71.169448855,-15.188775108],[-71.176757856,-15.172599732],[-71.184906105,-15.169772108],[-71.181365981,-15.163462608],[-71.172737106,-15.159146357],[-71.169021606,-15.149497983],[-71.158805856,-15.147913983],[-71.155265856,-15.140792858],[-71.149040231,-15.137721982],[-71.143257106,-15.121558233],[-71.161651606,-15.109302483],[-71.165611231,-15.096799857],[-71.18000798,-15.092298483],[-71.183181731,-15.088537233],[-71.192161606,-15.090795483],[-71.196678106,-15.088868108],[-71.207275356,-15.070551858],[-71.206542981,-15.062187233],[-71.209732106,-15.057251982],[-71.207305856,-15.050581983],[-71.21596598,-15.049264483],[-71.226531981,-15.069554358],[-71.243637231,-15.056817107],[-71.265541106,-15.062999732],[-71.266921981,-15.065906483],[-71.260588481,-15.078270232],[-71.274803105,-15.086042358],[-71.297561606,-15.108616858],[-71.306877106,-15.112330483],[-71.310088981,-15.118760108],[-71.319129981,-15.119736732],[-71.325607355,-15.116020233],[-71.329940856,-15.099460608],[-71.343940731,-15.092888857],[-71.353713981,-15.092702857],[-71.361846981,-15.079142608],[-71.371704106,-15.080225982],[-71.379737856,-15.064546608],[-71.388534606,-15.060146358],[-71.396865856,-15.045240358],[-71.417365856,-15.033725733],[-71.421470606,-15.012394857],[-71.430427606,-15.007965108],[-71.426727356,-15.002123858],[-71.430816606,-14.998084107],[-71.443038981,-14.995569232],[-71.447501981,-14.979785857],[-71.457576106,-14.979546733],[-71.465044481,-14.984069357],[-71.500320481,-14.979240358],[-71.505226106,-14.975560232],[-71.510169981,-15.004634858],[-71.503669856,-15.027326607],[-71.484603856,-15.039325733],[-71.482208231,-15.050675482],[-71.485870356,-15.059104858],[-71.492462106,-15.065747233],[-71.501083356,-15.067757608],[-71.513442981,-15.079844483],[-71.518959106,-15.076421733],[-71.539604231,-15.074290233],[-71.547752356,-15.067787233],[-71.572343731,-15.061931608],[-71.577781732,-15.087873482],[-71.583831732,-15.095996858],[-71.588333106,-15.127825732],[-71.600906357,-15.132205983],[-71.602912856,-15.139182108],[-71.614562981,-15.145854982],[-71.636024481,-15.139139233],[-71.649032606,-15.120671233],[-71.663131731,-15.109844233],[-71.667953481,-15.091896107],[-71.673706106,-15.089055108],[-71.691078231,-15.091177983],[-71.712776232,-15.089032108],[-71.723197981,-15.083298733],[-71.741119356,-15.079942732],[-71.756370607,-15.084654982],[-71.766807482,-15.078485482],[-71.772537356,-15.082439482],[-71.786300607,-15.069550483],[-71.801483106,-15.067335108],[-71.812110856,-15.072751983],[-71.815475481,-15.078221358],[-71.837631231,-15.074841483],[-71.849319482,-15.045089733],[-71.822929357,-15.034991233],[-71.809883106,-15.022927233],[-71.765998857,-15.009585358],[-71.763472231,-14.994795357],[-71.770240732,-14.982176733],[-71.755728481,-14.955448108],[-71.747718856,-14.948301357],[-71.745959981,-14.939869983],[-71.785156231,-14.912559483],[-71.793006857,-14.896168732],[-71.797622731,-14.895981733],[-71.816680857,-14.907340983],[-71.826301607,-14.906635232],[-71.830535857,-14.898614732],[-71.827262856,-14.888825358],[-71.849708607,-14.888747983],[-71.859603856,-14.883615483],[-71.863418732,-14.873355858],[-71.854972857,-14.854579983],[-71.869094857,-14.835970857],[-71.876106231,-14.801252357],[-71.898429856,-14.788132607],[-71.903312731,-14.791962607],[-71.910224857,-14.788849983],[-71.914421106,-14.792074233],[-71.924003607,-14.789796858],[-71.928985607,-14.784958858],[-71.927787732,-14.773058858],[-71.932815482,-14.756463107],[-71.958969107,-14.732593482],[-71.957809481,-14.726017983],[-71.946014357,-14.711064357],[-71.952178981,-14.703801107],[-71.929275357,-14.689303357],[-71.941215482,-14.685324607],[-71.950645481,-14.677140232],[-71.950500482,-14.672820232],[-71.957809482,-14.671484982],[-71.963630731,-14.663763108],[-71.973564107,-14.657990483],[-71.975982607,-14.646298358],[-71.987914981,-14.632949857],[-72.000999481,-14.641654983],[-72.008308356,-14.640691732],[-72.012680106,-14.645556482],[-72.015830981,-14.658390982],[-72.024215606,-14.666872982],[-72.024436982,-14.673460983],[-72.040481607,-14.688092232],[-72.044418357,-14.702810232],[-72.041984607,-14.709226607],[-72.044975232,-14.716476482],[-72.041427607,-14.722531357],[-72.047790482,-14.738767607],[-72.043182357,-14.754126608],[-72.038230857,-14.760019358],[-72.036903357,-14.769019107],[-72.040962232,-14.778769482],[-72.038940481,-14.788134482],[-72.034492482,-14.792941108],[-72.034683231,-14.802234608],[-72.038955732,-14.804779107],[-72.040519732,-14.810502107],[-72.032775857,-14.813133232],[-72.025649982,-14.822236108],[-72.025215106,-14.829114857],[-72.040321357,-14.839219107],[-72.042282106,-14.862666108],[-72.047126731,-14.875062982],[-72.042846732,-14.879935233],[-72.046844482,-14.887439733],[-72.054206856,-14.883603108],[-72.063095107,-14.887876483],[-72.076621982,-14.883695607],[-72.090248107,-14.856802983],[-72.098083482,-14.849872607],[-72.107322732,-14.847557107],[-72.111587482,-14.841289483],[-72.118293732,-14.841806357],[-72.115974481,-14.839398358],[-72.117980982,-14.835585608],[-72.131172106,-14.828312857],[-72.132934607,-14.816822983],[-72.138603232,-14.812244357],[-72.131683357,-14.789396232],[-72.136093106,-14.782347732],[-72.145744357,-14.777418107],[-72.156089732,-14.778173483],[-72.159667981,-14.786341607],[-72.170631357,-14.778644482],[-72.179923981,-14.776492107],[-72.186065732,-14.780374482],[-72.189323482,-14.778236358],[-72.202110232,-14.787782608],[-72.202789356,-14.797868733],[-72.212196357,-14.803241733],[-72.220634482,-14.799972608],[-72.224922232,-14.806014107],[-72.241577107,-14.812494232],[-72.252639732,-14.803659483],[-72.270667982,-14.813453732],[-72.292526107,-14.818498607],[-72.318389732,-14.834089232],[-72.350143481,-14.827785608],[-72.393195982,-14.824908232],[-72.406478857,-14.827085482],[-72.417762732,-14.821931857],[-72.419609107,-14.806316358],[-72.432342482,-14.798689857],[-72.434570357,-14.790140107],[-72.444709732,-14.790779107],[-72.450904857,-14.784110107],[-72.459678607,-14.782628107],[-72.469184857,-14.786989232],[-72.470985357,-14.773578607],[-72.468643232,-14.762527482],[-72.479568482,-14.754862733],[-72.486434982,-14.742505108],[-72.482643107,-14.730405857],[-72.488464357,-14.723461108],[-72.486846982,-14.713180482],[-72.471511857,-14.705152357],[-72.460128732,-14.675756483],[-72.463142357,-14.668109858],[-72.471771232,-14.661398857],[-72.463778232,-14.642502357],[-72.465461607,-14.625020857],[-72.461699482,-14.605869607],[-72.468071982,-14.601064857],[-72.470230482,-14.589910107],[-72.483985857,-14.582015858],[-72.484701482,-14.573598857],[-72.502904982,-14.552580982],[-72.494650357,-14.546482232],[-72.491639482,-14.533539982],[-72.470360357,-14.517276232],[-72.459759232,-14.504466107],[-72.444440482,-14.497034482],[-72.440498107,-14.481748107],[-72.427460982,-14.479023482],[-72.399275357,-14.484169982],[-72.393081982,-14.481849607],[-72.381864732,-14.467474482],[-72.365489607,-14.461765107],[-72.363884732,-14.449472607],[-72.357625357,-14.435963857],[-72.340888232,-14.427838358],[-72.325944982,-14.438741732],[-72.317199232,-14.440689482],[-72.305691357,-14.428753857],[-72.298175232,-14.428588232],[-72.289855357,-14.423930482],[-72.294802232,-14.410792357],[-72.280446232,-14.410783732],[-72.269782732,-14.404452107],[-72.249505232,-14.402926232],[-72.248742356,-14.386142107],[-72.240389107,-14.361510107],[-72.239515607,-14.348472357],[-72.224838481,-14.349294607],[-72.216217232,-14.334086107],[-72.206982732,-14.331172107],[-72.205577357,-14.320250357],[-72.199164482,-14.315266982],[-72.187106857,-14.313223607],[-72.186220732,-14.304244107],[-72.176445357,-14.299437482],[-72.170282481,-14.291179357],[-72.170642856,-14.275503982],[-72.161167732,-14.263794732],[-72.143206857,-14.256169607],[-72.136272607,-14.259819482],[-72.125928731,-14.254001982],[-72.100320606,-14.230696732],[-72.095609606,-14.220145482],[-72.085362232,-14.208612981],[-72.076480481,-14.207429731],[-72.089271482,-14.190576232],[-72.095187482,-14.173404357],[-72.089419981,-14.169874982],[-72.086722607,-14.161664232],[-72.061492232,-14.141853482],[-72.063001982,-14.137519482],[-72.056693357,-14.129339857],[-72.064378857,-14.116423857],[-72.057540981,-14.106660107],[-72.064613232,-14.090617232],[-72.061765606,-14.082396482],[-72.067902356,-14.076542982],[-72.063253857,-14.063498107],[-72.063083857,-14.045677732],[-72.051203107,-14.026748106],[-72.053886732,-14.022486232],[-72.051673856,-14.012386731],[-72.058279356,-13.986409982],[-72.056691357,-13.970535231],[-72.060170106,-13.965085981],[-72.056046857,-13.952390607],[-72.055546231,-13.930678731],[-72.062808607,-13.919921857],[-72.077826232,-13.906728481],[-72.082087856,-13.888066356],[-72.091236856,-13.885389106],[-72.093261731,-13.875089856],[-72.104730482,-13.856078106],[-72.108456981,-13.831783107],[-72.113179732,-13.822550732],[-72.119648482,-13.821064481],[-72.130818357,-13.788203481],[-72.135332107,-13.783064732],[-72.147551857,-13.779242482],[-72.165909732,-13.747636482],[-72.177092857,-13.744121981],[-72.189401732,-13.745352856],[-72.206366732,-13.728071981],[-72.231875107,-13.721723232],[-72.232726607,-13.718923607],[-72.228623732,-13.715972356],[-72.230926732,-13.705277106],[-72.244775107,-13.698213231],[-72.244762482,-13.687431856],[-72.249408356,-13.693228106],[-72.257873732,-13.687967981],[-72.260766357,-13.682339231],[-72.266160482,-13.685008481],[-72.277417857,-13.684148482],[-72.281784606,-13.690536606],[-72.290283482,-13.690056356],[-72.297285857,-13.696478107],[-72.297754982,-13.703659106],[-72.312339732,-13.708490232],[-72.316773482,-13.704626982],[-72.314996107,-13.698324231],[-72.332976607,-13.691669982],[-72.341093732,-13.684474607],[-72.354644607,-13.681632856],[-72.369437481,-13.665660106],[-72.378472607,-13.661542982],[-72.389402357,-13.663962856],[-72.403039107,-13.658640606],[-72.404109357,-13.652208981],[-72.397597607,-13.647119232],[-72.399829357,-13.633684731],[-72.405956232,-13.623510856],[-72.418142232,-13.615040231],[-72.421397857,-13.606079732],[-72.438211232,-13.605152731],[-72.451286607,-13.599967856],[-72.458349607,-13.594965356],[-72.459856107,-13.590217357],[-72.465884107,-13.587834481],[-72.488959982,-13.591821231],[-72.494838232,-13.579348731],[-72.504921607,-13.574171356],[-72.516346482,-13.572950606],[-72.523166732,-13.566597481],[-72.536160357,-13.572100606],[-72.543109357,-13.558436856],[-72.551410732,-13.554281481],[-72.563042107,-13.551416232],[-72.574310357,-13.562509357],[-72.593390357,-13.562169106],[-72.594848733,-13.552301356],[-72.601430732,-13.544301607],[-72.613426607,-13.546048481],[-72.614738482,-13.542101231],[-72.621035483,-13.540899106],[-72.626552607,-13.535368606],[-72.636875857,-13.542142482],[-72.649170857,-13.524880856],[-72.648141357,-13.518881231],[-72.655868732,-13.513496981],[-72.668364982,-13.517283606],[-72.672067483,-13.522099606],[-72.679334732,-13.515307481],[-72.695700483,-13.510360981],[-72.702599483,-13.502621856],[-72.709238107,-13.501178232],[-72.716290857,-13.490433356],[-72.728195483,-13.491699482],[-72.732467357,-13.484173357],[-72.748466357,-13.481120356],[-72.751339733,-13.472357731],[-72.769755107,-13.454488106],[-72.770948983,-13.449293731],[-72.774884357,-13.449532732],[-72.780649357,-13.456535731],[-72.792745732,-13.456507732],[-72.797662232,-13.448239481],[-72.792891608,-13.427656856],[-72.798314357,-13.421766606],[-72.816256233,-13.426515731],[-72.829166608,-13.421462481],[-72.838273357,-13.427069981],[-72.865786482,-13.415880856],[-72.884072983,-13.416978981],[-72.889908232,-13.407986356],[-72.888837608,-13.399429856],[-72.895499858,-13.388924231],[-72.908277233,-13.389703856],[-72.910565732,-13.384562856],[-72.925960607,-13.383068356],[-72.951913607,-13.389610481],[-72.977064733,-13.388173231],[-72.979263732,-13.394300981],[-72.986460483,-13.398629356],[-72.987633858,-13.404287731],[-73.000671358,-13.411162731],[-73.005773357,-13.422001356],[-73.015125733,-13.426668856],[-73.028022857,-13.419819106],[-73.031570357,-13.413544356],[-73.038332483,-13.415230481],[-73.044051607,-13.411962481],[-73.060444232,-13.438020356],[-73.076506608,-13.443687231],[-73.088848732,-13.444260856],[-73.097288357,-13.448876106],[-73.104076607,-13.448154731],[-73.110664857,-13.434543481],[-73.126092607,-13.440045356],[-73.144110482,-13.419115732],[-73.150551108,-13.424539356],[-73.148647608,-13.435212731],[-73.157721732,-13.437368356],[-73.162650608,-13.447824981],[-73.169778233,-13.452438356],[-73.176192983,-13.451212981],[-73.186124358,-13.441134231],[-73.183897983,-13.432315607],[-73.190726858,-13.425154106],[-73.187107608,-13.416354231],[-73.204821108,-13.411719856],[-73.211875608,-13.419064732],[-73.215563108,-13.418493481],[-73.227682733,-13.410780981],[-73.236105983,-13.411136356],[-73.249042982,-13.403637231],[-73.250535607,-13.392370607],[-73.258129358,-13.395129731],[-73.260095483,-13.384225106],[-73.272233482,-13.380036606],[-73.279889983,-13.371390981],[-73.286913358,-13.372564981],[-73.289582733,-13.354993606],[-73.297694483,-13.354604981],[-73.304173608,-13.350173231],[-73.303603483,-13.342631481],[-73.312363233,-13.337137231],[-73.312674232,-13.324567856],[-73.321304357,-13.321431856],[-73.329662608,-13.308616606],[-73.341583858,-13.311240231],[-73.348812608,-13.300489981],[-73.341100483,-13.291274106],[-73.349074983,-13.292946481],[-73.352734858,-13.290692356],[-73.346908608,-13.285980981],[-73.346211732,-13.278436856],[-73.352282983,-13.270281856],[-73.364348357,-13.269428481],[-73.370021608,-13.258735481],[-73.370895358,-13.245948606],[-73.382465483,-13.238438731],[-73.382324733,-13.224873606],[-73.400137607,-13.210041231],[-73.409618983,-13.211918731],[-73.414969983,-13.195513981],[-73.404735483,-13.190410981],[-73.402233358,-13.181712731],[-73.409453983,-13.173681856],[-73.407523733,-13.162910356],[-73.415816733,-13.152877731],[-73.414661608,-13.145089106],[-73.424122983,-13.130441606],[-73.434799483,-13.139967981],[-73.438531858,-13.128748981],[-73.455154108,-13.120741606],[-73.449295108,-13.115446856],[-73.448368858,-13.106929106],[-73.443453983,-13.104829731],[-73.452616983,-13.099717231],[-73.455432608,-13.09339448],[-73.449257983,-13.079588231],[-73.461928233,-13.079983355],[-73.466052858,-13.073092606],[-73.465385983,-13.067313231],[-73.478180983,-13.055917981],[-73.481524233,-13.057641605],[-73.483204483,-13.066276731],[-73.490133483,-13.067004356],[-73.489345358,-13.055389605],[-73.492529108,-13.047020106],[-73.478464858,-13.034270731],[-73.479759733,-13.01540548],[-73.476572608,-13.001102231],[-73.487608608,-12.998910981],[-73.499680733,-13.010186231],[-73.504680983,-13.011122481],[-73.519940358,-13.004688106],[-73.521453358,-12.99104523],[-73.530032483,-12.985266105],[-73.508035858,-12.971897355],[-73.510236358,-12.951541106],[-73.500898858,-12.94657348],[-73.495931358,-12.933463606],[-73.504222983,-12.931110481],[-73.520283483,-12.939215606],[-73.529846108,-12.931963356],[-73.533295358,-12.91932948],[-73.522426233,-12.907537981],[-73.523676483,-12.899478106],[-73.560648608,-12.868874355],[-73.581899108,-12.858679856],[-73.591451108,-12.842844606],[-73.588306483,-12.831340981],[-73.590021733,-12.824168106],[-73.603844108,-12.810872606],[-73.615451358,-12.808016481],[-73.626729108,-12.787694481],[-73.625667233,-12.764992481],[-73.644780858,-12.744853605],[-73.659888108,-12.734395105],[-73.656095358,-12.723469731],[-73.677919108,-12.698619605],[-73.682464858,-12.687812105],[-73.693272358,-12.687719355],[-73.697586108,-12.68275623],[-73.698328233,-12.672134105],[-73.712104483,-12.66596498],[-73.723700734,-12.64541673],[-73.725038483,-12.636729605],[-73.735965733,-12.639153356],[-73.743415859,-12.65152823],[-73.756587859,-12.651462355],[-73.771622858,-12.642031105],[-73.785815108,-12.623436356],[-73.800063483,-12.615453105],[-73.804799859,-12.57598048],[-73.811888359,-12.558396605],[-73.822552483,-12.54474798],[-73.824022983,-12.53347798],[-73.833176483,-12.53066698],[-73.844185858,-12.53945823],[-73.854441858,-12.53216698],[-73.855012858,-12.512840856],[-73.852135858,-12.50267273],[-73.854310108,-12.48905673],[-73.872589859,-12.45378173],[-73.885924983,-12.40614048],[-73.899928983,-12.40295973],[-73.905293983,-12.393302605],[-73.928019483,-12.378752355],[-73.932563483,-12.369416355],[-73.940907983,-12.365574605],[-73.947766608,-12.350661855],[-73.959816108,-12.351347105],[-73.970072484,-12.34781148],[-73.965858983,-12.336451355],[-73.973996984,-12.305758355],[-73.970615233,-12.275564105],[-73.980936984,-12.252510355],[-73.980451609,-12.242588355],[-73.972279984,-12.24354998],[-73.964609983,-12.23813998],[-73.949049983,-12.234730105],[-73.937407358,-12.22271173],[-73.923836858,-12.22474923],[-73.901423858,-12.24900073],[-73.883326608,-12.235786855],[-73.873369984,-12.23360998],[-73.859959983,-12.24004998],[-73.843249983,-12.23942998],[-73.831235234,-12.22776023],[-73.801893983,-12.220297105],[-73.793680483,-12.23054323],[-73.772404983,-12.23834423],[-73.761413733,-12.25324723],[-73.751174483,-12.255815105],[-73.737500858,-12.26662223],[-73.720795984,-12.26375573],[-73.703109358,-12.270494105],[-73.690878608,-12.291004105],[-73.689066608,-12.29940598],[-73.659915608,-12.32874773],[-73.660782983,-12.336713855],[-73.655979608,-12.351656355],[-73.657694483,-12.35953948],[-73.651293733,-12.36104323],[-73.636500983,-12.37878548],[-73.628350983,-12.373702355],[-73.607865483,-12.37987898],[-73.604222233,-12.386904355],[-73.599102233,-12.385899355],[-73.590465358,-12.37694423],[-73.586068608,-12.366176105],[-73.589491608,-12.36125523],[-73.584953858,-12.31310648],[-73.574326358,-12.276842355],[-73.558947483,-12.274888355],[-73.554532733,-12.265697105],[-73.548121108,-12.26092973],[-73.534823358,-12.25949523],[-73.521703983,-12.24998098],[-73.497834108,-12.25237473],[-73.469865233,-12.23689448],[-73.469648483,-12.21996648],[-73.464738608,-12.214765355],[-73.450633608,-12.170206355],[-73.439521108,-12.15200773],[-73.429007608,-12.15261273],[-73.417586858,-12.147923355],[-73.414788233,-12.14353648],[-73.396991733,-12.13946723],[-73.381747983,-12.140581605],[-73.361887358,-12.13596473],[-73.361688233,-12.12589498],[-73.356121358,-12.111076355],[-73.363949358,-12.111674105],[-73.383960858,-12.103333605],[-73.401015483,-12.090833605],[-73.391230358,-12.075711105],[-73.400336483,-12.07346123],[-73.408450483,-12.064205105],[-73.398873983,-12.045751604],[-73.397884858,-12.02094348],[-73.405314483,-12.005494105],[-73.421445858,-12.015441855],[-73.425351733,-12.003161979],[-73.436069483,-11.99584998],[-73.437413108,-11.98828823],[-73.430101358,-11.982101354],[-73.445185233,-11.961038854],[-73.441134983,-11.944200105],[-73.442723733,-11.939314604],[-73.447947358,-11.934478605],[-73.454906483,-11.934653855],[-73.462659108,-11.92980848],[-73.464320358,-11.922286604],[-73.485270858,-11.893306605],[-73.490531608,-11.87817048],[-73.506549108,-11.865265479],[-73.545575608,-11.852291605],[-73.555257608,-11.85236173],[-73.577505108,-11.83648473],[-73.581321733,-11.82020773],[-73.581327358,-11.789062729],[-73.579914233,-11.769388105],[-73.570522983,-11.762889855],[-73.571936608,-11.742627355],[-73.583183734,-11.718826979],[-73.612081108,-11.679760354],[-73.608269608,-11.660160104],[-73.591106608,-11.635204854],[-73.582031983,-11.61557598],[-73.559650983,-11.59205098],[-73.502332483,-11.56316198],[-73.492130983,-11.551798979],[-73.493090608,-11.544779104],[-73.487126233,-11.53491598],[-73.476177358,-11.53903698],[-73.450402233,-11.533067604],[-73.453813358,-11.505327105],[-73.479716233,-11.471363854],[-73.474534483,-11.462151854],[-73.476568733,-11.458351854],[-73.467740608,-11.444149854],[-73.456762858,-11.442115604],[-73.453001233,-11.425380354],[-73.445861983,-11.420620729],[-73.443302733,-11.409678854],[-73.430104983,-11.399923104],[-73.419749483,-11.38393823],[-73.413910733,-11.387229479],[-73.408047781,-11.385976294],[-73.401644287,-11.375849839],[-73.396283223,-11.377413482],[-73.386262483,-11.371270229],[-73.378660483,-11.350740729],[-73.351681232,-11.332342354],[-73.346172162,-11.313453005],[-73.316716858,-11.307364729],[-73.296884107,-11.308371979],[-73.288538482,-11.312736604],[-73.271162108,-11.309294354],[-73.255998858,-11.312535229],[-73.245176358,-11.308136855],[-73.237131733,-11.299513479],[-73.213187981,-11.299082374],[-73.205995233,-11.290195729],[-73.193728233,-11.293155479],[-73.186457118,-11.28597755],[-73.171263983,-11.289449979],[-73.168399944,-11.293315325],[-73.158680858,-11.290916729],[-73.131661983,-11.293927479],[-73.096286993,-11.276595688],[-73.082137292,-11.273284213],[-73.065040983,-11.284354979],[-73.041314483,-11.275581979],[-73.039025608,-11.271308729],[-73.025550726,-11.264160997],[-73.015722108,-11.231369152],[-72.977061608,-11.212293479],[-72.966180482,-11.217323729],[-72.975483232,-11.224351604],[-72.972802108,-11.251894479]]]]},"properties":{"name":"Cusco","mapcolor":8,"cartodb_id":8}},{"type":"Feature","geometry":{"type":"MultiPolygon","coordinates":[[[[-74.571176109,-11.987104105],[-74.566958859,-11.997463605],[-74.557677984,-12.000949355],[-74.550104109,-11.99644523],[-74.543562984,-11.999012854],[-74.528185733,-12.015236354],[-74.509688109,-12.021511105],[-74.501124234,-12.020806105],[-74.487615734,-12.03371298],[-74.480682234,-12.026587105],[-74.475984734,-12.029723355],[-74.470420859,-12.02717123],[-74.463115109,-12.03512098],[-74.454375734,-12.03394598],[-74.451467234,-12.040100355],[-74.453068359,-12.04862098],[-74.442478109,-12.045037105],[-74.440406984,-12.05665548],[-74.433121609,-12.069891105],[-74.429904859,-12.071374605],[-74.421370983,-12.067526105],[-74.414220984,-12.07646298],[-74.414100234,-12.08396398],[-74.418905234,-12.08758323],[-74.419520234,-12.093775855],[-74.410309984,-12.10648523],[-74.398815609,-12.10361148],[-74.363483984,-12.137842605],[-74.356426859,-12.135509605],[-74.351474359,-12.137575605],[-74.352384109,-12.14776498],[-74.358725734,-12.14911223],[-74.361305234,-12.155222855],[-74.356371608,-12.163104105],[-74.346153859,-12.165583355],[-74.343198734,-12.171118105],[-74.345945609,-12.17373673],[-74.350779984,-12.16794998],[-74.369039984,-12.17778998],[-74.378849984,-12.17600998],[-74.382099984,-12.17860998],[-74.380699984,-12.18571998],[-74.387369984,-12.18797998],[-74.388859984,-12.19266998],[-74.377149984,-12.21458998],[-74.376069983,-12.22918998],[-74.393679984,-12.25246998],[-74.392379984,-12.26100998],[-74.384779984,-12.27152998],[-74.406419984,-12.29016998],[-74.414929984,-12.30374998],[-74.419859117,-12.301290684],[-74.422557467,-12.292968229],[-74.432214604,-12.288877055],[-74.441467769,-12.272872211],[-74.453051436,-12.269732956],[-74.461405767,-12.273122959],[-74.474699771,-12.272305395],[-74.479886614,-12.278468126],[-74.485087552,-12.277596157],[-74.494828937,-12.284782926],[-74.497706171,-12.293854431],[-74.495955749,-12.298588876],[-74.502836609,-12.30267373],[-74.507102359,-12.31246448],[-74.513927484,-12.31222073],[-74.519263734,-12.304277355],[-74.523840109,-12.304258105],[-74.535048859,-12.295003855],[-74.555446859,-12.288089105],[-74.572225234,-12.30978323],[-74.574784609,-12.31957398],[-74.580662734,-12.32365548],[-74.581122859,-12.33331898],[-74.575637734,-12.345980605],[-74.575989984,-12.37316998],[-74.571639984,-12.37198998],[-74.564619984,-12.36090998],[-74.549429984,-12.37384998],[-74.548179984,-12.38401998],[-74.539229984,-12.39285998],[-74.534899984,-12.409999981],[-74.529889984,-12.41218998],[-74.520599984,-12.40964998],[-74.516949984,-12.428949981],[-74.522049984,-12.43612998],[-74.506999984,-12.44823998],[-74.453929983,-12.44390998],[-74.443959984,-12.448469981],[-74.422449983,-12.44520998],[-74.409249984,-12.45191998],[-74.401579984,-12.46747998],[-74.403549984,-12.47515998],[-74.411799984,-12.48087998],[-74.415189984,-12.491749981],[-74.412159984,-12.497179981],[-74.404399984,-12.496039981],[-74.398699983,-12.502689981],[-74.397169984,-12.51762998],[-74.400009983,-12.52455998],[-74.384269984,-12.544849981],[-74.383779984,-12.55882998],[-74.386859984,-12.566809981],[-74.382839983,-12.571299981],[-74.366319984,-12.57582998],[-74.368110109,-12.58702998],[-74.363289984,-12.594269981],[-74.330669983,-12.605359981],[-74.324229983,-12.60385998],[-74.324679984,-12.61206998],[-74.330309984,-12.616129981],[-74.336389984,-12.61553998],[-74.342229859,-12.62533998],[-74.340049984,-12.63597998],[-74.331779984,-12.645019981],[-74.327169984,-12.680199981],[-74.333099983,-12.688629981],[-74.340839984,-12.69015998],[-74.349369984,-12.71713998],[-74.340609983,-12.72669998],[-74.340359984,-12.732829981],[-74.331569984,-12.73701998],[-74.332559983,-12.74102998],[-74.328369984,-12.74423998],[-74.324609984,-12.744659981],[-74.313529984,-12.73709998],[-74.294089984,-12.75117998],[-74.288609984,-12.759859981],[-74.293289984,-12.766959981],[-74.286109984,-12.774619856],[-74.288119984,-12.78078998],[-74.284969983,-12.788309981],[-74.286219984,-12.801349856],[-74.295729859,-12.79894998],[-74.298414108,-12.805744981],[-74.292399984,-12.824759981],[-74.294898484,-12.830152355],[-74.306987234,-12.827481355],[-74.313325859,-12.834941231],[-74.323619984,-12.832509981],[-74.329629983,-12.836149981],[-74.332489983,-12.85799998],[-74.319199984,-12.886519981],[-74.320267358,-12.896375981],[-74.330059984,-12.91541998],[-74.326046234,-12.92986448],[-74.304489984,-12.92937998],[-74.295446484,-12.93688173],[-74.299419984,-12.95188998],[-74.297489734,-12.967938981],[-74.290229984,-12.991289981],[-74.279048275,-13.002727297],[-74.272650038,-13.016060019],[-74.271160038,-13.038290019],[-74.275260039,-13.044870019],[-74.270040038,-13.065950019],[-74.27348243,-13.070979238],[-74.281549734,-13.073794605],[-74.289159984,-13.065629981],[-74.311446109,-13.058868981],[-74.331330109,-13.043205106],[-74.337023359,-13.032404106],[-74.345876359,-13.025844606],[-74.357839984,-13.025799981],[-74.367119984,-13.021199981],[-74.379909984,-13.02448998],[-74.386229984,-13.029309981],[-74.389609984,-13.042339981],[-74.400879984,-13.05440998],[-74.411269984,-13.079389981],[-74.411510038,-13.106000019],[-74.408440039,-13.109610019],[-74.411140038,-13.111970019],[-74.410870039,-13.119700019],[-74.388720038,-13.12966002],[-74.389050012,-13.152300019],[-74.398470013,-13.16085002],[-74.397100012,-13.163300019],[-74.396009958,-13.168829981],[-74.409242208,-13.160552856],[-74.420425708,-13.159539106],[-74.449279208,-13.178634731],[-74.458438833,-13.190038106],[-74.467949208,-13.187718731],[-74.481986333,-13.192521481],[-74.494171833,-13.186595731],[-74.517058708,-13.196691856],[-74.525611333,-13.189593731],[-74.530716708,-13.195517606],[-74.537949333,-13.196336106],[-74.542212833,-13.20050198],[-74.557795958,-13.185558481],[-74.572326958,-13.184734481],[-74.580101583,-13.193007856],[-74.579421834,-13.201343731],[-74.584808583,-13.203089856],[-74.585953083,-13.210759731],[-74.595634708,-13.212845731],[-74.601644583,-13.221824356],[-74.600688709,-13.227385481],[-74.608211397,-13.230292087],[-74.622191333,-13.243982481],[-74.644654208,-13.274136731],[-74.653505708,-13.270576106],[-74.663498083,-13.271484356],[-74.689409087,-13.286463962],[-74.677248993,-13.292743931],[-74.670974208,-13.316494481],[-74.665632834,-13.32014656],[-74.666012295,-13.32847282],[-74.658040224,-13.333869156],[-74.650206959,-13.333524231],[-74.633209984,-13.345099981],[-74.646949984,-13.351419981],[-74.655770109,-13.350609981],[-74.661609984,-13.355209981],[-74.679300859,-13.350778981],[-74.688219984,-13.352979981],[-74.699459985,-13.363509981],[-74.718279984,-13.363789981],[-74.728307234,-13.362194106],[-74.734354609,-13.357403981],[-74.738545984,-13.352853481],[-74.736749734,-13.344351106],[-74.739029234,-13.339572231],[-74.745192234,-13.338124106],[-74.752257484,-13.328244606],[-74.759622234,-13.325071106],[-74.764199234,-13.330138606],[-74.763863234,-13.341392606],[-74.770087859,-13.346328106],[-74.786659984,-13.348159856],[-74.808879984,-13.357419981],[-74.846709984,-13.353279981],[-74.857789984,-13.355209981],[-74.861959985,-13.359219981],[-74.869189985,-13.360099981],[-74.878800109,-13.374869856],[-74.887699985,-13.380019981],[-74.897720109,-13.395309981],[-74.892789984,-13.415039981],[-74.904139984,-13.431149981],[-74.899799985,-13.450750106],[-74.903009985,-13.458699981],[-74.902099984,-13.466439981],[-74.889259985,-13.469959981],[-74.883279984,-13.475099981],[-74.871849984,-13.475629981],[-74.862179985,-13.481789981],[-74.854599859,-13.495109981],[-74.847579985,-13.499309981],[-74.845219984,-13.508339856],[-74.839180109,-13.512719981],[-74.840069984,-13.521039981],[-74.832709984,-13.527179981],[-74.831859985,-13.532189981],[-74.821559984,-13.537009982],[-74.814319984,-13.535889981],[-74.799569984,-13.547469981],[-74.779908234,-13.582162106],[-74.771388234,-13.606498856],[-74.772046484,-13.615329482],[-74.778212859,-13.627408231],[-74.774849609,-13.638751981],[-74.781151359,-13.648183731],[-74.773970734,-13.671626981],[-74.772485234,-13.691513981],[-74.775391234,-13.710538481],[-74.772485234,-13.718773607],[-74.763435234,-13.723271231],[-74.753890609,-13.736976606],[-74.761186485,-13.748830606],[-74.759540984,-13.757715981],[-74.766792984,-13.772488231],[-74.762314484,-13.781904356],[-74.767205109,-13.785130857],[-74.778923859,-13.784605482],[-74.776123109,-13.801792981],[-74.768822234,-13.810710981],[-74.760363734,-13.831487231],[-74.762275359,-13.851402356],[-74.767386734,-13.866587856],[-74.782851609,-13.879150481],[-74.785155234,-13.888310232],[-74.783439485,-13.894263607],[-74.777007859,-13.897503856],[-74.785923109,-13.928788357],[-74.776434359,-13.948533607],[-74.775008234,-13.962245856],[-74.767954734,-13.978552357],[-74.769490484,-13.983686106],[-74.780372359,-13.982501357],[-74.785330734,-13.990267981],[-74.778590984,-13.998345982],[-74.783570484,-14.019214857],[-74.773994109,-14.044658232],[-74.767449234,-14.044851607],[-74.765685609,-14.071830107],[-74.758712859,-14.078595732],[-74.771544859,-14.090318357],[-74.787574234,-14.086208981],[-74.792060609,-14.089351606],[-74.810066359,-14.086988232],[-74.825187484,-14.092279231],[-74.841765609,-14.071304732],[-74.85274411,-14.076205106],[-74.860794859,-14.067193357],[-74.869386735,-14.074052731],[-74.878113234,-14.076253857],[-74.896201234,-14.103904232],[-74.907890609,-14.092154231],[-74.92515611,-14.099419982],[-74.933501984,-14.091880856],[-74.943603484,-14.094921856],[-74.948921859,-14.087273482],[-74.957955109,-14.086136732],[-74.975113234,-14.074285106],[-74.989013735,-14.074982357],[-75.015724484,-14.069347607],[-75.029919985,-14.073039982],[-75.02949011,-14.080689982],[-75.036499984,-14.097929982],[-75.044089984,-14.101559982],[-75.054254109,-14.114785857],[-75.054889984,-14.127119982],[-75.057889985,-14.129919982],[-75.063532485,-14.088407231],[-75.069599984,-14.079846482],[-75.08850211,-14.081569857],[-75.10398636,-14.050458982],[-75.108841735,-14.032884732],[-75.120693359,-14.041609356],[-75.126778234,-14.050879232],[-75.165679984,-14.072529982],[-75.186591735,-14.054113232],[-75.25852911,-14.043166231],[-75.260896609,-14.039679107],[-75.23789686,-14.016276482],[-75.233442735,-14.003285231],[-75.239366859,-14.004365482],[-75.251677359,-13.997846482],[-75.270424734,-14.010594481],[-75.277160485,-14.008423357],[-75.319048485,-14.018996482],[-75.329010984,-14.018023357],[-75.35568361,-13.995765607],[-75.35343686,-13.992428607],[-75.358935485,-13.983863232],[-75.359218735,-13.971503856],[-75.381689485,-13.962763732],[-75.39399911,-13.946168606],[-75.405360359,-13.943574857],[-75.415431609,-13.927375107],[-75.43381636,-13.913900357],[-75.443988234,-13.912960982],[-75.446072235,-13.909222607],[-75.457218735,-13.905464856],[-75.47517186,-13.912716857],[-75.497894485,-13.900216857],[-75.50242036,-13.901315607],[-75.50370136,-13.897438482],[-75.52206011,-13.885114731],[-75.546333985,-13.889417981],[-75.550242234,-13.886027357],[-75.549915985,-13.881453107],[-75.55593111,-13.878361357],[-75.560080235,-13.870927106],[-75.55920636,-13.863761232],[-75.566185485,-13.854054731],[-75.56465361,-13.843108231],[-75.54308986,-13.835083981],[-75.536302734,-13.829591856],[-75.53446661,-13.823367232],[-75.526269485,-13.819667982],[-75.52482911,-13.814399982],[-75.52752236,-13.796958357],[-75.53835911,-13.792822482],[-75.541757735,-13.781889357],[-75.538134735,-13.778426731],[-75.537589734,-13.762395856],[-75.54871511,-13.756913357],[-75.554582359,-13.749571231],[-75.54602186,-13.743639856],[-75.537365235,-13.745884107],[-75.531200985,-13.742710606],[-75.52906786,-13.728433481],[-75.518584235,-13.717949856],[-75.515910485,-13.696393106],[-75.50758361,-13.686535231],[-75.50105536,-13.686732981],[-75.496208735,-13.673330356],[-75.488196859,-13.675902106],[-75.48456211,-13.654708481],[-75.49239286,-13.635362106],[-75.51400711,-13.617092231],[-75.51957536,-13.603514856],[-75.510699985,-13.590179982],[-75.509690985,-13.565427856],[-75.495821859,-13.567053857],[-75.477310485,-13.525484357],[-75.494929985,-13.524049981],[-75.483720735,-13.514193482],[-75.48451361,-13.504833982],[-75.476287234,-13.492820356],[-75.476343734,-13.488046856],[-75.47016211,-13.483835981],[-75.469634735,-13.474251981],[-75.473439485,-13.463259731],[-75.47045111,-13.442314481],[-75.46570511,-13.434138731],[-75.48518736,-13.415720731],[-75.490636735,-13.397300731],[-75.499810484,-13.389080106],[-75.49218861,-13.377531856],[-75.496552735,-13.373194731],[-75.501275485,-13.354281106],[-75.50324386,-13.352765106],[-75.50522986,-13.371848232],[-75.522349235,-13.391338481],[-75.53116961,-13.389380606],[-75.538064485,-13.404756481],[-75.55064311,-13.406383107],[-75.557848985,-13.402916106],[-75.58512211,-13.402668232],[-75.59897111,-13.389987981],[-75.613316235,-13.408831356],[-75.614945485,-13.416796231],[-75.630485985,-13.414848231],[-75.63342186,-13.411183106],[-75.651198485,-13.426845606],[-75.677413235,-13.429969356],[-75.689280985,-13.439670107],[-75.69577086,-13.435507232],[-75.703218735,-13.421665981],[-75.709471235,-13.421770856],[-75.71882961,-13.412576481],[-75.73524786,-13.410191606],[-75.74493811,-13.404794356],[-75.752142985,-13.412852731],[-75.762523485,-13.413765856],[-75.768830985,-13.409843357],[-75.805985235,-13.401433356],[-75.809657985,-13.388856482],[-75.80781761,-13.384143481],[-75.800949985,-13.380058731],[-75.79305636,-13.350392106],[-75.78447936,-13.332447481],[-75.762240736,-13.319154481],[-75.754158735,-13.308939231],[-75.74374936,-13.313588981],[-75.730927735,-13.310306606],[-75.706481485,-13.288286856],[-75.703419235,-13.266799606],[-75.70532336,-13.246264231],[-75.70038261,-13.241220481],[-75.70244136,-13.226886981],[-75.696959985,-13.218883856],[-75.68894936,-13.214274106],[-75.70628986,-13.187651106],[-75.698913985,-13.170797231],[-75.700437485,-13.165648481],[-75.694689735,-13.158348356],[-75.69676911,-13.15415223],[-75.69399311,-13.146627731],[-75.69966561,-13.141886605],[-75.70784961,-13.142722606],[-75.706509235,-13.135466231],[-75.712127735,-13.116171855],[-75.718768235,-13.109764731],[-75.705085985,-13.087186105],[-75.705515485,-13.080437105],[-75.694962485,-13.074792481],[-75.69563736,-13.05822648],[-75.692753735,-13.048961981],[-75.68661836,-13.043071981],[-75.68146436,-13.040556355],[-75.67631061,-13.042703856],[-75.677598985,-13.054483981],[-75.65251886,-13.070503856],[-75.628608235,-13.057066731],[-75.63803161,-13.040204481],[-75.63898986,-13.03077823],[-75.62834261,-13.020034731],[-75.62097836,-13.019672606],[-75.61886561,-13.012972231],[-75.609950235,-13.00676348],[-75.610358735,-12.997399605],[-75.602608485,-12.980183356],[-75.609005485,-12.968472856],[-75.61439311,-12.964933356],[-75.616023985,-12.954533606],[-75.62266211,-12.949373105],[-75.618205609,-12.94599773],[-75.618417485,-12.941697981],[-75.628096985,-12.934962605],[-75.627673485,-12.927824606],[-75.636337485,-12.915582231],[-75.63077461,-12.909073606],[-75.628432235,-12.897479731],[-75.62128511,-12.889775356],[-75.61271436,-12.859151856],[-75.59990286,-12.85690123],[-75.57041111,-12.842858856],[-75.561719235,-12.82938948],[-75.56033211,-12.81739973],[-75.556048734,-12.816641356],[-75.54698611,-12.823101731],[-75.53990086,-12.816224605],[-75.53022861,-12.821619231],[-75.522266735,-12.806211106],[-75.52022361,-12.78872873],[-75.512927485,-12.788056855],[-75.50824261,-12.779827355],[-75.508172985,-12.775046606],[-75.51413911,-12.77388023],[-75.51946186,-12.766665981],[-75.54747936,-12.746939855],[-75.55487661,-12.734672605],[-75.56754461,-12.728200105],[-75.57711711,-12.715701231],[-75.569492234,-12.709727855],[-75.553653985,-12.704243356],[-75.554883235,-12.691194605],[-75.551454985,-12.683992605],[-75.553580235,-12.67920348],[-75.56325936,-12.675728105],[-75.558160735,-12.66901773],[-75.561330735,-12.663084106],[-75.575048859,-12.659453106],[-75.579613235,-12.641484356],[-75.551536985,-12.623474981],[-75.548303735,-12.62516173],[-75.52538961,-12.618367231],[-75.510557734,-12.63446723],[-75.500444235,-12.63715498],[-75.49813736,-12.64336948],[-75.490854235,-12.647937356],[-75.48951736,-12.663323356],[-75.48330086,-12.67708723],[-75.467200735,-12.683330606],[-75.459279235,-12.674668106],[-75.45256136,-12.657194231],[-75.457149234,-12.650236355],[-75.460793985,-12.63138598],[-75.45291236,-12.62196073],[-75.442645234,-12.617741481],[-75.430799234,-12.626080106],[-75.415382735,-12.628417106],[-75.410128735,-12.617934106],[-75.412269359,-12.600833105],[-75.40916086,-12.597124105],[-75.409447235,-12.58473048],[-75.399147359,-12.582517981],[-75.391907984,-12.576212731],[-75.367037985,-12.54294873],[-75.34751161,-12.53437998],[-75.32870511,-12.516839855],[-75.31933911,-12.514502856],[-75.318675735,-12.503424481],[-75.324739984,-12.485502105],[-75.313888859,-12.484455355],[-75.309487485,-12.47912748],[-75.302140734,-12.480480981],[-75.301182359,-12.485370105],[-75.297664484,-12.485247605],[-75.288818235,-12.47550498],[-75.279989485,-12.473752105],[-75.277441485,-12.466796606],[-75.26761461,-12.467521855],[-75.251877234,-12.462880355],[-75.242876109,-12.464246355],[-75.229648985,-12.475571855],[-75.223033235,-12.467068355],[-75.215515359,-12.463421105],[-75.213980359,-12.453202355],[-75.22348811,-12.439077355],[-75.213933485,-12.41389073],[-75.217729484,-12.40325173],[-75.21432761,-12.396211605],[-75.220084609,-12.390454605],[-75.207892485,-12.38348548],[-75.182369985,-12.36027998],[-75.16459711,-12.389082105],[-75.154140984,-12.39569923],[-75.145979984,-12.39493998],[-75.135559985,-12.38028998],[-75.131009985,-12.378499855],[-75.140139984,-12.34140998],[-75.135699985,-12.335520105],[-75.129459985,-12.33476998],[-75.130479984,-12.32856998],[-75.120456859,-12.30800023],[-75.110436234,-12.303464855],[-75.098928484,-12.285317855],[-75.105221484,-12.27114223],[-75.100447109,-12.251100605],[-75.09196861,-12.249800105],[-75.092380484,-12.244445605],[-75.08550961,-12.23672773],[-75.071627859,-12.235202605],[-75.061695485,-12.217925855],[-75.05905286,-12.20547298],[-75.052288735,-12.205222855],[-75.04935661,-12.20134298],[-75.053764109,-12.187639355],[-75.048921109,-12.16754773],[-75.072620609,-12.15779998],[-75.076945359,-12.14714573],[-75.075476985,-12.14292873],[-75.06733261,-12.142158605],[-75.062919735,-12.13471598],[-75.067878734,-12.128647605],[-75.064641734,-12.116103105],[-75.07094686,-12.11293298],[-75.068845734,-12.106232855],[-75.070822485,-12.10060773],[-75.065164109,-12.091917104],[-75.070075859,-12.082910855],[-75.07383036,-12.061311105],[-75.086400859,-12.053255855],[-75.074724859,-12.03797598],[-75.06734836,-12.036154605],[-75.065232609,-12.02540523],[-75.04705261,-12.011563605],[-75.048952485,-11.999228105],[-75.026814734,-12.002196355],[-75.02118561,-12.006196105],[-75.021942234,-12.013071605],[-75.012256234,-12.01123173],[-75.010362359,-12.01593948],[-74.997754359,-12.021080104],[-74.987973609,-12.017315105],[-74.967035235,-12.024645855],[-74.959070109,-12.022882605],[-74.952628984,-12.01581123],[-74.948831985,-12.01875048],[-74.939015734,-12.018355605],[-74.920004484,-12.032879105],[-74.907866859,-12.036520355],[-74.896330984,-12.048878355],[-74.88085936,-12.053685605],[-74.87077411,-12.06599198],[-74.837373609,-12.07081848],[-74.818749984,-12.05352998],[-74.794279984,-12.058289979],[-74.779929984,-12.052999855],[-74.759119984,-12.051119979],[-74.750699984,-12.04241998],[-74.744509985,-12.040899979],[-74.730529984,-12.04693998],[-74.716900109,-12.05941998],[-74.710139984,-12.05678998],[-74.699319984,-12.04436998],[-74.683359984,-12.03813998],[-74.679199984,-12.01825998],[-74.661411359,-12.005643605],[-74.657572859,-11.992684105],[-74.649539984,-11.99505098],[-74.641535734,-11.98806523],[-74.624164609,-11.98518198],[-74.619373359,-11.990145104],[-74.612545484,-11.987979105],[-74.602547484,-11.999512105],[-74.592750109,-11.995495729],[-74.593567859,-11.98674548],[-74.582034859,-11.987936105],[-74.573126984,-11.984679855],[-74.571176109,-11.987104105]]]]},"properties":{"name":"Huancavelica","mapcolor":9,"cartodb_id":9}},{"type":"Feature","geometry":{"type":"MultiPolygon","coordinates":[[[[-76.004855907,-8.305169712],[-75.996345993,-8.305633396],[-75.994124986,-8.319234352],[-75.984136986,-8.322839351],[-75.98492386,-8.331665977],[-75.974060486,-8.344042976],[-75.97103111,-8.354859351],[-75.963812485,-8.363755852],[-75.94598436,-8.400874976],[-75.946029235,-8.420351602],[-75.94235936,-8.428634726],[-75.95131636,-8.433783227],[-75.964906235,-8.451742227],[-75.967554735,-8.459925727],[-75.955447235,-8.484474601],[-75.954531235,-8.499486351],[-75.957023485,-8.503945352],[-75.966095735,-8.505933602],[-75.97072661,-8.512400352],[-75.964804735,-8.543519477],[-75.97082611,-8.550515601],[-75.970902361,-8.559134727],[-75.965023485,-8.579974602],[-75.966314485,-8.592027351],[-75.972234235,-8.599505851],[-75.97282611,-8.612904351],[-75.979697235,-8.632267601],[-75.979335985,-8.652880852],[-75.96824611,-8.670855477],[-75.964095735,-8.697357476],[-75.954581986,-8.703300727],[-75.946464861,-8.713550727],[-75.947886018,-8.722507561],[-75.940027829,-8.737746005],[-75.93660659,-8.75463885],[-75.921643962,-8.78081228],[-75.928773059,-8.808010509],[-75.927882819,-8.844538027],[-75.92240544,-8.853217121],[-75.920956948,-8.868962768],[-75.911179638,-8.88489481],[-75.910514899,-8.896324969],[-75.901273486,-8.898151118],[-75.903096641,-8.905684377],[-75.900344655,-8.911912621],[-75.90312073,-8.915495256],[-75.894961627,-8.924727713],[-75.896533966,-8.928074],[-75.883767306,-8.972732545],[-75.885713003,-8.981103085],[-75.894504178,-8.983714084],[-75.89186138,-9.002018253],[-75.878981921,-9.017627088],[-75.874747095,-9.031595857],[-75.866573428,-9.03569118],[-75.860035962,-9.050056111],[-75.849647146,-9.051141212],[-75.837876496,-9.061944495],[-75.840825338,-9.073942262],[-75.837873569,-9.084892707],[-75.825017223,-9.090050848],[-75.819463092,-9.10384669],[-75.821520055,-9.118965408],[-75.809223944,-9.132967743],[-75.802451567,-9.151776092],[-75.799628438,-9.161731338],[-75.800947376,-9.170281072],[-75.795221982,-9.185515062],[-75.79612727,-9.202670439],[-75.78949211,-9.207997358],[-75.784290068,-9.208008718],[-75.775067486,-9.219730188],[-75.763790264,-9.21709812],[-75.759198005,-9.232039872],[-75.763962767,-9.237848217],[-75.74975827,-9.244263773],[-75.744566813,-9.249586949],[-75.740188749,-9.263834124],[-75.730412815,-9.267946158],[-75.729702188,-9.27376251],[-75.720242497,-9.277227546],[-75.717077678,-9.28455639],[-75.716041232,-9.307961691],[-75.710777544,-9.314002502],[-75.705690838,-9.336267222],[-75.698328465,-9.341306996],[-75.69761496,-9.345974689],[-75.688622686,-9.34936633],[-75.69501236,-9.363927068],[-75.693067805,-9.367520329],[-75.685626828,-9.369760266],[-75.678348444,-9.381332345],[-75.671128346,-9.385868838],[-75.671945106,-9.397066417],[-75.668498001,-9.408989978],[-75.670450871,-9.417935814],[-75.630019802,-9.410855308],[-75.616659878,-9.414075874],[-75.612363311,-9.41185517],[-75.611377674,-9.406141086],[-75.600659499,-9.413812849],[-75.582202096,-9.402799664],[-75.562473268,-9.4011847],[-75.538266855,-9.393375212],[-75.521667305,-9.383324641],[-75.509667981,-9.383148367],[-75.493644485,-9.377011727],[-75.486687485,-9.371331977],[-75.456254609,-9.324999977],[-75.451967944,-9.296343674],[-75.42808674,-9.296356585],[-75.418494022,-9.292605801],[-75.404745185,-9.301479392],[-75.393141709,-9.300158938],[-75.383225444,-9.30726546],[-75.372153732,-9.310229777],[-75.364574126,-9.305856339],[-75.357816162,-9.307815706],[-75.349490798,-9.304544471],[-75.344567425,-9.295742637],[-75.334056968,-9.28876475],[-75.319028654,-9.29366043],[-75.313928811,-9.302088701],[-75.30428768,-9.297023653],[-75.302450316,-9.289558696],[-75.279698346,-9.276941554],[-75.272271695,-9.268044864],[-75.268530993,-9.252731684],[-75.271919694,-9.233415227],[-75.256685955,-9.232475958],[-75.242203017,-9.22093412],[-75.222609471,-9.190019803],[-75.220910952,-9.180077411],[-75.211932162,-9.176427109],[-75.216481073,-9.155075245],[-75.228753582,-9.147704345],[-75.229416883,-9.13452236],[-75.233900898,-9.128816636],[-75.231760719,-9.118435863],[-75.241901872,-9.102124907],[-75.235794632,-9.09978927],[-75.221394189,-9.104770041],[-75.206458848,-9.101342458],[-75.208442544,-9.097027609],[-75.204902059,-9.08028652],[-75.194673568,-9.073126939],[-75.201214972,-9.063837912],[-75.19496247,-9.063256384],[-75.192824893,-9.054849393],[-75.162401194,-9.033953457],[-75.165634789,-9.028322208],[-75.175709135,-9.024734925],[-75.173864156,-9.011575218],[-75.156811176,-9.010308704],[-75.154346015,-8.999126329],[-75.139214855,-8.999503405],[-75.137559881,-8.988362862],[-75.125758294,-8.98732723],[-75.119721164,-8.983476912],[-75.122360978,-8.978082227],[-75.12010509,-8.960699138],[-75.124456061,-8.953184913],[-75.132532142,-8.951835649],[-75.134845277,-8.945969267],[-75.129066822,-8.935848931],[-75.120645737,-8.936637761],[-75.117750426,-8.931404691],[-75.110454539,-8.929530034],[-75.108413192,-8.922291441],[-75.1194277,-8.907176093],[-75.122592348,-8.880953531],[-75.108870465,-8.882565891],[-75.107937324,-8.879857727],[-75.096113625,-8.876705984],[-75.073245528,-8.873098437],[-75.064714678,-8.882277261],[-75.047079199,-8.868357323],[-75.032102395,-8.86737802],[-75.022403965,-8.858526661],[-75.008329892,-8.863440515],[-75.005002136,-8.869730511],[-74.978980571,-8.871653108],[-74.962738042,-8.868510764],[-74.940712109,-8.857892602],[-74.89574411,-8.804763601],[-74.865338735,-8.780945352],[-74.852198734,-8.763094352],[-74.850417984,-8.724326226],[-74.84650511,-8.713511977],[-74.847978484,-8.691979602],[-74.84077611,-8.679068976],[-74.846818859,-8.670392226],[-74.847284485,-8.661644726],[-74.79752686,-8.631711727],[-74.686931109,-8.578393601],[-74.664147609,-8.561908727],[-74.644194484,-8.554130352],[-74.617815859,-8.548719352],[-74.589746234,-8.548719352],[-74.577571484,-8.553792226],[-74.547134609,-8.584567226],[-74.536122609,-8.629864977],[-74.525351234,-8.749316226],[-74.532178109,-8.776133227],[-74.572874609,-8.792645852],[-74.588089859,-8.812646477],[-74.608920234,-8.820228352],[-74.618308609,-8.832027351],[-74.624214984,-8.888726602],[-74.636383484,-8.912251602],[-74.644310734,-8.918783227],[-74.652740234,-8.979581977],[-74.647874984,-8.995767602],[-74.661709609,-9.003829602],[-74.669163984,-9.020256727],[-74.664056359,-9.033923102],[-74.651366109,-9.048768352],[-74.658399734,-9.071403727],[-74.678093734,-9.094039102],[-74.675457484,-9.107099727],[-74.671864984,-9.110542477],[-74.640708984,-9.118564477],[-74.636538734,-9.125511227],[-74.640976609,-9.141800727],[-74.639564484,-9.159681602],[-74.626968609,-9.197050727],[-74.624466859,-9.215562477],[-74.615294859,-9.237984352],[-74.589904234,-9.267171727],[-74.591208984,-9.291093727],[-74.587150234,-9.296607477],[-74.625374609,-9.350208852],[-74.627373984,-9.364775477],[-74.636228234,-9.369440602],[-74.642511859,-9.366394102],[-74.654317484,-9.368774227],[-74.658411359,-9.375153103],[-74.657833984,-9.382013353],[-74.663933359,-9.387149102],[-74.672751359,-9.388882977],[-74.684743859,-9.408870603],[-74.692508234,-9.410792477],[-74.696351984,-9.417941852],[-74.704961984,-9.416711852],[-74.709420109,-9.422210352],[-74.697667609,-9.435641727],[-74.689070734,-9.434895602],[-74.675961484,-9.446914477],[-74.694776859,-9.447673728],[-74.716774485,-9.459084852],[-74.728820734,-9.472412103],[-74.733996359,-9.490388727],[-74.739791234,-9.497256852],[-74.741354859,-9.516236477],[-74.750522859,-9.524607102],[-74.746421859,-9.538351603],[-74.748054609,-9.542912103],[-74.735593735,-9.574445227],[-74.755848984,-9.584049103],[-74.755739359,-9.606544852],[-74.765225609,-9.605020853],[-74.772485734,-9.612379103],[-74.763734359,-9.626640602],[-74.76481486,-9.635716103],[-74.781646984,-9.652962477],[-74.787477985,-9.665769727],[-74.800144484,-9.666724103],[-74.808418734,-9.675505103],[-74.818057734,-9.671068103],[-74.821882734,-9.677188102],[-74.817751735,-9.691264103],[-74.828767734,-9.703963103],[-74.823002359,-9.715198478],[-74.821270734,-9.730661478],[-74.816374734,-9.733568478],[-74.81684361,-9.736433603],[-74.831634734,-9.745630853],[-74.843798859,-9.749148478],[-74.844744109,-9.753819853],[-74.839296234,-9.764927227],[-74.847071359,-9.780477478],[-74.842522735,-9.787459353],[-74.830040109,-9.782910603],[-74.821365734,-9.784920478],[-74.815599609,-9.795428353],[-74.823032359,-9.800492478],[-74.826043734,-9.807168352],[-74.823794234,-9.815912227],[-74.826152609,-9.819685603],[-74.836238984,-9.820048353],[-74.83525936,-9.828864977],[-74.830398609,-9.833807603],[-74.835002609,-9.847105978],[-74.85260036,-9.848356728],[-74.859458359,-9.844518103],[-74.876593109,-9.822041353],[-74.882351484,-9.819738102],[-74.903438734,-9.834401978],[-74.90339186,-9.838888103],[-74.951624485,-9.859909103],[-74.985552859,-9.864063727],[-74.993615985,-9.839797228],[-75.013093484,-9.838103602],[-75.021735359,-9.830939978],[-75.035210984,-9.830795353],[-75.043259734,-9.822853478],[-75.052686485,-9.823029603],[-75.057789235,-9.818918603],[-75.077744484,-9.837576103],[-75.094467859,-9.844477728],[-75.111480484,-9.845947228],[-75.135185485,-9.838611353],[-75.160124984,-9.839974603],[-75.202605609,-9.815369103],[-75.231072235,-9.792294978],[-75.25465036,-9.779002228],[-75.274478109,-9.780124478],[-75.28606461,-9.775802727],[-75.298789109,-9.777736353],[-75.31063861,-9.774671853],[-75.29987886,-9.788590853],[-75.29371711,-9.814186977],[-75.279218985,-9.838239728],[-75.27573661,-9.852069853],[-75.283082235,-9.861452227],[-75.282407985,-9.864731353],[-75.28822436,-9.870699603],[-75.306091735,-9.871870102],[-75.321220735,-9.876909478],[-75.369355985,-9.870832602],[-75.39959586,-9.878455603],[-75.41118161,-9.888426103],[-75.409600485,-9.902007603],[-75.39856086,-9.906964353],[-75.395547235,-9.912776853],[-75.40478361,-9.930212103],[-75.41093786,-9.931610853],[-75.421442109,-9.943435103],[-75.44174061,-9.936257728],[-75.449551735,-9.941551603],[-75.453695985,-9.955768228],[-75.46230861,-9.957284478],[-75.467775985,-9.989058978],[-75.474552485,-9.992174603],[-75.484522485,-9.982048853],[-75.508019985,-9.979139978],[-75.508584485,-9.976916478],[-75.51554761,-9.981102603],[-75.537102235,-9.979958978],[-75.54837861,-9.984414978],[-75.56014211,-9.971872228],[-75.56038236,-9.964135728],[-75.58448111,-9.958133853],[-75.59227336,-9.951962353],[-75.59643336,-9.953708103],[-75.597868735,-9.959693103],[-75.59497636,-9.966036978],[-75.59761486,-9.974070353],[-75.59496336,-9.989241603],[-75.597599735,-9.996375353],[-75.595221235,-10.009620353],[-75.602079485,-10.024774853],[-75.64517961,-10.026927728],[-75.661062485,-10.044728478],[-75.672365235,-10.047671853],[-75.676468735,-10.054275353],[-75.676884735,-10.062425728],[-75.68274411,-10.069206978],[-75.68107811,-10.072806603],[-75.68479686,-10.088093728],[-75.686552735,-10.091781228],[-75.69140036,-10.092257728],[-75.68973436,-10.099960853],[-75.69327336,-10.106564353],[-75.68991211,-10.118878853],[-75.699966735,-10.126939353],[-75.703863235,-10.141900353],[-75.702851485,-10.153886728],[-75.705736235,-10.159091728],[-75.699281235,-10.171165978],[-75.70073036,-10.197339853],[-75.70942961,-10.215070228],[-75.72867961,-10.232771478],[-75.74139061,-10.233060478],[-75.75193936,-10.240169853],[-75.759529235,-10.237679603],[-75.784769485,-10.252160103],[-75.812709985,-10.244089978],[-75.826679985,-10.248069978],[-75.839679985,-10.257389978],[-75.848949985,-10.290749978],[-75.856399985,-10.301709979],[-75.893539986,-10.324279978],[-75.914109985,-10.348549978],[-75.924939985,-10.356719978],[-75.925749986,-10.362889978],[-75.930219986,-10.365579979],[-75.93453986,-10.374979978],[-75.92504986,-10.406559979],[-75.931649985,-10.418389978],[-75.943349985,-10.428499978],[-75.958479986,-10.456959978],[-75.97673586,-10.479903103],[-76.003113235,-10.488806603],[-76.012208985,-10.454611353],[-76.022437485,-10.461497979],[-76.02493986,-10.467438979],[-76.029386735,-10.465429729],[-76.031669861,-10.455927729],[-76.03922261,-10.454577978],[-76.04772661,-10.456699228],[-76.05128236,-10.464891353],[-76.057640611,-10.465152354],[-76.07250386,-10.452417978],[-76.078283236,-10.451988229],[-76.074305986,-10.440985853],[-76.078268735,-10.434153729],[-76.085158235,-10.434115228],[-76.092892486,-10.429281229],[-76.104187485,-10.435546853],[-76.10895036,-10.429954728],[-76.118804735,-10.426373103],[-76.12963086,-10.430800728],[-76.133052736,-10.419205103],[-76.13985736,-10.415310604],[-76.142552736,-10.408593728],[-76.151966735,-10.408251978],[-76.166685485,-10.413556479],[-76.179949236,-10.406068354],[-76.185396736,-10.395463103],[-76.20040236,-10.388611353],[-76.207169986,-10.388709979],[-76.202313486,-10.378246478],[-76.205396486,-10.376562479],[-76.21883786,-10.376183603],[-76.230888611,-10.371790978],[-76.226329985,-10.396929978],[-76.232149985,-10.388759978],[-76.269476861,-10.368988229],[-76.274494486,-10.383408228],[-76.272765985,-10.389142604],[-76.278246361,-10.394706978],[-76.274705361,-10.402464729],[-76.285287486,-10.416419978],[-76.29826386,-10.409679853],[-76.305517111,-10.412544729],[-76.309309986,-10.405619978],[-76.312619986,-10.383459978],[-76.323409985,-10.359579979],[-76.316849986,-10.340989978],[-76.321969985,-10.325389978],[-76.330679861,-10.316119979],[-76.325759985,-10.305529978],[-76.335789986,-10.286319979],[-76.342079986,-10.285839978],[-76.353039861,-10.296579978],[-76.364499985,-10.299469978],[-76.370749986,-10.294469978],[-76.387219986,-10.289289978],[-76.400679985,-10.308429978],[-76.424939986,-10.319219978],[-76.446769985,-10.320869978],[-76.449201611,-10.316229978],[-76.459151611,-10.316429978],[-76.47255086,-10.309908478],[-76.483101861,-10.312515229],[-76.493976111,-10.310531228],[-76.472804361,-10.337767603],[-76.475991486,-10.347316853],[-76.480686986,-10.347138978],[-76.486581736,-10.352435603],[-76.485552736,-10.365188354],[-76.492312111,-10.371025353],[-76.490941111,-10.378896478],[-76.509841486,-10.382099603],[-76.523839986,-10.377215979],[-76.531895361,-10.386872978],[-76.551880486,-10.384644479],[-76.558243736,-10.393429729],[-76.575099236,-10.375800728],[-76.579253611,-10.375874853],[-76.585095361,-10.385826228],[-76.593380486,-10.387240229],[-76.593358986,-10.401493979],[-76.606320611,-10.403977229],[-76.620394236,-10.415248103],[-76.648976236,-10.415835978],[-76.651379486,-10.419534354],[-76.658824861,-10.421299853],[-76.665248486,-10.438556604],[-76.670994111,-10.440321604],[-76.680121736,-10.437689853],[-76.696819986,-10.442486353],[-76.697505486,-10.455705104],[-76.700875611,-10.461008728],[-76.715663736,-10.462464854],[-76.725333676,-10.477669067],[-76.729150718,-10.479066058],[-76.729818361,-10.474873104],[-76.739615236,-10.467060603],[-76.748205111,-10.468996104],[-76.753199236,-10.465486354],[-76.772349611,-10.464152353],[-76.772720736,-10.458632854],[-76.787386736,-10.438652354],[-76.799853361,-10.439558478],[-76.802921861,-10.430968729],[-76.799062486,-10.421158229],[-76.806878861,-10.402841854],[-76.805675736,-10.392298853],[-76.822708986,-10.392964854],[-76.827699111,-10.390458978],[-76.831671861,-10.393074229],[-76.840497986,-10.363331978],[-76.844494111,-10.370056603],[-76.856394486,-10.377265603],[-76.865851611,-10.374843729],[-76.863001986,-10.366185603],[-76.875454986,-10.345302603],[-76.869138611,-10.337779353],[-76.872263611,-10.334779354],[-76.874669861,-10.320861353],[-76.881367236,-10.308507853],[-76.894507986,-10.304328104],[-76.891023486,-10.294744103],[-76.894851611,-10.287785103],[-76.900794861,-10.285320353],[-76.906216736,-10.274880854],[-76.906693361,-10.256996103],[-76.902800736,-10.252070353],[-76.904841736,-10.237697228],[-76.916003862,-10.225267603],[-76.916216736,-10.217521478],[-76.909437486,-10.199017603],[-76.914199236,-10.188136853],[-76.908535111,-10.176783228],[-76.912613236,-10.163290978],[-76.910689487,-10.159953104],[-76.915464861,-10.119914103],[-76.901943361,-10.113341853],[-76.889664111,-10.112527353],[-76.879886736,-10.116552728],[-76.871337861,-10.094300728],[-76.859861361,-10.096410103],[-76.853580111,-10.101779353],[-76.843238236,-10.086785103],[-76.807189486,-10.084478478],[-76.812455111,-10.072206978],[-76.810140736,-10.070119103],[-76.812915986,-10.057380853],[-76.809011736,-10.053640603],[-76.812290986,-10.049929728],[-76.814964861,-10.023431603],[-76.823242236,-10.017037103],[-76.825027361,-10.009232478],[-76.823027361,-9.996298853],[-76.825615111,-9.989292978],[-76.817718736,-9.978527353],[-76.813757861,-9.960146478],[-76.828980486,-9.938421853],[-76.841861487,-9.930621103],[-76.841988236,-9.910892603],[-76.845732361,-9.910212853],[-76.851246112,-9.893654353],[-76.858833986,-9.889244103],[-76.862105486,-9.875451227],[-76.872982361,-9.863765603],[-76.869275361,-9.860394353],[-76.872251987,-9.850968728],[-76.880796861,-9.833029353],[-76.897757861,-9.809289103],[-76.903078111,-9.785148478],[-76.901583986,-9.769701227],[-76.904603486,-9.764615227],[-76.911912111,-9.763665978],[-76.917353487,-9.743662228],[-76.925331986,-9.740083978],[-76.934249986,-9.729474603],[-76.934660111,-9.719988227],[-76.941365236,-9.705912103],[-76.945388612,-9.702568353],[-76.961613361,-9.713456978],[-76.971839861,-9.711812477],[-76.981042987,-9.724568353],[-76.980294736,-9.740285102],[-76.976283236,-9.747861352],[-76.973039112,-9.748203103],[-76.969482361,-9.757808603],[-76.974277361,-9.760236353],[-76.986505861,-9.749105478],[-76.984423861,-9.747089852],[-76.986603486,-9.743275353],[-77.002371111,-9.725404353],[-77.020611361,-9.711314478],[-77.022330236,-9.701964853],[-77.040761736,-9.668007853],[-77.041353486,-9.658859353],[-77.048658236,-9.649505853],[-77.044081986,-9.642900352],[-77.047396486,-9.634943353],[-77.045677737,-9.629152352],[-77.031796861,-9.619642602],[-77.029236362,-9.612996102],[-77.023673862,-9.610658228],[-77.015296861,-9.614269478],[-77.012665986,-9.609978477],[-76.995160111,-9.603331978],[-76.988240237,-9.592486352],[-76.990208861,-9.579365227],[-76.983023486,-9.577130852],[-76.980244111,-9.564031227],[-76.954578111,-9.559314478],[-76.952894486,-9.547812478],[-76.955095737,-9.542689478],[-76.945191362,-9.535843727],[-76.937550736,-9.525367228],[-76.940228486,-9.510119103],[-76.938619111,-9.491699227],[-76.953294861,-9.467478477],[-76.948482361,-9.452687478],[-76.940415986,-9.448581978],[-76.930304736,-9.433185602],[-76.929244111,-9.426134727],[-76.936290986,-9.408976603],[-76.935236236,-9.398548852],[-76.930652361,-9.393140602],[-76.924132861,-9.391531228],[-76.923956986,-9.382533228],[-76.917900361,-9.369507852],[-76.909585986,-9.368548852],[-76.900603361,-9.359066352],[-76.892915986,-9.331960977],[-76.881831986,-9.326681602],[-76.878234486,-9.318040977],[-76.870263611,-9.314427727],[-76.866074361,-9.307585977],[-76.870097612,-9.300914102],[-76.868726611,-9.292749977],[-76.854556736,-9.288521477],[-76.853333986,-9.278539103],[-76.847943361,-9.272183603],[-76.845945361,-9.263474602],[-76.842294861,-9.261734352],[-76.833964861,-9.266007852],[-76.832470736,-9.281466852],[-76.815040986,-9.316273477],[-76.814062486,-9.326505852],[-76.804568361,-9.331628852],[-76.793839736,-9.332927727],[-76.779105486,-9.345671853],[-76.765040986,-9.367005852],[-76.757488236,-9.362197228],[-76.746011736,-9.336201227],[-76.740333986,-9.330802727],[-76.738999986,-9.317085977],[-76.744644486,-9.297130852],[-76.739611361,-9.285654352],[-76.739742236,-9.274499977],[-76.725744111,-9.256634727],[-76.730494111,-9.245943352],[-76.727544861,-9.234183602],[-76.733734361,-9.208966852],[-76.741425736,-9.196025352],[-76.765740236,-9.170300727],[-76.768189486,-9.156626977],[-76.787040986,-9.143170102],[-76.788580111,-9.136238227],[-76.815871111,-9.130195352],[-76.820277361,-9.124265602],[-76.848956986,-9.114968727],[-76.870744111,-9.113316352],[-76.896806611,-9.099039102],[-76.915695361,-9.076458977],[-76.927896486,-9.071078102],[-76.944964736,-9.074415977],[-76.950654236,-9.067884727],[-76.961718736,-9.067634727],[-76.966453111,-9.060412102],[-76.980101611,-9.062918102],[-76.982035112,-9.055831977],[-77.000476612,-9.041081977],[-77.002787111,-9.032619102],[-77.016775362,-9.026621102],[-77.021310487,-9.020242227],[-77.032628862,-9.014234352],[-77.035708986,-8.999958977],[-77.054505986,-8.992226602],[-77.066019487,-8.990915977],[-77.092097611,-8.971566352],[-77.097376986,-8.974964852],[-77.110037112,-8.969966852],[-77.107177736,-8.963201227],[-77.102490236,-8.960947227],[-77.105728486,-8.949191352],[-77.117419861,-8.944972602],[-77.122628861,-8.946257852],[-77.124144486,-8.934208977],[-77.130535111,-8.931814477],[-77.133165986,-8.926054727],[-77.129519486,-8.919505852],[-77.131023486,-8.916284977],[-77.138976611,-8.911425727],[-77.138267611,-8.907908227],[-77.147417986,-8.895753852],[-77.155160111,-8.900378852],[-77.164835986,-8.889097602],[-77.165146487,-8.880765601],[-77.172662112,-8.876025352],[-77.170617236,-8.870835977],[-77.173068361,-8.862400352],[-77.169968737,-8.857519477],[-77.177054736,-8.848304727],[-77.177496111,-8.840458977],[-77.174263611,-8.834494101],[-77.184966737,-8.827900352],[-77.195734362,-8.814992227],[-77.199925736,-8.794089852],[-77.206537112,-8.781624976],[-77.221410112,-8.773648476],[-77.225812487,-8.766937477],[-77.223402486,-8.763210976],[-77.227490237,-8.742826227],[-77.248167986,-8.727308602],[-77.246189486,-8.702732477],[-77.251357236,-8.697496102],[-77.251781236,-8.682753852],[-77.261152362,-8.667197226],[-77.258382861,-8.655732476],[-77.260595736,-8.648521477],[-77.269263611,-8.644533227],[-77.285117236,-8.644347601],[-77.293642611,-8.637025352],[-77.294761736,-8.627388727],[-77.291564486,-8.623578101],[-77.288716862,-8.589769352],[-77.296904236,-8.579052602],[-77.296259737,-8.570617227],[-77.305007862,-8.565437477],[-77.310997987,-8.555937476],[-77.315365236,-8.544052727],[-77.310624987,-8.534900352],[-77.312669862,-8.530259727],[-77.317486362,-8.530152351],[-77.310089862,-8.521923851],[-77.293380861,-8.517115226],[-77.282783361,-8.505888727],[-77.271306611,-8.475431601],[-77.264078111,-8.467531227],[-77.234099611,-8.478539102],[-77.202677737,-8.485414102],[-77.193605362,-8.479874977],[-77.181828111,-8.478951227],[-77.173937361,-8.470525476],[-77.162734361,-8.466123101],[-77.144130861,-8.452412101],[-77.133843736,-8.440021476],[-77.131050862,-8.454275602],[-77.142494111,-8.475527351],[-77.139927736,-8.480455101],[-77.123584361,-8.483805477],[-77.118395486,-8.478954602],[-77.108727487,-8.479833601],[-77.101324487,-8.488200101],[-77.090279362,-8.482328101],[-77.081937736,-8.487256352],[-77.080111362,-8.497035101],[-77.091650736,-8.516981352],[-77.084332237,-8.525617976],[-77.075879862,-8.526650727],[-77.074500861,-8.535032727],[-77.061001736,-8.537782227],[-77.056111361,-8.549703726],[-77.049801361,-8.553715227],[-77.037371111,-8.553339851],[-77.031419861,-8.540882852],[-77.023434111,-8.542897852],[-77.011597611,-8.537687477],[-76.994841861,-8.555631726],[-76.977300861,-8.560598727],[-76.967018486,-8.559592226],[-76.954226611,-8.545339852],[-76.940122736,-8.551956727],[-76.942378236,-8.556843852],[-76.935971986,-8.566966852],[-76.916298361,-8.570159727],[-76.902794736,-8.565776226],[-76.897084236,-8.568750602],[-76.896162111,-8.561998852],[-76.887358111,-8.554798101],[-76.884439986,-8.558248977],[-76.874889736,-8.558200601],[-76.870895611,-8.564043726],[-76.864701611,-8.566349601],[-76.862540361,-8.552537352],[-76.852189736,-8.550681477],[-76.846842361,-8.545789727],[-76.842659111,-8.525229976],[-76.831583611,-8.516655226],[-76.818717611,-8.517658227],[-76.804449861,-8.510572727],[-76.796318736,-8.511188227],[-76.790149861,-8.523641352],[-76.777683861,-8.521550977],[-76.768424111,-8.526809352],[-76.754593736,-8.519644601],[-76.740989361,-8.524646852],[-76.728403986,-8.515004476],[-76.719434486,-8.519115851],[-76.712010611,-8.527777101],[-76.697271486,-8.532408226],[-76.679962861,-8.527576226],[-76.678435486,-8.521066352],[-76.669091861,-8.522384726],[-76.666531236,-8.525906226],[-76.653007861,-8.520945352],[-76.643484361,-8.523648477],[-76.636794861,-8.514562476],[-76.620369111,-8.511578102],[-76.614814361,-8.513419976],[-76.613689486,-8.510244102],[-76.602353486,-8.512197226],[-76.593040986,-8.508289101],[-76.566292986,-8.508146477],[-76.547806611,-8.497640602],[-76.544351611,-8.499298852],[-76.545650361,-8.503560601],[-76.540074235,-8.512921852],[-76.515255861,-8.533636727],[-76.505124985,-8.535550727],[-76.494837861,-8.549587851],[-76.493558611,-8.553011602],[-76.499090236,-8.563941102],[-76.495620236,-8.575329352],[-76.49250386,-8.575760851],[-76.466167361,-8.569742977],[-76.467860861,-8.558429227],[-76.455467486,-8.535440352],[-76.457281236,-8.527494101],[-76.449594361,-8.517533351],[-76.444344611,-8.489558351],[-76.436371111,-8.476373101],[-76.436058611,-8.469880851],[-76.42795511,-8.462902352],[-76.417496235,-8.443748226],[-76.400428361,-8.437467727],[-76.389624986,-8.426331977],[-76.375785361,-8.422581226],[-76.371664111,-8.411065602],[-76.366709985,-8.411540727],[-76.356099611,-8.425074227],[-76.33945936,-8.424804851],[-76.332836985,-8.430525851],[-76.328118111,-8.461904601],[-76.32171611,-8.469839477],[-76.32742686,-8.479908351],[-76.322166986,-8.493734352],[-76.313533361,-8.498717602],[-76.31143686,-8.505005351],[-76.319431986,-8.511021101],[-76.32402536,-8.525023476],[-76.31594536,-8.530435602],[-76.31176811,-8.546784227],[-76.300960985,-8.558751976],[-76.301808611,-8.573615227],[-76.289206986,-8.568937477],[-76.28035861,-8.573563977],[-76.278619111,-8.578140602],[-76.285271486,-8.586589852],[-76.272460986,-8.595376977],[-76.270574236,-8.599214852],[-76.27344561,-8.605513851],[-76.26159961,-8.616357602],[-76.269552736,-8.627498102],[-76.26875686,-8.632804976],[-76.262464861,-8.638298977],[-76.268726736,-8.651019227],[-76.252779236,-8.665312476],[-76.247085985,-8.685861352],[-76.250273485,-8.687748102],[-76.262992235,-8.682208976],[-76.26794336,-8.688087727],[-76.264121111,-8.691046852],[-76.254884735,-8.690068352],[-76.257126986,-8.709371102],[-76.244583986,-8.717675726],[-76.240628861,-8.731371102],[-76.22850586,-8.746080102],[-76.23142186,-8.749681602],[-76.244027361,-8.751533227],[-76.241730735,-8.755612227],[-76.231705735,-8.759151477],[-76.24088411,-8.768041976],[-76.23205661,-8.778441476],[-76.235861361,-8.791755851],[-76.230154236,-8.796294977],[-76.215523486,-8.786632851],[-76.21377236,-8.773519977],[-76.202257861,-8.773521477],[-76.19733786,-8.757314477],[-76.187761485,-8.761176102],[-76.166439485,-8.756414102],[-76.162857236,-8.731478477],[-76.155978486,-8.732755852],[-76.145265611,-8.711435602],[-76.150880861,-8.708654351],[-76.146566361,-8.705914101],[-76.145429735,-8.686751976],[-76.136531235,-8.674052727],[-76.139488235,-8.666640602],[-76.130206986,-8.663111352],[-76.130029236,-8.655287102],[-76.12628911,-8.656501976],[-76.11924411,-8.652320352],[-76.115499986,-8.657683602],[-76.11333986,-8.653062476],[-76.10919336,-8.653956976],[-76.107128861,-8.648800727],[-76.10761711,-8.640466851],[-76.121074236,-8.633755977],[-76.12029486,-8.628763726],[-76.12424011,-8.624246101],[-76.120292985,-8.619062477],[-76.123355485,-8.615017601],[-76.120804735,-8.609542977],[-76.123958985,-8.608519477],[-76.124529235,-8.603572227],[-76.12016011,-8.589562477],[-76.123689485,-8.588830102],[-76.134679736,-8.572556601],[-76.130355485,-8.555896477],[-76.132011735,-8.552816351],[-76.126396485,-8.545417976],[-76.131175736,-8.528456977],[-76.126021485,-8.516333976],[-76.130667985,-8.467876977],[-76.127718736,-8.464951227],[-76.12806836,-8.455312476],[-76.11693161,-8.442177726],[-76.11882036,-8.430412226],[-76.108714861,-8.415990227],[-76.110394485,-8.404865101],[-76.10778711,-8.399013727],[-76.11323436,-8.385224601],[-76.109165985,-8.379613226],[-76.113613485,-8.374211726],[-76.119796361,-8.372502227],[-76.129096361,-8.360710977],[-76.121877888,-8.35050559],[-76.116039032,-8.348198667],[-76.108811004,-8.335827364],[-76.087016522,-8.328142866],[-76.073618228,-8.333794324],[-76.05519336,-8.329615226],[-76.047789111,-8.340503851],[-76.04233786,-8.341521476],[-76.039624986,-8.331927726],[-76.02667386,-8.328552726],[-76.01977146,-8.320538454],[-76.014735835,-8.319445598],[-76.004855907,-8.305169712]]]]},"properties":{"name":"Huanuco","mapcolor":10,"cartodb_id":10}},{"type":"Feature","geometry":{"type":"MultiPolygon","coordinates":[[[[-75.61135911,-12.966486231],[-75.60266761,-12.979355106],[-75.610358735,-12.997399605],[-75.60864311,-13.004055481],[-75.61946911,-13.013696606],[-75.62097836,-13.019672606],[-75.62834261,-13.020034731],[-75.63926786,-13.032014481],[-75.63803161,-13.040204481],[-75.628608235,-13.057066731],[-75.65251886,-13.070503856],[-75.677598985,-13.054483981],[-75.67631061,-13.042703856],[-75.68146436,-13.040556355],[-75.68661836,-13.043071981],[-75.692753735,-13.048961981],[-75.69563736,-13.05822648],[-75.694962485,-13.074792481],[-75.705515485,-13.080437105],[-75.705085985,-13.087186105],[-75.718768235,-13.109764731],[-75.712127735,-13.116171855],[-75.706509235,-13.135466231],[-75.70784961,-13.142722606],[-75.69966561,-13.141886605],[-75.69399311,-13.146627731],[-75.69676911,-13.15415223],[-75.694689735,-13.158348356],[-75.700437485,-13.165648481],[-75.698913985,-13.170797231],[-75.70628986,-13.187651106],[-75.68894936,-13.214274106],[-75.696959985,-13.218883856],[-75.70244136,-13.226886981],[-75.70038261,-13.241220481],[-75.70532336,-13.246264231],[-75.703419235,-13.266799606],[-75.706481485,-13.288286856],[-75.730927735,-13.310306606],[-75.74374936,-13.313588981],[-75.754158735,-13.308939231],[-75.762240736,-13.319154481],[-75.78510211,-13.333070356],[-75.79305636,-13.350392106],[-75.800949985,-13.380058731],[-75.80781761,-13.384143481],[-75.809657985,-13.388856482],[-75.80938861,-13.396846356],[-75.80269036,-13.402845481],[-75.768830985,-13.409843357],[-75.762523485,-13.413765856],[-75.752142985,-13.412852731],[-75.74493811,-13.404794356],[-75.73524786,-13.410191606],[-75.71882961,-13.412576481],[-75.709471235,-13.421770856],[-75.703218735,-13.421665981],[-75.69577086,-13.435507232],[-75.689280985,-13.439670107],[-75.677413235,-13.429969356],[-75.651198485,-13.426845606],[-75.63342186,-13.411183106],[-75.630485985,-13.414848231],[-75.614945485,-13.416796231],[-75.613316235,-13.408831356],[-75.59897111,-13.389987981],[-75.58512211,-13.402668232],[-75.557848985,-13.402916106],[-75.55064311,-13.406383107],[-75.538064485,-13.404756481],[-75.53116961,-13.389380606],[-75.522349235,-13.391338481],[-75.50522986,-13.371848232],[-75.50324386,-13.352765106],[-75.500854485,-13.354744106],[-75.496552735,-13.373194731],[-75.49218861,-13.377531856],[-75.499810484,-13.389080106],[-75.490636735,-13.397300731],[-75.48518736,-13.415720731],[-75.46570511,-13.434138731],[-75.47045111,-13.442314481],[-75.473439485,-13.463259731],[-75.469634735,-13.474251981],[-75.47016211,-13.483835981],[-75.476343734,-13.488046856],[-75.476287234,-13.492820356],[-75.48451361,-13.504833982],[-75.483720735,-13.514193482],[-75.494929985,-13.524049981],[-75.477310485,-13.525484357],[-75.495821859,-13.567053857],[-75.509690985,-13.565427856],[-75.510699985,-13.590179982],[-75.51957536,-13.603514856],[-75.51400711,-13.617092231],[-75.49239286,-13.635362106],[-75.48456211,-13.654708481],[-75.488196859,-13.675902106],[-75.496208735,-13.673330356],[-75.50105536,-13.686732981],[-75.50758361,-13.686535231],[-75.515910485,-13.696393106],[-75.518584235,-13.717949856],[-75.52906786,-13.728433481],[-75.531200985,-13.742710606],[-75.537365235,-13.745884107],[-75.54602186,-13.743639856],[-75.554582359,-13.749571231],[-75.54871511,-13.756913357],[-75.537589734,-13.762395856],[-75.538134735,-13.778426731],[-75.541757735,-13.781889357],[-75.53835911,-13.792822482],[-75.52752236,-13.796958357],[-75.524878485,-13.817899231],[-75.53446661,-13.823367232],[-75.536302734,-13.829591856],[-75.54343161,-13.835298857],[-75.563376985,-13.840869232],[-75.566185485,-13.854054731],[-75.55920636,-13.863761232],[-75.559905485,-13.871305731],[-75.546333985,-13.889417981],[-75.52206011,-13.885114731],[-75.50370136,-13.897438482],[-75.50242036,-13.901315607],[-75.497894485,-13.900216857],[-75.481900235,-13.910595732],[-75.477687485,-13.909679731],[-75.47469336,-13.912675732],[-75.457218735,-13.905464856],[-75.446072235,-13.909222607],[-75.443988234,-13.912960982],[-75.43381636,-13.913900357],[-75.415431609,-13.927375107],[-75.405360359,-13.943574857],[-75.39399911,-13.946168606],[-75.381689485,-13.962763732],[-75.359218735,-13.971503856],[-75.358935485,-13.983863232],[-75.35343686,-13.992428607],[-75.35568361,-13.995765607],[-75.329010984,-14.018023357],[-75.319048485,-14.018996482],[-75.277160485,-14.008423357],[-75.270424734,-14.010594481],[-75.251677359,-13.997846482],[-75.239366859,-14.004365482],[-75.233442735,-14.003285231],[-75.23651811,-14.014420607],[-75.25958761,-14.037866607],[-75.260124735,-14.041961356],[-75.186591735,-14.054113232],[-75.165679984,-14.072529982],[-75.126778234,-14.050879232],[-75.120693359,-14.041609356],[-75.108841735,-14.032884732],[-75.10398636,-14.050458982],[-75.08850211,-14.081569857],[-75.069599984,-14.079846482],[-75.063532485,-14.088407231],[-75.06242861,-14.108053857],[-75.057433359,-14.123953731],[-75.067411985,-14.151200482],[-75.076380109,-14.165905357],[-75.080685484,-14.195209357],[-75.086110734,-14.210377732],[-75.090794859,-14.215177732],[-75.08872236,-14.229822232],[-75.073668109,-14.235612357],[-75.072432859,-14.245408857],[-75.066042985,-14.251610857],[-75.05511936,-14.255205107],[-75.03951211,-14.254167482],[-75.03456561,-14.257903607],[-75.032197859,-14.265679107],[-75.04970361,-14.286538732],[-75.055167859,-14.287187107],[-75.062021234,-14.294642482],[-75.071699484,-14.298624857],[-75.082211234,-14.297281982],[-75.086378859,-14.308951357],[-75.09392686,-14.312424482],[-75.099993109,-14.334142482],[-75.107911609,-14.347015857],[-75.10508686,-14.358777857],[-75.11672436,-14.374111732],[-75.120427985,-14.384325732],[-75.126431609,-14.388964857],[-75.13208436,-14.399724482],[-75.131538609,-14.404831607],[-75.139826109,-14.415908232],[-75.11913761,-14.421131107],[-75.121942609,-14.427275732],[-75.105841734,-14.434044232],[-75.088968609,-14.426408982],[-75.076932984,-14.426030232],[-75.069068359,-14.429150357],[-75.061155485,-14.426970233],[-75.05299411,-14.431150357],[-75.070190985,-14.449158482],[-75.068459359,-14.458357607],[-75.094893235,-14.478974357],[-75.098137735,-14.485097232],[-75.09074086,-14.495442732],[-75.091838985,-14.520567732],[-75.086675359,-14.530205858],[-75.082077735,-14.532307607],[-75.069097359,-14.526934357],[-75.06714411,-14.528570982],[-75.06764261,-14.538439482],[-75.080822485,-14.551430233],[-75.078415234,-14.555919857],[-75.080089985,-14.569009983],[-75.065858234,-14.574483482],[-75.05990036,-14.622617607],[-75.053223235,-14.627207357],[-75.03416111,-14.611287733],[-75.016860234,-14.610299732],[-75.010033235,-14.606156232],[-74.996196985,-14.611899607],[-74.978660609,-14.602414357],[-74.958919735,-14.606451232],[-74.94755386,-14.588541607],[-74.946628359,-14.580835233],[-74.933217609,-14.576637732],[-74.92441336,-14.568414732],[-74.913392109,-14.565616357],[-74.902758235,-14.546673482],[-74.882947484,-14.546198482],[-74.875342984,-14.555267108],[-74.883964859,-14.576222607],[-74.876872359,-14.589933857],[-74.859029234,-14.608379607],[-74.852772484,-14.611809108],[-74.833890609,-14.610662107],[-74.81133911,-14.615238732],[-74.788166234,-14.615563232],[-74.796763234,-14.624295107],[-74.81375311,-14.634096857],[-74.828626984,-14.656220983],[-74.844714359,-14.664311357],[-74.848572859,-14.672183857],[-74.845931985,-14.689380482],[-74.837798234,-14.695791107],[-74.845742109,-14.707979482],[-74.831100484,-14.718298733],[-74.825298359,-14.736444982],[-74.815874734,-14.739638108],[-74.809994734,-14.748243982],[-74.802697235,-14.752152358],[-74.777380359,-14.729389232],[-74.750807359,-14.729389232],[-74.731848609,-14.714391357],[-74.715697109,-14.709776732],[-74.734340359,-14.729790732],[-74.738526609,-14.753734482],[-74.752692484,-14.764041357],[-74.756007109,-14.771130858],[-74.755763484,-14.783091983],[-74.764702109,-14.790456482],[-74.754107359,-14.798747983],[-74.747755484,-14.813104357],[-74.721747234,-14.812142733],[-74.714396859,-14.817800982],[-74.726861734,-14.823441983],[-74.751504234,-14.827554482],[-74.754580109,-14.835290983],[-74.750494109,-14.842498107],[-74.746244109,-14.843554732],[-74.732212859,-14.842365232],[-74.733404359,-14.837915982],[-74.730886735,-14.841451233],[-74.732509734,-14.846660107],[-74.729009734,-14.839990233],[-74.72079511,-14.836728483],[-74.69384036,-14.838155232],[-74.689816109,-14.848184108],[-74.676329859,-14.860717107],[-74.681066234,-14.873083232],[-74.671896234,-14.879377357],[-74.662486109,-14.898442608],[-74.664073234,-14.908836858],[-74.684706234,-14.925641982],[-74.685484234,-14.929469857],[-74.673876234,-14.948297858],[-74.665535984,-14.955704482],[-74.659385234,-14.970336108],[-74.646241234,-14.977177858],[-74.65037111,-14.985296982],[-74.665693734,-14.997902358],[-74.665294984,-15.049836232],[-74.673439484,-15.056113233],[-74.697558609,-15.062783233],[-74.704531234,-15.071035107],[-74.729607484,-15.085396483],[-74.736470734,-15.084876858],[-74.757999984,-15.092835982],[-74.764907859,-15.102343607],[-74.779434234,-15.108506233],[-74.789354984,-15.121134108],[-74.815917984,-15.139497733],[-74.855209359,-15.153830483],[-74.865535609,-15.151152233],[-74.877349859,-15.153679858],[-74.887138359,-15.159728108],[-74.899848609,-15.173950858],[-74.917196984,-15.181780733],[-74.929305985,-15.192401858],[-74.93986511,-15.206011733],[-74.94589986,-15.231486358],[-74.963638359,-15.253898607],[-74.96442411,-15.284999857],[-74.968200734,-15.299422233],[-74.982414234,-15.316829733],[-75.003879735,-15.330230358],[-75.016555734,-15.351096233],[-75.018485984,-15.382413858],[-75.045547484,-15.430330233],[-75.049652109,-15.434503608],[-75.061111484,-15.435283608],[-75.07451561,-15.443374983],[-75.07107811,-15.435634733],[-75.080081985,-15.429142608],[-75.08191211,-15.424009733],[-75.09030661,-15.424099608],[-75.09475786,-15.420197233],[-75.099644484,-15.423484358],[-75.09949411,-15.417283233],[-75.12219136,-15.405861358],[-75.140404234,-15.407165983],[-75.14468361,-15.393810483],[-75.149697235,-15.391251983],[-75.15857036,-15.392873108],[-75.161509734,-15.378128858],[-75.176984359,-15.373996108],[-75.186570485,-15.366818358],[-75.194527359,-15.368146483],[-75.186279235,-15.354421858],[-75.178456984,-15.356232358],[-75.16658786,-15.352966733],[-75.16119336,-15.358302733],[-75.155872984,-15.355384733],[-75.151746109,-15.347591857],[-75.151351609,-15.335113233],[-75.15640236,-15.322103483],[-75.169156235,-15.307083983],[-75.179677735,-15.303249983],[-75.19592561,-15.291152358],[-75.209779235,-15.290035108],[-75.214960985,-15.292962858],[-75.215435485,-15.287421858],[-75.218978485,-15.284748108],[-75.229134734,-15.285740233],[-75.23062311,-15.277201108],[-75.240365234,-15.273355483],[-75.236992235,-15.267996108],[-75.242482484,-15.261601733],[-75.248330235,-15.261242233],[-75.248648485,-15.255295108],[-75.25797461,-15.256681607],[-75.263812485,-15.251183608],[-75.26321686,-15.248828108],[-75.25844136,-15.249810608],[-75.227107485,-15.259273483],[-75.21841011,-15.249339858],[-75.216624985,-15.231415983],[-75.23416986,-15.200517608],[-75.23885936,-15.199515608],[-75.27563286,-15.167736357],[-75.31686911,-15.149931608],[-75.33622261,-15.146218733],[-75.34228911,-15.149199233],[-75.342706985,-15.155828108],[-75.34949611,-15.158331983],[-75.348124984,-15.148415983],[-75.35792386,-15.139947233],[-75.363935609,-15.143298858],[-75.369232485,-15.152966858],[-75.37174411,-15.151544983],[-75.373017609,-15.147154358],[-75.36865036,-15.140794857],[-75.37133986,-15.128148482],[-75.37569136,-15.121025357],[-75.384134735,-15.116406233],[-75.385169985,-15.105269483],[-75.392542985,-15.100400358],[-75.394785109,-15.080669983],[-75.40322461,-15.070400358],[-75.40921486,-15.067990233],[-75.40938861,-15.061226608],[-75.41449411,-15.053244108],[-75.413574234,-15.043123107],[-75.420878859,-15.038951233],[-75.42381836,-15.028997858],[-75.43316411,-15.026576107],[-75.44269336,-15.000591858],[-75.450478485,-14.997699233],[-75.45383986,-14.999378858],[-75.453790985,-14.996132858],[-75.460535109,-14.991587858],[-75.486322235,-14.979081983],[-75.50314261,-14.962382858],[-75.50186311,-14.941808608],[-75.493429735,-14.940634732],[-75.491648484,-14.934203108],[-75.509790985,-14.910771483],[-75.54696286,-14.883033232],[-75.574521485,-14.867796982],[-75.68202536,-14.817708982],[-75.705632985,-14.798123108],[-75.735701235,-14.783675732],[-75.73779686,-14.776662108],[-75.76030861,-14.761410107],[-75.85556636,-14.716281232],[-75.848906235,-14.708441482],[-75.85575586,-14.694443358],[-75.87796686,-14.678855482],[-75.916765611,-14.658906232],[-75.92146486,-14.648001982],[-75.927763611,-14.642025357],[-75.923488236,-14.631929607],[-75.93226561,-14.609662107],[-75.926386736,-14.601310607],[-75.932501985,-14.586703107],[-75.93045511,-14.571275357],[-75.957314486,-14.541767607],[-75.95619536,-14.538574232],[-75.960066361,-14.539136732],[-75.959462861,-14.535048858],[-75.974732485,-14.524605357],[-75.964783235,-14.505892607],[-75.966617235,-14.489498107],[-75.97225586,-14.481480482],[-75.972279235,-14.470498107],[-75.98909586,-14.455691357],[-76.009355485,-14.446507857],[-76.01603711,-14.436738107],[-76.03910936,-14.424527357],[-76.040888486,-14.416691357],[-76.066195235,-14.386943357],[-76.088064485,-14.373333982],[-76.12557611,-14.359285107],[-76.136517611,-14.348810607],[-76.135751986,-14.342349607],[-76.145240236,-14.330156232],[-76.134988235,-14.326833982],[-76.110955111,-14.329220732],[-76.105304735,-14.314058607],[-76.109949236,-14.292685607],[-76.129365235,-14.264220732],[-76.131730485,-14.255714857],[-76.129730485,-14.248976607],[-76.138021486,-14.234206982],[-76.151711111,-14.221195357],[-76.159894485,-14.216242232],[-76.164601611,-14.217708982],[-76.169439485,-14.209378857],[-76.177162111,-14.207943357],[-76.190480485,-14.198257857],[-76.191384736,-14.185937482],[-76.198042985,-14.172765607],[-76.20441011,-14.174857482],[-76.217855486,-14.167915982],[-76.216437486,-14.157634732],[-76.225800735,-14.150474607],[-76.238560486,-14.148624857],[-76.249533236,-14.150915982],[-76.251982486,-14.154394481],[-76.253007861,-14.148769482],[-76.25991411,-14.142162107],[-76.270925736,-14.142156357],[-76.256578236,-14.167486357],[-76.25493361,-14.154912107],[-76.253212861,-14.160456982],[-76.261306611,-14.185080107],[-76.272146486,-14.200199232],[-76.276509735,-14.193320357],[-76.275486361,-14.182898482],[-76.288085986,-14.164980482],[-76.293380861,-14.163251982],[-76.27872461,-14.152429732],[-76.28576361,-14.138220732],[-76.285208985,-14.130585982],[-76.279890611,-14.127537107],[-76.28632811,-14.113488231],[-76.284443361,-14.100013732],[-76.29216011,-14.089003732],[-76.285253735,-14.089445356],[-76.276130861,-14.082490232],[-76.276365235,-14.061872982],[-76.273107361,-14.059818357],[-76.264384735,-14.062283232],[-76.260632861,-14.055767607],[-76.264634735,-14.044970731],[-76.269165861,-14.045123106],[-76.270513736,-14.036146482],[-76.26879886,-14.031640607],[-76.262531235,-14.030503982],[-76.262624986,-14.020232357],[-76.285783235,-13.996789107],[-76.27506636,-13.992480481],[-76.270234236,-13.980869107],[-76.27303711,-13.951873107],[-76.295361361,-13.928367232],[-76.287583985,-13.919441357],[-76.282515611,-13.918048731],[-76.282872986,-13.909042856],[-76.295083985,-13.905074232],[-76.297585986,-13.893958982],[-76.306154361,-13.892167981],[-76.314271486,-13.894177732],[-76.310609361,-13.897884732],[-76.315777361,-13.898716732],[-76.31838861,-13.911954982],[-76.316326236,-13.915445357],[-76.32807811,-13.924882856],[-76.339128986,-13.915322357],[-76.344531235,-13.915210981],[-76.349953111,-13.921240232],[-76.354519486,-13.920208982],[-76.356005861,-13.922804857],[-76.36056836,-13.919761731],[-76.36226361,-13.913820356],[-76.374152361,-13.910001981],[-76.39647461,-13.908763607],[-76.39465236,-13.895015607],[-76.398363236,-13.892074232],[-76.39118361,-13.882757857],[-76.390687486,-13.861626981],[-76.385947235,-13.843853481],[-76.378675736,-13.833382856],[-76.367910111,-13.828632856],[-76.371290986,-13.808880732],[-76.365439485,-13.803281231],[-76.35683986,-13.800535106],[-76.344652361,-13.804273481],[-76.327935486,-13.794183606],[-76.317128861,-13.791992231],[-76.296417985,-13.793277357],[-76.295619111,-13.796355481],[-76.288884735,-13.797863232],[-76.29368361,-13.810802732],[-76.304585985,-13.825288982],[-76.303117236,-13.832330107],[-76.311648485,-13.847074232],[-76.297636735,-13.838036981],[-76.284001985,-13.852499981],[-76.269779236,-13.856632857],[-76.269790986,-13.860628857],[-76.261408235,-13.865826107],[-76.250882861,-13.854208981],[-76.258154236,-13.838568357],[-76.254738236,-13.833314482],[-76.248031236,-13.831388731],[-76.251033236,-13.823796857],[-76.250300736,-13.813042982],[-76.240488236,-13.788892606],[-76.237511735,-13.766630856],[-76.220398485,-13.717646482],[-76.217040986,-13.681199231],[-76.19766011,-13.640876981],[-76.187255736,-13.563648481],[-76.188001985,-13.528033231],[-76.18506636,-13.526835981],[-76.188517611,-13.523873106],[-76.19090236,-13.475810481],[-76.184869111,-13.456708981],[-76.190896486,-13.425833981],[-76.213646486,-13.370785106],[-76.24479286,-13.323513731],[-76.202879985,-13.301679856],[-76.186099986,-13.259829981],[-76.162679986,-13.226069981],[-76.155252611,-13.192200856],[-76.139740485,-13.180168481],[-76.126730985,-13.176693731],[-76.072389986,-13.128269981],[-76.049429985,-13.114599981],[-76.041929985,-13.105749981],[-76.033969985,-13.103109981],[-76.011936735,-13.085499356],[-75.99360736,-13.062296856],[-75.968613861,-13.040836356],[-75.96816986,-13.032140605],[-75.96081636,-13.020421856],[-75.96140236,-13.001378856],[-75.94289686,-12.992233106],[-75.93768286,-12.991324856],[-75.89825786,-13.013291106],[-75.878781235,-13.015994106],[-75.871868236,-13.024638856],[-75.849653235,-13.036180731],[-75.835333985,-13.029455106],[-75.824294236,-13.030513105],[-75.817923485,-13.052148981],[-75.81432436,-13.054010606],[-75.807746735,-13.051569856],[-75.802062485,-13.060429731],[-75.77248436,-13.037861356],[-75.764587735,-13.018236356],[-75.753719235,-13.02803098],[-75.74399761,-13.025424855],[-75.723230485,-13.038745481],[-75.709853485,-13.040111356],[-75.690549235,-13.035105106],[-75.68607211,-13.025318356],[-75.67176786,-13.02348048],[-75.665727985,-13.016489231],[-75.66916661,-13.000347605],[-75.66704861,-12.996556231],[-75.651607735,-12.994162855],[-75.635171485,-12.986580105],[-75.63451486,-12.979717481],[-75.63817911,-12.974274106],[-75.627652235,-12.966776106],[-75.61135911,-12.966486231]]]]},"properties":{"name":"Ica","mapcolor":11,"cartodb_id":11}},{"type":"Feature","geometry":{"type":"MultiPolygon","coordinates":[[[[-75.035639234,-10.682317729],[-75.025051609,-10.680467604],[-75.020700609,-10.673694478],[-75.011729485,-10.679525604],[-75.00731211,-10.687391353],[-75.008782734,-10.710623478],[-75.006489609,-10.718802229],[-74.987341609,-10.734156729],[-74.987524109,-10.745053854],[-74.982817609,-10.749787104],[-74.960629734,-10.738998479],[-74.95648161,-10.732823728],[-74.938289859,-10.749601979],[-74.918009735,-10.755129854],[-74.913284734,-10.748385353],[-74.893307609,-10.769165604],[-74.885630359,-10.770615354],[-74.881384859,-10.763483353],[-74.873791734,-10.763427729],[-74.865936234,-10.758972104],[-74.871079734,-10.737930603],[-74.88753936,-10.710735979],[-74.885696609,-10.704324103],[-74.878570984,-10.700463229],[-74.869713735,-10.707673979],[-74.851135484,-10.732970103],[-74.841097734,-10.763174229],[-74.831310984,-10.780536479],[-74.79482686,-10.829872354],[-74.776126484,-10.826647479],[-74.768159234,-10.830481353],[-74.760363109,-10.825142229],[-74.740010984,-10.836424104],[-74.733168984,-10.833917979],[-74.722125109,-10.847876103],[-74.707946609,-10.858164728],[-74.700641609,-10.871275604],[-74.700314234,-10.877675479],[-74.690845609,-10.886795354],[-74.681346859,-10.889157104],[-74.678092984,-10.883652229],[-74.679180859,-10.879071479],[-74.665746109,-10.872909979],[-74.657811859,-10.873957354],[-74.649298234,-10.867070729],[-74.640182984,-10.869121229],[-74.634165484,-10.873556228],[-74.632806984,-10.886811604],[-74.623535359,-10.890903228],[-74.614102484,-10.904625479],[-74.571067859,-10.915840729],[-74.562363484,-10.913682479],[-74.541070984,-10.931535104],[-74.532711234,-10.932065854],[-74.525810984,-10.939762229],[-74.508383733,-10.950299728],[-74.502682484,-10.965158604],[-74.502689109,-10.986568104],[-74.496471609,-11.000238729],[-74.450309734,-11.001866979],[-74.418637609,-11.025238729],[-74.413416734,-11.033567604],[-74.400096609,-11.043244604],[-74.390222234,-11.045173604],[-74.373654734,-11.056522354],[-74.341634234,-11.054772854],[-74.316450234,-11.036712979],[-74.293855109,-11.031325354],[-74.281506858,-11.033125979],[-74.256435984,-11.018222729],[-74.202767359,-11.021013479],[-74.198751859,-10.997834979],[-74.190869983,-10.985997104],[-74.182482359,-10.985788854],[-74.176085358,-10.991658229],[-74.155652734,-10.998760979],[-74.143369984,-10.997504729],[-74.137384484,-10.988693979],[-74.117920358,-10.991071979],[-74.102906234,-10.986404479],[-74.091778358,-10.986814603],[-74.061358358,-10.995744979],[-74.034870358,-10.988572729],[-74.019151859,-10.993708854],[-74.007201858,-10.991308479],[-73.990751984,-11.026872979],[-73.989112859,-11.041117104],[-73.978837983,-11.069038479],[-73.978473359,-11.084113979],[-73.983717733,-11.092441229],[-73.980091483,-11.096031854],[-73.980361608,-11.110480979],[-73.975926733,-11.125498479],[-73.960204484,-11.138390729],[-73.954551483,-11.150398854],[-73.941833859,-11.151216729],[-73.934736358,-11.142341854],[-73.916487233,-11.143101979],[-73.908540109,-11.151662604],[-73.899298233,-11.155779604],[-73.888748483,-11.170081854],[-73.863060234,-11.169124354],[-73.852706983,-11.164326229],[-73.861165983,-11.146261729],[-73.859607483,-11.130152354],[-73.865646983,-11.098680479],[-73.862834358,-11.070120479],[-73.866805234,-11.033588729],[-73.861891608,-10.976781104],[-73.857504858,-10.970577604],[-73.855748108,-10.956965603],[-73.823407233,-10.921072729],[-73.826748609,-10.911353604],[-73.817757484,-10.901783479],[-73.820871608,-10.895727854],[-73.812935608,-10.888886729],[-73.814729233,-10.883046479],[-73.820774359,-10.879013729],[-73.816012359,-10.857946229],[-73.822079358,-10.840750729],[-73.821543358,-10.834509354],[-73.816583983,-10.829056604],[-73.818922734,-10.825385728],[-73.817773108,-10.813806104],[-73.811806984,-10.805584853],[-73.813605358,-10.799219104],[-73.790703858,-10.796360979],[-73.781808358,-10.786179354],[-73.778349358,-10.774055479],[-73.783276109,-10.758024978],[-73.781986358,-10.750624978],[-73.769919234,-10.745404478],[-73.760563358,-10.736949604],[-73.742116108,-10.734008229],[-73.737110233,-10.737312979],[-73.731742483,-10.753818479],[-73.714859483,-10.759885728],[-73.705527483,-10.770498728],[-73.693475608,-10.774758603],[-73.678603233,-10.789482728],[-73.668029483,-10.791113229],[-73.665395859,-10.793909854],[-73.666568358,-10.802639604],[-73.661659358,-10.802767728],[-73.610396233,-10.846573853],[-73.584077733,-10.854503479],[-73.574930608,-10.852049104],[-73.567665983,-10.859041979],[-73.560898358,-10.859255978],[-73.558964608,-10.876745604],[-73.567426108,-10.907775104],[-73.564258983,-10.934033479],[-73.572577108,-10.954499979],[-73.558779108,-10.974962729],[-73.558237983,-10.999141104],[-73.554090983,-11.004374229],[-73.553011608,-11.014051604],[-73.540992858,-11.022098104],[-73.542578733,-11.047424478],[-73.522938358,-11.057967229],[-73.506588733,-11.057885229],[-73.498266858,-11.063990979],[-73.488787108,-11.062373479],[-73.482603483,-11.065242229],[-73.477825108,-11.079728979],[-73.471080983,-11.088492604],[-73.474179733,-11.098960979],[-73.466780608,-11.119072479],[-73.475186483,-11.128355854],[-73.461817608,-11.179750604],[-73.463335358,-11.185513854],[-73.458384608,-11.195447104],[-73.459200983,-11.208781604],[-73.449959858,-11.225119729],[-73.449811608,-11.236767979],[-73.455135733,-11.253873479],[-73.454723608,-11.264738854],[-73.463230608,-11.28440898],[-73.462812858,-11.295219479],[-73.459194233,-11.300924104],[-73.471323108,-11.305560354],[-73.484128858,-11.31853123],[-73.479467983,-11.325954604],[-73.485442733,-11.342757605],[-73.484561483,-11.350264104],[-73.479534108,-11.353973104],[-73.467868858,-11.343651229],[-73.463741983,-11.354284104],[-73.449758608,-11.368082979],[-73.420072233,-11.380744104],[-73.419749483,-11.38393823],[-73.430104983,-11.399923104],[-73.443302733,-11.409678854],[-73.445861983,-11.420620729],[-73.453001233,-11.425380354],[-73.456762858,-11.442115604],[-73.463212233,-11.441676354],[-73.469045608,-11.445224605],[-73.479831358,-11.469905355],[-73.453813358,-11.505327105],[-73.450402233,-11.533067604],[-73.476177358,-11.53903698],[-73.487126233,-11.53491598],[-73.493090608,-11.544779104],[-73.492130983,-11.551798979],[-73.502332483,-11.56316198],[-73.559650983,-11.59205098],[-73.582031983,-11.61557598],[-73.591106608,-11.635204854],[-73.608269608,-11.660160104],[-73.612510983,-11.67791498],[-73.583183734,-11.718826979],[-73.571936608,-11.742627355],[-73.570522983,-11.762889855],[-73.579914233,-11.769388105],[-73.581327358,-11.789062729],[-73.581321733,-11.82020773],[-73.577505108,-11.83648473],[-73.555257608,-11.85236173],[-73.545575608,-11.852291605],[-73.511130358,-11.862412229],[-73.490531608,-11.87817048],[-73.485270858,-11.893306605],[-73.464320358,-11.922286604],[-73.462659108,-11.92980848],[-73.454906483,-11.934653855],[-73.447947358,-11.934478605],[-73.441569983,-11.94125298],[-73.445185233,-11.961038854],[-73.430101358,-11.982101354],[-73.437413108,-11.98828823],[-73.435506983,-11.996724979],[-73.425351733,-12.003161979],[-73.421445858,-12.015441855],[-73.405314483,-12.005494105],[-73.397884858,-12.02094348],[-73.398873983,-12.045751604],[-73.408450483,-12.064205105],[-73.400336483,-12.07346123],[-73.391230358,-12.075711105],[-73.401015483,-12.090833605],[-73.383960858,-12.103333605],[-73.355129483,-12.112801105],[-73.361688233,-12.12589498],[-73.361091233,-12.13429298],[-73.364832608,-12.137596605],[-73.396991733,-12.13946723],[-73.414788233,-12.14353648],[-73.417586858,-12.147923355],[-73.429007608,-12.15261273],[-73.438008357,-12.15147823],[-73.441411983,-12.154049855],[-73.457036733,-12.18572573],[-73.464738608,-12.214765355],[-73.469648483,-12.21996648],[-73.469865233,-12.23689448],[-73.497834108,-12.25237473],[-73.521703983,-12.24998098],[-73.534823358,-12.25949523],[-73.548121108,-12.26092973],[-73.554532733,-12.265697105],[-73.558947483,-12.274888355],[-73.574326358,-12.276842355],[-73.584953858,-12.31310648],[-73.589491608,-12.36125523],[-73.586068608,-12.366176105],[-73.590465358,-12.37694423],[-73.598284358,-12.385328105],[-73.604222233,-12.386904355],[-73.607865483,-12.37987898],[-73.628350983,-12.373702355],[-73.636500983,-12.37878548],[-73.651293733,-12.36104323],[-73.657694483,-12.35953948],[-73.655979608,-12.351656355],[-73.660782983,-12.336713855],[-73.659915608,-12.32874773],[-73.689066608,-12.29940598],[-73.690878608,-12.291004105],[-73.703109358,-12.270494105],[-73.720795984,-12.26375573],[-73.737500858,-12.26662223],[-73.751174483,-12.255815105],[-73.761413733,-12.25324723],[-73.772404983,-12.23834423],[-73.793680483,-12.23054323],[-73.801893983,-12.220297105],[-73.831235234,-12.22776023],[-73.843249983,-12.23942998],[-73.859959983,-12.24004998],[-73.873369984,-12.23360998],[-73.883326608,-12.235786855],[-73.901423858,-12.24900073],[-73.923836858,-12.22474923],[-73.937407358,-12.22271173],[-73.949049983,-12.234730105],[-73.964609983,-12.23813998],[-73.972279984,-12.24354998],[-73.980451609,-12.242588355],[-73.986567734,-12.25800998],[-73.987496608,-12.27166473],[-73.999850483,-12.283576855],[-74.021875484,-12.277363855],[-74.039786733,-12.26140873],[-74.044813734,-12.26640498],[-74.055051608,-12.26931698],[-74.059281609,-12.276550855],[-74.071006608,-12.27710123],[-74.076221234,-12.281816855],[-74.097353609,-12.283709355],[-74.104120609,-12.31324323],[-74.112292609,-12.319264605],[-74.121439483,-12.33360148],[-74.129783484,-12.331221605],[-74.131159983,-12.314605105],[-74.141941109,-12.31695648],[-74.146156234,-12.32438273],[-74.160177609,-12.32068398],[-74.166227733,-12.312397355],[-74.183747359,-12.31664098],[-74.188048359,-12.31374498],[-74.188262983,-12.303055605],[-74.199890109,-12.30254798],[-74.206947609,-12.29828298],[-74.213268859,-12.30343648],[-74.218701609,-12.301735605],[-74.222077984,-12.29759498],[-74.215604359,-12.29122298],[-74.220808734,-12.286770105],[-74.218042609,-12.27808023],[-74.225200609,-12.27661548],[-74.232632109,-12.26750598],[-74.245509859,-12.26947923],[-74.247756233,-12.258043355],[-74.257538859,-12.256442355],[-74.269830359,-12.239347855],[-74.284072109,-12.240642605],[-74.291559859,-12.23044273],[-74.290850484,-12.22340498],[-74.300141358,-12.22635073],[-74.311585359,-12.223786605],[-74.316831234,-12.231318605],[-74.330357984,-12.221926105],[-74.336520983,-12.21493348],[-74.329733734,-12.211238855],[-74.334185484,-12.19446423],[-74.336673359,-12.192433355],[-74.344238609,-12.195327355],[-74.351700734,-12.17799998],[-74.343298859,-12.16908948],[-74.347055359,-12.16505748],[-74.355344858,-12.16390548],[-74.361305234,-12.155222855],[-74.358725734,-12.14911223],[-74.352384109,-12.14776498],[-74.351715859,-12.13698023],[-74.363483984,-12.137842605],[-74.398815609,-12.10361148],[-74.410309984,-12.10648523],[-74.419520234,-12.093775855],[-74.418905234,-12.08758323],[-74.414100234,-12.08396398],[-74.414220984,-12.07646298],[-74.421370983,-12.067526105],[-74.429904859,-12.071374605],[-74.433121609,-12.069891105],[-74.440406984,-12.05665548],[-74.442478109,-12.045037105],[-74.453068359,-12.04862098],[-74.451467234,-12.040100355],[-74.454375734,-12.03394598],[-74.463115109,-12.03512098],[-74.470420859,-12.02717123],[-74.475984734,-12.029723355],[-74.480682234,-12.026587105],[-74.487615734,-12.03371298],[-74.501124234,-12.020806105],[-74.509688109,-12.021511105],[-74.528185733,-12.015236354],[-74.543562984,-11.999012854],[-74.550104109,-11.99644523],[-74.557677984,-12.000949355],[-74.566958859,-11.997463605],[-74.571706859,-11.984808979],[-74.582034859,-11.987936105],[-74.594112859,-11.98697498],[-74.592750109,-11.995495729],[-74.602547484,-11.999512105],[-74.612545484,-11.987979105],[-74.619373359,-11.990145104],[-74.624164609,-11.98518198],[-74.641535734,-11.98806523],[-74.649539984,-11.99505098],[-74.657572859,-11.992684105],[-74.661411359,-12.005643605],[-74.679199984,-12.01825998],[-74.683359984,-12.03813998],[-74.699319984,-12.04436998],[-74.710139984,-12.05678998],[-74.716900109,-12.05941998],[-74.730529984,-12.04693998],[-74.744509985,-12.040899979],[-74.750699984,-12.04241998],[-74.759119984,-12.051119979],[-74.779929984,-12.052999855],[-74.794279984,-12.058289979],[-74.818749984,-12.05352998],[-74.837373609,-12.07081848],[-74.87077411,-12.06599198],[-74.88085936,-12.053685605],[-74.896330984,-12.048878355],[-74.907866859,-12.036520355],[-74.920004484,-12.032879105],[-74.939015734,-12.018355605],[-74.948831985,-12.01875048],[-74.952628984,-12.01581123],[-74.959070109,-12.022882605],[-74.967035235,-12.024645855],[-74.987973609,-12.017315105],[-74.997754359,-12.021080104],[-75.010362359,-12.01593948],[-75.012256234,-12.01123173],[-75.021942234,-12.013071605],[-75.02118561,-12.006196105],[-75.026814734,-12.002196355],[-75.04754236,-11.99855898],[-75.04705261,-12.011563605],[-75.065232609,-12.02540523],[-75.06734836,-12.036154605],[-75.074724859,-12.03797598],[-75.086400859,-12.053255855],[-75.07383036,-12.061311105],[-75.070075859,-12.082910855],[-75.065164109,-12.091917104],[-75.070822485,-12.10060773],[-75.068845734,-12.106232855],[-75.07094686,-12.11293298],[-75.064641734,-12.116103105],[-75.067878734,-12.128647605],[-75.062919735,-12.13471598],[-75.06733261,-12.142158605],[-75.075476985,-12.14292873],[-75.076945359,-12.14714573],[-75.072620609,-12.15779998],[-75.048921109,-12.16754773],[-75.053764109,-12.187639355],[-75.04935661,-12.20134298],[-75.052288735,-12.205222855],[-75.05905286,-12.20547298],[-75.061695485,-12.217925855],[-75.071627859,-12.235202605],[-75.08550961,-12.23672773],[-75.092380484,-12.244445605],[-75.09196861,-12.249800105],[-75.100447109,-12.251100605],[-75.105221484,-12.27114223],[-75.098928484,-12.285317855],[-75.110436234,-12.303464855],[-75.120456859,-12.30800023],[-75.130479984,-12.32856998],[-75.129459985,-12.33476998],[-75.135699985,-12.335520105],[-75.140139984,-12.34140998],[-75.131009985,-12.378499855],[-75.135559985,-12.38028998],[-75.145979984,-12.39493998],[-75.154140984,-12.39569923],[-75.16459711,-12.389082105],[-75.182369985,-12.36027998],[-75.207892485,-12.38348548],[-75.220084609,-12.390454605],[-75.21432761,-12.396211605],[-75.217729484,-12.40325173],[-75.213933485,-12.41389073],[-75.22348811,-12.439077355],[-75.213980359,-12.453202355],[-75.215515359,-12.463421105],[-75.223033235,-12.467068355],[-75.229648985,-12.475571855],[-75.242876109,-12.464246355],[-75.251877234,-12.462880355],[-75.26761461,-12.467521855],[-75.277441485,-12.466796606],[-75.279989485,-12.473752105],[-75.288818235,-12.47550498],[-75.297664484,-12.485247605],[-75.301182359,-12.485370105],[-75.302140734,-12.480480981],[-75.309487485,-12.47912748],[-75.313888859,-12.484455355],[-75.324739984,-12.485502105],[-75.318675735,-12.503424481],[-75.31933911,-12.514502856],[-75.32870511,-12.516839855],[-75.34751161,-12.53437998],[-75.367037985,-12.54294873],[-75.391907984,-12.576212731],[-75.399147359,-12.582517981],[-75.409447235,-12.58473048],[-75.40916086,-12.597124105],[-75.412269359,-12.600833105],[-75.410128735,-12.617934106],[-75.415382735,-12.628417106],[-75.430799234,-12.626080106],[-75.442645234,-12.617741481],[-75.45291236,-12.62196073],[-75.460793985,-12.63138598],[-75.457149234,-12.650236355],[-75.45256136,-12.657194231],[-75.459279235,-12.674668106],[-75.467200735,-12.683330606],[-75.48330086,-12.67708723],[-75.48951736,-12.663323356],[-75.490854235,-12.647937356],[-75.49813736,-12.64336948],[-75.500444235,-12.63715498],[-75.510557734,-12.63446723],[-75.52538961,-12.618367231],[-75.548303735,-12.62516173],[-75.551536985,-12.623474981],[-75.579613235,-12.641484356],[-75.58283986,-12.62175798],[-75.579378735,-12.595081231],[-75.572777485,-12.58983673],[-75.56621161,-12.572462355],[-75.57184061,-12.564067855],[-75.55887261,-12.54515123],[-75.551989985,-12.544929981],[-75.545365235,-12.525611355],[-75.535973985,-12.518548106],[-75.54130311,-12.505328481],[-75.53926736,-12.500321605],[-75.55740761,-12.45659048],[-75.55544311,-12.431218855],[-75.560096735,-12.419990231],[-75.558869485,-12.41210223],[-75.56694004,-12.412200019],[-75.565947335,-12.403435221],[-75.55976511,-12.39725223],[-75.56159036,-12.390104855],[-75.551188735,-12.375806731],[-75.54870111,-12.36424398],[-75.55453711,-12.359436605],[-75.568216485,-12.33163873],[-75.588596485,-12.325003231],[-75.592637735,-12.314099105],[-75.58669986,-12.29925298],[-75.591452235,-12.297339605],[-75.60916386,-12.26772423],[-75.615885485,-12.264781855],[-75.61612411,-12.25649098],[-75.62791786,-12.24778448],[-75.64213586,-12.229623105],[-75.645112485,-12.22010898],[-75.65207836,-12.21448123],[-75.65272711,-12.20566973],[-75.662552235,-12.19563248],[-75.671262147,-12.192455466],[-75.668700394,-12.183417842],[-75.659762964,-12.180568285],[-75.65823436,-12.175046855],[-75.648466235,-12.174208355],[-75.64918086,-12.163622855],[-75.64142161,-12.14922198],[-75.627523485,-12.14174023],[-75.628941735,-12.130066355],[-75.63870311,-12.121531855],[-75.634470735,-12.114785355],[-75.65473561,-12.102732355],[-75.661760485,-12.092032605],[-75.67327436,-12.085200105],[-75.68822186,-12.08213348],[-75.684694485,-12.071262605],[-75.676728985,-12.066360605],[-75.673889985,-12.05791998],[-75.68522886,-12.05220123],[-75.694304735,-12.042691355],[-75.701085985,-12.048161979],[-75.71673436,-12.04651948],[-75.742039485,-12.036547105],[-75.74278711,-12.046374104],[-75.75112336,-12.054857105],[-75.765662985,-12.059627355],[-75.77649961,-12.05181198],[-75.78493936,-12.040230355],[-75.799585735,-12.034614979],[-75.818936861,-12.01373723],[-75.82407386,-12.01568723],[-75.82646136,-12.02287923],[-75.832367235,-12.02505273],[-75.842549361,-12.006452855],[-75.85492236,-12.007598605],[-75.88629911,-11.993168855],[-75.896666986,-11.99304948],[-75.904147111,-11.998396604],[-75.912184736,-11.98777423],[-75.923336611,-11.984252105],[-75.94858411,-11.99440223],[-75.95426011,-11.986176104],[-75.95919436,-11.985221855],[-75.964482861,-11.988874855],[-75.975305485,-11.983940605],[-75.993179735,-11.994679729],[-75.994324985,-11.989320105],[-76.000711485,-11.985081229],[-76.01425411,-11.98432973],[-76.019621611,-11.975957855],[-76.038733486,-11.96281648],[-76.046733985,-11.950233479],[-76.05258536,-11.94823623],[-76.051861486,-11.938962105],[-76.05537936,-11.93737823],[-76.053675985,-11.930977354],[-76.058220736,-11.912808605],[-76.050338985,-11.90960073],[-76.04976836,-11.901086605],[-76.058179486,-11.879958229],[-76.08458986,-11.860382854],[-76.094435486,-11.848468355],[-76.112597985,-11.811578854],[-76.12520911,-11.79545398],[-76.135049985,-11.79071923],[-76.13732761,-11.780511354],[-76.143379736,-11.77652773],[-76.149921236,-11.78370123],[-76.154380861,-11.781388605],[-76.17288286,-11.76256073],[-76.175380111,-11.750375355],[-76.187522361,-11.738309104],[-76.198204985,-11.73780898],[-76.202327735,-11.72804923],[-76.203191986,-11.709043979],[-76.20750286,-11.699786104],[-76.202742486,-11.69277848],[-76.196685861,-11.692565104],[-76.19425761,-11.686014105],[-76.196748361,-11.677982105],[-76.193297485,-11.67348698],[-76.20186661,-11.66814198],[-76.204882735,-11.659531104],[-76.18829236,-11.64238673],[-76.19072811,-11.63448598],[-76.198906235,-11.625938104],[-76.19473886,-11.619663604],[-76.179550735,-11.612873104],[-76.187029236,-11.604347479],[-76.189418361,-11.590400604],[-76.192646735,-11.587495229],[-76.199393986,-11.58843148],[-76.205500736,-11.574422105],[-76.217291611,-11.571477229],[-76.217046485,-11.566044354],[-76.224174986,-11.562349104],[-76.228743861,-11.553810605],[-76.23741361,-11.569009104],[-76.242929736,-11.566455979],[-76.254535736,-11.569033354],[-76.264729485,-11.567194479],[-76.273085986,-11.582005855],[-76.286788736,-11.591232604],[-76.292858485,-11.588782105],[-76.297650361,-11.596173855],[-76.30162986,-11.583052854],[-76.299960735,-11.575211105],[-76.30436961,-11.567527979],[-76.317514485,-11.562699605],[-76.321267611,-11.553214854],[-76.325826486,-11.552118604],[-76.327859861,-11.54432273],[-76.350002485,-11.542297979],[-76.35064586,-11.520413604],[-76.359399485,-11.52286748],[-76.361756486,-11.514571479],[-76.376839111,-11.501488604],[-76.380989735,-11.486045354],[-76.371484986,-11.476480104],[-76.377408235,-11.444220729],[-76.387992235,-11.446429729],[-76.396148486,-11.442294979],[-76.411648486,-11.415884729],[-76.401417986,-11.402851729],[-76.41411061,-11.379552855],[-76.420057485,-11.375092605],[-76.422683611,-11.354855479],[-76.43035161,-11.34586423],[-76.443355485,-11.347281104],[-76.450972611,-11.343904355],[-76.464515611,-11.320456979],[-76.463272486,-11.312510479],[-76.47847011,-11.292045979],[-76.463421985,-11.270660604],[-76.456932485,-11.272520604],[-76.463546986,-11.265193229],[-76.477090986,-11.263912854],[-76.49071486,-11.246595729],[-76.48484761,-11.243941354],[-76.483199236,-11.236943354],[-76.486196361,-11.224093104],[-76.49420861,-11.209739604],[-76.492077236,-11.189313979],[-76.500727486,-11.176128354],[-76.505563235,-11.173665479],[-76.506824736,-11.169130104],[-76.50260361,-11.162870604],[-76.505174611,-11.143788104],[-76.518997986,-11.116753854],[-76.495659111,-11.109552979],[-76.49095561,-11.089096854],[-76.477523486,-11.083099604],[-76.461197236,-11.084128854],[-76.458241736,-11.078468979],[-76.451919861,-11.079806604],[-76.446806611,-11.071247354],[-76.43366211,-11.080093729],[-76.425904361,-11.075636729],[-76.397216736,-11.075761729],[-76.392349611,-11.070421854],[-76.383353485,-11.074080104],[-76.383570735,-11.080257729],[-76.359306485,-11.087544979],[-76.350958986,-11.094193354],[-76.336738235,-11.082482479],[-76.31907036,-11.090562479],[-76.317878861,-11.110421854],[-76.30790036,-11.132664104],[-76.280249985,-11.138169979],[-76.257769985,-11.151749979],[-76.252179986,-11.150520104],[-76.244589986,-11.142939979],[-76.227449986,-11.155759979],[-76.214629985,-11.150309979],[-76.225589986,-11.129229979],[-76.229529986,-11.128499979],[-76.23859011,-11.115349979],[-76.244509985,-11.114299854],[-76.250149986,-11.105199979],[-76.250189986,-11.089129979],[-76.244139985,-11.076579979],[-76.245169986,-11.070539979],[-76.23957036,-11.049199104],[-76.245169986,-11.045779979],[-76.24346911,-11.041311104],[-76.251089986,-11.039969979],[-76.251026235,-11.032060479],[-76.259667861,-11.027401854],[-76.253443111,-11.022878479],[-76.259951485,-11.015006479],[-76.256278736,-11.010969229],[-76.25980286,-11.005352104],[-76.255671111,-11.002395104],[-76.26374561,-10.998587354],[-76.265871736,-10.980131229],[-76.269409735,-10.979463729],[-76.268319361,-10.976871354],[-76.272947736,-10.971019229],[-76.271739986,-10.966159979],[-76.267599986,-10.966159979],[-76.269850235,-10.961776854],[-76.265482486,-10.959578354],[-76.269155985,-10.955254103],[-76.27282961,-10.956483479],[-76.272482486,-10.950611479],[-76.276720111,-10.950351229],[-76.278859235,-10.923451354],[-76.27627536,-10.918859354],[-76.269958985,-10.922412104],[-76.259150236,-10.921762604],[-76.24801561,-10.933181604],[-76.243478486,-10.948109354],[-76.229087861,-10.964453104],[-76.208511736,-11.001660104],[-76.19675386,-11.015072229],[-76.191445361,-11.029152354],[-76.178314486,-11.035662104],[-76.17368361,-11.047208979],[-76.156699235,-11.055818354],[-76.14750586,-11.078722604],[-76.141716736,-11.078544979],[-76.135773485,-11.084671854],[-76.121886735,-11.085644479],[-76.122025361,-11.101206979],[-76.113632861,-11.110244104],[-76.10756636,-11.111460979],[-76.096367236,-11.120787104],[-76.09872461,-11.117640604],[-76.096396486,-11.108380854],[-76.086830111,-11.106751854],[-76.080269486,-11.112888729],[-76.06695511,-11.114472604],[-76.065460985,-11.110915979],[-76.069039111,-11.106751854],[-76.064742236,-11.103042979],[-76.064421861,-11.095439479],[-76.060943361,-11.098470729],[-76.05708986,-11.090138729],[-76.04750786,-11.093535104],[-76.027947235,-11.085275354],[-76.025177735,-11.080283229],[-76.03012111,-11.074732479],[-76.028908236,-11.065458979],[-76.022906235,-11.056281229],[-76.016396485,-11.054289104],[-76.01620511,-11.049994104],[-76.009406361,-11.048208979],[-76.013083985,-11.043312479],[-76.011382985,-11.032494104],[-76.01760936,-11.025736353],[-76.02191211,-11.028445354],[-76.028419861,-11.024976479],[-76.03025786,-11.028261729],[-76.034126985,-11.023003854],[-76.03728511,-11.026068354],[-76.04046686,-11.022999979],[-76.041267611,-11.026208979],[-76.04457811,-11.024732479],[-76.05028511,-11.003978479],[-76.048964861,-10.998484354],[-76.055863235,-10.994888729],[-76.073081985,-10.974337853],[-76.10916986,-10.971458979],[-76.10796286,-10.965007854],[-76.110587861,-10.962058604],[-76.11965236,-10.963664104],[-76.122525361,-10.967595729],[-76.122899985,-10.962109979],[-76.116189985,-10.950629978],[-76.110009985,-10.946719979],[-76.109149985,-10.938939979],[-76.098959986,-10.930309979],[-76.091539985,-10.906659979],[-76.082139986,-10.895139978],[-76.068079986,-10.886619979],[-76.045509985,-10.880739979],[-76.035209986,-10.864249978],[-76.00880286,-10.838700104],[-76.007381735,-10.829383478],[-75.994760985,-10.820957353],[-75.97887686,-10.832147229],[-75.97019061,-10.843227854],[-75.961628485,-10.843959853],[-75.95573211,-10.858778229],[-75.937146485,-10.871507853],[-75.93859611,-10.880564604],[-75.93592386,-10.889722604],[-75.930585485,-10.883385479],[-75.920499235,-10.882058604],[-75.913160236,-10.872001103],[-75.876069985,-10.867495229],[-75.86478186,-10.876585979],[-75.86176186,-10.868413479],[-75.85825936,-10.867856978],[-75.85151761,-10.873263354],[-75.84931561,-10.880883104],[-75.836967985,-10.886036729],[-75.829996236,-10.875996478],[-75.815578861,-10.872493228],[-75.818655735,-10.857993729],[-75.815447485,-10.846981604],[-75.789139985,-10.825269978],[-75.758569985,-10.830089979],[-75.742759985,-10.822329978],[-75.73280686,-10.809264478],[-75.720899985,-10.808811353],[-75.70868711,-10.815665228],[-75.69325261,-10.817219354],[-75.68852761,-10.827315729],[-75.69296286,-10.835138729],[-75.678549985,-10.840179979],[-75.666299985,-10.828679979],[-75.649769985,-10.823379979],[-75.63663986,-10.827054979],[-75.606621735,-10.823115979],[-75.601471485,-10.813932229],[-75.590050234,-10.811339729],[-75.589179234,-10.805825103],[-75.58409586,-10.801567104],[-75.576514235,-10.781023354],[-75.573960485,-10.744009478],[-75.567769985,-10.727119979],[-75.556919985,-10.744069979],[-75.549739985,-10.745659979],[-75.542479985,-10.740969978],[-75.531629985,-10.743179979],[-75.523079984,-10.753669979],[-75.514469985,-10.756369978],[-75.509239985,-10.753919978],[-75.502789985,-10.758049979],[-75.498329985,-10.758669853],[-75.495079985,-10.755069979],[-75.490249985,-10.756829978],[-75.482929984,-10.765499978],[-75.481819985,-10.778659978],[-75.477889984,-10.780959978],[-75.469709985,-10.776199979],[-75.463849985,-10.758929978],[-75.464869985,-10.752109979],[-75.460789985,-10.749769978],[-75.447412484,-10.751576604],[-75.435909985,-10.747459979],[-75.424449985,-10.754819979],[-75.413499985,-10.750819979],[-75.39502461,-10.759018478],[-75.396469985,-10.769059979],[-75.386889985,-10.800289979],[-75.390759985,-10.832259979],[-75.40168161,-10.845067104],[-75.40933986,-10.845208979],[-75.407737859,-10.853804479],[-75.410721985,-10.861700603],[-75.396292234,-10.853229854],[-75.38572736,-10.864936854],[-75.378970735,-10.856117229],[-75.362737735,-10.850112478],[-75.354728485,-10.828539854],[-75.35526436,-10.820267104],[-75.36188636,-10.819174103],[-75.353399984,-10.804109979],[-75.347889984,-10.800289979],[-75.33781586,-10.801276229],[-75.326830734,-10.819018854],[-75.31047336,-10.827749478],[-75.30427461,-10.838236354],[-75.291293859,-10.838195854],[-75.28894261,-10.842177604],[-75.283889984,-10.841449979],[-75.272259985,-10.830559979],[-75.264249984,-10.828049979],[-75.257519985,-10.809909979],[-75.247959985,-10.803099979],[-75.243139985,-10.789369979],[-75.243899985,-10.763879979],[-75.229729984,-10.759429978],[-75.219040859,-10.764368729],[-75.204183984,-10.764676229],[-75.189948984,-10.780401978],[-75.174698984,-10.745437478],[-75.157083109,-10.761979479],[-75.152899984,-10.751679979],[-75.148699984,-10.751229979],[-75.142329984,-10.741249979],[-75.130040234,-10.739923603],[-75.10963986,-10.723993354],[-75.097734235,-10.708399103],[-75.095796484,-10.699763353],[-75.087826735,-10.688684229],[-75.088447234,-10.683537104],[-75.079736734,-10.683266854],[-75.071622734,-10.677849603],[-75.074316485,-10.665810479],[-75.065072859,-10.652894478],[-75.054441485,-10.657078103],[-75.039212859,-10.672782603],[-75.035639234,-10.682317729]]]]},"properties":{"name":"Junin","mapcolor":12,"cartodb_id":12}},{"type":"Feature","geometry":{"type":"MultiPolygon","coordinates":[[[[-77.757533612,-6.965793475],[-77.755059362,-6.976696225],[-77.747188737,-6.98606185],[-77.747820612,-6.9939726],[-77.744263237,-6.998864101],[-77.747680237,-7.004715225],[-77.743841862,-7.01316435],[-77.745659862,-7.019549725],[-77.740404612,-7.026513975],[-77.739980112,-7.0354221],[-77.723830987,-7.059598975],[-77.707005987,-7.06852485],[-77.707778362,-7.076195725],[-77.718047112,-7.08755285],[-77.713378612,-7.107887101],[-77.696881112,-7.120362725],[-77.689100737,-7.121324976],[-77.681261862,-7.131641975],[-77.642429486,-7.149756475],[-77.634266362,-7.169414851],[-77.621998861,-7.17166835],[-77.615504236,-7.177997225],[-77.621048736,-7.191630725],[-77.612980987,-7.206368101],[-77.607452987,-7.20594285],[-77.605530237,-7.21916185],[-77.633812487,-7.2330976],[-77.638139237,-7.243403475],[-77.647350612,-7.241514351],[-77.645125487,-7.253454725],[-77.637200487,-7.253509976],[-77.646920237,-7.270050226],[-77.637400112,-7.28493585],[-77.633914487,-7.3075766],[-77.628419237,-7.320808726],[-77.634486737,-7.325359351],[-77.632754737,-7.333450226],[-77.639211612,-7.343701225],[-77.634825862,-7.3501286],[-77.631485736,-7.376246226],[-77.621678362,-7.396994101],[-77.630917737,-7.4138746],[-77.613649987,-7.419949476],[-77.610712986,-7.434244101],[-77.598968237,-7.448510351],[-77.591867237,-7.4435071],[-77.559659986,-7.464187476],[-77.560614987,-7.4689546],[-77.554303487,-7.47838835],[-77.550293611,-7.4948356],[-77.542662236,-7.497123475],[-77.539076862,-7.50738535],[-77.533925362,-7.508654976],[-77.526917737,-7.50483935],[-77.521388737,-7.509552601],[-77.529127737,-7.51619235],[-77.530194237,-7.538888475],[-77.535629737,-7.543832725],[-77.533743112,-7.554384851],[-77.540788987,-7.5641776],[-77.536931612,-7.571292976],[-77.540067237,-7.577413601],[-77.536704612,-7.582280976],[-77.520260487,-7.5772241],[-77.515766737,-7.583647226],[-77.508720236,-7.581741475],[-77.505872237,-7.586181101],[-77.496944736,-7.582741476],[-77.485763612,-7.603992226],[-77.495247112,-7.614134976],[-77.505375237,-7.615257601],[-77.512304612,-7.611286851],[-77.528388736,-7.6159501],[-77.529155487,-7.620962476],[-77.522704237,-7.633407226],[-77.528681612,-7.641730726],[-77.537138237,-7.64438685],[-77.538391362,-7.650227976],[-77.526785987,-7.657688601],[-77.521698986,-7.6543821],[-77.511602487,-7.657404976],[-77.508291612,-7.666894851],[-77.509474612,-7.676536226],[-77.497889612,-7.686354851],[-77.488628612,-7.685250351],[-77.467168361,-7.67467785],[-77.461489987,-7.678958475],[-77.459237486,-7.686904226],[-77.461279237,-7.691371101],[-77.468369111,-7.690089851],[-77.483406237,-7.697655976],[-77.483276237,-7.720247351],[-77.495149612,-7.731197226],[-77.497360486,-7.738974226],[-77.526182112,-7.753889226],[-77.525468737,-7.768341851],[-77.506550112,-7.770380726],[-77.505073736,-7.779031851],[-77.497970486,-7.785518101],[-77.493131486,-7.785763475],[-77.490150987,-7.793442601],[-77.482451112,-7.796518726],[-77.478590237,-7.804240476],[-77.472136737,-7.803023476],[-77.457942611,-7.810932601],[-77.450230361,-7.808342476],[-77.442861112,-7.813641726],[-77.442619112,-7.824187476],[-77.435596737,-7.829350476],[-77.431573111,-7.841736351],[-77.438384737,-7.850150351],[-77.410784486,-7.900524726],[-77.407717987,-7.902965226],[-77.401062487,-7.898277351],[-77.388826737,-7.907696976],[-77.376909237,-7.908821351],[-77.375367361,-7.920064226],[-77.382659237,-7.925139601],[-77.386749987,-7.937355476],[-77.385558237,-7.943855101],[-77.390522362,-7.947312976],[-77.387445486,-7.962887851],[-77.398126362,-7.970838226],[-77.400495362,-7.983004726],[-77.407129611,-7.991985601],[-77.399891737,-8.007823476],[-77.393831737,-8.009134851],[-77.388050487,-8.019904601],[-77.374936362,-8.031527226],[-77.381152236,-8.037340351],[-77.385472612,-8.055386726],[-77.372444236,-8.064925726],[-77.349299111,-8.054384351],[-77.335732611,-8.056639101],[-77.327425612,-8.054091976],[-77.321997987,-8.059111351],[-77.307212237,-8.056598351],[-77.303277362,-8.063042976],[-77.296664236,-8.062565726],[-77.281341611,-8.048783226],[-77.260078111,-8.048439476],[-77.251312736,-8.028003601],[-77.240775361,-8.014867226],[-77.231865237,-8.011748101],[-77.215247986,-8.014255851],[-77.204872986,-8.012554726],[-77.182830111,-8.022373102],[-77.166228486,-8.021636726],[-77.150535112,-8.032042976],[-77.132685486,-8.032136726],[-77.117683611,-8.025017601],[-77.110527361,-8.025226601],[-77.070335987,-8.039076226],[-77.024458986,-8.049150352],[-77.018013611,-8.054421851],[-77.005371111,-8.079359351],[-76.994870361,-8.085210727],[-76.986252361,-8.103882351],[-76.984914861,-8.113853476],[-76.966205736,-8.122156601],[-76.947033611,-8.139919476],[-76.938078111,-8.136745601],[-76.930210736,-8.138456976],[-76.918697487,-8.154274976],[-76.911769361,-8.158901226],[-76.907276236,-8.169443726],[-76.912266486,-8.189783976],[-76.922378237,-8.203552101],[-76.925596736,-8.218497352],[-76.913078986,-8.236987851],[-76.912691236,-8.249959352],[-76.907748861,-8.254463352],[-76.901243236,-8.283466351],[-76.910515112,-8.295073601],[-76.906999487,-8.304433851],[-76.912472236,-8.312714351],[-76.913745236,-8.326089852],[-76.931930236,-8.342595102],[-76.926184861,-8.350490351],[-76.927004736,-8.359257102],[-76.942679236,-8.359945476],[-76.951247362,-8.375705227],[-76.956128611,-8.371627352],[-76.968372612,-8.371241477],[-76.974348111,-8.378252601],[-76.971800986,-8.391151976],[-76.976898611,-8.396138726],[-76.981852736,-8.393240726],[-76.991684736,-8.396296351],[-76.992466611,-8.390139101],[-77.000429236,-8.382403476],[-77.034011736,-8.404706977],[-77.069876987,-8.397496101],[-77.074195362,-8.405361351],[-77.086638611,-8.407138726],[-77.093898236,-8.427373102],[-77.093195986,-8.434469602],[-77.102420611,-8.437192726],[-77.104588986,-8.444763476],[-77.119780111,-8.447651226],[-77.133843736,-8.440021476],[-77.146738237,-8.454507852],[-77.185542986,-8.480193351],[-77.193150361,-8.479742227],[-77.204632861,-8.485681601],[-77.263835861,-8.467417977],[-77.271306611,-8.475431601],[-77.278070362,-8.498201227],[-77.293380861,-8.517115226],[-77.310089862,-8.521923851],[-77.317486362,-8.530152351],[-77.326487487,-8.529174477],[-77.334343611,-8.533184351],[-77.347632237,-8.517642477],[-77.364488112,-8.509343727],[-77.368232236,-8.500306477],[-77.388174612,-8.493197852],[-77.399534362,-8.483406727],[-77.402272361,-8.472062601],[-77.399109986,-8.459747101],[-77.405460611,-8.441483352],[-77.418336237,-8.439649352],[-77.438355486,-8.422328102],[-77.437537861,-8.401149227],[-77.448791111,-8.380662976],[-77.450012862,-8.375142102],[-77.446956111,-8.369374226],[-77.453297986,-8.356673226],[-77.459332361,-8.355560477],[-77.458896362,-8.335655977],[-77.462728236,-8.331548852],[-77.472846862,-8.331434226],[-77.478284737,-8.326065101],[-77.473638362,-8.320501102],[-77.481333611,-8.315409351],[-77.487630111,-8.303545976],[-77.486587612,-8.297610976],[-77.491368487,-8.282553102],[-77.504451112,-8.273681601],[-77.527615237,-8.267081976],[-77.526685487,-8.250722601],[-77.531091736,-8.243337851],[-77.548792987,-8.236748101],[-77.563669861,-8.238214852],[-77.574908236,-8.230941351],[-77.572755862,-8.210876976],[-77.556921862,-8.194249976],[-77.564216612,-8.187779352],[-77.575671861,-8.167996101],[-77.594122986,-8.162828101],[-77.605390612,-8.155208976],[-77.608121986,-8.147281352],[-77.602137862,-8.135938977],[-77.616589862,-8.131244101],[-77.623253862,-8.118587851],[-77.636663362,-8.108586101],[-77.624525362,-8.093531226],[-77.618751987,-8.079831976],[-77.623251987,-8.073531226],[-77.643861361,-8.066623101],[-77.647367237,-8.049708976],[-77.683683611,-8.062839852],[-77.690984362,-8.060396476],[-77.718279237,-8.073435601],[-77.743388112,-8.070184727],[-77.751271737,-8.077438851],[-77.761046612,-8.075226352],[-77.785784862,-8.079198851],[-77.791698737,-8.077652101],[-77.795796862,-8.071015601],[-77.810441362,-8.067734976],[-77.826033737,-8.070148976],[-77.833278237,-8.075741476],[-77.852208112,-8.074779476],[-77.867910862,-8.055890351],[-77.883522237,-8.063712476],[-77.895625612,-8.061949101],[-77.905427737,-8.094923851],[-77.904511737,-8.105040976],[-77.908236362,-8.108627101],[-77.910636737,-8.119595726],[-77.914203112,-8.121441352],[-77.920441362,-8.147730476],[-77.926695362,-8.157460976],[-77.933212862,-8.197009727],[-77.956662112,-8.208138726],[-77.978722612,-8.210451226],[-77.981447237,-8.214876976],[-77.990080112,-8.218380851],[-78.018634738,-8.224316476],[-78.033775613,-8.244325226],[-78.036798862,-8.255951227],[-78.045507737,-8.257872352],[-78.064719987,-8.270910351],[-78.067375738,-8.278630976],[-78.081980487,-8.281085851],[-78.089807363,-8.293789226],[-78.094249988,-8.294129977],[-78.102229987,-8.305379977],[-78.119431612,-8.313652352],[-78.120636737,-8.318685601],[-78.114956987,-8.322726602],[-78.108394487,-8.338109352],[-78.114699237,-8.344236352],[-78.115349612,-8.351830102],[-78.122474613,-8.360076226],[-78.129386738,-8.361417976],[-78.137497987,-8.368667977],[-78.139394487,-8.389705101],[-78.134640612,-8.393492227],[-78.140613237,-8.414134727],[-78.139273488,-8.427152227],[-78.151111362,-8.457269477],[-78.156490237,-8.462484352],[-78.157386738,-8.478853476],[-78.169357237,-8.489656227],[-78.173656237,-8.503537102],[-78.183960988,-8.510333976],[-78.187872987,-8.508099727],[-78.189665987,-8.513925852],[-78.202597613,-8.526066352],[-78.203033237,-8.531830226],[-78.211576113,-8.542498102],[-78.216878738,-8.556917977],[-78.215149987,-8.565709976],[-78.207929987,-8.566089977],[-78.201654238,-8.574178102],[-78.201810613,-8.582946852],[-78.193525362,-8.600111351],[-78.201744113,-8.614078101],[-78.200513613,-8.622509726],[-78.205009737,-8.630587852],[-78.246134862,-8.658363226],[-78.272660112,-8.656314477],[-78.287165988,-8.662548852],[-78.296261738,-8.658718727],[-78.301177737,-8.663947227],[-78.310947237,-8.667206977],[-78.334249988,-8.666451227],[-78.337683613,-8.675861352],[-78.354810488,-8.673279351],[-78.373198112,-8.687242352],[-78.379171863,-8.696566352],[-78.397328113,-8.702560602],[-78.403077488,-8.707937477],[-78.411334487,-8.708756602],[-78.425328862,-8.723901852],[-78.438414363,-8.732746601],[-78.466402612,-8.740864477],[-78.487242488,-8.751163227],[-78.500926613,-8.748655476],[-78.518138738,-8.752980602],[-78.530100613,-8.763780227],[-78.551573488,-8.775022727],[-78.565343113,-8.792598977],[-78.588281113,-8.858677477],[-78.582788112,-8.865678977],[-78.576484738,-8.889046602],[-78.580145737,-8.906423352],[-78.590292988,-8.926560602],[-78.589943613,-8.942622352],[-78.619511362,-8.966529977],[-78.629728612,-8.970889852],[-78.644923863,-8.969228477],[-78.643693363,-8.935081977],[-78.651662113,-8.914355477],[-78.761158238,-8.773956977],[-78.757501988,-8.766939477],[-78.761015613,-8.756999977],[-78.742771487,-8.740324226],[-78.737359363,-8.711523352],[-78.746724613,-8.684273476],[-78.737997987,-8.666939477],[-78.741550738,-8.642312476],[-78.761085988,-8.594847477],[-78.778931613,-8.568259727],[-78.813263613,-8.533322227],[-78.862273488,-8.494076227],[-78.914253863,-8.460785101],[-78.934480488,-8.437044976],[-78.934519488,-8.427960976],[-78.914021488,-8.429531101],[-78.905226613,-8.420718727],[-78.895406238,-8.396872976],[-78.895408238,-8.382888726],[-78.903771488,-8.365523477],[-78.958312489,-8.292451226],[-78.956800738,-8.284560601],[-78.960406238,-8.271632852],[-78.957841738,-8.262101601],[-78.983464863,-8.229027352],[-78.980283238,-8.223107476],[-78.986087863,-8.212361351],[-79.041316363,-8.158093851],[-79.115566363,-8.096662101],[-79.123101613,-8.083757851],[-79.119347613,-8.071855351],[-79.130078113,-8.059849601],[-79.307855488,-7.925431601],[-79.311099613,-7.912394476],[-79.352695364,-7.872208976],[-79.374484364,-7.844435601],[-79.381669739,-7.817808601],[-79.387199238,-7.808730476],[-79.384503863,-7.799921851],[-79.389568363,-7.79121485],[-79.465455113,-7.716572226],[-79.462878864,-7.709679725],[-79.446615239,-7.704712851],[-79.437701113,-7.698314476],[-79.434833988,-7.689296851],[-79.437718739,-7.6713496],[-79.449093363,-7.647075226],[-79.495262363,-7.581191476],[-79.498523863,-7.571153726],[-79.540876489,-7.521256101],[-79.539480489,-7.514021476],[-79.549398489,-7.495650351],[-79.576611363,-7.461509725],[-79.577499988,-7.447177726],[-79.586833988,-7.426753851],[-79.588636739,-7.414902351],[-79.574173864,-7.402540976],[-79.569538989,-7.389988226],[-79.574400363,-7.37388285],[-79.588540863,-7.3509316],[-79.590589864,-7.327824226],[-79.587621114,-7.318382851],[-79.599185488,-7.28663085],[-79.621343739,-7.250273476],[-79.690621114,-7.177126975],[-79.528767614,-7.0052851],[-79.514995864,-6.98736135],[-79.514734239,-6.9785846],[-79.508016363,-6.970435975],[-79.502223364,-6.967085725],[-79.495365239,-6.971958975],[-79.487632864,-6.967075975],[-79.479185739,-6.97085935],[-79.468787489,-6.96650485],[-79.455005363,-6.9463136],[-79.438012238,-6.948326475],[-79.430851114,-6.9533726],[-79.400761738,-6.956927725],[-79.400222988,-6.963874725],[-79.392322238,-6.9649101],[-79.388555738,-6.976179725],[-79.377167489,-6.984993475],[-79.369985738,-6.985370975],[-79.369097863,-6.991685975],[-79.359606488,-7.004966475],[-79.342323113,-7.010802725],[-79.330544863,-7.02422285],[-79.322585988,-7.0256836],[-79.331618613,-7.05735385],[-79.327478489,-7.0714786],[-79.330488364,-7.07597335],[-79.326145863,-7.0829926],[-79.317598738,-7.084760475],[-79.312916238,-7.090386226],[-79.311481738,-7.112714476],[-79.313704488,-7.1206631],[-79.296191364,-7.129617226],[-79.306043613,-7.141663975],[-79.305301238,-7.147146225],[-79.280956364,-7.157078975],[-79.278770238,-7.16325985],[-79.280937363,-7.1697236],[-79.274548988,-7.182782976],[-79.269668239,-7.185458851],[-79.266360613,-7.193523726],[-79.251803738,-7.1983486],[-79.262066988,-7.20345485],[-79.263717488,-7.209211225],[-79.270259864,-7.214450601],[-79.275552988,-7.21553935],[-79.269025364,-7.228054726],[-79.279321988,-7.247702475],[-79.271385114,-7.258774101],[-79.269154988,-7.278338851],[-79.276699238,-7.278826225],[-79.282626988,-7.2750606],[-79.306853488,-7.28371485],[-79.327525489,-7.308937476],[-79.357722613,-7.324828101],[-79.369275363,-7.324124976],[-79.366484113,-7.331439351],[-79.347130988,-7.3366366],[-79.332504738,-7.354349225],[-79.322519988,-7.35452535],[-79.315797613,-7.359554101],[-79.293118614,-7.347260725],[-79.282902113,-7.348743475],[-79.279235239,-7.359532975],[-79.264526989,-7.371778475],[-79.260874614,-7.3789951],[-79.231472363,-7.390929726],[-79.194442738,-7.373373725],[-79.191828488,-7.376918976],[-79.186498488,-7.377347226],[-79.187790113,-7.396876476],[-79.161769613,-7.418381226],[-79.154492239,-7.439134851],[-79.122761739,-7.441644476],[-79.065361658,-7.472703074],[-79.069107738,-7.47962285],[-79.071551863,-7.505345726],[-79.065370988,-7.512960351],[-79.065827886,-7.520982752],[-79.057005613,-7.527702101],[-79.061462363,-7.5387991],[-79.059847238,-7.546675476],[-79.038604238,-7.562062475],[-79.039547488,-7.57906935],[-79.043715113,-7.588042726],[-79.041232488,-7.599887476],[-79.034502488,-7.603556601],[-79.026416738,-7.62545135],[-79.018947488,-7.62876285],[-79.008487988,-7.639625101],[-78.993398613,-7.660539851],[-78.959922896,-7.658744895],[-78.942187488,-7.627201226],[-78.944343738,-7.598417976],[-78.936494113,-7.594904351],[-78.935158238,-7.5818516],[-78.914642612,-7.559988226],[-78.912773987,-7.551086601],[-78.895908363,-7.53743735],[-78.873926112,-7.531195976],[-78.861496988,-7.531857851],[-78.860037488,-7.527281851],[-78.851087988,-7.522117225],[-78.857490863,-7.512429851],[-78.861058363,-7.497857226],[-78.886685113,-7.4841016],[-78.876578863,-7.470335726],[-78.847756488,-7.452768851],[-78.841619363,-7.437617351],[-78.803689612,-7.41937785],[-78.801843487,-7.404539726],[-78.794354737,-7.397224976],[-78.788450988,-7.395326601],[-78.785180362,-7.399606475],[-78.785916238,-7.41174485],[-78.781287488,-7.423668725],[-78.772081987,-7.411814476],[-78.762345737,-7.408656226],[-78.760124988,-7.401984351],[-78.745265863,-7.4070026],[-78.739220612,-7.419233351],[-78.733724612,-7.420677726],[-78.713326237,-7.409636725],[-78.699066363,-7.414587851],[-78.688638612,-7.414081975],[-78.670753988,-7.410689476],[-78.663993737,-7.403621351],[-78.661439613,-7.406493476],[-78.662466612,-7.41299785],[-78.654935237,-7.42603285],[-78.639108988,-7.432537101],[-78.627794737,-7.452641851],[-78.627317237,-7.47885735],[-78.632075487,-7.484295975],[-78.631349738,-7.491805851],[-78.636199363,-7.504302476],[-78.650242362,-7.527798601],[-78.624572238,-7.548558601],[-78.620712863,-7.5454551],[-78.603693363,-7.549140601],[-78.594730488,-7.546759725],[-78.590101613,-7.550187475],[-78.581261738,-7.546992351],[-78.561902363,-7.552605601],[-78.524333988,-7.549745976],[-78.512663613,-7.556458226],[-78.491392612,-7.554873101],[-78.474646488,-7.538959226],[-78.465337863,-7.534640601],[-78.451566363,-7.512583976],[-78.427533238,-7.492423851],[-78.417492238,-7.489417976],[-78.415632863,-7.48507035],[-78.403084487,-7.483492601],[-78.392902487,-7.492021601],[-78.384517613,-7.492035101],[-78.368169863,-7.500316351],[-78.359984363,-7.500394476],[-78.344195363,-7.494087851],[-78.327787112,-7.497468725],[-78.322078362,-7.503777476],[-78.325749988,-7.509904351],[-78.339045238,-7.507866476],[-78.349001987,-7.511246101],[-78.350324987,-7.515192975],[-78.354151487,-7.515990851],[-78.353625488,-7.522628101],[-78.360827238,-7.529961351],[-78.359920488,-7.535220475],[-78.364114238,-7.543766475],[-78.358877737,-7.554533976],[-78.356792237,-7.574006101],[-78.366150613,-7.590236226],[-78.378165988,-7.594035101],[-78.376892238,-7.624650725],[-78.382819238,-7.630107101],[-78.371863238,-7.6446016],[-78.360236237,-7.644890101],[-78.360558487,-7.653840601],[-78.356439738,-7.662309476],[-78.359462737,-7.668005351],[-78.356620363,-7.6738101],[-78.352179737,-7.672956976],[-78.347964987,-7.685716476],[-78.335647363,-7.690535601],[-78.330138863,-7.699628226],[-78.320915987,-7.697394851],[-78.312351363,-7.702871476],[-78.302802738,-7.696462726],[-78.296190987,-7.706568976],[-78.288650613,-7.707035476],[-78.283448613,-7.7160161],[-78.276206988,-7.719557975],[-78.282089862,-7.726400351],[-78.281156112,-7.747277601],[-78.268066488,-7.754639226],[-78.251661738,-7.754152976],[-78.246577862,-7.756742351],[-78.243631988,-7.754295601],[-78.229132862,-7.757478476],[-78.221820363,-7.763460975],[-78.218138738,-7.758253601],[-78.212786113,-7.756863726],[-78.216476613,-7.747287101],[-78.211262987,-7.742506601],[-78.219481737,-7.729173601],[-78.219350737,-7.724458101],[-78.198087363,-7.729085851],[-78.191609487,-7.72615285],[-78.190287737,-7.717504476],[-78.178338738,-7.711858601],[-78.171345112,-7.713393851],[-78.158862738,-7.693350725],[-78.149114362,-7.691651226],[-78.141003862,-7.682720851],[-78.142303863,-7.664832476],[-78.131844737,-7.65988335],[-78.128384237,-7.653224225],[-78.116053362,-7.654007351],[-78.093328237,-7.675342101],[-78.081221112,-7.696168851],[-78.063212862,-7.688806601],[-78.049568363,-7.678562476],[-78.027587862,-7.682593726],[-77.998642237,-7.679073975],[-77.973846237,-7.66703685],[-77.966728487,-7.675148476],[-77.962802237,-7.674313601],[-77.964707988,-7.666193726],[-77.960936737,-7.662713476],[-77.960138987,-7.655261226],[-77.948348862,-7.659731475],[-77.936584237,-7.657477226],[-77.931952487,-7.6524931],[-77.939421612,-7.6479821],[-77.940503237,-7.64062735],[-77.926688612,-7.6373676],[-77.920044987,-7.628582226],[-77.913137862,-7.625865851],[-77.922415987,-7.599736351],[-77.867941362,-7.58302535],[-77.865822237,-7.561148475],[-77.861798862,-7.552257726],[-77.862632862,-7.5344981],[-77.856855487,-7.523531226],[-77.842650362,-7.5136856],[-77.791195362,-7.500001976],[-77.764872987,-7.479449226],[-77.745982737,-7.479159726],[-77.741371612,-7.466694725],[-77.755421362,-7.441045976],[-77.768012487,-7.44014735],[-77.772408487,-7.427509226],[-77.771630737,-7.4188141],[-77.776908237,-7.417247975],[-77.781491112,-7.41019035],[-77.797738862,-7.403701476],[-77.813444987,-7.39253985],[-77.824995737,-7.37866385],[-77.820797737,-7.368649351],[-77.828925362,-7.344413351],[-77.838371737,-7.34111935],[-77.836908487,-7.326041351],[-77.834057362,-7.32445535],[-77.831017487,-7.3113776],[-77.832827862,-7.304550975],[-77.837639112,-7.300256475],[-77.841488987,-7.2887696],[-77.853489237,-7.2863526],[-77.856810862,-7.282620975],[-77.854407237,-7.272065976],[-77.859439862,-7.26601285],[-77.859427737,-7.254023475],[-77.856400987,-7.244259725],[-77.849239612,-7.235571475],[-77.864102862,-7.226372475],[-77.870016737,-7.228645226],[-77.882009737,-7.220549601],[-77.883304112,-7.199442726],[-77.881068612,-7.194615975],[-77.886454237,-7.19082235],[-77.888232487,-7.184386725],[-77.897780112,-7.182487101],[-77.897868987,-7.166807225],[-77.904708987,-7.166326225],[-77.925612487,-7.1545731],[-77.929740237,-7.105546725],[-77.939392862,-7.0969861],[-77.940877738,-7.087502225],[-77.949287112,-7.078424725],[-77.948365362,-7.066804725],[-77.958312863,-7.05389735],[-77.965921112,-7.050773975],[-77.965261487,-7.03829485],[-77.971122237,-7.02588735],[-77.978237488,-7.0245741],[-77.979573987,-7.014888975],[-77.987195112,-7.012597851],[-77.988280862,-7.00621585],[-77.984891987,-7.001248725],[-77.999445862,-6.990379975],[-78.001200113,-6.98571485],[-77.988554737,-6.976622725],[-77.993926363,-6.9694691],[-77.999506487,-6.9705316],[-77.998744112,-6.967675725],[-77.986059987,-6.962969975],[-77.961855487,-6.9766426],[-77.947966738,-6.973615225],[-77.939822237,-6.976136725],[-77.928650237,-6.98675935],[-77.915290237,-6.98056785],[-77.898665362,-6.980124225],[-77.880341737,-6.962503851],[-77.842194987,-6.97688485],[-77.834345987,-6.957205725],[-77.811083237,-6.9608316],[-77.801931987,-6.966144475],[-77.787631862,-6.954910351],[-77.779299862,-6.941452725],[-77.765935862,-6.962118975],[-77.757533612,-6.965793475]]]]},"properties":{"name":"La Libertad","mapcolor":13,"cartodb_id":13}},{"type":"Feature","geometry":{"type":"MultiPolygon","coordinates":[[[[-79.883726614,-5.492833974],[-79.879027364,-5.499273474],[-79.877505864,-5.509636724],[-79.853996114,-5.530744099],[-79.864095739,-5.548683599],[-79.864419864,-5.563419974],[-79.858443364,-5.571347599],[-79.860138489,-5.575290974],[-79.852681739,-5.595099599],[-79.852773489,-5.602533224],[-79.833458989,-5.645220724],[-79.827599614,-5.644939474],[-79.818624989,-5.664884724],[-79.815062489,-5.656066349],[-79.805009739,-5.646414099],[-79.786933614,-5.646587849],[-79.779310489,-5.658089849],[-79.770154239,-5.659214849],[-79.761488239,-5.669040974],[-79.745355489,-5.675847599],[-79.744738239,-5.684894474],[-79.759287114,-5.696255849],[-79.766416114,-5.708251974],[-79.758367239,-5.712042974],[-79.748193364,-5.710181599],[-79.743841739,-5.713531224],[-79.743824239,-5.719150349],[-79.735148364,-5.722447224],[-79.716937489,-5.740005849],[-79.726884739,-5.781113224],[-79.734794864,-5.787667974],[-79.733206989,-5.794517599],[-79.739316364,-5.799587849],[-79.738148489,-5.808833974],[-79.741925739,-5.818972599],[-79.737802739,-5.826726599],[-79.736876989,-5.838197224],[-79.713960989,-5.837654349],[-79.708818364,-5.841162099],[-79.708035114,-5.845796849],[-79.702191364,-5.842808599],[-79.694546864,-5.847259849],[-79.682710989,-5.846445349],[-79.669876989,-5.835456974],[-79.661999989,-5.834152349],[-79.651355489,-5.816042974],[-79.635367239,-5.809001974],[-79.630972614,-5.796380849],[-79.622583989,-5.797572224],[-79.620570364,-5.809705099],[-79.623208989,-5.821400349],[-79.632249989,-5.829929724],[-79.628050739,-5.840210974],[-79.628749989,-5.851609349],[-79.635509739,-5.852359349],[-79.637410114,-5.859419974],[-79.632619114,-5.858869099],[-79.629939489,-5.863019474],[-79.625390614,-5.876289099],[-79.626220614,-5.888119099],[-79.613240239,-5.895539099],[-79.613394364,-5.910142599],[-79.609306614,-5.917831974],[-79.611107364,-5.923462849],[-79.601320239,-5.939539099],[-79.595830114,-5.933619099],[-79.587089864,-5.938470724],[-79.577499989,-5.933880849],[-79.571890739,-5.937769474],[-79.563820238,-5.933869099],[-79.553800739,-5.938310599],[-79.549900364,-5.930830099],[-79.540519489,-5.925699224],[-79.539949239,-5.920289099],[-79.536859364,-5.922689474],[-79.531679739,-5.920810599],[-79.527630864,-5.912871099],[-79.520117239,-5.913060599],[-79.517400489,-5.920060599],[-79.513960989,-5.920980474],[-79.511150363,-5.916240224],[-79.500359363,-5.918132849],[-79.497640614,-5.915289099],[-79.470050739,-5.928080099],[-79.462509614,-5.944849599],[-79.435464738,-5.955294974],[-79.418609363,-5.970099599],[-79.417211114,-6.005238224],[-79.409181239,-6.000115224],[-79.403218738,-5.984976599],[-79.395917864,-5.977193099],[-79.364711864,-5.976387474],[-79.349017614,-5.979687849],[-79.345398489,-6.005841849],[-79.333892614,-6.017091725],[-79.317009738,-6.042896474],[-79.311087614,-6.034648725],[-79.320555613,-6.020812349],[-79.322141113,-5.999126099],[-79.316221738,-5.991576974],[-79.300404614,-5.985154349],[-79.263300738,-6.003262724],[-79.266012488,-6.025022724],[-79.261896863,-6.0281766],[-79.240874239,-6.028633724],[-79.237394238,-6.032946474],[-79.236871114,-6.043142849],[-79.224938613,-6.054705849],[-79.216443363,-6.051576224],[-79.216656238,-6.047146474],[-79.210294863,-6.042126974],[-79.203960988,-6.024056599],[-79.190003988,-6.024765599],[-79.176749738,-6.036847099],[-79.175441363,-6.041955099],[-79.188935613,-6.058923975],[-79.182850613,-6.068216974],[-79.181916738,-6.089338724],[-79.201334364,-6.100412349],[-79.212093489,-6.0993181],[-79.227121988,-6.091559099],[-79.235093364,-6.093722725],[-79.235150238,-6.101864724],[-79.243281238,-6.105792974],[-79.256245613,-6.127499599],[-79.260202613,-6.142091099],[-79.273383613,-6.147727724],[-79.273952988,-6.16486585],[-79.265725489,-6.179299475],[-79.254639988,-6.2155081],[-79.249102863,-6.224439349],[-79.253118113,-6.226919975],[-79.270160988,-6.225313849],[-79.279048364,-6.229257724],[-79.276050238,-6.232880474],[-79.276995989,-6.241553599],[-79.284738238,-6.254496099],[-79.300487488,-6.267469725],[-79.308440613,-6.270053599],[-79.312343739,-6.265271474],[-79.319951238,-6.262986599],[-79.329034863,-6.266270224],[-79.344821489,-6.281345224],[-79.344662988,-6.2877386],[-79.352772988,-6.303981725],[-79.386180613,-6.29812835],[-79.405620738,-6.312071974],[-79.416090363,-6.308597974],[-79.422657738,-6.310430099],[-79.428029113,-6.318954975],[-79.426563989,-6.328897475],[-79.445434863,-6.355078599],[-79.442890614,-6.35967185],[-79.458451114,-6.37209185],[-79.446671863,-6.376717724],[-79.446990239,-6.3859336],[-79.453155864,-6.3990856],[-79.446307613,-6.415039225],[-79.436276738,-6.421358475],[-79.422888238,-6.451881975],[-79.422695489,-6.467488849],[-79.433889488,-6.481160224],[-79.424767863,-6.488672725],[-79.417135988,-6.50532135],[-79.421943739,-6.533363475],[-79.404426488,-6.541321225],[-79.398189239,-6.533036225],[-79.387950239,-6.531416725],[-79.379440738,-6.522719475],[-79.369613364,-6.520802849],[-79.365990488,-6.5357461],[-79.367094738,-6.549136725],[-79.358081988,-6.563751975],[-79.360664114,-6.568835975],[-79.347926738,-6.573687724],[-79.345025363,-6.580546849],[-79.346734363,-6.5831641],[-79.335736113,-6.602429475],[-79.344164113,-6.605960975],[-79.349887613,-6.61502835],[-79.350353989,-6.623538349],[-79.359701738,-6.628862725],[-79.362496363,-6.634765225],[-79.354570113,-6.6370781],[-79.344751988,-6.64646485],[-79.325888614,-6.6404961],[-79.321926613,-6.6468676],[-79.304023363,-6.65160535],[-79.295589988,-6.676136225],[-79.271872239,-6.6802656],[-79.229060363,-6.671405975],[-79.218449238,-6.69267935],[-79.212672113,-6.6956071],[-79.201929114,-6.691858224],[-79.196447114,-6.695170475],[-79.188427738,-6.716540975],[-79.176013738,-6.7104156],[-79.171046863,-6.7017031],[-79.156023363,-6.704761975],[-79.142726613,-6.69989535],[-79.142912114,-6.719106225],[-79.135470863,-6.72700285],[-79.138747363,-6.739241725],[-79.128736363,-6.752482475],[-79.128893363,-6.7596826],[-79.120883863,-6.7776746],[-79.126738238,-6.7846131],[-79.144275113,-6.7886116],[-79.158756614,-6.800929475],[-79.176337739,-6.802049725],[-79.188498363,-6.81521385],[-79.207087863,-6.821439475],[-79.218443613,-6.840252475],[-79.219456989,-6.852518725],[-79.224793613,-6.8583761],[-79.229517238,-6.8605441],[-79.245984364,-6.8586796],[-79.252370739,-6.8620391],[-79.262740364,-6.859156225],[-79.271040488,-6.8664746],[-79.273075988,-6.87665385],[-79.295641614,-6.88350235],[-79.301725864,-6.89448435],[-79.311008863,-6.901341725],[-79.310141488,-6.925395975],[-79.299229989,-6.94072235],[-79.304883738,-6.952982475],[-79.303317739,-6.9624186],[-79.307292989,-6.9686156],[-79.301028988,-6.987768726],[-79.302327363,-6.99377835],[-79.296652238,-7.000738225],[-79.297789989,-7.003923725],[-79.307239364,-7.007403726],[-79.309771363,-7.016151976],[-79.319340489,-7.019670225],[-79.320907239,-7.025193975],[-79.326695363,-7.0264356],[-79.342323113,-7.010802725],[-79.359606488,-7.004966475],[-79.369097863,-6.991685975],[-79.369985738,-6.985370975],[-79.377167489,-6.984993475],[-79.388555738,-6.976179725],[-79.392322238,-6.9649101],[-79.400222988,-6.963874725],[-79.400761738,-6.956927725],[-79.430851114,-6.9533726],[-79.438012238,-6.948326475],[-79.455005363,-6.9463136],[-79.468787489,-6.96650485],[-79.479185739,-6.97085935],[-79.487632864,-6.967075975],[-79.495365239,-6.971958975],[-79.502223364,-6.967085725],[-79.508016363,-6.970435975],[-79.514734239,-6.9785846],[-79.514995864,-6.98736135],[-79.528767614,-7.0052851],[-79.690621114,-7.177126975],[-79.681912114,-7.1521406],[-79.682269489,-7.131730475],[-79.686195364,-7.1204551],[-79.753644488,-7.043406225],[-79.834556614,-6.971072225],[-79.866119114,-6.9486016],[-79.864128863,-6.944355475],[-79.866173863,-6.933054725],[-79.872785114,-6.9234746],[-79.914523489,-6.893300725],[-79.931845739,-6.873306475],[-79.942497989,-6.8201836],[-79.972986364,-6.7630976],[-79.986029239,-6.747052725],[-80.074886739,-6.675523475],[-80.185179739,-6.601263725],[-80.288642614,-6.543081975],[-80.50000199,-6.433417974],[-80.627132865,-6.3720801],[-80.376218739,-6.006968724],[-80.368548864,-5.996634724],[-80.355242239,-5.986826224],[-80.350072239,-5.971544974],[-80.334712864,-5.953904349],[-80.321179739,-5.943259724],[-80.278751989,-5.919992224],[-80.217314489,-5.903873099],[-80.196177739,-5.892087849],[-80.166675739,-5.892390599],[-80.140367239,-5.888361224],[-80.123847614,-5.891310599],[-80.120101614,-5.872218724],[-80.106072239,-5.867449224],[-80.079994114,-5.835304724],[-80.055999989,-5.816351599],[-80.052984364,-5.811244099],[-80.092368941,-5.795091265],[-80.102934662,-5.761498075],[-80.098666956,-5.736086771],[-80.091147388,-5.726861247],[-80.08999536,-5.712794086],[-80.095170552,-5.702607987],[-80.066371962,-5.698211239],[-80.061066739,-5.684399608],[-80.071053354,-5.673253922],[-80.066213932,-5.656141577],[-80.06995892,-5.646170674],[-80.056974607,-5.618486061],[-80.057040442,-5.577406073],[-80.052836947,-5.563572664],[-80.016314489,-5.575050724],[-80.001003864,-5.585341849],[-79.980095739,-5.579998099],[-79.960523489,-5.581623099],[-79.961359364,-5.571539099],[-79.955699239,-5.540998099],[-79.945872989,-5.514996099],[-79.938361364,-5.516509724],[-79.932460989,-5.505367224],[-79.923107364,-5.505179724],[-79.916982364,-5.498720724],[-79.904845864,-5.493414099],[-79.901542989,-5.481017599],[-79.895363239,-5.482132849],[-79.883726614,-5.492833974]]]]},"properties":{"name":"Lambayeque","mapcolor":14,"cartodb_id":14}},{"type":"Feature","geometry":{"type":"MultiPolygon","coordinates":[[[[-76.781169861,-12.409171855],[-76.781439361,-12.409248105],[-76.781822236,-12.409193355],[-76.781447236,-12.408966856],[-76.781169861,-12.409171855]]],[[[-76.904825986,-10.277259729],[-76.891023486,-10.294744103],[-76.894507986,-10.304328104],[-76.881367236,-10.308507853],[-76.874669861,-10.320861353],[-76.872263611,-10.334779354],[-76.869138611,-10.337779353],[-76.875454986,-10.345302603],[-76.863001986,-10.366185603],[-76.865851611,-10.374843729],[-76.856394486,-10.377265603],[-76.844494111,-10.370056603],[-76.840497986,-10.363331978],[-76.831671861,-10.393074229],[-76.827699111,-10.390458978],[-76.822708986,-10.392964854],[-76.805675736,-10.392298853],[-76.806878861,-10.402841854],[-76.799062486,-10.421158229],[-76.802921861,-10.430968729],[-76.799853361,-10.439558478],[-76.787386736,-10.438652354],[-76.772720736,-10.458632854],[-76.772349611,-10.464152353],[-76.753199236,-10.465486354],[-76.748205111,-10.468996104],[-76.739615236,-10.467060603],[-76.728783236,-10.476462854],[-76.725054361,-10.485714729],[-76.728151736,-10.488420103],[-76.730240611,-10.508402604],[-76.716872236,-10.522977853],[-76.710187986,-10.540740603],[-76.709371111,-10.558758478],[-76.703822236,-10.570140729],[-76.7037197,-10.588593549],[-76.685862308,-10.581457151],[-76.685468611,-10.588005104],[-76.680205127,-10.591075835],[-76.681764986,-10.598640603],[-76.675373361,-10.601923854],[-76.672703111,-10.609890228],[-76.675573611,-10.621372479],[-76.661340861,-10.635234854],[-76.655655361,-10.646781853],[-76.660503236,-10.663354353],[-76.670953861,-10.677813978],[-76.659432986,-10.687925479],[-76.657559486,-10.701038979],[-76.653341736,-10.707693479],[-76.654475111,-10.712954229],[-76.648749986,-10.721383603],[-76.649954111,-10.726390604],[-76.642240861,-10.746398354],[-76.63421686,-10.752492604],[-76.627848861,-10.765960479],[-76.629952611,-10.781675103],[-76.633486486,-10.784528479],[-76.625559736,-10.792004353],[-76.626984361,-10.798771729],[-76.617723736,-10.814592104],[-76.614132236,-10.816996354],[-76.601576736,-10.815868354],[-76.589258986,-10.836704979],[-76.583877611,-10.853608728],[-76.578594486,-10.901945354],[-76.575418236,-10.906100853],[-76.575744861,-10.913610229],[-76.571693486,-10.917769729],[-76.56895636,-10.951765979],[-76.565021236,-10.963932229],[-76.574217361,-10.979719979],[-76.581603486,-10.984984354],[-76.577947361,-10.994028479],[-76.578945986,-11.014776979],[-76.574674236,-11.016607604],[-76.569251986,-11.013484479],[-76.564005736,-11.022909229],[-76.556396361,-11.022853479],[-76.532990236,-11.034126979],[-76.526511736,-11.051543354],[-76.514679735,-11.068712854],[-76.491212861,-11.089441354],[-76.495659111,-11.109552979],[-76.519226611,-11.118089854],[-76.511725736,-11.127386979],[-76.505174611,-11.143788104],[-76.50260361,-11.162870604],[-76.506824736,-11.169130104],[-76.505563235,-11.173665479],[-76.500727486,-11.176128354],[-76.492077236,-11.189313979],[-76.49420861,-11.209739604],[-76.486196361,-11.224093104],[-76.483199236,-11.236943354],[-76.48484761,-11.243941354],[-76.49071486,-11.246595729],[-76.477090986,-11.263912854],[-76.463546986,-11.265193229],[-76.456932485,-11.272520604],[-76.463421985,-11.270660604],[-76.47847011,-11.292045979],[-76.463272486,-11.312510479],[-76.464515611,-11.320456979],[-76.450972611,-11.343904355],[-76.443355485,-11.347281104],[-76.43035161,-11.34586423],[-76.422683611,-11.354855479],[-76.420057485,-11.375092605],[-76.41411061,-11.379552855],[-76.401417986,-11.402851729],[-76.411648486,-11.415884729],[-76.396148486,-11.442294979],[-76.387992235,-11.446429729],[-76.377408235,-11.444220729],[-76.371484986,-11.476480104],[-76.380989735,-11.486045354],[-76.376839111,-11.501488604],[-76.361756486,-11.514571479],[-76.359399485,-11.52286748],[-76.35064586,-11.520413604],[-76.350002485,-11.542297979],[-76.327859861,-11.54432273],[-76.325826486,-11.552118604],[-76.321267611,-11.553214854],[-76.317514485,-11.562699605],[-76.30436961,-11.567527979],[-76.299960735,-11.575211105],[-76.30162986,-11.583052854],[-76.297650361,-11.596173855],[-76.292858485,-11.588782105],[-76.286788736,-11.591232604],[-76.273085986,-11.582005855],[-76.264729485,-11.567194479],[-76.254535736,-11.569033354],[-76.242929736,-11.566455979],[-76.23741361,-11.569009104],[-76.228743861,-11.553810605],[-76.224174986,-11.562349104],[-76.217046485,-11.566044354],[-76.217291611,-11.571477229],[-76.205500736,-11.574422105],[-76.199393986,-11.58843148],[-76.192646735,-11.587495229],[-76.189418361,-11.590400604],[-76.187029236,-11.604347479],[-76.179550735,-11.612873104],[-76.186224486,-11.614091604],[-76.19726411,-11.622312855],[-76.198782235,-11.627549354],[-76.19072811,-11.63448598],[-76.188374236,-11.64306223],[-76.204882735,-11.659531104],[-76.20186661,-11.66814198],[-76.193297485,-11.67348698],[-76.196748361,-11.677982105],[-76.19425761,-11.686014105],[-76.196685861,-11.692565104],[-76.202742486,-11.69277848],[-76.20750286,-11.699786104],[-76.203191986,-11.709043979],[-76.202498736,-11.72744298],[-76.198949486,-11.736476855],[-76.185063111,-11.739909354],[-76.174367235,-11.751725729],[-76.17288286,-11.76256073],[-76.154380861,-11.781388605],[-76.149921236,-11.78370123],[-76.143379736,-11.77652773],[-76.13732761,-11.780511354],[-76.135049985,-11.79071923],[-76.12520911,-11.79545398],[-76.112597985,-11.811578854],[-76.094435486,-11.848468355],[-76.08458986,-11.860382854],[-76.058587485,-11.879406355],[-76.051356985,-11.89180173],[-76.04976836,-11.901086605],[-76.050338985,-11.90960073],[-76.058220736,-11.912808605],[-76.053675985,-11.930977354],[-76.05537936,-11.93737823],[-76.051861486,-11.938962105],[-76.05258536,-11.94823623],[-76.046733985,-11.950233479],[-76.038733486,-11.96281648],[-76.019621611,-11.975957855],[-76.01425411,-11.98432973],[-76.000711485,-11.985081229],[-75.994324985,-11.989320105],[-75.993179735,-11.994679729],[-75.975305485,-11.983940605],[-75.964482861,-11.988874855],[-75.95919436,-11.985221855],[-75.95426011,-11.986176104],[-75.94858411,-11.99440223],[-75.92405286,-11.984252105],[-75.912184736,-11.98777423],[-75.904147111,-11.998396604],[-75.896666986,-11.99304948],[-75.884288485,-11.993630855],[-75.87610211,-11.999993855],[-75.868226235,-12.000561729],[-75.85492236,-12.007598605],[-75.842549361,-12.006452855],[-75.833560485,-12.024702104],[-75.828490735,-12.02443373],[-75.82407386,-12.01568723],[-75.818936861,-12.01373723],[-75.799585735,-12.034614979],[-75.78493936,-12.040230355],[-75.77649961,-12.05181198],[-75.765662985,-12.059627355],[-75.75112336,-12.054857105],[-75.74278711,-12.046374104],[-75.742039485,-12.036547105],[-75.71673436,-12.04651948],[-75.701085985,-12.048161979],[-75.694304735,-12.042691355],[-75.68522886,-12.05220123],[-75.673889985,-12.05791998],[-75.676728985,-12.066360605],[-75.684694485,-12.071262605],[-75.68822186,-12.08213348],[-75.67992711,-12.082808605],[-75.66358186,-12.09092673],[-75.65473561,-12.102732355],[-75.634563235,-12.114639105],[-75.63870311,-12.121531855],[-75.627014985,-12.13482773],[-75.627523485,-12.14174023],[-75.641923985,-12.149952855],[-75.64918086,-12.163622855],[-75.648466235,-12.174208355],[-75.65823436,-12.175046855],[-75.659762964,-12.180568285],[-75.668700394,-12.183417842],[-75.671262147,-12.192455466],[-75.662552235,-12.19563248],[-75.65272711,-12.20566973],[-75.65207836,-12.21448123],[-75.645112485,-12.22010898],[-75.64213586,-12.229623105],[-75.62791786,-12.24778448],[-75.61612411,-12.25649098],[-75.615885485,-12.264781855],[-75.60916386,-12.26772423],[-75.591452235,-12.297339605],[-75.58669986,-12.29925298],[-75.592637735,-12.314099105],[-75.588596485,-12.325003231],[-75.568216485,-12.33163873],[-75.55453711,-12.359436605],[-75.54870111,-12.36424398],[-75.551188735,-12.375806731],[-75.56159036,-12.390104855],[-75.55976511,-12.39725223],[-75.565947335,-12.403435221],[-75.56694004,-12.412200019],[-75.558869485,-12.41210223],[-75.560096735,-12.419990231],[-75.55544311,-12.431218855],[-75.55740761,-12.45659048],[-75.53926736,-12.500321605],[-75.54130311,-12.505328481],[-75.535973985,-12.518548106],[-75.545365235,-12.525611355],[-75.551989985,-12.544929981],[-75.557849485,-12.544556355],[-75.56643936,-12.552694105],[-75.56665086,-12.55906023],[-75.57184061,-12.564067855],[-75.56651236,-12.57422523],[-75.572777485,-12.58983673],[-75.579378735,-12.595081231],[-75.58283986,-12.62175798],[-75.578026735,-12.653549105],[-75.574622985,-12.65975398],[-75.561330735,-12.663084106],[-75.558160735,-12.66901773],[-75.56325936,-12.675728105],[-75.553580235,-12.67920348],[-75.551454985,-12.683992605],[-75.554883235,-12.691194605],[-75.553653985,-12.704243356],[-75.569492234,-12.709727855],[-75.57711711,-12.715701231],[-75.56754461,-12.728200105],[-75.55487661,-12.734672605],[-75.54747936,-12.746939855],[-75.507499985,-12.777154855],[-75.51144761,-12.78688898],[-75.52022361,-12.78872873],[-75.522266735,-12.806211106],[-75.53022861,-12.821619231],[-75.53990086,-12.816224605],[-75.54698611,-12.823101731],[-75.556048734,-12.816641356],[-75.56033211,-12.81739973],[-75.561719235,-12.82938948],[-75.57041111,-12.842858856],[-75.59990286,-12.85690123],[-75.61271436,-12.859151856],[-75.62128511,-12.889775356],[-75.628432235,-12.897479731],[-75.63077461,-12.909073606],[-75.63633636,-12.915031481],[-75.627673485,-12.927824606],[-75.628096985,-12.934962605],[-75.61788786,-12.942735856],[-75.62266211,-12.949373105],[-75.616023985,-12.954533606],[-75.61407536,-12.964552106],[-75.627652235,-12.966776106],[-75.63750136,-12.973236231],[-75.634069985,-12.981581481],[-75.63650586,-12.987575731],[-75.651607735,-12.994162855],[-75.66704861,-12.996556231],[-75.66916661,-13.000347605],[-75.665727985,-13.016489231],[-75.67176786,-13.02348048],[-75.68607211,-13.025318356],[-75.690549235,-13.035105106],[-75.709853485,-13.040111356],[-75.723230485,-13.038745481],[-75.74399761,-13.025424855],[-75.753719235,-13.02803098],[-75.764587735,-13.018236356],[-75.77248436,-13.037861356],[-75.800841735,-13.060333981],[-75.807746735,-13.051569856],[-75.81432436,-13.054010606],[-75.817923485,-13.052148981],[-75.82164661,-13.03324348],[-75.82688861,-13.029410106],[-75.85221811,-13.035311981],[-75.871868236,-13.024638856],[-75.878781235,-13.015994106],[-75.89825786,-13.013291106],[-75.91386636,-13.006866106],[-75.93768286,-12.991324856],[-75.957529861,-12.999129106],[-75.961751485,-13.00250423],[-75.96081636,-13.020421856],[-75.96816986,-13.032140605],[-75.968613861,-13.040836356],[-75.99360736,-13.062296856],[-76.011936735,-13.085499356],[-76.033969985,-13.103109981],[-76.041929985,-13.105749981],[-76.049429985,-13.114599981],[-76.072389986,-13.128269981],[-76.126730985,-13.176693731],[-76.139740485,-13.180168481],[-76.155252611,-13.192200856],[-76.162679986,-13.226069981],[-76.186099986,-13.259829981],[-76.202879985,-13.301679856],[-76.207319986,-13.306099981],[-76.235119985,-13.316459981],[-76.24279886,-13.323099606],[-76.354671861,-13.192247981],[-76.361828111,-13.176607481],[-76.391078111,-13.146183606],[-76.393130861,-13.137312481],[-76.489783236,-13.031845731],[-76.488162111,-13.027306606],[-76.482333986,-13.025613231],[-76.482894486,-13.015929731],[-76.497583985,-12.989749981],[-76.507320361,-12.979945356],[-76.506031236,-12.971048856],[-76.513427736,-12.963980481],[-76.511931611,-12.959081856],[-76.516462861,-12.955402355],[-76.506626986,-12.947314481],[-76.505787111,-12.925814481],[-76.509029235,-12.907091855],[-76.513136736,-12.905431606],[-76.509638736,-12.901546856],[-76.518361361,-12.872812481],[-76.515361361,-12.861482606],[-76.519478486,-12.850451231],[-76.537910111,-12.833093731],[-76.559257861,-12.821642606],[-76.560333985,-12.810851606],[-76.567847611,-12.802951105],[-76.609183611,-12.77774223],[-76.618462861,-12.759435606],[-76.635517611,-12.743447231],[-76.637857361,-12.745160106],[-76.630097611,-12.721035105],[-76.642587861,-12.705953106],[-76.651611361,-12.699017606],[-76.656380861,-12.699078105],[-76.654060611,-12.68616598],[-76.660474611,-12.68290823],[-76.659308611,-12.676421856],[-76.672492236,-12.660714856],[-76.670023486,-12.657611356],[-76.674300736,-12.651644481],[-76.668412111,-12.64650198],[-76.672589861,-12.627546855],[-76.683966861,-12.61781248],[-76.688339861,-12.60805073],[-76.704716861,-12.596339855],[-76.703148486,-12.58598048],[-76.705531236,-12.580136731],[-76.718718611,-12.566347605],[-76.725080111,-12.56415623],[-76.727005861,-12.558935606],[-76.735267611,-12.556017605],[-76.734378986,-12.548222606],[-76.751072236,-12.53629098],[-76.785716611,-12.51912123],[-76.799279361,-12.507966855],[-76.803775361,-12.508830105],[-76.798658236,-12.499703105],[-76.805525361,-12.494222605],[-76.800849611,-12.495382855],[-76.798046861,-12.489377106],[-76.803218736,-12.480291105],[-76.790929736,-12.47763473],[-76.788382861,-12.456087856],[-76.783078111,-12.45349223],[-76.785187486,-12.443706855],[-76.781589861,-12.44503123],[-76.775040986,-12.437871105],[-76.781593736,-12.414900355],[-76.781566361,-12.40967773],[-76.777859236,-12.41162498],[-76.775685486,-12.40449998],[-76.783400361,-12.398132855],[-76.778044861,-12.392464856],[-76.784355486,-12.390861355],[-76.781861361,-12.388726605],[-76.783787111,-12.385505855],[-76.789550736,-12.385705105],[-76.788949111,-12.380507855],[-76.799802736,-12.36822848],[-76.800451236,-12.360904355],[-76.817246111,-12.352267605],[-76.818074236,-12.34048823],[-76.822966861,-12.338441355],[-76.827031111,-12.34289448],[-76.825035111,-12.340015605],[-76.837748111,-12.324275355],[-76.836611361,-12.31616998],[-76.843267611,-12.313412105],[-76.855290986,-12.300185605],[-76.891128861,-12.28351948],[-76.907849612,-12.268798855],[-76.944433611,-12.245277355],[-77.037843736,-12.20564648],[-77.034064487,-12.20051373],[-77.039835987,-12.19309573],[-77.039550737,-12.18213673],[-77.033468736,-12.17627748],[-77.038400361,-12.168420105],[-77.036109362,-12.16530473],[-77.027910112,-12.16550973],[-77.024888737,-12.153484355],[-77.029927736,-12.135662105],[-77.035343736,-12.13090623],[-77.037117236,-12.13269148],[-77.035539112,-12.13043748],[-77.038751986,-12.126154355],[-77.065103487,-12.10287698],[-77.111533237,-12.07949223],[-77.104857361,-12.07199023],[-77.104571112,-12.063350605],[-77.087257361,-12.061511355],[-77.087600736,-12.05186573],[-77.076894487,-12.04745123],[-77.082632862,-12.045037105],[-77.082940486,-12.036417854],[-77.093466986,-12.038436605],[-77.096183612,-12.033703105],[-77.087271487,-12.01575973],[-77.089119111,-12.01215823],[-77.095269236,-12.00484398],[-77.100143361,-12.004229605],[-77.103293862,-11.997799105],[-77.104388736,-12.000238229],[-77.110170612,-11.99415748],[-77.113256361,-11.997001355],[-77.117913736,-11.99428723],[-77.110679737,-11.975441355],[-77.117707486,-11.97050723],[-77.117549611,-11.956969605],[-77.128661362,-11.93747773],[-77.120728987,-11.945105855],[-77.0952227,-11.949677775],[-77.095233634,-11.945317203],[-77.104114578,-11.935632314],[-77.102499117,-11.927824173],[-77.097270142,-11.924306138],[-77.09767339,-11.916460288],[-77.089467452,-11.900094436],[-77.093238868,-11.891339248],[-77.092434127,-11.883081972],[-77.0963961,-11.871058141],[-77.107169096,-11.866533276],[-77.106223993,-11.856455101],[-77.116215316,-11.848608674],[-77.112970821,-11.847567634],[-77.114779418,-11.834809981],[-77.126844321,-11.818483511],[-77.139450636,-11.818216007],[-77.143294488,-11.82110204],[-77.1474236,-11.819204004],[-77.155511032,-11.822434373],[-77.156771491,-11.825847331],[-77.174790335,-11.825511114],[-77.177687072,-11.828732976],[-77.184866885,-11.825712084],[-77.188156236,-11.828425729],[-77.185816361,-11.824060605],[-77.179759736,-11.822736355],[-77.182962862,-11.818841979],[-77.176708987,-11.815781229],[-77.177615236,-11.80767573],[-77.180277361,-11.807150355],[-77.177976612,-11.80211523],[-77.182320361,-11.799525355],[-77.181900487,-11.79385348],[-77.190183736,-11.78369923],[-77.198148362,-11.783482479],[-77.195343736,-11.780160105],[-77.198267611,-11.768205104],[-77.193949236,-11.766945354],[-77.186951236,-11.773902355],[-77.177679737,-11.77465823],[-77.171511736,-11.764990229],[-77.167392611,-11.742443354],[-77.183609361,-11.712214855],[-77.198515611,-11.695498104],[-77.197210986,-11.69054498],[-77.192257862,-11.690330104],[-77.192191361,-11.680769479],[-77.207035111,-11.657437479],[-77.207841736,-11.648087855],[-77.216269486,-11.642519479],[-77.215785111,-11.639296854],[-77.222585986,-11.63339648],[-77.282076112,-11.587367229],[-77.270501986,-11.584341854],[-77.270997987,-11.572072354],[-77.283599612,-11.548081979],[-77.295956987,-11.537246104],[-77.295464861,-11.528728479],[-77.300720737,-11.517960979],[-77.319322237,-11.499999979],[-77.342312486,-11.486956855],[-77.344486362,-11.48383198],[-77.342693362,-11.474392604],[-77.360210987,-11.464419979],[-77.360496112,-11.460234354],[-77.496710987,-11.377933604],[-77.601615237,-11.323365229],[-77.648345736,-11.302738229],[-77.645871112,-11.296400354],[-77.654226612,-11.291238229],[-77.643290987,-11.290523479],[-77.640087862,-11.275609354],[-77.649900362,-11.244640604],[-77.649269487,-11.239703104],[-77.643818362,-11.235161979],[-77.647148487,-11.221734354],[-77.641654237,-11.214509729],[-77.636164111,-11.215533229],[-77.630988237,-11.211830229],[-77.625496111,-11.217769479],[-77.611087861,-11.212357479],[-77.601712862,-11.214019479],[-77.594423862,-11.200187479],[-77.592349612,-11.182080104],[-77.595361362,-11.165583979],[-77.602335987,-11.150533229],[-77.620128862,-11.126904354],[-77.618265612,-11.121880854],[-77.615365362,-11.123874979],[-77.612662112,-11.121277354],[-77.613101612,-11.112164104],[-77.628767611,-11.095341854],[-77.633857612,-11.093609354],[-77.628066362,-11.089277354],[-77.628828111,-11.082533229],[-77.637380862,-11.071296854],[-77.637312487,-11.066734354],[-77.632220737,-11.062017604],[-77.633415987,-11.054507854],[-77.641396486,-11.037615229],[-77.661874986,-11.013476604],[-77.656154237,-11.006785104],[-77.650265611,-11.005781228],[-77.646824237,-10.998193354],[-77.650613237,-10.982171854],[-77.664632862,-10.958980479],[-77.658363236,-10.954111354],[-77.657828111,-10.946505854],[-77.675988237,-10.913996104],[-77.692345737,-10.892070354],[-77.701515612,-10.886117354],[-77.700830112,-10.876925604],[-77.708523487,-10.870578104],[-77.706058612,-10.869787104],[-77.707927737,-10.864267604],[-77.703398487,-10.860640604],[-77.705956987,-10.853580103],[-77.722785112,-10.836654354],[-77.750826112,-10.818806604],[-77.748326237,-10.812152353],[-77.754581987,-10.803720729],[-77.750578112,-10.799636728],[-77.745339862,-10.800279228],[-77.744035112,-10.794537104],[-77.754064487,-10.777164104],[-77.764953112,-10.771810603],[-77.762421862,-10.762816353],[-77.772009737,-10.751175729],[-77.804027362,-10.725945354],[-77.808689487,-10.702568353],[-77.849339862,-10.662496104],[-77.886592111,-10.612055274],[-77.868613762,-10.596501454],[-77.854318678,-10.576027411],[-77.847134388,-10.574383133],[-77.839688436,-10.567918825],[-77.828757051,-10.568649406],[-77.818348853,-10.580442765],[-77.799683362,-10.585323228],[-77.791097862,-10.583801978],[-77.790021181,-10.577260661],[-77.784996112,-10.572039103],[-77.775871487,-10.575348478],[-77.771376487,-10.571614603],[-77.774273987,-10.554014603],[-77.770669862,-10.515671853],[-77.779037112,-10.510081978],[-77.786441362,-10.488920103],[-77.796177737,-10.483292853],[-77.798840862,-10.477335353],[-77.791806487,-10.472208603],[-77.787566362,-10.457097603],[-77.764603112,-10.439481104],[-77.767861987,-10.428790478],[-77.760022362,-10.430079978],[-77.757690487,-10.414639853],[-77.749871612,-10.406796103],[-77.755622987,-10.383999979],[-77.751828612,-10.361385603],[-77.757195362,-10.345363228],[-77.753929612,-10.333339853],[-77.756355487,-10.328123104],[-77.752507454,-10.321895453],[-77.744973111,-10.324276478],[-77.740379987,-10.320699978],[-77.734068862,-10.323779729],[-77.720498112,-10.322195354],[-77.705923487,-10.325328979],[-77.692390612,-10.320902478],[-77.678507737,-10.327191978],[-77.666882486,-10.338634122],[-77.651253611,-10.344611228],[-77.630628737,-10.322069603],[-77.628439987,-10.325739979],[-77.619427237,-10.327825353],[-77.615999987,-10.338337853],[-77.600363237,-10.360013728],[-77.597757737,-10.381049229],[-77.605189487,-10.390587853],[-77.634555862,-10.412265604],[-77.645299362,-10.408660353],[-77.652798112,-10.416231229],[-77.663025361,-10.418330103],[-77.665776737,-10.427118853],[-77.686736112,-10.434020729],[-77.689285612,-10.440817978],[-77.688181112,-10.453771853],[-77.693628612,-10.463255604],[-77.701395237,-10.468808979],[-77.708396487,-10.484914104],[-77.707340968,-10.489058307],[-77.712406837,-10.49165417],[-77.710594237,-10.503848604],[-77.720635862,-10.503028228],[-77.721882862,-10.511888353],[-77.737942362,-10.520786478],[-77.743139362,-10.528971728],[-77.742963934,-10.546235247],[-77.746693617,-10.553113147],[-77.744794738,-10.560781244],[-77.735741185,-10.568482868],[-77.72989462,-10.563011655],[-77.727556917,-10.552705248],[-77.710083437,-10.560170407],[-77.708820862,-10.548063729],[-77.694000612,-10.539501729],[-77.676154487,-10.537644853],[-77.669242986,-10.540567604],[-77.661987612,-10.532280729],[-77.651390737,-10.530133478],[-77.641075123,-10.513852008],[-77.633265109,-10.515829447],[-77.630097118,-10.506867074],[-77.624741903,-10.502034569],[-77.620231504,-10.505705582],[-77.614413441,-10.503267316],[-77.601322863,-10.50930371],[-77.600919047,-10.518774021],[-77.616333039,-10.524671532],[-77.612871543,-10.538183275],[-77.614583676,-10.546392891],[-77.621073392,-10.54815602],[-77.631225576,-10.560120282],[-77.63820858,-10.563026335],[-77.63949324,-10.577645949],[-77.64533671,-10.582856219],[-77.638163056,-10.602901615],[-77.628471818,-10.611206404],[-77.619508463,-10.614245598],[-77.61931006,-10.60229419],[-77.608052862,-10.595473104],[-77.604940362,-10.590129354],[-77.584621362,-10.583833228],[-77.576650361,-10.583748103],[-77.574251361,-10.588413353],[-77.574115236,-10.614662104],[-77.582664362,-10.621851604],[-77.582974247,-10.638929542],[-77.590581114,-10.645564025],[-77.575354487,-10.658866354],[-77.574537147,-10.694307931],[-77.56314383,-10.709428116],[-77.575696332,-10.7168874],[-77.578439862,-10.722718104],[-77.577174487,-10.728570228],[-77.584686237,-10.741452229],[-77.588798862,-10.757681728],[-77.585206509,-10.764185216],[-77.587796731,-10.773056822],[-77.592997673,-10.777498361],[-77.591191833,-10.786449563],[-77.5729558,-10.774096468],[-77.552815073,-10.753508009],[-77.542932996,-10.750842255],[-77.523947112,-10.734982103],[-77.506796861,-10.734619229],[-77.497799112,-10.744682979],[-77.491475487,-10.746037979],[-77.471108362,-10.741870729],[-77.465679486,-10.736514229],[-77.459875112,-10.737090354],[-77.452654237,-10.728931604],[-77.436139236,-10.723640103],[-77.427603487,-10.729455103],[-77.415429987,-10.729979979],[-77.395251612,-10.717806603],[-77.391326362,-10.710199228],[-77.385657557,-10.707792956],[-77.403793987,-10.690967728],[-77.402259986,-10.677552104],[-77.395309986,-10.661539978],[-77.388900486,-10.657650854],[-77.380112487,-10.639444229],[-77.367304737,-10.638301354],[-77.361393612,-10.625611854],[-77.347718737,-10.606892854],[-77.343482362,-10.607312478],[-77.338345736,-10.596054729],[-77.327533236,-10.594101604],[-77.320507862,-10.587917978],[-77.310628861,-10.567691353],[-77.291023487,-10.556113228],[-77.285242111,-10.558513729],[-77.277763612,-10.556281228],[-77.269425736,-10.560228478],[-77.267263611,-10.550537103],[-77.252236361,-10.545267604],[-77.242152362,-10.547687479],[-77.236769486,-10.544806604],[-77.225773486,-10.546005854],[-77.220142486,-10.551837853],[-77.209298862,-10.555394479],[-77.190988236,-10.552132853],[-77.188576111,-10.541574229],[-77.180589987,-10.533314479],[-77.181578111,-10.524513604],[-77.170831986,-10.517304729],[-77.167308736,-10.508142604],[-77.168447236,-10.492529353],[-77.176039987,-10.483099978],[-77.174624861,-10.464601728],[-77.150017737,-10.451093728],[-77.138244986,-10.426469354],[-77.128291362,-10.421212228],[-77.117515612,-10.407220853],[-77.112134111,-10.404844728],[-77.110884736,-10.392089853],[-77.090200111,-10.372630228],[-77.089607361,-10.361081979],[-77.080771111,-10.357680353],[-77.071611611,-10.338103978],[-77.062326986,-10.334634854],[-77.051715611,-10.339940478],[-77.047396361,-10.338784103],[-77.045423737,-10.333784604],[-77.038429737,-10.334066354],[-77.024711612,-10.327526728],[-77.023045111,-10.322051104],[-77.018419736,-10.320724728],[-77.009100861,-10.307766853],[-77.007672487,-10.286544478],[-77.003625236,-10.282123103],[-76.999850112,-10.283347478],[-76.998154237,-10.291392603],[-76.979910111,-10.297062353],[-76.974849237,-10.303828353],[-76.965451486,-10.305378603],[-76.962267611,-10.297206978],[-76.953301486,-10.293106978],[-76.951157111,-10.288929353],[-76.942928862,-10.287515603],[-76.936009236,-10.278506103],[-76.920859486,-10.275425729],[-76.911829611,-10.277502604],[-76.906246111,-10.274185603],[-76.904825986,-10.277259729]]]]},"properties":{"name":"Lima","mapcolor":15,"cartodb_id":15}},{"type":"Feature","geometry":{"type":"MultiPolygon","coordinates":[[[[-75.100042234,-0.080964218],[-75.088626859,-0.080347093],[-75.077363359,-0.084204844],[-75.05578561,-0.107834344],[-75.039078109,-0.116208968],[-75.016890609,-0.145685594],[-74.998515609,-0.151299468],[-74.972800735,-0.153525343],[-74.969668109,-0.180017719],[-74.958615984,-0.193842219],[-74.938453109,-0.203658219],[-74.928258859,-0.220214718],[-74.918197234,-0.215296844],[-74.917300984,-0.202460718],[-74.910676484,-0.203545844],[-74.900566359,-0.219675719],[-74.897085109,-0.232898844],[-74.892288109,-0.236896344],[-74.880187484,-0.240304719],[-74.867620859,-0.239420594],[-74.848087235,-0.233584094],[-74.83176361,-0.206193344],[-74.808982359,-0.189021469],[-74.804914234,-0.189154843],[-74.803091984,-0.195726844],[-74.782457359,-0.201357468],[-74.762712109,-0.224789594],[-74.748022109,-0.250325719],[-74.744433485,-0.269901969],[-74.731474609,-0.290062969],[-74.729080234,-0.305761719],[-74.732513609,-0.334917969],[-74.726679734,-0.343560594],[-74.710648484,-0.350244219],[-74.689589859,-0.329269594],[-74.681915984,-0.330421844],[-74.677566359,-0.339988344],[-74.683865484,-0.359260344],[-74.673447234,-0.371449219],[-74.661308734,-0.374330094],[-74.644142609,-0.361306594],[-74.614150359,-0.350587844],[-74.609335984,-0.351394594],[-74.608421984,-0.358656219],[-74.616679984,-0.373079969],[-74.615145234,-0.378817094],[-74.606316359,-0.383500844],[-74.589652359,-0.383660094],[-74.576222234,-0.392275969],[-74.573422734,-0.410633969],[-74.566693234,-0.416609719],[-74.553180484,-0.420808969],[-74.542824234,-0.435056594],[-74.527947234,-0.466746094],[-74.519355484,-0.469050844],[-74.506079359,-0.462021094],[-74.498967984,-0.461616344],[-74.496060859,-0.470337719],[-74.502181609,-0.484031219],[-74.497563984,-0.488338719],[-74.489533234,-0.486816469],[-74.482910109,-0.477498094],[-74.476402359,-0.474103469],[-74.465051484,-0.487942094],[-74.451809733,-0.489985094],[-74.443691234,-0.496024344],[-74.427635734,-0.495909719],[-74.422951984,-0.498924469],[-74.421336859,-0.504523469],[-74.426870109,-0.541116844],[-74.423974859,-0.553460094],[-74.414768984,-0.55808997],[-74.400566234,-0.54004497],[-74.394505609,-0.541982719],[-74.388130859,-0.55299072],[-74.390042609,-0.574579219],[-74.387723359,-0.590709844],[-74.378910858,-0.601841595],[-74.366439234,-0.610448094],[-74.360933234,-0.623823344],[-74.362333109,-0.636743844],[-74.372058734,-0.644537719],[-74.372826109,-0.65288672],[-74.363464859,-0.66483197],[-74.343436608,-0.672867594],[-74.337568609,-0.682934844],[-74.340529609,-0.698008844],[-74.345374734,-0.705438219],[-74.375556609,-0.716988344],[-74.372589859,-0.73479497],[-74.344283233,-0.759029344],[-74.320427734,-0.75420122],[-74.312552734,-0.756267595],[-74.311074234,-0.765915969],[-74.319396484,-0.784873094],[-74.316658234,-0.793027344],[-74.303509483,-0.792301345],[-74.290070358,-0.77498822],[-74.283341859,-0.777859344],[-74.280257859,-0.787277344],[-74.286415984,-0.79555072],[-74.292351608,-0.81324222],[-74.284927734,-0.824843719],[-74.275345734,-0.827712845],[-74.251496108,-0.815185594],[-74.245330109,-0.818402345],[-74.246697234,-0.827248094],[-74.260505859,-0.837015595],[-74.268150359,-0.847009719],[-74.270089859,-0.858039094],[-74.266089859,-0.87342972],[-74.269171859,-0.879290969],[-74.276816359,-0.881246095],[-74.286285109,-0.87148247],[-74.305464859,-0.865167969],[-74.319953109,-0.87964647],[-74.319611358,-0.886539094],[-74.312873109,-0.895382845],[-74.287421859,-0.893539094],[-74.278296859,-0.899855469],[-74.270415859,-0.929722594],[-74.263107483,-0.94408022],[-74.271348983,-0.96711372],[-74.267217734,-0.982355719],[-74.218621109,-1.009423845],[-74.199134734,-1.010224595],[-74.183181609,-1.004599594],[-74.168357609,-1.006329344],[-74.094260984,-1.04801197],[-74.063916859,-1.052953095],[-74.055059109,-1.05206747],[-74.046201484,-1.04482022],[-74.040725733,-1.032097345],[-74.038261734,-1.013619095],[-74.031205108,-1.006048845],[-74.022768733,-1.004879844],[-74.017614484,-1.008813719],[-74.015184609,-1.01823897],[-74.020596734,-1.036242719],[-74.022657984,-1.062919595],[-74.010968983,-1.09281172],[-73.999795233,-1.10249172],[-73.988036983,-1.10316222],[-73.971416608,-1.087116345],[-73.961669858,-1.082626969],[-73.953890734,-1.08930297],[-73.950591734,-1.097912094],[-73.966562358,-1.117775719],[-73.966453108,-1.123318469],[-73.961654358,-1.129068345],[-73.947799983,-1.13210922],[-73.927266234,-1.120594094],[-73.909470233,-1.12164097],[-73.897069358,-1.13718222],[-73.895408233,-1.16858397],[-73.871421858,-1.197302719],[-73.867523483,-1.223162095],[-73.857132858,-1.231779344],[-73.823554733,-1.236359345],[-73.809615233,-1.24911522],[-73.801056608,-1.248650345],[-73.788154233,-1.23967972],[-73.783242233,-1.246226595],[-73.783919983,-1.25760547],[-73.774330109,-1.259091845],[-73.754013609,-1.23839847],[-73.753685483,-1.20599022],[-73.751175733,-1.201392595],[-73.745124983,-1.199662095],[-73.742139483,-1.20329322],[-73.740998108,-1.234257845],[-73.732314483,-1.245632845],[-73.708399608,-1.25176922],[-73.697609233,-1.249111845],[-73.680931608,-1.23802147],[-73.667572233,-1.245945345],[-73.647011733,-1.267189469],[-73.635246108,-1.26776172],[-73.621093733,-1.25959572],[-73.610801108,-1.319025845],[-73.595825858,-1.32875097],[-73.576531233,-1.31806247],[-73.569785108,-1.32242572],[-73.576821858,-1.33615922],[-73.579156608,-1.359577595],[-73.561481608,-1.377175095],[-73.550216858,-1.406880845],[-73.553863108,-1.416767595],[-73.561394483,-1.419070345],[-73.581404733,-1.41392047],[-73.585358358,-1.42306797],[-73.573150358,-1.42896297],[-73.544289858,-1.42980972],[-73.534324233,-1.43284572],[-73.529852733,-1.439967845],[-73.530752983,-1.457925845],[-73.526306608,-1.468003845],[-73.511001983,-1.482130845],[-73.489010733,-1.483041845],[-73.485653608,-1.497776095],[-73.495103358,-1.51014772],[-73.491913233,-1.515030345],[-73.478568358,-1.52209372],[-73.478413983,-1.530425095],[-73.482941358,-1.54550197],[-73.490755858,-1.55630472],[-73.490298983,-1.569296595],[-73.486163858,-1.574122845],[-73.479619858,-1.575521345],[-73.463744108,-1.567297845],[-73.457348108,-1.57432197],[-73.465228983,-1.59116872],[-73.503661983,-1.62257747],[-73.509829608,-1.63776797],[-73.509486858,-1.648104345],[-73.516593108,-1.662711595],[-73.536669858,-1.68590922],[-73.529531483,-1.70726722],[-73.499949983,-1.731195095],[-73.459281608,-1.736396595],[-73.435657483,-1.76248497],[-73.431592858,-1.78870197],[-73.420228608,-1.78898747],[-73.407783233,-1.78456447],[-73.397442858,-1.77579572],[-73.383337358,-1.77471072],[-73.354551108,-1.794917845],[-73.326972858,-1.80486322],[-73.323084358,-1.822100095],[-73.317382857,-1.826189595],[-73.309555108,-1.82576447],[-73.303730108,-1.818112095],[-73.308837358,-1.787926595],[-73.304175733,-1.780913845],[-73.294592983,-1.776538095],[-73.273200983,-1.782075345],[-73.249861982,-1.78038772],[-73.244167483,-1.788416345],[-73.247345733,-1.793195345],[-73.256331358,-1.79686822],[-73.256788108,-1.802521846],[-73.247593982,-1.806405096],[-73.234345108,-1.801722345],[-73.228862858,-1.786874471],[-73.232071232,-1.761057345],[-73.230633108,-1.755465596],[-73.220867858,-1.748669845],[-73.213443732,-1.751182595],[-73.203792858,-1.76391747],[-73.186029233,-1.807918471],[-73.167646608,-1.80191072],[-73.147285357,-1.802685971],[-73.143787608,-1.820746095],[-73.152361608,-1.845370596],[-73.150283482,-1.86136347],[-73.133255857,-1.872410221],[-73.112765358,-1.87281472],[-73.107453232,-1.886062346],[-73.107406232,-1.894066345],[-73.118417108,-1.91208297],[-73.112307233,-1.946167471],[-73.117232733,-1.969866971],[-73.123371733,-1.981216971],[-73.120315358,-2.01316372],[-73.097974233,-2.027599596],[-73.093730732,-2.035457595],[-73.094400233,-2.042233345],[-73.106475483,-2.06073572],[-73.106749982,-2.07495122],[-73.100630857,-2.082583971],[-73.088410107,-2.084404346],[-73.073677732,-2.081628846],[-73.069785108,-2.087880846],[-73.071029232,-2.100007846],[-73.076728483,-2.108193095],[-73.108251733,-2.124868346],[-73.114188232,-2.130874221],[-73.123876982,-2.169128846],[-73.130035107,-2.181597595],[-73.142814483,-2.187824221],[-73.164953483,-2.186637346],[-73.170462483,-2.191607721],[-73.167666233,-2.229018095],[-73.151632858,-2.260156221],[-73.137626983,-2.272318346],[-73.124999982,-2.277935596],[-73.117675733,-2.287005846],[-73.114804732,-2.298720721],[-73.124550733,-2.313380845],[-73.122928358,-2.323943596],[-73.113624983,-2.32704097],[-73.099971357,-2.324571721],[-73.082153857,-2.311151596],[-73.068298858,-2.315140595],[-73.064513607,-2.326402346],[-73.070025233,-2.345247346],[-73.062355483,-2.358968721],[-73.052301108,-2.360856095],[-73.044234732,-2.352789721],[-73.042412107,-2.323261721],[-73.033796607,-2.314650096],[-73.024033108,-2.318811096],[-73.015804482,-2.345709471],[-73.004884607,-2.357609096],[-72.994123107,-2.357215596],[-72.978462857,-2.338650346],[-72.971066358,-2.337442221],[-72.964498983,-2.341154221],[-72.956999983,-2.386980471],[-72.951734357,-2.400958971],[-72.947509732,-2.405771471],[-72.925095107,-2.415536096],[-72.922630858,-2.419496096],[-72.923531232,-2.427759721],[-72.937415982,-2.444406221],[-72.937730107,-2.450442846],[-72.933803983,-2.454868595],[-72.927138607,-2.454138721],[-72.895126983,-2.433673846],[-72.866843733,-2.438910096],[-72.851798857,-2.435783221],[-72.826515607,-2.417507845],[-72.802810482,-2.410705096],[-72.784492232,-2.388322221],[-72.776451232,-2.384367221],[-72.769103482,-2.386804721],[-72.760085983,-2.395847596],[-72.755292607,-2.419672846],[-72.752148108,-2.424727221],[-72.745794982,-2.426765596],[-72.733778608,-2.419615471],[-72.730884233,-2.396656596],[-72.726928857,-2.390906095],[-72.717278107,-2.385594721],[-72.707754107,-2.389072846],[-72.692117232,-2.406285096],[-72.689140608,-2.413833971],[-72.687072232,-2.424509721],[-72.692177732,-2.438738221],[-72.691025357,-2.448480471],[-72.686712857,-2.452292596],[-72.681287607,-2.451664221],[-72.667091857,-2.439951221],[-72.658216358,-2.407235096],[-72.637315232,-2.388789471],[-72.640798732,-2.363262596],[-72.619697233,-2.356281221],[-72.595519482,-2.366552721],[-72.568787107,-2.397582096],[-72.535263732,-2.405429721],[-72.516990607,-2.426365971],[-72.497973857,-2.418256721],[-72.471590482,-2.420032846],[-72.443265482,-2.435680096],[-72.428154357,-2.437433596],[-72.421786107,-2.433767346],[-72.411628107,-2.414322096],[-72.408658607,-2.414493346],[-72.399635732,-2.432025221],[-72.379417607,-2.454981346],[-72.380877982,-2.478205596],[-72.377135607,-2.486334096],[-72.371767357,-2.489189471],[-72.364514732,-2.489018096],[-72.348279232,-2.480527721],[-72.331278482,-2.480623346],[-72.321380731,-2.473506846],[-72.297528231,-2.473599221],[-72.290896732,-2.469137221],[-72.286278107,-2.454182846],[-72.278968357,-2.453040596],[-72.266709732,-2.459331471],[-72.259551982,-2.458522971],[-72.256468232,-2.451784346],[-72.262164607,-2.435501596],[-72.248544607,-2.430661846],[-72.238607982,-2.432846346],[-72.226915357,-2.446252096],[-72.220362232,-2.448350721],[-72.205671482,-2.445952221],[-72.184457232,-2.429700221],[-72.169468107,-2.431901971],[-72.163871107,-2.439712846],[-72.166353232,-2.464412096],[-72.160100107,-2.468823596],[-72.149820731,-2.470022846],[-72.140475732,-2.461966846],[-72.137142982,-2.449421471],[-72.144938106,-2.43194672],[-72.147764982,-2.415628346],[-72.145280732,-2.406248596],[-72.114185982,-2.388431096],[-72.097826356,-2.370270971],[-72.082063232,-2.36795822],[-72.062832482,-2.343502221],[-72.048741232,-2.334936096],[-72.037201231,-2.338000596],[-72.010109356,-2.368951221],[-71.984511856,-2.368672721],[-71.961960982,-2.357141471],[-71.949782107,-2.356358596],[-71.939976731,-2.36232022],[-71.938124981,-2.375996096],[-71.934822232,-2.379669971],[-71.928384731,-2.381292971],[-71.922437481,-2.378152346],[-71.919220732,-2.365419971],[-71.938316357,-2.328351595],[-71.934914231,-2.312349596],[-71.925148481,-2.307724596],[-71.898169981,-2.313806596],[-71.884755856,-2.311593721],[-71.872458981,-2.295435596],[-71.855613231,-2.232615221],[-71.842056606,-2.213757845],[-71.832769481,-2.190415971],[-71.822837856,-2.188140596],[-71.809746106,-2.20417772],[-71.799132857,-2.204369095],[-71.789566357,-2.182175721],[-71.782249982,-2.175529346],[-71.770255856,-2.170789096],[-71.766931981,-2.15849972],[-71.740593731,-2.142197221],[-71.732482482,-2.140142596],[-71.725980481,-2.14205272],[-71.718922857,-2.159935971],[-71.721939481,-2.177935595],[-71.731224481,-2.201453095],[-71.729544981,-2.217583971],[-71.722999982,-2.226552721],[-71.708503856,-2.227330096],[-71.675544981,-2.207408345],[-71.647681607,-2.200056595],[-71.632537106,-2.206767346],[-71.604076481,-2.231389096],[-71.587162731,-2.238281721],[-71.560097606,-2.239535096],[-71.534403856,-2.248717846],[-71.518891856,-2.248969346],[-71.516146356,-2.259010096],[-71.519833106,-2.302075596],[-71.514106731,-2.317372096],[-71.512380981,-2.334865096],[-71.500463106,-2.352209346],[-71.487514481,-2.353377721],[-71.481003606,-2.34741597],[-71.479383981,-2.340064221],[-71.481132856,-2.326794971],[-71.496150106,-2.293343845],[-71.494805981,-2.27799572],[-71.477316731,-2.269364721],[-71.458254981,-2.274149721],[-71.446096356,-2.285916221],[-71.428917106,-2.320666721],[-71.396395731,-2.347114721],[-71.396755231,-2.363340221],[-71.406562481,-2.388251846],[-71.401775606,-2.401463596],[-71.394715731,-2.407033096],[-71.383184356,-2.403581596],[-71.371086356,-2.389351846],[-71.357847231,-2.382637096],[-71.346943606,-2.379264096],[-71.331333231,-2.381617346],[-71.320743481,-2.377773471],[-71.310702731,-2.364908971],[-71.307094356,-2.347415971],[-71.272186981,-2.333453096],[-71.266340981,-2.336476096],[-71.266382106,-2.344905846],[-71.271381106,-2.353954471],[-71.268107856,-2.357770721],[-71.260106606,-2.356829221],[-71.248653856,-2.339022596],[-71.234769356,-2.33674772],[-71.223395106,-2.343493846],[-71.210216606,-2.364595096],[-71.200175731,-2.374557346],[-71.188173981,-2.379577846],[-71.175779856,-2.379028721],[-71.172014606,-2.372753221],[-71.166837356,-2.33776747],[-71.153580356,-2.333609971],[-71.137878606,-2.343349346],[-71.130322481,-2.337494846],[-71.133550106,-2.318013971],[-71.143376856,-2.301594845],[-71.136793481,-2.287171345],[-71.119928106,-2.280503721],[-71.053329481,-2.270619846],[-71.030345606,-2.277052221],[-71.016907481,-2.295531721],[-71.00610648,-2.301840346],[-70.996144231,-2.303487596],[-70.989084231,-2.296349221],[-70.990417856,-2.287092971],[-71.01843748,-2.237441471],[-71.017402356,-2.221827971],[-71.01206823,-2.213199096],[-71.004616105,-2.208806346],[-70.972701105,-2.214222595],[-70.965972606,-2.221353471],[-70.955718731,-2.24308397],[-70.937347605,-2.254484345],[-70.920662105,-2.250138721],[-70.902808605,-2.227066346],[-70.87938673,-2.220892596],[-70.863746106,-2.227117221],[-70.854964855,-2.23701172],[-70.842109355,-2.280808596],[-70.835953105,-2.290814596],[-70.817910106,-2.29474422],[-70.777761855,-2.292990221],[-70.76696873,-2.30021097],[-70.759789105,-2.319869096],[-70.751236355,-2.328269596],[-70.693892606,-2.339257845],[-70.665923855,-2.353773471],[-70.662734355,-2.36377347],[-70.677269481,-2.386048846],[-70.678435481,-2.402138721],[-70.67112698,-2.409273471],[-70.66487723,-2.410406096],[-70.64484373,-2.405513846],[-70.632558481,-2.393148596],[-70.627850605,-2.395029721],[-70.628296855,-2.421623096],[-70.63917573,-2.441835971],[-70.64136523,-2.455509721],[-70.638294105,-2.465767471],[-70.62722648,-2.476382096],[-70.614205105,-2.482221596],[-70.599304355,-2.484436471],[-70.58313898,-2.481554471],[-70.55435023,-2.467748346],[-70.55126223,-2.456247596],[-70.55759373,-2.443081971],[-70.593460981,-2.430398471],[-70.596419981,-2.425912096],[-70.595619106,-2.421316346],[-70.589924105,-2.417891096],[-70.55870898,-2.419980471],[-70.541472605,-2.432068346],[-70.523796855,-2.462429721],[-70.51055273,-2.471755846],[-70.497635605,-2.471905846],[-70.475060605,-2.455068346],[-70.46928073,-2.455884846],[-70.451483105,-2.481574346],[-70.44629348,-2.510787471],[-70.437234105,-2.521246971],[-70.428619106,-2.524874971],[-70.416755855,-2.526378846],[-70.407746105,-2.523290971],[-70.37659723,-2.495125221],[-70.36200673,-2.489869471],[-70.35267198,-2.490418596],[-70.324040105,-2.503283346],[-70.300977605,-2.502577346],[-70.29516598,-2.515378971],[-70.301796855,-2.528220721],[-70.31765823,-2.536347596],[-70.33902273,-2.537719971],[-70.352111355,-2.543539096],[-70.358619105,-2.551908221],[-70.356510855,-2.564213846],[-70.33457998,-2.577888721],[-70.31786848,-2.578539346],[-70.302529355,-2.573185596],[-70.287916855,-2.563243221],[-70.26787448,-2.543603096],[-70.24531123,-2.550415721],[-70.23100598,-2.571215346],[-70.22262173,-2.629840846],[-70.216828105,-2.648523471],[-70.20748048,-2.656906221],[-70.19630473,-2.658982471],[-70.189681604,-2.653367221],[-70.182161855,-2.634609096],[-70.175841605,-2.632437096],[-70.166159605,-2.636391096],[-70.157582855,-2.646128971],[-70.154209855,-2.656875721],[-70.162061855,-2.687849096],[-70.140546605,-2.700538971],[-70.127212855,-2.702869096],[-70.118431605,-2.698632847],[-70.107065229,-2.680722596],[-70.101033354,-2.653856846],[-70.093285105,-2.647720721],[-70.08494423,-2.649031346],[-70.069961479,-2.670838721],[-70.066039355,-2.684095596],[-70.071254855,-2.724320846],[-70.067442105,-2.746004846],[-70.060059605,-2.758917471],[-70.073608605,-2.790662096],[-70.079940604,-2.795663722],[-70.713474605,-3.794226597],[-70.71313198,-3.796425222],[-70.70046698,-3.791761472],[-70.685190731,-3.793339598],[-70.67101298,-3.805446847],[-70.65251748,-3.828878722],[-70.627162356,-3.832021972],[-70.619019981,-3.840059972],[-70.587896606,-3.827381972],[-70.577274731,-3.828010347],[-70.54091598,-3.863037098],[-70.51063073,-3.875466347],[-70.48955898,-3.873893723],[-70.44981173,-3.856678097],[-70.413757855,-3.822033222],[-70.398453105,-3.829175722],[-70.38759573,-3.828503847],[-70.36608198,-3.806500098],[-70.35406448,-3.799287097],[-70.31305648,-3.809910097],[-70.292275355,-3.821191347],[-70.276306605,-3.837630847],[-70.262755855,-3.873236347],[-70.25351948,-3.884499973],[-70.234443355,-3.897269472],[-70.198003855,-3.909605472],[-70.18669923,-3.918345722],[-70.179070355,-3.937298847],[-70.174281105,-3.970056097],[-70.149565105,-4.006753347],[-70.12667323,-4.030809598],[-70.114404105,-4.049547848],[-70.10503498,-4.057466972],[-70.076258355,-4.069512973],[-70.067781605,-4.075982097],[-70.05997398,-4.086243597],[-70.05092573,-4.109790972],[-70.03407948,-4.134412723],[-69.95568948,-4.207642598],[-69.94959298,-4.225376848],[-69.949591855,-4.279382722],[-69.956230855,-4.297724098],[-69.98036298,-4.340416222],[-69.991962854,-4.348167973],[-70.015138729,-4.350518973],[-70.021696729,-4.357358722],[-70.02724898,-4.370354097],[-70.03999698,-4.375350472],[-70.047970605,-4.370971348],[-70.05140023,-4.363501473],[-70.040261605,-4.346968598],[-70.042955605,-4.332185347],[-70.05196148,-4.324863347],[-70.07409448,-4.320645973],[-70.07907648,-4.312057598],[-70.073239355,-4.303915348],[-70.048597105,-4.305078973],[-70.040715105,-4.299784848],[-70.04026898,-4.294787972],[-70.045087354,-4.291545973],[-70.061356979,-4.294698723],[-70.075082105,-4.285287098],[-70.096042355,-4.287765473],[-70.099904355,-4.283425973],[-70.101302229,-4.263944222],[-70.10674523,-4.256716598],[-70.112098855,-4.256716598],[-70.11534973,-4.262443347],[-70.113258979,-4.277269097],[-70.12099223,-4.285418848],[-70.130063854,-4.284199347],[-70.14514373,-4.272748223],[-70.15638673,-4.274740973],[-70.17063373,-4.305227848],[-70.16848223,-4.310549473],[-70.15207398,-4.321289223],[-70.15260923,-4.330033723],[-70.17479773,-4.334881848],[-70.180835605,-4.355404723],[-70.186427355,-4.359985223],[-70.193650605,-4.360867097],[-70.20025798,-4.356862097],[-70.203113355,-4.327445973],[-70.211857855,-4.312812348],[-70.21379123,-4.298446347],[-70.21783623,-4.299279222],[-70.219561354,-4.314388723],[-70.225420855,-4.317035848],[-70.25995748,-4.308601598],[-70.268102355,-4.295799222],[-70.252814355,-4.290683348],[-70.24582473,-4.284615722],[-70.245348605,-4.277239347],[-70.25219723,-4.271197722],[-70.258125355,-4.271695722],[-70.280148355,-4.285656848],[-70.29091548,-4.287233098],[-70.284609855,-4.278964472],[-70.28434223,-4.272510223],[-70.30489623,-4.261122848],[-70.30947523,-4.251184347],[-70.30070098,-4.241250098],[-70.279196605,-4.232713722],[-70.280118605,-4.218109848],[-70.287941105,-4.195565598],[-70.285650855,-4.170401598],[-70.292224105,-4.160378097],[-70.30828548,-4.156808973],[-70.32152123,-4.142680848],[-70.329165355,-4.147112598],[-70.328629855,-4.171472348],[-70.33181248,-4.176528722],[-70.33853448,-4.179146223],[-70.35504198,-4.167040723],[-70.366641855,-4.142740473],[-70.37681398,-4.135007098],[-70.382524355,-4.133550348],[-70.398734355,-4.137441598],[-70.432820605,-4.131289223],[-70.442368105,-4.139438847],[-70.43326673,-4.153120722],[-70.434902605,-4.162727848],[-70.45423573,-4.158920723],[-70.459054105,-4.172721598],[-70.464913605,-4.175874347],[-70.47612673,-4.161508347],[-70.48522823,-4.160794597],[-70.488916355,-4.166326723],[-70.492693731,-4.191578848],[-70.499970855,-4.198832098],[-70.505572606,-4.199133597],[-70.51204973,-4.196067723],[-70.514108731,-4.190835223],[-70.50363923,-4.168765722],[-70.50317123,-4.161939848],[-70.50824948,-4.151187598],[-70.52341848,-4.136375348],[-70.53560198,-4.145405597],[-70.55110948,-4.136315848],[-70.55308123,-4.140989847],[-70.54293023,-4.148004973],[-70.54101073,-4.154795598],[-70.557742231,-4.165345223],[-70.558675605,-4.170800847],[-70.552596605,-4.188723598],[-70.55542223,-4.201602347],[-70.562144856,-4.209083098],[-70.57189123,-4.211251223],[-70.57549898,-4.208056722],[-70.574963605,-4.202910973],[-70.562352356,-4.182953222],[-70.566189355,-4.172929847],[-70.57308973,-4.173494848],[-70.586176855,-4.185243348],[-70.616243481,-4.193481347],[-70.624214855,-4.190753847],[-70.631106606,-4.183600722],[-70.634846105,-4.171528222],[-70.61725848,-4.133906598],[-70.617912855,-4.128225722],[-70.622493356,-4.126441097],[-70.644622355,-4.126946722],[-70.64803323,-4.130347598],[-70.651158856,-4.145627848],[-70.650184355,-4.164125722],[-70.653456106,-4.162727848],[-70.66062423,-4.144762973],[-70.666543106,-4.142413223],[-70.669933856,-4.144376222],[-70.666781106,-4.170223097],[-70.672015856,-4.194404472],[-70.682277355,-4.206926222],[-70.685102855,-4.205468973],[-70.69036748,-4.188188098],[-70.723947606,-4.185987098],[-70.747028355,-4.161210972],[-70.76064273,-4.159082472],[-70.768808855,-4.163421723],[-70.786735605,-4.185421972],[-70.800986355,-4.181818348],[-70.804254481,-4.193214722],[-70.819084606,-4.198720348],[-70.825639855,-4.211863723],[-70.844705231,-4.218466722],[-70.847382106,-4.226824597],[-70.84458198,-4.230820347],[-70.839767856,-4.230245098],[-70.826056356,-4.219329222],[-70.819780355,-4.220310847],[-70.815943481,-4.227449223],[-70.834384355,-4.254099097],[-70.839767856,-4.254545348],[-70.850981105,-4.246960723],[-70.85796873,-4.246755472],[-70.863889606,-4.250648972],[-70.862015856,-4.261445598],[-70.846878855,-4.272205098],[-70.846251855,-4.279381098],[-70.87661973,-4.291456722],[-70.88004023,-4.299457597],[-70.876381855,-4.321646098],[-70.880754105,-4.324709597],[-70.892740605,-4.322835848],[-70.900053856,-4.325880723],[-70.915434731,-4.360014848],[-70.927272605,-4.353976973],[-70.933518606,-4.356059097],[-70.936314605,-4.369740973],[-70.934172981,-4.377711972],[-70.938039606,-4.383095723],[-70.948288606,-4.376021848],[-70.960079356,-4.379229098],[-70.969032106,-4.377593223],[-70.975367355,-4.356772848],[-70.986223731,-4.347255098],[-70.994492356,-4.344756597],[-70.998507606,-4.349158598],[-70.988246231,-4.361888723],[-70.987948856,-4.376552098],[-70.996514856,-4.385802348],[-71.00649098,-4.386030097],[-71.017892731,-4.379986847],[-71.025484856,-4.391929472],[-71.039999481,-4.399186723],[-71.045918481,-4.390977598],[-71.043485731,-4.372820348],[-71.050677356,-4.367480473],[-71.05472248,-4.370752223],[-71.056953231,-4.385772598],[-71.078415481,-4.394354598],[-71.082621606,-4.390471973],[-71.076613606,-4.381370598],[-71.077446231,-4.374202473],[-71.091030856,-4.372502722],[-71.108111605,-4.378693723],[-71.10623773,-4.399365223],[-71.109301355,-4.406057472],[-71.11504173,-4.408139472],[-71.120705106,-4.404736348],[-71.129362106,-4.388997098],[-71.141087481,-4.381322597],[-71.147640356,-4.380775723],[-71.151447481,-4.385921347],[-71.147521356,-4.397402223],[-71.149781856,-4.402250348],[-71.156087481,-4.402280098],[-71.15783773,-4.391197098],[-71.181886731,-4.393895473],[-71.185955606,-4.400391348],[-71.186074606,-4.416595473],[-71.193688856,-4.423067598],[-71.198804731,-4.420212347],[-71.206062106,-4.399629973],[-71.197971981,-4.386400098],[-71.201398356,-4.378238598],[-71.215389606,-4.378452723],[-71.218125981,-4.402628098],[-71.222408981,-4.406173472],[-71.22745348,-4.404531598],[-71.225288106,-4.388946223],[-71.230263231,-4.383066473],[-71.245918106,-4.390492972],[-71.269205731,-4.383757473],[-71.278540481,-4.390112097],[-71.279563606,-4.396917348],[-71.276541731,-4.399082723],[-71.266881106,-4.392491598],[-71.260670731,-4.394228598],[-71.259837731,-4.397583598],[-71.267785356,-4.409004973],[-71.260861106,-4.425113973],[-71.274804731,-4.438486598],[-71.288486356,-4.440151347],[-71.294340106,-4.435821598],[-71.304738356,-4.417142723],[-71.311472231,-4.414239847],[-71.319110231,-4.417809098],[-71.319228481,-4.426218723],[-71.300859856,-4.444435347],[-71.301424356,-4.451935972],[-71.308212356,-4.462257348],[-71.310782231,-4.461400723],[-71.310068356,-4.450193473],[-71.313470981,-4.442721972],[-71.320323856,-4.439961847],[-71.340263731,-4.440223598],[-71.341691356,-4.428730722],[-71.345902981,-4.425542223],[-71.360584106,-4.433632473],[-71.378549231,-4.424185973],[-71.390613106,-4.427231723],[-71.396894856,-4.433037598],[-71.400440231,-4.443840348],[-71.409202731,-4.448732348],[-71.416382606,-4.462281222],[-71.433609981,-4.475962973],[-71.437869231,-4.470847223],[-71.428232356,-4.469490973],[-71.426041731,-4.466214098],[-71.432776231,-4.458551473],[-71.430941481,-4.446679723],[-71.413345481,-4.440327473],[-71.412252481,-4.435391348],[-71.422717731,-4.437268722],[-71.431869731,-4.427900847],[-71.436294606,-4.427685098],[-71.438690481,-4.431354473],[-71.432992106,-4.443873723],[-71.438172481,-4.449054098],[-71.451188231,-4.445514223],[-71.450857481,-4.431712348],[-71.461522231,-4.439241223],[-71.477684981,-4.433549598],[-71.476994231,-4.450002598],[-71.482614106,-4.456597098],[-71.506874731,-4.437348598],[-71.509886231,-4.441658723],[-71.505866231,-4.449878223],[-71.506578481,-4.457655848],[-71.498751981,-4.463913597],[-71.492797856,-4.474357223],[-71.493972106,-4.485201473],[-71.497121731,-4.485684973],[-71.504567731,-4.476249848],[-71.516185606,-4.471608223],[-71.517414981,-4.461219848],[-71.525322231,-4.464964847],[-71.537277356,-4.463084098],[-71.539642232,-4.468237473],[-71.535221731,-4.477161597],[-71.536243981,-4.481692848],[-71.546010731,-4.476650473],[-71.558374606,-4.477603598],[-71.559327731,-4.481084722],[-71.552765981,-4.482065598],[-71.550707606,-4.485560723],[-71.560640107,-4.491735723],[-71.566925731,-4.505757223],[-71.594388606,-4.526823973],[-71.602815356,-4.528454223],[-71.618867606,-4.527003722],[-71.633455606,-4.512332848],[-71.633552232,-4.507884723],[-71.620525356,-4.501322848],[-71.612512981,-4.482880722],[-71.610841481,-4.470848348],[-71.616173856,-4.466980348],[-71.627211481,-4.476028723],[-71.624724982,-4.488876098],[-71.647905356,-4.502731973],[-71.650267606,-4.501405723],[-71.646592981,-4.480573723],[-71.654287606,-4.471138473],[-71.660531856,-4.474716473],[-71.654038982,-4.487577598],[-71.657934607,-4.500936098],[-71.671969981,-4.505826348],[-71.675644606,-4.499899973],[-71.688215607,-4.496957473],[-71.706795981,-4.509887723],[-71.722171481,-4.498062848],[-71.736855857,-4.495562222],[-71.743859857,-4.471856847],[-71.750725606,-4.467422473],[-71.753488482,-4.469826098],[-71.747990357,-4.478280473],[-71.748957356,-4.491321223],[-71.752935857,-4.496487848],[-71.767648107,-4.503698973],[-71.771350357,-4.488599848],[-71.785328857,-4.482317848],[-71.788696356,-4.486078223],[-71.782719607,-4.492633598],[-71.783368856,-4.496598348],[-71.792417231,-4.495161598],[-71.793798732,-4.483654348],[-71.810252607,-4.492896348],[-71.805457982,-4.500162473],[-71.806535481,-4.504389598],[-71.832119731,-4.495838723],[-71.833335356,-4.500093348],[-71.827049857,-4.506461847],[-71.830157981,-4.514432847],[-71.834923982,-4.514501723],[-71.836125856,-4.506144098],[-71.839137357,-4.504527848],[-71.856557356,-4.511365973],[-71.864997856,-4.526451098],[-71.879349606,-4.515264723],[-71.884365607,-4.515482598],[-71.885346356,-4.521933848],[-71.891756232,-4.514847098],[-71.905487732,-4.514750348],[-71.907808481,-4.519778848],[-71.893593607,-4.522513973],[-71.885387856,-4.530415848],[-71.884586606,-4.537088223],[-71.890112357,-4.539049848],[-71.897637357,-4.529167598],[-71.918183106,-4.528854848],[-71.921305106,-4.536590848],[-71.918431731,-4.539837223],[-71.926775607,-4.547255597],[-71.921277482,-4.551897223],[-71.919108607,-4.563445973],[-71.930477857,-4.561732973],[-71.931942232,-4.564633973],[-71.927190107,-4.570063098],[-71.934359731,-4.578199722],[-71.945590731,-4.577508972],[-71.949997606,-4.580285723],[-71.949831607,-4.585189723],[-71.942606857,-4.594721723],[-71.950398106,-4.599128473],[-71.946530107,-4.607831473],[-71.954680607,-4.609129972],[-71.959501981,-4.604985723],[-71.965151857,-4.611285098],[-71.970567107,-4.608466973],[-71.976824982,-4.611409348],[-71.983856482,-4.603452348],[-71.993733731,-4.609019473],[-71.993871981,-4.614158473],[-71.985666232,-4.613163848],[-71.981204107,-4.626011223],[-72.002188107,-4.629050348],[-72.005987106,-4.645282223],[-72.012631857,-4.639493973],[-72.015546607,-4.631080973],[-72.042443232,-4.622902973],[-72.037939732,-4.642823223],[-72.045910607,-4.644425723],[-72.046421731,-4.654220098],[-72.058104857,-4.649364723],[-72.068193106,-4.659234848],[-72.059918357,-4.667730473],[-72.059669607,-4.673352973],[-72.064988232,-4.676143598],[-72.070803982,-4.662880723],[-72.080280731,-4.668669848],[-72.081883107,-4.673518723],[-72.076384982,-4.677745848],[-72.077421107,-4.681171848],[-72.082283232,-4.683808598],[-72.089370481,-4.681088973],[-72.090560607,-4.689736723],[-72.098543106,-4.697258723],[-72.101306232,-4.705505848],[-72.113202232,-4.705846598],[-72.112744357,-4.712026223],[-72.118725982,-4.711363098],[-72.124670107,-4.715762473],[-72.120549482,-4.726365473],[-72.125110481,-4.733600598],[-72.133079107,-4.733300348],[-72.133420357,-4.728839723],[-72.127261857,-4.722514348],[-72.140356232,-4.711507973],[-72.146727731,-4.723906723],[-72.161509107,-4.728796848],[-72.159312607,-4.735261973],[-72.171897482,-4.733894348],[-72.193226731,-4.745816098],[-72.187355732,-4.750485348],[-72.192364732,-4.762948348],[-72.195820732,-4.761551473],[-72.192522357,-4.756316223],[-72.199360357,-4.758069473],[-72.201584482,-4.751742473],[-72.209279107,-4.747459973],[-72.211461732,-4.753027223],[-72.221919232,-4.755126973],[-72.220551607,-4.758704848],[-72.212511607,-4.759395598],[-72.215081107,-4.767034973],[-72.222098732,-4.772063348],[-72.228550107,-4.768761723],[-72.229199231,-4.775655098],[-72.236548607,-4.775516973],[-72.243510982,-4.781360473],[-72.247337607,-4.778362723],[-72.249920857,-4.766606723],[-72.255722857,-4.765460098],[-72.261428232,-4.780752598],[-72.255142732,-4.785629098],[-72.254037607,-4.791251473],[-72.265420607,-4.786167848],[-72.271153482,-4.798352098],[-72.283862732,-4.795561598],[-72.276582607,-4.788861598],[-72.278046857,-4.771027223],[-72.280878857,-4.771883723],[-72.283268732,-4.783418723],[-72.301420732,-4.775378848],[-72.306504482,-4.790422598],[-72.313190607,-4.785670473],[-72.308590481,-4.779937598],[-72.310496857,-4.774439473],[-72.326880732,-4.779992848],[-72.328068607,-4.786361223],[-72.319710982,-4.788585348],[-72.323012607,-4.796514723],[-72.322722482,-4.811696723],[-72.326037857,-4.812525723],[-72.323357982,-4.805190223],[-72.325264482,-4.801736598],[-72.338650482,-4.804457973],[-72.335956607,-4.796721973],[-72.338982357,-4.793179848],[-72.342615107,-4.796514723],[-72.344839232,-4.806709723],[-72.366087107,-4.802485098],[-72.370706357,-4.804802348],[-72.371719232,-4.808730973],[-72.358843607,-4.823386848],[-72.363677732,-4.825811598],[-72.374972607,-4.821944348],[-72.382216107,-4.826271973],[-72.372962232,-4.829095724],[-72.372332982,-4.832410598],[-72.383044857,-4.830891223],[-72.389060607,-4.833285348],[-72.387802232,-4.836323849],[-72.379767606,-4.834701223],[-72.375340982,-4.837566973],[-72.383720107,-4.849629224],[-72.380251732,-4.858514848],[-72.389674482,-4.861829598],[-72.381433482,-4.871988973],[-72.385914607,-4.874229473],[-72.390549232,-4.868689473],[-72.399158607,-4.873815223],[-72.401521982,-4.885478473],[-72.406110482,-4.888655223],[-72.410238732,-4.885693348],[-72.412402482,-4.876362723],[-72.421855982,-4.875994348],[-72.422991607,-4.881411598],[-72.415026732,-4.887105223],[-72.418142107,-4.892414973],[-72.415655982,-4.900978348],[-72.428332107,-4.901530848],[-72.429866732,-4.909940598],[-72.433830107,-4.910687349],[-72.438491482,-4.908697598],[-72.442957232,-4.898200598],[-72.454666607,-4.900794223],[-72.454513107,-4.891494223],[-72.460406107,-4.893565973],[-72.470427357,-4.891125973],[-72.467224607,-4.897140598],[-72.469190482,-4.905285473],[-72.463218732,-4.902669973],[-72.462273482,-4.909736473],[-72.454881732,-4.911035348],[-72.451348482,-4.915687973],[-72.456768982,-4.917202224],[-72.458414982,-4.924181098],[-72.469934107,-4.922054473],[-72.473733357,-4.924554098],[-72.477156982,-4.931445223],[-72.473865107,-4.940443098],[-72.482028982,-4.950801723],[-72.487954482,-4.950296973],[-72.484201607,-4.940421223],[-72.487731107,-4.933385098],[-72.492102232,-4.934605348],[-72.496776732,-4.949989723],[-72.506740357,-4.945139598],[-72.504940732,-4.935812473],[-72.509000732,-4.937765723],[-72.521158857,-4.932871724],[-72.522168482,-4.960019098],[-72.527251232,-4.953409599],[-72.533295107,-4.961774723],[-72.538803607,-4.964100974],[-72.540493482,-4.961818598],[-72.536345607,-4.957692723],[-72.536894232,-4.953654723],[-72.551936482,-4.955560723],[-72.551845607,-4.963371973],[-72.566962107,-4.975218723],[-72.568000107,-4.983717598],[-72.582986982,-4.981524849],[-72.584673732,-4.997964849],[-72.590136482,-4.994681974],[-72.589422732,-4.985663973],[-72.597999482,-4.983860348],[-72.597830982,-4.994850724],[-72.605486982,-4.992986848],[-72.609833357,-4.996005473],[-72.607782357,-4.998901349],[-72.598505732,-4.999989099],[-72.602151857,-5.011602098],[-72.612233857,-5.016558724],[-72.606213107,-5.030974599],[-72.611107483,-5.030851598],[-72.617115357,-5.035958098],[-72.617280482,-5.045432598],[-72.621197857,-5.051804099],[-72.623876232,-5.042376723],[-72.628808107,-5.038353223],[-72.628412232,-5.050876723],[-72.633138357,-5.058081099],[-72.641421232,-5.062989473],[-72.643191107,-5.061125349],[-72.638235482,-5.053149223],[-72.642011232,-5.044972474],[-72.652358857,-5.051509099],[-72.652193732,-5.059980849],[-72.657373482,-5.063626723],[-72.660275983,-5.061408474],[-72.657491357,-5.054529724],[-72.665986732,-5.059119474],[-72.670827982,-5.047255348],[-72.671838983,-5.051957473],[-72.683378482,-5.051591723],[-72.687661607,-5.059036848],[-72.692451857,-5.060901098],[-72.709017608,-5.048370598],[-72.715188482,-5.057455848],[-72.727648232,-5.051992848],[-72.726220482,-5.061668098],[-72.734113982,-5.059284599],[-72.737603857,-5.061228348],[-72.737012857,-5.067611098],[-72.730668607,-5.069290223],[-72.729866357,-5.074399099],[-72.731624482,-5.077254473],[-72.738090357,-5.075531848],[-72.739860107,-5.088593348],[-72.756366857,-5.076617348],[-72.756378732,-5.082552223],[-72.763316483,-5.086611099],[-72.760520107,-5.092416223],[-72.768024357,-5.099224224],[-72.780082857,-5.092014974],[-72.784188733,-5.093312848],[-72.779056357,-5.102008724],[-72.785946983,-5.113441974],[-72.790524983,-5.105843474],[-72.801026107,-5.111365348],[-72.814606732,-5.102244724],[-72.818311607,-5.102775598],[-72.817461982,-5.124037473],[-72.813001983,-5.134172724],[-72.815361857,-5.139140098],[-72.822307608,-5.131679099],[-72.824694857,-5.134562098],[-72.821792107,-5.141346599],[-72.823479482,-5.144036724],[-72.833555857,-5.138491224],[-72.836776983,-5.143611974],[-72.849519857,-5.145948224],[-72.851224357,-5.143776599],[-72.848245483,-5.137275973],[-72.850853107,-5.136013473],[-72.859596233,-5.139753724],[-72.861901857,-5.145260599],[-72.867778358,-5.143835474],[-72.866625358,-5.151761598],[-72.875128107,-5.152642348],[-72.887569732,-5.164011349],[-72.884207232,-5.175251973],[-72.877193608,-5.174179099],[-72.879990232,-5.186890598],[-72.873590857,-5.183001974],[-72.875784608,-5.176677098],[-72.869027233,-5.179062974],[-72.871893482,-5.187357473],[-72.876729358,-5.188414223],[-72.876297108,-5.192785598],[-72.869348732,-5.196210098],[-72.869363608,-5.200855974],[-72.875736482,-5.203674098],[-72.864896108,-5.207677223],[-72.869203483,-5.218565724],[-72.866209107,-5.220823599],[-72.867698232,-5.227420724],[-72.863903232,-5.234001849],[-72.873270607,-5.248893474],[-72.862237982,-5.247500349],[-72.868034482,-5.249645973],[-72.868018482,-5.260950849],[-72.871076857,-5.263464848],[-72.867057732,-5.263753099],[-72.860524608,-5.271166848],[-72.867890357,-5.274449348],[-72.864639857,-5.277860099],[-72.868242732,-5.282695849],[-72.867778358,-5.290734224],[-72.876457232,-5.289068848],[-72.870452358,-5.293776473],[-72.875992733,-5.297715598],[-72.874503607,-5.303848348],[-72.879307358,-5.302615349],[-72.881773233,-5.307627224],[-72.886000482,-5.304136599],[-72.888642607,-5.306906724],[-72.888754732,-5.310573598],[-72.885391983,-5.308267723],[-72.882525858,-5.310621599],[-72.886657107,-5.312559099],[-72.885600232,-5.319076224],[-72.891845107,-5.317715099],[-72.888146232,-5.323591724],[-72.896921107,-5.325513223],[-72.904161357,-5.333809099],[-72.903534232,-5.340004598],[-72.899739233,-5.332206473],[-72.896088358,-5.332462598],[-72.897273357,-5.341974099],[-72.890291857,-5.350844974],[-72.903950482,-5.352926598],[-72.910626232,-5.361962098],[-72.905311608,-5.364615849],[-72.907249107,-5.370988724],[-72.910243482,-5.369595599],[-72.912244982,-5.373358599],[-72.920283233,-5.375952598],[-72.916792607,-5.384263099],[-72.920806608,-5.386316348],[-72.921099982,-5.396000224],[-72.927120608,-5.398129848],[-72.924142358,-5.407609348],[-72.938659733,-5.418523474],[-72.932107358,-5.426871598],[-72.937243357,-5.426072974],[-72.937431483,-5.435358973],[-72.952814857,-5.444651724],[-72.945388357,-5.447225474],[-72.945918857,-5.453689223],[-72.958884733,-5.466128849],[-72.954425857,-5.466832849],[-72.958433733,-5.480899724],[-72.953595482,-5.477730974],[-72.949042733,-5.479878099],[-72.961599233,-5.495300724],[-72.958374858,-5.498758473],[-72.962245232,-5.506204599],[-72.957726483,-5.512727224],[-72.960593733,-5.521978099],[-72.954408607,-5.523589099],[-72.951302983,-5.537400099],[-72.952857483,-5.544867474],[-72.949269983,-5.544641599],[-72.947569232,-5.539526099],[-72.938573858,-5.541279973],[-72.949615482,-5.547524849],[-72.957308732,-5.558194474],[-72.955647858,-5.560174224],[-72.952605107,-5.557676223],[-72.950146982,-5.563575724],[-72.953126483,-5.563443974],[-72.961294857,-5.573102599],[-72.952977107,-5.577473974],[-72.957472232,-5.576489724],[-72.960763357,-5.579892349],[-72.951648357,-5.582669349],[-72.956351983,-5.584077724],[-72.958730357,-5.590269474],[-72.963859233,-5.591040099],[-72.962915857,-5.596235474],[-72.973678358,-5.612910724],[-72.970861482,-5.617508224],[-72.974528732,-5.622743224],[-72.971273483,-5.623221599],[-72.969745483,-5.619766974],[-72.966968483,-5.621759974],[-72.965055108,-5.629081099],[-72.967313858,-5.634183349],[-72.963713107,-5.639006599],[-72.966981732,-5.643896224],[-72.963075357,-5.645689974],[-72.959115732,-5.656891099],[-72.963925732,-5.662086349],[-72.970077607,-5.656492474],[-72.974688233,-5.660930474],[-72.985570358,-5.661275849],[-72.989556483,-5.674509723],[-72.979936607,-5.678495849],[-72.985889233,-5.683106599],[-72.984215107,-5.693510349],[-72.992957982,-5.696340349],[-72.988360607,-5.700725224],[-72.990672608,-5.706212849],[-72.992280358,-5.700300099],[-72.998418982,-5.700565724],[-72.998897233,-5.704950474],[-73.003986233,-5.708471599],[-73.003029607,-5.710836724],[-72.998193108,-5.708883474],[-72.999003607,-5.713095474],[-72.995110483,-5.715832724],[-72.996678358,-5.719805474],[-73.003175732,-5.720204099],[-73.004052733,-5.724163724],[-73.000465233,-5.728521849],[-73.007905982,-5.724336474],[-73.010629858,-5.728096724],[-73.005261857,-5.728681349],[-73.005235232,-5.732321974],[-73.027531107,-5.733411474],[-73.019186733,-5.740520099],[-73.027026107,-5.748146849],[-73.030254858,-5.746658724],[-73.041349608,-5.753315599],[-73.046398733,-5.759347974],[-73.044711233,-5.763812349],[-73.047993233,-5.769951099],[-73.042718232,-5.775544974],[-73.054649982,-5.775637974],[-73.049042858,-5.782666849],[-73.054716482,-5.788539724],[-73.053029108,-5.795169974],[-73.056815857,-5.796658099],[-73.062290107,-5.793615349],[-73.061187233,-5.797309224],[-73.064761482,-5.797601474],[-73.067259483,-5.802172099],[-73.070860357,-5.796565099],[-73.072999482,-5.805148599],[-73.075962608,-5.800670849],[-73.079789232,-5.801202349],[-73.084785232,-5.811446724],[-73.080054983,-5.813120849],[-73.075484233,-5.809799099],[-73.076467482,-5.816442599],[-73.087176858,-5.814502724],[-73.095396983,-5.821176224],[-73.087668483,-5.820242724],[-73.091468607,-5.824056099],[-73.089090232,-5.830234599],[-73.101314357,-5.825743599],[-73.114216108,-5.833184349],[-73.112528607,-5.838818224],[-73.115265857,-5.844478474],[-73.111877608,-5.857699099],[-73.117019733,-5.864329349],[-73.119398108,-5.863120224],[-73.117604358,-5.859625724],[-73.122361107,-5.857831974],[-73.129190733,-5.863478975],[-73.126174483,-5.865711224],[-73.128207482,-5.870574349],[-73.135754608,-5.863425849],[-73.138132858,-5.864342599],[-73.134850982,-5.869644224],[-73.143779983,-5.866428724],[-73.145932608,-5.871730224],[-73.152067983,-5.867959599],[-73.161163732,-5.885337474],[-73.156123608,-5.880845224],[-73.153612357,-5.886864349],[-73.167324733,-5.897121974],[-73.163245483,-5.898238099],[-73.167351233,-5.904403225],[-73.161225858,-5.907857974],[-73.167656858,-5.907645224],[-73.165650483,-5.911604849],[-73.172001732,-5.921237974],[-73.169144983,-5.923895474],[-73.172107982,-5.930113849],[-73.175775232,-5.930724974],[-73.175150733,-5.926074474],[-73.179601983,-5.926792099],[-73.180173358,-5.940703599],[-73.183521608,-5.939149099],[-73.186949733,-5.944716349],[-73.184983233,-5.951094099],[-73.180771233,-5.9522501],[-73.184718857,-5.95988285],[-73.178290982,-5.962281974],[-73.182289608,-5.966295725],[-73.177792982,-5.967140724],[-73.177340357,-5.970852724],[-73.182179982,-5.974961974],[-73.182567983,-5.979474724],[-73.186527608,-5.980229349],[-73.187095358,-5.988651724],[-73.189941108,-5.984497974],[-73.194173857,-5.990555974],[-73.188561358,-5.991935849],[-73.191062108,-5.994012599],[-73.186802483,-6.005125349],[-73.189937483,-6.006131474],[-73.191940732,-6.00275385],[-73.193638483,-6.010011974],[-73.199037108,-6.006257224],[-73.202935733,-6.010703725],[-73.208981233,-6.0086376],[-73.209017107,-6.013380474],[-73.218386233,-6.019875225],[-73.209893983,-6.019641849],[-73.209400107,-6.022103099],[-73.215450732,-6.024852599],[-73.222341108,-6.022061975],[-73.223073733,-6.025387724],[-73.217994483,-6.027569224],[-73.228185857,-6.030129474],[-73.228556358,-6.037398474],[-73.236294608,-6.035694474],[-73.233380358,-6.038345224],[-73.238212733,-6.043992474],[-73.237652858,-6.04634685],[-73.227543858,-6.043580849],[-73.230441483,-6.049507974],[-73.233795732,-6.047376725],[-73.235380858,-6.051327349],[-73.228786858,-6.053599349],[-73.234499983,-6.0634861],[-73.229626483,-6.067948099],[-73.227467608,-6.076697849],[-73.239568983,-6.077387349],[-73.231120733,-6.091340849],[-73.237644733,-6.090558725],[-73.235730733,-6.1007461],[-73.240258358,-6.09894535],[-73.239322108,-6.102793849],[-73.244168732,-6.103421599],[-73.243098483,-6.108474099],[-73.248192108,-6.108021224],[-73.244518607,-6.111849224],[-73.248603733,-6.11493635],[-73.245897483,-6.117529475],[-73.250414858,-6.132728099],[-73.246051733,-6.133592474],[-73.246751483,-6.1492851],[-73.216271858,-6.183180975],[-73.215602983,-6.192473099],[-73.224226233,-6.194366474],[-73.220871732,-6.196228975],[-73.221777108,-6.200159849],[-73.216076357,-6.19741235],[-73.211209108,-6.201713725],[-73.219214858,-6.2123126],[-73.217249483,-6.217385725],[-73.220285107,-6.219577474],[-73.212830107,-6.226093725],[-73.213472858,-6.2207506],[-73.208595358,-6.219536475],[-73.206948982,-6.230917349],[-73.202915233,-6.230423474],[-73.198140483,-6.240240225],[-73.193406983,-6.242483599],[-73.193262983,-6.251178724],[-73.191359233,-6.254090974],[-73.186913858,-6.253422099],[-73.189115983,-6.257301474],[-73.186666983,-6.26206585],[-73.180605983,-6.257291225],[-73.179597608,-6.261643975],[-73.173649858,-6.261798225],[-73.175717233,-6.264667599],[-73.171499108,-6.265163224],[-73.171283108,-6.2709771],[-73.160704732,-6.276667725],[-73.162690733,-6.285002724],[-73.158831857,-6.282800599],[-73.157514732,-6.290621225],[-73.163863858,-6.290497724],[-73.156897357,-6.2982051],[-73.159747733,-6.3040191],[-73.156187358,-6.315842475],[-73.157915983,-6.322551725],[-73.152534233,-6.32934335],[-73.147275982,-6.323066225],[-73.150548232,-6.338398725],[-73.143005607,-6.334838225],[-73.142563107,-6.3420826],[-73.145711858,-6.343090975],[-73.140896108,-6.358742474],[-73.137251982,-6.356382849],[-73.132046482,-6.362652725],[-73.137479733,-6.36889885],[-73.132601982,-6.372448975],[-73.135575982,-6.380259225],[-73.129864982,-6.375052475],[-73.127909983,-6.393204349],[-73.124452232,-6.389201475],[-73.118576607,-6.388656099],[-73.104725983,-6.406663974],[-73.105775483,-6.419403224],[-73.115921732,-6.421811224],[-73.114573732,-6.42550535],[-73.121190232,-6.431741225],[-73.115540983,-6.435517725],[-73.111698858,-6.446915724],[-73.115427733,-6.45007835],[-73.111167607,-6.453566725],[-73.115767358,-6.4541636],[-73.117234858,-6.46345135],[-73.119790857,-6.467952475],[-73.118555982,-6.462004725],[-73.124020108,-6.466552974],[-73.129741483,-6.463579224],[-73.128249358,-6.469856225],[-73.131619358,-6.474934475],[-73.127909983,-6.4769256],[-73.138982108,-6.484324224],[-73.142532233,-6.490765975],[-73.141173858,-6.493647225],[-73.137448858,-6.48993235],[-73.138611608,-6.49604485],[-73.135112983,-6.494171974],[-73.131953858,-6.496754849],[-73.136059608,-6.498761475],[-73.134351482,-6.50822835],[-73.140803608,-6.515009725],[-73.140371233,-6.505439725],[-73.145166483,-6.508320975],[-73.151711108,-6.52709035],[-73.160094983,-6.5254286],[-73.164966482,-6.531117975],[-73.166866482,-6.528954225],[-73.162952608,-6.5247401],[-73.170739358,-6.5178816],[-73.173039482,-6.527778975],[-73.187966607,-6.52301635],[-73.187432108,-6.52938235],[-73.179329107,-6.529945475],[-73.175769108,-6.535366599],[-73.180378982,-6.5409881],[-73.187260358,-6.540739975],[-73.181820107,-6.545979725],[-73.188405608,-6.544843974],[-73.191287983,-6.5492056],[-73.193568983,-6.542305225],[-73.195611482,-6.54827035],[-73.199534107,-6.5467051],[-73.193349483,-6.55423535],[-73.197463108,-6.5558961],[-73.202970108,-6.5532046],[-73.203141858,-6.559436975],[-73.196107732,-6.56287285],[-73.206692233,-6.57711285],[-73.212447483,-6.576196474],[-73.219115858,-6.56367135],[-73.229903733,-6.572865599],[-73.230924983,-6.5798711],[-73.225818858,-6.584977225],[-73.226973607,-6.58858485],[-73.242129857,-6.583955975],[-73.242339858,-6.5871056],[-73.236746857,-6.590426975],[-73.237997233,-6.5927366],[-73.250719608,-6.580997225],[-73.252513858,-6.584604974],[-73.255329358,-6.581903975],[-73.256589233,-6.58663785],[-73.258354983,-6.584433225],[-73.267679608,-6.587678225],[-73.268299982,-6.593461975],[-73.269884233,-6.586771475],[-73.275381733,-6.584919975],[-73.279380607,-6.587134225],[-73.281435108,-6.583961975],[-73.282387107,-6.588321225],[-73.285286232,-6.585629725],[-73.285780233,-6.58789885],[-73.292378858,-6.587682099],[-73.296960983,-6.59715435],[-73.303374858,-6.59197185],[-73.313138483,-6.594104975],[-73.315922982,-6.5908481],[-73.316165858,-6.59518635],[-73.326982358,-6.594928225],[-73.329573608,-6.60041135],[-73.333267233,-6.593539475],[-73.338435358,-6.594591725],[-73.343532108,-6.5913921],[-73.348499733,-6.59355385],[-73.345512483,-6.59791735],[-73.352808858,-6.593267475],[-73.357597608,-6.603968975],[-73.359530358,-6.60210785],[-73.366230358,-6.60697535],[-73.368470858,-6.613467725],[-73.370410732,-6.607784225],[-73.372937732,-6.6081206],[-73.373231483,-6.61421235],[-73.376294733,-6.61248385],[-73.382634733,-6.62197085],[-73.379573983,-6.6351846],[-73.386586483,-6.634452725],[-73.387452858,-6.637693975],[-73.392277482,-6.6384931],[-73.391149733,-6.641928475],[-73.402494108,-6.639807475],[-73.404107233,-6.644206349],[-73.407915733,-6.6417331],[-73.415025858,-6.642929225],[-73.415653108,-6.6470816],[-73.423173733,-6.64855285],[-73.424854108,-6.65502035],[-73.433091608,-6.650352725],[-73.440298483,-6.6519136],[-73.445757733,-6.659284725],[-73.448199858,-6.6581496],[-73.453718858,-6.663115975],[-73.455025858,-6.661002349],[-73.458155108,-6.66727585],[-73.462120733,-6.665886725],[-73.464047483,-6.669060725],[-73.472135608,-6.664340725],[-73.473113983,-6.66750735],[-73.481381358,-6.667985225],[-73.485324608,-6.674519975],[-73.496833233,-6.67433335],[-73.498886858,-6.671293725],[-73.500604733,-6.6738106],[-73.501814608,-6.67148785],[-73.505189358,-6.67504435],[-73.505951983,-6.672533475],[-73.513375483,-6.67574485],[-73.515795108,-6.680203349],[-73.521538233,-6.676013725],[-73.521336608,-6.67915035],[-73.528334483,-6.6803751],[-73.529230608,-6.684168975],[-73.536392608,-6.683399725],[-73.540500233,-6.68643935],[-73.539932608,-6.69410185],[-73.554159733,-6.70373585],[-73.553801358,-6.7096731],[-73.561732483,-6.716177975],[-73.561792233,-6.7220331],[-73.582725858,-6.726297475],[-73.587132108,-6.72362385],[-73.589648858,-6.727372975],[-73.593958108,-6.7269996],[-73.593121608,-6.73058435],[-73.596041733,-6.72985985],[-73.596348108,-6.732705475],[-73.601663983,-6.7309471],[-73.605899858,-6.7377091],[-73.624159983,-6.745159975],[-73.625379983,-6.748209975],[-73.621669983,-6.750249975],[-73.624399983,-6.752829975],[-73.638259983,-6.754149975],[-73.643779983,-6.764239975],[-73.644339983,-6.775489975],[-73.652299984,-6.779579975],[-73.653529983,-6.786639975],[-73.662979983,-6.794659975],[-73.666369983,-6.805549975],[-73.681979983,-6.814259975],[-73.695949983,-6.839969975],[-73.700859983,-6.837249975],[-73.710459984,-6.840189975],[-73.712529983,-6.853939975],[-73.716379983,-6.857539975],[-73.713799983,-6.858849975],[-73.714339983,-6.863829975],[-73.719909983,-6.866919975],[-73.722270108,-6.884599975],[-73.747439983,-6.909029975],[-73.748319983,-6.919879975],[-73.761549983,-6.938669975],[-73.743889984,-6.964159975],[-73.746119983,-6.969199975],[-73.761279984,-6.977729975],[-73.757709983,-6.997279976],[-73.763079983,-7.007459976],[-73.756739983,-7.010339975],[-73.755969984,-7.014989976],[-73.761339983,-7.022739975],[-73.762889983,-7.033759975],[-73.761929984,-7.040619976],[-73.756999983,-7.045379975],[-73.759969983,-7.057569975],[-73.782649983,-7.088089975],[-73.787069984,-7.090289975],[-73.783979984,-7.103649975],[-73.798419608,-7.113060975],[-73.799862359,-7.117095475],[-73.794032483,-7.118835225],[-73.794624733,-7.130019975],[-73.785853733,-7.127440225],[-73.782636608,-7.13061685],[-73.783486483,-7.139630725],[-73.791043483,-7.138892225],[-73.789323734,-7.1444866],[-73.769034233,-7.154948225],[-73.769837983,-7.169147226],[-73.756106108,-7.174129975],[-73.758155108,-7.180429475],[-73.756035108,-7.195699226],[-73.748231733,-7.201309351],[-73.752075858,-7.206423476],[-73.742524983,-7.21069085],[-73.742459234,-7.219493725],[-73.734184359,-7.21748735],[-73.731189733,-7.22219035],[-73.724205108,-7.222395225],[-73.716619108,-7.227558226],[-73.721073233,-7.237050226],[-73.712574483,-7.239349476],[-73.709118608,-7.246310101],[-73.715996734,-7.273710975],[-73.710345608,-7.282039225],[-73.704991733,-7.282856976],[-73.694879108,-7.299067225],[-73.695483859,-7.311039101],[-73.700393608,-7.32246235],[-73.710933358,-7.322712101],[-73.710773858,-7.326165475],[-73.722336608,-7.335659351],[-73.722563358,-7.341216351],[-73.727002483,-7.344375601],[-73.731895233,-7.342512476],[-73.754639983,-7.353785976],[-73.752903359,-7.3403901],[-73.761626233,-7.336904351],[-73.781361858,-7.338747475],[-73.789022858,-7.347742351],[-73.821096983,-7.338617601],[-73.829980859,-7.3519076],[-73.853662483,-7.354309601],[-73.863547858,-7.389246975],[-73.873465733,-7.387495475],[-73.887328608,-7.378916226],[-73.895223608,-7.38583735],[-73.903865858,-7.385697726],[-73.906340483,-7.38434135],[-73.906700859,-7.37341835],[-73.915239733,-7.371111601],[-73.921759484,-7.361760476],[-73.934965734,-7.377257975],[-73.946246733,-7.357911851],[-73.951172233,-7.357483476],[-73.955550484,-7.370832351],[-73.940826108,-7.393945351],[-73.938768484,-7.408177351],[-73.921741983,-7.419884976],[-73.925094983,-7.428128851],[-73.916884233,-7.44445285],[-73.916727483,-7.456277601],[-73.909759359,-7.47298785],[-73.923681484,-7.479951601],[-73.922293359,-7.490355351],[-73.917431858,-7.497366851],[-73.918339359,-7.503859225],[-73.930059358,-7.5116416],[-73.941710608,-7.533433725],[-73.954208358,-7.529351225],[-73.983033233,-7.534361351],[-73.999862109,-7.518179226],[-74.012091858,-7.513884726],[-74.018373108,-7.491445351],[-74.026023359,-7.489779226],[-74.036473858,-7.481244475],[-74.035186233,-7.466296725],[-74.039109483,-7.448879476],[-74.066626733,-7.43820935],[-74.115386484,-7.406074101],[-74.132936859,-7.40080235],[-74.140715484,-7.3928051],[-74.141636483,-7.377771726],[-74.161821108,-7.371120475],[-74.180856859,-7.358747225],[-74.233726609,-7.360015601],[-74.244552734,-7.347406226],[-74.253658984,-7.343682475],[-74.267031859,-7.34912685],[-74.273308484,-7.347423726],[-74.284036858,-7.354202225],[-74.316232109,-7.35127035],[-74.344313484,-7.344729601],[-74.356570984,-7.336627726],[-74.361566859,-7.336606726],[-74.366601358,-7.320198225],[-74.370177984,-7.3172721],[-74.413827234,-7.314896851],[-74.423779484,-7.310813975],[-74.431321359,-7.30159485],[-74.444447234,-7.307129225],[-74.453753734,-7.298254726],[-74.463520858,-7.298596851],[-74.472044984,-7.275466476],[-74.496429609,-7.266815351],[-74.500091234,-7.262049475],[-74.513431734,-7.276150475],[-74.522049484,-7.2771726],[-74.526917984,-7.287570726],[-74.535522859,-7.29376885],[-74.534690234,-7.318203601],[-74.556677734,-7.3415156],[-74.557775109,-7.350868975],[-74.566011359,-7.359707725],[-74.571334734,-7.388655351],[-74.579521359,-7.409929475],[-74.592874109,-7.423772351],[-74.607820109,-7.42812235],[-74.616073859,-7.4350376],[-74.630634109,-7.481580975],[-74.642902109,-7.500086476],[-74.645566109,-7.518289976],[-74.641158109,-7.534826101],[-74.644678109,-7.553889726],[-74.643144359,-7.562285101],[-74.608795109,-7.608782101],[-74.597502734,-7.617273976],[-74.591029484,-7.628576476],[-74.576227109,-7.637229851],[-74.570820484,-7.668488226],[-74.574306484,-7.678718225],[-74.580471234,-7.680284225],[-74.583455234,-7.685068601],[-74.582083984,-7.706013726],[-74.558935234,-7.747465226],[-74.551056109,-7.748273976],[-74.543198609,-7.755618976],[-74.524341484,-7.75713385],[-74.517890859,-7.763431351],[-74.515609609,-7.777825226],[-74.516689484,-7.783513476],[-74.522029109,-7.783141226],[-74.525548859,-7.787241101],[-74.540594984,-7.791495726],[-74.558205484,-7.809953351],[-74.569745109,-7.815980476],[-74.598174359,-7.864730476],[-74.604361859,-7.900800726],[-74.610144484,-7.913982476],[-74.627984234,-7.939828101],[-74.668440484,-7.945642101],[-74.711275359,-7.979002351],[-74.727944484,-7.981008976],[-74.760573484,-8.016409476],[-74.771256109,-8.036063226],[-74.779025984,-8.042376351],[-74.819305234,-8.057482476],[-74.840384735,-8.058351601],[-74.86588286,-8.076930601],[-74.887928109,-8.084199476],[-74.896438485,-8.081268226],[-74.92902436,-8.041213351],[-74.933566234,-8.031646601],[-74.953404734,-8.012707476],[-74.96314061,-7.994148477],[-74.982259734,-7.968986351],[-75.005531235,-7.970152351],[-75.01595886,-7.965213476],[-75.033349609,-7.950054726],[-75.070556609,-7.960466851],[-75.09221736,-7.973675726],[-75.12119836,-7.978899851],[-75.14410986,-7.979091726],[-75.149434735,-8.001818851],[-75.168240734,-8.005457976],[-75.174972609,-8.013383101],[-75.18569736,-8.018442601],[-75.186321235,-8.035683602],[-75.19051261,-8.049061476],[-75.195902859,-8.052686226],[-75.188201734,-8.072150226],[-75.189321485,-8.079044226],[-75.197191859,-8.086839726],[-75.20438286,-8.088873976],[-75.205092485,-8.098193851],[-75.212493485,-8.100482477],[-75.208963484,-8.111468476],[-75.212404985,-8.123931976],[-75.235682735,-8.140100726],[-75.235406235,-8.150501851],[-75.247284109,-8.154772476],[-75.251163859,-8.150185851],[-75.260485484,-8.147601977],[-75.26673711,-8.136005226],[-75.271497985,-8.136559476],[-75.273972609,-8.132346101],[-75.287892235,-8.125490727],[-75.297803859,-8.126319226],[-75.310605484,-8.136050602],[-75.323525985,-8.139309851],[-75.328484609,-8.138681101],[-75.33049086,-8.133758476],[-75.345537734,-8.129410351],[-75.368550485,-8.138894851],[-75.376146985,-8.138777101],[-75.388731609,-8.150524101],[-75.391183735,-8.162529227],[-75.398131485,-8.168468726],[-75.418106485,-8.170977976],[-75.42978111,-8.166522726],[-75.43923886,-8.174874601],[-75.436196859,-8.180646227],[-75.439074985,-8.183193102],[-75.43768286,-8.194973476],[-75.455558673,-8.211322154],[-75.458808731,-8.217564738],[-75.458814985,-8.230518351],[-75.473151234,-8.244290976],[-75.471679735,-8.252567102],[-75.488445485,-8.264096976],[-75.502877235,-8.289411852],[-75.496129985,-8.300443851],[-75.496913735,-8.305769226],[-75.49134036,-8.312145726],[-75.49130211,-8.317289851],[-75.49640336,-8.322927226],[-75.49384411,-8.328650976],[-75.510053661,-8.334816901],[-75.498822259,-8.34588767],[-75.482673971,-8.345476891],[-75.477849663,-8.352577073],[-75.47744501,-8.357048696],[-75.481642432,-8.361913629],[-75.479353768,-8.367382755],[-75.481462368,-8.377815938],[-75.47718132,-8.386368508],[-75.463816438,-8.393838564],[-75.460142123,-8.409546206],[-75.452359822,-8.412039938],[-75.449575438,-8.420988074],[-75.439398312,-8.424378791],[-75.432423031,-8.434921705],[-75.419405847,-8.443209934],[-75.419564568,-8.45153355],[-75.423858185,-8.452721586],[-75.427546217,-8.447847545],[-75.435536738,-8.452211826],[-75.439224951,-8.447635847],[-75.445916772,-8.451007483],[-75.457594391,-8.449801355],[-75.471222117,-8.443424372],[-75.477001709,-8.43536697],[-75.485788026,-8.437343941],[-75.510835057,-8.432044587],[-75.526462944,-8.437092672],[-75.527265382,-8.439973818],[-75.531854095,-8.437880494],[-75.532746041,-8.433208096],[-75.546419554,-8.432394196],[-75.558610618,-8.44191814],[-75.572289448,-8.444581836],[-75.574479401,-8.440503795],[-75.583463887,-8.441186228],[-75.584451291,-8.434028957],[-75.588937063,-8.430146192],[-75.58827886,-8.423573101],[-75.597749485,-8.412948602],[-75.61807961,-8.408322851],[-75.645119985,-8.408894976],[-75.677157509,-8.422152527],[-75.687313868,-8.423288345],[-75.707171211,-8.44374074],[-75.717498414,-8.475980581],[-75.716461028,-8.486894886],[-75.735302428,-8.484945363],[-75.760690187,-8.487385443],[-75.770134013,-8.498087727],[-75.778970724,-8.493571244],[-75.784548899,-8.494325822],[-75.787535365,-8.497191435],[-75.783369191,-8.505240426],[-75.799222473,-8.512155829],[-75.782160235,-8.525440043],[-75.778260274,-8.546410835],[-75.790694686,-8.570028702],[-75.795070016,-8.592992678],[-75.801534131,-8.602742768],[-75.812316178,-8.607601888],[-75.817722818,-8.617258151],[-75.820917996,-8.627110483],[-75.816801343,-8.63602122],[-75.833668975,-8.652161504],[-75.845312034,-8.654980737],[-75.85349415,-8.649162002],[-75.891321253,-8.660217377],[-75.900850923,-8.677711385],[-75.911357429,-8.678662756],[-75.924561063,-8.696836368],[-75.932122363,-8.696932794],[-75.946007202,-8.715191384],[-75.953574235,-8.704308476],[-75.964896485,-8.695748102],[-75.96824611,-8.670855477],[-75.97917386,-8.654011727],[-75.977513611,-8.643478477],[-75.979759735,-8.636001977],[-75.972286986,-8.610537102],[-75.972718735,-8.601228477],[-75.966314485,-8.592027351],[-75.965023485,-8.579974602],[-75.970902361,-8.559134727],[-75.97082611,-8.550515601],[-75.964804735,-8.543519477],[-75.97072661,-8.512400352],[-75.966095735,-8.505933602],[-75.957023485,-8.503945352],[-75.954531235,-8.499486351],[-75.955447235,-8.484474601],[-75.967554735,-8.459925727],[-75.964906235,-8.451742227],[-75.95131636,-8.433783227],[-75.94229886,-8.427658226],[-75.946029235,-8.420351602],[-75.94598436,-8.400874976],[-75.950845735,-8.388404352],[-75.97103111,-8.354859351],[-75.97451761,-8.343240226],[-75.985550735,-8.328216852],[-75.98496286,-8.322150352],[-75.973191235,-8.316775726],[-75.96114861,-8.314263852],[-75.951829235,-8.314847227],[-75.948657986,-8.318280102],[-75.943623236,-8.312820226],[-75.934889235,-8.311551726],[-75.925501735,-8.305193351],[-75.91435111,-8.282828976],[-75.915576986,-8.267882851],[-75.91858386,-8.264069351],[-75.913358485,-8.260548976],[-75.912885861,-8.256099977],[-75.924164485,-8.233209602],[-75.926474611,-8.206219227],[-75.935427861,-8.200777601],[-75.94116486,-8.186183977],[-75.933126485,-8.152806851],[-75.936191235,-8.144731851],[-75.934026985,-8.134428477],[-75.93619961,-8.124604976],[-75.94191636,-8.117240601],[-75.940637235,-8.110459226],[-75.951802986,-8.101295226],[-75.929364735,-8.089302852],[-75.929198111,-8.081164976],[-75.920988485,-8.073119351],[-75.895711361,-8.071593852],[-75.887305985,-8.074876976],[-75.874112735,-8.066821226],[-75.87089811,-8.069286226],[-75.86002186,-8.068625726],[-75.853189485,-8.058638726],[-75.844932735,-8.059638101],[-75.83910011,-8.000226226],[-75.833966235,-7.992936101],[-75.82949286,-7.973495851],[-75.83682161,-7.965310476],[-75.83773786,-7.951224101],[-75.849206735,-7.939850226],[-75.849443485,-7.933424226],[-75.858793235,-7.921125351],[-75.882182111,-7.933879101],[-75.888087735,-7.931882726],[-75.895207611,-7.933930476],[-75.920071485,-7.947155726],[-75.92783786,-7.957255976],[-75.93945561,-7.946120101],[-75.95056461,-7.947445101],[-75.961347485,-7.958687476],[-75.966979486,-7.960359351],[-75.984352235,-7.958868226],[-75.993509736,-7.953566351],[-75.99150536,-7.941008476],[-75.98530886,-7.937009351],[-75.985855486,-7.917144351],[-75.979857736,-7.915150851],[-75.975661485,-7.908968101],[-75.988166986,-7.892326601],[-76.000955986,-7.893326351],[-76.006039736,-7.890586851],[-76.00750961,-7.884906226],[-76.00325661,-7.874418101],[-76.008491735,-7.856042601],[-76.02257061,-7.843019851],[-76.021657485,-7.837135851],[-76.037301111,-7.816926476],[-76.043802985,-7.7923436],[-76.060550985,-7.787813851],[-76.067070235,-7.769289601],[-76.08443511,-7.762560976],[-76.08667386,-7.729231726],[-76.10159261,-7.722663976],[-76.102706986,-7.704265476],[-76.09824411,-7.693537101],[-76.10133211,-7.650456351],[-76.097683735,-7.642242476],[-76.082374985,-7.631888726],[-76.082855486,-7.619652351],[-76.093871485,-7.609725976],[-76.084904736,-7.605118351],[-76.07971861,-7.584335976],[-76.087253736,-7.580747726],[-76.08870386,-7.563329101],[-76.091373611,-7.560355726],[-76.115670986,-7.562502726],[-76.117607861,-7.539025976],[-76.12191086,-7.525992351],[-76.13206836,-7.52207485],[-76.141968736,-7.505259726],[-76.155730985,-7.501603351],[-76.16727536,-7.4930176],[-76.179354235,-7.4715986],[-76.186207361,-7.465416976],[-76.19141611,-7.448685351],[-76.20439686,-7.431326851],[-76.21540811,-7.3953331],[-76.195918235,-7.33440285],[-76.213111361,-7.310142601],[-76.197338235,-7.297532976],[-76.188221611,-7.282060226],[-76.166661486,-7.267596351],[-76.154800735,-7.23342385],[-76.159275611,-7.2305686],[-76.145714985,-7.217929225],[-76.143525236,-7.203962475],[-76.111804235,-7.183051225],[-76.102313986,-7.184667351],[-76.08702436,-7.1792716],[-76.059944985,-7.161301225],[-76.04658561,-7.121430225],[-76.040076485,-7.11668635],[-76.023301235,-7.11430685],[-76.02025561,-7.10752535],[-76.02077911,-7.096984351],[-76.01071711,-7.07837985],[-76.014742985,-7.06557935],[-76.010318235,-7.041398975],[-76.012346736,-7.037492475],[-76.005781235,-7.03023435],[-76.008113235,-7.002220725],[-76.010791485,-6.996536475],[-76.02049011,-6.98965735],[-76.031666361,-6.995168975],[-76.03564011,-6.993146475],[-76.051844235,-6.9378716],[-76.04640236,-6.9249316],[-76.015735861,-6.913700975],[-76.01701861,-6.90297235],[-76.010646736,-6.89042135],[-76.03500386,-6.86498635],[-76.03522461,-6.8493341],[-76.04886036,-6.830326225],[-76.051043485,-6.8109231],[-76.025829485,-6.805276225],[-76.01158486,-6.806022225],[-76.009157735,-6.79906185],[-76.00058011,-6.795063225],[-75.99532786,-6.79843985],[-75.98974211,-6.795441475],[-75.986087861,-6.79687435],[-75.98383311,-6.793753225],[-75.980162235,-6.800068975],[-75.96495111,-6.7884066],[-75.942950735,-6.7950291],[-75.93797411,-6.791406725],[-75.925893736,-6.793833475],[-75.91535561,-6.790635975],[-75.91121036,-6.794880225],[-75.906831985,-6.792472225],[-75.891349985,-6.794631225],[-75.87751586,-6.80229835],[-75.872720235,-6.79825485],[-75.86451686,-6.79818285],[-75.85975361,-6.801555975],[-75.84387536,-6.797261725],[-75.832585985,-6.802227975],[-75.82719461,-6.81019435],[-75.813933485,-6.817225475],[-75.81397186,-6.825477975],[-75.79418336,-6.8214016],[-75.791681735,-6.8248126],[-75.79456036,-6.82893685],[-75.791330485,-6.834159475],[-75.78344461,-6.83704935],[-75.78053911,-6.8484121],[-75.768429485,-6.85381785],[-75.76267536,-6.85104285],[-75.753478611,-6.85488735],[-75.74789261,-6.85242985],[-75.74605661,-6.85654685],[-75.73856411,-6.8500641],[-75.72479586,-6.850874475],[-75.71645836,-6.857708725],[-75.70712711,-6.86004335],[-75.70080561,-6.869113975],[-75.68998636,-6.8612676],[-75.68675411,-6.84614285],[-75.672915235,-6.844396975],[-75.66809736,-6.82641735],[-75.659671985,-6.8193321],[-75.647746235,-6.81921735],[-75.64269611,-6.815560725],[-75.640958985,-6.8342161],[-75.633442235,-6.84306235],[-75.62045886,-6.83932235],[-75.61688836,-6.841188725],[-75.595438735,-6.83278035],[-75.58543761,-6.820659975],[-75.576786235,-6.82098885],[-75.57183261,-6.813043475],[-75.57432186,-6.8093696],[-75.572101485,-6.807212225],[-75.561485485,-6.80147335],[-75.544041485,-6.7996436],[-75.53600961,-6.79397285],[-75.519287485,-6.790022475],[-75.50799811,-6.78037985],[-75.506969485,-6.7738601],[-75.501232859,-6.767045725],[-75.50038086,-6.7572851],[-75.50620711,-6.697052975],[-75.500228485,-6.640322225],[-75.509304735,-6.582978475],[-75.502983485,-6.552228725],[-75.508301984,-6.533465225],[-75.50959661,-6.49214135],[-75.524227485,-6.475579599],[-75.520141235,-6.464820725],[-75.529341735,-6.448529349],[-75.52984936,-6.440098099],[-75.53900286,-6.435132975],[-75.533730485,-6.416300724],[-75.540823735,-6.414353849],[-75.54341811,-6.406865224],[-75.53644711,-6.391540225],[-75.543327609,-6.379463724],[-75.54321436,-6.3629276],[-75.550094985,-6.347707974],[-75.531906235,-6.318876975],[-75.509362985,-6.300286724],[-75.49031086,-6.267036225],[-75.486764735,-6.24473185],[-75.48783211,-6.199042975],[-75.494147735,-6.189316974],[-75.525554985,-6.1651256],[-75.532793735,-6.095599474],[-75.54862886,-6.055652349],[-75.565037878,-6.025574531],[-75.57110511,-6.003987725],[-75.607062485,-6.019343724],[-75.621070235,-6.02938085],[-75.62481636,-6.039371099],[-75.626139985,-6.073979974],[-75.629209985,-6.082989974],[-75.636459985,-6.088949975],[-75.652689985,-6.098129975],[-75.666299985,-6.098929975],[-75.672289985,-6.093399974],[-75.680049985,-6.095309975],[-75.691049985,-6.112209974],[-75.69855986,-6.112489974],[-75.712649985,-6.130799974],[-75.711419985,-6.135399974],[-75.718829985,-6.141229975],[-75.722009985,-6.139209974],[-75.726643603,-6.144015836],[-75.73299986,-6.144419974],[-75.73819986,-6.141529975],[-75.745539985,-6.142479974],[-75.752369985,-6.146290099],[-75.75803011,-6.141449975],[-75.770489985,-6.147729974],[-75.774759985,-6.140609974],[-75.770729985,-6.137869974],[-75.772029985,-6.135639974],[-75.767619985,-6.136109974],[-75.769519985,-6.125079974],[-75.775669985,-6.124969974],[-75.774629985,-6.120649974],[-75.779709985,-6.117889974],[-75.783089985,-6.123339974],[-75.783329985,-6.119889974],[-75.794299985,-6.115179974],[-75.795459985,-6.106889974],[-75.80709986,-6.101769974],[-75.808849985,-6.103939974],[-75.827680039,-6.098580013],[-75.82767004,-6.103230013],[-75.83319004,-6.101630012],[-75.83472004,-6.107010013],[-75.83458004,-6.104850013],[-75.84142004,-6.105820013],[-75.851520039,-6.101750013],[-75.85088004,-6.112090013],[-75.84376004,-6.122360013],[-75.84619004,-6.129910013],[-75.83849004,-6.139060013],[-75.840209707,-6.141340119],[-75.858605777,-6.142201166],[-75.895874816,-6.132024964],[-75.919148694,-6.140577029],[-75.945621707,-6.117874493],[-75.958450549,-6.098380286],[-76.005753326,-6.095217552],[-76.01353004,-6.083580013],[-76.01797004,-6.091130013],[-76.042717656,-6.100996079],[-76.05454046,-6.102351484],[-76.063948941,-6.099403292],[-76.088482909,-6.107566844],[-76.145989357,-6.146673401],[-76.201983852,-6.132495561],[-76.247149378,-6.126061412],[-76.256172543,-6.120613869],[-76.265206138,-6.119688242],[-76.277910536,-6.112151575],[-76.285079531,-6.103831543],[-76.303500985,-6.099618475],[-76.318296611,-6.086094975],[-76.31970561,-6.073569474],[-76.31533986,-6.054066349],[-76.33400611,-6.042106849],[-76.333549986,-6.035519974],[-76.340531236,-6.03204485],[-76.36218936,-5.987824224],[-76.37278711,-5.973759724],[-76.400158054,-5.953558719],[-76.414352629,-5.965999998],[-76.424739401,-5.99580796],[-76.43018106,-6.002766353],[-76.441146643,-6.007015157],[-76.471011309,-6.009493556],[-76.480922825,-6.013962675],[-76.50669844,-6.009924105],[-76.517994361,-6.003406724],[-76.5361735,-6.013103475],[-76.548875827,-6.012753587],[-76.562958615,-6.001566023],[-76.586202671,-6.013274487],[-76.604940486,-6.017197474],[-76.618281236,-6.014398474],[-76.623100736,-6.008323849],[-76.640011361,-6.002604724],[-76.645190611,-6.006200099],[-76.661315111,-6.004696974],[-76.666853611,-6.010680725],[-76.673733486,-6.0124551],[-76.699542861,-6.010907849],[-76.716219361,-6.013269474],[-76.731810986,-6.004518224],[-76.748867286,-6.006341192],[-76.758057758,-5.99555394],[-76.745553119,-5.975564531],[-76.749906588,-5.961913927],[-76.74777313,-5.952207486],[-76.752030088,-5.947912003],[-76.764632736,-5.946621349],[-76.767488111,-5.9406251],[-76.767131111,-5.928632724],[-76.775863736,-5.918591349],[-76.777711065,-5.899323247],[-76.787075111,-5.895630224],[-76.791614236,-5.885979725],[-76.820203486,-5.859285849],[-76.818990236,-5.834183599],[-76.826338861,-5.817847474],[-76.818918486,-5.813478599],[-76.816328736,-5.807566224],[-76.821873861,-5.801625474],[-76.829422611,-5.777340724],[-76.824604236,-5.757296099],[-76.835451111,-5.745555349],[-76.861831986,-5.739726474],[-76.892843611,-5.747782474],[-76.896297736,-5.739431849],[-76.904766986,-5.737324849],[-76.915454236,-5.729017099],[-76.918728737,-5.721504349],[-76.934434736,-5.711487974],[-76.961352736,-5.706077224],[-76.972908236,-5.698953099],[-76.986900986,-5.686213474],[-76.995605611,-5.667119099],[-77.003289736,-5.665658849],[-77.013929736,-5.670746599],[-77.027135611,-5.663843474],[-77.042042237,-5.664943974],[-77.045743986,-5.661942724],[-77.056048487,-5.662542974],[-77.062142111,-5.667608849],[-77.091796611,-5.654232724],[-77.102966736,-5.655777348],[-77.109946111,-5.647948724],[-77.126910236,-5.650993599],[-77.137132111,-5.644033974],[-77.136153486,-5.638705474],[-77.140285736,-5.634246974],[-77.138437111,-5.628374724],[-77.142351862,-5.625438599],[-77.161925862,-5.624568724],[-77.178672486,-5.641424099],[-77.191612986,-5.633376974],[-77.202161237,-5.634464474],[-77.206293486,-5.630549599],[-77.207524236,-5.622382849],[-77.212709362,-5.621306349],[-77.226159236,-5.608996474],[-77.231941361,-5.595460974],[-77.240817486,-5.602419849],[-77.249573112,-5.599407099],[-77.254404861,-5.607756849],[-77.265800986,-5.613969473],[-77.272796611,-5.612517974],[-77.279909861,-5.601084974],[-77.293178861,-5.605060099],[-77.322676862,-5.600233474],[-77.337026237,-5.604026349],[-77.345814987,-5.587980349],[-77.364866861,-5.580179724],[-77.371820362,-5.567105474],[-77.404240737,-5.574365599],[-77.410599612,-5.589753848],[-77.421551487,-5.589302474],[-77.432005862,-5.583142598],[-77.433002487,-5.588910224],[-77.437343737,-5.592435474],[-77.444136737,-5.586289099],[-77.460831111,-5.584693974],[-77.462042987,-5.568373099],[-77.472751736,-5.554786849],[-77.490189362,-5.562460849],[-77.507365236,-5.552664099],[-77.504875611,-5.541502224],[-77.491767361,-5.529338224],[-77.492271486,-5.519704474],[-77.500432112,-5.515341224],[-77.499513612,-5.509552724],[-77.518074362,-5.465543848],[-77.529590362,-5.458147599],[-77.531869736,-5.451077098],[-77.537347987,-5.450630974],[-77.543780487,-5.438946349],[-77.550646736,-5.436247974],[-77.558119112,-5.425578099],[-77.570137236,-5.438271599],[-77.579490612,-5.459806099],[-77.594810112,-5.464224224],[-77.602726361,-5.458981598],[-77.606973987,-5.448583099],[-77.628058737,-5.439402349],[-77.639127737,-5.430298724],[-77.660005737,-5.424744724],[-77.671869737,-5.408771224],[-77.689527987,-5.412792349],[-77.697646737,-5.409460849],[-77.703010112,-5.382112474],[-77.696226612,-5.373441474],[-77.688050487,-5.346352349],[-77.682389112,-5.340105099],[-77.686199237,-5.302466848],[-77.684148237,-5.295881224],[-77.692747112,-5.283588848],[-77.693080112,-5.267685474],[-77.699090487,-5.253975974],[-77.709831987,-5.239740349],[-77.730183862,-5.228512473],[-77.739707862,-5.211856599],[-77.727537112,-5.200897723],[-77.717475987,-5.198259223],[-77.708242612,-5.190907348],[-77.703434237,-5.174775098],[-77.697580612,-5.170802973],[-77.695280987,-5.164740348],[-77.704862862,-5.158642724],[-77.708322736,-5.150824098],[-77.719996362,-5.140624349],[-77.745285112,-5.133017598],[-77.765053862,-5.115220974],[-77.768713362,-5.103292724],[-77.774286737,-5.097177973],[-77.791004987,-5.095220223],[-77.801322237,-5.085971848],[-77.808783487,-5.092501973],[-77.820254737,-5.089396224],[-77.821821987,-5.079174848],[-77.817879112,-5.063792599],[-77.811931612,-5.054714849],[-77.814432487,-5.051818349],[-77.813874737,-5.039809474],[-77.825957987,-5.035050473],[-77.786267362,-4.988049974],[-77.768176987,-4.955934223],[-77.758445487,-4.950052723],[-77.766931612,-4.921218723],[-77.760151737,-4.909345098],[-77.771762987,-4.895747224],[-77.774802737,-4.878218723],[-77.793574862,-4.849963473],[-77.795294862,-4.839234348],[-77.791842362,-4.832951223],[-77.799113487,-4.824592848],[-77.795113362,-4.814787848],[-77.795402487,-4.793040723],[-77.789267112,-4.785106474],[-77.794685362,-4.760216848],[-77.789725237,-4.744543848],[-77.783652362,-4.733377723],[-77.775223737,-4.728319848],[-77.771878862,-4.717558598],[-77.755958112,-4.702461223],[-77.731394112,-4.688440223],[-77.715969737,-4.665087973],[-77.705338987,-4.659719973],[-77.694512362,-4.658673098],[-77.672571737,-4.630480348],[-77.666158237,-4.615683598],[-77.660027362,-4.582603473],[-77.652613237,-4.574570348],[-77.657022362,-4.569785348],[-77.659653362,-4.557974223],[-77.649015612,-4.546415973],[-77.654646237,-4.531076348],[-77.655456987,-4.518544973],[-77.641352612,-4.510060723],[-77.640630861,-4.496515597],[-77.611020487,-4.494265723],[-77.604546862,-4.485810598],[-77.589087861,-4.480464848],[-77.568275361,-4.420919972],[-77.564657862,-4.394871848],[-77.568162112,-4.388412097],[-77.565859236,-4.365535723],[-77.579005362,-4.301156472],[-77.579560486,-4.276179723],[-77.585550737,-4.251333973],[-77.576622987,-4.224040973],[-77.565587861,-4.155445347],[-77.548405362,-4.105404848],[-77.538123362,-4.028707972],[-77.541229362,-3.986378223],[-77.537877362,-3.961899472],[-77.544196487,-3.937350973],[-77.569018612,-3.893073972],[-77.567375737,-3.881251723],[-77.561493611,-3.876165847],[-77.581915987,-3.862816347],[-77.598925737,-3.841978472],[-77.598919861,-3.835662097],[-77.609236362,-3.825242222],[-77.621626612,-3.822892972],[-77.628220862,-3.817050722],[-77.639153237,-3.795822097],[-77.651914112,-3.780562347],[-77.643206486,-3.753061597],[-77.626052362,-3.734964347],[-77.622302737,-3.717730472],[-77.615622987,-3.707718722],[-77.621352737,-3.686109347],[-77.617783237,-3.674724597],[-77.621062487,-3.659316472],[-77.616716737,-3.652400347],[-77.620213486,-3.648856347],[-77.616935612,-3.634301972],[-77.619966737,-3.622408222],[-77.643009612,-3.619346347],[-77.666672987,-3.571871972],[-77.689839862,-3.555693347],[-77.716459612,-3.542305097],[-77.717201487,-3.537307472],[-77.710894487,-3.526257847],[-77.715131236,-3.514853597],[-77.727725487,-3.505457097],[-77.745642237,-3.482228971],[-77.753012487,-3.462410472],[-77.762605487,-3.456792972],[-77.764266487,-3.443524722],[-77.772543237,-3.428809472],[-77.777954862,-3.381630347],[-77.775275237,-3.324059971],[-77.779849612,-3.291579972],[-77.777855362,-3.191860722],[-77.783287112,-3.174232472],[-77.790936487,-3.117630346],[-77.785827862,-3.106282721],[-77.794452112,-3.089258846],[-77.787664112,-3.074775346],[-77.793147237,-3.043981347],[-77.808263487,-3.022954096],[-77.817250987,-3.000792096],[-77.808615987,-2.986125096],[-76.631865111,-2.589689221],[-76.043425736,-2.12709347],[-75.582670985,-1.547461095],[-75.57848311,-1.54708022],[-75.56805736,-1.554344845],[-75.563565735,-1.562766595],[-75.557625235,-1.559506595],[-75.558628485,-1.550809595],[-75.555883735,-1.547097595],[-75.55036136,-1.501986095],[-75.545583985,-1.49932397],[-75.538046985,-1.48076922],[-75.403898485,-1.00008372],[-75.386699735,-0.929738595],[-75.37947986,-0.923747469],[-75.369806734,-0.929006469],[-75.352148235,-0.942303594],[-75.32203311,-0.974776845],[-75.313193359,-0.974734094],[-75.30006061,-0.987148094],[-75.288527359,-0.98565597],[-75.286467235,-0.979222469],[-75.27436711,-0.969596594],[-75.21144736,-0.969568095],[-75.203222735,-0.975661845],[-75.188331484,-0.970199595],[-75.201572985,-0.956800595],[-75.228910235,-0.941493344],[-75.233500234,-0.922013595],[-75.222721359,-0.910949095],[-75.219395485,-0.899549344],[-75.221928985,-0.890879095],[-75.22117186,-0.865763345],[-75.24422386,-0.844993969],[-75.248474734,-0.834099844],[-75.23957786,-0.812299344],[-75.239791484,-0.799293469],[-75.247654985,-0.793206844],[-75.256940484,-0.791306345],[-75.26497036,-0.783938469],[-75.26395736,-0.777394969],[-75.25363036,-0.76971522],[-75.250939735,-0.762522094],[-75.26578761,-0.751157844],[-75.27343986,-0.728943219],[-75.27218361,-0.713924094],[-75.260076859,-0.703302094],[-75.249169359,-0.69907622],[-75.247855485,-0.694497719],[-75.25002936,-0.690015344],[-75.263331985,-0.681658594],[-75.27151811,-0.670841719],[-75.271384109,-0.663612719],[-75.26111361,-0.654710344],[-75.25791211,-0.655063219],[-75.256469985,-0.64349997],[-75.247909985,-0.64745997],[-75.249619985,-0.642580094],[-75.24472986,-0.639369969],[-75.24039986,-0.645729969],[-75.238059985,-0.64272997],[-75.235869985,-0.647269969],[-75.231309985,-0.646939969],[-75.234470109,-0.640759969],[-75.233359984,-0.63396997],[-75.223099985,-0.62849997],[-75.226549985,-0.627229969],[-75.223009985,-0.624409844],[-75.225289984,-0.618599969],[-75.228749984,-0.618999969],[-75.232229985,-0.614399969],[-75.232789984,-0.60750997],[-75.225969984,-0.605719969],[-75.239929984,-0.601049969],[-75.236699985,-0.584429969],[-75.238949984,-0.57889997],[-75.233509984,-0.580429969],[-75.224489985,-0.571090094],[-75.227769985,-0.570149969],[-75.229799985,-0.561339969],[-75.226709985,-0.559819844],[-75.226479985,-0.555539969],[-75.229719984,-0.554469969],[-75.227489859,-0.550759969],[-75.244079985,-0.546949844],[-75.237957484,-0.539000719],[-75.241795485,-0.536396094],[-75.239613985,-0.533679094],[-75.242958734,-0.533121594],[-75.241401485,-0.523838719],[-75.246923985,-0.518913219],[-75.25335511,-0.520795219],[-75.261817235,-0.52921197],[-75.261934735,-0.533201094],[-75.267592859,-0.530016594],[-75.263497985,-0.524864094],[-75.267521484,-0.525006719],[-75.271504485,-0.517563844],[-75.26617136,-0.509060594],[-75.269653485,-0.502591219],[-75.272250485,-0.505831844],[-75.278206734,-0.498083219],[-75.286123984,-0.497328094],[-75.286879109,-0.50444272],[-75.294696109,-0.505766719],[-75.300728985,-0.492779719],[-75.31275761,-0.494241219],[-75.314569985,-0.488349844],[-75.31014986,-0.485909969],[-75.312299984,-0.482459969],[-75.309729985,-0.480259969],[-75.314029985,-0.476709969],[-75.310949984,-0.474419969],[-75.317539984,-0.462979969],[-75.326449985,-0.460649969],[-75.324849985,-0.453140094],[-75.331399985,-0.451989969],[-75.336829985,-0.460409969],[-75.340819985,-0.461869969],[-75.341979985,-0.459150094],[-75.343879985,-0.464049969],[-75.349099985,-0.463539969],[-75.354239984,-0.457899969],[-75.356459984,-0.446779969],[-75.367239985,-0.445669969],[-75.375059985,-0.441779969],[-75.376529985,-0.437889969],[-75.387849984,-0.434119844],[-75.391309985,-0.424539969],[-75.389709984,-0.415159844],[-75.398639984,-0.409339969],[-75.400979985,-0.399659844],[-75.408639985,-0.399939969],[-75.415009985,-0.396219844],[-75.418899985,-0.384169969],[-75.426529985,-0.378089969],[-75.42558986,-0.371739969],[-75.431799985,-0.368709969],[-75.433049985,-0.362509969],[-75.44202011,-0.353529969],[-75.443409984,-0.341839969],[-75.457429985,-0.328409969],[-75.459599985,-0.319969969],[-75.462729985,-0.318429969],[-75.46601986,-0.309029969],[-75.46436011,-0.298589969],[-75.473709985,-0.296749969],[-75.471339985,-0.278579969],[-75.479149985,-0.267950094],[-75.482219985,-0.236959969],[-75.496149985,-0.225549969],[-75.499519985,-0.215709968],[-75.510819859,-0.212020093],[-75.514169985,-0.197379969],[-75.522299985,-0.194429969],[-75.530359985,-0.185699969],[-75.530769985,-0.180899968],[-75.548049985,-0.178079969],[-75.568709985,-0.185269844],[-75.578799985,-0.178349844],[-75.590519985,-0.190629969],[-75.61061886,-0.192449219],[-75.610495985,-0.113355469],[-75.601719985,-0.109889969],[-75.594199985,-0.116269969],[-75.595389985,-0.120429969],[-75.59271011,-0.118629968],[-75.589479985,-0.122829969],[-75.586019985,-0.119509968],[-75.578139985,-0.120379968],[-75.572369985,-0.127609969],[-75.568619984,-0.126349969],[-75.569279985,-0.130889969],[-75.564599985,-0.128549969],[-75.563609985,-0.131199969],[-75.555139985,-0.128669969],[-75.552649985,-0.130679969],[-75.549479985,-0.124029969],[-75.541789984,-0.120519969],[-75.542439985,-0.115679969],[-75.537089985,-0.121269968],[-75.534895485,-0.115036844],[-75.52543861,-0.119614344],[-75.523190735,-0.115648594],[-75.516071235,-0.114474844],[-75.510422235,-0.119655344],[-75.505625485,-0.117942094],[-75.503692485,-0.126730843],[-75.49680211,-0.132024844],[-75.48506286,-0.130184094],[-75.484237485,-0.133072844],[-75.47947011,-0.132578094],[-75.47727111,-0.136473843],[-75.46702236,-0.140783844],[-75.460676235,-0.151670594],[-75.45167636,-0.149688843],[-75.44676236,-0.155294969],[-75.43108386,-0.153794844],[-75.419233235,-0.160487219],[-75.419090735,-0.164342344],[-75.40512936,-0.170267594],[-75.397992859,-0.165084469],[-75.382706735,-0.168604969],[-75.373829235,-0.164200344],[-75.374316985,-0.161571469],[-75.369257235,-0.160169469],[-75.368213234,-0.163232719],[-75.36787036,-0.152633093],[-75.36402211,-0.146110219],[-75.357483985,-0.148853469],[-75.35284336,-0.147314219],[-75.35668311,-0.152668469],[-75.35457311,-0.155764969],[-75.35912386,-0.157992344],[-75.35217211,-0.163816219],[-75.339568985,-0.155389594],[-75.312141485,-0.160339594],[-75.31249161,-0.156702593],[-75.30897136,-0.158732094],[-75.306726234,-0.155589094],[-75.303223985,-0.156280468],[-75.30055686,-0.150703844],[-75.297692235,-0.154062344],[-75.295779359,-0.148072594],[-75.28794861,-0.153963594],[-75.28397036,-0.141597844],[-75.27560061,-0.133282094],[-75.25879611,-0.127162594],[-75.25545511,-0.111488344],[-75.242195359,-0.104578093],[-75.225759485,-0.086029218],[-75.219589734,-0.076570594],[-75.21955386,-0.060218844],[-75.215487984,-0.048686469],[-75.183596485,-0.038605968],[-75.166132734,-0.044322593],[-75.144048359,-0.061220469],[-75.141371485,-0.066323218],[-75.100042234,-0.080964218]]]]},"properties":{"name":"Loreto","mapcolor":16,"cartodb_id":16}},{"type":"Feature","geometry":{"type":"MultiPolygon","coordinates":[[[[-70.613464855,-10.129640603],[-70.613753855,-11.000167979],[-70.52783198,-10.934277354],[-70.52166748,-10.934215604],[-70.515380855,-10.947167354],[-70.50437923,-10.950222979],[-70.494758605,-10.962385228],[-70.481681605,-10.968054729],[-70.468391355,-10.987205478],[-70.451736355,-10.996759729],[-70.437736355,-11.026310604],[-70.44077348,-11.033456979],[-70.43775973,-11.038796854],[-70.42457623,-11.038037104],[-70.411537105,-11.042165979],[-70.40750198,-11.047230479],[-70.38578123,-11.047773479],[-70.37377148,-11.060540979],[-70.371298855,-11.058328229],[-70.35404298,-11.059408229],[-70.349716855,-11.065511729],[-70.342193355,-11.067355479],[-70.32746873,-11.065494104],[-70.30842573,-11.070585979],[-70.29461723,-11.066224604],[-70.28255473,-11.056564354],[-70.27132623,-11.059398229],[-70.265651855,-11.057113229],[-70.263870355,-11.051652104],[-70.257653855,-11.052794604],[-70.24154148,-11.047062354],[-70.23118073,-11.052000604],[-70.21051748,-11.050625604],[-70.19905273,-11.054014729],[-70.19099648,-11.050160854],[-70.189176105,-11.045300104],[-70.179202605,-11.044351104],[-70.176084605,-11.040129354],[-70.17294748,-11.042608229],[-70.16396173,-11.039490229],[-70.158268105,-11.041872229],[-70.156137855,-11.033525479],[-70.140528854,-11.029671728],[-70.13880523,-11.022661479],[-70.129897105,-11.022119103],[-70.12218948,-11.011022354],[-70.113862104,-11.009163229],[-70.115701855,-11.005909854],[-70.11190623,-11.003895729],[-70.107413229,-11.007885104],[-70.10465048,-10.996883854],[-70.094777605,-10.996227104],[-70.09284973,-10.987116979],[-70.08532848,-10.989828729],[-70.080879354,-10.984892479],[-70.079565855,-10.991989854],[-70.07710823,-10.989299104],[-70.06873948,-10.994595728],[-70.064587105,-10.993875354],[-70.063315854,-10.987646604],[-70.051536229,-10.986078854],[-70.045307355,-10.979532104],[-70.037129355,-10.980019479],[-70.03685398,-10.970972854],[-70.02736248,-10.977752479],[-70.025159105,-10.971587229],[-70.015307355,-10.970655104],[-70.00753198,-10.962710229],[-69.998824355,-10.965167854],[-69.994396604,-10.950697479],[-69.984502355,-10.955655103],[-69.982023605,-10.943133979],[-69.974248104,-10.949299228],[-69.963889105,-10.940306979],[-69.957958604,-10.940850979],[-69.961538605,-10.935921603],[-69.955075105,-10.937183979],[-69.953975979,-10.928565604],[-69.948110729,-10.925584104],[-69.941429355,-10.927096604],[-69.933300855,-10.922221729],[-69.923899105,-10.924974729],[-69.923779354,-10.931975979],[-69.920678105,-10.933814979],[-69.91706548,-10.932356854],[-69.916575729,-10.925457854],[-69.90122173,-10.920561104],[-69.878359605,-10.924554729],[-69.873440979,-10.931061979],[-69.862722605,-10.926828979],[-69.85827198,-10.934337354],[-69.85114448,-10.924576479],[-69.84355998,-10.925218603],[-69.839479355,-10.929973729],[-69.832449855,-10.928450354],[-69.83159023,-10.933880229],[-69.81324373,-10.929799603],[-69.81106748,-10.926001979],[-69.800185855,-10.926807229],[-69.79430973,-10.934086979],[-69.788226854,-10.929647354],[-69.779304105,-10.935458104],[-69.769537729,-10.929936979],[-69.767660605,-10.932929479],[-69.773087854,-10.940029729],[-69.763620729,-10.942124479],[-69.759934604,-10.939512854],[-69.747067104,-10.953767854],[-69.744809104,-10.961790354],[-69.738973854,-10.965422104],[-69.740701355,-10.972422979],[-69.737640854,-10.974966603],[-69.722256979,-10.964724228],[-69.716856979,-10.975905104],[-69.700534479,-10.965526729],[-69.697310855,-10.972450104],[-69.690591479,-10.963567979],[-69.686388354,-10.964928228],[-69.675493104,-10.959745979],[-69.667984854,-10.961990229],[-69.658694604,-10.952563978],[-69.633598855,-10.957392729],[-69.620336855,-10.950061229],[-69.610475354,-10.957583229],[-69.609223979,-10.945667854],[-69.597635104,-10.941655229],[-69.583461729,-10.947871354],[-69.588099979,-10.940634979],[-69.576987104,-10.941247104],[-69.57275698,-10.946089479],[-69.574185104,-10.950183729],[-69.568662729,-10.947939353],[-69.570037104,-10.952408228],[-69.563589104,-10.959297104],[-69.562927729,-10.966835979],[-69.228331979,-11.49982423],[-69.103447229,-11.68134773],[-68.968271603,-11.91631448],[-68.652279103,-12.502740355],[-68.653482728,-12.510611105],[-68.660427604,-12.519407605],[-68.655427354,-12.52426898],[-68.655519978,-12.534593355],[-68.661121978,-12.53519523],[-68.664733228,-12.524222605],[-68.677951353,-12.52287998],[-68.681377353,-12.52535698],[-68.674085478,-12.53246373],[-68.674478978,-12.552973605],[-68.691481354,-12.557262231],[-68.691941478,-12.563352855],[-68.699304479,-12.572096355],[-68.692455853,-12.58184148],[-68.693863479,-12.58660573],[-68.697788603,-12.587877981],[-68.701415979,-12.579107356],[-68.702363353,-12.584792105],[-68.710132354,-12.59069323],[-68.713840853,-12.60411973],[-68.724154479,-12.602035355],[-68.725589104,-12.606907981],[-68.731760978,-12.609912731],[-68.734061979,-12.624449105],[-68.740585604,-12.632759481],[-68.731036229,-12.65089648],[-68.736437229,-12.65634498],[-68.733807728,-12.66738373],[-68.730278228,-12.668331231],[-68.728667353,-12.66131948],[-68.719547354,-12.661224731],[-68.720257978,-12.664730605],[-68.727127604,-12.665867731],[-68.728301603,-12.671318355],[-68.725618229,-12.673516731],[-68.724253728,-12.668028605],[-68.719917854,-12.66702798],[-68.717188853,-12.676730731],[-68.711928228,-12.680111606],[-68.720084603,-12.687434106],[-68.734487103,-12.69211873],[-68.732137229,-12.696742731],[-68.726239728,-12.69098173],[-68.725133104,-12.697258355],[-68.742370604,-12.707991856],[-68.739793354,-12.713358731],[-68.733850354,-12.70946248],[-68.727907479,-12.713389106],[-68.740581729,-12.717588605],[-68.745417979,-12.729125731],[-68.766885354,-12.742194231],[-68.771130353,-12.737388355],[-68.776770104,-12.73744898],[-68.780454103,-12.732082105],[-68.788974353,-12.757794481],[-68.792718979,-12.760447606],[-68.803952979,-12.756566481],[-68.803710604,-12.764343855],[-68.808485978,-12.766633105],[-68.804115728,-12.770995106],[-68.808837229,-12.777260981],[-68.804733479,-12.78357073],[-68.811617104,-12.78410023],[-68.818015229,-12.790763231],[-68.807631104,-12.80861823],[-68.814733604,-12.804693981],[-68.824350979,-12.804832105],[-68.825041854,-12.813012481],[-68.832735978,-12.810163231],[-68.839372854,-12.823896606],[-68.829128104,-12.828474355],[-68.831306478,-12.831265356],[-68.839304854,-12.829631605],[-68.830949103,-12.841663231],[-68.832991228,-12.844232855],[-68.841752979,-12.843487855],[-68.834798853,-12.857838856],[-68.844313479,-12.857744106],[-68.850983104,-12.86643673],[-68.858537979,-12.858913605],[-68.859675854,-12.864856356],[-68.870543854,-12.870093356],[-68.864089854,-12.874841981],[-68.872511479,-12.887513731],[-68.866109979,-12.895515481],[-68.872616479,-12.899818106],[-68.867788979,-12.903884605],[-68.874872729,-12.919232481],[-68.861308978,-12.926630855],[-68.863722604,-12.929254356],[-68.872957478,-12.925397731],[-68.876630478,-12.928677231],[-68.866128603,-12.931316855],[-68.873414353,-12.939762605],[-68.860211854,-12.947767606],[-68.864434853,-12.948904481],[-68.876152228,-12.940713981],[-68.879214979,-12.941758106],[-68.874597729,-12.948463606],[-68.882161729,-12.95762873],[-68.876036228,-12.960181105],[-68.875989853,-12.978023981],[-68.871627729,-12.980042606],[-68.871094104,-12.973592231],[-68.865038103,-12.972014481],[-68.862323354,-12.981272356],[-68.864713229,-12.985263231],[-68.876801978,-12.987189106],[-68.875896979,-12.989903856],[-68.868379354,-12.990251856],[-68.867288854,-12.997653481],[-68.871873229,-13.003925856],[-69.649863229,-13.341716856],[-69.97853123,-13.244164106],[-70.058890604,-13.215722606],[-70.402868105,-13.114412856],[-70.40440673,-13.126084606],[-70.417695105,-13.13308998],[-70.409040605,-13.138859731],[-70.39539298,-13.130537981],[-70.389662105,-13.131538356],[-70.389943605,-13.137571731],[-70.401227105,-13.153229981],[-70.385576855,-13.167038981],[-70.38310273,-13.183149606],[-70.388466855,-13.192388731],[-70.39547648,-13.183050856],[-70.409597605,-13.182751981],[-70.413725355,-13.17675673],[-70.44650573,-13.170378106],[-70.46424773,-13.159690605],[-70.499841855,-13.156274731],[-70.50585773,-13.159493355],[-70.527852231,-13.152557856],[-70.54942523,-13.153170981],[-70.558008481,-13.13669423],[-70.571288355,-13.129626106],[-70.583556231,-13.112994855],[-70.58608573,-13.104141856],[-70.599491855,-13.099146231],[-70.606384606,-13.101738855],[-70.62782173,-13.092316606],[-70.641673855,-13.090755856],[-70.65008098,-13.093834231],[-70.66032523,-13.088332731],[-70.669620981,-13.09067248],[-70.674635606,-13.096612856],[-70.68293223,-13.097624606],[-70.68520873,-13.106781231],[-70.704078356,-13.104555356],[-70.711666855,-13.109513105],[-70.74601698,-13.10349298],[-70.762868231,-13.107733481],[-70.798472231,-13.090964106],[-70.811559856,-13.078252981],[-70.814478731,-13.071285481],[-70.829543731,-13.067001231],[-70.842960981,-13.067048481],[-70.849081106,-13.071473856],[-70.852423606,-13.079100481],[-70.863110356,-13.080324356],[-70.882176855,-13.070673481],[-70.89926623,-13.069684856],[-70.898842481,-13.081407231],[-70.887291105,-13.103364481],[-70.921392855,-13.110830981],[-70.922334355,-13.122459231],[-70.927631356,-13.128779606],[-70.937056606,-13.130561481],[-70.942280355,-13.135486606],[-70.93763623,-13.144084606],[-70.94219023,-13.156498855],[-70.950730606,-13.159187606],[-70.963501855,-13.169682981],[-70.977236231,-13.169682981],[-70.994204605,-13.202222356],[-70.990850856,-13.221546356],[-71.00785923,-13.230968731],[-71.011212856,-13.238714231],[-71.00789898,-13.251530356],[-71.010449356,-13.262254856],[-71.016974355,-13.268566106],[-71.032036481,-13.271045856],[-71.064178731,-13.256700981],[-71.082892606,-13.244644481],[-71.086822231,-13.245281231],[-71.091591856,-13.240037106],[-71.118281856,-13.235463231],[-71.131536606,-13.220017106],[-71.142321481,-13.178105481],[-71.14042023,-13.166698106],[-71.146500731,-13.147498481],[-71.143975606,-13.137234606],[-71.151143856,-13.124119856],[-71.161192605,-13.120426356],[-71.166931856,-13.102146606],[-71.167626606,-13.089920606],[-71.161374605,-13.075749605],[-71.161578106,-13.066461356],[-71.173798856,-13.055007856],[-71.16652973,-13.017670231],[-71.167965856,-13.010968231],[-71.178258105,-13.003727731],[-71.179395106,-12.99834223],[-71.171916231,-12.981982981],[-71.159000606,-12.978678856],[-71.162063106,-12.966768481],[-71.17156523,-12.964959605],[-71.176410106,-12.970943355],[-71.178951856,-12.968242606],[-71.186455731,-12.96875073],[-71.195945856,-12.95958148],[-71.205572106,-12.961573106],[-71.220931606,-12.957663981],[-71.223289106,-12.961511855],[-71.226042981,-12.96058598],[-71.230857481,-12.97248248],[-71.233390606,-12.969740231],[-71.242728481,-12.970644481],[-71.252113231,-12.963976606],[-71.271011731,-12.962492231],[-71.272316356,-12.954140606],[-71.278915981,-12.953648481],[-71.278763731,-12.951246105],[-71.287964856,-12.948906231],[-71.292556606,-12.944357481],[-71.296074356,-12.946421856],[-71.300673856,-12.941845731],[-71.302222481,-12.934351606],[-71.307572231,-12.934419981],[-71.309882856,-12.929990231],[-71.314749981,-12.931482481],[-71.315810606,-12.92448823],[-71.319527356,-12.92491798],[-71.320062231,-12.92106973],[-71.326106606,-12.918312605],[-71.334908106,-12.902712731],[-71.358988731,-12.880754231],[-71.361730106,-12.892054356],[-71.375058356,-12.900546105],[-71.380942481,-12.898874481],[-71.396842856,-12.882633105],[-71.416367231,-12.89406248],[-71.419006106,-12.890496356],[-71.417936231,-12.88259748],[-71.424230481,-12.884237856],[-71.427190356,-12.881973481],[-71.423980856,-12.873254356],[-71.437389356,-12.876267605],[-71.441365481,-12.867602106],[-71.448872231,-12.863340606],[-71.449763731,-12.858294481],[-71.442506731,-12.854443106],[-71.445074231,-12.840731606],[-71.452063856,-12.842478731],[-71.456075731,-12.840321356],[-71.446482856,-12.82721598],[-71.459427856,-12.825183356],[-71.464846481,-12.80969723],[-71.479115481,-12.798262606],[-71.487958731,-12.785742856],[-71.495657606,-12.781980355],[-71.502649356,-12.75616523],[-71.513135731,-12.74438673],[-71.523525731,-12.747195606],[-71.533437856,-12.738579105],[-71.546591356,-12.73541648],[-71.546875731,-12.730727855],[-71.552729481,-12.724675105],[-71.548791856,-12.71404173],[-71.552700982,-12.708705105],[-71.560089231,-12.71089323],[-71.565744106,-12.705437231],[-71.600298481,-12.700058105],[-71.638960981,-12.709435605],[-71.660544982,-12.728923856],[-71.682861356,-12.732736356],[-71.694968732,-12.738793106],[-71.692703106,-12.746775356],[-71.694748106,-12.753736356],[-71.708091856,-12.772923855],[-71.722984356,-12.786546855],[-71.747558606,-12.796164106],[-71.753738231,-12.794619106],[-71.760208982,-12.787921855],[-71.764664106,-12.76745898],[-71.799507856,-12.765556606],[-71.804070356,-12.753638731],[-71.812240231,-12.74385748],[-71.821808606,-12.740406231],[-71.831290981,-12.742706981],[-71.858009731,-12.734787106],[-71.869484356,-12.73571098],[-71.881615231,-12.730439481],[-71.900351607,-12.73335548],[-71.918206982,-12.720165356],[-71.917782106,-12.69891448],[-71.928557732,-12.69916323],[-71.951656357,-12.690763855],[-71.964890982,-12.693581981],[-71.978595481,-12.683331356],[-71.977821732,-12.678357981],[-71.971024857,-12.67197548],[-71.970085482,-12.66213923],[-71.956132356,-12.65445823],[-71.957233357,-12.63892048],[-71.965056732,-12.631967605],[-71.965305482,-12.614533105],[-71.969367107,-12.610913605],[-71.980010107,-12.61111748],[-71.984212982,-12.608166605],[-71.981396107,-12.58049048],[-71.986895607,-12.576555855],[-71.992439731,-12.57753948],[-72.000534982,-12.56961548],[-72.008043982,-12.560415105],[-72.009872481,-12.547101481],[-72.028831981,-12.52637173],[-72.049790232,-12.52094648],[-72.051960482,-12.511767231],[-72.057338357,-12.50795673],[-72.065281856,-12.50671698],[-72.072638232,-12.511065981],[-72.078961607,-12.49862723],[-72.070869106,-12.488857856],[-72.070226607,-12.48047398],[-72.064669481,-12.470226855],[-72.064765856,-12.45667123],[-72.059488481,-12.450697731],[-72.060557606,-12.43836148],[-72.049893107,-12.43444248],[-72.047529232,-12.42300673],[-72.037138981,-12.42277373],[-72.017476606,-12.41517898],[-72.009089732,-12.403670481],[-71.992525357,-12.398976605],[-71.976646857,-12.39945373],[-71.971105481,-12.384652355],[-71.965166232,-12.382829231],[-71.963302482,-12.376902605],[-71.962967106,-12.37146048],[-71.970571106,-12.358973481],[-71.967178982,-12.347641981],[-71.961886106,-12.33817423],[-71.947134731,-12.334392605],[-71.945890357,-12.330223605],[-71.955661232,-12.32113973],[-71.977429607,-12.318754105],[-71.990885732,-12.30600623],[-72.010119482,-12.30000498],[-72.028935731,-12.287234355],[-72.033198357,-12.266271105],[-72.043358856,-12.254884355],[-72.056438981,-12.25727848],[-72.075300106,-12.243264105],[-72.087153982,-12.24618373],[-72.096380106,-12.23800873],[-72.105611357,-12.23879298],[-72.100409231,-12.225979605],[-72.100292482,-12.21237398],[-72.092204981,-12.19441798],[-72.100436231,-12.16941873],[-72.087558606,-12.142690355],[-72.093473232,-12.12719248],[-72.094446607,-12.085190979],[-72.173732982,-12.059810355],[-72.230424607,-12.061778104],[-72.238934607,-12.057251605],[-72.245860232,-12.058609605],[-72.268932857,-12.054375355],[-72.272485357,-12.04738198],[-72.269005606,-12.035483605],[-72.269600232,-12.02283648],[-72.259164607,-12.00572348],[-72.281544482,-11.99579723],[-72.282367982,-11.97947573],[-72.286221731,-11.975316355],[-72.311843857,-11.97444098],[-72.340489732,-11.965767729],[-72.336821482,-11.937336604],[-72.338266482,-11.924212729],[-72.346900357,-11.91568598],[-72.344649482,-11.903203855],[-72.347514232,-11.89126748],[-72.341221107,-11.86921148],[-72.334830481,-11.865774855],[-72.331839732,-11.85608623],[-72.359700107,-11.84650573],[-72.368841607,-11.835669105],[-72.390756857,-11.827556855],[-72.393057357,-11.81811273],[-72.390151482,-11.814540855],[-72.390998982,-11.806610229],[-72.374532232,-11.794683979],[-72.370767982,-11.784967355],[-72.382185607,-11.774910104],[-72.385006482,-11.761721479],[-72.391299232,-11.760923355],[-72.423326857,-11.737818354],[-72.428738732,-11.708971855],[-72.426664732,-11.703741855],[-72.416926107,-11.70022523],[-72.410072982,-11.693011354],[-72.405293857,-11.674796604],[-72.395555357,-11.670017605],[-72.387710232,-11.66045923],[-72.390301732,-11.65068423],[-72.381068107,-11.649280854],[-72.375317357,-11.64416548],[-72.375642356,-11.633173729],[-72.369630232,-11.630285855],[-72.355623107,-11.635025354],[-72.348041982,-11.61785898],[-72.328762232,-11.608366479],[-72.316088607,-11.596505729],[-72.313447232,-11.589365229],[-72.307894482,-11.587537104],[-72.306221232,-11.572417605],[-72.313024857,-11.561518355],[-72.303578981,-11.530604355],[-72.305296356,-11.513099729],[-72.298030357,-11.504116105],[-72.304173482,-11.497114229],[-72.289627732,-11.48285248],[-72.287456732,-11.466647979],[-72.292352232,-11.45093823],[-72.289672731,-11.444090479],[-72.293146232,-11.441956854],[-72.292550732,-11.433273105],[-72.288332857,-11.430047604],[-72.287408857,-11.424253104],[-72.281408482,-11.421027854],[-72.270821357,-11.400189104],[-72.247894482,-11.385005854],[-72.239258357,-11.34506098],[-72.226674232,-11.342608104],[-72.204623357,-11.347432729],[-72.218884683,-11.296860689],[-72.206313982,-11.267368604],[-72.199412857,-11.26423523],[-72.205178987,-11.239896392],[-72.197060606,-11.227861354],[-72.199407732,-11.197810854],[-72.189661357,-11.190920979],[-72.186523481,-11.184888729],[-72.195930423,-11.174007844],[-72.206780765,-11.172294633],[-72.19916649,-11.168297138],[-72.199547204,-11.163728573],[-72.193855606,-11.156662321],[-72.187935434,-11.163728573],[-72.184318654,-11.155543227],[-72.176479589,-11.159111626],[-72.16928046,-11.1437411],[-72.135016222,-11.135555755],[-72.120468732,-11.119490229],[-72.123246107,-11.103591854],[-72.125884731,-11.101150354],[-72.130797759,-11.103648208],[-72.131027357,-11.098669979],[-72.148150846,-11.087776178],[-72.173169256,-11.091855108],[-72.178770597,-11.097550906],[-72.183299462,-11.09259185],[-72.186983173,-11.068647729],[-72.182508607,-11.057798854],[-72.188640843,-11.05575474],[-72.193061296,-11.049676617],[-72.188272472,-11.042125009],[-72.177608896,-11.040674548],[-72.174431607,-11.032357479],[-72.176566357,-11.022087854],[-72.185254033,-11.008834821],[-72.173537628,-10.995526065],[-72.164696721,-11.003077673],[-72.156492992,-11.004501547],[-72.152863231,-10.994214854],[-72.127930211,-10.979842447],[-72.12503459,-10.995623521],[-72.10470986,-10.992930722],[-72.092789129,-11.001682016],[-72.054413107,-11.011073604],[-72.047892432,-11.006311806],[-72.043698729,-10.996919694],[-72.029830107,-10.997931729],[-72.010832571,-10.98774687],[-71.986564481,-10.995503854],[-71.976785981,-10.990248854],[-71.969428481,-10.996318104],[-71.944587857,-10.997449229],[-71.938376581,-11.003895175],[-71.925646464,-11.002467499],[-71.923332462,-10.996097479],[-71.916556482,-10.999246104],[-71.895069039,-10.994529273],[-71.877357481,-10.999927729],[-71.867398829,-10.999059833],[-71.862275628,-10.9951662],[-71.847008489,-10.99567852],[-71.840880555,-10.998361554],[-71.838606439,-11.004387962],[-71.828462501,-11.011867836],[-71.82282698,-11.002236218],[-71.808953107,-10.993828104],[-71.787590606,-10.992573979],[-71.780228481,-10.987814479],[-71.770042981,-10.992812479],[-71.751144481,-10.993751979],[-71.729282856,-10.983675729],[-71.720161106,-10.996553479],[-71.716002606,-10.997850228],[-71.713706982,-10.984902354],[-71.701693982,-10.973838604],[-71.693555856,-10.979740854],[-71.680722856,-10.971558104],[-71.678039981,-10.976118979],[-71.671690482,-10.975850729],[-71.661719106,-10.983183853],[-71.651335981,-10.977021479],[-71.609123106,-10.970501979],[-71.594261856,-10.972769479],[-71.572521677,-10.963071296],[-71.558853606,-10.964802729],[-71.531977106,-10.952138479],[-71.527148856,-10.961727104],[-71.508132481,-10.966092229],[-71.494540481,-10.961797729],[-71.485951356,-10.963790228],[-71.480518981,-10.957119104],[-71.472509481,-10.953692604],[-71.448230231,-10.959054104],[-71.430298856,-10.955624979],[-71.412941356,-10.958068354],[-71.399398481,-10.952960979],[-71.393455106,-10.947333979],[-71.378012356,-10.953474354],[-71.369733231,-10.947208229],[-71.363990356,-10.947967729],[-71.362029481,-10.951579854],[-71.355218106,-10.950616729],[-71.352087606,-10.947898979],[-71.351365106,-10.939229854],[-71.340123475,-10.930342552],[-71.336126462,-10.9167883],[-71.328262606,-10.910644853],[-71.321748481,-10.912190854],[-71.317304856,-10.909565104],[-71.316456606,-10.897365354],[-71.308336981,-10.877813854],[-71.294713716,-10.876298704],[-71.272727012,-10.852818728],[-71.271473856,-10.819046853],[-71.258723325,-10.784934502],[-71.250368606,-10.783237103],[-71.245053636,-10.77652908],[-71.233123244,-10.780082136],[-71.221563773,-10.776698441],[-71.228865856,-10.764998228],[-71.22704198,-10.761014354],[-71.218749099,-10.76020583],[-71.224602573,-10.730652924],[-71.223246281,-10.724228379],[-71.215536827,-10.714948482],[-71.227814846,-10.70281323],[-71.231312653,-10.685238531],[-71.228956987,-10.678528451],[-71.21283098,-10.668331228],[-71.206290981,-10.652160104],[-71.220802731,-10.636734353],[-71.210906106,-10.619164104],[-71.205172731,-10.591544853],[-71.196212856,-10.579861353],[-71.182290981,-10.573893228],[-71.173138356,-10.574982854],[-71.165293106,-10.569643853],[-71.164570856,-10.531261478],[-71.146800147,-10.530984023],[-71.128514355,-10.504735853],[-71.12101323,-10.504660853],[-71.116737606,-10.501285353],[-71.108378522,-10.507781548],[-71.099805731,-10.501641603],[-71.078505856,-10.501370978],[-71.067079687,-10.493551482],[-71.040886356,-10.488657478],[-71.024533481,-10.478200103],[-71.021298857,-10.468709909],[-71.014065296,-10.464522058],[-71.013201776,-10.456082939],[-71.008131106,-10.457537729],[-71.006971207,-10.447189211],[-71.00063937,-10.442222316],[-71.00497246,-10.430818519],[-70.996882292,-10.427201738],[-70.993265512,-10.416161039],[-70.975745064,-10.405986083],[-70.958414802,-10.389576782],[-70.958105834,-10.377793468],[-70.970677003,-10.346021001],[-70.968012006,-10.335551372],[-70.920094381,-10.330677123],[-70.897395427,-10.337410438],[-70.889458821,-10.335138613],[-70.873992585,-10.30069598],[-70.873694892,-10.294390343],[-70.882617871,-10.27594952],[-70.880833275,-10.261970187],[-70.866853941,-10.253047208],[-70.841572168,-10.250667747],[-70.814931605,-10.254665978],[-70.803201334,-10.251154409],[-70.790411731,-10.2410417],[-70.780299022,-10.219923983],[-70.761550106,-10.209163978],[-70.750693356,-10.191011728],[-70.734389993,-10.185402487],[-70.717025356,-10.172648478],[-70.712372096,-10.163640129],[-70.706443356,-10.161357478],[-70.70823148,-10.136840228],[-70.699675855,-10.125528603],[-70.698173855,-10.118031228],[-70.683882856,-10.112578103],[-70.68097998,-10.102642978],[-70.670753605,-10.099849853],[-70.66103323,-10.084958978],[-70.649899782,-10.079474574],[-70.653135296,-10.075524774],[-70.644541825,-10.068740455],[-70.656177645,-10.060229383],[-70.660031606,-10.051465853],[-70.652058552,-10.040059992],[-70.672318355,-10.023134728],[-70.666529355,-10.013976478],[-70.66586773,-10.005624728],[-70.656892855,-9.999729478],[-70.667627481,-9.970693103],[-70.64852148,-9.951576228],[-70.646767605,-9.941470728],[-70.65089448,-9.931955103],[-70.641730047,-9.915176879],[-70.641604903,-9.908083359],[-70.635423635,-9.904465056],[-70.633479238,-9.898958457],[-70.639795752,-9.889388791],[-70.639539325,-9.884375987],[-70.613804494,-9.873393333],[-70.613464855,-10.129640603]]]]},"properties":{"name":"Madre de Dios","mapcolor":17,"cartodb_id":17}},{"type":"Feature","geometry":{"type":"MultiPolygon","coordinates":[[[[-70.79387673,-15.987212484],[-70.79535173,-15.992397234],[-70.775969981,-16.013399984],[-70.77070998,-16.013079984],[-70.76514998,-16.017729984],[-70.756396481,-16.013519484],[-70.74123998,-16.016179984],[-70.72894998,-16.031139984],[-70.72210998,-16.034189858],[-70.705402355,-16.031757858],[-70.68731248,-16.020693358],[-70.681851605,-16.021068358],[-70.673119106,-16.012021484],[-70.66834998,-16.013389983],[-70.665236356,-16.007464859],[-70.65632998,-16.003459984],[-70.64082223,-15.987636734],[-70.62476998,-16.003019984],[-70.612365355,-15.994767609],[-70.59271098,-15.991722609],[-70.586142605,-15.987742233],[-70.57761998,-15.990929983],[-70.56996998,-15.988979983],[-70.56288998,-15.982499983],[-70.560225105,-15.988298233],[-70.547661606,-15.996512858],[-70.537377105,-16.012085984],[-70.529977855,-16.014516858],[-70.52607548,-16.026723483],[-70.517658481,-16.033368858],[-70.510322355,-16.029986359],[-70.507324231,-16.038144483],[-70.482559605,-16.039474859],[-70.46577898,-16.050369109],[-70.447464856,-16.034470734],[-70.441121355,-16.035814234],[-70.434282231,-16.061878359],[-70.42009848,-16.069875733],[-70.416324105,-16.075838608],[-70.410932106,-16.075362858],[-70.40322873,-16.087231358],[-70.40665998,-16.101659984],[-70.401287105,-16.102527358],[-70.40111623,-16.105016108],[-70.408301605,-16.120795734],[-70.401942105,-16.149029733],[-70.388333105,-16.157290983],[-70.38411148,-16.167548358],[-70.373753105,-16.175917359],[-70.367229855,-16.189255858],[-70.368820355,-16.198982609],[-70.362279355,-16.206498609],[-70.357864105,-16.208782484],[-70.340278855,-16.200903358],[-70.334596605,-16.201568109],[-70.328560105,-16.205411984],[-70.32403323,-16.217872234],[-70.32783848,-16.234819109],[-70.33417098,-16.237575734],[-70.33625598,-16.245069859],[-70.345134855,-16.256101984],[-70.34028073,-16.270093234],[-70.347799855,-16.290836859],[-70.343841105,-16.297568859],[-70.34659548,-16.305602484],[-70.33875798,-16.322798359],[-70.346377355,-16.339472609],[-70.34561073,-16.348139484],[-70.356603855,-16.362225983],[-70.356603855,-16.367698734],[-70.370595105,-16.368650484],[-70.37147548,-16.374527859],[-70.38225698,-16.385923734],[-70.35655373,-16.400270609],[-70.360887605,-16.410831359],[-70.34868023,-16.415835234],[-70.332839855,-16.411470734],[-70.32505173,-16.417524984],[-70.315892855,-16.431591484],[-70.316735105,-16.444398609],[-70.306313855,-16.447205609],[-70.313401605,-16.468152984],[-70.30116998,-16.478671859],[-70.24352698,-16.504469984],[-70.22866623,-16.506075734],[-70.200494855,-16.539589734],[-70.184777979,-16.537608609],[-70.181202229,-16.543345359],[-70.180514605,-16.556864734],[-70.175455605,-16.561530734],[-70.176683605,-16.572164484],[-70.173085855,-16.584152984],[-70.17624373,-16.594152984],[-70.16916873,-16.600701235],[-70.16570598,-16.613324109],[-70.148760855,-16.615313359],[-70.137832355,-16.628574734],[-70.087845104,-16.655232234],[-70.08225573,-16.647595109],[-70.069502105,-16.639188859],[-70.055998105,-16.638624234],[-70.048611605,-16.627707984],[-70.031483229,-16.634632109],[-70.024624105,-16.631183734],[-70.020195854,-16.637398359],[-70.01323598,-16.640342984],[-70.00147173,-16.656573984],[-69.998390605,-16.675148359],[-70.011364729,-16.686910359],[-70.010453105,-16.699896485],[-69.996910355,-16.710258109],[-69.995302355,-16.728589485],[-70.01021398,-16.741339485],[-70.02624723,-16.740171484],[-70.03554198,-16.742889734],[-70.032208605,-16.752924859],[-70.057124979,-16.770164109],[-70.05387873,-16.774664734],[-70.057816355,-16.787812484],[-70.069559605,-16.798447484],[-70.081612104,-16.80173186],[-70.08533148,-16.80881961],[-70.090313855,-16.810854734],[-70.09111223,-16.870924109],[-70.094278854,-16.890924859],[-70.10559748,-16.897263734],[-70.11634973,-16.922163484],[-70.132267355,-16.93476761],[-70.14662498,-16.938730484],[-70.152003729,-16.933173985],[-70.14766948,-16.926438359],[-70.14837223,-16.921869734],[-70.169632855,-16.916714859],[-70.173689355,-16.912232359],[-70.18128923,-16.93211961],[-70.19628348,-16.943013984],[-70.218013355,-16.946352484],[-70.227033355,-16.95935536],[-70.239567605,-16.956953859],[-70.25245323,-16.944712484],[-70.253624605,-16.931768484],[-70.259306105,-16.920522609],[-70.259066355,-16.902033235],[-70.24121073,-16.856918109],[-70.23766323,-16.85484886],[-70.224744605,-16.857065859],[-70.21686523,-16.843314484],[-70.20482623,-16.839007859],[-70.19737023,-16.841841484],[-70.18406723,-16.834687484],[-70.182559605,-16.816506859],[-70.19425973,-16.818107359],[-70.204140605,-16.808271484],[-70.223015605,-16.810154234],[-70.24730048,-16.802464859],[-70.253301605,-16.798089609],[-70.25415898,-16.787565609],[-70.266042855,-16.779554234],[-70.26385523,-16.772666234],[-70.26657498,-16.770833484],[-70.291856855,-16.781345234],[-70.31129498,-16.773300734],[-70.317871105,-16.775294859],[-70.318007855,-16.77898436],[-70.32367573,-16.782994109],[-70.334816355,-16.785033235],[-70.34492573,-16.791464859],[-70.35399623,-16.789478484],[-70.358847605,-16.791710984],[-70.36016798,-16.796581984],[-70.37279498,-16.798179734],[-70.38523048,-16.81587111],[-70.40081823,-16.819228484],[-70.408660105,-16.829970735],[-70.42081448,-16.830998109],[-70.432601605,-16.839845735],[-70.440689355,-16.840046859],[-70.443787105,-16.854390609],[-70.450966856,-16.861816484],[-70.447753855,-16.874126984],[-70.450035105,-16.881019485],[-70.44157423,-16.892404359],[-70.45175198,-16.900005734],[-70.451691355,-16.913121109],[-70.459191355,-16.922738235],[-70.453657605,-16.929745735],[-70.46082223,-16.93447461],[-70.465016855,-16.944434109],[-70.44319923,-16.964277359],[-70.45044723,-16.98397661],[-70.46315848,-17.004367484],[-70.46190998,-17.012647734],[-70.453237981,-17.017959485],[-70.45337348,-17.024002735],[-70.448820605,-17.028419984],[-70.444083855,-17.045626984],[-70.43920123,-17.050363235],[-70.44635448,-17.062674609],[-70.448739355,-17.080669109],[-70.462208105,-17.081915734],[-70.468224355,-17.087525485],[-70.47998573,-17.084408985],[-70.491313605,-17.090208485],[-70.49513473,-17.110343734],[-70.516869105,-17.14285936],[-70.521140605,-17.158234359],[-70.527798605,-17.16830836],[-70.550020731,-17.18576086],[-70.55505048,-17.197663234],[-70.572507855,-17.19410936],[-70.58137023,-17.20165236],[-70.609978355,-17.214503859],[-70.617470731,-17.20876561],[-70.630029106,-17.21397461],[-70.633554355,-17.210844735],[-70.65109348,-17.209175359],[-70.684090731,-17.224264734],[-70.68812323,-17.239223985],[-70.692979356,-17.241175235],[-70.70119523,-17.25459961],[-70.704279105,-17.26720511],[-70.715917105,-17.27365211],[-70.713207106,-17.286031359],[-70.705652231,-17.291179735],[-70.733868231,-17.32319111],[-70.746702855,-17.351353609],[-70.752404105,-17.38057336],[-70.742659731,-17.39628761],[-70.735578355,-17.401229985],[-70.73671998,-17.408279984],[-70.751151355,-17.422380984],[-70.754629605,-17.43757811],[-70.763565856,-17.44052111],[-70.770040855,-17.44774511],[-70.77997998,-17.450599985],[-70.809779981,-17.485819985],[-70.82293998,-17.495779985],[-70.84375998,-17.524659985],[-70.85602998,-17.531599985],[-70.86394998,-17.539439985],[-70.86675998,-17.547379985],[-70.87995998,-17.555669985],[-70.88407998,-17.581639985],[-70.893159981,-17.59284986],[-70.896469981,-17.610819985],[-70.903889981,-17.622559985],[-70.912499981,-17.687369985],[-70.93143998,-17.687549985],[-70.95627998,-17.675959985],[-70.96455998,-17.676019985],[-70.98316223,-17.684626985],[-70.992996231,-17.67911911],[-71.003349605,-17.683699235],[-71.005142605,-17.69259961],[-71.01711323,-17.70921086],[-71.02691598,-17.703874985],[-71.035789106,-17.709658235],[-71.049376231,-17.708826985],[-71.05792398,-17.718075235],[-71.07347848,-17.713753985],[-71.082191356,-17.71668361],[-71.084400231,-17.72029711],[-71.082955106,-17.735802735],[-71.094238231,-17.73324411],[-71.102150356,-17.741683611],[-71.103142605,-17.75527536],[-71.121489856,-17.785629985],[-71.12106998,-17.802399986],[-71.126279981,-17.812829985],[-71.142048856,-17.82135736],[-71.159736356,-17.81574411],[-71.168744106,-17.80936911],[-71.167966731,-17.80434186],[-71.174787105,-17.80300586],[-71.176990231,-17.78984761],[-71.184894481,-17.78120686],[-71.349199231,-17.693449235],[-71.363374981,-17.69265236],[-71.368193356,-17.70616211],[-71.381453106,-17.70717386],[-71.379923856,-17.70093361],[-71.370660106,-17.69151961],[-71.372218731,-17.681712735],[-71.366841856,-17.67400586],[-71.362724731,-17.673247985],[-71.358540981,-17.65971861],[-71.350900356,-17.653177735],[-71.341081981,-17.636988235],[-71.344533231,-17.612874985],[-71.358173856,-17.58932036],[-71.357550731,-17.568634735],[-71.365546856,-17.545363235],[-71.360744106,-17.53950786],[-71.367865231,-17.52101561],[-71.366478481,-17.51446486],[-71.361154356,-17.509447235],[-71.365248106,-17.496482485],[-71.362953106,-17.48878511],[-71.372839856,-17.47499611],[-71.373062481,-17.466478485],[-71.381138731,-17.44998236],[-71.387257731,-17.430126985],[-71.383343731,-17.42030861],[-71.387361356,-17.41324611],[-71.384937481,-17.40914261],[-71.394355481,-17.38941211],[-71.403761731,-17.38402536],[-71.405769481,-17.385800735],[-71.405451231,-17.38254686],[-71.413035106,-17.380794985],[-71.415054731,-17.37662111],[-71.418804731,-17.37748636],[-71.424667981,-17.36363286],[-71.432790981,-17.366648485],[-71.431392606,-17.350523485],[-71.436199231,-17.339634735],[-71.443242232,-17.337484359],[-71.444714731,-17.33223636],[-71.450035106,-17.334759735],[-71.454322231,-17.33128911],[-71.458107481,-17.332419985],[-71.458976606,-17.32779886],[-71.468146481,-17.323947235],[-71.469890606,-17.31881836],[-71.476884732,-17.322810484],[-71.476326231,-17.31414261],[-71.470773482,-17.30435161],[-71.472537106,-17.297158235],[-71.490798981,-17.28500561],[-71.484119981,-17.27985636],[-71.479299981,-17.27024636],[-71.471199981,-17.26522636],[-71.465549981,-17.254502735],[-71.440956106,-17.25171661],[-71.436481731,-17.244054735],[-71.423515356,-17.23661611],[-71.408589731,-17.209682484],[-71.380859356,-17.185708985],[-71.355316106,-17.151273734],[-71.326980606,-17.136486109],[-71.316329981,-17.124738735],[-71.313995356,-17.119306609],[-71.316245981,-17.115657859],[-71.30583948,-17.103668235],[-71.302246106,-17.09385111],[-71.308723481,-17.088752734],[-71.309860231,-17.081535359],[-71.315292356,-17.079431484],[-71.315887481,-17.065282859],[-71.324691856,-17.060308484],[-71.325813356,-17.056396485],[-71.319053606,-17.041454359],[-71.33122248,-17.033288985],[-71.339424106,-17.021758984],[-71.357315106,-17.024354985],[-71.363899231,-17.019876484],[-71.365234356,-17.014110609],[-71.372337356,-17.019037235],[-71.385787981,-17.020501984],[-71.389160106,-17.002500484],[-71.394882106,-16.992849359],[-71.395439106,-16.985786484],[-71.390830981,-16.978069359],[-71.401985106,-16.968997984],[-71.404571481,-16.956764235],[-71.421142606,-16.95476336],[-71.432853731,-16.96051211],[-71.444610606,-16.956321735],[-71.458953856,-16.960912734],[-71.464019731,-16.956464735],[-71.465942356,-16.95056911],[-71.460411106,-16.944534359],[-71.459846481,-16.937362609],[-71.453979481,-16.933252359],[-71.441322356,-16.932466485],[-71.441085856,-16.927987985],[-71.431190481,-16.92653661],[-71.424400356,-16.918313984],[-71.425491356,-16.906383359],[-71.422485356,-16.896398484],[-71.433044481,-16.884872485],[-71.441154481,-16.863100109],[-71.442031856,-16.84354786],[-71.435501106,-16.836147359],[-71.443229731,-16.825969734],[-71.444305481,-16.804674109],[-71.433601356,-16.789268485],[-71.433456481,-16.78128436],[-71.428565981,-16.771730485],[-71.429679856,-16.751335109],[-71.422927856,-16.737897859],[-71.417678856,-16.738304109],[-71.400901856,-16.728143735],[-71.394561731,-16.731199234],[-71.370407106,-16.719858109],[-71.364448606,-16.720344484],[-71.350685106,-16.727397859],[-71.346984856,-16.742242984],[-71.332649356,-16.747089359],[-71.327171356,-16.752445235],[-71.312843356,-16.743671359],[-71.311431856,-16.73867986],[-71.289092981,-16.726457609],[-71.285812356,-16.71635436],[-71.296012856,-16.706266359],[-71.293640106,-16.690559359],[-71.28390498,-16.682239484],[-71.279151856,-16.615821859],[-71.274177606,-16.607513484],[-71.26040648,-16.605201734],[-71.259300231,-16.591058734],[-71.262840231,-16.584911234],[-71.249099731,-16.564100359],[-71.242263856,-16.523179984],[-71.237495481,-16.514591234],[-71.236564606,-16.503356984],[-71.249343856,-16.482358984],[-71.243583731,-16.475603109],[-71.246047981,-16.467639984],[-71.242103606,-16.463064234],[-71.236206106,-16.466009109],[-71.219139106,-16.460565609],[-71.206344606,-16.463804234],[-71.197029106,-16.471658734],[-71.157928356,-16.470966359],[-71.139518731,-16.474973734],[-71.135360731,-16.467872609],[-71.124725356,-16.461072984],[-71.108459481,-16.465705859],[-71.105468731,-16.461219734],[-71.099159231,-16.464170484],[-71.093399106,-16.462289859],[-71.09120173,-16.457168609],[-71.081939731,-16.456857734],[-71.072654856,-16.465755484],[-71.06494898,-16.461805359],[-71.053848231,-16.462203984],[-71.047195481,-16.454402984],[-71.047462481,-16.460439734],[-71.041824356,-16.465949984],[-71.04475398,-16.469610234],[-71.042716981,-16.477094609],[-71.037773105,-16.479398734],[-71.037257855,-16.485685609],[-71.019241356,-16.486890734],[-71.012565606,-16.498578984],[-71.006210356,-16.495510109],[-71.001052855,-16.498409234],[-70.993453981,-16.496553359],[-70.979522731,-16.480573609],[-70.965881356,-16.480720484],[-70.95608523,-16.472520859],[-70.953231855,-16.459947609],[-70.963699356,-16.449422984],[-70.964935356,-16.436477609],[-70.973701481,-16.425865359],[-70.97561648,-16.418321609],[-70.974807731,-16.410848609],[-70.96800998,-16.408237484],[-70.963829106,-16.399740234],[-70.975097605,-16.391029359],[-70.969398605,-16.369607984],[-70.975814856,-16.361701984],[-70.972763106,-16.353748359],[-70.978675856,-16.347211859],[-70.980010981,-16.331798609],[-70.986259481,-16.323148733],[-70.986289981,-16.309946108],[-70.957015981,-16.308402984],[-70.943611106,-16.314405484],[-70.939109856,-16.298932984],[-70.915786731,-16.282400109],[-70.901466355,-16.277702359],[-70.887649481,-16.284862484],[-70.880805981,-16.284543984],[-70.876480105,-16.281553234],[-70.867576605,-16.258640233],[-70.853881856,-16.241466484],[-70.844474731,-16.235877984],[-70.847663856,-16.229299484],[-70.866958605,-16.224584609],[-70.866531356,-16.218389483],[-70.854423481,-16.205253609],[-70.853889481,-16.196687733],[-70.86024473,-16.175571483],[-70.87430573,-16.171035734],[-70.87859348,-16.166616484],[-70.867828356,-16.153865859],[-70.86724848,-16.147106109],[-70.872009231,-16.141185733],[-70.867111231,-16.128484734],[-70.88613123,-16.118141234],[-70.895706106,-16.106281234],[-70.890365606,-16.100437109],[-70.884803856,-16.100900609],[-70.875060981,-16.094577734],[-70.878105105,-16.081443734],[-70.86680598,-16.080081983],[-70.865852355,-16.069673484],[-70.85673523,-16.056337358],[-70.80451198,-16.055133983],[-70.807357731,-16.040828734],[-70.82094573,-16.029750858],[-70.81398773,-16.015001358],[-70.816558855,-16.002756109],[-70.827552855,-16.000257484],[-70.829101605,-15.995490108],[-70.820198106,-15.978467984],[-70.807509105,-15.988016983],[-70.802996481,-15.976944609],[-70.799969605,-15.975963609],[-70.794770605,-15.981267858],[-70.79387673,-15.987212484]]]]},"properties":{"name":"Moquegua","mapcolor":18,"cartodb_id":18}},{"type":"Feature","geometry":{"type":"MultiPolygon","coordinates":[[[[-74.680047609,-9.447271977],[-74.662603485,-9.454945727],[-74.622449609,-9.461111727],[-74.608312984,-9.472090103],[-74.581092484,-9.476601727],[-74.578217359,-9.482168978],[-74.583177734,-9.498438977],[-74.593494359,-9.507361853],[-74.582943984,-9.523388602],[-74.582380859,-9.533739103],[-74.574447234,-9.545777977],[-74.574849984,-9.572717602],[-74.537581359,-9.585015603],[-74.531653859,-9.592102852],[-74.510005484,-9.594325727],[-74.493829359,-9.592224853],[-74.495423859,-9.603740228],[-74.493893233,-9.616120477],[-74.490725859,-9.618784478],[-74.493751734,-9.633825977],[-74.497290734,-9.637597978],[-74.494031109,-9.648937102],[-74.489467484,-9.651963977],[-74.494636484,-9.656154978],[-74.491184109,-9.666857603],[-74.492580609,-9.672994602],[-74.489098984,-9.676492228],[-74.490140359,-9.685195728],[-74.484667984,-9.692296727],[-74.485552734,-9.702220728],[-74.481093359,-9.705514477],[-74.474089609,-9.730123978],[-74.465479484,-9.734332727],[-74.455361359,-9.745982478],[-74.447240234,-9.777149853],[-74.451148484,-9.810667728],[-74.448339484,-9.816209728],[-74.450474609,-9.854990228],[-74.453300859,-9.863636228],[-74.450203359,-9.870225978],[-74.437570484,-9.872381978],[-74.433101609,-9.876058603],[-74.430464484,-9.884498602],[-74.414976984,-9.900957853],[-74.410988859,-9.914670228],[-74.416646484,-9.930824228],[-74.411421859,-9.935278478],[-74.415599609,-9.946210103],[-74.411194234,-9.957568853],[-74.424587234,-9.985330978],[-74.412398484,-10.008240228],[-74.413942484,-10.020339978],[-74.418828109,-10.025749978],[-74.404321859,-10.050601478],[-74.399608109,-10.053093103],[-74.389898984,-10.051349478],[-74.385332484,-10.064473228],[-74.377790609,-10.072890478],[-74.380155359,-10.088411853],[-74.377090108,-10.099873978],[-74.366966734,-10.112896478],[-74.355229483,-10.118777353],[-74.331274109,-10.108545728],[-74.315018983,-10.113156228],[-74.312994859,-10.124815603],[-74.308308983,-10.131184603],[-74.307090734,-10.153128479],[-74.302873233,-10.164837728],[-74.285218609,-10.171804728],[-74.266845484,-10.171692728],[-74.262205109,-10.176870853],[-74.256149859,-10.174729228],[-74.245427484,-10.176653228],[-74.230606733,-10.186316603],[-74.227335858,-10.198751978],[-74.235170609,-10.218259853],[-74.226395108,-10.230497603],[-74.225976859,-10.243235853],[-74.229135608,-10.251142728],[-74.223964359,-10.256198979],[-74.228368859,-10.265666603],[-74.227157734,-10.277329729],[-74.234370859,-10.295435353],[-74.246088234,-10.297179603],[-74.252194984,-10.305131104],[-74.250168484,-10.314449353],[-74.241349109,-10.315709353],[-74.236914108,-10.321605728],[-74.253257734,-10.340740229],[-74.262742358,-10.363661103],[-74.259456109,-10.365005478],[-74.252883608,-10.378822478],[-74.242004608,-10.383165103],[-74.246834109,-10.405933729],[-74.244240984,-10.410445978],[-74.252360859,-10.413178228],[-74.252883608,-10.417136728],[-74.244892234,-10.422887604],[-74.245116234,-10.431103104],[-74.239290734,-10.441185729],[-74.225772484,-10.443874478],[-74.225025609,-10.451417853],[-74.215252608,-10.453273478],[-74.192754484,-10.473905728],[-74.189587484,-10.481975104],[-74.178719358,-10.488645353],[-74.177527234,-10.499483229],[-74.182350109,-10.503330729],[-74.169204359,-10.531628853],[-74.156917358,-10.549197478],[-74.154302733,-10.565523228],[-74.141498233,-10.583368353],[-74.132673484,-10.604910853],[-74.137807233,-10.608866229],[-74.139557358,-10.615057479],[-74.139030234,-10.627609104],[-74.130981484,-10.654742479],[-74.137256859,-10.667675353],[-74.135515608,-10.671477354],[-74.140613734,-10.667061853],[-74.140454108,-10.656765853],[-74.149710358,-10.650494478],[-74.156720983,-10.650095478],[-74.159855734,-10.640591353],[-74.170793108,-10.636752479],[-74.192755108,-10.639176104],[-74.203680609,-10.630143854],[-74.215461109,-10.635239354],[-74.229664983,-10.634598353],[-74.227578109,-10.651839854],[-74.245737609,-10.654504228],[-74.252809359,-10.659479978],[-74.259927859,-10.669351353],[-74.258920484,-10.680431978],[-74.271052234,-10.678855229],[-74.286881109,-10.670412103],[-74.287573983,-10.684307479],[-74.310969734,-10.714914478],[-74.317161983,-10.715499604],[-74.316442858,-10.725930604],[-74.337021484,-10.733857479],[-74.349338359,-10.745562104],[-74.350299109,-10.754733854],[-74.356588359,-10.753903979],[-74.359716234,-10.759411978],[-74.367322859,-10.752175479],[-74.372246608,-10.753488479],[-74.383899859,-10.747480479],[-74.385212609,-10.764484979],[-74.374396484,-10.788568354],[-74.386764859,-10.813115853],[-74.400515234,-10.811476478],[-74.421536984,-10.816103854],[-74.431056359,-10.812957229],[-74.458318734,-10.828267479],[-74.467302484,-10.836658853],[-74.482675609,-10.835391229],[-74.491928234,-10.844609978],[-74.491720484,-10.848758354],[-74.484542109,-10.855873229],[-74.488544109,-10.871754603],[-74.485431359,-10.880139979],[-74.487083109,-10.889033479],[-74.503218484,-10.894179104],[-74.506712484,-10.899515229],[-74.515872359,-10.896059728],[-74.539452609,-10.896141229],[-74.542223109,-10.891765104],[-74.547996109,-10.890996604],[-74.558661609,-10.896376854],[-74.565719234,-10.904605479],[-74.569232234,-10.904035854],[-74.571067859,-10.915840729],[-74.614102484,-10.904625479],[-74.623535359,-10.890903228],[-74.632806984,-10.886811604],[-74.634165484,-10.873556228],[-74.642612234,-10.867962229],[-74.649298234,-10.867070729],[-74.657811859,-10.873957354],[-74.665746109,-10.872909979],[-74.679180859,-10.879071479],[-74.678092984,-10.883652229],[-74.681346859,-10.889157104],[-74.690845609,-10.886795354],[-74.700314234,-10.877675479],[-74.700641609,-10.871275604],[-74.707946609,-10.858164728],[-74.722125109,-10.847876103],[-74.733168984,-10.833917979],[-74.740010984,-10.836424104],[-74.760363109,-10.825142229],[-74.768159234,-10.830481353],[-74.776126484,-10.826647479],[-74.79482686,-10.829872354],[-74.831310984,-10.780536479],[-74.841097734,-10.763174229],[-74.851135484,-10.732970103],[-74.869713735,-10.707673979],[-74.878570984,-10.700463229],[-74.885696609,-10.704324103],[-74.88753936,-10.710735979],[-74.871079734,-10.737930603],[-74.865936234,-10.758972104],[-74.873791734,-10.763427729],[-74.881384859,-10.763483353],[-74.885238734,-10.770597604],[-74.893307609,-10.769165604],[-74.913284734,-10.748385353],[-74.918009735,-10.755129854],[-74.938289859,-10.749601979],[-74.95648161,-10.732823728],[-74.960629734,-10.738998479],[-74.982817609,-10.749787104],[-74.987524109,-10.745053854],[-74.987341609,-10.734156729],[-75.006489609,-10.718802229],[-75.008782734,-10.710623478],[-75.00731211,-10.687391353],[-75.011729485,-10.679525604],[-75.020700609,-10.673694478],[-75.025051609,-10.680467604],[-75.035639234,-10.682317729],[-75.039212859,-10.672782603],[-75.054441485,-10.657078103],[-75.065072859,-10.652894478],[-75.074316485,-10.665810479],[-75.071622734,-10.677849603],[-75.079736734,-10.683266854],[-75.088447234,-10.683537104],[-75.087826735,-10.688684229],[-75.095796484,-10.699763353],[-75.097734235,-10.708399103],[-75.10963986,-10.723993354],[-75.130040234,-10.739923603],[-75.142329984,-10.741249979],[-75.148699984,-10.751229979],[-75.152899984,-10.751679979],[-75.157083109,-10.761979479],[-75.174698984,-10.745437478],[-75.189948984,-10.780401978],[-75.204183984,-10.764676229],[-75.219040859,-10.764368729],[-75.229729984,-10.759429978],[-75.243899985,-10.763879979],[-75.243139985,-10.789369979],[-75.247959985,-10.803099979],[-75.257519985,-10.809909979],[-75.264249984,-10.828049979],[-75.271679985,-10.830169978],[-75.284529985,-10.841649979],[-75.28894261,-10.842177604],[-75.291293859,-10.838195854],[-75.30427461,-10.838236354],[-75.31047336,-10.827749478],[-75.326830734,-10.819018854],[-75.33781586,-10.801276229],[-75.347889984,-10.800289979],[-75.353399984,-10.804109979],[-75.36188636,-10.819174103],[-75.35526436,-10.820267104],[-75.354728485,-10.828539854],[-75.362737735,-10.850112478],[-75.378970735,-10.856117229],[-75.38572736,-10.864936854],[-75.396292234,-10.853229854],[-75.410721985,-10.861700603],[-75.407737859,-10.853804479],[-75.40933986,-10.845208979],[-75.40168161,-10.845067104],[-75.390759985,-10.832259979],[-75.386889985,-10.800289979],[-75.396469985,-10.769059979],[-75.39502461,-10.759018478],[-75.413499985,-10.750819979],[-75.424449985,-10.754819979],[-75.435909985,-10.747459979],[-75.447412484,-10.751576604],[-75.460789985,-10.749769978],[-75.464869985,-10.752109979],[-75.463849985,-10.758929978],[-75.469709985,-10.776199979],[-75.477889984,-10.780959978],[-75.481819985,-10.778659978],[-75.482929984,-10.765499978],[-75.490249985,-10.756829978],[-75.495079985,-10.755069979],[-75.498329985,-10.758669853],[-75.502789985,-10.758049979],[-75.509239985,-10.753919978],[-75.514469985,-10.756369978],[-75.523079984,-10.753669979],[-75.531629985,-10.743179979],[-75.542479985,-10.740969978],[-75.549739985,-10.745659979],[-75.556919985,-10.744069979],[-75.567769985,-10.727119979],[-75.573960485,-10.744009478],[-75.576514235,-10.781023354],[-75.58409586,-10.801567104],[-75.589179234,-10.805825103],[-75.590050234,-10.811339729],[-75.601471485,-10.813932229],[-75.606621735,-10.823115979],[-75.63663986,-10.827054979],[-75.649769985,-10.823379979],[-75.666299985,-10.828679979],[-75.678549985,-10.840179979],[-75.69296286,-10.835138729],[-75.68852761,-10.827315729],[-75.69325261,-10.817219354],[-75.70868711,-10.815665228],[-75.720899985,-10.808811353],[-75.73280686,-10.809264478],[-75.742759985,-10.822329978],[-75.758569985,-10.830089979],[-75.789139985,-10.825269978],[-75.815447485,-10.846981604],[-75.818655735,-10.857993729],[-75.815578861,-10.872493228],[-75.829996236,-10.875996478],[-75.836967985,-10.886036729],[-75.84931561,-10.880883104],[-75.85151761,-10.873263354],[-75.85825936,-10.867856978],[-75.86176186,-10.868413479],[-75.86478186,-10.876585979],[-75.876069985,-10.867495229],[-75.913160236,-10.872001103],[-75.920499235,-10.882058604],[-75.930585485,-10.883385479],[-75.93592386,-10.889722604],[-75.93859611,-10.880564604],[-75.937146485,-10.871507853],[-75.95573211,-10.858778229],[-75.961628485,-10.843959853],[-75.97019061,-10.843227854],[-75.97887686,-10.832147229],[-75.994760985,-10.820957353],[-76.007381735,-10.829383478],[-76.00880286,-10.838700104],[-76.035209986,-10.864249978],[-76.045509985,-10.880739979],[-76.068079986,-10.886619979],[-76.082139986,-10.895139978],[-76.091539985,-10.906659979],[-76.098959986,-10.930309979],[-76.109149985,-10.938939979],[-76.110009985,-10.946719979],[-76.116189985,-10.950629978],[-76.122929985,-10.962639979],[-76.12460936,-10.961292854],[-76.120095735,-10.955640603],[-76.12252536,-10.952339979],[-76.135560485,-10.946441354],[-76.13986911,-10.950466729],[-76.146238235,-10.945814478],[-76.159247986,-10.950240229],[-76.167812485,-10.947576104],[-76.16802736,-10.953679729],[-76.171462735,-10.952255854],[-76.181058611,-10.958439479],[-76.190904235,-10.960310479],[-76.199062486,-10.945882854],[-76.207945361,-10.943062479],[-76.207898486,-10.936119229],[-76.212843736,-10.932372979],[-76.207617236,-10.927294854],[-76.20979686,-10.918966729],[-76.229197235,-10.915589854],[-76.229699236,-10.919447229],[-76.23410336,-10.918046854],[-76.249464861,-10.924531229],[-76.265896486,-10.920122978],[-76.26101561,-10.912810479],[-76.26222661,-10.908970729],[-76.27003511,-10.916535104],[-76.281697236,-10.913917979],[-76.279081986,-10.920312479],[-76.281919861,-10.922804729],[-76.278859235,-10.923451354],[-76.276242861,-10.932344978],[-76.27660436,-10.950727353],[-76.272482486,-10.950611479],[-76.27282961,-10.956483479],[-76.269155985,-10.955254103],[-76.26552586,-10.959014354],[-76.269850235,-10.961776854],[-76.267599986,-10.966159979],[-76.271739986,-10.966159979],[-76.272780861,-10.971586604],[-76.268463986,-10.976526479],[-76.269409735,-10.979463729],[-76.265871736,-10.980131229],[-76.26374561,-10.998587354],[-76.255671111,-11.002395104],[-76.25980286,-11.005352104],[-76.256278736,-11.010969229],[-76.259951485,-11.015006479],[-76.253443111,-11.022878479],[-76.259667861,-11.027401854],[-76.251026235,-11.032060479],[-76.251089986,-11.039969979],[-76.24346911,-11.041311104],[-76.245169986,-11.045779979],[-76.23957036,-11.049199104],[-76.245169986,-11.070539979],[-76.244139985,-11.076579979],[-76.250189986,-11.089129979],[-76.250149986,-11.105199979],[-76.244509985,-11.114299854],[-76.23859011,-11.115349979],[-76.229529986,-11.128499979],[-76.225589986,-11.129229979],[-76.214629985,-11.150309979],[-76.227159986,-11.155769979],[-76.241529985,-11.143099979],[-76.257769985,-11.151749979],[-76.280249985,-11.138169979],[-76.30790036,-11.132664104],[-76.317878861,-11.110421854],[-76.318070235,-11.091642604],[-76.335509736,-11.082533229],[-76.350958986,-11.094193354],[-76.359306485,-11.087544979],[-76.383570735,-11.080257729],[-76.383353485,-11.074080104],[-76.389496111,-11.070988229],[-76.393263235,-11.070810104],[-76.397216736,-11.075761729],[-76.425904361,-11.075636729],[-76.43366211,-11.080093729],[-76.446806611,-11.071247354],[-76.451919861,-11.079806604],[-76.458241736,-11.078468979],[-76.461197236,-11.084128854],[-76.477523486,-11.083099604],[-76.493523486,-11.088599604],[-76.514679735,-11.068712854],[-76.526511736,-11.051543354],[-76.532990236,-11.034126979],[-76.556396361,-11.022853479],[-76.564005736,-11.022909229],[-76.569251986,-11.013484479],[-76.574674236,-11.016607604],[-76.578945986,-11.014776979],[-76.577947361,-10.994028479],[-76.581603486,-10.984984354],[-76.574217361,-10.979719979],[-76.565021236,-10.963932229],[-76.56895636,-10.951765979],[-76.571693486,-10.917769729],[-76.575744861,-10.913610229],[-76.575418236,-10.906100853],[-76.578594486,-10.901945354],[-76.583877611,-10.853608728],[-76.589258986,-10.836704979],[-76.601576736,-10.815868354],[-76.614132236,-10.816996354],[-76.617723736,-10.814592104],[-76.626984361,-10.798771729],[-76.625559736,-10.792004353],[-76.633486486,-10.784528479],[-76.629952611,-10.781675103],[-76.627848861,-10.765960479],[-76.63421686,-10.752492604],[-76.642240861,-10.746398354],[-76.649954111,-10.726390604],[-76.648749986,-10.721383603],[-76.654475111,-10.712954229],[-76.653341736,-10.707693479],[-76.657559486,-10.701038979],[-76.659432986,-10.687925479],[-76.670953861,-10.677813978],[-76.660503236,-10.663354353],[-76.655655361,-10.646781853],[-76.661340861,-10.635234854],[-76.675573611,-10.621372479],[-76.672703111,-10.609890228],[-76.675373361,-10.601923854],[-76.681764986,-10.598640603],[-76.680205127,-10.591075835],[-76.685468611,-10.588005104],[-76.685862308,-10.581457151],[-76.7037197,-10.588593549],[-76.703822236,-10.570140729],[-76.709371111,-10.558758478],[-76.710187986,-10.540740603],[-76.716872236,-10.522977853],[-76.730240611,-10.508402604],[-76.728151736,-10.488420103],[-76.725054361,-10.485714729],[-76.729150718,-10.479066058],[-76.725333676,-10.477669067],[-76.715663736,-10.462464854],[-76.700875611,-10.461008728],[-76.697505486,-10.455705104],[-76.696819986,-10.442486353],[-76.680121736,-10.437689853],[-76.670994111,-10.440321604],[-76.665248486,-10.438556604],[-76.658824861,-10.421299853],[-76.651379486,-10.419534354],[-76.648976236,-10.415835978],[-76.620394236,-10.415248103],[-76.606320611,-10.403977229],[-76.593358986,-10.401493979],[-76.593380486,-10.387240229],[-76.585095361,-10.385826228],[-76.578103111,-10.375503854],[-76.558243736,-10.393429729],[-76.551880486,-10.384644479],[-76.531895361,-10.386872978],[-76.523839986,-10.377215979],[-76.509841486,-10.382099603],[-76.490941111,-10.378896478],[-76.492312111,-10.371025353],[-76.485552736,-10.365188354],[-76.486581736,-10.352435603],[-76.480686986,-10.347138978],[-76.475991486,-10.347316853],[-76.472804361,-10.337767603],[-76.493976111,-10.310531228],[-76.483101861,-10.312515229],[-76.47255086,-10.309908478],[-76.459151611,-10.316429978],[-76.449201611,-10.316229978],[-76.446769985,-10.320869978],[-76.424939986,-10.319219978],[-76.400679985,-10.308429978],[-76.387219986,-10.289289978],[-76.370749986,-10.294469978],[-76.364499985,-10.299469978],[-76.353039861,-10.296579978],[-76.342079986,-10.285839978],[-76.335789986,-10.286319979],[-76.325759985,-10.305529978],[-76.330679861,-10.316119979],[-76.321969985,-10.325389978],[-76.316849986,-10.340989978],[-76.323409985,-10.359579979],[-76.312619986,-10.383459978],[-76.309309986,-10.405619978],[-76.305517111,-10.412544729],[-76.29826386,-10.409679853],[-76.285287486,-10.416419978],[-76.274705361,-10.402464729],[-76.278246361,-10.394706978],[-76.272765985,-10.389142604],[-76.274494486,-10.383408228],[-76.269476861,-10.368988229],[-76.232149985,-10.388759978],[-76.226329985,-10.396929978],[-76.230888611,-10.371790978],[-76.21883786,-10.376183603],[-76.205396486,-10.376562479],[-76.202313486,-10.378246478],[-76.207169986,-10.388709979],[-76.20040236,-10.388611353],[-76.185396736,-10.395463103],[-76.179949236,-10.406068354],[-76.166685485,-10.413556479],[-76.151966735,-10.408251978],[-76.142552736,-10.408593728],[-76.13985736,-10.415310604],[-76.133052736,-10.419205103],[-76.12963086,-10.430800728],[-76.118804735,-10.426373103],[-76.10895036,-10.429954728],[-76.104187485,-10.435546853],[-76.092892486,-10.429281229],[-76.085158235,-10.434115228],[-76.078268735,-10.434153729],[-76.074305986,-10.440985853],[-76.078283236,-10.451988229],[-76.07250386,-10.452417978],[-76.057640611,-10.465152354],[-76.05128236,-10.464891353],[-76.04772661,-10.456699228],[-76.03922261,-10.454577978],[-76.031669861,-10.455927729],[-76.029386735,-10.465429729],[-76.02493986,-10.467438979],[-76.022437485,-10.461497979],[-76.012208985,-10.454611353],[-76.003113235,-10.488806603],[-75.97673586,-10.479903103],[-75.958479986,-10.456959978],[-75.943349985,-10.428499978],[-75.931649985,-10.418389978],[-75.92504986,-10.406559979],[-75.93453986,-10.374979978],[-75.930219986,-10.365579979],[-75.925749986,-10.362889978],[-75.924939985,-10.356719978],[-75.914109985,-10.348549978],[-75.893539986,-10.324279978],[-75.856399985,-10.301709979],[-75.848949985,-10.290749978],[-75.839679985,-10.257389978],[-75.826679985,-10.248069978],[-75.812709985,-10.244089978],[-75.784769485,-10.252160103],[-75.759529235,-10.237679603],[-75.75193936,-10.240169853],[-75.74139061,-10.233060478],[-75.72867961,-10.232771478],[-75.70942961,-10.215070228],[-75.70073036,-10.197339853],[-75.699281235,-10.171165978],[-75.705736235,-10.159091728],[-75.702851485,-10.153886728],[-75.703863235,-10.141900353],[-75.699966735,-10.126939353],[-75.68991211,-10.118878853],[-75.69327336,-10.106564353],[-75.68973436,-10.099960853],[-75.69140036,-10.092257728],[-75.686552735,-10.091781228],[-75.68479686,-10.088093728],[-75.68107811,-10.072806603],[-75.68274411,-10.069206978],[-75.676884735,-10.062425728],[-75.676468735,-10.054275353],[-75.672365235,-10.047671853],[-75.661062485,-10.044728478],[-75.64517961,-10.026927728],[-75.602079485,-10.024774853],[-75.595221235,-10.009620353],[-75.597599735,-9.996375353],[-75.59496336,-9.989241603],[-75.59761486,-9.974070353],[-75.59497636,-9.966036978],[-75.597868735,-9.959693103],[-75.59643336,-9.953708103],[-75.59227336,-9.951962353],[-75.58448111,-9.958133853],[-75.56038236,-9.964135728],[-75.56014211,-9.971872228],[-75.54837861,-9.984414978],[-75.537102235,-9.979958978],[-75.51554761,-9.981102603],[-75.508584485,-9.976916478],[-75.508019985,-9.979139978],[-75.484522485,-9.982048853],[-75.474552485,-9.992174603],[-75.467775985,-9.989058978],[-75.46230861,-9.957284478],[-75.453695985,-9.955768228],[-75.449551735,-9.941551603],[-75.44174061,-9.936257728],[-75.421442109,-9.943435103],[-75.41093786,-9.931610853],[-75.40478361,-9.930212103],[-75.395547235,-9.912776853],[-75.39856086,-9.906964353],[-75.409600485,-9.902007603],[-75.41118161,-9.888426103],[-75.39959586,-9.878455603],[-75.369355985,-9.870832602],[-75.321220735,-9.876909478],[-75.306091735,-9.871870102],[-75.28822436,-9.870699603],[-75.282407985,-9.864731353],[-75.283082235,-9.861452227],[-75.27573661,-9.852069853],[-75.279218985,-9.838239728],[-75.29371711,-9.814186977],[-75.29987886,-9.788590853],[-75.31063861,-9.774671853],[-75.298789109,-9.777736353],[-75.28606461,-9.775802727],[-75.274478109,-9.780124478],[-75.25465036,-9.779002228],[-75.231072235,-9.792294978],[-75.202605609,-9.815369103],[-75.160124984,-9.839974603],[-75.135185485,-9.838611353],[-75.111480484,-9.845947228],[-75.094467859,-9.844477728],[-75.077744484,-9.837576103],[-75.057789235,-9.818918603],[-75.052686485,-9.823029603],[-75.043259734,-9.822853478],[-75.035210984,-9.830795353],[-75.021735359,-9.830939978],[-75.013093484,-9.838103602],[-74.993615985,-9.839797228],[-74.985552859,-9.864063727],[-74.951624485,-9.859909103],[-74.90339186,-9.838888103],[-74.903438734,-9.834401978],[-74.882351484,-9.819738102],[-74.876593109,-9.822041353],[-74.859458359,-9.844518103],[-74.85260036,-9.848356728],[-74.835002609,-9.847105978],[-74.830398609,-9.833807603],[-74.83525936,-9.828864977],[-74.836238984,-9.820048353],[-74.826152609,-9.819685603],[-74.823794234,-9.815912227],[-74.826043734,-9.807168352],[-74.823032359,-9.800492478],[-74.815599609,-9.795428353],[-74.821365734,-9.784920478],[-74.830040109,-9.782910603],[-74.842522735,-9.787459353],[-74.847071359,-9.780477478],[-74.839296234,-9.764927227],[-74.844744109,-9.753819853],[-74.843798859,-9.749148478],[-74.831634734,-9.745630853],[-74.81684361,-9.736433603],[-74.816374734,-9.733568478],[-74.821270734,-9.730661478],[-74.823002359,-9.715198478],[-74.828767734,-9.703963103],[-74.817751735,-9.691264103],[-74.821882734,-9.677188102],[-74.818057734,-9.671068103],[-74.808418734,-9.675505103],[-74.800144484,-9.666724103],[-74.787477985,-9.665769727],[-74.781646984,-9.652962477],[-74.76481486,-9.635716103],[-74.763734359,-9.626640602],[-74.772485734,-9.612379103],[-74.765225609,-9.605020853],[-74.755739359,-9.606544852],[-74.755848984,-9.584049103],[-74.735593735,-9.574445227],[-74.748054609,-9.542912103],[-74.746421859,-9.538351603],[-74.750522859,-9.524607102],[-74.741354859,-9.516236477],[-74.739791234,-9.497256852],[-74.733996359,-9.490388727],[-74.728820734,-9.472412103],[-74.713100859,-9.456673978],[-74.689392234,-9.445704477],[-74.680047609,-9.447271977]]]]},"properties":{"name":"Pasco","mapcolor":19,"cartodb_id":19}},{"type":"Feature","geometry":{"type":"MultiPolygon","coordinates":[[[[-80.485521489,-4.084427722],[-80.475011739,-4.103837847],[-80.463845739,-4.115800722],[-80.466962739,-4.127859347],[-80.452209114,-4.125419972],[-80.447009739,-4.121150222],[-80.449929739,-4.128830097],[-80.449312489,-4.209335973],[-80.438947239,-4.198636723],[-80.431138614,-4.196064473],[-80.418896489,-4.203349598],[-80.409277364,-4.218535098],[-80.388300739,-4.202478473],[-80.382300614,-4.207251973],[-80.367781239,-4.197431598],[-80.364769364,-4.206572223],[-80.352679739,-4.220701223],[-80.339789114,-4.208380848],[-80.329371114,-4.214577973],[-80.313193364,-4.198253848],[-80.309580114,-4.205619098],[-80.328830114,-4.223132848],[-80.352349614,-4.252880848],[-80.355289114,-4.262240223],[-80.367249989,-4.269949348],[-80.367175739,-4.282050723],[-80.390796864,-4.295767598],[-80.390542989,-4.298761723],[-80.397425864,-4.302509723],[-80.423568364,-4.330984348],[-80.435124989,-4.361265723],[-80.445785114,-4.367804723],[-80.453874989,-4.387328098],[-80.446019489,-4.393648473],[-80.447792989,-4.395912098],[-80.450234364,-4.393519473],[-80.452318364,-4.397289223],[-80.447658239,-4.403064473],[-80.453876989,-4.407927723],[-80.449052739,-4.419374973],[-80.452074239,-4.430941348],[-80.448896364,-4.432519473],[-80.449722614,-4.437443348],[-80.445622989,-4.438679723],[-80.449134739,-4.447611223],[-80.444382864,-4.446427723],[-80.439540989,-4.456148473],[-80.424736489,-4.459179723],[-80.425355489,-4.462984348],[-80.419511739,-4.466884723],[-80.417267614,-4.459689598],[-80.396445364,-4.475331973],[-80.397179739,-4.480984348],[-80.389542989,-4.486111348],[-80.380517614,-4.476749973],[-80.361890614,-4.480083973],[-80.355824239,-4.472703098],[-80.335872989,-4.467396473],[-80.319507864,-4.451597598],[-80.308474614,-4.448990223],[-80.302314364,-4.440097598],[-80.291499989,-4.436716848],[-80.289876989,-4.433238223],[-80.295548864,-4.423966848],[-80.292080114,-4.423203098],[-80.277083989,-4.404099598],[-80.264906239,-4.411753848],[-80.258031239,-4.401808598],[-80.248933614,-4.401099598],[-80.246695364,-4.390693348],[-80.234689489,-4.387011723],[-80.231228614,-4.372398473],[-80.227404239,-4.373671848],[-80.225183614,-4.379337848],[-80.220482364,-4.378121098],[-80.220035114,-4.372121098],[-80.223013614,-4.369634723],[-80.217226614,-4.365187473],[-80.218289114,-4.353466848],[-80.211353489,-4.359249973],[-80.208076114,-4.351546848],[-80.202119114,-4.348404348],[-80.195734364,-4.349765598],[-80.194861364,-4.346361348],[-80.205478489,-4.338671848],[-80.186855489,-4.335113223],[-80.184699239,-4.330833973],[-80.186587864,-4.324177723],[-80.178705114,-4.303777348],[-80.179845739,-4.298789098],[-80.171320364,-4.289994098],[-80.164785114,-4.289902348],[-80.165812489,-4.300703098],[-80.155414114,-4.304339848],[-80.143443364,-4.286179723],[-80.136279239,-4.285164098],[-80.133865239,-4.288925723],[-80.138255739,-4.293619098],[-80.134960989,-4.296283223],[-80.117253864,-4.294470723],[-80.108632864,-4.298150348],[-80.108331989,-4.292851473],[-80.104240239,-4.290956973],[-80.096993989,-4.294003848],[-80.091812489,-4.300773473],[-80.083466739,-4.301845723],[-80.072318364,-4.309191348],[-80.061476489,-4.310220723],[-80.059132864,-4.318183598],[-80.054857364,-4.321207098],[-80.054341864,-4.327937473],[-80.040218739,-4.335873098],[-80.034499989,-4.348746098],[-80.029810489,-4.348347598],[-80.014093739,-4.356876973],[-80.008804739,-4.368351598],[-79.991769489,-4.379960973],[-79.976009739,-4.380859348],[-79.962978489,-4.394484223],[-79.951499989,-4.390830098],[-79.949189489,-4.394859348],[-79.938669864,-4.396710973],[-79.929923864,-4.394003723],[-79.919279114,-4.385429723],[-79.891820364,-4.401519473],[-79.882220739,-4.410423848],[-79.870644489,-4.413310598],[-79.854054739,-4.434466848],[-79.853003864,-4.451312473],[-79.839843739,-4.467603473],[-79.833253739,-4.470128848],[-79.813017614,-4.491101598],[-79.800431614,-4.488542973],[-79.795994114,-4.492515598],[-79.790158239,-4.492736348],[-79.748880864,-4.482970723],[-79.725919864,-4.469849598],[-79.706269489,-4.470740223],[-79.690050739,-4.458710973],[-79.682251989,-4.447880848],[-79.674710989,-4.448609348],[-79.655458989,-4.434160098],[-79.643779364,-4.433420098],[-79.640800739,-4.437669848],[-79.627529239,-4.439359348],[-79.615669864,-4.449740223],[-79.611220739,-4.450310473],[-79.612439489,-4.454099598],[-79.608810489,-4.457279348],[-79.601650364,-4.456279348],[-79.597580114,-4.461869098],[-79.598890614,-4.466820348],[-79.593539114,-4.468949223],[-79.587880864,-4.481689473],[-79.581130864,-4.484919973],[-79.579599614,-4.497619098],[-79.574240239,-4.502109348],[-79.569380864,-4.501230473],[-79.568539114,-4.508130848],[-79.564080114,-4.508089848],[-79.563390614,-4.514269473],[-79.552529239,-4.513960973],[-79.540259739,-4.526919973],[-79.520779239,-4.526449223],[-79.521630864,-4.523099598],[-79.514828114,-4.518390598],[-79.506242239,-4.518210973],[-79.497939489,-4.521228473],[-79.489410114,-4.529830098],[-79.478019489,-4.567849598],[-79.479859364,-4.573220723],[-79.495210989,-4.579898473],[-79.490689489,-4.592509848],[-79.488249989,-4.625990223],[-79.471310489,-4.640269473],[-79.464460989,-4.650460973],[-79.455949239,-4.704220723],[-79.430439614,-4.740009723],[-79.392499988,-4.831640598],[-79.388177738,-4.834386723],[-79.373433613,-4.832523473],[-79.365302738,-4.836330098],[-79.359064488,-4.849966848],[-79.356845738,-4.865996098],[-79.348146488,-4.883921848],[-79.336267613,-4.886685598],[-79.324119113,-4.884740223],[-79.301691363,-4.904119098],[-79.302609363,-4.911191348],[-79.294111363,-4.927355473],[-79.276894488,-4.945906223],[-79.265509738,-4.967169973],[-79.256980488,-4.968619098],[-79.224246113,-4.964062473],[-79.213262613,-4.967279598],[-79.209873863,-4.965507473],[-79.210030113,-4.968866598],[-79.213194113,-4.976600598],[-79.222060863,-4.982381598],[-79.212955786,-5.001332499],[-79.214943163,-5.009898781],[-79.219814591,-5.0124002],[-79.219083963,-5.021284191],[-79.225910007,-5.047400707],[-79.232135125,-5.05195953],[-79.242279729,-5.051246391],[-79.248068408,-5.056345586],[-79.272910305,-5.058483219],[-79.273600935,-5.073709073],[-79.279969122,-5.083265518],[-79.285925166,-5.0851906],[-79.287664928,-5.094980652],[-79.296127558,-5.101599821],[-79.295128519,-5.110764821],[-79.303075842,-5.116630887],[-79.330282781,-5.124296891],[-79.341678178,-5.140293712],[-79.344368989,-5.16584399],[-79.355819687,-5.16740503],[-79.362026496,-5.174005549],[-79.368718493,-5.175249032],[-79.378366152,-5.189976025],[-79.369719423,-5.213004422],[-79.35589666,-5.223854759],[-79.34884145,-5.233826733],[-79.347307976,-5.252447541],[-79.352482795,-5.266816773],[-79.360599753,-5.273384358],[-79.36087675,-5.27697399],[-79.356599336,-5.291542207],[-79.346668075,-5.299420879],[-79.344828333,-5.307631121],[-79.333382658,-5.310344143],[-79.327695605,-5.316737313],[-79.330539047,-5.331559755],[-79.320209521,-5.362137089],[-79.308538725,-5.365398064],[-79.310950799,-5.375405527],[-79.304287741,-5.392646718],[-79.305461145,-5.427012621],[-79.294590183,-5.439889586],[-79.299270755,-5.460004406],[-79.295951029,-5.467411645],[-79.291629042,-5.469313355],[-79.288907769,-5.479220115],[-79.280569244,-5.486612937],[-79.28281103,-5.490830165],[-79.279163653,-5.497193252],[-79.278911014,-5.516928255],[-79.276392374,-5.519946969],[-79.286240238,-5.525580099],[-79.310070363,-5.519769474],[-79.316669863,-5.528800724],[-79.328960988,-5.535080099],[-79.336199238,-5.529890599],[-79.352119113,-5.527148474],[-79.365800738,-5.528919974],[-79.373070363,-5.524199224],[-79.387130863,-5.521919849],[-79.398480488,-5.533480474],[-79.393570363,-5.551130724],[-79.384529113,-5.560999973],[-79.380480488,-5.571220724],[-79.377849613,-5.582949224],[-79.380230488,-5.590120973],[-79.371468738,-5.598730474],[-79.376150363,-5.607349599],[-79.380789113,-5.630390599],[-79.377570363,-5.645279349],[-79.385109363,-5.657820349],[-79.382929738,-5.668638724],[-79.386570363,-5.685999974],[-79.398289113,-5.700509724],[-79.396810488,-5.722599599],[-79.400839863,-5.752460974],[-79.398523488,-5.770925724],[-79.392769488,-5.778990224],[-79.389820363,-5.791089849],[-79.376470738,-5.799099599],[-79.375142613,-5.809837849],[-79.377560488,-5.812179724],[-79.369769488,-5.833880849],[-79.362210988,-5.842269474],[-79.358189488,-5.842619099],[-79.355640613,-5.851349474],[-79.350316363,-5.855107474],[-79.354349613,-5.859289099],[-79.351480488,-5.864220724],[-79.352789113,-5.872630849],[-79.338988238,-5.880859349],[-79.340222613,-5.890939474],[-79.333570363,-5.894150349],[-79.359581988,-5.919539099],[-79.361890613,-5.932759724],[-79.398359363,-5.949929724],[-79.418609363,-5.970099599],[-79.435464738,-5.955294974],[-79.462509614,-5.944849599],[-79.470050739,-5.928080099],[-79.498499989,-5.915140599],[-79.500359363,-5.918132849],[-79.511150363,-5.916240224],[-79.513960989,-5.920980474],[-79.517400489,-5.920060599],[-79.520117239,-5.913060599],[-79.527630864,-5.912871099],[-79.531679739,-5.920810599],[-79.536859364,-5.922689474],[-79.539949239,-5.920289099],[-79.540519489,-5.925699224],[-79.549900364,-5.930830099],[-79.553800739,-5.938310599],[-79.563820238,-5.933869099],[-79.571890739,-5.937769474],[-79.577499989,-5.933880849],[-79.587089864,-5.938470724],[-79.595830114,-5.933619099],[-79.601320239,-5.939539099],[-79.611107364,-5.923462849],[-79.609306614,-5.917831974],[-79.613394364,-5.910142599],[-79.613240239,-5.895539099],[-79.626220614,-5.888119099],[-79.625390614,-5.876289099],[-79.629939489,-5.863019474],[-79.632619114,-5.858869099],[-79.637410114,-5.859419974],[-79.635509739,-5.852359349],[-79.628749989,-5.851609349],[-79.628050739,-5.840210974],[-79.632249989,-5.829929724],[-79.623208989,-5.821400349],[-79.620570364,-5.809705099],[-79.622583989,-5.797572224],[-79.630972614,-5.796380849],[-79.635367239,-5.809001974],[-79.651355489,-5.816042974],[-79.661999989,-5.834152349],[-79.669876989,-5.835456974],[-79.682710989,-5.846445349],[-79.694546864,-5.847259849],[-79.702191364,-5.842808599],[-79.708035114,-5.845796849],[-79.708818364,-5.841162099],[-79.713960989,-5.837654349],[-79.736876989,-5.838197224],[-79.737802739,-5.826726599],[-79.741925739,-5.818972599],[-79.738148489,-5.808833974],[-79.739316364,-5.799587849],[-79.733206989,-5.794517599],[-79.734794864,-5.787667974],[-79.726884739,-5.781113224],[-79.717738239,-5.751000099],[-79.720083989,-5.746623099],[-79.716622989,-5.741556599],[-79.735148364,-5.722447224],[-79.743824239,-5.719150349],[-79.743841739,-5.713531224],[-79.748193364,-5.710181599],[-79.758367239,-5.712042974],[-79.766416114,-5.708251974],[-79.759287114,-5.696255849],[-79.745533239,-5.686035099],[-79.744449114,-5.677113224],[-79.761488239,-5.669040974],[-79.770154239,-5.659214849],[-79.779310489,-5.658089849],[-79.786189489,-5.647216849],[-79.790259739,-5.645726599],[-79.805009739,-5.646414099],[-79.815062489,-5.656066349],[-79.819009614,-5.664822224],[-79.827171864,-5.645519474],[-79.833458989,-5.645220724],[-79.852339864,-5.603581974],[-79.860138489,-5.575290974],[-79.858443364,-5.571347599],[-79.864419864,-5.563419974],[-79.864095739,-5.548683599],[-79.853996114,-5.530744099],[-79.877505864,-5.509636724],[-79.879027364,-5.499273474],[-79.883726614,-5.492833974],[-79.895363239,-5.482132849],[-79.901542989,-5.481017599],[-79.904845864,-5.493414099],[-79.916982364,-5.498720724],[-79.923107364,-5.505179724],[-79.932460989,-5.505367224],[-79.938361364,-5.516509724],[-79.945872989,-5.514996099],[-79.955699239,-5.540998099],[-79.961359364,-5.571539099],[-79.960523489,-5.581623099],[-79.980095739,-5.579998099],[-80.001003864,-5.585341849],[-80.016314489,-5.575050724],[-80.052836947,-5.563572664],[-80.057040442,-5.577406073],[-80.056974607,-5.618486061],[-80.06995892,-5.646170674],[-80.066213932,-5.656141577],[-80.071053354,-5.673253922],[-80.061066739,-5.684399608],[-80.066371962,-5.698211239],[-80.095170552,-5.702607987],[-80.08999536,-5.712794086],[-80.091147388,-5.726861247],[-80.098666956,-5.736086771],[-80.102934662,-5.761498075],[-80.092368941,-5.795091265],[-80.052984364,-5.811244099],[-80.057792989,-5.818806599],[-80.065277364,-5.821441349],[-80.079994114,-5.835304724],[-80.106072239,-5.867449224],[-80.120101614,-5.872218724],[-80.123847614,-5.891310599],[-80.140367239,-5.888361224],[-80.166675739,-5.892390599],[-80.196177739,-5.892087849],[-80.217314489,-5.903873099],[-80.278751989,-5.919992224],[-80.321179739,-5.943259724],[-80.334712864,-5.953904349],[-80.350072239,-5.971544974],[-80.355242239,-5.986826224],[-80.368548864,-5.996634724],[-80.376218739,-6.006968724],[-80.627132865,-6.3720801],[-80.70994924,-6.330103475],[-80.78380474,-6.298964849],[-80.80395299,-6.283820349],[-80.86108599,-6.228847599],[-80.894539115,-6.203345724],[-81.091566365,-6.082027349],[-81.11149799,-6.061941349],[-81.11744924,-6.039876974],[-81.14035724,-6.006664099],[-81.149539115,-5.979449224],[-81.14513674,-5.970322224],[-81.149556615,-5.947605474],[-81.14499024,-5.934408224],[-81.144695365,-5.909132849],[-81.14942574,-5.889591849],[-81.128513615,-5.864464849],[-81.123513615,-5.842972599],[-81.113124865,-5.840984349],[-81.10693749,-5.844623099],[-81.09746099,-5.838173724],[-81.09324799,-5.824333974],[-81.085443365,-5.815660099],[-81.08259574,-5.804986349],[-81.08362299,-5.791660099],[-81.068068365,-5.785818349],[-81.05550599,-5.796775349],[-81.03598824,-5.822675724],[-81.02169724,-5.830556599],[-81.01345899,-5.827906224],[-81.004201115,-5.835867224],[-80.992015615,-5.832845724],[-80.989087865,-5.838164099],[-80.97645899,-5.838380849],[-80.96835549,-5.844623099],[-80.961066365,-5.843220724],[-80.951671865,-5.846187474],[-80.942257865,-5.845416099],[-80.91781449,-5.834142599],[-80.89148824,-5.809820349],[-80.859816365,-5.745478474],[-80.851513615,-5.690001974],[-80.852195365,-5.637316224],[-80.872517615,-5.571490224],[-80.89758399,-5.511453099],[-80.93849799,-5.446486349],[-81.010587865,-5.370191349],[-81.05298049,-5.330990224],[-81.085181615,-5.309955099],[-81.091839865,-5.308371099],[-81.103195365,-5.315476474],[-81.10777149,-5.315242224],[-81.11592574,-5.295835974],[-81.126212865,-5.286445349],[-81.12623049,-5.282066349],[-81.138121115,-5.263617224],[-81.14930074,-5.258865224],[-81.167263615,-5.237945349],[-81.192785115,-5.216951223],[-81.194597615,-5.208960973],[-81.18899799,-5.194037098],[-81.17330274,-5.183990223],[-81.167361365,-5.167121098],[-81.168007865,-5.155033223],[-81.17961524,-5.132939473],[-81.16854299,-5.131248098],[-81.16046674,-5.123408223],[-81.163337865,-5.101234348],[-81.171455115,-5.088984348],[-81.167935615,-5.086759723],[-81.16819724,-5.081511723],[-81.159976615,-5.072748098],[-81.148796865,-5.079363223],[-81.13238674,-5.069705098],[-81.123320365,-5.072548848],[-81.117412115,-5.081794973],[-81.11219924,-5.084175723],[-81.10790424,-5.084374973],[-81.109390615,-5.079968723],[-81.10754299,-5.084220723],[-81.102056615,-5.080984348],[-81.08844924,-5.080605473],[-81.08071874,-5.070990223],[-81.07537699,-5.069724598],[-81.066507865,-5.052509723],[-81.062005865,-5.049281223],[-81.06240824,-5.020623098],[-81.066736365,-5.005347598],[-81.08650599,-4.967062473],[-81.13692774,-4.914048848],[-81.17662499,-4.855363223],[-81.31507424,-4.698808598],[-81.328195365,-4.682589848],[-81.325505865,-4.679179723],[-81.32811724,-4.671017598],[-81.317638615,-4.669187473],[-81.30885549,-4.660453098],[-81.29518549,-4.619613223],[-81.29532424,-4.603880848],[-81.292931615,-4.594529348],[-81.28738474,-4.587845723],[-81.286099615,-4.575035098],[-81.28332999,-4.573154348],[-81.280482365,-4.576503848],[-81.274404365,-4.571123098],[-81.28334174,-4.534490223],[-81.280285115,-4.533513723],[-81.28063674,-4.529605473],[-81.305027365,-4.479767598],[-81.29838674,-4.472341848],[-81.30039449,-4.461070348],[-81.297484365,-4.462193348],[-81.289755865,-4.452206973],[-81.28136524,-4.454211098],[-81.273445365,-4.445783223],[-81.26906249,-4.433515598],[-81.265888615,-4.432169973],[-81.26096674,-4.406650348],[-81.25626174,-4.404671848],[-81.25283399,-4.395617223],[-81.24962699,-4.347470723],[-81.253089865,-4.327521473],[-81.260816365,-4.309687473],[-81.25302924,-4.274181598],[-81.238169865,-4.251009723],[-81.22168949,-4.247331973],[-81.20433599,-4.228285098],[-81.17433399,-4.215499973],[-81.146142615,-4.179462723],[-81.137257865,-4.179763723],[-81.12722849,-4.173785098],[-81.10061524,-4.128935597],[-81.08914449,-4.118929722],[-81.060140615,-4.105624972],[-81.05409374,-4.106232472],[-81.04141799,-4.087546847],[-81.03072074,-4.103740222],[-81.02340624,-4.106959097],[-81.019277365,-4.112818347],[-80.999962865,-4.111361347],[-80.993087865,-4.117910097],[-80.987777365,-4.117132847],[-80.978265614,-4.127271472],[-80.97132224,-4.127117222],[-80.967974615,-4.140947222],[-80.961650365,-4.148236347],[-80.970777365,-4.166912097],[-80.96709374,-4.172763723],[-80.957955115,-4.174189473],[-80.944089865,-4.168482472],[-80.935673865,-4.178410098],[-80.931539115,-4.176726597],[-80.92831449,-4.169025348],[-80.92367574,-4.169480472],[-80.900773364,-4.179417973],[-80.88282224,-4.192800723],[-80.865703115,-4.188878847],[-80.837232365,-4.189355473],[-80.803306615,-4.175966848],[-80.783369115,-4.180570348],[-80.780380865,-4.175730473],[-80.76300974,-4.174910098],[-80.75830274,-4.179447223],[-80.748740364,-4.177400348],[-80.74474999,-4.184289098],[-80.735820364,-4.180990222],[-80.735140615,-4.178029347],[-80.728560489,-4.181470723],[-80.72821099,-4.186689473],[-80.719681615,-4.194189472],[-80.714710989,-4.193570347],[-80.712199239,-4.189619097],[-80.699320365,-4.187800598],[-80.645230489,-4.229560597],[-80.632660115,-4.228039098],[-80.62268949,-4.231892597],[-80.611330115,-4.225390598],[-80.60873049,-4.217070348],[-80.604390614,-4.216470722],[-80.604419865,-4.210740223],[-80.589820365,-4.214119098],[-80.590669865,-4.206359348],[-80.58694924,-4.198949222],[-80.58049024,-4.194410098],[-80.576980489,-4.195480472],[-80.57380074,-4.182130848],[-80.56125974,-4.176580098],[-80.562380864,-4.167617222],[-80.55674024,-4.166500098],[-80.558980489,-4.161080097],[-80.552220739,-4.158400348],[-80.545720739,-4.141550722],[-80.540619114,-4.140859347],[-80.532990239,-4.121699222],[-80.52674799,-4.121179722],[-80.525027364,-4.108978472],[-80.51734174,-4.098162097],[-80.505472615,-4.090865222],[-80.500234364,-4.091460972],[-80.492244114,-4.084763722],[-80.485521489,-4.084427722]]]]},"properties":{"name":"Piura","mapcolor":20,"cartodb_id":20}},{"type":"Feature","geometry":{"type":"MultiPolygon","coordinates":[[[[-68.814216853,-16.347986359],[-68.918388729,-16.403720734],[-68.918399104,-16.233295358],[-68.884697228,-16.265660109],[-68.814216853,-16.319773483],[-68.814216853,-16.347986359]]],[[[-68.938712854,-16.233830109],[-68.936494104,-16.238781234],[-68.942052729,-16.238040984],[-68.941509729,-16.244277359],[-68.944939479,-16.244831984],[-68.951179729,-16.237083983],[-68.953292979,-16.226455109],[-68.945378854,-16.227246109],[-68.938712854,-16.233830109]]],[[[-69.694329354,-15.892393108],[-69.673117105,-15.908824733],[-69.666687854,-15.915115859],[-69.678568479,-15.911009484],[-69.685681105,-15.912334359],[-69.68364398,-15.909817984],[-69.687685855,-15.908289984],[-69.697797355,-15.910525983],[-69.705447605,-15.919310609],[-69.710796104,-15.916339483],[-69.700024729,-15.907377359],[-69.701954604,-15.900256983],[-69.698288479,-15.893058608],[-69.702467105,-15.895429358],[-69.70307648,-15.899778858],[-69.70483798,-15.896361484],[-69.697035604,-15.889763608],[-69.694329354,-15.892393108]]],[[[-69.825930979,-15.893925984],[-69.832247105,-15.894708983],[-69.83374848,-15.888208108],[-69.825216479,-15.878328108],[-69.82279898,-15.888497233],[-69.825930979,-15.893925984]]],[[[-69.68485348,-15.750800734],[-69.676193229,-15.768259734],[-69.677800729,-15.787435608],[-69.675486354,-15.790605483],[-69.682433604,-15.798122984],[-69.682861355,-15.783939483],[-69.696232479,-15.754216858],[-69.688390605,-15.749302733],[-69.68485348,-15.750800734]]],[[[-69.706550729,-15.649304733],[-69.69521098,-15.655855483],[-69.692802729,-15.662771483],[-69.700396479,-15.669275358],[-69.70217573,-15.676306608],[-69.717205104,-15.680404358],[-69.724255855,-15.672736358],[-69.727306604,-15.662964858],[-69.71573248,-15.650689483],[-69.706550729,-15.649304733]]],[[[-68.867636604,-13.010748606],[-68.874797479,-13.013215106],[-68.870500853,-13.018983606],[-68.857850104,-13.013095731],[-68.853175604,-13.015900481],[-68.859978353,-13.027377731],[-68.866781229,-13.030878606],[-68.861350853,-13.034916606],[-68.851663854,-13.032449981],[-68.850291353,-13.037979856],[-68.854428729,-13.042097231],[-68.850112353,-13.047985105],[-68.863001853,-13.047428106],[-68.861132104,-13.056955981],[-68.854170104,-13.059860106],[-68.856875353,-13.068453231],[-68.861490104,-13.069726231],[-68.860813854,-13.074022731],[-68.869108479,-13.081501856],[-68.859799354,-13.09566448],[-68.866383354,-13.110980731],[-68.859242478,-13.113288106],[-68.864414229,-13.115197731],[-68.868631104,-13.110722231],[-68.873106604,-13.113089231],[-68.873245854,-13.118181356],[-68.865965729,-13.119295356],[-68.878019729,-13.136202856],[-68.873842604,-13.140380106],[-68.872191604,-13.134551981],[-68.867696104,-13.134392855],[-68.869904229,-13.148933356],[-68.864732479,-13.147222731],[-68.858088729,-13.150524606],[-68.863996479,-13.154423356],[-68.866204353,-13.164866231],[-68.870858978,-13.168028981],[-68.864354604,-13.171231481],[-68.856795854,-13.169958481],[-68.863518979,-13.177079481],[-68.861132103,-13.183484481],[-68.869366978,-13.179168106],[-68.872131979,-13.181356106],[-68.865687228,-13.190724981],[-68.860316604,-13.192634481],[-68.852220854,-13.210695731],[-68.854667479,-13.216881981],[-68.858605978,-13.211809731],[-68.861390728,-13.212446231],[-68.862743354,-13.225017481],[-68.853795853,-13.222090605],[-68.857527229,-13.235006981],[-68.850043979,-13.236565106],[-68.845287478,-13.246693106],[-68.856338103,-13.250239981],[-68.859515853,-13.255960106],[-68.852914229,-13.261393106],[-68.859105854,-13.264140231],[-68.859331353,-13.267195231],[-68.849018853,-13.269614481],[-68.852934729,-13.273960856],[-68.858572853,-13.269921981],[-68.861914604,-13.271275231],[-68.854615853,-13.282530731],[-68.860910103,-13.286610731],[-68.856912229,-13.293991356],[-68.860274478,-13.297394731],[-68.866199604,-13.295590606],[-68.868400354,-13.299826231],[-68.861320479,-13.302869106],[-68.859406228,-13.312287106],[-68.862783229,-13.319917981],[-68.869757854,-13.318652481],[-68.871904229,-13.325234356],[-68.878787854,-13.329377981],[-68.878049728,-13.332166231],[-68.872093729,-13.330443356],[-68.868025354,-13.333501981],[-68.878998104,-13.344402356],[-68.867001979,-13.350767606],[-68.868796854,-13.353880856],[-68.875367229,-13.353882856],[-68.868796854,-13.359242231],[-68.880371103,-13.364611356],[-68.879097604,-13.371790981],[-68.888462853,-13.371912106],[-68.883156103,-13.381406231],[-68.888808604,-13.380230481],[-68.891677729,-13.383185606],[-68.888572229,-13.386371106],[-68.885417979,-13.384281231],[-68.884581979,-13.393097606],[-68.886923854,-13.398919981],[-68.893181604,-13.398154356],[-68.894697354,-13.401709356],[-68.885327979,-13.404436106],[-68.889148479,-13.408081981],[-68.893494104,-13.407494106],[-68.897749979,-13.413263731],[-68.895781229,-13.422134732],[-68.891068354,-13.424158231],[-68.893478479,-13.430318357],[-68.889486353,-13.435396481],[-68.892128854,-13.436876981],[-68.895355479,-13.431701231],[-68.900519478,-13.435220732],[-68.896427728,-13.443078106],[-68.898796854,-13.446712857],[-68.903960979,-13.441353481],[-68.903496103,-13.435529356],[-68.905998103,-13.437068231],[-68.905837854,-13.448244106],[-68.901451229,-13.449779357],[-68.896076228,-13.461259731],[-68.899880854,-13.463337981],[-68.901451229,-13.458045106],[-68.905990229,-13.456671856],[-68.901443354,-13.470449231],[-68.908331979,-13.469539106],[-68.905482479,-13.475386731],[-68.916757729,-13.484271106],[-68.915835104,-13.488351106],[-68.910996604,-13.485357732],[-68.907429229,-13.489089107],[-68.913802728,-13.491749982],[-68.909294979,-13.496121356],[-68.914194978,-13.499422231],[-68.912677728,-13.504773231],[-68.921944729,-13.510103731],[-68.914543479,-13.512543481],[-68.919337853,-13.525328106],[-68.921646479,-13.524822231],[-68.919253854,-13.519705106],[-68.922067729,-13.517279481],[-68.932031729,-13.521502982],[-68.935168604,-13.529088731],[-68.940827103,-13.522281856],[-68.942118728,-13.528658107],[-68.935619604,-13.534747232],[-68.942563479,-13.538194106],[-68.943693604,-13.545713731],[-68.949515604,-13.551533232],[-68.945478479,-13.558496106],[-68.945804729,-13.568577981],[-68.952999979,-13.575654356],[-68.958058604,-13.589812481],[-68.952472604,-13.604400356],[-68.966755104,-13.604892231],[-68.972236353,-13.601390606],[-68.975281229,-13.604140606],[-68.972435603,-13.611107481],[-68.986884729,-13.611589856],[-68.991582604,-13.618189481],[-68.999165104,-13.618166856],[-68.999280729,-13.623643356],[-69.005044979,-13.624119106],[-68.998367229,-13.632449232],[-68.990203104,-13.634894482],[-68.996710978,-13.639650357],[-68.992920854,-13.648850732],[-68.995789104,-13.652390607],[-69.009589354,-13.652036232],[-69.020329228,-13.657632856],[-69.025048854,-13.650749981],[-69.029603604,-13.654898481],[-69.033003854,-13.653861356],[-69.036578229,-13.645845731],[-69.032490104,-13.642822231],[-69.035593728,-13.640482481],[-69.046845729,-13.644996106],[-69.053007229,-13.655260356],[-69.063192104,-13.659405856],[-69.062280854,-13.667660981],[-69.063697229,-13.673326232],[-69.066972604,-13.673304731],[-69.064956979,-13.679347606],[-69.067242229,-13.686751982],[-69.054808604,-13.693742231],[-69.053265604,-13.698263732],[-69.055732479,-13.702210981],[-69.050175729,-13.704554731],[-69.048290979,-13.710388731],[-69.039285103,-13.718242232],[-69.037322229,-13.714906231],[-69.035501979,-13.716201106],[-69.031701229,-13.725607356],[-69.033660104,-13.728833981],[-69.025947229,-13.739292981],[-69.007759728,-13.738501481],[-68.993781228,-13.745763731],[-68.989558604,-13.749617231],[-68.990654354,-13.752675732],[-68.974455103,-13.760587857],[-68.979515604,-13.768923856],[-68.980357479,-13.782982482],[-68.987507854,-13.784091857],[-68.992387728,-13.778046857],[-68.994230104,-13.787512357],[-68.974282729,-13.796173106],[-68.958591604,-13.790498107],[-68.952725854,-13.792912107],[-68.950608354,-13.800238856],[-68.917235604,-13.814172357],[-68.923070353,-13.828039857],[-68.933507854,-13.831890857],[-68.941050478,-13.839539732],[-68.944688979,-13.867479356],[-68.950964979,-13.878670356],[-68.964749479,-13.884800607],[-68.972800854,-13.882187232],[-68.982527604,-13.894712357],[-68.984702104,-13.910155106],[-68.980254854,-13.920523857],[-68.982834729,-13.930081857],[-68.970377479,-13.948276482],[-68.963301103,-13.948669607],[-68.970825604,-13.955408607],[-68.972340979,-13.966456106],[-68.978893229,-13.976530106],[-68.965794479,-13.986835482],[-68.962436104,-13.996265482],[-68.954011854,-14.005277982],[-68.946289479,-14.004518981],[-68.946308479,-14.013151981],[-68.938837854,-14.014923732],[-68.942419978,-14.020544982],[-68.936339854,-14.026345732],[-68.930183604,-14.027048857],[-68.928626604,-14.030744607],[-68.917941354,-14.027351606],[-68.917835978,-14.031128857],[-68.909951229,-14.035923856],[-68.909048854,-14.040419982],[-68.902656228,-14.038650357],[-68.890320354,-14.046605482],[-68.892947229,-14.051710982],[-68.887054728,-14.054574232],[-68.879429729,-14.064673856],[-68.882679729,-14.069189482],[-68.879054729,-14.074156232],[-68.882277354,-14.075331982],[-68.884050728,-14.083919982],[-68.879482478,-14.088720732],[-68.875283229,-14.086790982],[-68.875277354,-14.099792982],[-68.871128854,-14.111056607],[-68.849257854,-14.138298856],[-68.833289104,-14.144873107],[-68.835849604,-14.146773481],[-68.832445354,-14.150228357],[-68.833701229,-14.153943357],[-68.846251979,-14.153033106],[-68.856179728,-14.162667982],[-68.852390604,-14.166460982],[-68.853540979,-14.175587857],[-68.849316354,-14.179029357],[-68.852152353,-14.182857357],[-68.845623103,-14.189867232],[-68.846314478,-14.196939482],[-68.831271478,-14.205072232],[-68.826755854,-14.215607482],[-68.827798853,-14.219419982],[-68.962406229,-14.220054732],[-68.969613229,-14.225373107],[-68.968937478,-14.235234357],[-68.976254354,-14.232891857],[-68.985005729,-14.237115232],[-68.988680854,-14.242475607],[-68.988395104,-14.250430232],[-68.984334604,-14.261534731],[-68.979248728,-14.265625482],[-68.990001978,-14.281828732],[-68.996926229,-14.283332982],[-69.005176354,-14.290865857],[-69.007065604,-14.303850857],[-69.015243354,-14.314709232],[-69.004711979,-14.336257482],[-69.003817104,-14.345860107],[-68.998115604,-14.346788232],[-68.994544854,-14.360931857],[-68.985406604,-14.374663357],[-68.991493104,-14.383792982],[-69.004013228,-14.391165232],[-69.005263728,-14.404343732],[-69.013251604,-14.402488732],[-69.024810728,-14.406808482],[-69.028384104,-14.424818857],[-69.050382353,-14.429128107],[-69.061229728,-14.442538482],[-69.073318604,-14.446393732],[-69.081949229,-14.444439482],[-69.097482728,-14.485722482],[-69.112524604,-14.486149982],[-69.118292979,-14.507893607],[-69.127860604,-14.513585357],[-69.142091979,-14.513510982],[-69.154032479,-14.521617607],[-69.143541604,-14.530258232],[-69.147619729,-14.543121732],[-69.146464979,-14.556147233],[-69.149726479,-14.560421607],[-69.146748729,-14.570813607],[-69.150030354,-14.580314232],[-69.161887229,-14.587825357],[-69.179247604,-14.590522232],[-69.190394229,-14.585973357],[-69.221352479,-14.581787982],[-69.221007854,-14.590381482],[-69.229601354,-14.599687233],[-69.231013729,-14.608733858],[-69.225437604,-14.627852482],[-69.227901229,-14.654161108],[-69.244902979,-14.661326857],[-69.247900104,-14.670454482],[-69.258372979,-14.683976733],[-69.252034979,-14.692237982],[-69.254487604,-14.699756232],[-69.242952979,-14.715660482],[-69.235753729,-14.717974983],[-69.234256604,-14.726442732],[-69.224870604,-14.739024732],[-69.239939979,-14.759473732],[-69.260050854,-14.762911483],[-69.270851604,-14.769570357],[-69.280204729,-14.764974108],[-69.301203729,-14.765298982],[-69.329496354,-14.782691732],[-69.339865229,-14.795589857],[-69.345646104,-14.793344732],[-69.353796854,-14.801665732],[-69.356789104,-14.851982483],[-69.343871354,-14.882726857],[-69.353836479,-14.924407982],[-69.357687729,-14.930242357],[-69.364587854,-14.930980483],[-69.359558604,-14.937085982],[-69.360574229,-14.961060608],[-69.355492229,-14.964996107],[-69.354552729,-14.972259733],[-69.348890604,-14.979566357],[-69.342683604,-14.982499982],[-69.323240229,-15.004587857],[-69.323753854,-15.013123107],[-69.314359354,-15.041234357],[-69.310312479,-15.039593732],[-69.308269479,-15.043078108],[-69.305374979,-15.039681608],[-69.304763729,-15.045773482],[-69.299521479,-15.047371107],[-69.304095729,-15.053634733],[-69.295287104,-15.073912108],[-69.290124979,-15.074714858],[-69.289160104,-15.082290983],[-69.292445354,-15.083738233],[-69.285933604,-15.083130857],[-69.284646479,-15.096470733],[-69.281052729,-15.094109358],[-69.282578104,-15.098214858],[-69.279515604,-15.102974608],[-69.272691354,-15.103476483],[-69.277285229,-15.109902107],[-69.272823729,-15.111650982],[-69.273359104,-15.107760608],[-69.268425729,-15.104343733],[-69.265610979,-15.117240858],[-69.262572979,-15.109715358],[-69.257332479,-15.113021108],[-69.251008229,-15.111726107],[-69.248305604,-15.114983608],[-69.243463229,-15.112206107],[-69.240979479,-15.117589857],[-69.243935479,-15.121849233],[-69.236240229,-15.119693358],[-69.229607479,-15.132162108],[-69.225474604,-15.131417983],[-69.223998854,-15.136564483],[-69.217475729,-15.136139607],[-69.215574229,-15.141505733],[-69.195935604,-15.158290983],[-69.190451229,-15.158775733],[-69.191295729,-15.164913482],[-69.175273479,-15.179402358],[-69.157474604,-15.205035108],[-69.154005854,-15.215109358],[-69.140013729,-15.223728483],[-69.131781229,-15.233435483],[-69.131824229,-15.245869108],[-69.126581979,-15.247290983],[-69.119679729,-15.259322233],[-69.128710979,-15.259476608],[-69.137335979,-15.255152358],[-69.152156229,-15.268890608],[-69.176296104,-15.261359733],[-69.177969854,-15.279176483],[-69.193487854,-15.295820983],[-69.194792729,-15.315039233],[-69.206563979,-15.324252108],[-69.215641604,-15.317158108],[-69.231045979,-15.335500483],[-69.248558354,-15.370808983],[-69.260329479,-15.374036358],[-69.249846979,-15.426719233],[-69.232334604,-15.441795858],[-69.240826604,-15.460393483],[-69.253511354,-15.469192608],[-69.290071729,-15.436879608],[-69.303482729,-15.459779108],[-69.308950604,-15.463888608],[-69.311724854,-15.472966233],[-69.300582979,-15.486346858],[-69.313383354,-15.492526358],[-69.309455604,-15.497436483],[-69.308859854,-15.505129858],[-69.314619354,-15.512707483],[-69.314461229,-15.518036983],[-69.331464479,-15.537979233],[-69.357090854,-15.529735358],[-69.358720854,-15.521651983],[-69.367599104,-15.522142733],[-69.375831979,-15.514491608],[-69.39110973,-15.507250983],[-69.38839123,-15.499708983],[-69.384615479,-15.502880108],[-69.379107604,-15.497338608],[-69.379754354,-15.492697108],[-69.374839479,-15.491466233],[-69.37708473,-15.482022108],[-69.367888729,-15.496190858],[-69.373127854,-15.498588983],[-69.372590855,-15.502537733],[-69.365714604,-15.501653983],[-69.364633354,-15.497569608],[-69.361847354,-15.499208983],[-69.359377979,-15.507432733],[-69.363078854,-15.514148358],[-69.35921348,-15.515185233],[-69.355722854,-15.508753358],[-69.353271604,-15.512138983],[-69.350020479,-15.510837733],[-69.359098729,-15.502749733],[-69.354268229,-15.496141233],[-69.358753729,-15.488932358],[-69.356549855,-15.487146358],[-69.358370979,-15.482933733],[-69.376110479,-15.471496233],[-69.39015823,-15.473264358],[-69.398156979,-15.482723733],[-69.433074479,-15.478307483],[-69.43504823,-15.482162983],[-69.432201104,-15.486703983],[-69.423144479,-15.495463858],[-69.414988979,-15.497976733],[-69.41705623,-15.504100733],[-69.42848598,-15.502427983],[-69.432143979,-15.505596983],[-69.432533729,-15.499196858],[-69.441814479,-15.491095233],[-69.44102723,-15.482753858],[-69.435724479,-15.477270983],[-69.440323604,-15.462557608],[-69.459769604,-15.453290358],[-69.46470273,-15.440955858],[-69.477645355,-15.430490233],[-69.477371104,-15.426185483],[-69.499051104,-15.413790233],[-69.497444354,-15.404905233],[-69.50216998,-15.403981608],[-69.506484604,-15.408864858],[-69.512387479,-15.407395983],[-69.531697104,-15.386796983],[-69.525485229,-15.385542733],[-69.52650248,-15.380770483],[-69.523498729,-15.382276858],[-69.516142229,-15.378674608],[-69.51591923,-15.375225358],[-69.522110854,-15.369968108],[-69.53187398,-15.370607733],[-69.534848479,-15.373684358],[-69.532901979,-15.376352733],[-69.540442229,-15.379635733],[-69.55322123,-15.376014483],[-69.556709979,-15.370529108],[-69.552134229,-15.370975233],[-69.552655854,-15.367211608],[-69.559068854,-15.363198983],[-69.555593854,-15.359383858],[-69.559656604,-15.356339983],[-69.562291604,-15.358480108],[-69.566589729,-15.347564608],[-69.57322473,-15.350937983],[-69.569173229,-15.353403233],[-69.573375229,-15.356948858],[-69.56824623,-15.362301108],[-69.578622355,-15.361888733],[-69.578014979,-15.366717858],[-69.589385979,-15.368336233],[-69.589051729,-15.373046233],[-69.595752729,-15.370260108],[-69.599314354,-15.363661733],[-69.605850855,-15.361791233],[-69.601464229,-15.360862108],[-69.603884855,-15.355552983],[-69.614968104,-15.354998108],[-69.62227898,-15.344360858],[-69.62939048,-15.346292483],[-69.623269229,-15.353481358],[-69.628417104,-15.356512608],[-69.634253105,-15.353219983],[-69.634584729,-15.347793858],[-69.629799729,-15.343708108],[-69.64051998,-15.334199233],[-69.630859104,-15.336966358],[-69.63012973,-15.330719608],[-69.63428648,-15.323361983],[-69.642248354,-15.319859983],[-69.653868104,-15.297891358],[-69.633350229,-15.312993857],[-69.643944104,-15.295898108],[-69.640568354,-15.287839233],[-69.641850479,-15.282575108],[-69.657096729,-15.282576858],[-69.66829473,-15.274800483],[-69.668702854,-15.268198982],[-69.658789229,-15.272049233],[-69.655116105,-15.269221858],[-69.669517855,-15.251292733],[-69.674676105,-15.251400733],[-69.677423855,-15.243037108],[-69.681870855,-15.243932858],[-69.689333479,-15.254661983],[-69.689451855,-15.250568358],[-69.68344723,-15.243616733],[-69.686717354,-15.237945483],[-69.709249729,-15.233036358],[-69.71727373,-15.239055983],[-69.71812973,-15.243871108],[-69.721459854,-15.239953233],[-69.728252354,-15.239061982],[-69.731116479,-15.246039858],[-69.735574854,-15.241336483],[-69.740021854,-15.257316358],[-69.749768355,-15.249797108],[-69.75930273,-15.257406608],[-69.752404604,-15.255137858],[-69.746692605,-15.260355233],[-69.744440854,-15.264474358],[-69.750717355,-15.269358358],[-69.749006355,-15.271659983],[-69.743144105,-15.268718358],[-69.734548979,-15.270925983],[-69.740628979,-15.274655108],[-69.740601229,-15.279244108],[-69.73690973,-15.275552983],[-69.723976604,-15.278070108],[-69.726718729,-15.272901483],[-69.714454104,-15.277926108],[-69.714749479,-15.282721358],[-69.702178604,-15.295600482],[-69.709032354,-15.298623358],[-69.699168855,-15.309943733],[-69.70686673,-15.305900233],[-69.712229354,-15.307188483],[-69.71034123,-15.310882858],[-69.716936104,-15.309642358],[-69.716274104,-15.305568858],[-69.722546104,-15.307452608],[-69.720356105,-15.303471233],[-69.724410229,-15.296504483],[-69.75094298,-15.283203608],[-69.755570354,-15.286976983],[-69.753321354,-15.294067358],[-69.758392479,-15.297730983],[-69.751663355,-15.302652483],[-69.759419854,-15.308420858],[-69.77386873,-15.306071733],[-69.773703354,-15.319058233],[-69.78119948,-15.319887608],[-69.79396923,-15.299012983],[-69.802915855,-15.296364233],[-69.807165605,-15.289837858],[-69.808089354,-15.293442358],[-69.808441604,-15.289452732],[-69.810729354,-15.292071608],[-69.811525479,-15.286720983],[-69.816299355,-15.287595233],[-69.811622355,-15.278490483],[-69.814963854,-15.274082233],[-69.815377855,-15.276489233],[-69.829427355,-15.277053233],[-69.83057923,-15.282099608],[-69.820391229,-15.292670608],[-69.821874604,-15.300587108],[-69.818423104,-15.306803858],[-69.823804104,-15.302459233],[-69.82648923,-15.291124358],[-69.836792105,-15.278893983],[-69.838600105,-15.285580233],[-69.841691604,-15.282100733],[-69.844281604,-15.283578608],[-69.844100854,-15.280654233],[-69.84706623,-15.283503983],[-69.841700105,-15.286511483],[-69.844410104,-15.293686733],[-69.85354073,-15.295607607],[-69.855767604,-15.294006108],[-69.852977605,-15.291815983],[-69.85733073,-15.291885483],[-69.856072729,-15.302694483],[-69.86421598,-15.298303233],[-69.864611355,-15.301757483],[-69.86707098,-15.302615983],[-69.868241729,-15.298586858],[-69.865630355,-15.298618733],[-69.869817479,-15.296289108],[-69.866406605,-15.293459108],[-69.86922323,-15.290209108],[-69.875999605,-15.294441608],[-69.874835854,-15.298649483],[-69.879911355,-15.296668233],[-69.880110729,-15.301388358],[-69.894892979,-15.295082108],[-69.897590605,-15.299130482],[-69.889771104,-15.300230733],[-69.875644355,-15.309050858],[-69.886075729,-15.307743983],[-69.889591855,-15.302385233],[-69.902705604,-15.303081733],[-69.897278729,-15.303992608],[-69.895753355,-15.307722608],[-69.901223855,-15.315450983],[-69.895447354,-15.319220608],[-69.895432355,-15.324601983],[-69.893665354,-15.319218483],[-69.889873355,-15.321045233],[-69.88957023,-15.331592983],[-69.885632354,-15.329097358],[-69.881438855,-15.333787608],[-69.871483229,-15.334567233],[-69.86916423,-15.340077358],[-69.863772479,-15.336815483],[-69.868342479,-15.340973858],[-69.864425479,-15.340053358],[-69.85692798,-15.347443858],[-69.861750979,-15.349652483],[-69.864616855,-15.346224358],[-69.861576854,-15.345848108],[-69.86619198,-15.342576858],[-69.874743479,-15.346437483],[-69.870925354,-15.348596733],[-69.877328479,-15.348603858],[-69.877193355,-15.344846483],[-69.880426229,-15.341747858],[-69.879107355,-15.344034358],[-69.88356748,-15.342503358],[-69.884505479,-15.345296608],[-69.892651979,-15.340973608],[-69.889987605,-15.347622608],[-69.88084823,-15.345359733],[-69.878828854,-15.349733107],[-69.873939479,-15.351336733],[-69.877684105,-15.351139733],[-69.880080729,-15.355731858],[-69.874136605,-15.361054108],[-69.87404673,-15.356450983],[-69.871689229,-15.366896983],[-69.870984855,-15.362108233],[-69.86815898,-15.364119733],[-69.84419148,-15.352999608],[-69.849451104,-15.346000358],[-69.84721173,-15.341807358],[-69.838926854,-15.339608483],[-69.842568729,-15.337076108],[-69.845274979,-15.331796108],[-69.844868104,-15.330261608],[-69.840414355,-15.338258858],[-69.836589355,-15.338925608],[-69.846458229,-15.344855108],[-69.84336898,-15.347938858],[-69.839298355,-15.346828358],[-69.839431979,-15.349611983],[-69.829259979,-15.353117358],[-69.828759605,-15.347275358],[-69.82650523,-15.352277608],[-69.821894854,-15.347035608],[-69.811583605,-15.350424607],[-69.806930479,-15.345101608],[-69.791124854,-15.351904858],[-69.79966348,-15.358000483],[-69.80733623,-15.356946358],[-69.808929479,-15.352394608],[-69.823677104,-15.355418983],[-69.833709355,-15.360383608],[-69.83947923,-15.367745858],[-69.845091729,-15.363388233],[-69.852127855,-15.366636358],[-69.852586354,-15.360303108],[-69.860545605,-15.361571108],[-69.86730248,-15.371553983],[-69.871680979,-15.371195983],[-69.87386048,-15.377161608],[-69.873847605,-15.373170608],[-69.87670948,-15.373369858],[-69.876120104,-15.359889483],[-69.88748723,-15.361532983],[-69.891257604,-15.357708233],[-69.897439479,-15.359706108],[-69.904773479,-15.355740233],[-69.90324823,-15.360281483],[-69.90649223,-15.367422358],[-69.90933898,-15.365430733],[-69.91517298,-15.369201233],[-69.92097148,-15.366425608],[-69.92058148,-15.369649358],[-69.914325479,-15.370807733],[-69.920662855,-15.371264358],[-69.921026605,-15.375810608],[-69.923586229,-15.374549233],[-69.92156598,-15.381279733],[-69.92476698,-15.378983858],[-69.925527355,-15.384261733],[-69.928836605,-15.377774608],[-69.92512098,-15.375953733],[-69.92612573,-15.371076358],[-69.92272848,-15.371967983],[-69.923199479,-15.365957983],[-69.92616323,-15.362685608],[-69.92873223,-15.366380983],[-69.925536855,-15.374608358],[-69.92711448,-15.374829858],[-69.929855855,-15.362232108],[-69.932854729,-15.361115608],[-69.932670105,-15.373328483],[-69.929493855,-15.376925608],[-69.933076479,-15.381303483],[-69.927904855,-15.384657858],[-69.938482855,-15.389778483],[-69.942982104,-15.396931733],[-69.93218923,-15.411512858],[-69.937585855,-15.415259858],[-69.926207729,-15.433224733],[-69.917217355,-15.439006358],[-69.92228348,-15.454388233],[-69.896937605,-15.494627733],[-69.89631548,-15.484642233],[-69.893125604,-15.478815733],[-69.89582998,-15.495499358],[-69.88890948,-15.510461983],[-69.875544354,-15.520119233],[-69.86441398,-15.534931359],[-69.859328604,-15.547184358],[-69.860438105,-15.557607233],[-69.84925698,-15.560813233],[-69.841777729,-15.576364733],[-69.825331105,-15.588090984],[-69.821087854,-15.597536609],[-69.810679605,-15.607672233],[-69.808466855,-15.613369233],[-69.813009104,-15.613814734],[-69.81614448,-15.619286858],[-69.813499729,-15.624316233],[-69.80736498,-15.625122358],[-69.813539479,-15.634413108],[-69.807097855,-15.641023233],[-69.80867673,-15.646617108],[-69.804603229,-15.653972983],[-69.792539729,-15.662866358],[-69.782322104,-15.661336483],[-69.780614229,-15.653189358],[-69.775930605,-15.657906358],[-69.770900729,-15.658185234],[-69.76107623,-15.681808608],[-69.765219105,-15.684463483],[-69.775902604,-15.682191733],[-69.798036855,-15.667227609],[-69.80297773,-15.674782359],[-69.784784979,-15.693791108],[-69.753671105,-15.712386858],[-69.743764479,-15.722836983],[-69.752836354,-15.729740483],[-69.790087855,-15.726068984],[-69.820693229,-15.707576983],[-69.829330355,-15.696618983],[-69.844830979,-15.685940358],[-69.850538855,-15.675705233],[-69.849770854,-15.650107733],[-69.84479023,-15.639575733],[-69.85487423,-15.625002733],[-69.86457073,-15.615387733],[-69.880883855,-15.607547108],[-69.88279823,-15.600140983],[-69.892917854,-15.593426733],[-69.892536479,-15.588321733],[-69.903311854,-15.574321983],[-69.90635498,-15.565198983],[-69.911227355,-15.563757233],[-69.91680648,-15.566432358],[-69.92616648,-15.557834108],[-69.930309479,-15.560630983],[-69.93257748,-15.558089609],[-69.93299923,-15.560606608],[-69.937179855,-15.556532358],[-69.942732604,-15.556482233],[-69.94536098,-15.559841608],[-69.939950855,-15.561460483],[-69.939133355,-15.565990108],[-69.92728698,-15.560730733],[-69.925247605,-15.566513108],[-69.922316979,-15.567134733],[-69.922904105,-15.564549983],[-69.915140604,-15.568760358],[-69.929553605,-15.570904733],[-69.930363105,-15.575121358],[-69.929414855,-15.572968483],[-69.92925148,-15.575192358],[-69.927167855,-15.575448608],[-69.92790173,-15.571379858],[-69.924699105,-15.576553483],[-69.93092448,-15.580678983],[-69.93316498,-15.588856108],[-69.928227105,-15.589688983],[-69.927160354,-15.582887233],[-69.924301355,-15.590354608],[-69.917559479,-15.591397733],[-69.92395648,-15.608166483],[-69.924742855,-15.604691233],[-69.925910105,-15.608645358],[-69.93080498,-15.606895983],[-69.92739023,-15.609457858],[-69.931117855,-15.617756483],[-69.927597604,-15.612969483],[-69.91829548,-15.612551108],[-69.913548979,-15.618392733],[-69.918048105,-15.626270983],[-69.916318229,-15.628398733],[-69.92079623,-15.632203733],[-69.92558973,-15.630395233],[-69.92627148,-15.644543733],[-69.93281873,-15.647920233],[-69.935903104,-15.654243983],[-69.939253104,-15.652823608],[-69.94001498,-15.656577233],[-69.93543598,-15.655730608],[-69.940865354,-15.657369983],[-69.939603604,-15.663606234],[-69.946790605,-15.671570233],[-69.950560105,-15.670238233],[-69.94824998,-15.675033108],[-69.956977105,-15.670525233],[-69.954680855,-15.667349358],[-69.958555354,-15.663716483],[-69.962716855,-15.669456233],[-69.967371105,-15.665447483],[-69.966205229,-15.669244858],[-69.961421605,-15.670187608],[-69.963634605,-15.673109983],[-69.96170423,-15.679185358],[-69.962593105,-15.679747608],[-69.966008729,-15.677880983],[-69.968137605,-15.678084608],[-69.95508348,-15.687424733],[-69.963538355,-15.687586858],[-69.95601573,-15.688286983],[-69.961124854,-15.692762858],[-69.96437548,-15.691704733],[-69.96184848,-15.696963359],[-69.964867979,-15.701523483],[-69.974893855,-15.705276983],[-69.983978729,-15.700764608],[-69.99015448,-15.690272858],[-69.99305723,-15.691855359],[-69.999469979,-15.686832733],[-70.004740479,-15.689220984],[-70.01159323,-15.686659108],[-70.01862748,-15.692106358],[-70.018316105,-15.698196983],[-70.02345323,-15.707159233],[-70.02565098,-15.705166483],[-70.02646323,-15.709637609],[-70.030405104,-15.709382733],[-70.029432355,-15.717277483],[-70.034179729,-15.722627608],[-70.02954098,-15.731711859],[-70.02672673,-15.730413358],[-70.02669823,-15.739280608],[-70.023851355,-15.742205483],[-70.03299023,-15.747307983],[-70.03584223,-15.753824734],[-70.032679105,-15.763301609],[-70.035152105,-15.768675733],[-70.029295105,-15.772535733],[-70.024104605,-15.786879733],[-70.01867648,-15.791869608],[-70.012192855,-15.794107608],[-70.013132605,-15.789546108],[-70.00864573,-15.791949359],[-70.005291355,-15.789357984],[-69.999737605,-15.800274858],[-69.99340123,-15.803311358],[-69.991993104,-15.815068734],[-69.988664355,-15.819060358],[-69.995647729,-15.824159234],[-70.00396348,-15.823820734],[-70.018259729,-15.829698984],[-70.01876373,-15.834709108],[-70.014407854,-15.834041358],[-70.013633605,-15.836538983],[-70.018370855,-15.838422608],[-70.01508123,-15.850703233],[-70.002889355,-15.853390233],[-70.001846355,-15.859446733],[-69.995013979,-15.864001358],[-69.983775355,-15.861504608],[-69.97507198,-15.853058858],[-69.963699479,-15.850638108],[-69.951962355,-15.861806359],[-69.922155855,-15.873203608],[-69.91946348,-15.879978483],[-69.898884855,-15.884714858],[-69.891797104,-15.882220984],[-69.882767854,-15.890561484],[-69.88252523,-15.905715608],[-69.86837023,-15.915853233],[-69.865795229,-15.927813984],[-69.86035223,-15.931638359],[-69.853409979,-15.927893734],[-69.845371355,-15.933174359],[-69.849436854,-15.926012483],[-69.84290123,-15.918850484],[-69.846241105,-15.909532359],[-69.840785479,-15.920344483],[-69.836025104,-15.923353733],[-69.833585229,-15.920431484],[-69.838063729,-15.912236734],[-69.833747229,-15.910183608],[-69.815610855,-15.910693358],[-69.80825798,-15.922089359],[-69.794872355,-15.920985733],[-69.791425979,-15.923723484],[-69.787757605,-15.921256984],[-69.784142104,-15.928112234],[-69.777649229,-15.916721983],[-69.781107354,-15.913952734],[-69.78246348,-15.892246984],[-69.789894355,-15.888364233],[-69.792553105,-15.892606734],[-69.797737355,-15.893673858],[-69.794580854,-15.886314484],[-69.797065605,-15.883567109],[-69.80463923,-15.885927359],[-69.80435923,-15.882575484],[-69.797827855,-15.881420858],[-69.808253355,-15.869069358],[-69.810532854,-15.867755234],[-69.809760855,-15.871808483],[-69.814483604,-15.872818983],[-69.811222979,-15.881609233],[-69.817293479,-15.881999984],[-69.822462479,-15.877146484],[-69.817984979,-15.876011484],[-69.81543348,-15.868270984],[-69.818531355,-15.865797233],[-69.826642229,-15.868489484],[-69.826626104,-15.859635484],[-69.834510105,-15.860075358],[-69.83650023,-15.868707108],[-69.844930479,-15.864888484],[-69.847966104,-15.867586483],[-69.849449604,-15.861403858],[-69.850689855,-15.844320983],[-69.844062355,-15.836495233],[-69.845416604,-15.828906983],[-69.841371854,-15.823849358],[-69.842834105,-15.808184608],[-69.825106729,-15.787356108],[-69.828913229,-15.787053109],[-69.81147198,-15.786993483],[-69.805562104,-15.783390234],[-69.800960604,-15.788256483],[-69.796249104,-15.808281608],[-69.783474604,-15.814347108],[-69.77376373,-15.827979733],[-69.765875854,-15.833078608],[-69.77288323,-15.837346359],[-69.773377605,-15.847034609],[-69.778222105,-15.850462858],[-69.779451355,-15.856033234],[-69.77611123,-15.870507483],[-69.77167348,-15.871759108],[-69.773807229,-15.876607609],[-69.769308355,-15.894957858],[-69.75983948,-15.903183859],[-69.763840855,-15.904189983],[-69.763177604,-15.908365233],[-69.758820229,-15.912529983],[-69.75925323,-15.902779734],[-69.75677098,-15.900796108],[-69.751215855,-15.907556484],[-69.743056354,-15.910011983],[-69.744902355,-15.911986358],[-69.740620354,-15.919185108],[-69.736822104,-15.913376109],[-69.741491479,-15.908910233],[-69.73576273,-15.901492484],[-69.73075923,-15.903507733],[-69.725305855,-15.914545609],[-69.714356479,-15.916480734],[-69.70628823,-15.921888484],[-69.70079048,-15.920158358],[-69.697322854,-15.931356359],[-69.692480729,-15.930707483],[-69.694215354,-15.935731609],[-69.691970104,-15.940103108],[-69.688554854,-15.938253484],[-69.684169105,-15.951789484],[-69.664379604,-15.969584109],[-69.65485273,-15.967088734],[-69.655100104,-15.971828859],[-69.633361729,-15.977347108],[-69.62290573,-15.988046359],[-69.616044854,-15.988626233],[-69.61531198,-15.984892108],[-69.611928854,-15.986427984],[-69.61006548,-15.983301609],[-69.607684479,-15.987327358],[-69.602836605,-15.985485608],[-69.598333229,-15.990226484],[-69.592023855,-15.985443984],[-69.580191604,-15.987784733],[-69.579823229,-15.981855608],[-69.572254355,-15.983067609],[-69.569167354,-15.978956358],[-69.559412104,-15.978231483],[-69.557370855,-15.975356109],[-69.549635479,-15.980061358],[-69.54646723,-15.978425484],[-69.545229354,-15.981747359],[-69.541364479,-15.981229483],[-69.540505604,-15.975697234],[-69.538838354,-15.981002109],[-69.537063354,-15.976086608],[-69.523588354,-15.986218234],[-69.519680355,-15.986619859],[-69.518181354,-15.982551109],[-69.515424229,-15.985709733],[-69.517164104,-15.989082483],[-69.498528229,-15.999709359],[-69.496895479,-16.003644234],[-69.500027354,-16.007712983],[-69.496252979,-16.014779609],[-69.488383229,-16.013494734],[-69.485813479,-16.004420483],[-69.478907354,-16.004099234],[-69.480486729,-16.008649858],[-69.476203854,-16.018125608],[-69.466594105,-16.016091234],[-69.464747229,-16.020240358],[-69.462230979,-16.017456483],[-69.473821479,-16.005303858],[-69.48920773,-15.997420609],[-69.507077979,-15.982658109],[-69.514224979,-15.978857109],[-69.518641729,-15.980382858],[-69.527630354,-15.972981609],[-69.557385604,-15.962501858],[-69.59583673,-15.958871858],[-69.623308855,-15.959733859],[-69.625806979,-15.966644359],[-69.629268854,-15.967908108],[-69.632814604,-15.965077234],[-69.632688229,-15.958887984],[-69.657426729,-15.957503984],[-69.672010979,-15.959972609],[-69.682216229,-15.945105233],[-69.689260605,-15.930194858],[-69.688520729,-15.913493109],[-69.685630854,-15.913189608],[-69.687890605,-15.923570858],[-69.685361855,-15.936487733],[-69.671739355,-15.956604608],[-69.635301229,-15.958182358],[-69.627549105,-15.955176733],[-69.562660854,-15.959456608],[-69.531061354,-15.969325484],[-69.483854354,-15.993524984],[-69.465578479,-15.994187859],[-69.458205605,-15.991375359],[-69.451735479,-15.993610483],[-69.444085854,-16.003258733],[-69.443908354,-16.016209109],[-69.42316123,-16.047037358],[-69.425539729,-16.077522733],[-69.430752355,-16.095051108],[-69.445078604,-16.112478858],[-69.45280998,-16.114427233],[-69.445682104,-16.110191109],[-69.431762354,-16.080361234],[-69.435060354,-16.078796234],[-69.436209729,-16.069491983],[-69.433460854,-16.063767984],[-69.434620229,-16.053157359],[-69.437468479,-16.049214484],[-69.437175354,-16.053880234],[-69.455291604,-16.045696234],[-69.449083479,-16.051921609],[-69.438955979,-16.054191234],[-69.446871354,-16.062656733],[-69.453685979,-16.063936984],[-69.455572229,-16.060688233],[-69.456977855,-16.068887233],[-69.450642854,-16.077573608],[-69.45947448,-16.086964609],[-69.456120105,-16.090681733],[-69.464324104,-16.094104858],[-69.463866355,-16.096815234],[-69.468682979,-16.094306608],[-69.465424479,-16.098922358],[-69.470761354,-16.098291359],[-69.467157979,-16.108701858],[-69.470624479,-16.104743608],[-69.472839229,-16.106895734],[-69.469478354,-16.112616484],[-69.476270979,-16.110990984],[-69.473891855,-16.116053234],[-69.489566354,-16.127063109],[-69.491762355,-16.124246734],[-69.489477604,-16.132330234],[-69.49306723,-16.130215109],[-69.505476854,-16.143738609],[-69.502236354,-16.147321609],[-69.503135104,-16.151267984],[-69.491934729,-16.160307734],[-69.50504398,-16.174877858],[-69.510671479,-16.157933484],[-69.512265854,-16.162805858],[-69.516592354,-16.160650359],[-69.511025479,-16.169069608],[-69.513901854,-16.175420233],[-69.512759854,-16.189045234],[-69.494324229,-16.208061359],[-69.480896354,-16.204389859],[-69.472713854,-16.198214108],[-69.459962729,-16.202066109],[-69.448643854,-16.189517108],[-69.433855104,-16.180546234],[-69.424116104,-16.178940733],[-69.404010854,-16.190398109],[-69.389008479,-16.180118234],[-69.383629729,-16.191028359],[-69.390833355,-16.199100109],[-69.400396855,-16.199367358],[-69.39938798,-16.206900984],[-69.375607104,-16.235581109],[-69.355226354,-16.251061984],[-69.312258979,-16.257148734],[-69.294721229,-16.254103359],[-69.295104229,-16.260386608],[-69.286666979,-16.259319859],[-69.290235604,-16.271376109],[-69.281496604,-16.281951608],[-69.282053854,-16.286874984],[-69.267892854,-16.290444233],[-69.265175104,-16.296066859],[-69.257483979,-16.300094109],[-69.254651229,-16.291822234],[-69.257770729,-16.285827734],[-69.245992854,-16.284787609],[-69.243759354,-16.278250234],[-69.237513604,-16.273260109],[-69.246380604,-16.270800734],[-69.236291604,-16.266784359],[-69.234780479,-16.261897984],[-69.230401729,-16.262959859],[-69.232001104,-16.266459233],[-69.229100604,-16.268132233],[-69.208868979,-16.267492359],[-69.174878979,-16.256710233],[-69.168792354,-16.258605358],[-69.148298853,-16.254266109],[-69.114716229,-16.237274359],[-69.107017354,-16.240269234],[-69.117000604,-16.239843734],[-69.097311229,-16.243817859],[-69.095187104,-16.240530483],[-69.098945604,-16.237862609],[-69.094945979,-16.235556359],[-69.101757729,-16.229485983],[-69.102503604,-16.224132984],[-69.081535729,-16.221381859],[-69.062232979,-16.207462109],[-69.055258854,-16.197361609],[-69.028806979,-16.207569234],[-69.012763979,-16.219761609],[-69.007289104,-16.216378859],[-69.006974229,-16.205356609],[-68.984335853,-16.190107234],[-68.962389479,-16.191651984],[-68.956644979,-16.196566984],[-68.965448104,-16.218750608],[-68.958744479,-16.226796734],[-68.965715729,-16.226253234],[-68.970122603,-16.230231109],[-68.971609478,-16.233852109],[-68.966859604,-16.234936984],[-68.965959479,-16.239827859],[-68.971912854,-16.236075234],[-68.969593479,-16.240839109],[-68.978384103,-16.261586484],[-68.980651353,-16.257273109],[-68.983853479,-16.265366108],[-68.988131353,-16.258438859],[-68.992084854,-16.266270609],[-68.990104479,-16.268804484],[-68.995350229,-16.269506609],[-68.995895354,-16.273705609],[-68.999999978,-16.274380234],[-69.006466603,-16.271388109],[-69.001030104,-16.266583234],[-68.990488729,-16.236320609],[-69.004237728,-16.249670984],[-69.006778604,-16.260105983],[-69.010492104,-16.259892609],[-69.014035854,-16.264605609],[-69.019197854,-16.260967484],[-69.026638479,-16.263829359],[-69.025030103,-16.268565359],[-69.028635728,-16.267369109],[-69.031364729,-16.274708483],[-69.033073604,-16.268914983],[-69.044173354,-16.266500609],[-69.043055979,-16.259294609],[-69.046897729,-16.260420359],[-69.053179229,-16.255691733],[-69.055071854,-16.249058109],[-69.063055104,-16.250694484],[-69.063109979,-16.256276609],[-69.074089854,-16.256449484],[-69.076689354,-16.259480234],[-69.078126854,-16.275927359],[-69.066709354,-16.282348734],[-69.056114729,-16.277535859],[-69.055802354,-16.281037234],[-69.050006729,-16.283111859],[-69.040071104,-16.296992483],[-69.037914479,-16.296162984],[-69.037820604,-16.308520608],[-69.031453478,-16.313969984],[-69.021958729,-16.331905984],[-69.026493228,-16.342634734],[-69.022213479,-16.348999859],[-69.026074854,-16.355484859],[-69.024359854,-16.360569359],[-69.027840354,-16.361729859],[-69.030822854,-16.375776609],[-69.026618729,-16.383531234],[-69.023138354,-16.403941609],[-69.036222229,-16.409348109],[-69.033918103,-16.413417359],[-69.042652479,-16.419208984],[-69.042549104,-16.430095109],[-69.046614479,-16.434652484],[-69.055287229,-16.432549859],[-69.066035729,-16.452398859],[-69.074631854,-16.456387859],[-69.078858854,-16.462564234],[-69.083018229,-16.461559484],[-69.085794978,-16.469724234],[-69.091828104,-16.470160234],[-69.093033979,-16.473623859],[-69.090266354,-16.474840234],[-69.093908729,-16.478455984],[-69.091140479,-16.482160234],[-69.098495729,-16.490713359],[-69.097915228,-16.497865359],[-69.093292979,-16.499609859],[-69.088560479,-16.495927234],[-69.081330729,-16.498675484],[-69.082248729,-16.502886359],[-69.078229729,-16.504566359],[-69.079910853,-16.507575484],[-69.074488479,-16.519444859],[-69.067977479,-16.524017234],[-69.067667978,-16.531241484],[-69.055343479,-16.538420234],[-69.036773854,-16.559903484],[-69.039062479,-16.572880859],[-69.031302729,-16.605808609],[-69.021156229,-16.617122984],[-69.020943354,-16.629005859],[-69.017050729,-16.638152359],[-68.996101604,-16.656576234],[-69.011947229,-16.669835984],[-69.025610729,-16.672766484],[-69.043456979,-16.687841734],[-69.055208979,-16.686652359],[-69.058540979,-16.692855484],[-69.073113228,-16.696290984],[-69.104523479,-16.712458984],[-69.123923854,-16.716189484],[-69.136435604,-16.713540985],[-69.152968729,-16.724554734],[-69.170013729,-16.727535109],[-69.181685604,-16.757492234],[-69.186187479,-16.797554735],[-69.197533229,-16.799240234],[-69.219244729,-16.836130985],[-69.253397604,-16.860994359],[-69.304674979,-16.915840985],[-69.324585729,-16.951542485],[-69.32008198,-16.960753234],[-69.335429479,-16.98026486],[-69.343638729,-16.986867859],[-69.369007854,-16.990408235],[-69.393578104,-17.02056836],[-69.394394479,-17.02423436],[-69.384140604,-17.031230484],[-69.373093729,-17.048308609],[-69.373738854,-17.07312336],[-69.406268479,-17.100289484],[-69.432917229,-17.109863984],[-69.449129354,-17.097750735],[-69.511849354,-17.146170859],[-69.556901729,-17.15927511],[-69.562798479,-17.174983235],[-69.573308605,-17.185425735],[-69.56899673,-17.193996985],[-69.579759729,-17.20813086],[-69.592208979,-17.20979486],[-69.60114848,-17.216501985],[-69.615979479,-17.261279234],[-69.628289104,-17.27353911],[-69.636322229,-17.271165985],[-69.644290979,-17.280972609],[-69.641319979,-17.287449985],[-69.645816355,-17.286673859],[-69.646843729,-17.28065236],[-69.65163673,-17.27853911],[-69.65543748,-17.270751985],[-69.682931604,-17.27873636],[-69.695248105,-17.274394484],[-69.711521479,-17.282099609],[-69.714990229,-17.29135736],[-69.731070355,-17.295466734],[-69.732400355,-17.291915985],[-69.739622354,-17.292524359],[-69.750515605,-17.28387111],[-69.761837854,-17.280435485],[-69.766152355,-17.27177736],[-69.765289105,-17.263363234],[-69.788246105,-17.23644336],[-69.79873248,-17.23200786],[-69.810052729,-17.233917985],[-69.819871105,-17.24142386],[-69.850783229,-17.244081984],[-69.858790979,-17.233275359],[-69.86914448,-17.231613235],[-69.875544979,-17.22232036],[-69.898632855,-17.220906234],[-69.923476605,-17.203749984],[-69.942796855,-17.19783786],[-69.967955105,-17.17851761],[-69.972279355,-17.166007859],[-69.98136398,-17.168622484],[-69.987630855,-17.151423859],[-70.013942105,-17.141014485],[-70.025131855,-17.122181485],[-70.040330355,-17.127678985],[-70.04680473,-17.09943361],[-70.041566229,-17.077402359],[-70.04422848,-17.062872984],[-70.04233598,-17.058712859],[-70.05649223,-17.048808609],[-70.06436323,-17.038749984],[-70.073152479,-17.034914234],[-70.081954855,-17.022261859],[-70.09963798,-17.006009234],[-70.09605998,-16.998843985],[-70.098896605,-16.99211411],[-70.09577023,-16.98522611],[-70.118436105,-16.971145234],[-70.11907798,-16.959451234],[-70.125416355,-16.956522735],[-70.129260355,-16.948623234],[-70.13576648,-16.943885984],[-70.145587604,-16.942688359],[-70.14662498,-16.938730484],[-70.132267355,-16.93476761],[-70.11634973,-16.922163484],[-70.10559748,-16.897263734],[-70.094278854,-16.890924859],[-70.09111223,-16.870924109],[-70.090313855,-16.810854734],[-70.08533148,-16.80881961],[-70.081612104,-16.80173186],[-70.069559605,-16.798447484],[-70.057816355,-16.787812484],[-70.05387873,-16.774664734],[-70.057124979,-16.770164109],[-70.032208605,-16.752924859],[-70.03554198,-16.742889734],[-70.02624723,-16.740171484],[-70.01021398,-16.741339485],[-69.995563105,-16.729775984],[-69.996910355,-16.710258109],[-70.01010798,-16.700435359],[-70.011766729,-16.688483859],[-69.998390605,-16.675148359],[-70.00147173,-16.656573984],[-70.01323598,-16.640342984],[-70.020195854,-16.637398359],[-70.024149855,-16.631408359],[-70.034226355,-16.634225734],[-70.048611605,-16.627707984],[-70.055998105,-16.638624234],[-70.069502105,-16.639188859],[-70.08225573,-16.647595109],[-70.087845104,-16.655232234],[-70.137832355,-16.628574734],[-70.148760855,-16.615313359],[-70.16570598,-16.613324109],[-70.16916873,-16.600701235],[-70.17624373,-16.594152984],[-70.173085855,-16.584152984],[-70.176683605,-16.572164484],[-70.175455605,-16.561530734],[-70.180514605,-16.556864734],[-70.181202229,-16.543345359],[-70.184777979,-16.537608609],[-70.200494855,-16.539589734],[-70.22866623,-16.506075734],[-70.24352698,-16.504469984],[-70.30116998,-16.478671859],[-70.313401605,-16.468152984],[-70.306313855,-16.447205609],[-70.316735105,-16.444398609],[-70.315892855,-16.431591484],[-70.32505173,-16.417524984],[-70.332839855,-16.411470734],[-70.34868023,-16.415835234],[-70.360887605,-16.410831359],[-70.35655373,-16.400270609],[-70.38225698,-16.385923734],[-70.37147548,-16.374527859],[-70.370595105,-16.368650484],[-70.356603855,-16.367698734],[-70.356603855,-16.362225983],[-70.34561073,-16.348139484],[-70.346377355,-16.339472609],[-70.33875798,-16.322798359],[-70.34659548,-16.305602484],[-70.343841105,-16.297568859],[-70.347799855,-16.290836859],[-70.34028073,-16.270093234],[-70.345134855,-16.256101984],[-70.33625598,-16.245069859],[-70.33417098,-16.237575734],[-70.32783848,-16.234819109],[-70.32403323,-16.217872234],[-70.328560105,-16.205411984],[-70.334596605,-16.201568109],[-70.340278855,-16.200903358],[-70.357864105,-16.208782484],[-70.362279355,-16.206498609],[-70.368820355,-16.198982609],[-70.367229855,-16.189255858],[-70.373753105,-16.175917359],[-70.38411148,-16.167548358],[-70.388333105,-16.157290983],[-70.401942105,-16.149029733],[-70.408301605,-16.120795734],[-70.40111623,-16.105016108],[-70.401287105,-16.102527358],[-70.40665998,-16.101659984],[-70.40322873,-16.087231358],[-70.410932106,-16.075362858],[-70.416324105,-16.075838608],[-70.42009848,-16.069875733],[-70.434282231,-16.061878359],[-70.440124731,-16.036751483],[-70.447464856,-16.034470734],[-70.46577898,-16.050369109],[-70.482559605,-16.039474859],[-70.507324231,-16.038144483],[-70.510322355,-16.029986359],[-70.517658481,-16.033368858],[-70.52607548,-16.026723483],[-70.529977855,-16.014516858],[-70.537377105,-16.012085984],[-70.547661606,-15.996512858],[-70.560225105,-15.988298233],[-70.56288998,-15.982499983],[-70.56996998,-15.988979983],[-70.57761998,-15.990929983],[-70.586142605,-15.987742233],[-70.59271098,-15.991722609],[-70.612365355,-15.994767609],[-70.62476998,-16.003019984],[-70.64082223,-15.987636734],[-70.65632998,-16.003459984],[-70.665236356,-16.007464859],[-70.66834998,-16.013389983],[-70.673119106,-16.012021484],[-70.681851605,-16.021068358],[-70.68731248,-16.020693358],[-70.705402355,-16.031757858],[-70.72435998,-16.033669984],[-70.74123998,-16.016179984],[-70.756396481,-16.013519484],[-70.76514998,-16.017729984],[-70.77070998,-16.013079984],[-70.775969981,-16.013399984],[-70.79535173,-15.992397234],[-70.793697981,-15.983279234],[-70.799969605,-15.975963609],[-70.802996481,-15.976944609],[-70.807509105,-15.988016983],[-70.82086948,-15.977913859],[-70.828010606,-15.978255234],[-70.841308606,-15.971826609],[-70.840866106,-15.958840358],[-70.832199231,-15.949095733],[-70.839141856,-15.945099858],[-70.836730981,-15.940340983],[-70.840148981,-15.937896733],[-70.84327698,-15.923255859],[-70.849227855,-15.920739234],[-70.848823605,-15.916986483],[-70.854934731,-15.906308233],[-70.860488855,-15.902879734],[-70.865783605,-15.889386109],[-70.87496948,-15.887630484],[-70.885909981,-15.893464983],[-70.89382173,-15.886908484],[-70.89529423,-15.858977358],[-70.890068105,-15.851938234],[-70.906234731,-15.833316858],[-70.919357355,-15.807164233],[-70.919822731,-15.799978233],[-70.93614198,-15.784839608],[-70.942268355,-15.774924233],[-70.933219855,-15.770673734],[-70.922630356,-15.746190983],[-70.904754606,-15.737339983],[-70.899925106,-15.717626608],[-70.90013123,-15.712146733],[-70.909194855,-15.703784984],[-70.91786198,-15.686342233],[-70.915870606,-15.663886983],[-70.91798398,-15.643800733],[-70.92665098,-15.630054483],[-70.938026481,-15.624060733],[-70.93916323,-15.618023859],[-70.98236848,-15.598043483],[-71.006187481,-15.569043108],[-71.008438105,-15.560947358],[-71.004676856,-15.552507358],[-71.00719448,-15.542949733],[-71.014091481,-15.539554608],[-71.018356355,-15.529378983],[-71.01420598,-15.522013608],[-71.008033731,-15.519240358],[-71.01836398,-15.500021983],[-71.015174855,-15.489165358],[-70.995452855,-15.472278733],[-70.992927605,-15.458859483],[-71.00591273,-15.441682858],[-71.027122481,-15.432039233],[-71.038970981,-15.405165733],[-71.036416856,-15.391950608],[-71.019881981,-15.373258983],[-71.013338731,-15.346638483],[-71.00611898,-15.335227358],[-70.985113356,-15.316676608],[-70.977553481,-15.320414733],[-70.959058356,-15.319051608],[-70.950156481,-15.301954358],[-70.952299231,-15.289843108],[-70.962117355,-15.280217108],[-70.974393605,-15.274151733],[-70.976766856,-15.260954983],[-70.98299098,-15.256030483],[-70.985280605,-15.249029608],[-70.969873356,-15.232588858],[-70.962502481,-15.215636858],[-70.966787481,-15.210928608],[-70.967025356,-15.202634733],[-70.972911105,-15.196548607],[-70.971536731,-15.180707483],[-70.976230856,-15.175641733],[-70.976048105,-15.159950983],[-70.982009731,-15.149451983],[-70.976647731,-15.142257358],[-70.978641856,-15.111367858],[-70.980619231,-15.105855733],[-70.994138855,-15.094801858],[-70.991905356,-15.070626358],[-70.99654673,-15.054349858],[-70.99338348,-15.035814858],[-70.996787106,-15.028825358],[-70.996574356,-15.016730357],[-71.004206356,-14.998656733],[-71.004050106,-14.971877232],[-70.996254856,-14.963716607],[-70.996638981,-14.953934358],[-70.984740356,-14.946068482],[-70.99057023,-14.926872233],[-70.986291731,-14.915480858],[-70.995973356,-14.893905232],[-70.991367856,-14.861269358],[-70.996591855,-14.843943483],[-70.991535481,-14.841194858],[-70.99467548,-14.829898983],[-70.978326606,-14.824154607],[-70.977382855,-14.806458982],[-70.983708981,-14.786031233],[-70.975059231,-14.764981982],[-70.981528606,-14.755488233],[-71.013093481,-14.739693857],[-71.019941231,-14.745594357],[-71.027763481,-14.760074983],[-71.032418856,-14.759127482],[-71.035693856,-14.752117358],[-71.053240481,-14.754330483],[-71.064861355,-14.734402858],[-71.089510356,-14.713188107],[-71.088042981,-14.695701107],[-71.09743448,-14.685241857],[-71.102999481,-14.684485733],[-71.104814105,-14.677529483],[-71.11010698,-14.673537107],[-71.118091731,-14.647949858],[-71.112456356,-14.643492608],[-71.109118481,-14.633950857],[-71.082688231,-14.629854358],[-71.073904856,-14.631446482],[-71.03104198,-14.593262607],[-71.024895606,-14.591925107],[-71.010053106,-14.597541982],[-71.015105231,-14.588285107],[-71.020430731,-14.585345482],[-71.014710356,-14.577978482],[-70.999542855,-14.572301483],[-70.977703231,-14.583021107],[-70.973232856,-14.570518982],[-70.966116481,-14.568335982],[-70.973222355,-14.554477857],[-70.981572105,-14.548516982],[-70.982499731,-14.543493357],[-70.978850231,-14.539119357],[-70.999348856,-14.502638107],[-70.986585355,-14.498717982],[-70.98920648,-14.487162482],[-70.982551231,-14.475310732],[-70.988454356,-14.461225357],[-70.987972606,-14.455320357],[-70.981993731,-14.449272482],[-70.962352981,-14.444538982],[-70.966358106,-14.435221857],[-70.973962856,-14.429005857],[-70.972060855,-14.420402607],[-70.978378981,-14.417038607],[-70.985820856,-14.406725607],[-70.978691605,-14.394484357],[-70.980217855,-14.386461107],[-70.98603598,-14.379762482],[-70.970482481,-14.378283857],[-70.962084981,-14.361168232],[-70.942879105,-14.351939482],[-70.92977273,-14.340878232],[-70.91878923,-14.344723607],[-70.912182105,-14.341473107],[-70.90782698,-14.333973732],[-70.91388048,-14.324260482],[-70.913456856,-14.303319482],[-70.892822731,-14.286671857],[-70.890989356,-14.272714982],[-70.879914605,-14.270434107],[-70.882627855,-14.266598482],[-70.88216498,-14.253465232],[-70.899792605,-14.232986231],[-70.89457973,-14.209108607],[-70.886852605,-14.205335606],[-70.882143856,-14.198785607],[-70.882988981,-14.192748732],[-70.889393481,-14.187038857],[-70.886610106,-14.172314357],[-70.882039356,-14.168251482],[-70.874127355,-14.171325357],[-70.86733798,-14.169561231],[-70.862686981,-14.159965106],[-70.854400856,-14.159243357],[-70.84625973,-14.148899107],[-70.833113356,-14.142634357],[-70.82114448,-14.141146857],[-70.821676856,-14.133816482],[-70.806130106,-14.120320107],[-70.80561023,-14.099284357],[-70.79004298,-14.080968357],[-70.795882855,-14.072119107],[-70.817914731,-14.067582857],[-70.829471731,-14.076336857],[-70.831665981,-14.061521482],[-70.849524105,-14.054171482],[-70.852878981,-14.040919232],[-70.860391106,-14.030841857],[-70.86121048,-14.023208982],[-70.853534605,-14.012859357],[-70.84036223,-14.008167107],[-70.852636106,-13.998196731],[-70.843903356,-13.976124482],[-70.846275606,-13.963541231],[-70.840190356,-13.956424482],[-70.833039106,-13.938099732],[-70.819912105,-13.929408231],[-70.811043355,-13.918603231],[-70.809672856,-13.912264231],[-70.814184231,-13.901128357],[-70.830859606,-13.895075107],[-70.825624731,-13.878053732],[-70.830008105,-13.871140356],[-70.832420355,-13.856872481],[-70.838745355,-13.852812732],[-70.854160606,-13.853548232],[-70.86127973,-13.843310606],[-70.875135856,-13.838986107],[-70.881225355,-13.832837731],[-70.878430731,-13.827983606],[-70.87931598,-13.815672606],[-70.863512106,-13.800904981],[-70.853926481,-13.798604982],[-70.850599981,-13.802672232],[-70.849082855,-13.815299231],[-70.828400356,-13.827630856],[-70.817906231,-13.820525357],[-70.796718731,-13.822357481],[-70.792982481,-13.817001982],[-70.767726605,-13.814384731],[-70.732216855,-13.823449231],[-70.719808606,-13.830343732],[-70.70918573,-13.843148481],[-70.708558355,-13.828099732],[-70.69885823,-13.803167607],[-70.71386398,-13.772801356],[-70.72209148,-13.770641981],[-70.718702105,-13.764901857],[-70.72641023,-13.747134856],[-70.73537573,-13.735299356],[-70.732538105,-13.728123607],[-70.735866856,-13.712450357],[-70.721235106,-13.700155607],[-70.720940481,-13.683006856],[-70.714252355,-13.677209357],[-70.715128855,-13.662253981],[-70.704241231,-13.658420107],[-70.69951823,-13.659769731],[-70.68951998,-13.652593106],[-70.670658355,-13.662069981],[-70.662806981,-13.660567106],[-70.64836173,-13.650231606],[-70.647428105,-13.644163106],[-70.63740298,-13.637666107],[-70.636916356,-13.632775231],[-70.625260605,-13.625852482],[-70.616190856,-13.609062482],[-70.61067898,-13.608953482],[-70.600719355,-13.599075606],[-70.58860423,-13.598584481],[-70.577870105,-13.585841106],[-70.560372731,-13.586614356],[-70.55027123,-13.576837606],[-70.54362548,-13.577635231],[-70.542152855,-13.559774731],[-70.546597731,-13.549843356],[-70.538873605,-13.531256732],[-70.519873855,-13.513967606],[-70.48879473,-13.500380731],[-70.48258873,-13.487651981],[-70.46910023,-13.474258606],[-70.45261798,-13.447918356],[-70.453161356,-13.445457356],[-70.46866273,-13.443028231],[-70.471826981,-13.439927981],[-70.45916298,-13.423443357],[-70.45709373,-13.416324231],[-70.451083855,-13.411865731],[-70.44868673,-13.397770607],[-70.44264598,-13.395405482],[-70.452362356,-13.368525731],[-70.451115855,-13.365169732],[-70.434048355,-13.362101481],[-70.431267606,-13.357658731],[-70.419825355,-13.358553731],[-70.399500355,-13.371643606],[-70.39942598,-13.362988107],[-70.392731105,-13.344771856],[-70.402502605,-13.329410481],[-70.39559873,-13.316665481],[-70.38394923,-13.310944606],[-70.371902605,-13.313310856],[-70.36805748,-13.307072481],[-70.345846605,-13.312746106],[-70.346648105,-13.295187231],[-70.354734105,-13.291897981],[-70.37083748,-13.276411356],[-70.38037998,-13.271991731],[-70.405352355,-13.269408481],[-70.407923605,-13.263042231],[-70.420408355,-13.258570106],[-70.42295498,-13.254719106],[-70.416308855,-13.242607106],[-70.390626481,-13.232108481],[-70.387946605,-13.225163231],[-70.39107423,-13.219084606],[-70.384463855,-13.204735856],[-70.388466855,-13.192388731],[-70.38310273,-13.183149606],[-70.385576855,-13.167038981],[-70.401227105,-13.153229981],[-70.389943605,-13.137571731],[-70.389662105,-13.131538356],[-70.39539298,-13.130537981],[-70.409040605,-13.138859731],[-70.417695105,-13.13308998],[-70.40440673,-13.126084606],[-70.402868105,-13.114412856],[-70.058890604,-13.215722606],[-69.97853123,-13.244164106],[-69.649863229,-13.341716856],[-68.871873229,-13.003925856],[-68.867636604,-13.010748606]]]]},"properties":{"name":"Puno","mapcolor":21,"cartodb_id":21}},{"type":"Feature","geometry":{"type":"MultiPolygon","coordinates":[[[[-77.716783112,-5.415966849],[-77.671869737,-5.408771224],[-77.660005737,-5.424744724],[-77.639127737,-5.430298724],[-77.628058737,-5.439402349],[-77.606973987,-5.448583099],[-77.602726361,-5.458981598],[-77.594810112,-5.464224224],[-77.579490612,-5.459806099],[-77.570137236,-5.438271599],[-77.558119112,-5.425578099],[-77.550646736,-5.436247974],[-77.543780487,-5.438946349],[-77.537347987,-5.450630974],[-77.531869736,-5.451077098],[-77.529590362,-5.458147599],[-77.518074362,-5.465543848],[-77.499513612,-5.509552724],[-77.500432112,-5.515341224],[-77.492271486,-5.519704474],[-77.491767361,-5.529338224],[-77.504875611,-5.541502224],[-77.507365236,-5.552664099],[-77.490189362,-5.562460849],[-77.472751736,-5.554786849],[-77.462042987,-5.568373099],[-77.460831111,-5.584693974],[-77.444136737,-5.586289099],[-77.437343737,-5.592435474],[-77.433002487,-5.588910224],[-77.432005862,-5.583142598],[-77.421551487,-5.589302474],[-77.410599612,-5.589753848],[-77.404240737,-5.574365599],[-77.371820362,-5.567105474],[-77.364866861,-5.580179724],[-77.345814987,-5.587980349],[-77.337026237,-5.604026349],[-77.322676862,-5.600233474],[-77.293178861,-5.605060099],[-77.279909861,-5.601084974],[-77.272796611,-5.612517974],[-77.265800986,-5.613969473],[-77.254404861,-5.607756849],[-77.249573112,-5.599407099],[-77.240817486,-5.602419849],[-77.231941361,-5.595460974],[-77.226159236,-5.608996474],[-77.212709362,-5.621306349],[-77.207524236,-5.622382849],[-77.206293486,-5.630549599],[-77.202161237,-5.634464474],[-77.191612986,-5.633376974],[-77.178672486,-5.641424099],[-77.161925862,-5.624568724],[-77.142351862,-5.625438599],[-77.138437111,-5.628374724],[-77.140285736,-5.634246974],[-77.136153486,-5.638705474],[-77.137132111,-5.644033974],[-77.126910236,-5.650993599],[-77.109946111,-5.647948724],[-77.102966736,-5.655777348],[-77.091796611,-5.654232724],[-77.062142111,-5.667608849],[-77.056048487,-5.662542974],[-77.045743986,-5.661942724],[-77.042042237,-5.664943974],[-77.027135611,-5.663843474],[-77.013929736,-5.670746599],[-77.003289736,-5.665658849],[-76.995605611,-5.667119099],[-76.986900986,-5.686213474],[-76.972908236,-5.698953099],[-76.961352736,-5.706077224],[-76.934434736,-5.711487974],[-76.918728737,-5.721504349],[-76.915454236,-5.729017099],[-76.904766986,-5.737324849],[-76.896297736,-5.739431849],[-76.892843611,-5.747782474],[-76.861831986,-5.739726474],[-76.835451111,-5.745555349],[-76.824604236,-5.757296099],[-76.829422611,-5.777340724],[-76.821873861,-5.801625474],[-76.816328736,-5.807566224],[-76.818918486,-5.813478599],[-76.826338861,-5.817847474],[-76.818990236,-5.834183599],[-76.820203486,-5.859285849],[-76.791614236,-5.885979725],[-76.787075111,-5.895630224],[-76.777711065,-5.899323247],[-76.775863736,-5.918591349],[-76.767131111,-5.928632724],[-76.767488111,-5.9406251],[-76.764632736,-5.946621349],[-76.752030088,-5.947912003],[-76.74777313,-5.952207486],[-76.749906588,-5.961913927],[-76.745553119,-5.975564531],[-76.758057758,-5.99555394],[-76.748867286,-6.006341192],[-76.731810986,-6.004518224],[-76.716219361,-6.013269474],[-76.699542861,-6.010907849],[-76.673733486,-6.0124551],[-76.666853611,-6.010680725],[-76.661315111,-6.004696974],[-76.645190611,-6.006200099],[-76.640011361,-6.002604724],[-76.623100736,-6.008323849],[-76.618281236,-6.014398474],[-76.604940486,-6.017197474],[-76.586202671,-6.013274487],[-76.562958615,-6.001566023],[-76.548875827,-6.012753587],[-76.5361735,-6.013103475],[-76.517994361,-6.003406724],[-76.50669844,-6.009924105],[-76.480922825,-6.013962675],[-76.471011309,-6.009493556],[-76.441146643,-6.007015157],[-76.43018106,-6.002766353],[-76.424739401,-5.99580796],[-76.414352629,-5.965999998],[-76.400158054,-5.953558719],[-76.37278711,-5.973759724],[-76.36218936,-5.987824224],[-76.340531236,-6.03204485],[-76.333549986,-6.035519974],[-76.33400611,-6.042106849],[-76.31533986,-6.054066349],[-76.31970561,-6.073569474],[-76.318296611,-6.086094975],[-76.303500985,-6.099618475],[-76.285079531,-6.103831543],[-76.277910536,-6.112151575],[-76.265206138,-6.119688242],[-76.256172543,-6.120613869],[-76.247149378,-6.126061412],[-76.201983852,-6.132495561],[-76.145989357,-6.146673401],[-76.088482909,-6.107566844],[-76.063948941,-6.099403292],[-76.05454046,-6.102351484],[-76.042717656,-6.100996079],[-76.01797004,-6.091130013],[-76.01353004,-6.083580013],[-76.005753326,-6.095217552],[-75.958450549,-6.098380286],[-75.945621707,-6.117874493],[-75.919148694,-6.140577029],[-75.895874816,-6.132024964],[-75.858605777,-6.142201166],[-75.840209707,-6.141340119],[-75.83849004,-6.139060013],[-75.84619004,-6.129910013],[-75.84376004,-6.122360013],[-75.85088004,-6.112090013],[-75.851520039,-6.101750013],[-75.84142004,-6.105820013],[-75.83458004,-6.104850013],[-75.83472004,-6.107010013],[-75.83319004,-6.101630012],[-75.82767004,-6.103230013],[-75.827680039,-6.098580013],[-75.808849985,-6.103939974],[-75.80709986,-6.101769974],[-75.795459985,-6.106889974],[-75.794299985,-6.115179974],[-75.783329985,-6.119889974],[-75.783089985,-6.123339974],[-75.779709985,-6.117889974],[-75.774629985,-6.120649974],[-75.775669985,-6.124969974],[-75.769519985,-6.125079974],[-75.767619985,-6.136109974],[-75.772029985,-6.135639974],[-75.770729985,-6.137869974],[-75.774759985,-6.140609974],[-75.770489985,-6.147729974],[-75.75803011,-6.141449975],[-75.752369985,-6.146290099],[-75.745539985,-6.142479974],[-75.73819986,-6.141529975],[-75.73299986,-6.144419974],[-75.726643603,-6.144015836],[-75.722009985,-6.139209974],[-75.718829985,-6.141229975],[-75.711419985,-6.135399974],[-75.712649985,-6.130799974],[-75.69855986,-6.112489974],[-75.691049985,-6.112209974],[-75.680049985,-6.095309975],[-75.672289985,-6.093399974],[-75.666299985,-6.098929975],[-75.652689985,-6.098129975],[-75.636459985,-6.088949975],[-75.629209985,-6.082989974],[-75.626139985,-6.073979974],[-75.62481636,-6.039371099],[-75.621070235,-6.02938085],[-75.607062485,-6.019343724],[-75.57110511,-6.003987725],[-75.565037878,-6.025574531],[-75.54862886,-6.055652349],[-75.532793735,-6.095599474],[-75.525554985,-6.1651256],[-75.494147735,-6.189316974],[-75.48718761,-6.203415349],[-75.48728511,-6.254259724],[-75.496343735,-6.281025349],[-75.509362985,-6.300286724],[-75.53466011,-6.322263725],[-75.550094985,-6.347707974],[-75.54321436,-6.3629276],[-75.543327609,-6.379463724],[-75.53644711,-6.391540225],[-75.54341811,-6.406865224],[-75.540823735,-6.414353849],[-75.533730485,-6.416300724],[-75.53900286,-6.435132975],[-75.52984936,-6.440098099],[-75.529341735,-6.448529349],[-75.520141235,-6.464820725],[-75.524227485,-6.475579599],[-75.50959661,-6.49214135],[-75.508301984,-6.533465225],[-75.502983485,-6.552228725],[-75.509304735,-6.582978475],[-75.500228485,-6.640322225],[-75.50620711,-6.697052975],[-75.50038086,-6.7572851],[-75.502347609,-6.769566475],[-75.512734985,-6.786465725],[-75.53600961,-6.79397285],[-75.544041485,-6.7996436],[-75.561840235,-6.8016141],[-75.57416736,-6.808825975],[-75.571643735,-6.8124826],[-75.576786235,-6.82098885],[-75.58543761,-6.820659975],[-75.59507211,-6.8325111],[-75.61025186,-6.839100475],[-75.632847235,-6.843395475],[-75.640958985,-6.8342161],[-75.642373985,-6.815761975],[-75.647746235,-6.81921735],[-75.659671985,-6.8193321],[-75.66809736,-6.82641735],[-75.672915235,-6.844396975],[-75.68675411,-6.84614285],[-75.68998636,-6.8612676],[-75.70080561,-6.869113975],[-75.70712711,-6.86004335],[-75.71645836,-6.857708725],[-75.72479586,-6.850874475],[-75.73856411,-6.8500641],[-75.74605661,-6.85654685],[-75.74789261,-6.85242985],[-75.753478611,-6.85488735],[-75.76267536,-6.85104285],[-75.768429485,-6.85381785],[-75.78053911,-6.8484121],[-75.78344461,-6.83704935],[-75.791330485,-6.834159475],[-75.79456036,-6.82893685],[-75.791681735,-6.8248126],[-75.79418336,-6.8214016],[-75.81397186,-6.825477975],[-75.813933485,-6.817225475],[-75.82719461,-6.81019435],[-75.832585985,-6.802227975],[-75.84387536,-6.797261725],[-75.85975361,-6.801555975],[-75.86451686,-6.79818285],[-75.872720235,-6.79825485],[-75.87751586,-6.80229835],[-75.891349985,-6.794631225],[-75.906831985,-6.792472225],[-75.91121036,-6.794880225],[-75.91535561,-6.790635975],[-75.925893736,-6.793833475],[-75.93797411,-6.791406725],[-75.942950735,-6.7950291],[-75.96495111,-6.7884066],[-75.980162235,-6.800068975],[-75.98383311,-6.793753225],[-75.986087861,-6.79687435],[-75.98974211,-6.795441475],[-75.99532786,-6.79843985],[-76.00058011,-6.795063225],[-76.009157735,-6.79906185],[-76.01158486,-6.806022225],[-76.025829485,-6.805276225],[-76.051043485,-6.8109231],[-76.04886036,-6.830326225],[-76.03522461,-6.8493341],[-76.03500386,-6.86498635],[-76.010646736,-6.89042135],[-76.01701861,-6.90297235],[-76.015735861,-6.913700975],[-76.04640236,-6.9249316],[-76.051844235,-6.9378716],[-76.03564011,-6.993146475],[-76.031666361,-6.995168975],[-76.02049011,-6.98965735],[-76.010791485,-6.996536475],[-76.008113235,-7.002220725],[-76.005781235,-7.03023435],[-76.012346736,-7.037492475],[-76.010318235,-7.041398975],[-76.014742985,-7.06557935],[-76.01071711,-7.07837985],[-76.02077911,-7.096984351],[-76.02025561,-7.10752535],[-76.023301235,-7.11430685],[-76.040076485,-7.11668635],[-76.04658561,-7.121430225],[-76.059944985,-7.161301225],[-76.08702436,-7.1792716],[-76.102313986,-7.184667351],[-76.111804235,-7.183051225],[-76.143525236,-7.203962475],[-76.145714985,-7.217929225],[-76.159275611,-7.2305686],[-76.154800735,-7.23342385],[-76.166661486,-7.267596351],[-76.188221611,-7.282060226],[-76.197338235,-7.297532976],[-76.213111361,-7.310142601],[-76.195918235,-7.33440285],[-76.21540811,-7.3953331],[-76.20439686,-7.431326851],[-76.19141611,-7.448685351],[-76.186207361,-7.465416976],[-76.179354235,-7.4715986],[-76.16727536,-7.4930176],[-76.155730985,-7.501603351],[-76.141968736,-7.505259726],[-76.13206836,-7.52207485],[-76.12191086,-7.525992351],[-76.117607861,-7.539025976],[-76.115670986,-7.562502726],[-76.091373611,-7.560355726],[-76.08870386,-7.563329101],[-76.087253736,-7.580747726],[-76.07971861,-7.584335976],[-76.084904736,-7.605118351],[-76.093871485,-7.609725976],[-76.082855486,-7.619652351],[-76.082374985,-7.631888726],[-76.097683735,-7.642242476],[-76.10133211,-7.650456351],[-76.09824411,-7.693537101],[-76.102706986,-7.704265476],[-76.10159261,-7.722663976],[-76.08667386,-7.729231726],[-76.08443511,-7.762560976],[-76.067070235,-7.769289601],[-76.060550985,-7.787813851],[-76.043802985,-7.7923436],[-76.037301111,-7.816926476],[-76.021657485,-7.837135851],[-76.02257061,-7.843019851],[-76.008491735,-7.856042601],[-76.00325661,-7.874418101],[-76.00750961,-7.884906226],[-76.006039736,-7.890586851],[-76.000955986,-7.893326351],[-75.988166986,-7.892326601],[-75.975661485,-7.908968101],[-75.979857736,-7.915150851],[-75.985855486,-7.917144351],[-75.98530886,-7.937009351],[-75.99150536,-7.941008476],[-75.993509736,-7.953566351],[-75.984352235,-7.958868226],[-75.966979486,-7.960359351],[-75.961347485,-7.958687476],[-75.95056461,-7.947445101],[-75.93945561,-7.946120101],[-75.92783786,-7.957255976],[-75.920071485,-7.947155726],[-75.895207611,-7.933930476],[-75.888087735,-7.931882726],[-75.882182111,-7.933879101],[-75.858793235,-7.921125351],[-75.849443485,-7.933424226],[-75.849206735,-7.939850226],[-75.83773786,-7.951224101],[-75.83682161,-7.965310476],[-75.82949286,-7.973495851],[-75.833966235,-7.992936101],[-75.83910011,-8.000226226],[-75.844932735,-8.059638101],[-75.853189485,-8.058638726],[-75.86002186,-8.068625726],[-75.87089811,-8.069286226],[-75.874112735,-8.066821226],[-75.887305985,-8.074876976],[-75.895711361,-8.071593852],[-75.920988485,-8.073119351],[-75.929198111,-8.081164976],[-75.929364735,-8.089302852],[-75.951802986,-8.101295226],[-75.940637235,-8.110459226],[-75.94191636,-8.117240601],[-75.93619961,-8.124604976],[-75.934026985,-8.134428477],[-75.936191235,-8.144731851],[-75.933126485,-8.152806851],[-75.94116486,-8.186183977],[-75.935427861,-8.200777601],[-75.926474611,-8.206219227],[-75.924164485,-8.233209602],[-75.912885861,-8.256099977],[-75.913358485,-8.260548976],[-75.91858386,-8.264069351],[-75.915576986,-8.267882851],[-75.91422511,-8.281941101],[-75.920816111,-8.299674227],[-75.927093235,-8.306762101],[-75.943623236,-8.312820226],[-75.948657986,-8.318280102],[-75.951829235,-8.314847227],[-75.962219861,-8.314300851],[-75.986425735,-8.322294977],[-75.994124986,-8.319234352],[-75.996345993,-8.305633396],[-76.006038923,-8.304724426],[-76.014735835,-8.319445598],[-76.01977146,-8.320538454],[-76.02667386,-8.328552726],[-76.039624986,-8.331927726],[-76.042595735,-8.341591852],[-76.047789111,-8.340503851],[-76.05519336,-8.329615226],[-76.073618228,-8.333794324],[-76.087016522,-8.328142866],[-76.108811004,-8.335827364],[-76.116039032,-8.348198667],[-76.121877888,-8.35050559],[-76.129096361,-8.360710977],[-76.119796361,-8.372502227],[-76.113613485,-8.374211726],[-76.109165985,-8.379613226],[-76.11323436,-8.385224601],[-76.10778711,-8.399013727],[-76.110394485,-8.404865101],[-76.108714861,-8.415990227],[-76.11882036,-8.430412226],[-76.11693161,-8.442177726],[-76.12806836,-8.455312476],[-76.127718736,-8.464951227],[-76.130667985,-8.467876977],[-76.126021485,-8.516333976],[-76.131175736,-8.528456977],[-76.126396485,-8.545417976],[-76.132011735,-8.552816351],[-76.130355485,-8.555896477],[-76.134679736,-8.572556601],[-76.123689485,-8.588830102],[-76.12016011,-8.589562477],[-76.124529235,-8.603572227],[-76.123958985,-8.608519477],[-76.120804735,-8.609542977],[-76.123355485,-8.615017601],[-76.120292985,-8.619062477],[-76.12424011,-8.624246101],[-76.12029486,-8.628763726],[-76.121074236,-8.633755977],[-76.10761711,-8.640466851],[-76.107128861,-8.648800727],[-76.10919336,-8.653956976],[-76.11333986,-8.653062476],[-76.115499986,-8.657683602],[-76.11924411,-8.652320352],[-76.12628911,-8.656501976],[-76.130029236,-8.655287102],[-76.130206986,-8.663111352],[-76.139488235,-8.666640602],[-76.136531235,-8.674052727],[-76.145429735,-8.686751976],[-76.146566361,-8.705914101],[-76.150880861,-8.708654351],[-76.145265611,-8.711435602],[-76.155978486,-8.732755852],[-76.162857236,-8.731478477],[-76.166439485,-8.756414102],[-76.187761485,-8.761176102],[-76.19733786,-8.757314477],[-76.202257861,-8.773521477],[-76.21377236,-8.773519977],[-76.215523486,-8.786632851],[-76.230154236,-8.796294977],[-76.235861361,-8.791755851],[-76.23205661,-8.778441476],[-76.24088411,-8.768041976],[-76.231705735,-8.759151477],[-76.241730735,-8.755612227],[-76.244027361,-8.751533227],[-76.23142186,-8.749681602],[-76.22850586,-8.746080102],[-76.240628861,-8.731371102],[-76.244583986,-8.717675726],[-76.257126986,-8.709371102],[-76.254884735,-8.690068352],[-76.264121111,-8.691046852],[-76.26794336,-8.688087727],[-76.262992235,-8.682208976],[-76.250273485,-8.687748102],[-76.247085985,-8.685861352],[-76.252779236,-8.665312476],[-76.268726736,-8.651019227],[-76.262464861,-8.638298977],[-76.26875686,-8.632804976],[-76.269552736,-8.627498102],[-76.26159961,-8.616357602],[-76.27344561,-8.605513851],[-76.270574236,-8.599214852],[-76.272460986,-8.595376977],[-76.285271486,-8.586589852],[-76.278619111,-8.578140602],[-76.28035861,-8.573563977],[-76.289206986,-8.568937477],[-76.301808611,-8.573615227],[-76.300960985,-8.558751976],[-76.31176811,-8.546784227],[-76.31594536,-8.530435602],[-76.32402536,-8.525023476],[-76.319431986,-8.511021101],[-76.31143686,-8.505005351],[-76.313533361,-8.498717602],[-76.322166986,-8.493734352],[-76.32742686,-8.479908351],[-76.32171611,-8.469839477],[-76.328118111,-8.461904601],[-76.332836985,-8.430525851],[-76.33945936,-8.424804851],[-76.356099611,-8.425074227],[-76.366709985,-8.411540727],[-76.371664111,-8.411065602],[-76.375785361,-8.422581226],[-76.389624986,-8.426331977],[-76.400428361,-8.437467727],[-76.417496235,-8.443748226],[-76.42795511,-8.462902352],[-76.436058611,-8.469880851],[-76.436371111,-8.476373101],[-76.444344611,-8.489558351],[-76.449594361,-8.517533351],[-76.457281236,-8.527494101],[-76.455467486,-8.535440352],[-76.467860861,-8.558429227],[-76.466167361,-8.569742977],[-76.49250386,-8.575760851],[-76.495620236,-8.575329352],[-76.499090236,-8.563941102],[-76.493558611,-8.553011602],[-76.494837861,-8.549587851],[-76.505124985,-8.535550727],[-76.515255861,-8.533636727],[-76.540074235,-8.512921852],[-76.545650361,-8.503560601],[-76.544351611,-8.499298852],[-76.547806611,-8.497640602],[-76.566292986,-8.508146477],[-76.593040986,-8.508289101],[-76.602353486,-8.512197226],[-76.613689486,-8.510244102],[-76.614814361,-8.513419976],[-76.620369111,-8.511578102],[-76.636794861,-8.514562476],[-76.643484361,-8.523648477],[-76.653007861,-8.520945352],[-76.666531236,-8.525906226],[-76.669091861,-8.522384726],[-76.678435486,-8.521066352],[-76.679962861,-8.527576226],[-76.697271486,-8.532408226],[-76.712010611,-8.527777101],[-76.719434486,-8.519115851],[-76.728403986,-8.515004476],[-76.740989361,-8.524646852],[-76.754593736,-8.519644601],[-76.768424111,-8.526809352],[-76.777683861,-8.521550977],[-76.790149861,-8.523641352],[-76.796318736,-8.511188227],[-76.804449861,-8.510572727],[-76.818717611,-8.517658227],[-76.831583611,-8.516655226],[-76.842659111,-8.525229976],[-76.846842361,-8.545789727],[-76.852189736,-8.550681477],[-76.862540361,-8.552537352],[-76.864701611,-8.566349601],[-76.870895611,-8.564043726],[-76.874889736,-8.558200601],[-76.884439986,-8.558248977],[-76.887358111,-8.554798101],[-76.896162111,-8.561998852],[-76.897084236,-8.568750602],[-76.903835861,-8.565805851],[-76.916298361,-8.570159727],[-76.936667986,-8.566581977],[-76.942378236,-8.556843852],[-76.940122736,-8.551956727],[-76.948889486,-8.545666102],[-76.955369861,-8.545590727],[-76.967018486,-8.559592226],[-76.974346861,-8.560964601],[-76.994841861,-8.555631726],[-77.011597611,-8.537687477],[-77.023434111,-8.542897852],[-77.031419861,-8.540882852],[-77.037371111,-8.553339851],[-77.049801361,-8.553715227],[-77.056111361,-8.549703726],[-77.061001736,-8.537782227],[-77.075662111,-8.534204602],[-77.075879862,-8.526650727],[-77.084332237,-8.525617976],[-77.091785986,-8.516192601],[-77.085494111,-8.509953101],[-77.084955987,-8.502037351],[-77.080550737,-8.498328101],[-77.081937736,-8.487256352],[-77.090279362,-8.482328101],[-77.101324487,-8.488200101],[-77.108727487,-8.479833601],[-77.118395486,-8.478954602],[-77.123584361,-8.483805477],[-77.139927736,-8.480455101],[-77.142494111,-8.475527351],[-77.131050862,-8.454275602],[-77.133843736,-8.440021476],[-77.119780111,-8.447651226],[-77.104588986,-8.444763476],[-77.102420611,-8.437192726],[-77.093195986,-8.434469602],[-77.093898236,-8.427373102],[-77.086638611,-8.407138726],[-77.074195362,-8.405361351],[-77.067619111,-8.396587852],[-77.047074236,-8.403890601],[-77.034011736,-8.404706977],[-77.000429236,-8.382403476],[-76.992466611,-8.390139101],[-76.991684736,-8.396296351],[-76.981852736,-8.393240726],[-76.976898611,-8.396138726],[-76.971800986,-8.391151976],[-76.974348111,-8.378252601],[-76.968372612,-8.371241477],[-76.956128611,-8.371627352],[-76.951247362,-8.375705227],[-76.942679236,-8.359945476],[-76.927004736,-8.359257102],[-76.926184861,-8.350490351],[-76.931930236,-8.342595102],[-76.913745236,-8.326089852],[-76.912472236,-8.312714351],[-76.906999487,-8.304433851],[-76.910515112,-8.295073601],[-76.901243236,-8.283466351],[-76.907748861,-8.254463352],[-76.912691236,-8.249959352],[-76.913078986,-8.236987851],[-76.925596736,-8.218497352],[-76.923630611,-8.206452851],[-76.912266486,-8.189783976],[-76.911858487,-8.180953101],[-76.907011361,-8.171364726],[-76.911769361,-8.158901226],[-76.932236611,-8.137142851],[-76.947033611,-8.139919476],[-76.966205736,-8.122156601],[-76.984914861,-8.113853476],[-76.986252361,-8.103882351],[-76.994870361,-8.085210727],[-77.005371111,-8.079359351],[-77.018013611,-8.054421851],[-77.024458986,-8.049150352],[-77.070335987,-8.039076226],[-77.110527361,-8.025226601],[-77.117683611,-8.025017601],[-77.132685486,-8.032136726],[-77.150535112,-8.032042976],[-77.166228486,-8.021636726],[-77.182830111,-8.022373102],[-77.204872986,-8.012554726],[-77.215247986,-8.014255851],[-77.231865237,-8.011748101],[-77.240775361,-8.014867226],[-77.251312736,-8.028003601],[-77.260078111,-8.048439476],[-77.281341611,-8.048783226],[-77.296664236,-8.062565726],[-77.303277362,-8.063042976],[-77.307212237,-8.056598351],[-77.321997987,-8.059111351],[-77.327425612,-8.054091976],[-77.335732611,-8.056639101],[-77.349299111,-8.054384351],[-77.373283861,-8.064684726],[-77.385745612,-8.054714601],[-77.381152236,-8.037340351],[-77.374936362,-8.031527226],[-77.388050487,-8.019904601],[-77.393831737,-8.009134851],[-77.399891737,-8.007823476],[-77.407154986,-7.992811476],[-77.400495362,-7.983004726],[-77.398126362,-7.970838226],[-77.387445486,-7.962887851],[-77.390522362,-7.947312976],[-77.385558237,-7.943855101],[-77.386749987,-7.937355476],[-77.382659237,-7.925139601],[-77.375367361,-7.920064226],[-77.376909237,-7.908821351],[-77.388826737,-7.907696976],[-77.401062487,-7.898277351],[-77.407717987,-7.902965226],[-77.410784486,-7.900524726],[-77.438384737,-7.850150351],[-77.431573111,-7.841736351],[-77.435596737,-7.829350476],[-77.442619112,-7.824187476],[-77.442861112,-7.813641726],[-77.450230361,-7.808342476],[-77.457942611,-7.810932601],[-77.472136737,-7.803023476],[-77.478590237,-7.804240476],[-77.482451112,-7.796518726],[-77.490150987,-7.793442601],[-77.493131486,-7.785763475],[-77.497970486,-7.785518101],[-77.505073736,-7.779031851],[-77.506550112,-7.770380726],[-77.525468737,-7.768341851],[-77.526182112,-7.753889226],[-77.497360486,-7.738974226],[-77.495149612,-7.731197226],[-77.483276237,-7.720247351],[-77.483406237,-7.697655976],[-77.468369111,-7.690089851],[-77.461279237,-7.691371101],[-77.459237486,-7.686904226],[-77.461489987,-7.678958475],[-77.467168361,-7.67467785],[-77.488628612,-7.685250351],[-77.497889612,-7.686354851],[-77.509474612,-7.676536226],[-77.508291612,-7.666894851],[-77.511602487,-7.657404976],[-77.521698986,-7.6543821],[-77.526785987,-7.657688601],[-77.538391362,-7.650227976],[-77.537138237,-7.64438685],[-77.528681612,-7.641730726],[-77.522704237,-7.633407226],[-77.529155487,-7.620962476],[-77.528388736,-7.6159501],[-77.512304612,-7.611286851],[-77.505375237,-7.615257601],[-77.495247112,-7.614134976],[-77.485763612,-7.603992226],[-77.496944736,-7.582741476],[-77.505872237,-7.586181101],[-77.508720236,-7.581741475],[-77.515766737,-7.583647226],[-77.520260487,-7.5772241],[-77.536704612,-7.582280976],[-77.540067237,-7.577413601],[-77.536931612,-7.571292976],[-77.540788987,-7.5641776],[-77.533743112,-7.554384851],[-77.535629737,-7.543832725],[-77.530194237,-7.538888475],[-77.529127737,-7.51619235],[-77.521314487,-7.5113301],[-77.522468237,-7.506861851],[-77.526917737,-7.50483935],[-77.533925362,-7.508654976],[-77.539076862,-7.50738535],[-77.542662236,-7.497123475],[-77.550293611,-7.4948356],[-77.554303487,-7.47838835],[-77.560614987,-7.4689546],[-77.559659986,-7.464187476],[-77.591867237,-7.4435071],[-77.598968237,-7.448510351],[-77.610712986,-7.434244101],[-77.613649987,-7.419949476],[-77.630917737,-7.4138746],[-77.621678362,-7.396994101],[-77.631485736,-7.376246226],[-77.634825862,-7.3501286],[-77.639211612,-7.343701225],[-77.632754737,-7.333450226],[-77.634486737,-7.325359351],[-77.628419237,-7.320808726],[-77.633914487,-7.3075766],[-77.637400112,-7.28493585],[-77.646920237,-7.270050226],[-77.637200487,-7.253509976],[-77.645125487,-7.253454725],[-77.647350612,-7.241514351],[-77.638139237,-7.243403475],[-77.633812487,-7.2330976],[-77.605530237,-7.21916185],[-77.607452987,-7.20594285],[-77.612980987,-7.206368101],[-77.621048736,-7.191630725],[-77.615504236,-7.177997225],[-77.621998861,-7.17166835],[-77.634266362,-7.169414851],[-77.642429486,-7.149756475],[-77.681261862,-7.131641975],[-77.689100737,-7.121324976],[-77.696881112,-7.120362725],[-77.712845237,-7.108549725],[-77.718047112,-7.08755285],[-77.707778362,-7.076195725],[-77.707005987,-7.06852485],[-77.715940737,-7.065926975],[-77.724318237,-7.059064351],[-77.739160987,-7.036966725],[-77.740404612,-7.026513975],[-77.745317987,-7.0209596],[-77.743841862,-7.01316435],[-77.747680237,-7.004715225],[-77.744263237,-6.998864101],[-77.747820612,-6.9939726],[-77.747188737,-6.98606185],[-77.755059362,-6.976696225],[-77.758933612,-6.96450785],[-77.738384487,-6.94834335],[-77.740253987,-6.937091975],[-77.733816362,-6.92857735],[-77.715760612,-6.921201975],[-77.707197986,-6.908182725],[-77.723324862,-6.893455975],[-77.733236612,-6.873833475],[-77.730987987,-6.866959225],[-77.736867487,-6.863603475],[-77.740978112,-6.85391735],[-77.741684862,-6.840586475],[-77.764748987,-6.799758475],[-77.759480862,-6.793269725],[-77.737444612,-6.789093725],[-77.731897862,-6.78346735],[-77.735206987,-6.777949225],[-77.737169237,-6.76032935],[-77.745683237,-6.75336085],[-77.748012987,-6.74582435],[-77.739500487,-6.711099725],[-77.743795987,-6.7066186],[-77.745052362,-6.693598225],[-77.740822237,-6.685585975],[-77.745606487,-6.665158225],[-77.738740237,-6.652957475],[-77.738965112,-6.64646885],[-77.715935487,-6.6591231],[-77.711003112,-6.6705146],[-77.701693362,-6.676886725],[-77.692923862,-6.6785176],[-77.679693362,-6.674095725],[-77.673146362,-6.66592835],[-77.662661862,-6.65989985],[-77.660517612,-6.641505849],[-77.653855487,-6.636054725],[-77.651773487,-6.62998635],[-77.631173862,-6.613367225],[-77.612336737,-6.612261225],[-77.603179112,-6.616329725],[-77.583902736,-6.6346266],[-77.575308612,-6.634490225],[-77.568764737,-6.638217725],[-77.563697612,-6.644084725],[-77.558852986,-6.659139225],[-77.544074237,-6.6769961],[-77.534969362,-6.674035475],[-77.521197612,-6.679679099],[-77.517175487,-6.673627975],[-77.510655861,-6.67233935],[-77.504119112,-6.675980475],[-77.491322737,-6.674800225],[-77.475481986,-6.683628475],[-77.456467487,-6.68052235],[-77.438669112,-6.7001291],[-77.419871362,-6.706720225],[-77.405557237,-6.726214225],[-77.400135362,-6.70845285],[-77.381732986,-6.6975891],[-77.397728111,-6.669349225],[-77.404986112,-6.66305435],[-77.407656237,-6.646331975],[-77.423692612,-6.638061975],[-77.435654362,-6.61807035],[-77.437880862,-6.60252735],[-77.393869861,-6.602688225],[-77.380511737,-6.569227975],[-77.359290987,-6.56444535],[-77.344846737,-6.547229099],[-77.335152362,-6.522328475],[-77.330483487,-6.497492725],[-77.332785487,-6.490165224],[-77.326356612,-6.46802735],[-77.305914736,-6.453723725],[-77.297670737,-6.424739975],[-77.290159486,-6.42195585],[-77.273158612,-6.406530849],[-77.278260861,-6.388031724],[-77.275466111,-6.382201474],[-77.282549237,-6.3733356],[-77.280838611,-6.363939849],[-77.286659986,-6.331023474],[-77.275261861,-6.327519974],[-77.266813736,-6.330282475],[-77.261690362,-6.327144849],[-77.256015861,-6.33594185],[-77.243653111,-6.338120475],[-77.241275986,-6.352639975],[-77.233470236,-6.359931725],[-77.221456362,-6.381132725],[-77.208964986,-6.375043349],[-77.194874236,-6.381291224],[-77.181481236,-6.378459474],[-77.171732487,-6.381169974],[-77.163410612,-6.3780811],[-77.161740237,-6.371463849],[-77.150309611,-6.360530974],[-77.149123861,-6.353450225],[-77.144346861,-6.3490966],[-77.143753987,-6.342354599],[-77.132302736,-6.322550724],[-77.132424361,-6.304759475],[-77.138898861,-6.291730349],[-77.147614486,-6.2862161],[-77.155352486,-6.274490974],[-77.170790736,-6.265198975],[-77.168863362,-6.256074099],[-77.174070236,-6.246529349],[-77.190443362,-6.239356099],[-77.211626736,-6.21584035],[-77.219190736,-6.194313099],[-77.202056737,-6.179714849],[-77.222985112,-6.146895974],[-77.229206487,-6.143759849],[-77.233863611,-6.148758974],[-77.240654111,-6.149761724],[-77.253014362,-6.138925974],[-77.257955612,-6.138015724],[-77.272875737,-6.13873735],[-77.280478487,-6.142209099],[-77.290002611,-6.133130724],[-77.303357862,-6.1325491],[-77.310396736,-6.126616974],[-77.316872487,-6.125550599],[-77.332410736,-6.112181599],[-77.346427987,-6.114341099],[-77.351216362,-6.090191849],[-77.358679361,-6.072820224],[-77.380500112,-6.079985975],[-77.385454486,-6.068642099],[-77.382417987,-6.063468724],[-77.389289237,-6.05781235],[-77.395497612,-6.039376724],[-77.419304737,-6.032380849],[-77.421846987,-6.049208349],[-77.429076362,-6.051940474],[-77.429637737,-6.061125224],[-77.432115736,-6.061916349],[-77.449682612,-6.043867974],[-77.459434612,-6.023613474],[-77.467508362,-6.019614974],[-77.466974612,-6.010966724],[-77.471142737,-6.008222974],[-77.472998737,-6.00068785],[-77.476904862,-5.999967599],[-77.487075362,-6.010248849],[-77.489020737,-6.028510974],[-77.509751862,-6.032496099],[-77.518843736,-6.055943349],[-77.536589862,-6.063705099],[-77.541493362,-6.059503474],[-77.542228112,-6.05278785],[-77.554735362,-6.050728725],[-77.557951112,-6.039595724],[-77.566803237,-6.028121974],[-77.572677487,-6.033477974],[-77.582240737,-6.032730349],[-77.586199487,-6.036916599],[-77.596361612,-6.03333085],[-77.597973737,-6.027817099],[-77.593456361,-6.00934735],[-77.597707862,-6.004415974],[-77.615390237,-6.000789975],[-77.622080862,-6.004831724],[-77.639139862,-6.001079474],[-77.649247737,-5.992227974],[-77.660626362,-5.988450349],[-77.662702737,-5.983530349],[-77.669892362,-5.979357224],[-77.673576987,-5.970299975],[-77.672008612,-5.964744599],[-77.659913862,-5.955134849],[-77.651890612,-5.935331974],[-77.663293862,-5.917670224],[-77.668886737,-5.896810974],[-77.665512362,-5.892204724],[-77.683080487,-5.877575599],[-77.677882862,-5.859646599],[-77.681526736,-5.849487099],[-77.694813361,-5.840232849],[-77.726415987,-5.843981974],[-77.740514237,-5.8350886],[-77.746138362,-5.835110474],[-77.763929112,-5.819708724],[-77.770355487,-5.788142599],[-77.767173862,-5.776275349],[-77.760560112,-5.770454474],[-77.772418612,-5.753351349],[-77.764873237,-5.748372224],[-77.759358612,-5.729847974],[-77.765905862,-5.716028974],[-77.775147987,-5.710751974],[-77.775090862,-5.689679349],[-77.768622987,-5.679466849],[-77.769170862,-5.674501599],[-77.754365237,-5.658997723],[-77.750904987,-5.643037599],[-77.752606237,-5.637577599],[-77.738918737,-5.622166474],[-77.736383987,-5.609290099],[-77.744455862,-5.587332974],[-77.751675737,-5.582263599],[-77.751057487,-5.568272349],[-77.765761737,-5.538982474],[-77.757037362,-5.513941599],[-77.771570362,-5.493920599],[-77.770637487,-5.478153098],[-77.765364737,-5.470994849],[-77.751885987,-5.464918974],[-77.748831987,-5.459859349],[-77.768451237,-5.438048724],[-77.746719612,-5.413786849],[-77.744827737,-5.406899098],[-77.716783112,-5.415966849]]]]},"properties":{"name":"San Martin","mapcolor":22,"cartodb_id":22}},{"type":"Feature","geometry":{"type":"MultiPolygon","coordinates":[[[[-70.266042855,-16.779554234],[-70.25415898,-16.787565609],[-70.253301605,-16.798089609],[-70.24730048,-16.802464859],[-70.223015605,-16.810154234],[-70.204140605,-16.808271484],[-70.19425973,-16.818107359],[-70.18663873,-16.815882859],[-70.18130073,-16.817874984],[-70.18406723,-16.834687484],[-70.19737023,-16.841841484],[-70.20482623,-16.839007859],[-70.211714855,-16.840810484],[-70.220664105,-16.84750386],[-70.22308398,-16.85608786],[-70.23766323,-16.85484886],[-70.243767604,-16.860242234],[-70.259364605,-16.903654109],[-70.259306105,-16.920522609],[-70.253624605,-16.931768484],[-70.25432748,-16.940026859],[-70.247181855,-16.952443985],[-70.227033355,-16.95935536],[-70.218013355,-16.946352484],[-70.19253498,-16.941022609],[-70.179825104,-16.930069734],[-70.180117855,-16.92374411],[-70.173689355,-16.912232359],[-70.169632855,-16.916714859],[-70.14837223,-16.921869734],[-70.14766948,-16.926438359],[-70.152003729,-16.933173985],[-70.145587604,-16.942688359],[-70.13576648,-16.943885984],[-70.129260355,-16.948623234],[-70.125416355,-16.956522735],[-70.11907798,-16.959451234],[-70.118436105,-16.971145234],[-70.095288855,-16.985847859],[-70.09865873,-16.990733985],[-70.09605998,-16.998843985],[-70.09963798,-17.006009234],[-70.081954855,-17.022261859],[-70.073152479,-17.034914234],[-70.06436323,-17.038749984],[-70.05649223,-17.048808609],[-70.04233598,-17.058712859],[-70.04422848,-17.062872984],[-70.041566229,-17.077402359],[-70.04680473,-17.09943361],[-70.040330355,-17.127678985],[-70.025131855,-17.122181485],[-70.013174855,-17.141639985],[-69.987630855,-17.151423859],[-69.98136398,-17.168622484],[-69.97248423,-17.16585936],[-69.967955105,-17.17851761],[-69.95794523,-17.186585985],[-69.938566354,-17.200150359],[-69.911011729,-17.210378985],[-69.898632855,-17.220906234],[-69.875544979,-17.22232036],[-69.86914448,-17.231613235],[-69.858790979,-17.233275359],[-69.849912105,-17.244205109],[-69.819871105,-17.24142386],[-69.810052729,-17.233917985],[-69.79873248,-17.23200786],[-69.790550729,-17.23528911],[-69.774345979,-17.249943485],[-69.765289105,-17.263363234],[-69.766152355,-17.27177736],[-69.761837854,-17.280435485],[-69.750515605,-17.28387111],[-69.739622354,-17.292524359],[-69.732400355,-17.291915985],[-69.731070355,-17.295466734],[-69.714990229,-17.29135736],[-69.711521479,-17.282099609],[-69.695248105,-17.274394484],[-69.682931604,-17.27873636],[-69.65543748,-17.270751985],[-69.644560605,-17.28751561],[-69.603996104,-17.286855485],[-69.575218729,-17.292589859],[-69.467316354,-17.37353711],[-69.468292979,-17.50416986],[-69.551361354,-17.57508986],[-69.665412104,-17.65990036],[-69.79598823,-17.646242235],[-69.82119723,-17.686355485],[-69.82504298,-17.70441211],[-69.82167773,-17.743812485],[-69.800048854,-17.762331985],[-69.795714855,-17.86225786],[-69.776718729,-17.90816011],[-69.747177729,-17.943937485],[-69.751503854,-17.98558986],[-69.813080105,-18.114478486],[-69.854308729,-18.165347611],[-69.90074998,-18.20191011],[-69.960548855,-18.262884736],[-69.980232605,-18.270263611],[-70.05070698,-18.268802736],[-70.149652355,-18.318367236],[-70.19716798,-18.322187485],[-70.28680473,-18.308105486],[-70.31745123,-18.309703111],[-70.35387698,-18.326193361],[-70.370833981,-18.341099611],[-70.376711105,-18.350927736],[-70.413078106,-18.320624985],[-70.484816355,-18.271181611],[-70.59789448,-18.203910111],[-70.678574231,-18.16184761],[-70.70094723,-18.140064486],[-70.709218731,-18.13756836],[-70.70911523,-18.132372985],[-70.715431605,-18.125175735],[-70.72754673,-18.119154361],[-70.73099998,-18.106210985],[-70.74679298,-18.09396486],[-70.75350973,-18.092314485],[-70.751880856,-18.088544861],[-70.76059573,-18.07870511],[-70.763050731,-18.079792986],[-70.777292981,-18.07091986],[-70.779425731,-18.065738111],[-70.799917981,-18.052136735],[-70.81167373,-18.05024611],[-70.810193355,-18.045351611],[-70.81315623,-18.040488235],[-70.823576106,-18.034787111],[-70.842580105,-18.03242386],[-70.849224605,-18.02637886],[-70.855255855,-18.027080111],[-70.864449231,-18.018828111],[-70.870331981,-18.019906111],[-70.871966855,-18.015386735],[-70.879001981,-18.014970736],[-70.88520123,-18.00668161],[-70.887695355,-18.009285111],[-70.88925198,-18.00341011],[-70.882585981,-17.993359361],[-70.890091856,-17.979747985],[-70.890189355,-17.96929486],[-70.912083981,-17.952800735],[-70.909052731,-17.944689485],[-70.910492231,-17.940068361],[-70.923333981,-17.93778911],[-70.925259731,-17.92668161],[-70.93032623,-17.925769486],[-70.935429731,-17.929306611],[-70.94314448,-17.913812485],[-70.959683606,-17.910665986],[-70.975179731,-17.89678511],[-71.009134731,-17.876896485],[-71.029511731,-17.884904235],[-71.040621106,-17.878919861],[-71.044472606,-17.881396486],[-71.052374981,-17.88032811],[-71.058683605,-17.873417985],[-71.065138731,-17.87504686],[-71.096275356,-17.868197235],[-71.096123105,-17.861822235],[-71.10383398,-17.852915985],[-71.105452981,-17.84340236],[-71.139443356,-17.821482361],[-71.126279981,-17.812829985],[-71.121409981,-17.803349985],[-71.121489856,-17.785629985],[-71.103142605,-17.75527536],[-71.101134731,-17.739497985],[-71.094238231,-17.73324411],[-71.082175855,-17.734617235],[-71.084400231,-17.72029711],[-71.082191356,-17.71668361],[-71.07347848,-17.713753985],[-71.05792398,-17.718075235],[-71.049376231,-17.708826985],[-71.035789106,-17.709658235],[-71.02691598,-17.703874985],[-71.01711323,-17.70921086],[-71.005142605,-17.69259961],[-71.003349605,-17.683699235],[-70.992996231,-17.67911911],[-70.98316223,-17.684626985],[-70.96455998,-17.676019985],[-70.95627998,-17.675959985],[-70.93143998,-17.687549985],[-70.912499981,-17.687369985],[-70.903889981,-17.622559985],[-70.896469981,-17.610819985],[-70.893159981,-17.59284986],[-70.88407998,-17.581639985],[-70.87995998,-17.555669985],[-70.86675998,-17.547379985],[-70.86394998,-17.539439985],[-70.85602998,-17.531599985],[-70.84375998,-17.524659985],[-70.82293998,-17.495779985],[-70.809779981,-17.485819985],[-70.77997998,-17.450599985],[-70.770040855,-17.44774511],[-70.763565856,-17.44052111],[-70.754629605,-17.43757811],[-70.751151355,-17.422380984],[-70.73671998,-17.408279984],[-70.735578355,-17.401229985],[-70.742659731,-17.39628761],[-70.752404105,-17.38057336],[-70.746702855,-17.351353609],[-70.733868231,-17.32319111],[-70.705652231,-17.291179735],[-70.713207106,-17.286031359],[-70.715917105,-17.27365211],[-70.704279105,-17.26720511],[-70.70119523,-17.25459961],[-70.692979356,-17.241175235],[-70.68812323,-17.239223985],[-70.684090731,-17.224264734],[-70.65109348,-17.209175359],[-70.633554355,-17.210844735],[-70.630029106,-17.21397461],[-70.617470731,-17.20876561],[-70.609978355,-17.214503859],[-70.58137023,-17.20165236],[-70.572507855,-17.19410936],[-70.55505048,-17.197663234],[-70.550020731,-17.18576086],[-70.527798605,-17.16830836],[-70.521140605,-17.158234359],[-70.516869105,-17.14285936],[-70.49513473,-17.110343734],[-70.491313605,-17.090208485],[-70.47998573,-17.084408985],[-70.468224355,-17.087525485],[-70.462208105,-17.081915734],[-70.448739355,-17.080669109],[-70.44635448,-17.062674609],[-70.43920123,-17.050363235],[-70.444083855,-17.045626984],[-70.448820605,-17.028419984],[-70.45337348,-17.024002735],[-70.453237981,-17.017959485],[-70.46190998,-17.012647734],[-70.46315848,-17.004367484],[-70.45044723,-16.98397661],[-70.44319923,-16.964277359],[-70.465016855,-16.944434109],[-70.46082223,-16.93447461],[-70.453657605,-16.929745735],[-70.459191355,-16.922738235],[-70.451691355,-16.913121109],[-70.45175198,-16.900005734],[-70.44157423,-16.892404359],[-70.450035105,-16.881019485],[-70.447753855,-16.874126984],[-70.450966856,-16.861816484],[-70.443787105,-16.854390609],[-70.440689355,-16.840046859],[-70.432601605,-16.839845735],[-70.42081448,-16.830998109],[-70.408660105,-16.829970735],[-70.40081823,-16.819228484],[-70.38086723,-16.812591859],[-70.378037105,-16.803242234],[-70.37279498,-16.798179734],[-70.36016798,-16.796581984],[-70.358847605,-16.791710984],[-70.35399623,-16.789478484],[-70.34492573,-16.791464859],[-70.334816355,-16.785033235],[-70.32367573,-16.782994109],[-70.318007855,-16.77898436],[-70.317871105,-16.775294859],[-70.307611355,-16.773046859],[-70.291856855,-16.781345234],[-70.268287105,-16.77043161],[-70.26385523,-16.772666234],[-70.266042855,-16.779554234]]]]},"properties":{"name":"Tacna","mapcolor":23,"cartodb_id":23}},{"type":"Feature","geometry":{"type":"MultiPolygon","coordinates":[[[[-80.285214865,-3.412763722],[-80.273849614,-3.414951222],[-80.256667989,-3.413154347],[-80.230148489,-3.428787097],[-80.221097614,-3.437736347],[-80.220763614,-3.445500097],[-80.240126865,-3.461253847],[-80.242140614,-3.466810597],[-80.239160114,-3.477183597],[-80.244173864,-3.478833972],[-80.242263614,-3.480540972],[-80.245023489,-3.485800722],[-80.232435489,-3.489164097],[-80.228005864,-3.501617222],[-80.215726614,-3.499996097],[-80.21676174,-3.511720722],[-80.210480489,-3.519369097],[-80.215228489,-3.524972597],[-80.206228489,-3.533685597],[-80.210804739,-3.540916097],[-80.208345739,-3.540978472],[-80.208222615,-3.548404347],[-80.204988239,-3.552210972],[-80.208775364,-3.554267597],[-80.213626989,-3.567488222],[-80.212146614,-3.570697222],[-80.21863674,-3.573906222],[-80.211128864,-3.592208972],[-80.198874989,-3.592415972],[-80.188191364,-3.598402347],[-80.191511739,-3.612222597],[-80.197160115,-3.617706972],[-80.196037114,-3.625728472],[-80.186615239,-3.629130847],[-80.185594239,-3.658995972],[-80.187457989,-3.671406847],[-80.192216864,-3.672501347],[-80.192089114,-3.678307722],[-80.198736364,-3.689378847],[-80.19361324,-3.707999972],[-80.185015614,-3.715337847],[-80.180179739,-3.735162097],[-80.184638614,-3.733511722],[-80.180472615,-3.741214847],[-80.18844924,-3.743312472],[-80.183578115,-3.751748097],[-80.187732364,-3.747626847],[-80.191937489,-3.748542972],[-80.188880865,-3.752855472],[-80.192228489,-3.754341847],[-80.191496114,-3.759181597],[-80.188519489,-3.762978472],[-80.192714865,-3.774732472],[-80.185195364,-3.775304722],[-80.176056614,-3.792753847],[-80.171392489,-3.791240347],[-80.160431614,-3.802390597],[-80.160365239,-3.823767597],[-80.163111364,-3.827673847],[-80.158378989,-3.836392597],[-80.159693364,-3.841693347],[-80.15295699,-3.848101597],[-80.151437489,-3.854830097],[-80.15786324,-3.858771473],[-80.158554739,-3.869818347],[-80.133056614,-3.890091972],[-80.127196364,-3.888118597],[-80.129222489,-3.891545848],[-80.126883739,-3.895083598],[-80.139190239,-3.907773972],[-80.139776739,-3.912549348],[-80.157810489,-3.913146472],[-80.164626989,-3.922425722],[-80.183456989,-3.927248097],[-80.187734364,-3.936841848],[-80.216779864,-3.956979598],[-80.219023365,-3.951910097],[-80.228960989,-3.954466848],[-80.234472739,-3.948465723],[-80.240415989,-3.957072222],[-80.24006049,-3.960871097],[-80.23616249,-3.962720722],[-80.246546865,-3.969689473],[-80.250521489,-3.978404348],[-80.25425249,-3.979769847],[-80.262329989,-3.999449972],[-80.272233239,-4.008101097],[-80.288615489,-4.011334472],[-80.298076239,-4.017258097],[-80.307456114,-4.012638972],[-80.323692615,-4.011165847],[-80.328556239,-4.000986098],[-80.338645364,-3.992172473],[-80.344044239,-3.995453347],[-80.352758739,-3.994764723],[-80.365596614,-3.981819972],[-80.377110739,-3.989635347],[-80.391908489,-3.987190847],[-80.398287489,-3.980264347],[-80.410273489,-3.990113222],[-80.420216489,-3.990818097],[-80.424539739,-3.996471847],[-80.430244115,-3.989503848],[-80.445103489,-3.996126972],[-80.44520499,-4.002442347],[-80.44130774,-4.005872722],[-80.448016739,-4.010034223],[-80.445317489,-4.015854723],[-80.45622724,-4.017361847],[-80.451745239,-4.023058598],[-80.451126614,-4.031027223],[-80.456755865,-4.034581347],[-80.46791874,-4.035042473],[-80.470961114,-4.048011097],[-80.479883114,-4.054871347],[-80.473756115,-4.059618347],[-80.475716865,-4.066883097],[-80.471815989,-4.073592972],[-80.473974114,-4.079558223],[-80.476215989,-4.081913972],[-80.48500824,-4.080128222],[-80.488273489,-4.084816347],[-80.51734174,-4.098162097],[-80.525027364,-4.108978472],[-80.52674799,-4.121179722],[-80.532990239,-4.121699222],[-80.540619114,-4.140859347],[-80.545720739,-4.141550722],[-80.552220739,-4.158400348],[-80.558980489,-4.161080097],[-80.55674024,-4.166500098],[-80.562380864,-4.167617222],[-80.56125974,-4.176580098],[-80.57380074,-4.182130848],[-80.576980489,-4.195480472],[-80.58049024,-4.194410098],[-80.58694924,-4.198949222],[-80.590669865,-4.206359348],[-80.589820365,-4.214119098],[-80.604419865,-4.210740223],[-80.604390614,-4.216470722],[-80.60873049,-4.217070348],[-80.611330115,-4.225390598],[-80.62268949,-4.231892597],[-80.632660115,-4.228039098],[-80.645230489,-4.229560597],[-80.699320365,-4.187800598],[-80.712199239,-4.189619097],[-80.714710989,-4.193570347],[-80.719681615,-4.194189472],[-80.72821099,-4.186689473],[-80.728560489,-4.181470723],[-80.735140615,-4.178029347],[-80.735820364,-4.180990222],[-80.74474999,-4.184289098],[-80.748740364,-4.177400348],[-80.75830274,-4.179447223],[-80.76300974,-4.174910098],[-80.780380865,-4.175730473],[-80.783369115,-4.180570348],[-80.803306615,-4.175966848],[-80.837232365,-4.189355473],[-80.865703115,-4.188878847],[-80.88282224,-4.192800723],[-80.900773364,-4.179417973],[-80.92367574,-4.169480472],[-80.92831449,-4.169025348],[-80.931539115,-4.176726597],[-80.935673865,-4.178410098],[-80.944089865,-4.168482472],[-80.957955115,-4.174189473],[-80.96756249,-4.172597597],[-80.970777365,-4.166912097],[-80.961650365,-4.148236347],[-80.967974615,-4.140947222],[-80.97132224,-4.127117222],[-80.978265614,-4.127271472],[-80.987777365,-4.117132847],[-80.993087865,-4.117910097],[-80.999962865,-4.111361347],[-81.019277365,-4.112818347],[-81.02340624,-4.106959097],[-81.03072074,-4.103740222],[-81.04141799,-4.087546847],[-81.01065824,-4.041331973],[-80.98681249,-3.984699223],[-80.972794865,-3.976591847],[-80.964193365,-3.958986347],[-80.88809574,-3.913527348],[-80.874400365,-3.899974597],[-80.85592574,-3.894216847],[-80.83364649,-3.875757847],[-80.828691365,-3.837296847],[-80.788236365,-3.749298847],[-80.771757865,-3.739624972],[-80.753599615,-3.718169972],[-80.726566365,-3.710796847],[-80.683630865,-3.679498097],[-80.667695365,-3.676679722],[-80.656558615,-3.666775347],[-80.635189364,-3.667068347],[-80.622900364,-3.659482472],[-80.603515614,-3.636449222],[-80.578861365,-3.633831972],[-80.544845739,-3.589732472],[-80.516308614,-3.530081972],[-80.497714865,-3.499187472],[-80.498634739,-3.503683597],[-80.495089864,-3.503437472],[-80.49213374,-3.497120846],[-80.490693489,-3.496848722],[-80.47964849,-3.501234347],[-80.490872614,-3.498504346],[-80.492816489,-3.499998097],[-80.49373824,-3.503673847],[-80.490350115,-3.499119222],[-80.47487499,-3.506462847],[-80.469703114,-3.505706972],[-80.475785115,-3.505220722],[-80.479701115,-3.503621097],[-80.469931614,-3.505216847],[-80.45793949,-3.500248097],[-80.462962864,-3.503968722],[-80.460953114,-3.505921847],[-80.456246115,-3.499995597],[-80.428533239,-3.487874846],[-80.418766364,-3.485706722],[-80.405325489,-3.485218847],[-80.39804974,-3.487557222],[-80.42071049,-3.486648722],[-80.429729739,-3.489250472],[-80.432707614,-3.492726347],[-80.441133114,-3.494766847],[-80.434561239,-3.494011847],[-80.43188824,-3.492798222],[-80.430224114,-3.490445097],[-80.428702865,-3.490181722],[-80.425082489,-3.492233097],[-80.430941615,-3.495095347],[-80.431138615,-3.498623097],[-80.415958989,-3.496388722],[-80.414371114,-3.501843721],[-80.419539114,-3.501402347],[-80.423939489,-3.506445347],[-80.424675739,-3.510652347],[-80.420849615,-3.510197222],[-80.421044864,-3.512810597],[-80.397978489,-3.504302722],[-80.376718739,-3.492138722],[-80.394544865,-3.491617222],[-80.378035115,-3.489408222],[-80.37190624,-3.485722596],[-80.350691364,-3.466392597],[-80.32627149,-3.436314472],[-80.339544864,-3.454861347],[-80.337122989,-3.456052722],[-80.32659174,-3.439779347],[-80.313185489,-3.404507846],[-80.31847849,-3.381773347],[-80.285214865,-3.412763722]]]]},"properties":{"name":"Tumbes","mapcolor":24,"cartodb_id":24}},{"type":"Feature","geometry":{"type":"MultiPolygon","coordinates":[[[[-74.471445609,-7.276174726],[-74.463520858,-7.298596851],[-74.453753734,-7.298254726],[-74.444447234,-7.307129225],[-74.431321359,-7.30159485],[-74.423779484,-7.310813975],[-74.413827234,-7.314896851],[-74.370177984,-7.3172721],[-74.366601358,-7.320198225],[-74.361566859,-7.336606726],[-74.356570984,-7.336627726],[-74.344313484,-7.344729601],[-74.316232109,-7.35127035],[-74.284036858,-7.354202225],[-74.273308484,-7.347423726],[-74.267031859,-7.34912685],[-74.253658984,-7.343682475],[-74.244552734,-7.347406226],[-74.233726609,-7.360015601],[-74.180856859,-7.358747225],[-74.161821108,-7.371120475],[-74.141636483,-7.377771726],[-74.140715484,-7.3928051],[-74.132936859,-7.40080235],[-74.115386484,-7.406074101],[-74.066626733,-7.43820935],[-74.039109483,-7.448879476],[-74.035186233,-7.466296725],[-74.036473858,-7.481244475],[-74.026023359,-7.489779226],[-74.018373108,-7.491445351],[-74.012091858,-7.513884726],[-73.999862109,-7.518179226],[-73.983033233,-7.534361351],[-73.978568358,-7.561470725],[-73.958404234,-7.564437475],[-73.943587859,-7.578351601],[-73.924880859,-7.582550725],[-73.911216859,-7.596634725],[-73.889023484,-7.603552726],[-73.895517608,-7.61800385],[-73.894035108,-7.633206851],[-73.900458984,-7.640228476],[-73.876769608,-7.658648476],[-73.868064483,-7.675296726],[-73.855376983,-7.677589851],[-73.843665983,-7.666708976],[-73.839179733,-7.666871101],[-73.834533233,-7.683271476],[-73.836060608,-7.692230476],[-73.822464984,-7.700515601],[-73.820946609,-7.713341976],[-73.817755858,-7.717259726],[-73.808791233,-7.719218975],[-73.801760108,-7.713720851],[-73.771476858,-7.727238101],[-73.741415983,-7.733287225],[-73.734088983,-7.744752476],[-73.729468358,-7.745068226],[-73.727077108,-7.740159726],[-73.714799233,-7.742385976],[-73.711717358,-7.760905226],[-73.688480109,-7.767135476],[-73.678369484,-7.782406601],[-73.680622609,-7.794504101],[-73.676187858,-7.800530351],[-73.682823983,-7.817893976],[-73.678159734,-7.857964101],[-73.687423858,-7.868503851],[-73.695136733,-7.868126976],[-73.703574233,-7.875956976],[-73.720908234,-7.872396476],[-73.735451108,-7.878810601],[-73.744513733,-7.870917976],[-73.758267608,-7.870671851],[-73.761542983,-7.860599601],[-73.765824233,-7.866216851],[-73.755224609,-7.892328101],[-73.765105483,-7.895369226],[-73.772255858,-7.909164101],[-73.766121108,-7.911183601],[-73.754830108,-7.925412101],[-73.740302733,-7.929673851],[-73.741318359,-7.939031226],[-73.747886733,-7.947373226],[-73.730476608,-7.952628851],[-73.726783234,-7.965845726],[-73.720763733,-7.958193351],[-73.712294983,-7.960578101],[-73.705634733,-7.954703101],[-73.705769483,-7.964804726],[-73.699867233,-7.976320351],[-73.691322233,-7.975421851],[-73.681099608,-7.983867226],[-73.681664108,-7.996751976],[-73.668022983,-8.013148101],[-73.664636233,-8.009404851],[-73.662630858,-8.012167726],[-73.653425983,-8.013080226],[-73.639248483,-8.006529476],[-73.633880608,-8.011503601],[-73.630458358,-8.022779851],[-73.624500858,-8.022946351],[-73.616851233,-8.034250226],[-73.616758983,-8.038816351],[-73.625964608,-8.049748726],[-73.626252858,-8.057459726],[-73.612416233,-8.076196851],[-73.608949858,-8.089760726],[-73.603143733,-8.095352476],[-73.600782733,-8.103624726],[-73.589835983,-8.112548851],[-73.584471108,-8.128678477],[-73.590274983,-8.144493851],[-73.588926983,-8.153700102],[-73.595694733,-8.164560851],[-73.589775358,-8.179300726],[-73.588790858,-8.196974601],[-73.576126983,-8.209902352],[-73.571412108,-8.223660101],[-73.583945358,-8.231281226],[-73.587386358,-8.240860976],[-73.577306233,-8.245094601],[-73.562992233,-8.245497851],[-73.539453983,-8.265418352],[-73.526261983,-8.270785727],[-73.528601108,-8.282870851],[-73.537613358,-8.296773476],[-73.532180358,-8.302929477],[-73.533987858,-8.307112727],[-73.526809233,-8.314394602],[-73.526433108,-8.321132601],[-73.532162483,-8.335980476],[-73.541871108,-8.344425726],[-73.542259733,-8.349650351],[-73.521820358,-8.360134726],[-73.519867358,-8.372984352],[-73.512837858,-8.372728476],[-73.485294733,-8.384223102],[-73.441311358,-8.425401102],[-73.421691358,-8.434689477],[-73.406714858,-8.431290976],[-73.399421858,-8.440331976],[-73.398574233,-8.450201227],[-73.390585983,-8.457853476],[-73.388115233,-8.470240227],[-73.383505858,-8.470685477],[-73.376152358,-8.463761726],[-73.371606358,-8.472651602],[-73.360688858,-8.470285227],[-73.345363233,-8.475315102],[-73.339798733,-8.470634726],[-73.331830733,-8.474035351],[-73.328813358,-8.523062227],[-73.335202983,-8.533042226],[-73.337737483,-8.575564477],[-73.344174858,-8.602113727],[-73.341041607,-8.616783851],[-73.336509233,-8.620963727],[-73.328451732,-8.617136602],[-73.326638733,-8.610841477],[-73.319275233,-8.610905977],[-73.311895108,-8.620553227],[-73.311875108,-8.631906226],[-73.308632858,-8.632923852],[-73.304265608,-8.629224601],[-73.300093733,-8.631960976],[-73.296142983,-8.639583227],[-73.296914107,-8.647228476],[-73.284878108,-8.664328227],[-73.265690483,-8.671330476],[-73.263336607,-8.676412852],[-73.256595607,-8.680050851],[-73.258093608,-8.688450227],[-73.255472108,-8.690215726],[-73.237175357,-8.686791727],[-73.216865733,-8.691685226],[-73.204517483,-8.687747102],[-73.190902358,-8.693276477],[-73.182559108,-8.690115726],[-73.167241482,-8.698297726],[-73.150162108,-8.724829852],[-73.143502232,-8.727085602],[-73.135977483,-8.739122227],[-73.140551732,-8.749611227],[-73.134792732,-8.759854726],[-73.134633233,-8.766723102],[-73.114648483,-8.784412726],[-73.113904107,-8.800020852],[-73.110170107,-8.804454976],[-73.112013733,-8.819297602],[-73.105129233,-8.822984977],[-73.095794233,-8.836403977],[-73.077707858,-8.842191601],[-73.081044983,-8.852343477],[-73.080041483,-8.860324852],[-73.071079858,-8.862425227],[-73.070146358,-8.878364726],[-73.059102233,-8.895912727],[-73.058885983,-8.905773727],[-73.037101357,-8.916179727],[-73.026570107,-8.916001227],[-73.019276483,-8.911298227],[-73.011095482,-8.918537977],[-72.999692608,-8.917516102],[-72.985695358,-8.938699227],[-72.976073107,-8.967581352],[-72.967979607,-8.981012977],[-72.962378858,-8.983761852],[-72.946851858,-8.981345727],[-72.941138483,-8.984486227],[-72.942878982,-8.991523852],[-72.958656983,-9.001323602],[-72.959177108,-9.009569352],[-72.963070608,-9.012099102],[-72.956336482,-9.018864477],[-72.957552357,-9.022574477],[-72.948573358,-9.028186352],[-72.946534232,-9.032989477],[-72.947002857,-9.047006977],[-72.943056983,-9.053528602],[-72.948601607,-9.061749977],[-72.949822233,-9.070244102],[-72.942489483,-9.081378727],[-72.939994107,-9.093248102],[-72.945118607,-9.101849603],[-72.943512982,-9.108271852],[-72.946479608,-9.120346102],[-72.954810608,-9.132070227],[-72.960075857,-9.133128602],[-72.958197357,-9.143024227],[-72.967008108,-9.142865478],[-72.967034483,-9.148104227],[-72.990158733,-9.162032353],[-73.003674858,-9.160591977],[-73.011784857,-9.174130728],[-73.022384983,-9.174736352],[-73.026124357,-9.177856727],[-73.026968608,-9.180623102],[-73.015130483,-9.186299602],[-73.015974607,-9.191759727],[-73.012292232,-9.195047977],[-73.003342857,-9.195447353],[-73.005873857,-9.202653102],[-73.003819357,-9.210781977],[-73.007809232,-9.212508977],[-73.009298107,-9.222364727],[-73.023709607,-9.220429353],[-73.024602858,-9.226473852],[-73.036394108,-9.234751602],[-73.045118482,-9.234751602],[-73.050502607,-9.229361852],[-73.062596857,-9.227099102],[-73.065389983,-9.232387602],[-73.073517608,-9.234607477],[-73.094361358,-9.269279352],[-73.107328233,-9.275348227],[-73.109427733,-9.283705102],[-73.100433483,-9.301683603],[-73.101433608,-9.308117228],[-73.113638732,-9.317249978],[-73.122322233,-9.314429727],[-73.131406232,-9.318316852],[-73.133796858,-9.330564477],[-73.148093732,-9.336722603],[-73.150828982,-9.346502727],[-73.148366108,-9.354101102],[-73.169379232,-9.360389228],[-73.173080107,-9.355103478],[-73.176665983,-9.355005852],[-73.180908232,-9.360886727],[-73.188759733,-9.363222602],[-73.191757858,-9.386886728],[-73.186323983,-9.396940102],[-73.203453107,-9.405769477],[-73.200439483,-9.411396478],[-72.716294607,-9.412241977],[-72.714809107,-9.416315228],[-72.718482982,-9.419445977],[-72.711582482,-9.430004228],[-72.703979232,-9.433821852],[-72.698931482,-9.429221602],[-72.699905982,-9.435898477],[-72.694666857,-9.433582353],[-72.695145982,-9.439364603],[-72.690801107,-9.434971978],[-72.685226607,-9.438182602],[-72.685993357,-9.434317102],[-72.682638857,-9.433454477],[-72.677029107,-9.439834603],[-72.667668982,-9.437935978],[-72.668694107,-9.442720477],[-72.665888482,-9.441466852],[-72.660988232,-9.448177727],[-72.656355107,-9.447172853],[-72.655020232,-9.452045353],[-72.651399107,-9.446188227],[-72.644690982,-9.448173978],[-72.643322607,-9.442199978],[-72.636147232,-9.445070227],[-72.627818232,-9.442364852],[-72.628318982,-9.446578228],[-72.623917733,-9.444492352],[-72.619954608,-9.453461603],[-72.610993107,-9.449125602],[-72.610163982,-9.452348352],[-72.603953357,-9.451628727],[-72.598634357,-9.456618978],[-72.592642607,-9.454835727],[-72.583944608,-9.459935728],[-72.576779607,-9.455868228],[-72.577342732,-9.464175228],[-72.567831232,-9.459951353],[-72.567314982,-9.465833478],[-72.561432732,-9.463658978],[-72.561323232,-9.472513478],[-72.557021107,-9.465864727],[-72.554236482,-9.470401602],[-72.552546982,-9.466271477],[-72.550591482,-9.468962353],[-72.542144357,-9.467021853],[-72.541640232,-9.472430102],[-72.538844482,-9.469244727],[-72.537718607,-9.474661478],[-72.532356357,-9.473613103],[-72.531393857,-9.479766102],[-72.527028357,-9.479628603],[-72.530276607,-9.482533228],[-72.519534732,-9.491281353],[-72.516114482,-9.484595602],[-72.505613232,-9.485953478],[-72.500938357,-9.480453602],[-72.496332357,-9.484200353],[-72.488099607,-9.479542602],[-72.480898232,-9.486503477],[-72.474968607,-9.482980103],[-72.472992107,-9.485558103],[-72.460926857,-9.485300352],[-72.460359607,-9.488480102],[-72.454619232,-9.489768978],[-72.452144232,-9.483873727],[-72.446850607,-9.481312853],[-72.444272607,-9.483358103],[-72.440783607,-9.477033478],[-72.435507107,-9.484733102],[-72.433754107,-9.480659852],[-72.432361857,-9.483478478],[-72.426861982,-9.482086352],[-72.426466732,-9.485695602],[-72.423287107,-9.480797227],[-72.415381107,-9.483358103],[-72.407492232,-9.477153603],[-72.396698732,-9.487843978],[-72.391456607,-9.486709603],[-72.386403607,-9.492346977],[-72.381281981,-9.491195477],[-72.374664857,-9.495028227],[-72.367996357,-9.489528477],[-72.362754232,-9.496815602],[-72.356876232,-9.494598478],[-72.349107857,-9.503690477],[-72.345171857,-9.502023477],[-72.340496982,-9.506921603],[-72.340670982,-9.515220852],[-72.338071482,-9.514490352],[-72.342475607,-9.520527353],[-72.335214106,-9.521193352],[-72.334311857,-9.528562227],[-72.318585607,-9.543794352],[-72.312011732,-9.544839852],[-72.311011732,-9.541263727],[-72.300925732,-9.537373103],[-72.300484357,-9.533249977],[-72.290007857,-9.535066353],[-72.287529357,-9.540376978],[-72.282898482,-9.539953103],[-72.281958982,-9.560320353],[-72.285439482,-9.569218727],[-72.283187482,-9.578552727],[-72.286361357,-9.587830103],[-72.283455107,-9.592081977],[-72.288208982,-9.603158227],[-72.268425732,-9.620757728],[-72.259009732,-9.614591852],[-72.252818357,-9.616333978],[-72.256552731,-9.637187477],[-72.260314482,-9.641763727],[-72.254035107,-9.654540977],[-72.245392607,-9.658736353],[-72.253517606,-9.684326228],[-72.251138982,-9.687642228],[-72.252257857,-9.701937478],[-72.258994107,-9.712191353],[-72.254654357,-9.733831978],[-72.263351607,-9.744445353],[-72.262955107,-9.750855478],[-72.245623107,-9.750833978],[-72.241027357,-9.760888728],[-72.235335982,-9.764392603],[-72.231318357,-9.761956977],[-72.220473982,-9.769473227],[-72.214869107,-9.778816353],[-72.186912107,-9.778206978],[-72.169296857,-9.784367228],[-72.163558607,-9.792919977],[-72.151361107,-9.797416353],[-72.153766607,-9.801918853],[-72.151299482,-9.807568603],[-72.154938482,-9.811022603],[-72.154938482,-9.816302353],[-72.160982982,-9.817930603],[-72.162833357,-9.830402103],[-72.154304732,-9.835257853],[-72.152893606,-9.841914603],[-72.156191232,-9.847403353],[-72.148201232,-9.872228478],[-72.142884231,-9.875909853],[-72.137772482,-9.873114352],[-72.135935356,-9.874871603],[-72.139664107,-9.884423853],[-72.147916232,-9.888569478],[-72.150711732,-9.905741853],[-72.157871482,-9.910783728],[-72.165329482,-9.908964228],[-72.164138856,-9.914333102],[-72.174337482,-9.930933853],[-72.166407732,-9.940323728],[-72.155827232,-9.942233228],[-72.162049731,-9.953577478],[-72.150301107,-9.960024603],[-72.149986732,-9.966336978],[-72.152547607,-9.971144228],[-72.156918857,-9.971203228],[-72.158847357,-9.979176478],[-72.177169982,-9.985498103],[-72.180404357,-9.999671853],[-71.375044856,-10.000144478],[-71.360007856,-9.983740228],[-71.354363231,-9.986988228],[-71.350066356,-9.985185603],[-71.351279356,-9.976925728],[-71.342763731,-9.966773478],[-71.329628856,-9.973751978],[-71.322425856,-9.985718728],[-71.316406231,-9.985302728],[-71.312408231,-9.991638728],[-71.306251981,-9.988011728],[-71.298190231,-9.992199103],[-71.291054731,-9.981927728],[-71.285179731,-9.985871103],[-71.271705106,-9.977820353],[-71.263275356,-9.979476603],[-71.253998106,-9.976558603],[-71.250831856,-9.969701228],[-71.253212856,-9.962925728],[-71.246955231,-9.962044977],[-71.241554731,-9.966554728],[-71.231941356,-9.964904353],[-71.220519481,-9.969677728],[-71.209388731,-9.965052728],[-71.209999981,-9.952548853],[-71.205093731,-9.946380853],[-71.192574231,-9.941763728],[-71.18942973,-9.920914103],[-71.178763731,-9.918119103],[-71.179511731,-9.908017603],[-71.172751981,-9.900378853],[-71.171181606,-9.890527353],[-71.162234355,-9.883706978],[-71.157646481,-9.872148478],[-71.145126981,-9.866956978],[-71.139740231,-9.857015603],[-71.129998105,-9.852376978],[-71.102242231,-9.853189478],[-71.101058605,-9.847972603],[-71.090835981,-9.840740228],[-71.085830106,-9.840599603],[-71.076919981,-9.827703103],[-71.05858598,-9.824749977],[-71.051224606,-9.815835978],[-71.043685605,-9.819027353],[-71.031998105,-9.813800728],[-71.022308605,-9.818613228],[-71.019248106,-9.815902353],[-70.993912105,-9.817208978],[-70.990845731,-9.811234353],[-70.994316355,-9.804804728],[-70.991066356,-9.799328228],[-70.992431605,-9.795035103],[-70.985931605,-9.788845728],[-70.973533231,-9.759863228],[-70.965318606,-9.755600977],[-70.963367356,-9.748912478],[-70.961109106,-9.753134228],[-70.952493731,-9.742125728],[-70.949697105,-9.745684727],[-70.948798231,-9.742556603],[-70.938065731,-9.744462228],[-70.934236481,-9.741370103],[-70.92382748,-9.741298227],[-70.903230231,-9.714184603],[-70.897804856,-9.714134103],[-70.89687423,-9.703377478],[-70.887863606,-9.689125977],[-70.880066605,-9.687949103],[-70.879790731,-9.680630228],[-70.867789605,-9.669750728],[-70.870662855,-9.668486477],[-70.868502105,-9.664808728],[-70.86535298,-9.665360353],[-70.852609981,-9.655352728],[-70.84683448,-9.658076602],[-70.838244981,-9.656367227],[-70.836148981,-9.643235352],[-70.830567981,-9.646644603],[-70.828724356,-9.643210103],[-70.817764355,-9.644624352],[-70.817511855,-9.641391852],[-70.814506605,-9.643134353],[-70.812486356,-9.639800852],[-70.805238606,-9.643765853],[-70.79917773,-9.641922228],[-70.796854355,-9.637528103],[-70.793318856,-9.638462478],[-70.79410173,-9.634649103],[-70.790414731,-9.630482352],[-70.792535981,-9.627199353],[-70.784757981,-9.622830478],[-70.788621731,-9.620027352],[-70.786146981,-9.614269478],[-70.779883981,-9.610279603],[-70.775287856,-9.611668353],[-70.772307855,-9.606693478],[-70.765691481,-9.606971227],[-70.767752855,-9.600692603],[-70.757240981,-9.604253352],[-70.759400231,-9.602453978],[-70.755555355,-9.595370352],[-70.75953273,-9.584044102],[-70.75597198,-9.582623603],[-70.75805548,-9.578778728],[-70.75392648,-9.579479603],[-70.755820481,-9.576051353],[-70.749759605,-9.569289728],[-70.755460605,-9.569157103],[-70.750668731,-9.560425728],[-70.746823855,-9.563153103],[-70.738319731,-9.559005228],[-70.736007855,-9.563908228],[-70.72970198,-9.566789602],[-70.72979673,-9.570255727],[-70.722921356,-9.563285727],[-70.722523606,-9.558436977],[-70.726027605,-9.556599853],[-70.71797798,-9.554497478],[-70.714758106,-9.547148603],[-70.710439856,-9.548057727],[-70.704625105,-9.543663602],[-70.702409105,-9.546182853],[-70.70024998,-9.541239227],[-70.693014855,-9.539667227],[-70.693090605,-9.535784603],[-70.688241855,-9.536428478],[-70.686669855,-9.532678352],[-70.679718856,-9.534458728],[-70.681783356,-9.531371477],[-70.672407856,-9.528625103],[-70.666119731,-9.519420227],[-70.663202981,-9.526011478],[-70.65954748,-9.516844352],[-70.654220481,-9.518408853],[-70.657793981,-9.514990728],[-70.656306855,-9.512238478],[-70.654087231,-9.514458103],[-70.651379481,-9.512371728],[-70.65295248,-9.500266728],[-70.644071606,-9.500915977],[-70.64608573,-9.497836352],[-70.64235698,-9.496221602],[-70.63578148,-9.501631853],[-70.635681605,-9.496088478],[-70.630571105,-9.493774602],[-70.63639748,-9.487049478],[-70.631669855,-9.485634352],[-70.631902856,-9.480190977],[-70.625061106,-9.478376478],[-70.62329873,-9.470587352],[-70.61598973,-9.476127603],[-70.617576355,-9.471549728],[-70.61229623,-9.468714602],[-70.611541855,-9.457426102],[-70.598302605,-9.460963477],[-70.596351856,-9.459090728],[-70.598458731,-9.456359727],[-70.59739223,-9.448972728],[-70.594401105,-9.449779227],[-70.59721023,-9.445799477],[-70.595805605,-9.442496103],[-70.59062948,-9.441793853],[-70.58914698,-9.446865852],[-70.574321105,-9.436071602],[-70.570809605,-9.440389353],[-70.570835606,-9.433808727],[-70.567662355,-9.434979103],[-70.566257856,-9.432326102],[-70.56474923,-9.434588978],[-70.561914105,-9.430011228],[-70.559339105,-9.435837478],[-70.55491723,-9.433600602],[-70.54968923,-9.435655477],[-70.54648998,-9.427878352],[-70.538244605,-9.433548602],[-70.538530731,-9.438360477],[-70.526722231,-9.428892728],[-70.525057355,-9.431207602],[-70.528672855,-9.434979103],[-70.526019731,-9.438308478],[-70.520037355,-9.434250852],[-70.52151998,-9.430271352],[-70.510465605,-9.424679102],[-70.50653798,-9.423690602],[-70.506928105,-9.426707852],[-70.50393698,-9.423924728],[-70.50266248,-9.427852478],[-70.495977731,-9.425485352],[-70.49587373,-9.440883477],[-70.51155798,-9.447750227],[-70.504777355,-9.463339477],[-70.51371848,-9.466550103],[-70.516624355,-9.458599603],[-70.524902356,-9.461199227],[-70.521298106,-9.476532603],[-70.503873105,-9.496446727],[-70.50569923,-9.504601603],[-70.509712855,-9.504738228],[-70.51083398,-9.494652352],[-70.513716855,-9.492802853],[-70.521920605,-9.505466853],[-70.528023855,-9.502050602],[-70.531516855,-9.503547728],[-70.53097948,-9.515523602],[-70.54433398,-9.514089852],[-70.547369605,-9.525119728],[-70.53896348,-9.529917727],[-70.542128856,-9.537699353],[-70.555412106,-9.539167978],[-70.564126356,-9.530684728],[-70.57062098,-9.532917227],[-70.56400448,-9.540710852],[-70.56907848,-9.554349727],[-70.556292106,-9.560763227],[-70.55357248,-9.567420228],[-70.555317855,-9.571885353],[-70.559255231,-9.574889227],[-70.566034105,-9.573184353],[-70.57638498,-9.563726478],[-70.58754773,-9.567257977],[-70.584747105,-9.554836852],[-70.58909023,-9.548869853],[-70.596072105,-9.551102353],[-70.600171855,-9.560397853],[-70.599725355,-9.564091728],[-70.58564848,-9.575581978],[-70.58687498,-9.585259728],[-70.591248105,-9.586443478],[-70.58608198,-9.587162102],[-70.585121105,-9.590331978],[-70.588035106,-9.598330102],[-70.598244105,-9.607623102],[-70.591841856,-9.615816352],[-70.592986355,-9.622863227],[-70.59049223,-9.622414228],[-70.590828106,-9.626597602],[-70.58331248,-9.637544978],[-70.58470123,-9.640839853],[-70.579613231,-9.643087853],[-70.577080106,-9.650005853],[-70.574431605,-9.649476602],[-70.574249981,-9.656755727],[-70.56662698,-9.667414102],[-70.55302348,-9.668179727],[-70.547935605,-9.679406228],[-70.54256448,-9.679935603],[-70.53105073,-9.713089728],[-70.525230481,-9.714978478],[-70.52958598,-9.717609353],[-70.527076231,-9.723966853],[-70.535117231,-9.734482478],[-70.53273048,-9.745378852],[-70.53949023,-9.750412103],[-70.536628855,-9.765839852],[-70.545921855,-9.778800727],[-70.559630856,-9.789468728],[-70.57777348,-9.777794978],[-70.586609356,-9.785710978],[-70.58556448,-9.793400353],[-70.59090448,-9.802978478],[-70.608162105,-9.801142603],[-70.61678323,-9.816542978],[-70.623382855,-9.820544978],[-70.618820356,-9.845566353],[-70.622275356,-9.852925727],[-70.613480481,-9.866081978],[-70.613804494,-9.873393333],[-70.639539325,-9.884375987],[-70.639795752,-9.889388791],[-70.633479238,-9.898958457],[-70.635423635,-9.904465056],[-70.641604903,-9.908083359],[-70.641730047,-9.915176879],[-70.65089448,-9.931955103],[-70.646767605,-9.941470728],[-70.64852148,-9.951576228],[-70.667627481,-9.970693103],[-70.656892855,-9.999729478],[-70.66586773,-10.005624728],[-70.666529355,-10.013976478],[-70.672318355,-10.023134728],[-70.652058552,-10.040059992],[-70.660031606,-10.051465853],[-70.656177645,-10.060229383],[-70.644541825,-10.068740455],[-70.653135296,-10.075524774],[-70.649899782,-10.079474574],[-70.66103323,-10.084958978],[-70.670753605,-10.099849853],[-70.68097998,-10.102642978],[-70.683882856,-10.112578103],[-70.698173855,-10.118031228],[-70.699675855,-10.125528603],[-70.70823148,-10.136840228],[-70.706443356,-10.161357478],[-70.712372096,-10.163640129],[-70.717025356,-10.172648478],[-70.734389993,-10.185402487],[-70.750693356,-10.191011728],[-70.761550106,-10.209163978],[-70.780299022,-10.219923983],[-70.790411731,-10.2410417],[-70.803201334,-10.251154409],[-70.814931605,-10.254665978],[-70.841572168,-10.250667747],[-70.866853941,-10.253047208],[-70.880833275,-10.261970187],[-70.882617871,-10.27594952],[-70.873694892,-10.294390343],[-70.873992585,-10.30069598],[-70.889458821,-10.335138613],[-70.897395427,-10.337410438],[-70.920094381,-10.330677123],[-70.968012006,-10.335551372],[-70.970677003,-10.346021001],[-70.958105834,-10.377793468],[-70.958414802,-10.389576782],[-70.975745064,-10.405986083],[-70.993265512,-10.416161039],[-70.996882292,-10.427201738],[-71.00497246,-10.430818519],[-71.00063937,-10.442222316],[-71.006971207,-10.447189211],[-71.008131106,-10.457537729],[-71.013201776,-10.456082939],[-71.014065296,-10.464522058],[-71.021298857,-10.468709909],[-71.024533481,-10.478200103],[-71.040886356,-10.488657478],[-71.067079687,-10.493551482],[-71.078505856,-10.501370978],[-71.099805731,-10.501641603],[-71.108378522,-10.507781548],[-71.116737606,-10.501285353],[-71.12101323,-10.504660853],[-71.128514355,-10.504735853],[-71.146800147,-10.530984023],[-71.164570856,-10.531261478],[-71.165293106,-10.569643853],[-71.173138356,-10.574982854],[-71.182290981,-10.573893228],[-71.196212856,-10.579861353],[-71.205172731,-10.591544853],[-71.210906106,-10.619164104],[-71.220802731,-10.636734353],[-71.206290981,-10.652160104],[-71.21283098,-10.668331228],[-71.228956987,-10.678528451],[-71.231312653,-10.685238531],[-71.227814846,-10.70281323],[-71.215536827,-10.714948482],[-71.223246281,-10.724228379],[-71.224602573,-10.730652924],[-71.218749099,-10.76020583],[-71.22704198,-10.761014354],[-71.228865856,-10.764998228],[-71.221563773,-10.776698441],[-71.233123244,-10.780082136],[-71.245053636,-10.77652908],[-71.250368606,-10.783237103],[-71.258723325,-10.784934502],[-71.271473856,-10.819046853],[-71.272727012,-10.852818728],[-71.294713716,-10.876298704],[-71.308336981,-10.877813854],[-71.316456606,-10.897365354],[-71.317304856,-10.909565104],[-71.321748481,-10.912190854],[-71.328262606,-10.910644853],[-71.336126462,-10.9167883],[-71.340123475,-10.930342552],[-71.351365106,-10.939229854],[-71.354014106,-10.949791104],[-71.362029481,-10.951579854],[-71.363990356,-10.947967729],[-71.369733231,-10.947208229],[-71.378012356,-10.953474354],[-71.393455106,-10.947333979],[-71.399398481,-10.952960979],[-71.412941356,-10.958068354],[-71.430298856,-10.955624979],[-71.454251481,-10.958742854],[-71.472509481,-10.953692604],[-71.480518981,-10.957119104],[-71.485951356,-10.963790228],[-71.494540481,-10.961797729],[-71.508132481,-10.966092229],[-71.527148856,-10.961727104],[-71.531977106,-10.952138479],[-71.558853606,-10.964802729],[-71.572521677,-10.963071296],[-71.594261856,-10.972769479],[-71.609123106,-10.970501979],[-71.651335981,-10.977021479],[-71.661719106,-10.983183853],[-71.671690482,-10.975850729],[-71.678039981,-10.976118979],[-71.680722856,-10.971558104],[-71.693555856,-10.979740854],[-71.701693982,-10.973838604],[-71.713706982,-10.984902354],[-71.716002606,-10.997850228],[-71.720161106,-10.996553479],[-71.729282856,-10.983675729],[-71.751144481,-10.993751979],[-71.770042981,-10.992812479],[-71.780228481,-10.987814479],[-71.787590606,-10.992573979],[-71.808953107,-10.993828104],[-71.82282698,-11.002236218],[-71.828462501,-11.011867836],[-71.838606439,-11.004387962],[-71.840880555,-10.998361554],[-71.847008489,-10.99567852],[-71.862275628,-10.9951662],[-71.867398829,-10.999059833],[-71.877357481,-10.999927729],[-71.895069039,-10.994529273],[-71.916556482,-10.999246104],[-71.923332462,-10.996097479],[-71.925646464,-11.002467499],[-71.938376581,-11.003895175],[-71.944587857,-10.997449229],[-71.969428481,-10.996318104],[-71.976785981,-10.990248854],[-71.986564481,-10.995503854],[-72.010832571,-10.98774687],[-72.029830107,-10.997931729],[-72.043698729,-10.996919694],[-72.047892432,-11.006311806],[-72.054413107,-11.011073604],[-72.092789129,-11.001682016],[-72.10470986,-10.992930722],[-72.12503459,-10.995623521],[-72.127930211,-10.979842447],[-72.152863231,-10.994214854],[-72.154296857,-11.003089729],[-72.158250227,-11.005287899],[-72.173537628,-10.995526065],[-72.185254033,-11.008834821],[-72.175324357,-11.024831979],[-72.176484596,-11.038993855],[-72.188272472,-11.042125009],[-72.193061296,-11.049676617],[-72.188640843,-11.05575474],[-72.182508607,-11.057798854],[-72.186983173,-11.068647729],[-72.183299462,-11.09259185],[-72.178770597,-11.097550906],[-72.173169256,-11.091855108],[-72.148150846,-11.087776178],[-72.131027357,-11.098669979],[-72.130797759,-11.103648208],[-72.125884731,-11.101150354],[-72.123246107,-11.103591854],[-72.120246231,-11.118105479],[-72.135016222,-11.135555755],[-72.166996177,-11.142218245],[-72.176479589,-11.159111626],[-72.184318654,-11.155543227],[-72.187935434,-11.163728573],[-72.193855606,-11.156662321],[-72.199547204,-11.163728573],[-72.19916649,-11.168297138],[-72.206780765,-11.172294633],[-72.195930423,-11.174007844],[-72.186523481,-11.184888729],[-72.189661357,-11.190920979],[-72.199407732,-11.197810854],[-72.197060606,-11.227861354],[-72.205178987,-11.239896392],[-72.199412857,-11.26423523],[-72.206313982,-11.267368604],[-72.218884683,-11.296860689],[-72.204623357,-11.347432729],[-72.226674232,-11.342608104],[-72.246021107,-11.346160604],[-72.250123107,-11.341099605],[-72.248734357,-11.33348823],[-72.255042857,-11.329861354],[-72.261283232,-11.337173854],[-72.280060607,-11.339605479],[-72.282958982,-11.330470729],[-72.280089857,-11.325628854],[-72.283751982,-11.316890605],[-72.286499982,-11.317214854],[-72.286644482,-11.313935604],[-72.294380982,-11.317123229],[-72.301101607,-11.309289105],[-72.307708982,-11.306999979],[-72.314681607,-11.314046855],[-72.317306606,-11.319609479],[-72.315001982,-11.321775229],[-72.323455107,-11.324796854],[-72.322882857,-11.316759729],[-72.338294981,-11.317080104],[-72.338859357,-11.323617355],[-72.348869107,-11.322533229],[-72.361023482,-11.333863229],[-72.368583982,-11.336152229],[-72.372955107,-11.331212854],[-72.373511607,-11.335998104],[-72.377021481,-11.332414104],[-72.381164107,-11.334023479],[-72.379433607,-11.338744229],[-72.384369107,-11.339699229],[-72.387095357,-11.34766073],[-72.390325982,-11.346338479],[-72.388447732,-11.343768979],[-72.393436482,-11.342101104],[-72.396501857,-11.349764479],[-72.399326857,-11.34315298],[-72.404360732,-11.352559479],[-72.403383982,-11.357112479],[-72.411678482,-11.351582729],[-72.417884357,-11.356841979],[-72.423594357,-11.355173979],[-72.426193982,-11.358915604],[-72.425127107,-11.368487354],[-72.436036232,-11.366098229],[-72.435480232,-11.372454354],[-72.441565982,-11.375098979],[-72.449845482,-11.371477604],[-72.449033982,-11.385767729],[-72.457358607,-11.383724104],[-72.460078482,-11.38991498],[-72.463819982,-11.387570854],[-72.464856857,-11.390606229],[-72.469364732,-11.385256979],[-72.474338482,-11.392349229],[-72.481115357,-11.387555854],[-72.487516607,-11.39334098],[-72.482212232,-11.398119354],[-72.487847107,-11.398870729],[-72.487862232,-11.402882854],[-72.491738982,-11.399937604],[-72.493061357,-11.404009729],[-72.493812607,-11.397818854],[-72.496622607,-11.399261355],[-72.498951607,-11.39502398],[-72.503790107,-11.400012729],[-72.497674357,-11.402957855],[-72.501214982,-11.409018604],[-72.506686982,-11.40655673],[-72.509821982,-11.411509354],[-72.507427482,-11.42110698],[-72.511841607,-11.425030729],[-72.513409107,-11.417885354],[-72.518054107,-11.41801998],[-72.516669232,-11.431964479],[-72.523670357,-11.430839355],[-72.526228482,-11.434214854],[-72.524891732,-11.438975229],[-72.533633358,-11.43920598],[-72.535200982,-11.435666979],[-72.531363857,-11.427396479],[-72.535066357,-11.425396229],[-72.536316482,-11.434801479],[-72.545260357,-11.432772355],[-72.548847357,-11.436888354],[-72.545971982,-11.444072104],[-72.547731732,-11.44834198],[-72.552193982,-11.443014104],[-72.553665357,-11.432079854],[-72.560166357,-11.435513104],[-72.566484732,-11.431599104],[-72.576072857,-11.438850229],[-72.581817982,-11.439123979],[-72.578610482,-11.433755979],[-72.580820857,-11.430797604],[-72.589878357,-11.433307229],[-72.591806107,-11.44003798],[-72.596143732,-11.44003798],[-72.596609107,-11.436082605],[-72.591041732,-11.432094104],[-72.595661857,-11.420560354],[-72.600315107,-11.418532854],[-72.604785732,-11.423036604],[-72.603206983,-11.432609229],[-72.609538857,-11.439938354],[-72.607511232,-11.429252229],[-72.624329857,-11.425612605],[-72.617166982,-11.417784979],[-72.623116608,-11.412815854],[-72.627670357,-11.416538479],[-72.631891607,-11.415674355],[-72.631376357,-11.408411729],[-72.634218232,-11.405054729],[-72.639835607,-11.406267854],[-72.643059607,-11.413015354],[-72.645569107,-11.412765854],[-72.652582482,-11.402678104],[-72.650322233,-11.398307229],[-72.664016607,-11.394983604],[-72.665694982,-11.385909355],[-72.678990357,-11.388452105],[-72.688612857,-11.39682823],[-72.692302232,-11.395698104],[-72.692335607,-11.388252854],[-72.698617482,-11.380408479],[-72.706561357,-11.381505354],[-72.709735607,-11.378812979],[-72.714654982,-11.35925223],[-72.707259482,-11.35220573],[-72.712378232,-11.347352979],[-72.718294607,-11.350311104],[-72.717679732,-11.36211073],[-72.722698732,-11.360199604],[-72.723263732,-11.350753104],[-72.733634108,-11.352099354],[-72.738237607,-11.347429354],[-72.757416108,-11.362752229],[-72.763349232,-11.371610229],[-72.783425107,-11.375416105],[-72.794975482,-11.384556604],[-72.796271732,-11.379404604],[-72.789457857,-11.368602229],[-72.791601732,-11.364729979],[-72.797036232,-11.364430729],[-72.799828232,-11.367255979],[-72.796105607,-11.371876104],[-72.799728607,-11.385570354],[-72.803899982,-11.383725604],[-72.805312608,-11.376645854],[-72.813755107,-11.37996973],[-72.816198107,-11.375083604],[-72.823277858,-11.380169105],[-72.819821107,-11.387514855],[-72.822679608,-11.389608855],[-72.842463732,-11.386840479],[-72.842082982,-11.380772854],[-72.834087982,-11.379654479],[-72.833968983,-11.374300729],[-72.838775482,-11.370422229],[-72.844414857,-11.373348979],[-72.844438607,-11.363283854],[-72.852861982,-11.365282604],[-72.859167483,-11.355431604],[-72.868542607,-11.356240604],[-72.873206357,-11.364425979],[-72.877061108,-11.364306979],[-72.876180608,-11.355288979],[-72.880630232,-11.352481104],[-72.882582983,-11.357296229],[-72.887234357,-11.356499355],[-72.890366107,-11.343175354],[-72.895147232,-11.345992104],[-72.891644732,-11.354090229],[-72.894683857,-11.358259855],[-72.903560233,-11.35197773],[-72.909879607,-11.351773854],[-72.919886482,-11.343638604],[-72.926372483,-11.348252979],[-72.920924232,-11.355443105],[-72.932839857,-11.35038398],[-72.933673857,-11.343805354],[-72.920794482,-11.333835604],[-72.924352607,-11.327405229],[-72.936601732,-11.332075105],[-72.939659483,-11.337893854],[-72.944736982,-11.339913854],[-72.949036232,-11.338653729],[-72.949518108,-11.330499854],[-72.961674607,-11.334854729],[-72.964900107,-11.329498479],[-72.952547358,-11.32847373],[-72.950927608,-11.324632479],[-72.951968857,-11.320374729],[-72.959882733,-11.319310229],[-72.959512483,-11.314196479],[-72.944425357,-11.309869104],[-72.942180607,-11.313316979],[-72.945952482,-11.315862354],[-72.940445107,-11.322688729],[-72.937066482,-11.320837479],[-72.932461858,-11.307346854],[-72.934960858,-11.303829604],[-72.955555607,-11.304616354],[-72.951529233,-11.298784979],[-72.952824983,-11.293277729],[-72.944517732,-11.295360229],[-72.935631982,-11.290824854],[-72.945188858,-11.275436729],[-72.956272857,-11.272868105],[-72.955879483,-11.263380729],[-72.960137358,-11.263982354],[-72.963238108,-11.268980604],[-72.967935483,-11.266226979],[-72.968444608,-11.252643729],[-72.974224108,-11.250675729],[-72.975483232,-11.224351604],[-72.966180482,-11.217323729],[-72.977061608,-11.212293479],[-73.015722108,-11.231369152],[-73.025550726,-11.264160997],[-73.039025608,-11.271308729],[-73.041314483,-11.275581979],[-73.065040983,-11.284354979],[-73.082137292,-11.273284213],[-73.096286993,-11.276595688],[-73.131661983,-11.293927479],[-73.158680858,-11.290916729],[-73.168399944,-11.293315325],[-73.171263983,-11.289449979],[-73.184967934,-11.285903091],[-73.193728233,-11.293155479],[-73.205995233,-11.290195729],[-73.213187981,-11.299082374],[-73.237131733,-11.299513479],[-73.245176358,-11.308136855],[-73.255998858,-11.312535229],[-73.271162108,-11.309294354],[-73.288538482,-11.312736604],[-73.296884107,-11.308371979],[-73.316716858,-11.307364729],[-73.341704609,-11.310995851],[-73.347959184,-11.315761242],[-73.347959184,-11.324770808],[-73.352955233,-11.334178354],[-73.378660483,-11.350740729],[-73.386262483,-11.371270229],[-73.396283223,-11.377413482],[-73.401644287,-11.375849839],[-73.408047781,-11.385976294],[-73.414913983,-11.386853354],[-73.420072233,-11.380744104],[-73.449758608,-11.368082979],[-73.463741983,-11.354284104],[-73.467868858,-11.343651229],[-73.482159108,-11.353588354],[-73.485639108,-11.34432498],[-73.479467983,-11.325954604],[-73.484128858,-11.31853123],[-73.471323108,-11.305560354],[-73.459194233,-11.300924104],[-73.462812858,-11.295219479],[-73.463230608,-11.28440898],[-73.454723608,-11.264738854],[-73.455135733,-11.253873479],[-73.449811608,-11.236767979],[-73.449959858,-11.225119729],[-73.459200983,-11.208781604],[-73.458384608,-11.195447104],[-73.463335358,-11.185513854],[-73.461817608,-11.179750604],[-73.475186483,-11.128355854],[-73.466780608,-11.119072479],[-73.474179733,-11.098960979],[-73.471080983,-11.088492604],[-73.477825108,-11.079728979],[-73.482603483,-11.065242229],[-73.488787108,-11.062373479],[-73.498266858,-11.063990979],[-73.506588733,-11.057885229],[-73.522938358,-11.057967229],[-73.542578733,-11.047424478],[-73.540992858,-11.022098104],[-73.553011608,-11.014051604],[-73.554090983,-11.004374229],[-73.558237983,-10.999141104],[-73.558779108,-10.974962729],[-73.572577108,-10.954499979],[-73.564357483,-10.934792979],[-73.567426108,-10.907775104],[-73.558964608,-10.876745604],[-73.560261483,-10.860609229],[-73.568098608,-10.858811228],[-73.574930608,-10.852049104],[-73.584077733,-10.854503479],[-73.610396233,-10.846573853],[-73.661659358,-10.802767728],[-73.666568358,-10.802639604],[-73.665395859,-10.793909854],[-73.668029483,-10.791113229],[-73.678603233,-10.789482728],[-73.693475608,-10.774758603],[-73.705527483,-10.770498728],[-73.714859483,-10.759885728],[-73.731742483,-10.753818479],[-73.737110233,-10.737312979],[-73.742116108,-10.734008229],[-73.760563358,-10.736949604],[-73.769919234,-10.745404478],[-73.781986358,-10.750624978],[-73.783276109,-10.758024978],[-73.778368109,-10.774528604],[-73.786939483,-10.794138729],[-73.814216858,-10.799896479],[-73.811806984,-10.805584853],[-73.817773108,-10.813806104],[-73.816787483,-10.830141603],[-73.822157733,-10.836072104],[-73.816012358,-10.857368229],[-73.820774359,-10.879013729],[-73.814729233,-10.883046479],[-73.813004983,-10.889241104],[-73.820871608,-10.895727854],[-73.817757484,-10.901783479],[-73.826748609,-10.911353604],[-73.823660233,-10.921578604],[-73.855748108,-10.956965603],[-73.857504858,-10.970577604],[-73.862201734,-10.978774979],[-73.866805234,-11.033588729],[-73.862834358,-11.070120479],[-73.865646983,-11.098680479],[-73.859607483,-11.130152354],[-73.861165983,-11.146261729],[-73.852695483,-11.164261479],[-73.863060234,-11.169124354],[-73.890613983,-11.169652979],[-73.897068234,-11.157988229],[-73.916487233,-11.143101979],[-73.934736358,-11.142341854],[-73.941833859,-11.151216729],[-73.954551483,-11.150398854],[-73.960204484,-11.138390729],[-73.975926733,-11.125498479],[-73.980361608,-11.110480979],[-73.980091483,-11.096031854],[-73.983717733,-11.092441229],[-73.978473359,-11.084113979],[-73.978837983,-11.069038479],[-73.989112859,-11.041117104],[-73.990751984,-11.026872979],[-74.007201858,-10.991308479],[-74.019151859,-10.993708854],[-74.034870358,-10.988572729],[-74.061358358,-10.995744979],[-74.091778358,-10.986814603],[-74.102906234,-10.986404479],[-74.117920358,-10.991071979],[-74.137384484,-10.988693979],[-74.143369984,-10.997504729],[-74.155652734,-10.998760979],[-74.176085358,-10.991658229],[-74.182482359,-10.985788854],[-74.190869983,-10.985997104],[-74.198751859,-10.997834979],[-74.202767359,-11.021013479],[-74.256435984,-11.018222729],[-74.281506858,-11.033125979],[-74.293855109,-11.031325354],[-74.316450234,-11.036712979],[-74.341634234,-11.054772854],[-74.373167609,-11.056619854],[-74.390222234,-11.045173604],[-74.400096609,-11.043244604],[-74.413416734,-11.033567604],[-74.418637609,-11.025238729],[-74.450309734,-11.001866979],[-74.496471609,-11.000238729],[-74.502689109,-10.986568104],[-74.502682484,-10.965158604],[-74.508383733,-10.950299728],[-74.525810984,-10.939762229],[-74.532711234,-10.932065854],[-74.541070984,-10.931535104],[-74.562363484,-10.913682479],[-74.569960234,-10.915207854],[-74.569232234,-10.904035854],[-74.565719234,-10.904605479],[-74.558661609,-10.896376854],[-74.547996109,-10.890996604],[-74.542223109,-10.891765104],[-74.539452609,-10.896141229],[-74.515872359,-10.896059728],[-74.506712484,-10.899515229],[-74.503218484,-10.894179104],[-74.487083109,-10.889033479],[-74.485431359,-10.880139979],[-74.488544109,-10.871754603],[-74.484542109,-10.855873229],[-74.491720484,-10.848758354],[-74.491928234,-10.844609978],[-74.482675609,-10.835391229],[-74.467302484,-10.836658853],[-74.458318734,-10.828267479],[-74.431056359,-10.812957229],[-74.421536984,-10.816103854],[-74.400515234,-10.811476478],[-74.386764859,-10.813115853],[-74.374396484,-10.788568354],[-74.385212609,-10.764484979],[-74.383899859,-10.747480479],[-74.372246608,-10.753488479],[-74.367322859,-10.752175479],[-74.359716234,-10.759411978],[-74.356588359,-10.753903979],[-74.350299109,-10.754733854],[-74.349338359,-10.745562104],[-74.337021484,-10.733857479],[-74.316442858,-10.725930604],[-74.317161983,-10.715499604],[-74.310969734,-10.714914478],[-74.287573983,-10.684307479],[-74.286881109,-10.670412103],[-74.271052234,-10.678855229],[-74.258920484,-10.680431978],[-74.259927859,-10.669351353],[-74.252809359,-10.659479978],[-74.245737609,-10.654504228],[-74.227578109,-10.651839854],[-74.229664983,-10.634598353],[-74.215461109,-10.635239354],[-74.203680609,-10.630143854],[-74.192755108,-10.639176104],[-74.170793108,-10.636752479],[-74.159855734,-10.640591353],[-74.156720983,-10.650095478],[-74.149710358,-10.650494478],[-74.140454108,-10.656765853],[-74.140613734,-10.667061853],[-74.136223859,-10.671690978],[-74.137256859,-10.667675353],[-74.130981484,-10.654742479],[-74.139401859,-10.625197478],[-74.139246484,-10.613192603],[-74.132673484,-10.604910853],[-74.134104484,-10.599107979],[-74.154302733,-10.565523228],[-74.156917358,-10.549197478],[-74.169204359,-10.531628853],[-74.182350109,-10.503330729],[-74.177527234,-10.499483229],[-74.178719358,-10.488645353],[-74.189587484,-10.481975104],[-74.192754484,-10.473905728],[-74.215252608,-10.453273478],[-74.225025609,-10.451417853],[-74.225772484,-10.443874478],[-74.239290734,-10.441185729],[-74.245116234,-10.431103104],[-74.244892234,-10.422887604],[-74.252883608,-10.417136728],[-74.252360859,-10.413178228],[-74.244240984,-10.410445978],[-74.246834109,-10.405933729],[-74.242004608,-10.383165103],[-74.252883608,-10.378822478],[-74.259456109,-10.365005478],[-74.262742358,-10.363661103],[-74.253257734,-10.340740229],[-74.236914108,-10.321605728],[-74.241349109,-10.315709353],[-74.250168484,-10.314449353],[-74.252194984,-10.305131104],[-74.246088234,-10.297179603],[-74.234370859,-10.295435353],[-74.227157734,-10.277329729],[-74.228368859,-10.265666603],[-74.223964359,-10.256198979],[-74.229135608,-10.251142728],[-74.225976859,-10.243235853],[-74.226395108,-10.230497603],[-74.235170609,-10.218259853],[-74.227335858,-10.198751978],[-74.230606733,-10.186316603],[-74.245427484,-10.176653228],[-74.256149859,-10.174729228],[-74.262205109,-10.176870853],[-74.266845484,-10.171692728],[-74.285218609,-10.171804728],[-74.302873233,-10.164837728],[-74.307090734,-10.153128479],[-74.308308983,-10.131184603],[-74.312994859,-10.124815603],[-74.315018983,-10.113156228],[-74.331274109,-10.108545728],[-74.355229483,-10.118777353],[-74.366966734,-10.112896478],[-74.377090108,-10.099873978],[-74.380155359,-10.088411853],[-74.377790609,-10.072890478],[-74.385332484,-10.064473228],[-74.389898984,-10.051349478],[-74.399608109,-10.053093103],[-74.404321859,-10.050601478],[-74.418828109,-10.025749978],[-74.413942484,-10.020339978],[-74.412398484,-10.008240228],[-74.424587234,-9.985330978],[-74.411194234,-9.957568853],[-74.415599609,-9.946210103],[-74.411421859,-9.935278478],[-74.416646484,-9.930824228],[-74.410988859,-9.914670228],[-74.414976984,-9.900957853],[-74.430464484,-9.884498602],[-74.433101609,-9.876058603],[-74.437570484,-9.872381978],[-74.450203359,-9.870225978],[-74.453300859,-9.863636228],[-74.450474609,-9.854990228],[-74.448339484,-9.816209728],[-74.451148484,-9.810667728],[-74.447240234,-9.777149853],[-74.455361359,-9.745982478],[-74.465479484,-9.734332727],[-74.474089609,-9.730123978],[-74.481093359,-9.705514477],[-74.485552734,-9.702220728],[-74.484667984,-9.692296727],[-74.490140359,-9.685195728],[-74.489098984,-9.676492228],[-74.492580609,-9.672994602],[-74.491184109,-9.666857603],[-74.494636484,-9.656154978],[-74.489467484,-9.651963977],[-74.494031109,-9.648937102],[-74.497290734,-9.637597978],[-74.493751734,-9.633825977],[-74.490725859,-9.618784478],[-74.493893233,-9.616120477],[-74.495423859,-9.603740228],[-74.493829359,-9.592224853],[-74.510005484,-9.594325727],[-74.531653859,-9.592102852],[-74.537581359,-9.585015603],[-74.574849984,-9.572717602],[-74.574447234,-9.545777977],[-74.582380859,-9.533739103],[-74.582943984,-9.523388602],[-74.593494359,-9.507361853],[-74.583177734,-9.498438977],[-74.578217359,-9.482168978],[-74.581092484,-9.476601727],[-74.608312984,-9.472090103],[-74.622449609,-9.461111727],[-74.662603485,-9.454945727],[-74.673203359,-9.449792728],[-74.689070734,-9.434895602],[-74.697667609,-9.435641727],[-74.709420109,-9.422210352],[-74.704961984,-9.416711852],[-74.696351984,-9.417941852],[-74.692508234,-9.410792477],[-74.684743859,-9.408870603],[-74.672751359,-9.388882977],[-74.663933359,-9.387149102],[-74.657833984,-9.382013353],[-74.658411359,-9.375153103],[-74.654317484,-9.368774227],[-74.642511859,-9.366394102],[-74.636228234,-9.369440602],[-74.627373984,-9.364775477],[-74.625374609,-9.350208852],[-74.587150234,-9.296607477],[-74.591208984,-9.291093727],[-74.589904234,-9.267171727],[-74.615294859,-9.237984352],[-74.624466859,-9.215562477],[-74.626968609,-9.197050727],[-74.639564484,-9.159681602],[-74.640976609,-9.141800727],[-74.636538734,-9.125511227],[-74.640708984,-9.118564477],[-74.671864984,-9.110542477],[-74.675457484,-9.107099727],[-74.678093734,-9.094039102],[-74.658399734,-9.071403727],[-74.651366109,-9.048768352],[-74.664056359,-9.033923102],[-74.669163984,-9.020256727],[-74.661709609,-9.003829602],[-74.647874984,-8.995767602],[-74.652740234,-8.979581977],[-74.644310734,-8.918783227],[-74.636383484,-8.912251602],[-74.624214984,-8.888726602],[-74.618308609,-8.832027351],[-74.608920234,-8.820228352],[-74.588089859,-8.812646477],[-74.572874609,-8.792645852],[-74.532178109,-8.776133227],[-74.526597859,-8.754995602],[-74.527789609,-8.710972601],[-74.536122609,-8.629864977],[-74.547134609,-8.584567226],[-74.568778609,-8.561570477],[-74.582982484,-8.551086727],[-74.600906484,-8.548381226],[-74.630328859,-8.550410352],[-74.664147609,-8.561908727],[-74.686931109,-8.578393601],[-74.79752686,-8.631711727],[-74.847146484,-8.661524102],[-74.846818859,-8.670392226],[-74.84077611,-8.679068976],[-74.847978484,-8.691979602],[-74.84650511,-8.713511977],[-74.850417984,-8.724326226],[-74.852198734,-8.763094352],[-74.865338735,-8.780945352],[-74.89574411,-8.804763601],[-74.940712109,-8.857892602],[-74.962738042,-8.868510764],[-74.978980571,-8.871653108],[-75.005002136,-8.869730511],[-75.008329892,-8.863440515],[-75.022403965,-8.858526661],[-75.032102395,-8.86737802],[-75.047079199,-8.868357323],[-75.064714678,-8.882277261],[-75.073245528,-8.873098437],[-75.096113625,-8.876705984],[-75.107937324,-8.879857727],[-75.108870465,-8.882565891],[-75.122592348,-8.880953531],[-75.1194277,-8.907176093],[-75.108413192,-8.922291441],[-75.110454539,-8.929530034],[-75.117750426,-8.931404691],[-75.120645737,-8.936637761],[-75.129066822,-8.935848931],[-75.134845277,-8.945969267],[-75.132532142,-8.951835649],[-75.124456061,-8.953184913],[-75.12010509,-8.960699138],[-75.122360978,-8.978082227],[-75.119721164,-8.983476912],[-75.125758294,-8.98732723],[-75.137559881,-8.988362862],[-75.139214855,-8.999503405],[-75.154346015,-8.999126329],[-75.156811176,-9.010308704],[-75.173864156,-9.011575218],[-75.175709135,-9.024734925],[-75.165634789,-9.028322208],[-75.162401194,-9.033953457],[-75.192824893,-9.054849393],[-75.19496247,-9.063256384],[-75.201214972,-9.063837912],[-75.194673568,-9.073126939],[-75.204902059,-9.08028652],[-75.208442544,-9.097027609],[-75.206458848,-9.101342458],[-75.221394189,-9.104770041],[-75.235794632,-9.09978927],[-75.241901872,-9.102124907],[-75.231760719,-9.118435863],[-75.233900898,-9.128816636],[-75.229416883,-9.13452236],[-75.228753582,-9.147704345],[-75.216481073,-9.155075245],[-75.211932162,-9.176427109],[-75.220910952,-9.180077411],[-75.222609471,-9.190019803],[-75.242203017,-9.22093412],[-75.256685955,-9.232475958],[-75.271919694,-9.233415227],[-75.268530993,-9.252731684],[-75.272271695,-9.268044864],[-75.27902329,-9.276272007],[-75.302450316,-9.289558696],[-75.30428768,-9.297023653],[-75.313928811,-9.302088701],[-75.319028654,-9.29366043],[-75.334056968,-9.28876475],[-75.344567425,-9.295742637],[-75.349490798,-9.304544471],[-75.357816162,-9.307815706],[-75.364574126,-9.305856339],[-75.372153732,-9.310229777],[-75.383225444,-9.30726546],[-75.393141709,-9.300158938],[-75.404745185,-9.301479392],[-75.418494022,-9.292605801],[-75.42808674,-9.296356585],[-75.451967944,-9.296343674],[-75.456254609,-9.324999977],[-75.487792984,-9.372650352],[-75.505959273,-9.381991134],[-75.521667305,-9.383324641],[-75.538266855,-9.393375212],[-75.562473268,-9.4011847],[-75.582202096,-9.402799664],[-75.600659499,-9.413812849],[-75.611377674,-9.406141086],[-75.612363311,-9.41185517],[-75.616659878,-9.414075874],[-75.630019802,-9.410855308],[-75.670450871,-9.417935814],[-75.668498001,-9.408989978],[-75.671945106,-9.397066417],[-75.671128346,-9.385868838],[-75.678348444,-9.381332345],[-75.685626828,-9.369760266],[-75.693067805,-9.367520329],[-75.69501236,-9.363927068],[-75.688622686,-9.34936633],[-75.69761496,-9.345974689],[-75.698328465,-9.341306996],[-75.705690838,-9.336267222],[-75.710777544,-9.314002502],[-75.716041232,-9.307961691],[-75.717077678,-9.28455639],[-75.720242497,-9.277227546],[-75.729702188,-9.27376251],[-75.730412815,-9.267946158],[-75.740188749,-9.263834124],[-75.744566813,-9.249586949],[-75.74975827,-9.244263773],[-75.763962767,-9.237848217],[-75.759198005,-9.232039872],[-75.763790264,-9.21709812],[-75.775067486,-9.219730188],[-75.784290068,-9.208008718],[-75.78949211,-9.207997358],[-75.79612727,-9.202670439],[-75.795221982,-9.185515062],[-75.800947376,-9.170281072],[-75.799628438,-9.161731338],[-75.802451567,-9.151776092],[-75.809223944,-9.132967743],[-75.821520055,-9.118965408],[-75.819463092,-9.10384669],[-75.825017223,-9.090050848],[-75.837873569,-9.084892707],[-75.840825338,-9.073942262],[-75.837876496,-9.061944495],[-75.849647146,-9.051141212],[-75.860035962,-9.050056111],[-75.866573428,-9.03569118],[-75.874747095,-9.031595857],[-75.878981921,-9.017627088],[-75.89186138,-9.002018253],[-75.894504178,-8.983714084],[-75.885713003,-8.981103085],[-75.883767306,-8.972732545],[-75.896533966,-8.928074],[-75.894961627,-8.924727713],[-75.90312073,-8.915495256],[-75.900344655,-8.911912621],[-75.903096641,-8.905684377],[-75.901273486,-8.898151118],[-75.910514899,-8.896324969],[-75.911179638,-8.88489481],[-75.920956948,-8.868962768],[-75.92240544,-8.853217121],[-75.927882819,-8.844538027],[-75.928773059,-8.808010509],[-75.921643962,-8.78081228],[-75.93660659,-8.75463885],[-75.940027829,-8.737746005],[-75.947886018,-8.722507561],[-75.944333153,-8.709824424],[-75.932122363,-8.696932794],[-75.925486803,-8.697753002],[-75.91077917,-8.678204693],[-75.900850923,-8.677711385],[-75.891321253,-8.660217377],[-75.85349415,-8.649162002],[-75.845312034,-8.654980737],[-75.833668975,-8.652161504],[-75.816801343,-8.63602122],[-75.820917996,-8.627110483],[-75.817722818,-8.617258151],[-75.812316178,-8.607601888],[-75.801534131,-8.602742768],[-75.795070016,-8.592992678],[-75.790694686,-8.570028702],[-75.778260274,-8.546410835],[-75.782160235,-8.525440043],[-75.799222473,-8.512155829],[-75.783369191,-8.505240426],[-75.787535365,-8.497191435],[-75.784548899,-8.494325822],[-75.778970724,-8.493571244],[-75.770134013,-8.498087727],[-75.760690187,-8.487385443],[-75.735302428,-8.484945363],[-75.716461028,-8.486894886],[-75.717498414,-8.475980581],[-75.707171211,-8.44374074],[-75.687313868,-8.423288345],[-75.677157509,-8.422152527],[-75.645119985,-8.408894976],[-75.61807961,-8.408322851],[-75.597749485,-8.412948602],[-75.58827886,-8.423573101],[-75.588937063,-8.430146192],[-75.584451291,-8.434028957],[-75.583463887,-8.441186228],[-75.574479401,-8.440503795],[-75.572289448,-8.444581836],[-75.558610618,-8.44191814],[-75.546419554,-8.432394196],[-75.532746041,-8.433208096],[-75.531854095,-8.437880494],[-75.527265382,-8.439973818],[-75.526462944,-8.437092672],[-75.510835057,-8.432044587],[-75.485788026,-8.437343941],[-75.477001709,-8.43536697],[-75.471222117,-8.443424372],[-75.457594391,-8.449801355],[-75.445916772,-8.451007483],[-75.439224951,-8.447635847],[-75.435536738,-8.452211826],[-75.427546217,-8.447847545],[-75.423858185,-8.452721586],[-75.419564568,-8.45153355],[-75.419405847,-8.443209934],[-75.432423031,-8.434921705],[-75.439398312,-8.424378791],[-75.449575438,-8.420988074],[-75.452359822,-8.412039938],[-75.460142123,-8.409546206],[-75.463816438,-8.393838564],[-75.47718132,-8.386368508],[-75.481462368,-8.377815938],[-75.479353768,-8.367382755],[-75.481642432,-8.361913629],[-75.47744501,-8.357048696],[-75.477849663,-8.352577073],[-75.482673971,-8.345476891],[-75.498822259,-8.34588767],[-75.510053661,-8.334816901],[-75.49384411,-8.328650976],[-75.49640336,-8.322927226],[-75.49130211,-8.317289851],[-75.49134036,-8.312145726],[-75.496913735,-8.305769226],[-75.496129985,-8.300443851],[-75.502877235,-8.289411852],[-75.488445485,-8.264096976],[-75.471679735,-8.252567102],[-75.473151234,-8.244290976],[-75.458814985,-8.230518351],[-75.458808731,-8.217564738],[-75.455558673,-8.211322154],[-75.43768286,-8.194973476],[-75.439074985,-8.183193102],[-75.436196859,-8.180646227],[-75.43923886,-8.174874601],[-75.42978111,-8.166522726],[-75.418106485,-8.170977976],[-75.398131485,-8.168468726],[-75.391183735,-8.162529227],[-75.388731609,-8.150524101],[-75.376146985,-8.138777101],[-75.368550485,-8.138894851],[-75.345537734,-8.129410351],[-75.33049086,-8.133758476],[-75.328484609,-8.138681101],[-75.323525985,-8.139309851],[-75.310605484,-8.136050602],[-75.297803859,-8.126319226],[-75.287892235,-8.125490727],[-75.273972609,-8.132346101],[-75.271497985,-8.136559476],[-75.26673711,-8.136005226],[-75.260485484,-8.147601977],[-75.251163859,-8.150185851],[-75.247284109,-8.154772476],[-75.235406235,-8.150501851],[-75.235682735,-8.140100726],[-75.212404985,-8.123931976],[-75.208963484,-8.111468476],[-75.212493485,-8.100482477],[-75.205092485,-8.098193851],[-75.20438286,-8.088873976],[-75.197191859,-8.086839726],[-75.189321485,-8.079044226],[-75.188201734,-8.072150226],[-75.195902859,-8.052686226],[-75.19051261,-8.049061476],[-75.186321235,-8.035683602],[-75.18569736,-8.018442601],[-75.174972609,-8.013383101],[-75.168240734,-8.005457976],[-75.149434735,-8.001818851],[-75.14410986,-7.979091726],[-75.12119836,-7.978899851],[-75.09221736,-7.973675726],[-75.070556609,-7.960466851],[-75.033349609,-7.950054726],[-75.01595886,-7.965213476],[-75.005531235,-7.970152351],[-74.982259734,-7.968986351],[-74.96314061,-7.994148477],[-74.953404734,-8.012707476],[-74.933566234,-8.031646601],[-74.92902436,-8.041213351],[-74.896438485,-8.081268226],[-74.887928109,-8.084199476],[-74.86588286,-8.076930601],[-74.840384735,-8.058351601],[-74.819305234,-8.057482476],[-74.779025984,-8.042376351],[-74.771256109,-8.036063226],[-74.760573484,-8.016409476],[-74.727944484,-7.981008976],[-74.711275359,-7.979002351],[-74.668440484,-7.945642101],[-74.627984234,-7.939828101],[-74.610144484,-7.913982476],[-74.604361859,-7.900800726],[-74.598174359,-7.864730476],[-74.569745109,-7.815980476],[-74.558205484,-7.809953351],[-74.540594984,-7.791495726],[-74.525548859,-7.787241101],[-74.522029109,-7.783141226],[-74.516689484,-7.783513476],[-74.515609609,-7.777825226],[-74.517890859,-7.763431351],[-74.524341484,-7.75713385],[-74.543198609,-7.755618976],[-74.551056109,-7.748273976],[-74.558935234,-7.747465226],[-74.582083984,-7.706013726],[-74.583455234,-7.685068601],[-74.580471234,-7.680284225],[-74.574306484,-7.678718225],[-74.570820484,-7.668488226],[-74.576227109,-7.637229851],[-74.591029484,-7.628576476],[-74.597502734,-7.617273976],[-74.608795109,-7.608782101],[-74.643144359,-7.562285101],[-74.644678109,-7.553889726],[-74.641158109,-7.534826101],[-74.645566109,-7.518289976],[-74.642902109,-7.500086476],[-74.630634109,-7.481580975],[-74.616073859,-7.4350376],[-74.607820109,-7.42812235],[-74.592874109,-7.423772351],[-74.579521359,-7.409929475],[-74.571334734,-7.388655351],[-74.566011359,-7.359707725],[-74.557775109,-7.350868975],[-74.556677734,-7.3415156],[-74.534690234,-7.318203601],[-74.535522859,-7.29376885],[-74.526917984,-7.287570726],[-74.522049484,-7.2771726],[-74.513431734,-7.276150475],[-74.500091234,-7.262049475],[-74.496429609,-7.266815351],[-74.471445609,-7.276174726]]]]},"properties":{"name":"Ucayali","mapcolor":25,"cartodb_id":25}}]}